sample_id,score,score_before,status
LA_D_1000752,17.14919662475586,17.14924430847168,ok
LA_D_1001095,18.224693298339844,18.22501564025879,ok
LA_D_1002626,17.84130096435547,17.85240364074707,ok
LA_D_1003797,11.144243240356445,11.144251823425293,ok
LA_D_1004406,12.521180152893066,12.521462440490723,ok
LA_D_1004774,15.151524543762207,15.154146194458008,ok
LA_D_1005471,16.66511344909668,16.67106819152832,ok
LA_D_1006586,12.370590209960938,12.370701789855957,ok
LA_D_1007975,16.305522918701172,16.306955337524414,ok
LA_D_1008673,16.509902954101562,16.50992774963379,ok
LA_D_1008834,4.25864839553833,4.258453369140625,ok
LA_D_1010205,18.177305221557617,18.178455352783203,ok
LA_D_1011897,8.420029640197754,8.420750617980957,ok
LA_D_1012999,15.102953910827637,15.103781700134277,ok
LA_D_1013553,17.786725997924805,17.787458419799805,ok
LA_D_1013596,14.316560745239258,14.321237564086914,ok
LA_D_1013783,13.243905067443848,13.248013496398926,ok
LA_D_1013810,9.31650447845459,9.316515922546387,ok
LA_D_1016296,12.420615196228027,12.42104721069336,ok
LA_D_1016922,17.217695236206055,17.2188663482666,ok
LA_D_1018598,10.346115112304688,10.34887981414795,ok
LA_D_1020087,11.748682975769043,11.758955955505371,ok
LA_D_1021287,17.782604217529297,17.79640769958496,ok
LA_D_1024033,14.053420066833496,14.053730964660645,ok
LA_D_1024326,13.667060852050781,13.669021606445312,ok
LA_D_1024541,10.003703117370605,10.004532814025879,ok
LA_D_1025356,8.46875286102295,8.468756675720215,ok
LA_D_1025927,12.107999801635742,12.112359046936035,ok
LA_D_1026545,11.337091445922852,11.337446212768555,ok
LA_D_1026868,-15.246444702148438,-15.256339073181152,ok
LA_D_1027036,13.933759689331055,13.934157371520996,ok
LA_D_1027039,7.803417682647705,7.8049540519714355,ok
LA_D_1028482,11.19148063659668,11.192694664001465,ok
LA_D_1029401,15.568591117858887,15.571846961975098,ok
LA_D_1029623,12.037324905395508,12.038634300231934,ok
LA_D_1029785,18.993547439575195,18.998584747314453,ok
LA_D_1030270,17.879743576049805,17.883766174316406,ok
LA_D_1030640,17.024038314819336,17.03963851928711,ok
LA_D_1031151,17.61610984802246,17.61789894104004,ok
LA_D_1031999,18.57874298095703,18.579992294311523,ok
LA_D_1032197,14.288692474365234,14.289200782775879,ok
LA_D_1032757,11.792107582092285,11.792060852050781,ok
LA_D_1033225,13.015084266662598,13.015423774719238,ok
LA_D_1034329,12.13165283203125,12.132346153259277,ok
LA_D_1035474,16.805339813232422,16.814390182495117,ok
LA_D_1035695,15.894726753234863,15.89665699005127,ok
LA_D_1035911,13.630611419677734,13.633045196533203,ok
LA_D_1036594,8.66114330291748,8.660126686096191,ok
LA_D_1036986,10.35141658782959,10.35146427154541,ok
LA_D_1038888,13.181339263916016,13.18172550201416,ok
LA_D_1039057,16.351667404174805,16.352922439575195,ok
LA_D_1039305,14.15030288696289,14.15041732788086,ok
LA_D_1039528,13.026905059814453,13.036442756652832,ok
LA_D_1041845,17.130634307861328,17.13187599182129,ok
LA_D_1042553,17.705810546875,17.71312141418457,ok
LA_D_1043824,13.279407501220703,13.282238960266113,ok
LA_D_1044414,4.176182746887207,4.176223278045654,ok
LA_D_1044924,10.84439468383789,10.8444242477417,ok
LA_D_1046296,16.108675003051758,16.108720779418945,ok
LA_D_1048234,18.995656967163086,18.999584197998047,ok
LA_D_1049366,12.759888648986816,12.76229476928711,ok
LA_D_1050286,13.917611122131348,13.917381286621094,ok
LA_D_1050709,14.982155799865723,14.982995986938477,ok
LA_D_1051032,14.980474472045898,14.98344898223877,ok
LA_D_1053530,15.066638946533203,15.068269729614258,ok
LA_D_1054205,13.4892578125,13.490626335144043,ok
LA_D_1054239,13.33626937866211,13.340431213378906,ok
LA_D_1054756,9.752861022949219,9.752970695495605,ok
LA_D_1055238,10.834616661071777,10.834656715393066,ok
LA_D_1055758,14.95997142791748,14.961773872375488,ok
LA_D_1056838,14.505125999450684,14.50565242767334,ok
LA_D_1056844,14.521026611328125,14.524682998657227,ok
LA_D_1057680,15.083247184753418,15.08508014678955,ok
LA_D_1058167,15.774864196777344,15.782773971557617,ok
LA_D_1058697,11.397886276245117,11.401300430297852,ok
LA_D_1058790,10.465081214904785,10.465080261230469,ok
LA_D_1059373,15.60229778289795,15.603156089782715,ok
LA_D_1060354,16.712785720825195,16.716779708862305,ok
LA_D_1060968,-14.16041088104248,-14.16535472869873,ok
LA_D_1060987,15.07685375213623,15.084105491638184,ok
LA_D_1061499,6.235752105712891,6.235745429992676,ok
LA_D_1063236,14.5145845413208,14.52198314666748,ok
LA_D_1063280,13.826440811157227,13.835619926452637,ok
LA_D_1063719,12.105420112609863,12.105759620666504,ok
LA_D_1064949,13.951753616333008,13.954194068908691,ok
LA_D_1065306,13.286543846130371,13.287110328674316,ok
LA_D_1066396,11.881455421447754,11.885754585266113,ok
LA_D_1068250,12.995048522949219,12.998154640197754,ok
LA_D_1069983,12.087700843811035,12.08871841430664,ok
LA_D_1070584,13.884783744812012,13.88492488861084,ok
LA_D_1070779,12.724888801574707,12.727230072021484,ok
LA_D_1071291,14.40243911743164,14.410667419433594,ok
LA_D_1071356,11.075530052185059,11.075606346130371,ok
LA_D_1073474,11.870362281799316,11.870305061340332,ok
LA_D_1074040,13.482775688171387,13.483194351196289,ok
LA_D_1074364,16.24656105041504,16.248517990112305,ok
LA_D_1074980,13.23332691192627,13.237847328186035,ok
LA_D_1075128,16.033653259277344,16.039813995361328,ok
LA_D_1075190,12.70783519744873,12.708048820495605,ok
LA_D_1075455,12.119145393371582,12.125203132629395,ok
LA_D_1076068,14.92248821258545,14.927684783935547,ok
LA_D_1078241,15.688613891601562,15.690084457397461,ok
LA_D_1078299,13.324896812438965,13.325045585632324,ok
LA_D_1079091,12.331075668334961,12.331494331359863,ok
LA_D_1080524,20.95451545715332,20.959081649780273,ok
LA_D_1081164,17.2928466796875,17.29380989074707,ok
LA_D_1082871,16.153526306152344,16.15375518798828,ok
LA_D_1083406,17.78142547607422,17.78764533996582,ok
LA_D_1084356,-14.011452674865723,-14.01225471496582,ok
LA_D_1084765,10.929316520690918,10.929410934448242,ok
LA_D_1084804,9.323938369750977,9.324458122253418,ok
LA_D_1084880,11.955326080322266,11.955658912658691,ok
LA_D_1085566,11.151984214782715,11.151970863342285,ok
LA_D_1085765,12.39130687713623,12.3914155960083,ok
LA_D_1086391,-14.033172607421875,-14.03549575805664,ok
LA_D_1088314,12.523650169372559,12.52438735961914,ok
LA_D_1088370,14.083762168884277,14.086424827575684,ok
LA_D_1088929,14.242342948913574,14.24323558807373,ok
LA_D_1088963,15.479793548583984,15.49117374420166,ok
LA_D_1089922,16.7370548248291,16.742616653442383,ok
LA_D_1091308,14.691194534301758,14.696308135986328,ok
LA_D_1091601,9.093026161193848,9.0931978225708,ok
LA_D_1091851,17.51959991455078,17.528459548950195,ok
LA_D_1092890,14.792855262756348,14.794026374816895,ok
LA_D_1093350,16.425506591796875,16.43214225769043,ok
LA_D_1094179,13.52210807800293,13.522791862487793,ok
LA_D_1094379,14.522225379943848,14.52854061126709,ok
LA_D_1094871,17.319316864013672,17.319364547729492,ok
LA_D_1096227,11.64830207824707,11.649523735046387,ok
LA_D_1097191,14.594182968139648,14.594466209411621,ok
LA_D_1098936,16.541183471679688,16.542070388793945,ok
LA_D_1099173,13.623929023742676,13.627413749694824,ok
LA_D_1099405,15.997330665588379,15.997599601745605,ok
LA_D_1099638,8.380809783935547,8.381489753723145,ok
LA_D_1099657,13.39377498626709,13.395895957946777,ok
LA_D_1101351,-12.824971199035645,-12.825535774230957,ok
LA_D_1105378,10.946889877319336,10.950160026550293,ok
LA_D_1105489,-11.311258316040039,-11.312247276306152,ok
LA_D_1106906,9.131178855895996,9.13175106048584,ok
LA_D_1107234,11.366264343261719,11.366349220275879,ok
LA_D_1108281,18.08792495727539,18.09206199645996,ok
LA_D_1108377,14.979947090148926,14.98226261138916,ok
LA_D_1108768,12.66008186340332,12.661706924438477,ok
LA_D_1110227,15.683998107910156,15.687532424926758,ok
LA_D_1110769,9.00927448272705,9.009297370910645,ok
LA_D_1111073,14.395800590515137,14.39814281463623,ok
LA_D_1111626,11.579635620117188,11.585420608520508,ok
LA_D_1114039,15.943366050720215,15.967728614807129,ok
LA_D_1114144,8.678147315979004,8.678070068359375,ok
LA_D_1117567,19.609426498413086,19.611635208129883,ok
LA_D_1118794,11.626166343688965,11.62904167175293,ok
LA_D_1121887,-13.735727310180664,-13.736403465270996,ok
LA_D_1123453,18.615375518798828,18.615407943725586,ok
LA_D_1123562,14.050246238708496,14.051555633544922,ok
LA_D_1123614,-6.589251518249512,-6.593749523162842,ok
LA_D_1124968,12.549722671508789,12.549870491027832,ok
LA_D_1126775,13.701188087463379,13.701752662658691,ok
LA_D_1126907,-13.93487548828125,-13.937859535217285,ok
LA_D_1127112,12.494673728942871,12.495985984802246,ok
LA_D_1128845,14.780787467956543,14.781828880310059,ok
LA_D_1129909,-14.186405181884766,-14.186861991882324,ok
LA_D_1130470,-13.87606143951416,-13.876276969909668,ok
LA_D_1131563,13.630839347839355,13.63278579711914,ok
LA_D_1132076,15.797797203063965,15.797879219055176,ok
LA_D_1133069,-11.520169258117676,-11.521954536437988,ok
LA_D_1133168,-13.296124458312988,-13.296636581420898,ok
LA_D_1134137,16.906238555908203,16.909719467163086,ok
LA_D_1135743,17.50892448425293,17.509140014648438,ok
LA_D_1135973,13.879950523376465,13.884732246398926,ok
LA_D_1136030,11.780381202697754,11.780381202697754,ok
LA_D_1136051,14.372925758361816,14.374823570251465,ok
LA_D_1137303,17.894956588745117,17.895349502563477,ok
LA_D_1138529,10.290024757385254,10.290814399719238,ok
LA_D_1138581,14.585278511047363,14.58483600616455,ok
LA_D_1139572,15.838151931762695,15.838226318359375,ok
LA_D_1139754,15.748913764953613,15.750910758972168,ok
LA_D_1140227,14.604392051696777,14.604907035827637,ok
LA_D_1140789,10.711874961853027,10.712106704711914,ok
LA_D_1141118,15.315110206604004,15.315211296081543,ok
LA_D_1141551,13.05546760559082,13.055951118469238,ok
LA_D_1141794,11.532917976379395,11.536935806274414,ok
LA_D_1142092,5.450040817260742,5.450655460357666,ok
LA_D_1144247,13.242562294006348,13.244674682617188,ok
LA_D_1144692,13.956937789916992,13.957444190979004,ok
LA_D_1145856,18.674198150634766,18.674646377563477,ok
LA_D_1146557,14.779813766479492,14.78136157989502,ok
LA_D_1146602,18.569229125976562,18.57352066040039,ok
LA_D_1147582,17.463794708251953,17.468843460083008,ok
LA_D_1149633,11.504197120666504,11.504799842834473,ok
LA_D_1150140,8.741238594055176,8.74134635925293,ok
LA_D_1150161,14.45258617401123,14.457096099853516,ok
LA_D_1151622,11.167808532714844,11.168810844421387,ok
LA_D_1152601,14.242152214050293,14.243515968322754,ok
LA_D_1152692,-14.894194602966309,-14.898885726928711,ok
LA_D_1153840,14.21743106842041,14.219887733459473,ok
LA_D_1156906,-12.773506164550781,-12.773587226867676,ok
LA_D_1157084,23.054107666015625,23.054235458374023,ok
LA_D_1158203,9.973388671875,9.974199295043945,ok
LA_D_1158260,16.471553802490234,16.48607063293457,ok
LA_D_1158428,10.178096771240234,10.178048133850098,ok
LA_D_1158489,12.143485069274902,12.143858909606934,ok
LA_D_1158837,-14.11052131652832,-14.111876487731934,ok
LA_D_1159197,10.460482597351074,10.464705467224121,ok
LA_D_1161040,16.078887939453125,16.079538345336914,ok
LA_D_1161800,-10.053242683410645,-10.054994583129883,ok
LA_D_1162280,13.946965217590332,13.952227592468262,ok
LA_D_1163392,11.256829261779785,11.259211540222168,ok
LA_D_1165345,14.985706329345703,14.994166374206543,ok
LA_D_1165413,16.32534408569336,16.33516502380371,ok
LA_D_1167294,12.001317024230957,12.002232551574707,ok
LA_D_1167437,10.02014446258545,10.023064613342285,ok
LA_D_1168046,14.987845420837402,14.99622631072998,ok
LA_D_1168201,16.538787841796875,16.541025161743164,ok
LA_D_1168433,13.908414840698242,13.9131441116333,ok
LA_D_1169125,19.101511001586914,19.102102279663086,ok
LA_D_1169636,14.178653717041016,14.182852745056152,ok
LA_D_1170726,16.194168090820312,16.19587516784668,ok
LA_D_1171425,14.83106803894043,14.832764625549316,ok
LA_D_1171849,11.352519989013672,11.352641105651855,ok
LA_D_1171974,11.594170570373535,11.594325065612793,ok
LA_D_1173044,12.189278602600098,12.189376831054688,ok
LA_D_1173972,14.806228637695312,14.808586120605469,ok
LA_D_1176249,17.163433074951172,17.169584274291992,ok
LA_D_1176474,12.758376121520996,12.758687973022461,ok
LA_D_1177616,12.865767478942871,12.869634628295898,ok
LA_D_1179000,18.717164993286133,18.717172622680664,ok
LA_D_1179445,11.79462718963623,11.795417785644531,ok
LA_D_1179745,8.102581024169922,8.102690696716309,ok
LA_D_1179848,-14.636478424072266,-14.638764381408691,ok
LA_D_1179946,14.374853134155273,14.376090049743652,ok
LA_D_1181336,11.306090354919434,11.310140609741211,ok
LA_D_1181772,16.21091079711914,16.21237564086914,ok
LA_D_1183162,16.838716506958008,16.841279983520508,ok
LA_D_1185426,14.455050468444824,14.484633445739746,ok
LA_D_1185773,12.012834548950195,12.016249656677246,ok
LA_D_1187262,12.501255989074707,12.504538536071777,ok
LA_D_1190139,16.67479133605957,16.676239013671875,ok
LA_D_1190183,10.398956298828125,10.400586128234863,ok
LA_D_1191562,9.078903198242188,9.08622932434082,ok
LA_D_1192749,17.642608642578125,17.643877029418945,ok
LA_D_1193402,15.640096664428711,15.64195442199707,ok
LA_D_1195197,13.65701961517334,13.66133975982666,ok
LA_D_1195873,11.57261848449707,11.573269844055176,ok
LA_D_1197810,11.025911331176758,11.030482292175293,ok
LA_D_1198374,11.065423965454102,11.06546688079834,ok
LA_D_1199369,14.925134658813477,14.925349235534668,ok
LA_D_1200542,6.02488899230957,6.025057792663574,ok
LA_D_1202021,15.547938346862793,15.549981117248535,ok
LA_D_1203854,13.759620666503906,13.76014232635498,ok
LA_D_1206907,22.43401527404785,22.443490982055664,ok
LA_D_1208604,14.461191177368164,14.46145248413086,ok
LA_D_1208937,18.23343849182129,18.251554489135742,ok
LA_D_1208939,15.351033210754395,15.351859092712402,ok
LA_D_1210958,12.165587425231934,12.168147087097168,ok
LA_D_1211631,14.651864051818848,14.653636932373047,ok
LA_D_1212385,13.982362747192383,13.982795715332031,ok
LA_D_1212670,14.79715347290039,14.798493385314941,ok
LA_D_1214950,-15.291869163513184,-15.29776668548584,ok
LA_D_1216436,16.566993713378906,16.568069458007812,ok
LA_D_1216735,13.569830894470215,13.57044506072998,ok
LA_D_1217069,9.606734275817871,9.608717918395996,ok
LA_D_1217312,10.076151847839355,10.078834533691406,ok
LA_D_1217579,9.7385835647583,9.73857593536377,ok
LA_D_1218270,12.568628311157227,12.568849563598633,ok
LA_D_1218618,22.988567352294922,22.991613388061523,ok
LA_D_1218955,10.878397941589355,10.879857063293457,ok
LA_D_1219091,12.476061820983887,12.477477073669434,ok
LA_D_1219751,12.249975204467773,12.251370429992676,ok
LA_D_1221102,10.793455123901367,10.793566703796387,ok
LA_D_1225629,15.679717063903809,15.68437385559082,ok
LA_D_1226093,17.466957092285156,17.468591690063477,ok
LA_D_1226919,17.332971572875977,17.350053787231445,ok
LA_D_1229238,16.830751419067383,16.833833694458008,ok
LA_D_1230447,13.50776481628418,13.510029792785645,ok
LA_D_1230972,13.6904296875,13.690277099609375,ok
LA_D_1232140,14.664029121398926,14.670195579528809,ok
LA_D_1232279,12.80734920501709,12.810452461242676,ok
LA_D_1232613,-13.646474838256836,-13.648110389709473,ok
LA_D_1233766,15.341552734375,15.351170539855957,ok
LA_D_1234829,-13.452888488769531,-13.458596229553223,ok
LA_D_1235041,18.83091163635254,18.830913543701172,ok
LA_D_1235148,15.23086929321289,15.233705520629883,ok
LA_D_1235211,15.87531852722168,15.87756633758545,ok
LA_D_1235306,12.693331718444824,12.69348430633545,ok
LA_D_1236459,20.939773559570312,20.946012496948242,ok
LA_D_1237480,12.81912899017334,12.821133613586426,ok
LA_D_1238201,17.293869018554688,17.297954559326172,ok
LA_D_1238696,-15.692755699157715,-15.697839736938477,ok
LA_D_1239007,14.631131172180176,14.632292747497559,ok
LA_D_1239715,-13.709063529968262,-13.709720611572266,ok
LA_D_1240959,13.25018310546875,13.25034236907959,ok
LA_D_1240976,-15.125789642333984,-15.127213478088379,ok
LA_D_1242157,15.619312286376953,15.6221342086792,ok
LA_D_1243162,13.008004188537598,13.008744239807129,ok
LA_D_1243570,16.832399368286133,16.833097457885742,ok
LA_D_1244678,11.886366844177246,11.886465072631836,ok
LA_D_1244860,14.281943321228027,14.281871795654297,ok
LA_D_1245164,9.89846420288086,9.899423599243164,ok
LA_D_1245233,16.533313751220703,16.53520393371582,ok
LA_D_1245336,17.03820037841797,17.039159774780273,ok
LA_D_1246046,15.796921730041504,15.797552108764648,ok
LA_D_1246251,13.387205123901367,13.388627052307129,ok
LA_D_1246607,-14.10654354095459,-14.107481002807617,ok
LA_D_1247325,12.497913360595703,12.498045921325684,ok
LA_D_1248209,11.803651809692383,11.804444313049316,ok
LA_D_1248476,15.28927230834961,15.29113483428955,ok
LA_D_1248515,12.177122116088867,12.177388191223145,ok
LA_D_1248870,13.756098747253418,13.756576538085938,ok
LA_D_1249012,9.923857688903809,9.92419719696045,ok
LA_D_1249064,1.0731054544448853,1.0691514015197754,ok
LA_D_1249114,18.208324432373047,18.21051597595215,ok
LA_D_1249536,11.196798324584961,11.19777774810791,ok
LA_D_1250618,12.879547119140625,12.88046932220459,ok
LA_D_1251682,13.918334007263184,13.922704696655273,ok
LA_D_1251939,13.78208065032959,13.782275199890137,ok
LA_D_1252524,16.693029403686523,16.699935913085938,ok
LA_D_1252608,14.32027530670166,14.321431159973145,ok
LA_D_1252766,18.993934631347656,18.997976303100586,ok
LA_D_1252794,11.279279708862305,11.279370307922363,ok
LA_D_1253043,14.25908088684082,14.263533592224121,ok
LA_D_1253703,10.44037914276123,10.4465970993042,ok
LA_D_1254455,10.484481811523438,10.484551429748535,ok
LA_D_1256001,10.735367774963379,10.736720085144043,ok
LA_D_1258579,14.949197769165039,14.952220916748047,ok
LA_D_1261551,18.84406852722168,18.85187339782715,ok
LA_D_1261801,9.20323657989502,9.203120231628418,ok
LA_D_1262462,14.292645454406738,14.293127059936523,ok
LA_D_1264445,9.281579971313477,9.288654327392578,ok
LA_D_1264718,16.588268280029297,16.591352462768555,ok
LA_D_1264748,12.188840866088867,12.19133472442627,ok
LA_D_1265133,12.293525695800781,12.295527458190918,ok
LA_D_1266897,10.25446605682373,10.25446891784668,ok
LA_D_1267039,11.76684284210205,11.768583297729492,ok
LA_D_1268493,18.154821395874023,18.160268783569336,ok
LA_D_1270677,16.016237258911133,16.019453048706055,ok
LA_D_1271468,13.219132423400879,13.219267845153809,ok
LA_D_1272181,10.786924362182617,10.788128852844238,ok
LA_D_1274077,13.858433723449707,13.860333442687988,ok
LA_D_1274207,12.455619812011719,12.456178665161133,ok
LA_D_1274554,12.361422538757324,12.361956596374512,ok
LA_D_1274657,14.70115852355957,14.701225280761719,ok
LA_D_1275044,-13.499021530151367,-13.503193855285645,ok
LA_D_1277538,12.108652114868164,12.109219551086426,ok
LA_D_1279220,16.410903930664062,16.417312622070312,ok
LA_D_1279578,18.109844207763672,18.112045288085938,ok
LA_D_1279699,11.38599681854248,11.386270523071289,ok
LA_D_1280356,12.32734203338623,12.327862739562988,ok
LA_D_1281123,13.344930648803711,13.346142768859863,ok
LA_D_1281285,17.617963790893555,17.617969512939453,ok
LA_D_1281551,11.194072723388672,11.200695991516113,ok
LA_D_1281736,10.951924324035645,10.952561378479004,ok
LA_D_1281950,-14.119215965270996,-14.12190055847168,ok
LA_D_1285017,14.290779113769531,14.290818214416504,ok
LA_D_1286132,10.901358604431152,10.901510238647461,ok
LA_D_1286897,15.564311027526855,15.56589126586914,ok
LA_D_1287394,9.476203918457031,9.476317405700684,ok
LA_D_1287631,11.61344051361084,11.613320350646973,ok
LA_D_1287658,14.342270851135254,14.342781066894531,ok
LA_D_1288217,-10.643925666809082,-10.644434928894043,ok
LA_D_1290079,13.118731498718262,13.118531227111816,ok
LA_D_1290431,18.46135902404785,18.465848922729492,ok
LA_D_1291101,14.391938209533691,14.398448944091797,ok
LA_D_1292315,14.229090690612793,14.230169296264648,ok
LA_D_1292781,13.894227027893066,13.894372940063477,ok
LA_D_1292895,12.827659606933594,12.8272066116333,ok
LA_D_1293149,7.973889350891113,7.976617336273193,ok
LA_D_1294054,18.345863342285156,18.346893310546875,ok
LA_D_1296374,12.525799751281738,12.528558731079102,ok
LA_D_1296597,15.749486923217773,15.758211135864258,ok
LA_D_1297520,13.109703063964844,13.116175651550293,ok
LA_D_1297559,16.00189208984375,16.005998611450195,ok
LA_D_1298257,11.371720314025879,11.37431812286377,ok
LA_D_1299938,11.201210975646973,11.20181941986084,ok
LA_D_1300135,14.434049606323242,14.436724662780762,ok
LA_D_1300558,-14.191570281982422,-14.19630241394043,ok
LA_D_1301234,-9.021313667297363,-9.021610260009766,ok
LA_D_1301398,19.93218421936035,19.938220977783203,ok
LA_D_1301495,5.794894695281982,5.795135974884033,ok
LA_D_1302934,15.631162643432617,15.632448196411133,ok
LA_D_1303621,13.18269157409668,13.18515682220459,ok
LA_D_1304734,13.713781356811523,13.716784477233887,ok
LA_D_1306387,-13.011228561401367,-13.01137638092041,ok
LA_D_1306634,10.918004989624023,10.917967796325684,ok
LA_D_1307022,13.089908599853516,13.090718269348145,ok
LA_D_1307113,8.362552642822266,8.36267375946045,ok
LA_D_1307115,16.14860725402832,16.15495491027832,ok
LA_D_1307361,14.659424781799316,14.664338111877441,ok
LA_D_1307590,14.62975025177002,14.62975788116455,ok
LA_D_1307948,-5.400120735168457,-5.401275157928467,ok
LA_D_1310219,16.78331184387207,16.785308837890625,ok
LA_D_1310938,15.629416465759277,15.63037395477295,ok
LA_D_1312652,20.19390106201172,20.194318771362305,ok
LA_D_1313431,-12.150422096252441,-12.151350975036621,ok
LA_D_1314415,15.112277030944824,15.112296104431152,ok
LA_D_1314423,16.240066528320312,16.24098777770996,ok
LA_D_1316973,12.6652250289917,12.665083885192871,ok
LA_D_1317099,21.10300064086914,21.108585357666016,ok
LA_D_1317561,16.242229461669922,16.24246597290039,ok
LA_D_1318978,10.88293743133545,10.88379955291748,ok
LA_D_1321608,12.901381492614746,12.90311336517334,ok
LA_D_1322656,13.983803749084473,13.985396385192871,ok
LA_D_1323117,7.94711446762085,7.947128772735596,ok
LA_D_1323454,-14.235444068908691,-14.238961219787598,ok
LA_D_1324369,12.37202262878418,12.374345779418945,ok
LA_D_1325941,12.346700668334961,12.34664535522461,ok
LA_D_1326697,16.221311569213867,16.221426010131836,ok
LA_D_1326907,14.847630500793457,14.848966598510742,ok
LA_D_1328151,13.740935325622559,13.741704940795898,ok
LA_D_1329749,18.375545501708984,18.377859115600586,ok
LA_D_1330250,19.739656448364258,19.751218795776367,ok
LA_D_1330775,-13.999739646911621,-14.000469207763672,ok
LA_D_1332227,12.750657081604004,12.754546165466309,ok
LA_D_1334666,11.356685638427734,11.356945991516113,ok
LA_D_1335445,-13.542308807373047,-13.54247760772705,ok
LA_D_1335533,13.963629722595215,13.970685005187988,ok
LA_D_1336221,-14.839982032775879,-14.843413352966309,ok
LA_D_1336509,16.828886032104492,16.829164505004883,ok
LA_D_1337359,18.048864364624023,18.085126876831055,ok
LA_D_1339977,11.833017349243164,11.833020210266113,ok
LA_D_1340170,11.072772979736328,11.073057174682617,ok
LA_D_1341967,16.885622024536133,16.887990951538086,ok
LA_D_1343070,13.164429664611816,13.164884567260742,ok
LA_D_1343353,15.446515083312988,15.447257995605469,ok
LA_D_1343882,9.73720645904541,9.73772144317627,ok
LA_D_1345745,16.37517738342285,16.378459930419922,ok
LA_D_1345832,11.175599098205566,11.177535057067871,ok
LA_D_1348104,11.804574012756348,11.80477237701416,ok
LA_D_1348124,11.77116584777832,11.77370834350586,ok
LA_D_1348512,15.701653480529785,15.702872276306152,ok
LA_D_1350597,10.204471588134766,10.205347061157227,ok
LA_D_1351069,8.076759338378906,8.07751750946045,ok
LA_D_1351175,15.349969863891602,15.351316452026367,ok
LA_D_1351546,6.190132141113281,6.1908979415893555,ok
LA_D_1351703,14.551652908325195,14.553369522094727,ok
LA_D_1352656,17.954992294311523,17.980607986450195,ok
LA_D_1353894,-13.815792083740234,-13.816988945007324,ok
LA_D_1354096,13.457828521728516,13.459359169006348,ok
LA_D_1354354,15.000035285949707,15.00085163116455,ok
LA_D_1354501,14.05433464050293,14.05521297454834,ok
LA_D_1355058,-11.731973648071289,-11.733065605163574,ok
LA_D_1356036,14.44933795928955,14.44959545135498,ok
LA_D_1357016,14.137500762939453,14.13793659210205,ok
LA_D_1358422,18.37749481201172,18.390888214111328,ok
LA_D_1358556,11.789069175720215,11.793118476867676,ok
LA_D_1359166,16.551136016845703,16.55861473083496,ok
LA_D_1359304,11.777159690856934,11.781351089477539,ok
LA_D_1360070,12.702747344970703,12.711390495300293,ok
LA_D_1361369,12.323381423950195,12.323529243469238,ok
LA_D_1361417,-16.487552642822266,-16.488168716430664,ok
LA_D_1361600,14.43005084991455,14.430685043334961,ok
LA_D_1361818,17.319759368896484,17.321176528930664,ok
LA_D_1362199,17.869220733642578,17.869321823120117,ok
LA_D_1363243,-12.619019508361816,-12.622241020202637,ok
LA_D_1363364,7.488607406616211,7.4887261390686035,ok
LA_D_1364216,21.958459854125977,21.97406005859375,ok
LA_D_1364611,-12.488041877746582,-12.49117660522461,ok
LA_D_1365321,12.508294105529785,12.5083589553833,ok
LA_D_1365588,16.600772857666016,16.60400390625,ok
LA_D_1366391,19.46728515625,19.473081588745117,ok
LA_D_1368280,-16.000585556030273,-16.002079010009766,ok
LA_D_1368657,13.056601524353027,13.05802059173584,ok
LA_D_1368692,16.25567626953125,16.25758171081543,ok
LA_D_1369463,16.149478912353516,16.152372360229492,ok
LA_D_1369901,11.169182777404785,11.16917610168457,ok
LA_D_1371588,15.006205558776855,15.009970664978027,ok
LA_D_1371818,13.173540115356445,13.174927711486816,ok
LA_D_1373736,11.791065216064453,11.79108715057373,ok
LA_D_1374363,-13.77701187133789,-13.780028343200684,ok
LA_D_1375085,9.546284675598145,9.546635627746582,ok
LA_D_1375735,14.557493209838867,14.55770206451416,ok
LA_D_1376887,12.799542427062988,12.799524307250977,ok
LA_D_1377906,18.198915481567383,18.208078384399414,ok
LA_D_1378109,11.095593452453613,11.095622062683105,ok
LA_D_1378776,10.848380088806152,10.8485746383667,ok
LA_D_1379062,11.106895446777344,11.10811996459961,ok
LA_D_1380231,-13.724235534667969,-13.724846839904785,ok
LA_D_1382194,14.845413208007812,14.848222732543945,ok
LA_D_1382825,19.9857234954834,19.994733810424805,ok
LA_D_1382969,18.42965316772461,18.436031341552734,ok
LA_D_1384414,14.132616996765137,14.132670402526855,ok
LA_D_1385838,14.626073837280273,14.628966331481934,ok
LA_D_1385978,12.11651611328125,12.116862297058105,ok
LA_D_1386774,14.805984497070312,14.80617904663086,ok
LA_D_1388138,12.884334564208984,12.88491153717041,ok
LA_D_1389698,-12.745837211608887,-12.747183799743652,ok
LA_D_1390523,13.440055847167969,13.441195487976074,ok
LA_D_1391132,5.237282752990723,5.2379326820373535,ok
LA_D_1391969,14.844789505004883,14.847281455993652,ok
LA_D_1391982,-10.745445251464844,-10.75162410736084,ok
LA_D_1393294,5.413147926330566,5.413211345672607,ok
LA_D_1393609,12.872222900390625,12.87231159210205,ok
LA_D_1393870,15.106611251831055,15.111298561096191,ok
LA_D_1394044,15.936234474182129,15.955710411071777,ok
LA_D_1394305,9.653474807739258,9.65450668334961,ok
LA_D_1394492,15.714788436889648,15.715084075927734,ok
LA_D_1396590,15.095318794250488,15.096120834350586,ok
LA_D_1396790,12.411824226379395,12.413064956665039,ok
LA_D_1397703,16.94826316833496,16.949499130249023,ok
LA_D_1398743,7.559568881988525,7.558709621429443,ok
LA_D_1401409,16.68613052368164,16.6872501373291,ok
LA_D_1401933,17.49477767944336,17.497621536254883,ok
LA_D_1402046,21.179271697998047,21.18230628967285,ok
LA_D_1402940,15.949382781982422,15.949517250061035,ok
LA_D_1403762,-10.12529182434082,-10.129847526550293,ok
LA_D_1404026,13.62401294708252,13.62759780883789,ok
LA_D_1405812,12.467084884643555,12.469378471374512,ok
LA_D_1406745,12.287117958068848,12.287964820861816,ok
LA_D_1406948,15.922053337097168,15.926888465881348,ok
LA_D_1408290,19.2542781829834,19.254762649536133,ok
LA_D_1409799,8.621886253356934,8.623077392578125,ok
LA_D_1409881,15.68839168548584,15.690306663513184,ok
LA_D_1410704,-9.283197402954102,-9.283242225646973,ok
LA_D_1412270,16.071638107299805,16.08049964904785,ok
LA_D_1412369,8.307029724121094,8.307038307189941,ok
LA_D_1412552,-13.294249534606934,-13.295666694641113,ok
LA_D_1412931,13.676703453063965,13.678168296813965,ok
LA_D_1413701,11.505620002746582,11.506094932556152,ok
LA_D_1414224,17.473966598510742,17.474946975708008,ok
LA_D_1414287,12.148598670959473,12.150486946105957,ok
LA_D_1414826,12.367653846740723,12.368451118469238,ok
LA_D_1414919,17.022111892700195,17.02329444885254,ok
LA_D_1415528,10.832510948181152,10.832503318786621,ok
LA_D_1415728,11.243762969970703,11.243738174438477,ok
LA_D_1416022,17.09791374206543,17.099645614624023,ok
LA_D_1416122,15.547089576721191,15.557575225830078,ok
LA_D_1416969,10.958507537841797,10.959508895874023,ok
LA_D_1417565,13.854145050048828,13.856648445129395,ok
LA_D_1418549,17.72153663635254,17.725194931030273,ok
LA_D_1418965,13.857279777526855,13.858887672424316,ok
LA_D_1419364,9.471223831176758,9.471911430358887,ok
LA_D_1419526,12.510643005371094,12.511687278747559,ok
LA_D_1420574,18.854928970336914,18.85959815979004,ok
LA_D_1422129,6.756194591522217,6.756099224090576,ok
LA_D_1423006,-6.988849639892578,-6.9896135330200195,ok
LA_D_1424372,12.823771476745605,12.827543258666992,ok
LA_D_1424811,15.964821815490723,15.96500301361084,ok
LA_D_1425046,15.307072639465332,15.307608604431152,ok
LA_D_1426011,13.34554386138916,13.350305557250977,ok
LA_D_1427018,13.26269817352295,13.263564109802246,ok
LA_D_1427618,14.529989242553711,14.532868385314941,ok
LA_D_1427710,-14.890677452087402,-14.890751838684082,ok
LA_D_1428381,13.18020248413086,13.180472373962402,ok
LA_D_1429979,12.804311752319336,12.80681037902832,ok
LA_D_1432668,15.744483947753906,15.746682167053223,ok
LA_D_1433046,18.354480743408203,18.367525100708008,ok
LA_D_1433061,11.271166801452637,11.274287223815918,ok
LA_D_1433129,17.91195297241211,17.911840438842773,ok
LA_D_1433873,12.475470542907715,12.47673225402832,ok
LA_D_1434547,21.03759765625,21.048343658447266,ok
LA_D_1434551,16.775667190551758,16.7797908782959,ok
LA_D_1434780,15.686994552612305,15.696764945983887,ok
LA_D_1434936,11.46437931060791,11.466374397277832,ok
LA_D_1435647,13.71122932434082,13.71126651763916,ok
LA_D_1436004,13.694167137145996,13.694214820861816,ok
LA_D_1438615,-13.23863697052002,-13.243966102600098,ok
LA_D_1438742,12.694168090820312,12.694849967956543,ok
LA_D_1440229,12.380558967590332,12.382725715637207,ok
LA_D_1440908,17.468833923339844,17.469717025756836,ok
LA_D_1441701,18.419696807861328,18.419702529907227,ok
LA_D_1442792,15.473305702209473,15.475811958312988,ok
LA_D_1443809,13.296680450439453,13.299323081970215,ok
LA_D_1444623,17.274810791015625,17.280498504638672,ok
LA_D_1445468,-10.02122688293457,-10.022178649902344,ok
LA_D_1447056,15.028457641601562,15.029773712158203,ok
LA_D_1447238,3.7514524459838867,3.7515556812286377,ok
LA_D_1447250,19.2865047454834,19.300508499145508,ok
LA_D_1447776,21.00777816772461,21.011701583862305,ok
LA_D_1448869,14.163015365600586,14.163283348083496,ok
LA_D_1449303,9.604805946350098,9.60462474822998,ok
LA_D_1451466,7.110453128814697,7.111172199249268,ok
LA_D_1452937,17.234914779663086,17.235445022583008,ok
LA_D_1453864,17.506853103637695,17.511802673339844,ok
LA_D_1454955,13.98116397857666,13.981698036193848,ok
LA_D_1454984,14.944937705993652,14.947258949279785,ok
LA_D_1459201,16.400768280029297,16.402246475219727,ok
LA_D_1459300,10.912487983703613,10.91303825378418,ok
LA_D_1459930,-11.127197265625,-11.139734268188477,ok
LA_D_1461015,15.38870906829834,15.389616966247559,ok
LA_D_1461462,14.422606468200684,14.424025535583496,ok
LA_D_1461530,8.750099182128906,8.751507759094238,ok
LA_D_1461752,12.57446575164795,12.574615478515625,ok
LA_D_1462484,-13.028613090515137,-13.03128433227539,ok
LA_D_1462556,16.92413902282715,16.94130516052246,ok
LA_D_1463624,16.347196578979492,16.348779678344727,ok
LA_D_1463958,9.713223457336426,9.713227272033691,ok
LA_D_1463984,12.340907096862793,12.341099739074707,ok
LA_D_1464997,15.992171287536621,15.994162559509277,ok
LA_D_1467819,14.725618362426758,14.728650093078613,ok
LA_D_1468044,11.682930946350098,11.683274269104004,ok
LA_D_1468408,17.160184860229492,17.164112091064453,ok
LA_D_1469404,-8.961527824401855,-8.962323188781738,ok
LA_D_1469415,12.477025032043457,12.477007865905762,ok
LA_D_1471187,11.93235969543457,11.933112144470215,ok
LA_D_1471595,15.2960205078125,15.29760456085205,ok
LA_D_1472284,12.612563133239746,12.612792015075684,ok
LA_D_1472719,16.72996711730957,16.731718063354492,ok
LA_D_1473255,-6.280912399291992,-6.281048774719238,ok
LA_D_1473361,9.551458358764648,9.551337242126465,ok
LA_D_1475296,13.909158706665039,13.90971851348877,ok
LA_D_1476062,9.510058403015137,9.511237144470215,ok
LA_D_1476819,12.941509246826172,12.945497512817383,ok
LA_D_1477090,12.230557441711426,12.23752498626709,ok
LA_D_1477768,15.168876647949219,15.169862747192383,ok
LA_D_1478351,16.116596221923828,16.11823844909668,ok
LA_D_1479514,16.05731201171875,16.05850601196289,ok
LA_D_1479561,8.835368156433105,8.835912704467773,ok
LA_D_1479871,13.698789596557617,13.699332237243652,ok
LA_D_1480186,-0.859303891658783,-0.8603401780128479,ok
LA_D_1481057,-12.78371524810791,-12.785107612609863,ok
LA_D_1481205,10.939603805541992,10.939875602722168,ok
LA_D_1481335,-12.038825035095215,-12.040898323059082,ok
LA_D_1481725,15.081933975219727,15.096827507019043,ok
LA_D_1482068,9.156978607177734,9.159241676330566,ok
LA_D_1482998,-14.955236434936523,-14.957488059997559,ok
LA_D_1483054,15.512486457824707,15.514492988586426,ok
LA_D_1483493,-12.822066307067871,-12.82358455657959,ok
LA_D_1483498,12.81710147857666,12.820959091186523,ok
LA_D_1483761,8.955233573913574,8.957884788513184,ok
LA_D_1484616,14.492863655090332,14.493428230285645,ok
LA_D_1484758,15.269872665405273,15.275327682495117,ok
LA_D_1485960,12.719330787658691,12.720844268798828,ok
LA_D_1485983,14.460247039794922,14.464627265930176,ok
LA_D_1487457,12.10180377960205,12.10239028930664,ok
LA_D_1488314,17.94477653503418,17.945032119750977,ok
LA_D_1488449,-14.439075469970703,-14.446829795837402,ok
LA_D_1488756,16.806880950927734,16.809396743774414,ok
LA_D_1494418,-13.664312362670898,-13.667496681213379,ok
LA_D_1495117,13.443124771118164,13.443169593811035,ok
LA_D_1495339,16.766155242919922,16.76946449279785,ok
LA_D_1496491,18.006990432739258,18.008577346801758,ok
LA_D_1496754,15.934907913208008,15.943490028381348,ok
LA_D_1497236,10.432461738586426,10.433791160583496,ok
LA_D_1498058,14.705609321594238,14.70740032196045,ok
LA_D_1499350,15.227659225463867,15.227385520935059,ok
LA_D_1500385,-13.973398208618164,-13.973736763000488,ok
LA_D_1500993,-14.704254150390625,-14.70718002319336,ok
LA_D_1502443,12.902440071105957,12.90315055847168,ok
LA_D_1502852,15.670025825500488,15.670032501220703,ok
LA_D_1503604,-14.438029289245605,-14.438421249389648,ok
LA_D_1504502,16.834640502929688,16.838600158691406,ok
LA_D_1506183,14.500442504882812,14.501181602478027,ok
LA_D_1506235,10.208087921142578,10.208565711975098,ok
LA_D_1506631,13.857938766479492,13.85839557647705,ok
LA_D_1507549,14.620035171508789,14.620513916015625,ok
LA_D_1509117,13.934094429016113,13.93563461303711,ok
LA_D_1509923,16.357437133789062,16.3586368560791,ok
LA_D_1509962,14.943252563476562,14.94621467590332,ok
LA_D_1510431,12.214922904968262,12.223288536071777,ok
LA_D_1511574,18.836027145385742,18.837488174438477,ok
LA_D_1512564,10.128530502319336,10.128907203674316,ok
LA_D_1512979,15.399931907653809,15.403023719787598,ok
LA_D_1513681,16.434823989868164,16.436649322509766,ok
LA_D_1513725,-15.615681648254395,-15.619857788085938,ok
LA_D_1514602,10.136308670043945,10.137372016906738,ok
LA_D_1516617,13.691975593566895,13.692408561706543,ok
LA_D_1517144,17.04759407043457,17.048572540283203,ok
LA_D_1517231,-12.746220588684082,-12.751896858215332,ok
LA_D_1518141,17.604602813720703,17.60500144958496,ok
LA_D_1518174,12.038411140441895,12.039554595947266,ok
LA_D_1519187,11.012741088867188,11.014471054077148,ok
LA_D_1519237,-13.321024894714355,-13.322150230407715,ok
LA_D_1519429,10.458664894104004,10.46550464630127,ok
LA_D_1520589,15.018284797668457,15.024123191833496,ok
LA_D_1520617,16.056015014648438,16.058528900146484,ok
LA_D_1520830,-15.321488380432129,-15.322943687438965,ok
LA_D_1521999,14.340195655822754,14.342489242553711,ok
LA_D_1522185,17.298242568969727,17.303043365478516,ok
LA_D_1522579,5.61087703704834,5.610440731048584,ok
LA_D_1523141,20.54807472229004,20.55008888244629,ok
LA_D_1523180,-12.314018249511719,-12.314946174621582,ok
LA_D_1523483,-11.779281616210938,-11.779566764831543,ok
LA_D_1523689,18.81280517578125,18.814224243164062,ok
LA_D_1526424,15.99280071258545,15.992737770080566,ok
LA_D_1526816,17.08846664428711,17.09287452697754,ok
LA_D_1526842,17.383228302001953,17.385786056518555,ok
LA_D_1527493,15.372711181640625,15.37269115447998,ok
LA_D_1527843,19.318626403808594,19.325651168823242,ok
LA_D_1528176,12.4169340133667,12.418844223022461,ok
LA_D_1528364,13.037504196166992,13.037759780883789,ok
LA_D_1528504,13.007479667663574,13.008305549621582,ok
LA_D_1528709,12.548700332641602,12.548720359802246,ok
LA_D_1529378,9.884124755859375,9.88688850402832,ok
LA_D_1529875,15.675204277038574,15.677411079406738,ok
LA_D_1530620,12.750704765319824,12.750702857971191,ok
LA_D_1531184,19.581851959228516,19.586406707763672,ok
LA_D_1531229,12.90272331237793,12.902825355529785,ok
LA_D_1533857,14.80363655090332,14.805540084838867,ok
LA_D_1534651,13.958404541015625,13.96147632598877,ok
LA_D_1534693,9.726395606994629,9.726397514343262,ok
LA_D_1534909,17.59625816345215,17.61695671081543,ok
LA_D_1534944,11.62390422821045,11.62412166595459,ok
LA_D_1535343,10.262019157409668,10.2620210647583,ok
LA_D_1535464,14.726808547973633,14.734511375427246,ok
LA_D_1538546,13.683196067810059,13.684712409973145,ok
LA_D_1539089,12.29875659942627,12.299872398376465,ok
LA_D_1539250,14.43431282043457,14.43478012084961,ok
LA_D_1539541,17.45000457763672,17.4511775970459,ok
LA_D_1540639,18.600557327270508,18.6055965423584,ok
LA_D_1541008,5.402828216552734,5.405989170074463,ok
LA_D_1541459,13.84924030303955,13.849553108215332,ok
LA_D_1541519,-12.659835815429688,-12.662590980529785,ok
LA_D_1541976,11.486949920654297,11.4871826171875,ok
LA_D_1543611,15.755171775817871,15.7556734085083,ok
LA_D_1544054,8.956280708312988,8.959333419799805,ok
LA_D_1544533,11.44080638885498,11.441828727722168,ok
LA_D_1544944,17.20888328552246,17.211994171142578,ok
LA_D_1546363,11.879509925842285,11.88027286529541,ok
LA_D_1546478,10.716679573059082,10.722715377807617,ok
LA_D_1548278,10.810124397277832,10.812888145446777,ok
LA_D_1549509,19.957643508911133,19.957637786865234,ok
LA_D_1551137,18.6508731842041,18.65349769592285,ok
LA_D_1555028,17.536157608032227,17.536609649658203,ok
LA_D_1555301,14.058019638061523,14.061814308166504,ok
LA_D_1555695,14.874714851379395,14.875007629394531,ok
LA_D_1555757,16.75177764892578,16.7518367767334,ok
LA_D_1555842,11.411529541015625,11.412215232849121,ok
LA_D_1556162,10.166524887084961,10.166441917419434,ok
LA_D_1556595,0.9581525921821594,0.9577754735946655,ok
LA_D_1556777,16.783458709716797,16.78557777404785,ok
LA_D_1557405,17.021154403686523,17.022645950317383,ok
LA_D_1557675,5.416568756103516,5.416520118713379,ok
LA_D_1557737,13.164050102233887,13.16603946685791,ok
LA_D_1558714,-13.332221984863281,-13.333976745605469,ok
LA_D_1559429,13.179292678833008,13.17973518371582,ok
LA_D_1560273,-11.959300994873047,-11.960522651672363,ok
LA_D_1560491,11.854320526123047,11.854373931884766,ok
LA_D_1561479,17.513383865356445,17.518260955810547,ok
LA_D_1561860,10.242117881774902,10.242025375366211,ok
LA_D_1561911,16.112756729125977,16.113149642944336,ok
LA_D_1562732,-16.325607299804688,-16.326417922973633,ok
LA_D_1563071,16.82437515258789,16.82575035095215,ok
LA_D_1564452,12.651390075683594,12.65644359588623,ok
LA_D_1565390,-13.582175254821777,-13.583308219909668,ok
LA_D_1566347,17.735342025756836,17.73809242248535,ok
LA_D_1566398,7.402560710906982,7.405563831329346,ok
LA_D_1566542,16.105085372924805,16.106006622314453,ok
LA_D_1567126,-13.912052154541016,-13.912781715393066,ok
LA_D_1567712,13.6995267868042,13.6995267868042,ok
LA_D_1568497,12.103265762329102,12.103282928466797,ok
LA_D_1569257,15.77674674987793,15.77684211730957,ok
LA_D_1570710,21.938499450683594,21.95475196838379,ok
LA_D_1571595,4.816799163818359,4.819360256195068,ok
LA_D_1571783,11.693877220153809,11.693882942199707,ok
LA_D_1572003,14.238273620605469,14.24030590057373,ok
LA_D_1573404,13.821684837341309,13.822087287902832,ok
LA_D_1574269,11.753942489624023,11.754082679748535,ok
LA_D_1574961,14.544394493103027,14.559237480163574,ok
LA_D_1574963,13.796046257019043,13.795964241027832,ok
LA_D_1576565,15.527777671813965,15.530230522155762,ok
LA_D_1577587,12.422858238220215,12.430099487304688,ok
LA_D_1580544,16.195749282836914,16.19571304321289,ok
LA_D_1580841,13.87894344329834,13.881855010986328,ok
LA_D_1581342,12.985983848571777,12.98704719543457,ok
LA_D_1581762,12.715325355529785,12.718033790588379,ok
LA_D_1583428,12.178247451782227,12.17849063873291,ok
LA_D_1588604,14.54970645904541,14.558817863464355,ok
LA_D_1589222,14.890813827514648,14.893038749694824,ok
LA_D_1589359,23.35047721862793,23.350587844848633,ok
LA_D_1590758,13.323912620544434,13.32392406463623,ok
LA_D_1591743,14.012811660766602,14.018078804016113,ok
LA_D_1592559,8.53146743774414,8.531916618347168,ok
LA_D_1593502,14.89420223236084,14.897706985473633,ok
LA_D_1594784,13.956071853637695,13.962608337402344,ok
LA_D_1594826,12.042920112609863,12.042906761169434,ok
LA_D_1596158,16.221332550048828,16.221622467041016,ok
LA_D_1596779,14.246140480041504,14.247888565063477,ok
LA_D_1598405,21.0340518951416,21.0438289642334,ok
LA_D_1600156,14.024497032165527,14.02534008026123,ok
LA_D_1600157,17.96784019470215,17.96917152404785,ok
LA_D_1600216,21.13370132446289,21.134563446044922,ok
LA_D_1601494,12.557731628417969,12.558838844299316,ok
LA_D_1601648,9.748101234436035,9.748080253601074,ok
LA_D_1601789,14.401676177978516,14.405146598815918,ok
LA_D_1601833,17.4406795501709,17.441774368286133,ok
LA_D_1602771,14.106003761291504,14.110474586486816,ok
LA_D_1603312,12.398011207580566,12.398544311523438,ok
LA_D_1604831,13.53248119354248,13.53337574005127,ok
LA_D_1604925,14.724925994873047,14.725374221801758,ok
LA_D_1606599,16.469200134277344,16.47321128845215,ok
LA_D_1607104,-12.521404266357422,-12.529473304748535,ok
LA_D_1607262,17.779565811157227,17.792747497558594,ok
LA_D_1607304,19.43486976623535,19.435415267944336,ok
LA_D_1608588,11.086155891418457,11.086165428161621,ok
LA_D_1608931,12.405445098876953,12.409453392028809,ok
LA_D_1609520,11.625619888305664,11.626208305358887,ok
LA_D_1609660,11.274469375610352,11.274683952331543,ok
LA_D_1611025,12.842002868652344,12.845691680908203,ok
LA_D_1611108,16.596233367919922,16.602270126342773,ok
LA_D_1611581,13.70727825164795,13.707376480102539,ok
LA_D_1611993,14.964622497558594,14.96553897857666,ok
LA_D_1612620,15.051631927490234,15.055008888244629,ok
LA_D_1613798,10.596893310546875,10.599164009094238,ok
LA_D_1613851,14.31223201751709,14.31604290008545,ok
LA_D_1613936,18.348031997680664,18.350778579711914,ok
LA_D_1614382,14.46878433227539,14.469274520874023,ok
LA_D_1614845,17.16253089904785,17.165971755981445,ok
LA_D_1615516,12.215779304504395,12.219206809997559,ok
LA_D_1616093,18.879318237304688,18.88532829284668,ok
LA_D_1621509,17.224870681762695,17.23687171936035,ok
LA_D_1622941,9.324511528015137,9.325175285339355,ok
LA_D_1623705,10.565476417541504,10.56576156616211,ok
LA_D_1623783,10.695565223693848,10.697381019592285,ok
LA_D_1624895,11.646398544311523,11.648761749267578,ok
LA_D_1625102,13.755362510681152,13.762232780456543,ok
LA_D_1628180,12.789009094238281,12.794187545776367,ok
LA_D_1629379,15.434767723083496,15.44003677368164,ok
LA_D_1630527,13.937239646911621,13.937691688537598,ok
LA_D_1632847,13.158473014831543,13.161940574645996,ok
LA_D_1635246,16.15366554260254,16.15737533569336,ok
LA_D_1637491,16.821504592895508,16.823869705200195,ok
LA_D_1637629,14.453847885131836,14.45621395111084,ok
LA_D_1637646,15.092057228088379,15.094765663146973,ok
LA_D_1638692,16.21300506591797,16.214385986328125,ok
LA_D_1639348,15.54825210571289,15.550141334533691,ok
LA_D_1639860,14.083038330078125,14.083220481872559,ok
LA_D_1639891,14.700824737548828,14.70090389251709,ok
LA_D_1640383,9.56872272491455,9.568713188171387,ok
LA_D_1640497,-12.94845962524414,-12.948564529418945,ok
LA_D_1643538,8.62048053741455,8.620491981506348,ok
LA_D_1644764,-14.101299285888672,-14.102500915527344,ok
LA_D_1645531,6.678496360778809,6.6798272132873535,ok
LA_D_1646097,15.284199714660645,15.289626121520996,ok
LA_D_1648141,17.97671127319336,17.97958755493164,ok
LA_D_1648291,-15.409518241882324,-15.412840843200684,ok
LA_D_1649885,16.004974365234375,16.010478973388672,ok
LA_D_1649887,11.15359878540039,11.153599739074707,ok
LA_D_1649895,14.49722957611084,14.49726390838623,ok
LA_D_1652776,17.32866859436035,17.335020065307617,ok
LA_D_1653412,12.42048454284668,12.420062065124512,ok
LA_D_1654772,16.828638076782227,16.83087730407715,ok
LA_D_1655634,9.04903793334961,9.0488920211792,ok
LA_D_1656978,11.040657043457031,11.040921211242676,ok
LA_D_1657707,13.523248672485352,13.524816513061523,ok
LA_D_1658555,15.220788955688477,15.22143268585205,ok
LA_D_1659148,14.085803985595703,14.086421012878418,ok
LA_D_1659731,12.39626693725586,12.40027141571045,ok
LA_D_1659955,15.241681098937988,15.244978904724121,ok
LA_D_1660121,14.330928802490234,14.332136154174805,ok
LA_D_1662448,13.864328384399414,13.868891716003418,ok
LA_D_1664055,17.79765510559082,17.798791885375977,ok
LA_D_1664425,14.054082870483398,14.05428695678711,ok
LA_D_1664915,15.059370994567871,15.062796592712402,ok
LA_D_1667962,9.767311096191406,9.767842292785645,ok
LA_D_1669057,12.090221405029297,12.090327262878418,ok
LA_D_1670207,13.919029235839844,13.919339179992676,ok
LA_D_1673360,12.465584754943848,12.46639347076416,ok
LA_D_1674536,19.07699203491211,19.07866859436035,ok
LA_D_1675550,14.332883834838867,14.33435344696045,ok
LA_D_1675990,13.488143920898438,13.489801406860352,ok
LA_D_1677234,8.642477989196777,8.643874168395996,ok
LA_D_1677598,13.436306953430176,13.440613746643066,ok
LA_D_1677846,12.460192680358887,12.463689804077148,ok
LA_D_1678096,5.413248062133789,5.414397716522217,ok
LA_D_1678967,9.09379768371582,9.093993186950684,ok
LA_D_1680060,16.75226402282715,16.756439208984375,ok
LA_D_1680201,-13.654707908630371,-13.655049324035645,ok
LA_D_1683013,13.141357421875,13.148774147033691,ok
LA_D_1683892,7.546864032745361,7.547609806060791,ok
LA_D_1684010,11.814385414123535,11.816990852355957,ok
LA_D_1685139,14.828243255615234,14.828886985778809,ok
LA_D_1685766,14.318160057067871,14.320926666259766,ok
LA_D_1685863,14.672021865844727,14.675293922424316,ok
LA_D_1686743,-12.226731300354004,-12.23416805267334,ok
LA_D_1689082,-11.428251266479492,-11.429059028625488,ok
LA_D_1689302,12.557766914367676,12.557754516601562,ok
LA_D_1691193,16.937421798706055,16.939271926879883,ok
LA_D_1693615,14.767457008361816,14.770294189453125,ok
LA_D_1693970,10.957391738891602,10.957459449768066,ok
LA_D_1694092,9.06796932220459,9.068395614624023,ok
LA_D_1694389,18.658639907836914,18.658626556396484,ok
LA_D_1697322,12.179198265075684,12.180195808410645,ok
LA_D_1697663,14.241971969604492,14.242110252380371,ok
LA_D_1699200,15.292144775390625,15.292186737060547,ok
LA_D_1699219,10.270649909973145,10.270638465881348,ok
LA_D_1702355,15.62608814239502,15.627028465270996,ok
LA_D_1702527,14.780731201171875,14.78344440460205,ok
LA_D_1702824,12.07691478729248,12.076964378356934,ok
LA_D_1702942,13.534278869628906,13.53458023071289,ok
LA_D_1703167,10.64579963684082,10.645848274230957,ok
LA_D_1705054,16.270112991333008,16.271007537841797,ok
LA_D_1705349,19.904800415039062,19.90597152709961,ok
LA_D_1706159,13.711185455322266,13.71240234375,ok
LA_D_1707779,9.380232810974121,9.380642890930176,ok
LA_D_1708689,13.036911964416504,13.037220001220703,ok
LA_D_1711559,-11.52481746673584,-11.52553653717041,ok
LA_D_1711564,16.671024322509766,16.67335319519043,ok
LA_D_1711747,14.689477920532227,14.689451217651367,ok
LA_D_1712120,17.598072052001953,17.598905563354492,ok
LA_D_1713212,10.833216667175293,10.834511756896973,ok
LA_D_1714449,16.311866760253906,16.314367294311523,ok
LA_D_1715749,8.895682334899902,8.896851539611816,ok
LA_D_1715778,8.835208892822266,8.835257530212402,ok
LA_D_1715794,13.682394981384277,13.682666778564453,ok
LA_D_1715922,14.385927200317383,14.387990951538086,ok
LA_D_1716033,-13.102441787719727,-13.109643936157227,ok
LA_D_1716656,17.851566314697266,17.857378005981445,ok
LA_D_1717085,16.959049224853516,16.96101188659668,ok
LA_D_1719951,11.451020240783691,11.451079368591309,ok
LA_D_1720015,16.362632751464844,16.363466262817383,ok
LA_D_1721527,-15.32715129852295,-15.331747055053711,ok
LA_D_1722779,-9.209883689880371,-9.214005470275879,ok
LA_D_1723025,8.379535675048828,8.37950325012207,ok
LA_D_1723129,10.189752578735352,10.189776420593262,ok
LA_D_1723393,16.53770637512207,16.538633346557617,ok
LA_D_1725328,12.919926643371582,12.923527717590332,ok
LA_D_1725588,17.86933708190918,17.87060546875,ok
LA_D_1725718,12.121697425842285,12.121806144714355,ok
LA_D_1725978,15.403223991394043,15.406847953796387,ok
LA_D_1728557,12.86408805847168,12.864197731018066,ok
LA_D_1728757,18.7625675201416,18.76787757873535,ok
LA_D_1728920,9.98995590209961,9.990020751953125,ok
LA_D_1730959,-13.770524978637695,-13.77110767364502,ok
LA_D_1731771,13.227911949157715,13.22884464263916,ok
LA_D_1732607,11.775198936462402,11.777009010314941,ok
LA_D_1732752,-13.98703384399414,-13.98739242553711,ok
LA_D_1733065,11.805376052856445,11.807427406311035,ok
LA_D_1733253,13.734454154968262,13.740020751953125,ok
LA_D_1733691,-13.021488189697266,-13.02185344696045,ok
LA_D_1734049,14.840328216552734,14.840357780456543,ok
LA_D_1734325,13.910686492919922,13.911906242370605,ok
LA_D_1734430,15.174056053161621,15.1752290725708,ok
LA_D_1736286,-15.091469764709473,-15.092483520507812,ok
LA_D_1738100,14.333768844604492,14.334400177001953,ok
LA_D_1738251,11.490829467773438,11.490866661071777,ok
LA_D_1738651,19.400259017944336,19.40742301940918,ok
LA_D_1743004,15.166241645812988,15.172595024108887,ok
LA_D_1743744,4.38742733001709,4.3876142501831055,ok
LA_D_1744737,9.613203048706055,9.614038467407227,ok
LA_D_1746170,16.301198959350586,16.30585289001465,ok
LA_D_1751728,6.187572479248047,6.186825275421143,ok
LA_D_1751782,11.90300178527832,11.90362548828125,ok
LA_D_1751918,12.159239768981934,12.159419059753418,ok
LA_D_1755243,13.018281936645508,13.018303871154785,ok
LA_D_1755482,15.348023414611816,15.349932670593262,ok
LA_D_1755776,17.386438369750977,17.387529373168945,ok
LA_D_1757134,11.614879608154297,11.616846084594727,ok
LA_D_1757843,13.369579315185547,13.370755195617676,ok
LA_D_1758018,4.360889434814453,4.360987186431885,ok
LA_D_1758405,11.817235946655273,11.818652153015137,ok
LA_D_1758957,16.05499839782715,16.055315017700195,ok
LA_D_1759608,15.922919273376465,15.92293643951416,ok
LA_D_1760472,-12.10594654083252,-12.106521606445312,ok
LA_D_1763710,16.55645179748535,16.55719757080078,ok
LA_D_1764251,17.754323959350586,17.755598068237305,ok
LA_D_1764443,10.346001625061035,10.350529670715332,ok
LA_D_1765969,14.856945991516113,14.870243072509766,ok
LA_D_1766425,12.082138061523438,12.082991600036621,ok
LA_D_1767120,12.145181655883789,12.145600318908691,ok
LA_D_1767206,12.173493385314941,12.174300193786621,ok
LA_D_1767230,17.2272891998291,17.23552703857422,ok
LA_D_1768067,16.330690383911133,16.332504272460938,ok
LA_D_1768591,16.79501724243164,16.79756736755371,ok
LA_D_1768659,13.184809684753418,13.184809684753418,ok
LA_D_1770174,-13.051207542419434,-13.055731773376465,ok
LA_D_1770638,10.197066307067871,10.19880199432373,ok
LA_D_1771272,12.068842887878418,12.07601261138916,ok
LA_D_1772083,15.635428428649902,15.64387035369873,ok
LA_D_1772237,-14.832358360290527,-14.833819389343262,ok
LA_D_1772977,13.21117877960205,13.211485862731934,ok
LA_D_1773079,12.54758358001709,12.548018455505371,ok
LA_D_1775541,18.55426025390625,18.556102752685547,ok
LA_D_1776073,11.502004623413086,11.504759788513184,ok
LA_D_1776380,15.843955039978027,15.849780082702637,ok
LA_D_1777002,14.18208122253418,14.182352066040039,ok
LA_D_1777158,10.936108589172363,10.942386627197266,ok
LA_D_1778489,15.697818756103516,15.699615478515625,ok
LA_D_1778690,11.825960159301758,11.828316688537598,ok
LA_D_1778772,11.571982383728027,11.570175170898438,ok
LA_D_1778872,13.477790832519531,13.477961540222168,ok
LA_D_1780000,10.349453926086426,10.348994255065918,ok
LA_D_1780523,11.116910934448242,11.117098808288574,ok
LA_D_1782967,14.347617149353027,14.347752571105957,ok
LA_D_1783037,18.92584228515625,18.9333553314209,ok
LA_D_1783287,18.251684188842773,18.253686904907227,ok
LA_D_1783574,16.935365676879883,16.93866539001465,ok
LA_D_1783942,12.456265449523926,12.457250595092773,ok
LA_D_1786331,13.854242324829102,13.856409072875977,ok
LA_D_1786730,-11.122193336486816,-11.124011039733887,ok
LA_D_1788098,14.353569984436035,14.355989456176758,ok
LA_D_1789894,12.738812446594238,12.739971160888672,ok
LA_D_1789917,17.275100708007812,17.278209686279297,ok
LA_D_1792373,13.552109718322754,13.553204536437988,ok
LA_D_1793186,14.70783519744873,14.70979118347168,ok
LA_D_1794906,14.683854103088379,14.684296607971191,ok
LA_D_1796445,-15.566869735717773,-15.56758975982666,ok
LA_D_1797576,16.06996726989746,16.076372146606445,ok
LA_D_1798555,14.963199615478516,14.963457107543945,ok
LA_D_1798838,12.828099250793457,12.829047203063965,ok
LA_D_1798881,14.701651573181152,14.70479679107666,ok
LA_D_1799143,12.493597030639648,12.494638442993164,ok
LA_D_1799775,12.070043563842773,12.070096015930176,ok
LA_D_1800659,15.218746185302734,15.220495223999023,ok
LA_D_1802495,15.772969245910645,15.773750305175781,ok
LA_D_1803008,-13.230095863342285,-13.242860794067383,ok
LA_D_1803165,15.312479019165039,15.313570022583008,ok
LA_D_1804384,13.635553359985352,13.638439178466797,ok
LA_D_1805177,-15.926142692565918,-15.926575660705566,ok
LA_D_1805483,-14.828449249267578,-14.830301284790039,ok
LA_D_1805502,10.975937843322754,10.975983619689941,ok
LA_D_1805739,-13.187492370605469,-13.189440727233887,ok
LA_D_1805963,16.779142379760742,16.779735565185547,ok
LA_D_1808507,10.824686050415039,10.825729370117188,ok
LA_D_1808956,10.56887435913086,10.574111938476562,ok
LA_D_1809307,14.485197067260742,14.48627758026123,ok
LA_D_1811445,9.77026081085205,9.770217895507812,ok
LA_D_1811965,15.116486549377441,15.117486000061035,ok
LA_D_1811978,13.501592636108398,13.502158164978027,ok
LA_D_1812094,11.848934173583984,11.848997116088867,ok
LA_D_1812623,-12.118155479431152,-12.123103141784668,ok
LA_D_1812724,15.593046188354492,15.593253135681152,ok
LA_D_1812831,15.02742862701416,15.028554916381836,ok
LA_D_1813321,13.865118026733398,13.865124702453613,ok
LA_D_1813906,12.080662727355957,12.082844734191895,ok
LA_D_1815265,11.5269775390625,11.529866218566895,ok
LA_D_1816644,11.16687297821045,11.166863441467285,ok
LA_D_1818653,13.101759910583496,13.102349281311035,ok
LA_D_1820743,11.324190139770508,11.326549530029297,ok
LA_D_1821879,8.245637893676758,8.246468544006348,ok
LA_D_1822549,11.748382568359375,11.751677513122559,ok
LA_D_1823585,10.001911163330078,10.002296447753906,ok
LA_D_1824180,-14.715912818908691,-14.716740608215332,ok
LA_D_1824827,3.838050603866577,3.838108777999878,ok
LA_D_1828356,20.060440063476562,20.063629150390625,ok
LA_D_1830470,9.035199165344238,9.035202980041504,ok
LA_D_1830521,14.555790901184082,14.557066917419434,ok
LA_D_1830846,13.232422828674316,13.232748985290527,ok
LA_D_1831145,14.929378509521484,14.931527137756348,ok
LA_D_1832937,16.10280418395996,16.104536056518555,ok
LA_D_1833652,-12.828682899475098,-12.82934284210205,ok
LA_D_1834815,16.05721092224121,16.059009552001953,ok
LA_D_1834958,15.690500259399414,15.690995216369629,ok
LA_D_1836171,12.696861267089844,12.699292182922363,ok
LA_D_1836354,13.395771980285645,13.405037879943848,ok
LA_D_1838028,10.316984176635742,10.317215919494629,ok
LA_D_1838386,1.2021466493606567,1.2006491422653198,ok
LA_D_1838534,12.851017951965332,12.852716445922852,ok
LA_D_1840120,14.781113624572754,14.781144142150879,ok
LA_D_1841254,9.68669605255127,9.687117576599121,ok
LA_D_1841439,17.40900230407715,17.41364288330078,ok
LA_D_1842165,11.593924522399902,11.59530258178711,ok
LA_D_1842516,13.293094635009766,13.292744636535645,ok
LA_D_1842990,-13.511406898498535,-13.513602256774902,ok
LA_D_1844495,15.99877643585205,15.998948097229004,ok
LA_D_1844563,20.42743682861328,20.430463790893555,ok
LA_D_1845069,11.348878860473633,11.35009479522705,ok
LA_D_1845654,16.713008880615234,16.715686798095703,ok
LA_D_1846103,16.320104598999023,16.323486328125,ok
LA_D_1846916,10.886387825012207,10.888688087463379,ok
LA_D_1847073,14.56607723236084,14.566533088684082,ok
LA_D_1847944,20.431964874267578,20.434511184692383,ok
LA_D_1848103,12.862916946411133,12.864014625549316,ok
LA_D_1848165,12.03076457977295,12.030932426452637,ok
LA_D_1848349,13.140464782714844,13.140519142150879,ok
LA_D_1849915,15.250337600708008,15.254561424255371,ok
LA_D_1850987,16.637653350830078,16.64432144165039,ok
LA_D_1851336,13.368521690368652,13.36867904663086,ok
LA_D_1853446,15.76330852508545,15.764439582824707,ok
LA_D_1853731,14.297926902770996,14.298253059387207,ok
LA_D_1854905,16.91692543029785,16.92209815979004,ok
LA_D_1855851,11.312697410583496,11.312603950500488,ok
LA_D_1855940,11.610759735107422,11.61092472076416,ok
LA_D_1856189,14.104159355163574,14.104171752929688,ok
LA_D_1856497,16.20106315612793,16.201711654663086,ok
LA_D_1858151,13.733441352844238,13.7388334274292,ok
LA_D_1858381,14.594320297241211,14.596993446350098,ok
LA_D_1859048,-11.985159873962402,-11.987482070922852,ok
LA_D_1860065,18.022090911865234,18.02393913269043,ok
LA_D_1860158,11.205822944641113,11.213910102844238,ok
LA_D_1860197,14.54846477508545,14.553160667419434,ok
LA_D_1861262,15.725708961486816,15.729684829711914,ok
LA_D_1862965,11.686250686645508,11.686573028564453,ok
LA_D_1863131,9.50225830078125,9.501470565795898,ok
LA_D_1863279,20.826061248779297,20.838544845581055,ok
LA_D_1863901,14.824655532836914,14.824727058410645,ok
LA_D_1864294,13.117626190185547,13.119153022766113,ok
LA_D_1864612,16.783845901489258,16.78460693359375,ok
LA_D_1864652,14.02170181274414,14.025968551635742,ok
LA_D_1865763,16.929174423217773,16.929738998413086,ok
LA_D_1866166,14.175491333007812,14.175713539123535,ok
LA_D_1866244,13.969104766845703,13.972456932067871,ok
LA_D_1867335,11.208305358886719,11.208319664001465,ok
LA_D_1868045,17.029693603515625,17.032733917236328,ok
LA_D_1870030,14.65529727935791,14.661818504333496,ok
LA_D_1870684,13.133648872375488,13.139573097229004,ok
LA_D_1870741,12.721593856811523,12.722309112548828,ok
LA_D_1871223,17.539640426635742,17.54949951171875,ok
LA_D_1871635,22.4034366607666,22.403470993041992,ok
LA_D_1872618,17.16153335571289,17.165197372436523,ok
LA_D_1872772,13.511512756347656,13.51248836517334,ok
LA_D_1873473,13.458686828613281,13.461524963378906,ok
LA_D_1874001,15.552427291870117,15.55617618560791,ok
LA_D_1874557,15.301783561706543,15.304265975952148,ok
LA_D_1874896,12.644742965698242,12.647040367126465,ok
LA_D_1876225,10.25820255279541,10.258264541625977,ok
LA_D_1876360,14.961018562316895,14.963364601135254,ok
LA_D_1877105,-17.135723114013672,-17.137746810913086,ok
LA_D_1877141,14.350141525268555,14.351202964782715,ok
LA_D_1877966,15.62387466430664,15.625470161437988,ok
LA_D_1878310,14.375175476074219,14.37533950805664,ok
LA_D_1879539,16.326190948486328,16.333744049072266,ok
LA_D_1880286,13.23967170715332,13.239977836608887,ok
LA_D_1881500,16.03727149963379,16.04401969909668,ok
LA_D_1881643,19.923851013183594,19.927427291870117,ok
LA_D_1881724,-14.539270401000977,-14.541352272033691,ok
LA_D_1882065,-11.544248580932617,-11.544313430786133,ok
LA_D_1882691,11.979187965393066,11.979281425476074,ok
LA_D_1884569,8.677973747253418,8.677947044372559,ok
LA_D_1884725,10.836359024047852,10.837298393249512,ok
LA_D_1885115,-12.329662322998047,-12.330615997314453,ok
LA_D_1885226,13.36214542388916,13.364978790283203,ok
LA_D_1886178,17.78321075439453,17.784273147583008,ok
LA_D_1886400,14.681912422180176,14.685843467712402,ok
LA_D_1889595,10.70305061340332,10.704216957092285,ok
LA_D_1889615,13.84320068359375,13.845703125,ok
LA_D_1889727,16.24718475341797,16.248950958251953,ok
LA_D_1890878,17.384750366210938,17.390336990356445,ok
LA_D_1891787,13.317543983459473,13.317925453186035,ok
LA_D_1892568,4.48825216293335,4.488832950592041,ok
LA_D_1893758,16.538589477539062,16.542043685913086,ok
LA_D_1893786,16.925764083862305,16.928071975708008,ok
LA_D_1894103,9.281265258789062,9.282071113586426,ok
LA_D_1895153,9.857335090637207,9.857739448547363,ok
LA_D_1895274,-14.47512435913086,-14.48013687133789,ok
LA_D_1896433,17.300647735595703,17.303647994995117,ok
LA_D_1897056,10.039693832397461,10.042830467224121,ok
LA_D_1897148,4.686305522918701,4.686019420623779,ok
LA_D_1897326,10.831836700439453,10.83267879486084,ok
LA_D_1897752,14.219219207763672,14.22144603729248,ok
LA_D_1898207,-14.501710891723633,-14.502580642700195,ok
LA_D_1898947,12.594942092895508,12.598113059997559,ok
LA_D_1899250,15.767656326293945,15.769834518432617,ok
LA_D_1899277,11.459930419921875,11.46052074432373,ok
LA_D_1900218,14.137557029724121,14.138884544372559,ok
LA_D_1901077,12.091798782348633,12.091788291931152,ok
LA_D_1903761,14.876008987426758,14.877673149108887,ok
LA_D_1904462,12.874646186828613,12.877349853515625,ok
LA_D_1904999,14.125321388244629,14.126734733581543,ok
LA_D_1905761,18.89151954650879,18.894418716430664,ok
LA_D_1906480,14.684221267700195,14.684907913208008,ok
LA_D_1907062,15.342034339904785,15.34341049194336,ok
LA_D_1907731,17.715269088745117,17.719511032104492,ok
LA_D_1907831,14.6510648727417,14.658502578735352,ok
LA_D_1909708,12.743098258972168,12.743741035461426,ok
LA_D_1909993,13.11920166015625,13.123339653015137,ok
LA_D_1911374,15.749893188476562,15.759749412536621,ok
LA_D_1911980,16.012435913085938,16.016584396362305,ok
LA_D_1915163,16.16081428527832,16.16318702697754,ok
LA_D_1915883,16.574689865112305,16.574949264526367,ok
LA_D_1915992,15.698691368103027,15.699668884277344,ok
LA_D_1916885,14.493086814880371,14.494647979736328,ok
LA_D_1917155,11.809844970703125,11.809883117675781,ok
LA_D_1917753,10.120094299316406,10.121047019958496,ok
LA_D_1918445,-12.332629203796387,-12.3412446975708,ok
LA_D_1918819,12.102038383483887,12.10204792022705,ok
LA_D_1918968,16.09673309326172,16.09770965576172,ok
LA_D_1919505,14.685978889465332,14.686857223510742,ok
LA_D_1920639,12.716283798217773,12.717425346374512,ok
LA_D_1921825,16.248884201049805,16.250558853149414,ok
LA_D_1921890,17.73636245727539,17.7376708984375,ok
LA_D_1921938,14.606121063232422,14.606656074523926,ok
LA_D_1922621,12.934453010559082,12.935396194458008,ok
LA_D_1922892,17.93798065185547,17.94352149963379,ok
LA_D_1924724,16.81436538696289,16.81529998779297,ok
LA_D_1924915,11.744636535644531,11.745200157165527,ok
LA_D_1925258,15.652095794677734,15.652236938476562,ok
LA_D_1925587,13.195633888244629,13.195638656616211,ok
LA_D_1927087,13.328622817993164,13.331411361694336,ok
LA_D_1928274,11.29758071899414,11.301852226257324,ok
LA_D_1929031,19.448068618774414,19.451736450195312,ok
LA_D_1930073,16.129138946533203,16.130640029907227,ok
LA_D_1930138,-9.502251625061035,-9.518111228942871,ok
LA_D_1930356,16.760942459106445,16.767122268676758,ok
LA_D_1930859,11.99616813659668,11.998021125793457,ok
LA_D_1932009,16.31283950805664,16.313064575195312,ok
LA_D_1932089,23.580392837524414,23.581663131713867,ok
LA_D_1933165,16.618776321411133,16.62728500366211,ok
LA_D_1934985,15.451041221618652,15.45190143585205,ok
LA_D_1935532,13.175838470458984,13.177203178405762,ok
LA_D_1935726,11.860199928283691,11.861132621765137,ok
LA_D_1936614,14.414095878601074,14.414597511291504,ok
LA_D_1939610,18.6947021484375,18.697956085205078,ok
LA_D_1940050,15.670233726501465,15.6716947555542,ok
LA_D_1941143,4.570284366607666,4.572505950927734,ok
LA_D_1941384,17.354583740234375,17.35542869567871,ok
LA_D_1943080,15.64761734008789,15.650607109069824,ok
LA_D_1943271,10.586865425109863,10.587320327758789,ok
LA_D_1943277,11.730966567993164,11.735306739807129,ok
LA_D_1943421,25.810335159301758,25.818897247314453,ok
LA_D_1944808,20.474863052368164,20.476205825805664,ok
LA_D_1945994,17.243040084838867,17.246469497680664,ok
LA_D_1946747,12.118183135986328,12.118597984313965,ok
LA_D_1948572,18.239749908447266,18.242002487182617,ok
LA_D_1948580,6.997931957244873,6.998198986053467,ok
LA_D_1949008,12.135224342346191,12.135741233825684,ok
LA_D_1952217,14.083510398864746,14.083856582641602,ok
LA_D_1952275,12.777095794677734,12.777297973632812,ok
LA_D_1953575,11.076674461364746,11.077275276184082,ok
LA_D_1953786,14.360762596130371,14.361784934997559,ok
LA_D_1953828,13.261085510253906,13.26423168182373,ok
LA_D_1953933,11.512873649597168,11.514578819274902,ok
LA_D_1954043,22.667495727539062,22.670045852661133,ok
LA_D_1954275,11.250320434570312,11.253250122070312,ok
LA_D_1954410,-14.050640106201172,-14.052041053771973,ok
LA_D_1955179,12.875155448913574,12.875733375549316,ok
LA_D_1955572,13.960525512695312,13.96618366241455,ok
LA_D_1957667,15.7927827835083,15.793845176696777,ok
LA_D_1958672,14.376838684082031,14.38158130645752,ok
LA_D_1959435,11.420446395874023,11.42056655883789,ok
LA_D_1959983,11.029977798461914,11.030537605285645,ok
LA_D_1962163,13.462011337280273,13.463761329650879,ok
LA_D_1962374,19.743955612182617,19.748226165771484,ok
LA_D_1962948,12.144588470458984,12.14500904083252,ok
LA_D_1964458,14.57680892944336,14.577485084533691,ok
LA_D_1964638,-9.326178550720215,-9.32880687713623,ok
LA_D_1965512,10.662739753723145,10.663192749023438,ok
LA_D_1966095,19.533084869384766,19.534940719604492,ok
LA_D_1966347,16.238615036010742,16.238985061645508,ok
LA_D_1966690,13.42078685760498,13.422322273254395,ok
LA_D_1966794,14.710867881774902,14.712214469909668,ok
LA_D_1968546,17.0996150970459,17.106334686279297,ok
LA_D_1968679,18.632383346557617,18.632465362548828,ok
LA_D_1969568,-14.714197158813477,-14.717373847961426,ok
LA_D_1969657,16.645275115966797,16.645286560058594,ok
LA_D_1971465,14.300479888916016,14.300501823425293,ok
LA_D_1971987,8.79603099822998,8.797240257263184,ok
LA_D_1972495,10.767037391662598,10.770028114318848,ok
LA_D_1972557,15.61754322052002,15.6177396774292,ok
LA_D_1974894,19.34233856201172,19.34792709350586,ok
LA_D_1975267,15.714882850646973,15.720102310180664,ok
LA_D_1975386,12.0411958694458,12.045204162597656,ok
LA_D_1975814,13.834273338317871,13.836530685424805,ok
LA_D_1975824,16.142932891845703,16.144086837768555,ok
LA_D_1975835,14.028962135314941,14.030354499816895,ok
LA_D_1975844,12.217747688293457,12.218647003173828,ok
LA_D_1976284,15.263833045959473,15.270895004272461,ok
LA_D_1976624,11.639007568359375,11.639128684997559,ok
LA_D_1976814,12.216874122619629,12.217198371887207,ok
LA_D_1977942,13.922503471374512,13.922598838806152,ok
LA_D_1979046,12.088784217834473,12.08887767791748,ok
LA_D_1980534,-13.970062255859375,-13.97162914276123,ok
LA_D_1980562,17.701080322265625,17.703208923339844,ok
LA_D_1982159,-8.051342010498047,-8.052496910095215,ok
LA_D_1982638,10.07880973815918,10.079719543457031,ok
LA_D_1983415,-11.880060195922852,-11.880244255065918,ok
LA_D_1984025,18.405261993408203,18.40852165222168,ok
LA_D_1984425,16.71424674987793,16.7174015045166,ok
LA_D_1984995,-11.184966087341309,-11.186299324035645,ok
LA_D_1985162,14.715995788574219,14.723607063293457,ok
LA_D_1985217,13.880897521972656,13.881982803344727,ok
LA_D_1985278,12.05031681060791,12.050949096679688,ok
LA_D_1985982,11.748446464538574,11.748741149902344,ok
LA_D_1986382,13.449545860290527,13.450586318969727,ok
LA_D_1988141,11.724488258361816,11.725091934204102,ok
LA_D_1988690,8.254046440124512,8.254046440124512,ok
LA_D_1989443,12.289791107177734,12.291655540466309,ok
LA_D_1990270,9.223258972167969,9.223393440246582,ok
LA_D_1991616,12.23114013671875,12.231374740600586,ok
LA_D_1992569,11.069406509399414,11.069554328918457,ok
LA_D_1993921,14.278358459472656,14.286101341247559,ok
LA_D_1994320,11.180234909057617,11.18061351776123,ok
LA_D_1994966,14.991411209106445,14.992091178894043,ok
LA_D_1995660,18.847702026367188,18.848369598388672,ok
LA_D_1996500,14.686328887939453,14.699646949768066,ok
LA_D_1997529,-13.986169815063477,-13.986237525939941,ok
LA_D_1998989,15.49403190612793,15.494516372680664,ok
LA_D_1999219,13.189947128295898,13.190114974975586,ok
LA_D_1999238,13.616294860839844,13.617408752441406,ok
LA_D_1999944,10.584465980529785,10.584707260131836,ok
LA_D_2000093,12.680577278137207,12.683924674987793,ok
LA_D_2000640,15.287837028503418,15.288400650024414,ok
LA_D_2000885,16.06480598449707,16.069517135620117,ok
LA_D_2002365,-11.621847152709961,-11.62239933013916,ok
LA_D_2002433,11.125758171081543,11.125772476196289,ok
LA_D_2002669,15.093770980834961,15.09723949432373,ok
LA_D_2002767,12.727664947509766,12.727816581726074,ok
LA_D_2003609,11.387149810791016,11.388890266418457,ok
LA_D_2004905,9.960127830505371,9.96357250213623,ok
LA_D_2005065,23.390396118164062,23.40570831298828,ok
LA_D_2005388,13.523602485656738,13.525152206420898,ok
LA_D_2006600,14.274154663085938,14.274850845336914,ok
LA_D_2006815,9.759662628173828,9.760209083557129,ok
LA_D_2007184,10.69989013671875,10.699884414672852,ok
LA_D_2007901,12.281574249267578,12.283649444580078,ok
LA_D_2008956,17.845226287841797,17.846460342407227,ok
LA_D_2009306,15.29142951965332,15.292856216430664,ok
LA_D_2010593,13.664241790771484,13.665757179260254,ok
LA_D_2010812,10.576077461242676,10.57607364654541,ok
LA_D_2011219,12.148358345031738,12.152344703674316,ok
LA_D_2013632,10.567967414855957,10.569537162780762,ok
LA_D_2016158,15.661190032958984,15.664806365966797,ok
LA_D_2017057,15.068028450012207,15.068690299987793,ok
LA_D_2017083,13.989744186401367,13.99206829071045,ok
LA_D_2017160,12.200172424316406,12.200752258300781,ok
LA_D_2017198,19.115798950195312,19.11821174621582,ok
LA_D_2017678,15.715987205505371,15.716748237609863,ok
LA_D_2018219,18.574857711791992,18.57667350769043,ok
LA_D_2018291,12.543350219726562,12.545132637023926,ok
LA_D_2019341,13.54606819152832,13.549409866333008,ok
LA_D_2020279,20.450027465820312,20.4608211517334,ok
LA_D_2020535,17.224082946777344,17.22563362121582,ok
LA_D_2021379,18.38841438293457,18.388940811157227,ok
LA_D_2021657,14.354941368103027,14.356945991516113,ok
LA_D_2021939,11.599665641784668,11.599896430969238,ok
LA_D_2022501,12.8092041015625,12.811766624450684,ok
LA_D_2022777,19.24949836730957,19.249658584594727,ok
LA_D_2025064,19.80771827697754,19.807815551757812,ok
LA_D_2026077,13.46694278717041,13.467896461486816,ok
LA_D_2026367,6.419440746307373,6.419283390045166,ok
LA_D_2026758,9.755945205688477,9.757674217224121,ok
LA_D_2028337,9.949562072753906,9.953332901000977,ok
LA_D_2028395,12.228806495666504,12.230134963989258,ok
LA_D_2031125,20.391462326049805,20.395689010620117,ok
LA_D_2031889,15.278502464294434,15.281078338623047,ok
LA_D_2032120,14.453497886657715,14.454012870788574,ok
LA_D_2033572,21.299217224121094,21.30378532409668,ok
LA_D_2033794,15.626442909240723,15.626662254333496,ok
LA_D_2034813,10.461155891418457,10.46119213104248,ok
LA_D_2035158,-14.860198974609375,-14.861288070678711,ok
LA_D_2035624,12.442924499511719,12.443350791931152,ok
LA_D_2036773,11.272429466247559,11.272430419921875,ok
LA_D_2038901,14.817911148071289,14.818353652954102,ok
LA_D_2039768,14.696770668029785,14.697511672973633,ok
LA_D_2039939,16.197534561157227,16.199583053588867,ok
LA_D_2039988,10.903326034545898,10.903778076171875,ok
LA_D_2040882,15.87889289855957,15.880596160888672,ok
LA_D_2040913,11.970988273620605,11.970993995666504,ok
LA_D_2041511,1.9648034572601318,1.9635511636734009,ok
LA_D_2042101,12.300289154052734,12.301590919494629,ok
LA_D_2042102,10.76066780090332,10.76145076751709,ok
LA_D_2042650,9.960567474365234,9.961045265197754,ok
LA_D_2042770,12.097740173339844,12.098654747009277,ok
LA_D_2044088,-13.429142951965332,-13.431407928466797,ok
LA_D_2044181,7.6633076667785645,7.66461706161499,ok
LA_D_2045409,13.433831214904785,13.43649959564209,ok
LA_D_2045790,12.742074966430664,12.742568016052246,ok
LA_D_2045953,15.085468292236328,15.085915565490723,ok
LA_D_2046470,14.165017127990723,14.167824745178223,ok
LA_D_2046924,25.98542022705078,25.993492126464844,ok
LA_D_2047498,15.879213333129883,15.884529113769531,ok
LA_D_2049288,14.250203132629395,14.251984596252441,ok
LA_D_2049455,17.880884170532227,17.883359909057617,ok
LA_D_2049968,13.769540786743164,13.776366233825684,ok
LA_D_2050794,16.44677734375,16.44972801208496,ok
LA_D_2051517,15.802611351013184,15.80316162109375,ok
LA_D_2051572,13.81655216217041,13.81705379486084,ok
LA_D_2052113,14.699807167053223,14.700575828552246,ok
LA_D_2052144,14.46407699584961,14.464218139648438,ok
LA_D_2052753,14.814723014831543,14.815468788146973,ok
LA_D_2053527,-13.290658950805664,-13.29421329498291,ok
LA_D_2053681,11.519126892089844,11.51926326751709,ok
LA_D_2054506,15.153472900390625,15.153623580932617,ok
LA_D_2054654,-2.479499578475952,-2.4804601669311523,ok
LA_D_2058787,14.025688171386719,14.027955055236816,ok
LA_D_2058872,13.5650053024292,13.565528869628906,ok
LA_D_2059102,14.204760551452637,14.205259323120117,ok
LA_D_2059452,13.472665786743164,13.476771354675293,ok
LA_D_2062744,-7.655460357666016,-7.657756328582764,ok
LA_D_2062974,16.498409271240234,16.49876594543457,ok
LA_D_2063490,15.423178672790527,15.423720359802246,ok
LA_D_2063669,-12.036234855651855,-12.039313316345215,ok
LA_D_2064600,12.457844734191895,12.458817481994629,ok
LA_D_2064757,10.80390739440918,10.804699897766113,ok
LA_D_2065272,19.518274307250977,19.52452278137207,ok
LA_D_2065981,18.669008255004883,18.67293357849121,ok
LA_D_2067864,14.949493408203125,14.950003623962402,ok
LA_D_2069465,5.073399543762207,5.073670864105225,ok
LA_D_2069946,13.072245597839355,13.072699546813965,ok
LA_D_2070148,10.416977882385254,10.416963577270508,ok
LA_D_2071557,15.031307220458984,15.033585548400879,ok
LA_D_2073559,9.234956741333008,9.236212730407715,ok
LA_D_2074154,13.578935623168945,13.580343246459961,ok
LA_D_2074516,6.492412567138672,6.49232816696167,ok
LA_D_2074827,16.60808753967285,16.613479614257812,ok
LA_D_2077190,11.549972534179688,11.550311088562012,ok
LA_D_2077413,11.101150512695312,11.101988792419434,ok
LA_D_2078394,18.213369369506836,18.214418411254883,ok
LA_D_2079731,12.277091979980469,12.278695106506348,ok
LA_D_2079819,14.94507122039795,14.94566535949707,ok
LA_D_2080320,14.692441940307617,14.70113754272461,ok
LA_D_2081014,10.45961856842041,10.46033763885498,ok
LA_D_2081259,15.081656455993652,15.081584930419922,ok
LA_D_2081459,12.286161422729492,12.29001522064209,ok
LA_D_2082270,18.612594604492188,18.613529205322266,ok
LA_D_2082295,-13.673440933227539,-13.678292274475098,ok
LA_D_2083098,11.76763916015625,11.768218040466309,ok
LA_D_2084084,13.530399322509766,13.530512809753418,ok
LA_D_2085012,15.29142951965332,15.291662216186523,ok
LA_D_2085166,11.854968070983887,11.855957984924316,ok
LA_D_2085656,16.251066207885742,16.254478454589844,ok
LA_D_2086920,8.31176471710205,8.311774253845215,ok
LA_D_2087494,12.193026542663574,12.193358421325684,ok
LA_D_2087690,11.147926330566406,11.148359298706055,ok
LA_D_2088943,13.872854232788086,13.87341022491455,ok
LA_D_2092684,14.798075675964355,14.802035331726074,ok
LA_D_2093247,10.674560546875,10.67456340789795,ok
LA_D_2094262,10.282928466796875,10.291743278503418,ok
LA_D_2095392,-12.574509620666504,-12.576165199279785,ok
LA_D_2096892,-12.16916561126709,-12.170331001281738,ok
LA_D_2097045,13.872339248657227,13.874506950378418,ok
LA_D_2097283,12.698636054992676,12.699212074279785,ok
LA_D_2097438,10.683294296264648,10.68458366394043,ok
LA_D_2097600,12.309123992919922,12.31091022491455,ok
LA_D_2100372,15.757697105407715,15.759808540344238,ok
LA_D_2101345,13.811469078063965,13.815686225891113,ok
LA_D_2101566,10.950323104858398,10.952977180480957,ok
LA_D_2103093,14.13705825805664,14.13868236541748,ok
LA_D_2103518,18.242271423339844,18.246170043945312,ok
LA_D_2103653,17.536434173583984,17.53705596923828,ok
LA_D_2103892,14.02433967590332,14.031929016113281,ok
LA_D_2104324,11.63327407836914,11.634719848632812,ok
LA_D_2104365,13.41284465789795,13.41310977935791,ok
LA_D_2104529,14.631940841674805,14.633004188537598,ok
LA_D_2105580,-13.523832321166992,-13.52391242980957,ok
LA_D_2106652,11.283398628234863,11.28425121307373,ok
LA_D_2106919,16.64078140258789,16.640893936157227,ok
LA_D_2107075,11.498334884643555,11.49851131439209,ok
LA_D_2107954,14.028444290161133,14.028826713562012,ok
LA_D_2108357,17.263551712036133,17.26468849182129,ok
LA_D_2109062,-10.980249404907227,-10.992122650146484,ok
LA_D_2110432,11.572010040283203,11.572481155395508,ok
LA_D_2111041,14.391816139221191,14.395060539245605,ok
LA_D_2111647,13.354497909545898,13.356971740722656,ok
LA_D_2111682,8.003397941589355,8.010146141052246,ok
LA_D_2111881,10.121716499328613,10.121810913085938,ok
LA_D_2112026,18.732511520385742,18.73343276977539,ok
LA_D_2113515,16.243967056274414,16.244091033935547,ok
LA_D_2113565,16.69235610961914,16.6923770904541,ok
LA_D_2113716,4.14954137802124,4.149781703948975,ok
LA_D_2115009,8.989301681518555,8.989802360534668,ok
LA_D_2115072,14.433951377868652,14.434930801391602,ok
LA_D_2117591,12.817206382751465,12.82625675201416,ok
LA_D_2117812,18.10031509399414,18.104015350341797,ok
LA_D_2118489,13.178683280944824,13.181055068969727,ok
LA_D_2118778,14.545900344848633,14.549430847167969,ok
LA_D_2118848,11.633312225341797,11.635947227478027,ok
LA_D_2120805,13.76716423034668,13.767291069030762,ok
LA_D_2121556,16.328853607177734,16.33097267150879,ok
LA_D_2123475,16.09721565246582,16.0987491607666,ok
LA_D_2123885,13.316024780273438,13.317248344421387,ok
LA_D_2124188,15.861224174499512,15.866448402404785,ok
LA_D_2124468,13.47549057006836,13.478466033935547,ok
LA_D_2125183,10.806910514831543,10.806914329528809,ok
LA_D_2126341,11.231657028198242,11.232858657836914,ok
LA_D_2126762,9.972029685974121,9.97290325164795,ok
LA_D_2127486,13.879439353942871,13.880293846130371,ok
LA_D_2128440,14.604077339172363,14.605464935302734,ok
LA_D_2128519,18.029420852661133,18.03092384338379,ok
LA_D_2128991,17.3150691986084,17.317956924438477,ok
LA_D_2129319,11.786054611206055,11.786182403564453,ok
LA_D_2129411,14.09539794921875,14.09721851348877,ok
LA_D_2130196,15.191173553466797,15.192008018493652,ok
LA_D_2130605,-14.460733413696289,-14.4622220993042,ok
LA_D_2131399,14.050249099731445,14.050317764282227,ok
LA_D_2133031,9.228662490844727,9.229823112487793,ok
LA_D_2135966,2.9148354530334473,2.914997100830078,ok
LA_D_2135991,23.67912483215332,23.682435989379883,ok
LA_D_2136240,22.276453018188477,22.28499412536621,ok
LA_D_2136816,13.568938255310059,13.569329261779785,ok
LA_D_2136896,9.195175170898438,9.197548866271973,ok
LA_D_2137133,11.591300964355469,11.591221809387207,ok
LA_D_2138850,18.54351043701172,18.545774459838867,ok
LA_D_2140164,16.132125854492188,16.13761329650879,ok
LA_D_2140323,-13.816607475280762,-13.817293167114258,ok
LA_D_2140441,20.09602928161621,20.096506118774414,ok
LA_D_2140627,15.32878303527832,15.330817222595215,ok
LA_D_2140638,13.881085395812988,13.882798194885254,ok
LA_D_2141097,14.359197616577148,14.360821723937988,ok
LA_D_2142744,18.663089752197266,18.66357421875,ok
LA_D_2143384,-11.504965782165527,-11.505187034606934,ok
LA_D_2143588,12.309078216552734,12.311919212341309,ok
LA_D_2143625,19.895105361938477,19.89537811279297,ok
LA_D_2143803,16.529521942138672,16.529687881469727,ok
LA_D_2144689,15.83915901184082,15.84097957611084,ok
LA_D_2145419,15.332979202270508,15.333831787109375,ok
LA_D_2146476,14.080855369567871,14.080906867980957,ok
LA_D_2147894,18.420452117919922,18.42082405090332,ok
LA_D_2151951,11.558939933776855,11.559835433959961,ok
LA_D_2152100,13.071253776550293,13.072285652160645,ok
LA_D_2153291,11.414258003234863,11.415127754211426,ok
LA_D_2153758,15.059639930725098,15.060173988342285,ok
LA_D_2156580,13.163372993469238,13.163960456848145,ok
LA_D_2156985,-14.977421760559082,-14.977701187133789,ok
LA_D_2157831,13.19663143157959,13.200222969055176,ok
LA_D_2158229,15.392603874206543,15.394696235656738,ok
LA_D_2159690,9.044757843017578,9.04675579071045,ok
LA_D_2159915,18.528682708740234,18.534940719604492,ok
LA_D_2160169,13.262946128845215,13.26534366607666,ok
LA_D_2161419,18.87837791442871,18.8789005279541,ok
LA_D_2161752,11.756919860839844,11.759333610534668,ok
LA_D_2161760,12.200488090515137,12.200590133666992,ok
LA_D_2161873,18.247303009033203,18.25050926208496,ok
LA_D_2162549,16.513351440429688,16.51624298095703,ok
LA_D_2165495,13.029476165771484,13.030417442321777,ok
LA_D_2165611,18.1984920501709,18.200464248657227,ok
LA_D_2166570,10.570128440856934,10.57106876373291,ok
LA_D_2166742,10.961942672729492,10.962220191955566,ok
LA_D_2166764,11.711636543273926,11.711915969848633,ok
LA_D_2171727,12.287548065185547,12.295681953430176,ok
LA_D_2173227,9.301877975463867,9.302153587341309,ok
LA_D_2173475,14.33510971069336,14.338067054748535,ok
LA_D_2173667,11.725166320800781,11.72721004486084,ok
LA_D_2174187,12.560986518859863,12.565756797790527,ok
LA_D_2175694,8.059311866760254,8.061577796936035,ok
LA_D_2176634,15.355779647827148,15.35827922821045,ok
LA_D_2177055,15.665345191955566,15.67194938659668,ok
LA_D_2177921,13.39967155456543,13.401503562927246,ok
LA_D_2178723,-7.22299337387085,-7.223867893218994,ok
LA_D_2178889,16.042781829833984,16.042715072631836,ok
LA_D_2179611,10.31061840057373,10.311639785766602,ok
LA_D_2180694,14.269597053527832,14.27049446105957,ok
LA_D_2182436,11.986357688903809,11.986769676208496,ok
LA_D_2183037,14.040023803710938,14.040202140808105,ok
LA_D_2184401,14.993515014648438,14.9941987991333,ok
LA_D_2184798,16.299327850341797,16.30057144165039,ok
LA_D_2185134,15.240509033203125,15.241565704345703,ok
LA_D_2185899,17.33391571044922,17.34128761291504,ok
LA_D_2187760,17.664226531982422,17.681489944458008,ok
LA_D_2187904,15.045642852783203,15.045835494995117,ok
LA_D_2188246,-14.891575813293457,-14.892805099487305,ok
LA_D_2188344,15.15015697479248,15.152852058410645,ok
LA_D_2188353,11.666284561157227,11.666234970092773,ok
LA_D_2189504,18.29459571838379,18.2948055267334,ok
LA_D_2189641,16.25718879699707,16.260854721069336,ok
LA_D_2193624,18.537519454956055,18.540977478027344,ok
LA_D_2193916,13.06121826171875,13.062325477600098,ok
LA_D_2195201,14.70158576965332,14.702648162841797,ok
LA_D_2195251,15.976522445678711,15.97802448272705,ok
LA_D_2195595,16.8454647064209,16.84647560119629,ok
LA_D_2195628,14.647903442382812,14.65110969543457,ok
LA_D_2195736,8.845739364624023,8.846256256103516,ok
LA_D_2195770,10.661348342895508,10.661669731140137,ok
LA_D_2196548,15.341928482055664,15.34831714630127,ok
LA_D_2196978,13.635746002197266,13.635819435119629,ok
LA_D_2197132,9.693543434143066,9.69564437866211,ok
LA_D_2197541,13.249509811401367,13.268576622009277,ok
LA_D_2197811,16.40577507019043,16.409860610961914,ok
LA_D_2197985,16.09481430053711,16.10152244567871,ok
LA_D_2199278,2.174098491668701,2.175957441329956,ok
LA_D_2200669,11.703059196472168,11.703424453735352,ok
LA_D_2201205,12.987102508544922,12.990456581115723,ok
LA_D_2202228,14.471585273742676,14.471619606018066,ok
LA_D_2204353,15.682029724121094,15.690186500549316,ok
LA_D_2205300,16.93993377685547,16.941001892089844,ok
LA_D_2207720,7.567166328430176,7.567216396331787,ok
LA_D_2210828,17.60095977783203,17.609262466430664,ok
LA_D_2211657,12.137883186340332,12.138506889343262,ok
LA_D_2212414,-11.254511833190918,-11.2549409866333,ok
LA_D_2212427,17.1038761138916,17.10492515563965,ok
LA_D_2214692,11.772614479064941,11.772712707519531,ok
LA_D_2215298,13.226190567016602,13.226799964904785,ok
LA_D_2216664,12.44505500793457,12.446685791015625,ok
LA_D_2217221,11.932367324829102,11.932843208312988,ok
LA_D_2218447,15.217581748962402,15.21900463104248,ok
LA_D_2219009,17.560178756713867,17.56568717956543,ok
LA_D_2222489,9.055874824523926,9.060497283935547,ok
LA_D_2222567,15.075410842895508,15.075846672058105,ok
LA_D_2223300,16.44661521911621,16.45433235168457,ok
LA_D_2223782,9.52009391784668,9.520215034484863,ok
LA_D_2224110,21.46282196044922,21.47028923034668,ok
LA_D_2225547,12.149636268615723,12.151776313781738,ok
LA_D_2225574,23.216543197631836,23.219560623168945,ok
LA_D_2226134,13.962663650512695,13.967142105102539,ok
LA_D_2226291,7.2871832847595215,7.289012908935547,ok
LA_D_2226509,11.945528984069824,11.9484224319458,ok
LA_D_2227239,2.2565672397613525,2.25646710395813,ok
LA_D_2227552,12.863475799560547,12.863476753234863,ok
LA_D_2227757,11.662718772888184,11.663968086242676,ok
LA_D_2228121,8.07097053527832,8.071050643920898,ok
LA_D_2228504,10.769828796386719,10.769901275634766,ok
LA_D_2228641,13.234172821044922,13.234461784362793,ok
LA_D_2228764,16.336435317993164,16.338584899902344,ok
LA_D_2230192,-14.43040657043457,-14.431286811828613,ok
LA_D_2230362,15.79284381866455,15.793389320373535,ok
LA_D_2231364,8.399564743041992,8.399012565612793,ok
LA_D_2231411,15.036484718322754,15.037812232971191,ok
LA_D_2233973,14.850227355957031,14.850813865661621,ok
LA_D_2234125,15.925616264343262,15.927070617675781,ok
LA_D_2235229,11.972726821899414,11.972729682922363,ok
LA_D_2236885,14.758193969726562,14.758913040161133,ok
LA_D_2237572,10.65550422668457,10.656508445739746,ok
LA_D_2238363,13.224950790405273,13.23943042755127,ok
LA_D_2239594,12.22617244720459,12.2299222946167,ok
LA_D_2240504,18.409114837646484,18.414409637451172,ok
LA_D_2242800,11.736223220825195,11.738204002380371,ok
LA_D_2243154,13.73371696472168,13.733819007873535,ok
LA_D_2243169,13.598196983337402,13.598349571228027,ok
LA_D_2244005,17.03200340270996,17.033109664916992,ok
LA_D_2245059,8.489957809448242,8.497015953063965,ok
LA_D_2245814,13.888175964355469,13.889427185058594,ok
LA_D_2246688,16.3662109375,16.368099212646484,ok
LA_D_2247282,10.623811721801758,10.624093055725098,ok
LA_D_2247309,12.906839370727539,12.908408164978027,ok
LA_D_2249074,13.379982948303223,13.382706642150879,ok
LA_D_2250398,11.49373722076416,11.49390697479248,ok
LA_D_2251423,11.863143920898438,11.86365795135498,ok
LA_D_2254293,17.905118942260742,17.908512115478516,ok
LA_D_2254543,9.912181854248047,9.91268253326416,ok
LA_D_2254857,13.618672370910645,13.620051383972168,ok
LA_D_2255247,-13.811434745788574,-13.81145191192627,ok
LA_D_2255957,17.217893600463867,17.22712516784668,ok
LA_D_2256022,13.157294273376465,13.158266067504883,ok
LA_D_2258459,15.185683250427246,15.192294120788574,ok
LA_D_2258741,13.537544250488281,13.540942192077637,ok
LA_D_2259016,12.867663383483887,12.870198249816895,ok
LA_D_2259292,13.449119567871094,13.451029777526855,ok
LA_D_2259476,5.326827526092529,5.326986789703369,ok
LA_D_2259759,14.748558044433594,14.754380226135254,ok
LA_D_2260376,15.870894432067871,15.871859550476074,ok
LA_D_2263211,14.519967079162598,14.522160530090332,ok
LA_D_2264682,-13.725317001342773,-13.7254638671875,ok
LA_D_2265031,14.664313316345215,14.663379669189453,ok
LA_D_2265315,-15.676204681396484,-15.679431915283203,ok
LA_D_2265384,15.928157806396484,15.934074401855469,ok
LA_D_2265492,15.669093132019043,15.669733047485352,ok
LA_D_2265780,9.690366744995117,9.695082664489746,ok
LA_D_2267325,15.305002212524414,15.305357933044434,ok
LA_D_2270025,13.759474754333496,13.7633638381958,ok
LA_D_2270073,14.451459884643555,14.45649242401123,ok
LA_D_2274606,17.74351692199707,17.744709014892578,ok
LA_D_2274956,16.89379119873047,16.89809226989746,ok
LA_D_2275470,11.533002853393555,11.533132553100586,ok
LA_D_2275662,11.365111351013184,11.36535358428955,ok
LA_D_2276836,15.591564178466797,15.591846466064453,ok
LA_D_2276956,8.959973335266113,8.9600191116333,ok
LA_D_2278186,11.914017677307129,11.91611099243164,ok
LA_D_2278407,12.641305923461914,12.641810417175293,ok
LA_D_2279448,11.512757301330566,11.518198013305664,ok
LA_D_2279462,18.947397232055664,18.951234817504883,ok
LA_D_2280242,16.777313232421875,16.78227424621582,ok
LA_D_2280644,17.51833724975586,17.530115127563477,ok
LA_D_2281493,12.881021499633789,12.884997367858887,ok
LA_D_2282941,17.45384979248047,17.46396255493164,ok
LA_D_2284017,11.439085960388184,11.439079284667969,ok
LA_D_2284232,14.022149085998535,14.025175094604492,ok
LA_D_2287068,15.089371681213379,15.089461326599121,ok
LA_D_2287585,-13.318613052368164,-13.320649147033691,ok
LA_D_2288300,12.23791790008545,12.241507530212402,ok
LA_D_2289303,-10.907876968383789,-10.916152000427246,ok
LA_D_2289504,15.592987060546875,15.594549179077148,ok
LA_D_2289906,12.69878101348877,12.69996166229248,ok
LA_D_2289949,12.601365089416504,12.602330207824707,ok
LA_D_2290106,7.556386947631836,7.556455135345459,ok
LA_D_2290223,12.006153106689453,12.006503105163574,ok
LA_D_2290771,10.470087051391602,10.474893569946289,ok
LA_D_2291890,12.804754257202148,12.80943489074707,ok
LA_D_2292066,16.630088806152344,16.630874633789062,ok
LA_D_2293379,17.632192611694336,17.632192611694336,ok
LA_D_2293597,11.424714088439941,11.424715995788574,ok
LA_D_2293647,16.23381996154785,16.23598289489746,ok
LA_D_2294546,17.045711517333984,17.05220603942871,ok
LA_D_2295230,14.56450080871582,14.567461967468262,ok
LA_D_2295451,9.376524925231934,9.37779712677002,ok
LA_D_2296372,11.206703186035156,11.207262992858887,ok
LA_D_2298020,9.741408348083496,9.741965293884277,ok
LA_D_2298155,16.38241195678711,16.38361930847168,ok
LA_D_2298248,14.133084297180176,14.13425350189209,ok
LA_D_2299839,10.819289207458496,10.81952953338623,ok
LA_D_2300503,15.532232284545898,15.533072471618652,ok
LA_D_2300597,16.672069549560547,16.676790237426758,ok
LA_D_2301497,14.206082344055176,14.207100868225098,ok
LA_D_2303609,-13.867057800292969,-13.868866920471191,ok
LA_D_2304250,15.991674423217773,15.992688179016113,ok
LA_D_2305845,11.514019012451172,11.514864921569824,ok
LA_D_2306690,13.018345832824707,13.025592803955078,ok
LA_D_2306860,14.924517631530762,14.927254676818848,ok
LA_D_2307932,14.058146476745605,14.058793067932129,ok
LA_D_2308716,15.420891761779785,15.421333312988281,ok
LA_D_2309565,14.715926170349121,14.715855598449707,ok
LA_D_2309660,9.640861511230469,9.641921997070312,ok
LA_D_2311080,17.323625564575195,17.326366424560547,ok
LA_D_2311237,-14.766297340393066,-14.769022941589355,ok
LA_D_2314822,11.12181568145752,11.122567176818848,ok
LA_D_2318160,15.034880638122559,15.036890983581543,ok
LA_D_2319450,10.873276710510254,10.874058723449707,ok
LA_D_2319804,12.13309383392334,12.135211944580078,ok
LA_D_2319940,17.650142669677734,17.652481079101562,ok
LA_D_2321124,14.612832069396973,14.613456726074219,ok
LA_D_2322081,-14.937983512878418,-14.938185691833496,ok
LA_D_2322141,14.120696067810059,14.121855735778809,ok
LA_D_2322982,12.665239334106445,12.666952133178711,ok
LA_D_2323900,13.796488761901855,13.797505378723145,ok
LA_D_2324235,-12.652783393859863,-12.654773712158203,ok
LA_D_2325645,12.488127708435059,12.492142677307129,ok
LA_D_2327416,16.277456283569336,16.27902603149414,ok
LA_D_2327560,15.541792869567871,15.542573928833008,ok
LA_D_2328159,19.44305419921875,19.449066162109375,ok
LA_D_2329756,12.893916130065918,12.896879196166992,ok
LA_D_2330702,16.310222625732422,16.31196403503418,ok
LA_D_2332467,11.47901439666748,11.479260444641113,ok
LA_D_2332596,15.36431884765625,15.365437507629395,ok
LA_D_2334588,-13.459514617919922,-13.462980270385742,ok
LA_D_2335219,14.450489044189453,14.451224327087402,ok
LA_D_2335395,9.944194793701172,9.951973915100098,ok
LA_D_2335490,16.887027740478516,16.89585304260254,ok
LA_D_2335769,15.569406509399414,15.570761680603027,ok
LA_D_2336005,18.534757614135742,18.536409378051758,ok
LA_D_2338525,-12.265811920166016,-12.266256332397461,ok
LA_D_2339812,13.826776504516602,13.832213401794434,ok
LA_D_2339825,-11.932641983032227,-11.934431076049805,ok
LA_D_2340415,12.555328369140625,12.557333946228027,ok
LA_D_2340770,13.168905258178711,13.1687593460083,ok
LA_D_2341150,13.476916313171387,13.47690486907959,ok
LA_D_2341615,13.088621139526367,13.089909553527832,ok
LA_D_2341646,12.396696090698242,12.397333145141602,ok
LA_D_2342254,17.36553382873535,17.370527267456055,ok
LA_D_2342626,16.95246696472168,16.95288848876953,ok
LA_D_2343950,14.638205528259277,14.639107704162598,ok
LA_D_2344292,16.88154411315918,16.882516860961914,ok
LA_D_2344679,10.9401273727417,10.942028045654297,ok
LA_D_2345337,18.220577239990234,18.22273063659668,ok
LA_D_2345402,8.958839416503906,8.95930290222168,ok
LA_D_2346599,17.35616683959961,17.357641220092773,ok
LA_D_2347486,13.9989595413208,13.99975872039795,ok
LA_D_2349125,12.545230865478516,12.546791076660156,ok
LA_D_2350008,15.327948570251465,15.328661918640137,ok
LA_D_2350123,15.484640121459961,15.486553192138672,ok
LA_D_2350572,13.179954528808594,13.182028770446777,ok
LA_D_2350784,14.82086181640625,14.822880744934082,ok
LA_D_2352643,11.426274299621582,11.427145957946777,ok
LA_D_2352862,12.166374206542969,12.167229652404785,ok
LA_D_2352948,14.468653678894043,14.469843864440918,ok
LA_D_2353795,13.599294662475586,13.599333763122559,ok
LA_D_2354611,14.771421432495117,14.771870613098145,ok
LA_D_2357327,13.761406898498535,13.762099266052246,ok
LA_D_2357497,18.633995056152344,18.6423397064209,ok
LA_D_2358779,15.253137588500977,15.256729125976562,ok
LA_D_2360026,15.17594051361084,15.176950454711914,ok
LA_D_2361529,10.92983627319336,10.929888725280762,ok
LA_D_2361610,13.789399147033691,13.794371604919434,ok
LA_D_2361735,14.413154602050781,14.419743537902832,ok
LA_D_2363490,14.905169486999512,14.910101890563965,ok
LA_D_2363543,12.882147789001465,12.88233470916748,ok
LA_D_2363836,-14.450791358947754,-14.453335762023926,ok
LA_D_2364299,16.699914932250977,16.701236724853516,ok
LA_D_2364584,14.02256965637207,14.022978782653809,ok
LA_D_2364597,15.043725967407227,15.045001029968262,ok
LA_D_2365147,-12.745720863342285,-12.747594833374023,ok
LA_D_2365482,14.13819694519043,14.13886547088623,ok
LA_D_2365865,17.08633804321289,17.087377548217773,ok
LA_D_2366142,17.30290412902832,17.316556930541992,ok
LA_D_2367658,13.225313186645508,13.229826927185059,ok
LA_D_2367854,12.871418952941895,12.871638298034668,ok
LA_D_2367943,18.27021598815918,18.272092819213867,ok
LA_D_2368097,18.223337173461914,18.236284255981445,ok
LA_D_2369381,13.764095306396484,13.768982887268066,ok
LA_D_2369549,19.45716094970703,19.457761764526367,ok
LA_D_2370383,-15.341229438781738,-15.342832565307617,ok
LA_D_2370652,9.199423789978027,9.199437141418457,ok
LA_D_2371320,17.78112030029297,17.78318214416504,ok
LA_D_2371366,13.96871280670166,13.969490051269531,ok
LA_D_2371531,13.628230094909668,13.635197639465332,ok
LA_D_2372787,18.36675453186035,18.373327255249023,ok
LA_D_2372835,14.512141227722168,14.516077995300293,ok
LA_D_2373826,18.02279281616211,18.030908584594727,ok
LA_D_2374054,12.870441436767578,12.872170448303223,ok
LA_D_2374547,16.08694839477539,16.091630935668945,ok
LA_D_2374590,12.2752103805542,12.275273323059082,ok
LA_D_2375001,16.46982192993164,16.472841262817383,ok
LA_D_2375008,-14.377994537353516,-14.378390312194824,ok
LA_D_2375973,8.730652809143066,8.732132911682129,ok
LA_D_2376428,16.363826751708984,16.36530876159668,ok
LA_D_2379249,15.025506973266602,15.028773307800293,ok
LA_D_2379549,11.381019592285156,11.382403373718262,ok
LA_D_2380064,-13.579933166503906,-13.589193344116211,ok
LA_D_2380135,12.037984848022461,12.038018226623535,ok
LA_D_2380365,10.13827896118164,10.14560604095459,ok
LA_D_2381000,12.189230918884277,12.195744514465332,ok
LA_D_2382522,-14.674283981323242,-14.674337387084961,ok
LA_D_2382681,14.633283615112305,14.633313179016113,ok
LA_D_2382959,12.921100616455078,12.924883842468262,ok
LA_D_2385054,14.468025207519531,14.469393730163574,ok
LA_D_2386184,18.278223037719727,18.28131103515625,ok
LA_D_2386577,18.741846084594727,18.742782592773438,ok
LA_D_2388211,11.22418212890625,11.224783897399902,ok
LA_D_2388321,13.532357215881348,13.539826393127441,ok
LA_D_2389765,14.276732444763184,14.277957916259766,ok
LA_D_2392484,13.04975700378418,13.052363395690918,ok
LA_D_2393554,14.481237411499023,14.482852935791016,ok
LA_D_2394024,15.955985069274902,15.956315040588379,ok
LA_D_2395590,12.14610767364502,12.147757530212402,ok
LA_D_2395644,14.262876510620117,14.264318466186523,ok
LA_D_2395699,17.74700355529785,17.753602981567383,ok
LA_D_2396760,11.126354217529297,11.127776145935059,ok
LA_D_2396773,10.747089385986328,10.747267723083496,ok
LA_D_2397533,8.560792922973633,8.561600685119629,ok
LA_D_2399485,14.3060941696167,14.30889892578125,ok
LA_D_2399961,15.930789947509766,15.931979179382324,ok
LA_D_2400343,13.947747230529785,13.95232105255127,ok
LA_D_2401656,12.465888977050781,12.465943336486816,ok
LA_D_2402189,7.5133538246154785,7.5172014236450195,ok
LA_D_2403062,9.142539024353027,9.142650604248047,ok
LA_D_2403365,8.368696212768555,8.369159698486328,ok
LA_D_2403858,14.422430992126465,14.423430442810059,ok
LA_D_2404279,10.829117774963379,10.829156875610352,ok
LA_D_2404405,-14.12817096710205,-14.128458023071289,ok
LA_D_2405181,16.046873092651367,16.046863555908203,ok
LA_D_2405339,16.40846061706543,16.413999557495117,ok
LA_D_2405558,13.862491607666016,13.877279281616211,ok
LA_D_2406469,18.074432373046875,18.078588485717773,ok
LA_D_2406653,10.872974395751953,10.873735427856445,ok
LA_D_2406981,6.8531341552734375,6.861917018890381,ok
LA_D_2408504,14.117431640625,14.117827415466309,ok
LA_D_2409304,15.059247016906738,15.060820579528809,ok
LA_D_2409344,16.5136661529541,16.5253849029541,ok
LA_D_2410043,5.405437469482422,5.405847549438477,ok
LA_D_2412061,16.485363006591797,16.488962173461914,ok
LA_D_2412410,7.421524524688721,7.422149181365967,ok
LA_D_2412446,12.002117156982422,12.002934455871582,ok
LA_D_2412575,8.953323364257812,8.956506729125977,ok
LA_D_2412960,-6.799341678619385,-6.801781177520752,ok
LA_D_2413214,15.695859909057617,15.697248458862305,ok
LA_D_2413811,13.32862663269043,13.330436706542969,ok
LA_D_2414625,15.205960273742676,15.206648826599121,ok
LA_D_2416790,13.315540313720703,13.317866325378418,ok
LA_D_2417193,-16.51628875732422,-16.51993751525879,ok
LA_D_2417651,14.661399841308594,14.674439430236816,ok
LA_D_2417938,14.328590393066406,14.331395149230957,ok
LA_D_2418862,14.514286994934082,14.51583480834961,ok
LA_D_2418943,13.481484413146973,13.483536720275879,ok
LA_D_2419036,17.524930953979492,17.527368545532227,ok
LA_D_2419210,17.835956573486328,17.83722496032715,ok
LA_D_2419825,17.526992797851562,17.536680221557617,ok
LA_D_2419904,18.795032501220703,18.808683395385742,ok
LA_D_2421665,12.069489479064941,12.071715354919434,ok
LA_D_2422297,13.09162425994873,13.09359073638916,ok
LA_D_2422770,15.742591857910156,15.743212699890137,ok
LA_D_2423406,17.73480796813965,17.735567092895508,ok
LA_D_2424417,13.215306282043457,13.215249061584473,ok
LA_D_2424487,12.679500579833984,12.679505348205566,ok
LA_D_2425412,14.562799453735352,14.56311321258545,ok
LA_D_2425446,18.966798782348633,18.96940803527832,ok
LA_D_2425743,14.705138206481934,14.707984924316406,ok
LA_D_2426166,11.146455764770508,11.148094177246094,ok
LA_D_2426319,19.194477081298828,19.195220947265625,ok
LA_D_2427111,11.773689270019531,11.774270057678223,ok
LA_D_2427116,8.470338821411133,8.471728324890137,ok
LA_D_2427170,19.789077758789062,19.7919979095459,ok
LA_D_2427445,18.455839157104492,18.471120834350586,ok
LA_D_2428124,14.58863639831543,14.592613220214844,ok
LA_D_2428239,13.194090843200684,13.194855690002441,ok
LA_D_2428433,17.629352569580078,17.631183624267578,ok
LA_D_2430078,9.030800819396973,9.03195858001709,ok
LA_D_2430243,15.330398559570312,15.332221031188965,ok
LA_D_2431857,15.30429458618164,15.308693885803223,ok
LA_D_2432615,14.263084411621094,14.263787269592285,ok
LA_D_2433056,12.708257675170898,12.708916664123535,ok
LA_D_2434538,18.867660522460938,18.86777687072754,ok
LA_D_2435960,8.790075302124023,8.789508819580078,ok
LA_D_2436364,-15.203079223632812,-15.203937530517578,ok
LA_D_2437354,10.744840621948242,10.747933387756348,ok
LA_D_2437399,16.90534782409668,16.910688400268555,ok
LA_D_2439299,17.783227920532227,17.78571891784668,ok
LA_D_2441093,12.838919639587402,12.839547157287598,ok
LA_D_2441155,11.972810745239258,11.980658531188965,ok
LA_D_2441943,-12.801027297973633,-12.803887367248535,ok
LA_D_2442523,15.42202377319336,15.425471305847168,ok
LA_D_2443752,16.244205474853516,16.24437141418457,ok
LA_D_2444360,14.46906852722168,14.47183609008789,ok
LA_D_2444810,12.805055618286133,12.809144973754883,ok
LA_D_2445037,14.179956436157227,14.179976463317871,ok
LA_D_2445554,-14.837386131286621,-14.838311195373535,ok
LA_D_2445772,14.059563636779785,14.059558868408203,ok
LA_D_2446049,12.929871559143066,12.93088436126709,ok
LA_D_2446369,17.484012603759766,17.48807144165039,ok
LA_D_2447524,16.58975601196289,16.592618942260742,ok
LA_D_2448121,14.841690063476562,14.843716621398926,ok
LA_D_2448162,9.872246742248535,9.872275352478027,ok
LA_D_2449761,8.785715103149414,8.788795471191406,ok
LA_D_2451673,14.759977340698242,14.765122413635254,ok
LA_D_2451686,17.833547592163086,17.833906173706055,ok
LA_D_2451802,19.195669174194336,19.195833206176758,ok
LA_D_2452544,-12.109299659729004,-12.117203712463379,ok
LA_D_2454370,19.287878036499023,19.29149055480957,ok
LA_D_2455516,19.131542205810547,19.13691520690918,ok
LA_D_2456990,17.654462814331055,17.654462814331055,ok
LA_D_2458766,15.38892650604248,15.391342163085938,ok
LA_D_2460010,15.969112396240234,15.976147651672363,ok
LA_D_2460108,14.285603523254395,14.287007331848145,ok
LA_D_2460221,16.538244247436523,16.539241790771484,ok
LA_D_2460870,16.957454681396484,16.961023330688477,ok
LA_D_2461413,12.415812492370605,12.416631698608398,ok
LA_D_2461506,13.250227928161621,13.25117015838623,ok
LA_D_2461601,12.8058443069458,12.8074951171875,ok
LA_D_2462449,15.03751277923584,15.037339210510254,ok
LA_D_2462521,-13.091473579406738,-13.092432975769043,ok
LA_D_2464441,12.175148963928223,12.177504539489746,ok
LA_D_2465807,15.823925971984863,15.824322700500488,ok
LA_D_2466781,-12.001975059509277,-12.003063201904297,ok
LA_D_2466917,10.557528495788574,10.558022499084473,ok
LA_D_2467416,15.43193531036377,15.432122230529785,ok
LA_D_2467700,16.437721252441406,16.4405460357666,ok
LA_D_2468278,7.976761341094971,7.977911472320557,ok
LA_D_2469934,18.672677993774414,18.681039810180664,ok
LA_D_2471375,13.311508178710938,13.310830116271973,ok
LA_D_2471995,17.891469955444336,17.894495010375977,ok
LA_D_2473428,10.2786226272583,10.279776573181152,ok
LA_D_2473723,15.865177154541016,15.866528511047363,ok
LA_D_2473777,12.164728164672852,12.165678977966309,ok
LA_D_2473895,18.153091430664062,18.155115127563477,ok
LA_D_2473905,16.891719818115234,16.892702102661133,ok
LA_D_2475221,11.675457000732422,11.675599098205566,ok
LA_D_2475830,13.265035629272461,13.269248008728027,ok
LA_D_2478413,14.933138847351074,14.934332847595215,ok
LA_D_2478969,16.064048767089844,16.064565658569336,ok
LA_D_2479312,14.702498435974121,14.702670097351074,ok
LA_D_2480484,23.466381072998047,23.46929359436035,ok
LA_D_2481318,12.850050926208496,12.850720405578613,ok
LA_D_2481485,15.713252067565918,15.716292381286621,ok
LA_D_2481560,13.629191398620605,13.629294395446777,ok
LA_D_2482572,15.402311325073242,15.404467582702637,ok
LA_D_2482996,14.116732597351074,14.120583534240723,ok
LA_D_2483131,17.28254508972168,17.283796310424805,ok
LA_D_2484663,14.823208808898926,14.824389457702637,ok
LA_D_2485107,19.10972023010254,19.110307693481445,ok
LA_D_2485529,13.167463302612305,13.167458534240723,ok
LA_D_2485725,20.051395416259766,20.05624008178711,ok
LA_D_2488691,17.158794403076172,17.163408279418945,ok
LA_D_2488913,12.8873872756958,12.887343406677246,ok
LA_D_2488992,11.666788101196289,11.667569160461426,ok
LA_D_2489813,15.353914260864258,15.355011940002441,ok
LA_D_2490025,12.108908653259277,12.112942695617676,ok
LA_D_2490231,15.269658088684082,15.2728853225708,ok
LA_D_2490654,17.397106170654297,17.410078048706055,ok
LA_D_2490787,7.984701156616211,7.983946323394775,ok
LA_D_2491741,8.68786907196045,8.690825462341309,ok
LA_D_2492206,16.304893493652344,16.30510139465332,ok
LA_D_2492831,10.516515731811523,10.51941204071045,ok
LA_D_2493315,-3.7364401817321777,-3.736487627029419,ok
LA_D_2494446,14.505392074584961,14.506501197814941,ok
LA_D_2494449,12.233475685119629,12.236807823181152,ok
LA_D_2494496,12.450823783874512,12.454903602600098,ok
LA_D_2494939,12.533434867858887,12.533605575561523,ok
LA_D_2496910,-9.829864501953125,-9.831913948059082,ok
LA_D_2497046,16.81900405883789,16.819311141967773,ok
LA_D_2498281,21.02136993408203,21.025644302368164,ok
LA_D_2498389,12.377447128295898,12.37772274017334,ok
LA_D_2498703,15.331777572631836,15.33300495147705,ok
LA_D_2499496,18.47616195678711,18.477827072143555,ok
LA_D_2499638,11.734870910644531,11.73528003692627,ok
LA_D_2499680,14.908443450927734,14.909138679504395,ok
LA_D_2499954,8.168302536010742,8.168601036071777,ok
LA_D_2499979,12.705079078674316,12.709071159362793,ok
LA_D_2500876,11.751855850219727,11.75198745727539,ok
LA_D_2501643,11.024592399597168,11.024714469909668,ok
LA_D_2502418,13.515297889709473,13.516695976257324,ok
LA_D_2502471,10.878437995910645,10.878714561462402,ok
LA_D_2502487,11.386100769042969,11.3901948928833,ok
LA_D_2503313,16.566808700561523,16.56740951538086,ok
LA_D_2504438,14.425091743469238,14.428603172302246,ok
LA_D_2504571,18.19336700439453,18.200529098510742,ok
LA_D_2507417,12.010711669921875,12.015135765075684,ok
LA_D_2507973,14.98690128326416,14.989300727844238,ok
LA_D_2508069,16.45694923400879,16.46049690246582,ok
LA_D_2508484,11.269378662109375,11.269736289978027,ok
LA_D_2508763,10.349272727966309,10.350753784179688,ok
LA_D_2509891,12.651512145996094,12.654964447021484,ok
LA_D_2510886,13.13007926940918,13.130908966064453,ok
LA_D_2511151,10.24518871307373,10.245633125305176,ok
LA_D_2513024,10.9616117477417,10.967970848083496,ok
LA_D_2514874,6.291029930114746,6.291926860809326,ok
LA_D_2515908,13.026915550231934,13.030671119689941,ok
LA_D_2516382,13.427244186401367,13.429194450378418,ok
LA_D_2517022,-14.442720413208008,-14.462489128112793,ok
LA_D_2517481,15.741905212402344,15.745011329650879,ok
LA_D_2518822,-12.945868492126465,-12.946008682250977,ok
LA_D_2518987,9.697607040405273,9.697630882263184,ok
LA_D_2519499,10.120147705078125,10.121052742004395,ok
LA_D_2519581,16.249675750732422,16.250961303710938,ok
LA_D_2519862,-13.852350234985352,-13.853495597839355,ok
LA_D_2522340,17.458057403564453,17.460298538208008,ok
LA_D_2523108,23.2521915435791,23.25701332092285,ok
LA_D_2525000,-14.918831825256348,-14.920048713684082,ok
LA_D_2525110,14.747800827026367,14.752854347229004,ok
LA_D_2525525,11.005900382995605,11.006122589111328,ok
LA_D_2525577,14.416547775268555,14.418700218200684,ok
LA_D_2526971,7.668178558349609,7.668874263763428,ok
LA_D_2527215,18.22587776184082,18.23267936706543,ok
LA_D_2527247,15.582714080810547,15.582743644714355,ok
LA_D_2528296,15.096675872802734,15.097542762756348,ok
LA_D_2529982,17.64974594116211,17.670063018798828,ok
LA_D_2530462,13.215455055236816,13.215486526489258,ok
LA_D_2530547,19.625593185424805,19.6407413482666,ok
LA_D_2531373,-13.09313678741455,-13.100918769836426,ok
LA_D_2531385,15.864253044128418,15.866095542907715,ok
LA_D_2532530,16.54427146911621,16.544904708862305,ok
LA_D_2532665,16.049596786499023,16.054052352905273,ok
LA_D_2533846,10.609539985656738,10.609814643859863,ok
LA_D_2534146,11.542176246643066,11.542959213256836,ok
LA_D_2534849,-13.49271297454834,-13.500475883483887,ok
LA_D_2536110,18.119319915771484,18.123361587524414,ok
LA_D_2536179,11.2837553024292,11.285553932189941,ok
LA_D_2536291,4.504774570465088,4.506009578704834,ok
LA_D_2537525,14.711499214172363,14.714251518249512,ok
LA_D_2539732,12.818309783935547,12.820666313171387,ok
LA_D_2540693,12.134580612182617,12.140338897705078,ok
LA_D_2541236,16.894168853759766,16.894392013549805,ok
LA_D_2541397,12.667808532714844,12.668257713317871,ok
LA_D_2541811,12.419300079345703,12.41979694366455,ok
LA_D_2541982,16.443714141845703,16.44879722595215,ok
LA_D_2542296,11.096759796142578,11.097549438476562,ok
LA_D_2542630,10.83651065826416,10.836638450622559,ok
LA_D_2542779,14.134171485900879,14.134376525878906,ok
LA_D_2542974,14.043234825134277,14.045201301574707,ok
LA_D_2543157,15.274765014648438,15.280985832214355,ok
LA_D_2544213,15.390152931213379,15.392085075378418,ok
LA_D_2544697,14.374687194824219,14.378114700317383,ok
LA_D_2545209,14.097628593444824,14.101414680480957,ok
LA_D_2545730,17.093446731567383,17.09700584411621,ok
LA_D_2545950,14.068276405334473,14.06832218170166,ok
LA_D_2546184,14.347295761108398,14.348159790039062,ok
LA_D_2547623,14.432645797729492,14.438775062561035,ok
LA_D_2549631,11.052724838256836,11.060952186584473,ok
LA_D_2549993,13.007122039794922,13.007105827331543,ok
LA_D_2550165,15.025973320007324,15.028197288513184,ok
LA_D_2550548,14.02231502532959,14.023282051086426,ok
LA_D_2551261,12.780413627624512,12.782315254211426,ok
LA_D_2552841,10.804632186889648,10.807863235473633,ok
LA_D_2553532,9.147591590881348,9.148153305053711,ok
LA_D_2555715,14.87228012084961,14.88398551940918,ok
LA_D_2556606,17.647174835205078,17.64777374267578,ok
LA_D_2557760,13.971711158752441,13.976855278015137,ok
LA_D_2557946,16.143430709838867,16.148427963256836,ok
LA_D_2558084,12.392836570739746,12.394196510314941,ok
LA_D_2558912,15.661333084106445,15.663869857788086,ok
LA_D_2559493,12.624823570251465,12.628003120422363,ok
LA_D_2561400,13.182364463806152,13.18533706665039,ok
LA_D_2562850,15.11926555633545,15.132184982299805,ok
LA_D_2563154,12.631863594055176,12.634406089782715,ok
LA_D_2563213,15.494473457336426,15.500210762023926,ok
LA_D_2564083,13.634150505065918,13.637715339660645,ok
LA_D_2565263,12.622664451599121,12.622762680053711,ok
LA_D_2565359,-15.480134010314941,-15.481464385986328,ok
LA_D_2565381,16.79176139831543,16.791799545288086,ok
LA_D_2566690,13.160707473754883,13.161402702331543,ok
LA_D_2566965,18.02248764038086,18.03715705871582,ok
LA_D_2567965,11.583784103393555,11.585515022277832,ok
LA_D_2570184,10.111652374267578,10.111676216125488,ok
LA_D_2570544,10.890005111694336,10.8906888961792,ok
LA_D_2570780,12.025870323181152,12.027606964111328,ok
LA_D_2571309,14.110624313354492,14.112130165100098,ok
LA_D_2572361,16.498491287231445,16.49847984313965,ok
LA_D_2573565,14.745880126953125,14.748900413513184,ok
LA_D_2575136,19.449556350708008,19.4549617767334,ok
LA_D_2575495,11.031244277954102,11.031332969665527,ok
LA_D_2576768,13.13461971282959,13.13457202911377,ok
LA_D_2576822,11.83832836151123,11.839837074279785,ok
LA_D_2577424,6.192659854888916,6.192923069000244,ok
LA_D_2578749,-13.222681999206543,-13.224825859069824,ok
LA_D_2579139,14.729040145874023,14.731846809387207,ok
LA_D_2579249,12.236068725585938,12.236258506774902,ok
LA_D_2579907,11.698049545288086,11.700837135314941,ok
LA_D_2581071,11.137125015258789,11.13791561126709,ok
LA_D_2581733,17.07935333251953,17.082643508911133,ok
LA_D_2583710,14.225308418273926,14.22866439819336,ok
LA_D_2583973,16.285306930541992,16.288312911987305,ok
LA_D_2586141,9.674052238464355,9.674057006835938,ok
LA_D_2587030,10.904959678649902,10.907929420471191,ok
LA_D_2589783,15.03625202178955,15.039935111999512,ok
LA_D_2590726,-15.27011775970459,-15.272031784057617,ok
LA_D_2590744,10.865715026855469,10.866671562194824,ok
LA_D_2590761,16.34723472595215,16.348642349243164,ok
LA_D_2592823,16.72776985168457,16.731033325195312,ok
LA_D_2595427,13.33864688873291,13.341126441955566,ok
LA_D_2595652,11.567521095275879,11.567571640014648,ok
LA_D_2596003,15.688910484313965,15.688974380493164,ok
LA_D_2596513,11.808188438415527,11.80855655670166,ok
LA_D_2597129,11.517377853393555,11.517678260803223,ok
LA_D_2597444,14.333032608032227,14.334054946899414,ok
LA_D_2597748,-14.963729858398438,-14.968398094177246,ok
LA_D_2598079,13.164505958557129,13.164860725402832,ok
LA_D_2598117,12.58208179473877,12.583085060119629,ok
LA_D_2598422,14.278545379638672,14.283005714416504,ok
LA_D_2598470,4.123685359954834,4.123748779296875,ok
LA_D_2598664,20.405826568603516,20.4188175201416,ok
LA_D_2600674,11.003665924072266,11.003703117370605,ok
LA_D_2601154,17.12351417541504,17.124774932861328,ok
LA_D_2602113,12.94900131225586,12.949362754821777,ok
LA_D_2602453,16.80714988708496,16.807878494262695,ok
LA_D_2602670,16.34282112121582,16.344127655029297,ok
LA_D_2602925,13.2441987991333,13.245403289794922,ok
LA_D_2603106,11.805939674377441,11.806622505187988,ok
LA_D_2604446,14.746040344238281,14.7496976852417,ok
LA_D_2606095,9.81860065460205,9.818696022033691,ok
LA_D_2607016,16.42841911315918,16.430286407470703,ok
LA_D_2607277,14.866443634033203,14.87097454071045,ok
LA_D_2608601,15.88764762878418,15.893265724182129,ok
LA_D_2609052,11.426732063293457,11.427994728088379,ok
LA_D_2609323,-13.07923412322998,-13.082037925720215,ok
LA_D_2609462,16.1109676361084,16.11142921447754,ok
LA_D_2610325,12.715043067932129,12.716062545776367,ok
LA_D_2612254,-15.523693084716797,-15.5255765914917,ok
LA_D_2613067,20.34794044494629,20.35699462890625,ok
LA_D_2613646,12.328380584716797,12.329485893249512,ok
LA_D_2615945,11.043924331665039,11.045432090759277,ok
LA_D_2616799,12.09423828125,12.096077919006348,ok
LA_D_2617066,13.339315414428711,13.34003734588623,ok
LA_D_2617516,14.537019729614258,14.53809642791748,ok
LA_D_2618723,13.059810638427734,13.060298919677734,ok
LA_D_2618748,14.066926956176758,14.067294120788574,ok
LA_D_2619504,11.69670581817627,11.69865894317627,ok
LA_D_2621156,13.822829246520996,13.823676109313965,ok
LA_D_2621260,10.752606391906738,10.752466201782227,ok
LA_D_2622778,10.18553352355957,10.18552303314209,ok
LA_D_2623262,21.116456985473633,21.120040893554688,ok
LA_D_2625096,11.032523155212402,11.033574104309082,ok
LA_D_2625129,19.320369720458984,19.3530330657959,ok
LA_D_2625605,14.52698040008545,14.527705192565918,ok
LA_D_2626102,15.84177017211914,15.851518630981445,ok
LA_D_2626312,14.288105964660645,14.290003776550293,ok
LA_D_2626325,15.061887741088867,15.062549591064453,ok
LA_D_2627199,17.53719711303711,17.542768478393555,ok
LA_D_2627350,15.203537940979004,15.213152885437012,ok
LA_D_2628079,11.656484603881836,11.657919883728027,ok
LA_D_2628131,14.529726028442383,14.530465126037598,ok
LA_D_2628460,14.607563972473145,14.607872009277344,ok
LA_D_2628592,15.814128875732422,15.816699028015137,ok
LA_D_2628819,16.67792510986328,16.679533004760742,ok
LA_D_2630786,15.359411239624023,15.360995292663574,ok
LA_D_2632286,16.983449935913086,16.9847469329834,ok
LA_D_2632718,11.7523832321167,11.759551048278809,ok
LA_D_2633677,18.392745971679688,18.397310256958008,ok
LA_D_2634056,11.195091247558594,11.195097923278809,ok
LA_D_2634266,7.555934429168701,7.556125164031982,ok
LA_D_2636579,20.822172164916992,20.82663917541504,ok
LA_D_2637205,10.501995086669922,10.50196361541748,ok
LA_D_2638013,15.980622291564941,15.985201835632324,ok
LA_D_2638042,14.223569869995117,14.223610877990723,ok
LA_D_2639105,17.58159065246582,17.58251190185547,ok
LA_D_2642581,8.598995208740234,8.599193572998047,ok
LA_D_2643003,14.841891288757324,14.846209526062012,ok
LA_D_2643276,15.288204193115234,15.299392700195312,ok
LA_D_2643397,19.155914306640625,19.160959243774414,ok
LA_D_2644387,-5.111483097076416,-5.111763000488281,ok
LA_D_2644554,13.385823249816895,13.391026496887207,ok
LA_D_2645663,14.859977722167969,14.864112854003906,ok
LA_D_2646681,23.16594886779785,23.1717586517334,ok
LA_D_2647059,10.178272247314453,10.178502082824707,ok
LA_D_2648396,12.390836715698242,12.390934944152832,ok
LA_D_2648941,16.775676727294922,16.77638053894043,ok
LA_D_2649278,18.659236907958984,18.663738250732422,ok
LA_D_2649880,14.99718189239502,14.999188423156738,ok
LA_D_2651341,9.258271217346191,9.25834846496582,ok
LA_D_2651795,8.90963363647461,8.90979290008545,ok
LA_D_2652985,9.060147285461426,9.060422897338867,ok
LA_D_2653429,9.521064758300781,9.530010223388672,ok
LA_D_2653610,13.400053977966309,13.400580406188965,ok
LA_D_2654160,13.625062942504883,13.625361442565918,ok
LA_D_2655283,12.808877944946289,12.808796882629395,ok
LA_D_2655610,-12.760422706604004,-12.761282920837402,ok
LA_D_2655621,15.860856056213379,15.870892524719238,ok
LA_D_2656565,14.987436294555664,14.987835884094238,ok
LA_D_2657707,14.028964042663574,14.029484748840332,ok
LA_D_2658622,-12.530255317687988,-12.533474922180176,ok
LA_D_2658832,11.75578498840332,11.758091926574707,ok
LA_D_2658907,7.193717002868652,7.193856716156006,ok
LA_D_2659066,-13.044114112854004,-13.044400215148926,ok
LA_D_2660381,17.692602157592773,17.697900772094727,ok
LA_D_2660438,9.407984733581543,9.40832805633545,ok
LA_D_2660514,14.145389556884766,14.146409034729004,ok
LA_D_2661411,16.89552879333496,16.899402618408203,ok
LA_D_2661690,15.819757461547852,15.825159072875977,ok
LA_D_2661958,14.253202438354492,14.253262519836426,ok
LA_D_2663437,15.467998504638672,15.46983528137207,ok
LA_D_2665880,9.426074028015137,9.42806339263916,ok
LA_D_2666258,15.726414680480957,15.735282897949219,ok
LA_D_2667561,16.408931732177734,16.41386604309082,ok
LA_D_2667967,15.480144500732422,15.480155944824219,ok
LA_D_2668830,11.024346351623535,11.02507495880127,ok
LA_D_2669080,18.871675491333008,18.872575759887695,ok
LA_D_2669376,15.837264060974121,15.840853691101074,ok
LA_D_2669790,12.578462600708008,12.579330444335938,ok
LA_D_2670809,14.833043098449707,14.835772514343262,ok
LA_D_2671594,8.657403945922852,8.657605171203613,ok
LA_D_2674105,14.90479850769043,14.905694007873535,ok
LA_D_2676220,9.870627403259277,9.870537757873535,ok
LA_D_2677497,12.694000244140625,12.69414234161377,ok
LA_D_2677654,9.703520774841309,9.703518867492676,ok
LA_D_2680311,11.0324068069458,11.032878875732422,ok
LA_D_2682641,15.317703247070312,15.320805549621582,ok
LA_D_2683285,18.015628814697266,18.018476486206055,ok
LA_D_2684010,14.52187728881836,14.522980690002441,ok
LA_D_2684959,15.16268253326416,15.16641616821289,ok
LA_D_2685703,19.235614776611328,19.238792419433594,ok
LA_D_2686014,14.757290840148926,14.760641098022461,ok
LA_D_2686278,10.703537940979004,10.704217910766602,ok
LA_D_2688414,-9.870088577270508,-9.871495246887207,ok
LA_D_2688863,14.393467903137207,14.394718170166016,ok
LA_D_2689404,13.943991661071777,13.945935249328613,ok
LA_D_2690336,13.675058364868164,13.675921440124512,ok
LA_D_2690518,11.680309295654297,11.680548667907715,ok
LA_D_2690780,-12.854643821716309,-12.854958534240723,ok
LA_D_2691745,16.017980575561523,16.021116256713867,ok
LA_D_2691829,10.159048080444336,10.160924911499023,ok
LA_D_2691873,15.025943756103516,15.028035163879395,ok
LA_D_2691898,15.12109661102295,15.121271133422852,ok
LA_D_2692136,19.820655822753906,19.82917594909668,ok
LA_D_2692895,10.122233390808105,10.122525215148926,ok
LA_D_2693758,10.384005546569824,10.383957862854004,ok
LA_D_2693786,13.025696754455566,13.025873184204102,ok
LA_D_2695373,17.168048858642578,17.169992446899414,ok
LA_D_2696306,12.637381553649902,12.638834953308105,ok
LA_D_2696379,9.224126815795898,9.224358558654785,ok
LA_D_2696634,13.002874374389648,13.004694938659668,ok
LA_D_2697100,12.705589294433594,12.709214210510254,ok
LA_D_2698574,14.191305160522461,14.191914558410645,ok
LA_D_2699739,10.20590591430664,10.206015586853027,ok
LA_D_2700899,13.814371109008789,13.816802024841309,ok
LA_D_2700963,14.710501670837402,14.7114839553833,ok
LA_D_2701856,12.887544631958008,12.891655921936035,ok
LA_D_2705731,11.363396644592285,11.363341331481934,ok
LA_D_2706710,16.20381736755371,16.20462989807129,ok
LA_D_2707454,12.30224895477295,12.302289009094238,ok
LA_D_2707564,15.001602172851562,15.003067970275879,ok
LA_D_2708011,16.71001434326172,16.71576499938965,ok
LA_D_2708980,14.941839218139648,14.942344665527344,ok
LA_D_2709061,14.432419776916504,14.43349838256836,ok
LA_D_2709080,13.916168212890625,13.916592597961426,ok
LA_D_2709100,16.102163314819336,16.103334426879883,ok
LA_D_2709105,11.286524772644043,11.286553382873535,ok
LA_D_2709995,14.214674949645996,14.216696739196777,ok
LA_D_2710906,9.892779350280762,9.89412784576416,ok
LA_D_2712069,18.944692611694336,18.95905303955078,ok
LA_D_2712599,-15.760851860046387,-15.763203620910645,ok
LA_D_2715241,8.089768409729004,8.091156959533691,ok
LA_D_2715552,17.48345375061035,17.483503341674805,ok
LA_D_2715685,16.211856842041016,16.215513229370117,ok
LA_D_2717878,9.190128326416016,9.191041946411133,ok
LA_D_2717961,5.466439723968506,5.466442584991455,ok
LA_D_2718507,16.981048583984375,16.98160743713379,ok
LA_D_2718909,-15.661171913146973,-15.66292667388916,ok
LA_D_2719811,12.875794410705566,12.875753402709961,ok
LA_D_2720139,13.796159744262695,13.798243522644043,ok
LA_D_2720424,8.37445068359375,8.374469757080078,ok
LA_D_2720435,14.867413520812988,14.868083953857422,ok
LA_D_2720510,12.378992080688477,12.381300926208496,ok
LA_D_2720782,12.59128475189209,12.59225082397461,ok
LA_D_2721191,14.420524597167969,14.421387672424316,ok
LA_D_2722401,12.883381843566895,12.88428783416748,ok
LA_D_2723107,9.950321197509766,9.95273208618164,ok
LA_D_2723301,14.605572700500488,14.608447074890137,ok
LA_D_2724699,17.379589080810547,17.37993621826172,ok
LA_D_2724805,11.437166213989258,11.438397407531738,ok
LA_D_2726610,16.788875579833984,16.7908878326416,ok
LA_D_2726931,13.928487777709961,13.929612159729004,ok
LA_D_2727763,9.900897026062012,9.90459156036377,ok
LA_D_2727780,13.373241424560547,13.374290466308594,ok
LA_D_2728150,13.228808403015137,13.229302406311035,ok
LA_D_2728628,11.154890060424805,11.156624794006348,ok
LA_D_2730974,19.145761489868164,19.149127960205078,ok
LA_D_2731036,14.466142654418945,14.466629981994629,ok
LA_D_2731741,-14.424187660217285,-14.428833961486816,ok
LA_D_2732640,15.193414688110352,15.19675350189209,ok
LA_D_2733428,-15.49881362915039,-15.499242782592773,ok
LA_D_2733623,13.026263236999512,13.03033447265625,ok
LA_D_2734048,11.193825721740723,11.194552421569824,ok
LA_D_2734913,14.790621757507324,14.797353744506836,ok
LA_D_2735004,18.01443862915039,18.014474868774414,ok
LA_D_2736443,18.66693878173828,18.66741371154785,ok
LA_D_2736449,11.165109634399414,11.165852546691895,ok
LA_D_2736752,12.661792755126953,12.66430377960205,ok
LA_D_2736869,12.438141822814941,12.439789772033691,ok
LA_D_2737875,14.919743537902832,14.919967651367188,ok
LA_D_2738222,13.193446159362793,13.200204849243164,ok
LA_D_2739423,15.546171188354492,15.546395301818848,ok
LA_D_2743059,9.739810943603516,9.740211486816406,ok
LA_D_2745051,16.88860321044922,16.890623092651367,ok
LA_D_2746243,10.812344551086426,10.813532829284668,ok
LA_D_2746267,16.355701446533203,16.356800079345703,ok
LA_D_2747265,16.22463035583496,16.22599983215332,ok
LA_D_2748583,-15.404855728149414,-15.406832695007324,ok
LA_D_2749481,17.360687255859375,17.362051010131836,ok
LA_D_2752788,13.522454261779785,13.525054931640625,ok
LA_D_2753356,8.18401050567627,8.183907508850098,ok
LA_D_2753362,8.441822052001953,8.441229820251465,ok
LA_D_2753816,-11.647252082824707,-11.647521018981934,ok
LA_D_2756525,10.636253356933594,10.636431694030762,ok
LA_D_2756724,-15.169798851013184,-15.170665740966797,ok
LA_D_2757814,15.074983596801758,15.075373649597168,ok
LA_D_2757833,14.82265567779541,14.826377868652344,ok
LA_D_2759411,6.098992824554443,6.098960876464844,ok
LA_D_2759783,12.502693176269531,12.5042085647583,ok
LA_D_2761640,14.499274253845215,14.499855041503906,ok
LA_D_2761727,12.205788612365723,12.205789566040039,ok
LA_D_2761966,15.279206275939941,15.284886360168457,ok
LA_D_2762669,10.33642578125,10.336888313293457,ok
LA_D_2762693,19.32270050048828,19.33066749572754,ok
LA_D_2763276,11.998014450073242,12.00228500366211,ok
LA_D_2766494,8.677950859069824,8.680784225463867,ok
LA_D_2768110,11.388130187988281,11.388198852539062,ok
LA_D_2769397,10.778757095336914,10.781014442443848,ok
LA_D_2769521,14.053505897521973,14.0574312210083,ok
LA_D_2771030,8.748905181884766,8.750222206115723,ok
LA_D_2771079,13.654007911682129,13.654253005981445,ok
LA_D_2772436,13.489928245544434,13.490129470825195,ok
LA_D_2772837,8.370062828063965,8.369138717651367,ok
LA_D_2773764,-14.73559856414795,-14.737865447998047,ok
LA_D_2774468,-13.534342765808105,-13.536859512329102,ok
LA_D_2775026,14.721151351928711,14.721142768859863,ok
LA_D_2776056,14.02135944366455,14.023564338684082,ok
LA_D_2776677,12.741131782531738,12.741622924804688,ok
LA_D_2777169,13.044549942016602,13.046404838562012,ok
LA_D_2777831,14.281749725341797,14.286032676696777,ok
LA_D_2780378,6.904575347900391,6.905188083648682,ok
LA_D_2783081,12.839112281799316,12.839335441589355,ok
LA_D_2783850,10.337631225585938,10.338764190673828,ok
LA_D_2784153,25.270185470581055,25.284347534179688,ok
LA_D_2786535,16.03114891052246,16.03284454345703,ok
LA_D_2786957,14.214603424072266,14.216683387756348,ok
LA_D_2787302,12.490514755249023,12.492587089538574,ok
LA_D_2789277,10.392979621887207,10.396422386169434,ok
LA_D_2791447,17.419729232788086,17.428274154663086,ok
LA_D_2791553,11.55910587310791,11.559479713439941,ok
LA_D_2792366,10.029810905456543,10.029960632324219,ok
LA_D_2793042,15.02169418334961,15.026121139526367,ok
LA_D_2793288,11.646430015563965,11.646486282348633,ok
LA_D_2794299,13.960092544555664,13.960265159606934,ok
LA_D_2795326,18.420564651489258,18.42075538635254,ok
LA_D_2796486,13.114702224731445,13.115530967712402,ok
LA_D_2796669,17.553442001342773,17.561208724975586,ok
LA_D_2797619,11.941699981689453,11.943840980529785,ok
LA_D_2797757,12.500628471374512,12.502886772155762,ok
LA_D_2798444,11.026700019836426,11.02672290802002,ok
LA_D_2798789,11.784150123596191,11.784757614135742,ok
LA_D_2799892,11.79685115814209,11.797407150268555,ok
LA_D_2800113,-13.730491638183594,-13.73514461517334,ok
LA_D_2800343,15.028836250305176,15.030203819274902,ok
LA_D_2800479,12.462087631225586,12.469944953918457,ok
LA_D_2805826,13.727422714233398,13.730669975280762,ok
LA_D_2806150,17.214977264404297,17.215572357177734,ok
LA_D_2807278,18.977767944335938,18.980146408081055,ok
LA_D_2807440,12.622220993041992,12.622929573059082,ok
LA_D_2808442,11.273756980895996,11.279335021972656,ok
LA_D_2808846,15.426749229431152,15.4284086227417,ok
LA_D_2809588,14.718524932861328,14.718460083007812,ok
LA_D_2810734,19.473573684692383,19.475515365600586,ok
LA_D_2811040,15.309524536132812,15.313319206237793,ok
LA_D_2811662,-16.924007415771484,-16.9256649017334,ok
LA_D_2812544,-15.227104187011719,-15.228198051452637,ok
LA_D_2812689,16.536426544189453,16.538118362426758,ok
LA_D_2813154,-7.65462064743042,-7.6547369956970215,ok
LA_D_2814875,12.694534301757812,12.694544792175293,ok
LA_D_2815191,12.717499732971191,12.718202590942383,ok
LA_D_2815461,15.613740921020508,15.613741874694824,ok
LA_D_2816042,15.697150230407715,15.702247619628906,ok
LA_D_2816289,11.830411911010742,11.831064224243164,ok
LA_D_2816308,9.987103462219238,9.98713207244873,ok
LA_D_2816765,-14.197610855102539,-14.199100494384766,ok
LA_D_2817557,-16.131175994873047,-16.131269454956055,ok
LA_D_2819105,13.442533493041992,13.442696571350098,ok
LA_D_2820525,14.329384803771973,14.33707046508789,ok
LA_D_2821637,12.670235633850098,12.671920776367188,ok
LA_D_2822470,11.349019050598145,11.34923267364502,ok
LA_D_2824576,15.66836166381836,15.670364379882812,ok
LA_D_2824820,-14.389665603637695,-14.396815299987793,ok
LA_D_2824952,15.653801918029785,15.656583786010742,ok
LA_D_2825662,11.779370307922363,11.779576301574707,ok
LA_D_2826776,18.501920700073242,18.50311279296875,ok
LA_D_2827159,13.965371131896973,13.965954780578613,ok
LA_D_2831303,13.373059272766113,13.373120307922363,ok
LA_D_2831646,13.675525665283203,13.690451622009277,ok
LA_D_2831844,7.357885360717773,7.358178615570068,ok
LA_D_2832141,-14.432011604309082,-14.432275772094727,ok
LA_D_2832394,18.363473892211914,18.367034912109375,ok
LA_D_2833236,7.180054664611816,7.179534435272217,ok
LA_D_2833762,12.547062873840332,12.547497749328613,ok
LA_D_2835194,13.160018920898438,13.159994125366211,ok
LA_D_2835573,19.835227966308594,19.845373153686523,ok
LA_D_2835735,8.851643562316895,8.8516263961792,ok
LA_D_2837203,21.359128952026367,21.360960006713867,ok
LA_D_2837325,11.722034454345703,11.723329544067383,ok
LA_D_2839838,15.235400199890137,15.235519409179688,ok
LA_D_2839913,-14.954193115234375,-14.954365730285645,ok
LA_D_2842063,-13.599177360534668,-13.59924602508545,ok
LA_D_2844602,9.205774307250977,9.206711769104004,ok
LA_D_2844735,-13.242018699645996,-13.242779731750488,ok
LA_D_2847323,11.852089881896973,11.85234546661377,ok
LA_D_2849155,8.278043746948242,8.277298927307129,ok
LA_D_2849994,11.755365371704102,11.756878852844238,ok
LA_D_2850234,17.019939422607422,17.021100997924805,ok
LA_D_2850456,7.3592071533203125,7.359323978424072,ok
LA_D_2851293,13.685185432434082,13.6854829788208,ok
LA_D_2852000,-16.58635902404785,-16.587594985961914,ok
LA_D_2852714,15.030174255371094,15.042064666748047,ok
LA_D_2853583,14.105193138122559,14.106175422668457,ok
LA_D_2853662,20.204914093017578,20.207792282104492,ok
LA_D_2854193,17.114749908447266,17.114770889282227,ok
LA_D_2854358,14.591991424560547,14.593064308166504,ok
LA_D_2854806,16.8606014251709,16.86281967163086,ok
LA_D_2855249,15.130359649658203,15.136479377746582,ok
LA_D_2856557,13.452356338500977,13.455399513244629,ok
LA_D_2859163,12.262160301208496,12.26414680480957,ok
LA_D_2859709,20.01676368713379,20.01908302307129,ok
LA_D_2860247,14.71573257446289,14.715975761413574,ok
LA_D_2860670,12.868315696716309,12.870973587036133,ok
LA_D_2861324,13.832191467285156,13.836220741271973,ok
LA_D_2861753,9.204328536987305,9.205218315124512,ok
LA_D_2862464,14.220744132995605,14.222033500671387,ok
LA_D_2862862,11.07693862915039,11.081177711486816,ok
LA_D_2863133,-12.314665794372559,-12.315279960632324,ok
LA_D_2863900,12.875411987304688,12.876133918762207,ok
LA_D_2864137,12.677356719970703,12.678887367248535,ok
LA_D_2864689,6.569721698760986,6.56988525390625,ok
LA_D_2866362,18.12056541442871,18.123445510864258,ok
LA_D_2866947,-11.499164581298828,-11.500632286071777,ok
LA_D_2866949,15.012560844421387,15.014573097229004,ok
LA_D_2867530,14.937519073486328,14.938421249389648,ok
LA_D_2868405,17.687509536743164,17.6905574798584,ok
LA_D_2868410,18.0665340423584,18.075265884399414,ok
LA_D_2868921,2.9554505348205566,2.9572911262512207,ok
LA_D_2869692,17.249738693237305,17.262203216552734,ok
LA_D_2869838,13.129049301147461,13.129023551940918,ok
LA_D_2870458,14.972063064575195,14.97286319732666,ok
LA_D_2870777,7.8129143714904785,7.8134965896606445,ok
LA_D_2871536,8.166766166687012,8.16688346862793,ok
LA_D_2872359,13.952085494995117,13.952165603637695,ok
LA_D_2872772,9.85904598236084,9.861237525939941,ok
LA_D_2873975,18.029476165771484,18.030080795288086,ok
LA_D_2874104,15.377006530761719,15.381190299987793,ok
LA_D_2874107,13.702192306518555,13.70284366607666,ok
LA_D_2874951,19.245262145996094,19.255062103271484,ok
LA_D_2875270,20.90753746032715,20.908126831054688,ok
LA_D_2876241,13.486026763916016,13.485915184020996,ok
LA_D_2876938,14.950461387634277,14.955714225769043,ok
LA_D_2877032,13.900705337524414,13.900989532470703,ok
LA_D_2877891,15.881675720214844,15.88761043548584,ok
LA_D_2878270,22.918291091918945,22.919687271118164,ok
LA_D_2878681,11.94362735748291,11.945454597473145,ok
LA_D_2878966,13.057028770446777,13.05734920501709,ok
LA_D_2879784,13.598197937011719,13.601584434509277,ok
LA_D_2879814,11.484371185302734,11.484335899353027,ok
LA_D_2880430,15.46226978302002,15.464805603027344,ok
LA_D_2880781,10.831375122070312,10.831589698791504,ok
LA_D_2881171,19.622007369995117,19.621736526489258,ok
LA_D_2881179,16.688676834106445,16.68906021118164,ok
LA_D_2882773,21.638938903808594,21.6390380859375,ok
LA_D_2883720,14.497011184692383,14.497004508972168,ok
LA_D_2884464,15.62734317779541,15.635245323181152,ok
LA_D_2884522,-10.993509292602539,-10.993755340576172,ok
LA_D_2884632,12.546808242797852,12.54780101776123,ok
LA_D_2885274,15.593843460083008,15.595269203186035,ok
LA_D_2885606,15.077402114868164,15.078812599182129,ok
LA_D_2886143,10.25221061706543,10.255061149597168,ok
LA_D_2887586,14.183000564575195,14.183987617492676,ok
LA_D_2887628,13.364121437072754,13.364729881286621,ok
LA_D_2888191,14.290846824645996,14.29207706451416,ok
LA_D_2888387,17.625673294067383,17.628103256225586,ok
LA_D_2888561,12.459198951721191,12.46036434173584,ok
LA_D_2888596,11.568881034851074,11.571267127990723,ok
LA_D_2888827,11.935883522033691,11.935975074768066,ok
LA_D_2888854,11.415914535522461,11.416583061218262,ok
LA_D_2889500,17.419265747070312,17.42081069946289,ok
LA_D_2889881,22.715011596679688,22.71503257751465,ok
LA_D_2890608,11.957515716552734,11.961180686950684,ok
LA_D_2892419,18.784072875976562,18.7852725982666,ok
LA_D_2893126,16.899948120117188,16.903566360473633,ok
LA_D_2895802,-14.788511276245117,-14.793726921081543,ok
LA_D_2895937,11.798340797424316,11.79843807220459,ok
LA_D_2895942,13.160500526428223,13.16191577911377,ok
LA_D_2896082,-9.929407119750977,-9.931890487670898,ok
LA_D_2896219,14.701449394226074,14.70325756072998,ok
LA_D_2896345,-11.261317253112793,-11.261992454528809,ok
LA_D_2897075,15.5032958984375,15.503289222717285,ok
LA_D_2899054,9.874429702758789,9.876311302185059,ok
LA_D_2901718,13.702977180480957,13.704255104064941,ok
LA_D_2902556,11.456342697143555,11.457061767578125,ok
LA_D_2903458,12.359825134277344,12.362920761108398,ok
LA_D_2905137,14.979552268981934,14.981884956359863,ok
LA_D_2905424,-11.574167251586914,-11.57435417175293,ok
LA_D_2906326,10.64742374420166,10.652095794677734,ok
LA_D_2906873,-9.31076431274414,-9.310925483703613,ok
LA_D_2907481,16.44080352783203,16.445941925048828,ok
LA_D_2907952,15.418240547180176,15.423002243041992,ok
LA_D_2908532,15.805746078491211,15.806373596191406,ok
LA_D_2909263,13.68875503540039,13.689030647277832,ok
LA_D_2909551,11.17591667175293,11.17694091796875,ok
LA_D_2910262,10.476665496826172,10.478516578674316,ok
LA_D_2912682,14.002355575561523,14.005095481872559,ok
LA_D_2914985,15.230241775512695,15.231650352478027,ok
LA_D_2915405,9.672388076782227,9.672574996948242,ok
LA_D_2915994,10.290645599365234,10.290663719177246,ok
LA_D_2916024,-12.699529647827148,-12.699612617492676,ok
LA_D_2916691,14.377955436706543,14.38289737701416,ok
LA_D_2917041,14.453081130981445,14.45748233795166,ok
LA_D_2918223,22.658483505249023,22.664369583129883,ok
LA_D_2919741,7.448262691497803,7.451085090637207,ok
LA_D_2920207,20.964996337890625,20.969518661499023,ok
LA_D_2920298,13.096376419067383,13.099796295166016,ok
LA_D_2920588,2.9683420658111572,2.96814227104187,ok
LA_D_2921930,15.670075416564941,15.674299240112305,ok
LA_D_2921952,15.27139949798584,15.271529197692871,ok
LA_D_2922852,13.517572402954102,13.518048286437988,ok
LA_D_2923426,-13.057275772094727,-13.05738353729248,ok
LA_D_2923476,14.236113548278809,14.23628044128418,ok
LA_D_2923622,14.091761589050293,14.09243106842041,ok
LA_D_2924504,-10.824453353881836,-10.825799942016602,ok
LA_D_2925315,16.484243392944336,16.49627113342285,ok
LA_D_2925498,18.226106643676758,18.230998992919922,ok
LA_D_2925553,14.803864479064941,14.8046236038208,ok
LA_D_2928032,18.984973907470703,18.985153198242188,ok
LA_D_2928444,19.6844539642334,19.703447341918945,ok
LA_D_2929910,17.164228439331055,17.166223526000977,ok
LA_D_2931790,14.98203182220459,14.983290672302246,ok
LA_D_2933176,14.032402992248535,14.03538990020752,ok
LA_D_2933330,18.477548599243164,18.47865104675293,ok
LA_D_2933367,16.37641143798828,16.376882553100586,ok
LA_D_2933402,14.767390251159668,14.7697172164917,ok
LA_D_2934273,15.317523956298828,15.318410873413086,ok
LA_D_2934981,-14.461722373962402,-14.46188735961914,ok
LA_D_2938296,13.224252700805664,13.224627494812012,ok
LA_D_2938883,10.211094856262207,10.211398124694824,ok
LA_D_2939024,16.190797805786133,16.1914005279541,ok
LA_D_2939086,22.094762802124023,22.097505569458008,ok
LA_D_2939133,16.874452590942383,16.87917137145996,ok
LA_D_2940135,15.95146656036377,15.95707893371582,ok
LA_D_2940539,15.792473793029785,15.801141738891602,ok
LA_D_2940992,6.834117889404297,6.834590911865234,ok
LA_D_2941369,15.110477447509766,15.1117525100708,ok
LA_D_2942585,20.05309295654297,20.058889389038086,ok
LA_D_2943031,7.433976650238037,7.43428897857666,ok
LA_D_2943221,13.329479217529297,13.329689979553223,ok
LA_D_2943260,-13.407051086425781,-13.40976619720459,ok
LA_D_2943983,20.682165145874023,20.68491554260254,ok
LA_D_2945771,12.584785461425781,12.58635139465332,ok
LA_D_2946273,13.888564109802246,13.889242172241211,ok
LA_D_2946840,12.925233840942383,12.926591873168945,ok
LA_D_2946958,-10.560774803161621,-10.561053276062012,ok
LA_D_2948723,13.513026237487793,13.515158653259277,ok
LA_D_2949120,12.893692970275879,12.894370079040527,ok
LA_D_2949516,13.52788257598877,13.530374526977539,ok
LA_D_2950326,16.940935134887695,16.941162109375,ok
LA_D_2950518,17.760507583618164,17.764047622680664,ok
LA_D_2950820,9.294055938720703,9.29419994354248,ok
LA_D_2951507,10.466090202331543,10.4668607711792,ok
LA_D_2956552,13.924083709716797,13.927692413330078,ok
LA_D_2956834,13.731168746948242,13.733208656311035,ok
LA_D_2957996,14.72434139251709,14.727883338928223,ok
LA_D_2958095,13.631026268005371,13.632391929626465,ok
LA_D_2958099,15.728751182556152,15.72930908203125,ok
LA_D_2959609,20.744403839111328,20.749731063842773,ok
LA_D_2960332,14.975997924804688,14.976092338562012,ok
LA_D_2962271,14.159643173217773,14.161759376525879,ok
LA_D_2962430,14.950974464416504,14.95377254486084,ok
LA_D_2963867,10.802600860595703,10.806013107299805,ok
LA_D_2964456,16.442434310913086,16.443449020385742,ok
LA_D_2964886,13.52130126953125,13.523951530456543,ok
LA_D_2964992,12.775225639343262,12.776686668395996,ok
LA_D_2966111,11.55411148071289,11.554075241088867,ok
LA_D_2966463,15.991016387939453,15.992465019226074,ok
LA_D_2968040,18.538671493530273,18.5413818359375,ok
LA_D_2968176,19.047306060791016,19.048185348510742,ok
LA_D_2969521,12.285148620605469,12.286051750183105,ok
LA_D_2970295,12.252008438110352,12.252035140991211,ok
LA_D_2970964,15.2987642288208,15.299723625183105,ok
LA_D_2971299,17.19338607788086,17.194936752319336,ok
LA_D_2971908,13.631095886230469,13.634439468383789,ok
LA_D_2973882,11.614593505859375,11.6151704788208,ok
LA_D_2974704,13.878799438476562,13.878693580627441,ok
LA_D_2975584,14.5021333694458,14.503198623657227,ok
LA_D_2976553,-0.4712139666080475,-0.47125735878944397,ok
LA_D_2977005,-12.429888725280762,-12.441607475280762,ok
LA_D_2977245,9.183032035827637,9.184144020080566,ok
LA_D_2977454,16.590641021728516,16.591798782348633,ok
LA_D_2977725,18.22812271118164,18.228240966796875,ok
LA_D_2977892,-11.0938138961792,-11.094046592712402,ok
LA_D_2977895,19.164905548095703,19.166858673095703,ok
LA_D_2979011,-10.042707443237305,-10.042732238769531,ok
LA_D_2979369,11.868075370788574,11.86857795715332,ok
LA_D_2981298,18.364667892456055,18.365331649780273,ok
LA_D_2981561,9.12513542175293,9.12537956237793,ok
LA_D_2981790,18.710866928100586,18.715242385864258,ok
LA_D_2982066,19.650985717773438,19.683656692504883,ok
LA_D_2983374,13.491825103759766,13.494410514831543,ok
LA_D_2983401,15.316544532775879,15.319584846496582,ok
LA_D_2984362,15.162044525146484,15.165118217468262,ok
LA_D_2984512,20.89031410217285,20.89393424987793,ok
LA_D_2985114,12.458355903625488,12.462817192077637,ok
LA_D_2985329,13.663589477539062,13.666003227233887,ok
LA_D_2986383,15.235075950622559,15.236015319824219,ok
LA_D_2986907,11.959458351135254,11.965106010437012,ok
LA_D_2986975,14.532349586486816,14.532594680786133,ok
LA_D_2987481,15.374006271362305,15.374423027038574,ok
LA_D_2987509,15.364545822143555,15.367074012756348,ok
LA_D_2989479,-15.30461597442627,-15.306221961975098,ok
LA_D_2990184,10.597822189331055,10.597896575927734,ok
LA_D_2990459,13.677391052246094,13.683667182922363,ok
LA_D_2991252,11.67633056640625,11.677655220031738,ok
LA_D_2991667,-12.879520416259766,-12.884961128234863,ok
LA_D_2993148,16.046085357666016,16.04682159423828,ok
LA_D_2993864,17.31629753112793,17.31633758544922,ok
LA_D_2996584,-13.71475601196289,-13.717942237854004,ok
LA_D_2997155,15.310648918151855,15.31432819366455,ok
LA_D_2997217,13.347050666809082,13.34751033782959,ok
LA_D_2998083,10.2581205368042,10.258585929870605,ok
LA_D_2999032,13.961260795593262,13.96142578125,ok
LA_D_2999196,9.7637939453125,9.764395713806152,ok
LA_D_2999262,8.278456687927246,8.279179573059082,ok
LA_D_2999694,13.430680274963379,13.431408882141113,ok
LA_D_2999774,12.53982162475586,12.5409517288208,ok
LA_D_3003454,11.649893760681152,11.65050983428955,ok
LA_D_3004195,12.86755657196045,12.867605209350586,ok
LA_D_3004327,11.807940483093262,11.809000015258789,ok
LA_D_3004782,12.155479431152344,12.155770301818848,ok
LA_D_3004811,13.026102066040039,13.026785850524902,ok
LA_D_3004845,9.584146499633789,9.584183692932129,ok
LA_D_3005942,-14.220464706420898,-14.221273422241211,ok
LA_D_3006014,10.0777587890625,10.078795433044434,ok
LA_D_3007029,13.709349632263184,13.70932388305664,ok
LA_D_3007276,15.138287544250488,15.14858627319336,ok
LA_D_3009969,10.46380615234375,10.463790893554688,ok
LA_D_3010559,6.025374889373779,6.0254316329956055,ok
LA_D_3010789,15.96716594696045,15.969466209411621,ok
LA_D_3012833,14.408123016357422,14.412142753601074,ok
LA_D_3013009,7.7987961769104,7.802215576171875,ok
LA_D_3014327,15.211572647094727,15.211915016174316,ok
LA_D_3014451,15.921110153198242,15.92432975769043,ok
LA_D_3015288,19.252803802490234,19.25860023498535,ok
LA_D_3015558,14.388775825500488,14.389433860778809,ok
LA_D_3015714,17.840045928955078,17.842287063598633,ok
LA_D_3015735,4.97325325012207,4.977760314941406,ok
LA_D_3017121,11.778421401977539,11.780224800109863,ok
LA_D_3018635,-13.555343627929688,-13.5593900680542,ok
LA_D_3019114,5.967695713043213,5.96712589263916,ok
LA_D_3019929,13.57316780090332,13.575422286987305,ok
LA_D_3020621,8.497941970825195,8.497551918029785,ok
LA_D_3025684,-14.514582633972168,-14.515908241271973,ok
LA_D_3027137,12.427321434020996,12.428110122680664,ok
LA_D_3027433,9.539543151855469,9.545573234558105,ok
LA_D_3029021,-15.170297622680664,-15.170682907104492,ok
LA_D_3030929,5.635866165161133,5.636380672454834,ok
LA_D_3033254,10.056981086730957,10.056988716125488,ok
LA_D_3034938,14.679320335388184,14.681034088134766,ok
LA_D_3035741,21.310537338256836,21.315309524536133,ok
LA_D_3036760,14.873798370361328,14.873957633972168,ok
LA_D_3038261,14.659602165222168,14.663627624511719,ok
LA_D_3038598,15.769709587097168,15.770400047302246,ok
LA_D_3039018,15.734955787658691,15.73776912689209,ok
LA_D_3039122,13.89381217956543,13.897921562194824,ok
LA_D_3039159,15.652050018310547,15.65529727935791,ok
LA_D_3039424,-13.228106498718262,-13.229666709899902,ok
LA_D_3040572,13.128931999206543,13.130148887634277,ok
LA_D_3040717,14.024591445922852,14.024622917175293,ok
LA_D_3043536,19.19785499572754,19.203643798828125,ok
LA_D_3044379,-13.862371444702148,-13.862835884094238,ok
LA_D_3045712,16.85861587524414,16.861623764038086,ok
LA_D_3046025,13.75682544708252,13.75816822052002,ok
LA_D_3047959,14.675265312194824,14.675515174865723,ok
LA_D_3048061,15.50020694732666,15.50564956665039,ok
LA_D_3048577,23.46023941040039,23.468942642211914,ok
LA_D_3049487,15.04052734375,15.043730735778809,ok
LA_D_3049880,14.767078399658203,14.76708984375,ok
LA_D_3049992,18.427993774414062,18.43068504333496,ok
LA_D_3050700,14.062074661254883,14.066457748413086,ok
LA_D_3051172,13.610466003417969,13.61463451385498,ok
LA_D_3051445,12.092659950256348,12.09426212310791,ok
LA_D_3051718,-13.440658569335938,-13.441329002380371,ok
LA_D_3051998,14.21338176727295,14.213250160217285,ok
LA_D_3053264,-13.823142051696777,-13.82434368133545,ok
LA_D_3053606,15.209051132202148,15.210442543029785,ok
LA_D_3054411,11.517447471618652,11.518719673156738,ok
LA_D_3054881,11.503010749816895,11.50344181060791,ok
LA_D_3055819,11.908400535583496,11.909388542175293,ok
LA_D_3056214,14.628460884094238,14.628583908081055,ok
LA_D_3057414,18.540945053100586,18.54396629333496,ok
LA_D_3057445,11.4501953125,11.450532913208008,ok
LA_D_3057475,12.388023376464844,12.389120101928711,ok
LA_D_3057551,12.399979591369629,12.402615547180176,ok
LA_D_3057901,19.489994049072266,19.50102424621582,ok
LA_D_3059648,13.872608184814453,13.874726295471191,ok
LA_D_3060623,15.745896339416504,15.749184608459473,ok
LA_D_3061050,-12.503081321716309,-12.50369930267334,ok
LA_D_3061471,-3.0486464500427246,-3.049010753631592,ok
LA_D_3062025,-13.834473609924316,-13.836028099060059,ok
LA_D_3062235,13.943044662475586,13.944539070129395,ok
LA_D_3063506,12.962223052978516,12.963500022888184,ok
LA_D_3064595,-11.87051010131836,-11.871404647827148,ok
LA_D_3065072,15.292770385742188,15.293326377868652,ok
LA_D_3065174,10.726766586303711,10.72913932800293,ok
LA_D_3065517,13.285202026367188,13.285246849060059,ok
LA_D_3067742,20.563838958740234,20.564292907714844,ok
LA_D_3068570,13.784453392028809,13.788655281066895,ok
LA_D_3068710,13.47004222869873,13.471641540527344,ok
LA_D_3069822,15.478205680847168,15.480792045593262,ok
LA_D_3070334,10.028007507324219,10.029319763183594,ok
LA_D_3072540,16.506221771240234,16.510032653808594,ok
LA_D_3074985,-6.958172798156738,-6.959075450897217,ok
LA_D_3075008,13.504131317138672,13.504501342773438,ok
LA_D_3075527,13.664030075073242,13.667218208312988,ok
LA_D_3075580,-6.216714859008789,-6.217552185058594,ok
LA_D_3077475,14.328025817871094,14.328091621398926,ok
LA_D_3078454,14.614446640014648,14.615556716918945,ok
LA_D_3078486,17.230093002319336,17.23195457458496,ok
LA_D_3079418,17.235675811767578,17.23967170715332,ok
LA_D_3080108,-14.607419967651367,-14.611105918884277,ok
LA_D_3080340,18.679094314575195,18.68154525756836,ok
LA_D_3081705,11.466373443603516,11.466753959655762,ok
LA_D_3081777,11.768633842468262,11.768867492675781,ok
LA_D_3082988,10.540947914123535,10.549722671508789,ok
LA_D_3083417,17.632020950317383,17.632295608520508,ok
LA_D_3084091,14.565667152404785,14.56651782989502,ok
LA_D_3084288,16.8380184173584,16.84800148010254,ok
LA_D_3084702,-7.756999969482422,-7.767861843109131,ok
LA_D_3085915,14.315815925598145,14.318646430969238,ok
LA_D_3087285,8.612028121948242,8.612041473388672,ok
LA_D_3087310,19.373008728027344,19.3731689453125,ok
LA_D_3087575,12.882357597351074,12.887118339538574,ok
LA_D_3087684,18.92414093017578,18.927297592163086,ok
LA_D_3087814,14.387863159179688,14.394336700439453,ok
LA_D_3088084,10.68271541595459,10.682724952697754,ok
LA_D_3089498,14.26387882232666,14.26566219329834,ok
LA_D_3090097,13.613276481628418,13.613929748535156,ok
LA_D_3090466,16.58716583251953,16.597246170043945,ok
LA_D_3090583,12.292646408081055,12.293614387512207,ok
LA_D_3092472,15.89208984375,15.899859428405762,ok
LA_D_3092700,13.5365571975708,13.543293952941895,ok
LA_D_3092822,17.94552230834961,17.950170516967773,ok
LA_D_3093185,17.024465560913086,17.030054092407227,ok
LA_D_3093534,12.95998477935791,12.96484661102295,ok
LA_D_3094177,4.642078876495361,4.642105579376221,ok
LA_D_3094249,17.073579788208008,17.08241844177246,ok
LA_D_3094853,14.182863235473633,14.183350563049316,ok
LA_D_3094874,17.890281677246094,17.89449691772461,ok
LA_D_3097956,14.70364761352539,14.7047758102417,ok
LA_D_3098960,13.41243839263916,13.41447639465332,ok
LA_D_3100616,-15.249935150146484,-15.251110076904297,ok
LA_D_3100634,9.549985885620117,9.550179481506348,ok
LA_D_3101356,14.712493896484375,14.714287757873535,ok
LA_D_3101861,16.8659725189209,16.86644172668457,ok
LA_D_3101866,9.687810897827148,9.687810897827148,ok
LA_D_3104226,14.277688026428223,14.278326988220215,ok
LA_D_3104504,19.383581161499023,19.388547897338867,ok
LA_D_3104950,20.549161911010742,20.555110931396484,ok
LA_D_3105314,17.687868118286133,17.7048397064209,ok
LA_D_3106011,15.03679084777832,15.038385391235352,ok
LA_D_3106089,13.731351852416992,13.732597351074219,ok
LA_D_3106372,8.343850135803223,8.344645500183105,ok
LA_D_3106519,15.564942359924316,15.573783874511719,ok
LA_D_3107692,14.619568824768066,14.626044273376465,ok
LA_D_3109173,12.435335159301758,12.436148643493652,ok
LA_D_3109309,14.035505294799805,14.038122177124023,ok
LA_D_3109683,11.00719928741455,11.0072603225708,ok
LA_D_3109792,12.986581802368164,12.990849494934082,ok
LA_D_3111133,10.596692085266113,10.597846031188965,ok
LA_D_3112339,14.033246994018555,14.035276412963867,ok
LA_D_3112824,10.887446403503418,10.889697074890137,ok
LA_D_3113300,10.72366714477539,10.72421932220459,ok
LA_D_3113314,0.9209497570991516,0.920356273651123,ok
LA_D_3113412,12.128340721130371,12.130431175231934,ok
LA_D_3113960,15.20695686340332,15.208954811096191,ok
LA_D_3114167,16.58326530456543,16.584760665893555,ok
LA_D_3114677,18.091670989990234,18.092206954956055,ok
LA_D_3114938,11.050348281860352,11.050366401672363,ok
LA_D_3115301,11.06209945678711,11.065999031066895,ok
LA_D_3115572,12.19174861907959,12.193625450134277,ok
LA_D_3115590,13.391812324523926,13.397089958190918,ok
LA_D_3115750,13.252671241760254,13.25212574005127,ok
LA_D_3116201,-14.351181983947754,-14.35348892211914,ok
LA_D_3116504,8.60794448852539,8.60804271697998,ok
LA_D_3116736,11.078326225280762,11.077901840209961,ok
LA_D_3117119,-13.10941219329834,-13.109593391418457,ok
LA_D_3117274,12.395256042480469,12.395256996154785,ok
LA_D_3117454,17.449100494384766,17.450410842895508,ok
LA_D_3117655,13.091928482055664,13.093123435974121,ok
LA_D_3118362,20.144487380981445,20.146631240844727,ok
LA_D_3118975,13.905627250671387,13.908429145812988,ok
LA_D_3119133,18.903432846069336,18.904020309448242,ok
LA_D_3119195,12.438474655151367,12.438387870788574,ok
LA_D_3119853,10.270465850830078,10.27049732208252,ok
LA_D_3121037,16.07208251953125,16.07533836364746,ok
LA_D_3121066,2.9546902179718018,2.9563403129577637,ok
LA_D_3122174,6.976953506469727,6.975051403045654,ok
LA_D_3122333,17.7862491607666,17.82204818725586,ok
LA_D_3122510,-15.14553451538086,-15.146201133728027,ok
LA_D_3124216,14.256816864013672,14.25760555267334,ok
LA_D_3124251,-11.51994514465332,-11.520289421081543,ok
LA_D_3124864,18.113893508911133,18.114442825317383,ok
LA_D_3126147,13.200839042663574,13.201066017150879,ok
LA_D_3128008,16.020530700683594,16.023799896240234,ok
LA_D_3128163,16.32329559326172,16.324033737182617,ok
LA_D_3129767,12.583474159240723,12.583908081054688,ok
LA_D_3129833,16.38924789428711,16.38957405090332,ok
LA_D_3129993,13.419084548950195,13.420127868652344,ok
LA_D_3130241,11.696943283081055,11.701221466064453,ok
LA_D_3130414,12.356435775756836,12.357327461242676,ok
LA_D_3130678,12.75888729095459,12.759073257446289,ok
LA_D_3131527,17.297086715698242,17.300622940063477,ok
LA_D_3132921,11.63984489440918,11.639702796936035,ok
LA_D_3133562,17.553293228149414,17.555007934570312,ok
LA_D_3134629,10.462675094604492,10.466012001037598,ok
LA_D_3135599,9.90932559967041,9.909283638000488,ok
LA_D_3135627,16.4637451171875,16.46394920349121,ok
LA_D_3135628,13.104683876037598,13.105504035949707,ok
LA_D_3136384,16.7386474609375,16.740413665771484,ok
LA_D_3138020,12.460941314697266,12.46115779876709,ok
LA_D_3138080,8.359946250915527,8.359784126281738,ok
LA_D_3139557,14.960789680480957,14.964631080627441,ok
LA_D_3140567,13.125154495239258,13.130199432373047,ok
LA_D_3141028,13.785045623779297,13.785122871398926,ok
LA_D_3142727,14.551807403564453,14.552130699157715,ok
LA_D_3143593,14.28813362121582,14.28942584991455,ok
LA_D_3144395,10.343353271484375,10.343836784362793,ok
LA_D_3144485,15.08076286315918,15.082605361938477,ok
LA_D_3144528,18.2166690826416,18.220067977905273,ok
LA_D_3144655,9.913025856018066,9.914448738098145,ok
LA_D_3145865,14.796504020690918,14.796510696411133,ok
LA_D_3146791,14.414310455322266,14.42044448852539,ok
LA_D_3148237,18.301759719848633,18.308265686035156,ok
LA_D_3149229,15.233986854553223,15.235396385192871,ok
LA_D_3150054,15.864410400390625,15.871819496154785,ok
LA_D_3150169,12.057950973510742,12.064471244812012,ok
LA_D_3150235,-12.974870681762695,-12.97527027130127,ok
LA_D_3150295,11.980308532714844,11.98041820526123,ok
LA_D_3150574,18.717145919799805,18.721818923950195,ok
LA_D_3150612,15.119750022888184,15.120311737060547,ok
LA_D_3151652,12.857074737548828,12.859639167785645,ok
LA_D_3151881,15.717073440551758,15.719409942626953,ok
LA_D_3152954,16.088979721069336,16.09079933166504,ok
LA_D_3153050,8.914342880249023,8.914435386657715,ok
LA_D_3153699,15.091809272766113,15.095597267150879,ok
LA_D_3154368,-13.642459869384766,-13.64335823059082,ok
LA_D_3154837,15.246382713317871,15.246832847595215,ok
LA_D_3157175,20.082630157470703,20.08612823486328,ok
LA_D_3158494,8.341151237487793,8.34763240814209,ok
LA_D_3158600,13.455608367919922,13.45589542388916,ok
LA_D_3158608,14.551116943359375,14.551146507263184,ok
LA_D_3158956,13.0488920211792,13.05439567565918,ok
LA_D_3159204,16.14248275756836,16.142484664916992,ok
LA_D_3162269,14.925252914428711,14.927773475646973,ok
LA_D_3162441,17.462934494018555,17.46334457397461,ok
LA_D_3163081,14.76557445526123,14.774965286254883,ok
LA_D_3163255,-12.04141616821289,-12.0419340133667,ok
LA_D_3163751,17.311634063720703,17.311674118041992,ok
LA_D_3164806,14.19808578491211,14.198716163635254,ok
LA_D_3165659,10.786571502685547,10.787373542785645,ok
LA_D_3169361,20.19520378112793,20.198286056518555,ok
LA_D_3169410,-12.409399032592773,-12.411603927612305,ok
LA_D_3169991,17.03097915649414,17.031522750854492,ok
LA_D_3170323,1.6771992444992065,1.6769570112228394,ok
LA_D_3170420,-14.117283821105957,-14.11894702911377,ok
LA_D_3171047,2.6932356357574463,2.6933364868164062,ok
LA_D_3171199,9.713566780090332,9.713740348815918,ok
LA_D_3171725,16.253259658813477,16.258310317993164,ok
LA_D_3173565,17.814855575561523,17.82133674621582,ok
LA_D_3174145,6.6369829177856445,6.6464152336120605,ok
LA_D_3174960,12.04089641571045,12.058362007141113,ok
LA_D_3174998,-8.951775550842285,-8.960550308227539,ok
LA_D_3176069,12.530506134033203,12.53218936920166,ok
LA_D_3176378,9.224760055541992,9.224875450134277,ok
LA_D_3176946,17.9993896484375,18.001953125,ok
LA_D_3176978,13.804523468017578,13.805865287780762,ok
LA_D_3177701,11.514677047729492,11.51469898223877,ok
LA_D_3177863,16.798486709594727,16.799413681030273,ok
LA_D_3178726,12.027146339416504,12.034781455993652,ok
LA_D_3179260,15.00584602355957,15.008467674255371,ok
LA_D_3179309,16.473066329956055,16.474618911743164,ok
LA_D_3179337,15.110393524169922,15.111954689025879,ok
LA_D_3179951,12.949368476867676,12.95042896270752,ok
LA_D_3180081,13.636015892028809,13.639636039733887,ok
LA_D_3180411,15.02745246887207,15.029226303100586,ok
LA_D_3182064,9.587552070617676,9.590576171875,ok
LA_D_3183800,11.767848014831543,11.770451545715332,ok
LA_D_3184170,12.968544960021973,12.975290298461914,ok
LA_D_3184245,19.1249942779541,19.125410079956055,ok
LA_D_3184350,10.708982467651367,10.708966255187988,ok
LA_D_3184698,16.302444458007812,16.31084632873535,ok
LA_D_3186042,7.663787364959717,7.66368293762207,ok
LA_D_3186776,16.615833282470703,16.617027282714844,ok
LA_D_3187395,11.407134056091309,11.407496452331543,ok
LA_D_3188234,13.565638542175293,13.5689058303833,ok
LA_D_3189890,15.176979064941406,15.177462577819824,ok
LA_D_3192629,14.272128105163574,14.272149085998535,ok
LA_D_3193424,17.858234405517578,17.858930587768555,ok
LA_D_3194286,-9.971848487854004,-9.97298526763916,ok
LA_D_3194587,18.167055130004883,18.1882266998291,ok
LA_D_3195295,15.819989204406738,15.825840950012207,ok
LA_D_3195614,22.037992477416992,22.042940139770508,ok
LA_D_3197490,13.317927360534668,13.318744659423828,ok
LA_D_3197569,12.429078102111816,12.429073333740234,ok
LA_D_3197572,16.411808013916016,16.41455841064453,ok
LA_D_3197929,15.776084899902344,15.778607368469238,ok
LA_D_3198087,-15.053492546081543,-15.05440616607666,ok
LA_D_3198381,13.935341835021973,13.937100410461426,ok
LA_D_3198699,14.736190795898438,14.737466812133789,ok
LA_D_3199021,16.067604064941406,16.069808959960938,ok
LA_D_3199741,11.773324012756348,11.77465534210205,ok
LA_D_3200206,16.207998275756836,16.209516525268555,ok
LA_D_3200727,19.78312110900879,19.78618049621582,ok
LA_D_3203561,17.19003677368164,17.19443130493164,ok
LA_D_3204150,9.792047500610352,9.792317390441895,ok
LA_D_3204366,11.112820625305176,11.113499641418457,ok
LA_D_3205024,7.923334121704102,7.924135684967041,ok
LA_D_3205671,-13.778571128845215,-13.779243469238281,ok
LA_D_3207501,16.586265563964844,16.58678436279297,ok
LA_D_3207833,15.329465866088867,15.331998825073242,ok
LA_D_3210739,-8.009148597717285,-8.009425163269043,ok
LA_D_3211269,14.37734317779541,14.378405570983887,ok
LA_D_3211293,18.54879379272461,18.55316925048828,ok
LA_D_3211435,-15.885039329528809,-15.88626766204834,ok
LA_D_3211572,16.528274536132812,16.528812408447266,ok
LA_D_3212454,13.138971328735352,13.142340660095215,ok
LA_D_3213386,14.063313484191895,14.063565254211426,ok
LA_D_3213920,18.20207977294922,18.20473289489746,ok
LA_D_3215318,12.181954383850098,12.182295799255371,ok
LA_D_3217329,13.783740043640137,13.786015510559082,ok
LA_D_3217409,16.237451553344727,16.238126754760742,ok
LA_D_3220081,12.949957847595215,12.950577735900879,ok
LA_D_3220337,15.236092567443848,15.236536979675293,ok
LA_D_3222129,16.401456832885742,16.40272331237793,ok
LA_D_3224671,-13.894986152648926,-13.89778995513916,ok
LA_D_3224812,9.43410873413086,9.434110641479492,ok
LA_D_3225529,13.791462898254395,13.793946266174316,ok
LA_D_3226074,14.648406982421875,14.649916648864746,ok
LA_D_3226693,15.586390495300293,15.588944435119629,ok
LA_D_3227446,16.621889114379883,16.62297248840332,ok
LA_D_3228132,20.13116455078125,20.131990432739258,ok
LA_D_3228176,10.925033569335938,10.927287101745605,ok
LA_D_3229118,13.781285285949707,13.782562255859375,ok
LA_D_3229215,-11.565162658691406,-11.565974235534668,ok
LA_D_3229435,13.934776306152344,13.934874534606934,ok
LA_D_3230643,17.91954803466797,17.92600440979004,ok
LA_D_3230806,15.572198867797852,15.57312297821045,ok
LA_D_3230838,15.119879722595215,15.124695777893066,ok
LA_D_3231093,16.342077255249023,16.34527587890625,ok
LA_D_3232132,5.9896111488342285,5.9897308349609375,ok
LA_D_3232533,10.626012802124023,10.625996589660645,ok
LA_D_3233282,17.58629035949707,17.58753776550293,ok
LA_D_3233966,-14.306472778320312,-14.30686092376709,ok
LA_D_3239072,14.06724739074707,14.0720796585083,ok
LA_D_3241180,13.036681175231934,13.039978981018066,ok
LA_D_3242114,8.895488739013672,8.8954496383667,ok
LA_D_3242439,10.26211166381836,10.261722564697266,ok
LA_D_3242739,12.91891098022461,12.918976783752441,ok
LA_D_3243106,12.106690406799316,12.110745429992676,ok
LA_D_3243854,16.736995697021484,16.738040924072266,ok
LA_D_3244196,12.261082649230957,12.266345024108887,ok
LA_D_3244618,17.122615814208984,17.12696647644043,ok
LA_D_3244699,12.95699691772461,12.958209037780762,ok
LA_D_3245031,13.4647216796875,13.464859962463379,ok
LA_D_3246218,11.19584846496582,11.19905948638916,ok
LA_D_3247685,-13.625361442565918,-13.629467964172363,ok
LA_D_3248074,10.058459281921387,10.058459281921387,ok
LA_D_3248256,15.716330528259277,15.718634605407715,ok
LA_D_3248319,10.69684886932373,10.702303886413574,ok
LA_D_3248547,18.08027458190918,18.0803279876709,ok
LA_D_3249077,15.415741920471191,15.416884422302246,ok
LA_D_3249552,-12.520405769348145,-12.522926330566406,ok
LA_D_3250253,-14.569426536560059,-14.570660591125488,ok
LA_D_3250407,17.618541717529297,17.62326431274414,ok
LA_D_3250607,15.122818946838379,15.122800827026367,ok
LA_D_3250830,-14.44753360748291,-14.448983192443848,ok
LA_D_3251058,-16.861854553222656,-16.862642288208008,ok
LA_D_3251211,12.186312675476074,12.1864013671875,ok
LA_D_3251300,16.352481842041016,16.352441787719727,ok
LA_D_3253942,-12.185650825500488,-12.185689926147461,ok
LA_D_3254201,9.561262130737305,9.561227798461914,ok
LA_D_3255096,9.38119888305664,9.384708404541016,ok
LA_D_3255789,0.9319745898246765,0.9330589175224304,ok
LA_D_3256090,7.102758407592773,7.103257179260254,ok
LA_D_3256092,11.959716796875,11.959555625915527,ok
LA_D_3257808,7.369574546813965,7.376070499420166,ok
LA_D_3258000,13.593025207519531,13.595088005065918,ok
LA_D_3258501,-13.386678695678711,-13.38880729675293,ok
LA_D_3259137,17.434341430664062,17.435380935668945,ok
LA_D_3260123,14.866507530212402,14.8849515914917,ok
LA_D_3260640,14.351773262023926,14.352436065673828,ok
LA_D_3260902,13.095600128173828,13.09570598602295,ok
LA_D_3261219,14.737406730651855,14.738117218017578,ok
LA_D_3262859,-9.88802433013916,-9.897086143493652,ok
LA_D_3263334,17.850839614868164,17.852096557617188,ok
LA_D_3263579,13.905261993408203,13.905940055847168,ok
LA_D_3264696,-12.969327926635742,-12.970155715942383,ok
LA_D_3266246,12.497851371765137,12.504805564880371,ok
LA_D_3266553,13.327428817749023,13.327643394470215,ok
LA_D_3268836,-10.271157264709473,-10.271964073181152,ok
LA_D_3269593,17.250822067260742,17.25297737121582,ok
LA_D_3273302,17.739107131958008,17.743703842163086,ok
LA_D_3273842,13.03250789642334,13.032696723937988,ok
LA_D_3274531,-15.684636116027832,-15.684897422790527,ok
LA_D_3274635,10.111743927001953,10.112616539001465,ok
LA_D_3275794,18.361705780029297,18.363014221191406,ok
LA_D_3276030,23.52448272705078,23.526124954223633,ok
LA_D_3276105,13.31585693359375,13.317219734191895,ok
LA_D_3276721,8.597762107849121,8.597514152526855,ok
LA_D_3278230,14.79288387298584,14.794261932373047,ok
LA_D_3280853,-13.950557708740234,-13.950818061828613,ok
LA_D_3281386,8.243861198425293,8.244224548339844,ok
LA_D_3282066,18.302021026611328,18.30507469177246,ok
LA_D_3282769,13.315486907958984,13.327683448791504,ok
LA_D_3283074,12.813515663146973,12.813612937927246,ok
LA_D_3284727,14.820812225341797,14.822720527648926,ok
LA_D_3284907,15.459478378295898,15.462625503540039,ok
LA_D_3285424,15.691927909851074,15.692864418029785,ok
LA_D_3285435,14.513842582702637,14.515881538391113,ok
LA_D_3286040,12.326800346374512,12.333649635314941,ok
LA_D_3287162,17.80535888671875,17.811819076538086,ok
LA_D_3290566,10.561735153198242,10.56192684173584,ok
LA_D_3292062,15.714122772216797,15.715632438659668,ok
LA_D_3292105,12.86469554901123,12.87012767791748,ok
LA_D_3292767,11.123235702514648,11.124428749084473,ok
LA_D_3294853,16.70920181274414,16.710084915161133,ok
LA_D_3294977,14.536325454711914,14.540324211120605,ok
LA_D_3295441,12.388813972473145,12.391213417053223,ok
LA_D_3295650,10.01163101196289,10.01163101196289,ok
LA_D_3298952,16.913114547729492,16.918825149536133,ok
LA_D_3301231,15.366654396057129,15.368544578552246,ok
LA_D_3301577,15.115522384643555,15.116519927978516,ok
LA_D_3302549,15.065485000610352,15.073187828063965,ok
LA_D_3303443,14.567171096801758,14.567355155944824,ok
LA_D_3305146,19.758424758911133,19.769947052001953,ok
LA_D_3305165,12.573360443115234,12.580471992492676,ok
LA_D_3306187,-13.665250778198242,-13.666998863220215,ok
LA_D_3307235,14.322912216186523,14.323363304138184,ok
LA_D_3307287,12.26368236541748,12.2639741897583,ok
LA_D_3307902,11.839882850646973,11.841408729553223,ok
LA_D_3309731,16.185401916503906,16.186769485473633,ok
LA_D_3310507,17.35090446472168,17.35106086730957,ok
LA_D_3312475,-14.980279922485352,-14.983057975769043,ok
LA_D_3312747,12.878549575805664,12.882122993469238,ok
LA_D_3313031,15.22105598449707,15.221489906311035,ok
LA_D_3313241,7.837348937988281,7.83759880065918,ok
LA_D_3313354,15.218071937561035,15.219891548156738,ok
LA_D_3313777,13.173321723937988,13.176907539367676,ok
LA_D_3314744,6.401988983154297,6.402127742767334,ok
LA_D_3317337,9.40112018585205,9.402076721191406,ok
LA_D_3317920,12.592926979064941,12.593138694763184,ok
LA_D_3318711,14.207842826843262,14.211146354675293,ok
LA_D_3319355,13.602004051208496,13.602112770080566,ok
LA_D_3319403,13.206390380859375,13.208687782287598,ok
LA_D_3320713,17.97527313232422,17.975515365600586,ok
LA_D_3321986,13.985295295715332,13.9852933883667,ok
LA_D_3323539,-12.24438762664795,-12.245444297790527,ok
LA_D_3325540,14.665827751159668,14.666769027709961,ok
LA_D_3325797,18.818910598754883,18.820772171020508,ok
LA_D_3325936,10.496711730957031,10.498703956604004,ok
LA_D_3327924,-15.046479225158691,-15.049229621887207,ok
LA_D_3329701,-12.269195556640625,-12.27087116241455,ok
LA_D_3329999,13.806549072265625,13.808533668518066,ok
LA_D_3331368,16.318031311035156,16.32145118713379,ok
LA_D_3331528,14.473114013671875,14.473251342773438,ok
LA_D_3331849,13.865379333496094,13.867744445800781,ok
LA_D_3332845,13.180927276611328,13.183287620544434,ok
LA_D_3333324,13.592989921569824,13.598586082458496,ok
LA_D_3334659,15.460441589355469,15.468487739562988,ok
LA_D_3334928,16.382854461669922,16.38346290588379,ok
LA_D_3335716,13.739367485046387,13.742866516113281,ok
LA_D_3336031,11.138104438781738,11.13985538482666,ok
LA_D_3336827,14.685164451599121,14.685996055603027,ok
LA_D_3337239,11.708423614501953,11.708481788635254,ok
LA_D_3337611,16.680463790893555,16.680927276611328,ok
LA_D_3339394,15.423253059387207,15.428393363952637,ok
LA_D_3341294,12.529945373535156,12.530926704406738,ok
LA_D_3341814,12.634346008300781,12.634322166442871,ok
LA_D_3342069,12.507699966430664,12.523734092712402,ok
LA_D_3342452,-6.55446720123291,-6.554612636566162,ok
LA_D_3342664,15.944575309753418,15.94497013092041,ok
LA_D_3346281,17.07081413269043,17.07082176208496,ok
LA_D_3346891,14.298941612243652,14.29969310760498,ok
LA_D_3347156,13.244114875793457,13.244168281555176,ok
LA_D_3347716,9.642200469970703,9.64462947845459,ok
LA_D_3347861,13.19813346862793,13.198738098144531,ok
LA_D_3348941,-13.546809196472168,-13.549050331115723,ok
LA_D_3349453,8.309677124023438,8.309637069702148,ok
LA_D_3349461,9.658926963806152,9.659818649291992,ok
LA_D_3349542,11.931439399719238,11.933349609375,ok
LA_D_3350240,4.890609264373779,4.890585422515869,ok
LA_D_3352586,12.369067192077637,12.369102478027344,ok
LA_D_3353739,19.48922348022461,19.49400520324707,ok
LA_D_3353973,18.469942092895508,18.469966888427734,ok
LA_D_3354359,12.178004264831543,12.185530662536621,ok
LA_D_3355874,15.659177780151367,15.66303539276123,ok
LA_D_3356308,15.358230590820312,15.358688354492188,ok
LA_D_3357328,16.325166702270508,16.32644271850586,ok
LA_D_3359713,8.522878646850586,8.5228853225708,ok
LA_D_3360066,13.504331588745117,13.513199806213379,ok
LA_D_3364219,11.538888931274414,11.538920402526855,ok
LA_D_3367868,19.367473602294922,19.367700576782227,ok
LA_D_3368030,12.762518882751465,12.764437675476074,ok
LA_D_3368444,16.367694854736328,16.372438430786133,ok
LA_D_3369365,13.162095069885254,13.162226676940918,ok
LA_D_3371337,15.509251594543457,15.512420654296875,ok
LA_D_3373017,-12.63022232055664,-12.631026268005371,ok
LA_D_3373431,-14.287724494934082,-14.292576789855957,ok
LA_D_3373606,16.361257553100586,16.36177635192871,ok
LA_D_3373830,17.06264305114746,17.069271087646484,ok
LA_D_3374460,12.681937217712402,12.682394981384277,ok
LA_D_3374782,16.068357467651367,16.068653106689453,ok
LA_D_3375546,8.833269119262695,8.835034370422363,ok
LA_D_3375685,8.653046607971191,8.653521537780762,ok
LA_D_3375994,13.115923881530762,13.11666202545166,ok
LA_D_3376676,15.536946296691895,15.538454055786133,ok
LA_D_3376846,17.42826271057129,17.43235206604004,ok
LA_D_3376856,17.753938674926758,17.763813018798828,ok
LA_D_3377038,21.580520629882812,21.583358764648438,ok
LA_D_3377698,-11.256513595581055,-11.271132469177246,ok
LA_D_3378402,9.410017967224121,9.409737586975098,ok
LA_D_3378615,10.7096586227417,10.710803031921387,ok
LA_D_3379000,11.408899307250977,11.4120454788208,ok
LA_D_3379127,15.863919258117676,15.863519668579102,ok
LA_D_3379278,17.45406150817871,17.4561767578125,ok
LA_D_3380409,17.73129653930664,17.73416519165039,ok
LA_D_3381862,14.42211627960205,14.423667907714844,ok
LA_D_3383046,14.649221420288086,14.651542663574219,ok
LA_D_3383198,-10.61019515991211,-10.610825538635254,ok
LA_D_3384993,11.403888702392578,11.409750938415527,ok
LA_D_3386014,11.43679141998291,11.437758445739746,ok
LA_D_3386727,18.48563003540039,18.485750198364258,ok
LA_D_3387666,15.489471435546875,15.491047859191895,ok
LA_D_3387918,14.047654151916504,14.05189037322998,ok
LA_D_3387937,12.56214427947998,12.563300132751465,ok
LA_D_3387945,13.259459495544434,13.260293960571289,ok
LA_D_3389603,12.853310585021973,12.853493690490723,ok
LA_D_3389737,-15.189620971679688,-15.190999031066895,ok
LA_D_3392617,13.301158905029297,13.301289558410645,ok
LA_D_3392778,10.561205863952637,10.561434745788574,ok
LA_D_3393465,15.206537246704102,15.210906028747559,ok
LA_D_3395278,13.04439926147461,13.045392036437988,ok
LA_D_3395368,18.08195686340332,18.08336639404297,ok
LA_D_3397208,-14.95963191986084,-14.96033000946045,ok
LA_D_3398271,13.78626537322998,13.786920547485352,ok
LA_D_3398607,11.517278671264648,11.51783275604248,ok
LA_D_3399535,13.626225471496582,13.626690864562988,ok
LA_D_3399790,-12.30193042755127,-12.305699348449707,ok
LA_D_3399798,6.667987823486328,6.668105602264404,ok
LA_D_3401079,20.492849349975586,20.49677085876465,ok
LA_D_3401398,17.19202423095703,17.192411422729492,ok
LA_D_3402273,14.19689655303955,14.198418617248535,ok
LA_D_3404722,13.600769996643066,13.600953102111816,ok
LA_D_3405582,10.386767387390137,10.387377738952637,ok
LA_D_3405832,-13.710341453552246,-13.71306324005127,ok
LA_D_3406247,-13.382620811462402,-13.383341789245605,ok
LA_D_3408202,19.464506149291992,19.466978073120117,ok
LA_D_3409145,-13.600790023803711,-13.601615905761719,ok
LA_D_3409583,16.93035888671875,16.939476013183594,ok
LA_D_3410467,14.46859073638916,14.472289085388184,ok
LA_D_3410479,-13.754874229431152,-13.756014823913574,ok
LA_D_3410619,10.60495662689209,10.604964256286621,ok
LA_D_3411132,11.808465003967285,11.80876350402832,ok
LA_D_3411825,12.831635475158691,12.83121395111084,ok
LA_D_3412324,15.260647773742676,15.26329517364502,ok
LA_D_3412330,14.505407333374023,14.507197380065918,ok
LA_D_3412517,16.156322479248047,16.160005569458008,ok
LA_D_3412736,16.30182456970215,16.302310943603516,ok
LA_D_3413740,15.567286491394043,15.568150520324707,ok
LA_D_3413905,16.11985969543457,16.123483657836914,ok
LA_D_3413908,15.928459167480469,15.929933547973633,ok
LA_D_3415474,12.73293685913086,12.734902381896973,ok
LA_D_3415789,15.848374366760254,15.850907325744629,ok
LA_D_3416276,4.280875205993652,4.280904293060303,ok
LA_D_3416456,13.099339485168457,13.114219665527344,ok
LA_D_3416535,11.696553230285645,11.696565628051758,ok
LA_D_3416825,5.189351558685303,5.190852642059326,ok
LA_D_3416934,16.934450149536133,16.937040328979492,ok
LA_D_3416978,16.359296798706055,16.368288040161133,ok
LA_D_3417657,14.461613655090332,14.462258338928223,ok
LA_D_3418140,18.679262161254883,18.683862686157227,ok
LA_D_3418220,14.85004997253418,14.851557731628418,ok
LA_D_3418840,10.281086921691895,10.283650398254395,ok
LA_D_3419658,14.373126029968262,14.381265640258789,ok
LA_D_3420388,17.571435928344727,17.57444190979004,ok
LA_D_3421085,16.47063636779785,16.48764991760254,ok
LA_D_3421613,16.14596939086914,16.146947860717773,ok
LA_D_3422355,15.284607887268066,15.28699779510498,ok
LA_D_3423664,19.8896427154541,19.89584732055664,ok
LA_D_3424068,9.119654655456543,9.119707107543945,ok
LA_D_3424949,12.78912353515625,12.789924621582031,ok
LA_D_3425507,12.292411804199219,12.292386054992676,ok
LA_D_3425732,14.064791679382324,14.067413330078125,ok
LA_D_3425851,15.291348457336426,15.296735763549805,ok
LA_D_3425869,12.351762771606445,12.351909637451172,ok
LA_D_3425893,9.905338287353516,9.908278465270996,ok
LA_D_3426729,15.404373168945312,15.405390739440918,ok
LA_D_3427278,18.046241760253906,18.050373077392578,ok
LA_D_3427328,18.99105453491211,18.99203872680664,ok
LA_D_3428449,11.742565155029297,11.743403434753418,ok
LA_D_3429746,10.252927780151367,10.255179405212402,ok
LA_D_3430397,11.989886283874512,11.989888191223145,ok
LA_D_3430677,18.1423397064209,18.14314079284668,ok
LA_D_3431144,15.573359489440918,15.577078819274902,ok
LA_D_3431472,12.464831352233887,12.465582847595215,ok
LA_D_3432100,13.73706340789795,13.737845420837402,ok
LA_D_3432834,18.79708480834961,18.80304527282715,ok
LA_D_3434212,13.203034400939941,13.204910278320312,ok
LA_D_3434819,15.030240058898926,15.035832405090332,ok
LA_D_3434821,10.464183807373047,10.465546607971191,ok
LA_D_3435616,14.022571563720703,14.02320671081543,ok
LA_D_3435721,20.76319122314453,20.776968002319336,ok
LA_D_3435784,16.03829574584961,16.038373947143555,ok
LA_D_3435957,15.356526374816895,15.35956859588623,ok
LA_D_3436742,15.997715950012207,16.005474090576172,ok
LA_D_3436779,24.242534637451172,24.258325576782227,ok
LA_D_3438062,12.015844345092773,12.023070335388184,ok
LA_D_3438542,9.271068572998047,9.27355670928955,ok
LA_D_3440131,-12.915643692016602,-12.915751457214355,ok
LA_D_3440449,8.365093231201172,8.365200996398926,ok
LA_D_3440841,15.405454635620117,15.410405158996582,ok
LA_D_3441226,13.192658424377441,13.192464828491211,ok
LA_D_3441390,16.473669052124023,16.473669052124023,ok
LA_D_3441965,4.005100250244141,4.005041122436523,ok
LA_D_3442349,16.28335952758789,16.283655166625977,ok
LA_D_3443299,16.560470581054688,16.561399459838867,ok
LA_D_3443410,14.090848922729492,14.091633796691895,ok
LA_D_3443703,-14.619613647460938,-14.635358810424805,ok
LA_D_3444541,-13.98548412322998,-13.986231803894043,ok
LA_D_3444944,12.646431922912598,12.65080738067627,ok
LA_D_3445488,14.332649230957031,14.333330154418945,ok
LA_D_3445715,14.985426902770996,14.985672950744629,ok
LA_D_3446159,10.456364631652832,10.45940113067627,ok
LA_D_3446645,18.18641471862793,18.187456130981445,ok
LA_D_3448069,13.695229530334473,13.695712089538574,ok
LA_D_3449059,15.574143409729004,15.57583999633789,ok
LA_D_3449675,16.749095916748047,16.750816345214844,ok
LA_D_3449692,15.714731216430664,15.726716041564941,ok
LA_D_3450019,16.78843879699707,16.793912887573242,ok
LA_D_3450749,16.028705596923828,16.032541275024414,ok
LA_D_3451581,9.35912036895752,9.360397338867188,ok
LA_D_3452933,11.301030158996582,11.30302906036377,ok
LA_D_3453232,12.051724433898926,12.052409172058105,ok
LA_D_3457024,12.19237995147705,12.194628715515137,ok
LA_D_3457581,16.811338424682617,16.81404685974121,ok
LA_D_3457616,14.795187950134277,14.795727729797363,ok
LA_D_3459378,14.088048934936523,14.08821964263916,ok
LA_D_3460862,15.267314910888672,15.267367362976074,ok
LA_D_3461793,14.965657234191895,14.966731071472168,ok
LA_D_3461825,24.71376609802246,24.718175888061523,ok
LA_D_3461953,10.29709243774414,10.297005653381348,ok
LA_D_3464373,12.766892433166504,12.76854419708252,ok
LA_D_3465485,15.539478302001953,15.541841506958008,ok
LA_D_3465878,14.322681427001953,14.325396537780762,ok
LA_D_3466785,9.398130416870117,9.398648262023926,ok
LA_D_3467346,-14.230833053588867,-14.233668327331543,ok
LA_D_3467485,-12.830455780029297,-12.83290958404541,ok
LA_D_3468243,17.644062042236328,17.656545639038086,ok
LA_D_3468801,13.584176063537598,13.584458351135254,ok
LA_D_3469008,17.814289093017578,17.814556121826172,ok
LA_D_3470313,16.316030502319336,16.316869735717773,ok
LA_D_3470341,14.146896362304688,14.147786140441895,ok
LA_D_3472117,11.57414722442627,11.577071189880371,ok
LA_D_3472699,11.628695487976074,11.63375473022461,ok
LA_D_3472855,17.48322105407715,17.486942291259766,ok
LA_D_3473674,17.29359245300293,17.293933868408203,ok
LA_D_3474604,18.495561599731445,18.5007266998291,ok
LA_D_3475865,-14.113219261169434,-14.113598823547363,ok
LA_D_3476544,-9.95744800567627,-9.958139419555664,ok
LA_D_3476552,11.985163688659668,11.986454963684082,ok
LA_D_3476775,15.004136085510254,15.008709907531738,ok
LA_D_3476956,-13.453277587890625,-13.460610389709473,ok
LA_D_3477279,15.225500106811523,15.238344192504883,ok
LA_D_3478144,16.61371612548828,16.614782333374023,ok
LA_D_3479801,-15.227428436279297,-15.228608131408691,ok
LA_D_3481053,11.728111267089844,11.7283935546875,ok
LA_D_3481326,14.725359916687012,14.72536849975586,ok
LA_D_3481855,7.911585330963135,7.915861129760742,ok
LA_D_3481947,12.413756370544434,12.41439151763916,ok
LA_D_3482541,10.644359588623047,10.644246101379395,ok
LA_D_3482661,-11.90939998626709,-11.909520149230957,ok
LA_D_3483451,-14.551031112670898,-14.557576179504395,ok
LA_D_3484658,14.549392700195312,14.551172256469727,ok
LA_D_3485246,12.237543106079102,12.23786449432373,ok
LA_D_3486393,14.120725631713867,14.126612663269043,ok
LA_D_3487340,14.360912322998047,14.364789009094238,ok
LA_D_3490249,12.129203796386719,12.129237174987793,ok
LA_D_3490654,18.148773193359375,18.148778915405273,ok
LA_D_3492096,14.552096366882324,14.556355476379395,ok
LA_D_3492327,24.11622428894043,24.118314743041992,ok
LA_D_3494648,1.7563172578811646,1.756597876548767,ok
LA_D_3495106,14.323858261108398,14.331064224243164,ok
LA_D_3495418,11.074914932250977,11.075005531311035,ok
LA_D_3495463,11.29092788696289,11.29242992401123,ok
LA_D_3495466,19.065933227539062,19.073959350585938,ok
LA_D_3495492,15.141343116760254,15.14562702178955,ok
LA_D_3495507,12.229244232177734,12.229327201843262,ok
LA_D_3496116,13.76899528503418,13.769866943359375,ok
LA_D_3496241,7.227875709533691,7.227926254272461,ok
LA_D_3496584,19.136674880981445,19.137187957763672,ok
LA_D_3496658,16.25261878967285,16.253637313842773,ok
LA_D_3497818,9.982681274414062,9.98388671875,ok
LA_D_3497883,12.618292808532715,12.620354652404785,ok
LA_D_3498197,17.426748275756836,17.429569244384766,ok
LA_D_3498834,11.676440238952637,11.676941871643066,ok
LA_D_3499835,9.739770889282227,9.73993968963623,ok
LA_D_3499981,12.197859764099121,12.198307991027832,ok
LA_D_3501342,9.753769874572754,9.753539085388184,ok
LA_D_3504200,8.828104972839355,8.828461647033691,ok
LA_D_3504984,14.428702354431152,14.429710388183594,ok
LA_D_3506531,15.937715530395508,15.941221237182617,ok
LA_D_3506569,16.834270477294922,16.837759017944336,ok
LA_D_3507662,13.0490083694458,13.049052238464355,ok
LA_D_3507835,9.135519027709961,9.136612892150879,ok
LA_D_3508441,14.040346145629883,14.04254150390625,ok
LA_D_3508879,7.765638828277588,7.765581130981445,ok
LA_D_3509644,15.700199127197266,15.706435203552246,ok
LA_D_3510395,14.197423934936523,14.19944953918457,ok
LA_D_3510615,16.470849990844727,16.470945358276367,ok
LA_D_3512251,9.61628532409668,9.617318153381348,ok
LA_D_3512316,16.104341506958008,16.10735511779785,ok
LA_D_3512336,16.234403610229492,16.234819412231445,ok
LA_D_3512887,13.574918746948242,13.578999519348145,ok
LA_D_3513335,-15.303770065307617,-15.305070877075195,ok
LA_D_3514242,-14.59234619140625,-14.605268478393555,ok
LA_D_3514513,12.18436336517334,12.18431568145752,ok
LA_D_3515006,16.159835815429688,16.159881591796875,ok
LA_D_3517587,15.621136665344238,15.622573852539062,ok
LA_D_3519840,-15.600247383117676,-15.601582527160645,ok
LA_D_3522779,14.536075592041016,14.536540031433105,ok
LA_D_3522934,17.389097213745117,17.394428253173828,ok
LA_D_3523121,12.119500160217285,12.1198148727417,ok
LA_D_3523213,14.861394882202148,14.867231369018555,ok
LA_D_3524386,12.173307418823242,12.176603317260742,ok
LA_D_3525708,13.207953453063965,13.209450721740723,ok
LA_D_3526413,-12.517292022705078,-12.517403602600098,ok
LA_D_3526562,17.93922233581543,17.942724227905273,ok
LA_D_3527270,14.905147552490234,14.906872749328613,ok
LA_D_3527786,13.491024017333984,13.491475105285645,ok
LA_D_3529126,13.985417366027832,13.98762035369873,ok
LA_D_3529673,14.325536727905273,14.327718734741211,ok
LA_D_3533142,7.5325822830200195,7.532589912414551,ok
LA_D_3533489,14.300868034362793,14.30808162689209,ok
LA_D_3533916,10.143155097961426,10.143171310424805,ok
LA_D_3534463,20.296777725219727,20.297163009643555,ok
LA_D_3534602,10.022441864013672,10.022459030151367,ok
LA_D_3536394,3.6110968589782715,3.6110920906066895,ok
LA_D_3536487,12.775566101074219,12.78062915802002,ok
LA_D_3538356,10.764140129089355,10.764704704284668,ok
LA_D_3538677,17.025997161865234,17.027650833129883,ok
LA_D_3539484,12.212055206298828,12.212447166442871,ok
LA_D_3539811,15.055418968200684,15.057859420776367,ok
LA_D_3539892,15.201300621032715,15.203701972961426,ok
LA_D_3542619,-14.098495483398438,-14.100024223327637,ok
LA_D_3543093,15.488478660583496,15.48930835723877,ok
LA_D_3544844,15.279780387878418,15.287883758544922,ok
LA_D_3545477,10.066595077514648,10.068245887756348,ok
LA_D_3545859,14.658100128173828,14.65827465057373,ok
LA_D_3546305,9.474392890930176,9.474358558654785,ok
LA_D_3547035,-11.173836708068848,-11.174631118774414,ok
LA_D_3547584,19.74836540222168,19.750947952270508,ok
LA_D_3548300,14.684861183166504,14.68698787689209,ok
LA_D_3548515,-13.686267852783203,-13.686641693115234,ok
LA_D_3548689,14.261285781860352,14.262517929077148,ok
LA_D_3549897,13.175763130187988,13.175942420959473,ok
LA_D_3551244,12.3074369430542,12.309040069580078,ok
LA_D_3552234,15.705739974975586,15.70972728729248,ok
LA_D_3552805,5.498256683349609,5.503302574157715,ok
LA_D_3553006,14.003609657287598,14.003987312316895,ok
LA_D_3553429,14.119433403015137,14.120844841003418,ok
LA_D_3553483,14.788712501525879,14.78864574432373,ok
LA_D_3553967,18.1983699798584,18.21002769470215,ok
LA_D_3554651,12.321057319641113,12.324481964111328,ok
LA_D_3554660,20.786773681640625,20.792505264282227,ok
LA_D_3555076,16.70303726196289,16.70686912536621,ok
LA_D_3555349,11.79939079284668,11.801213264465332,ok
LA_D_3555723,15.882018089294434,15.883237838745117,ok
LA_D_3555810,9.341083526611328,9.34131145477295,ok
LA_D_3556001,14.790854454040527,14.793411254882812,ok
LA_D_3556561,15.606204986572266,15.60837459564209,ok
LA_D_3559270,-14.872836112976074,-14.881351470947266,ok
LA_D_3561784,13.829863548278809,13.833333969116211,ok
LA_D_3562009,14.229762077331543,14.232420921325684,ok
LA_D_3564164,-14.50207805633545,-14.504953384399414,ok
LA_D_3565165,28.861120223999023,28.883167266845703,ok
LA_D_3565303,18.607147216796875,18.610776901245117,ok
LA_D_3567404,15.404668807983398,15.405643463134766,ok
LA_D_3567520,16.650243759155273,16.664445877075195,ok
LA_D_3569726,16.857833862304688,16.86170196533203,ok
LA_D_3569824,-10.890792846679688,-10.891914367675781,ok
LA_D_3569855,17.613162994384766,17.613245010375977,ok
LA_D_3570749,-16.21738052368164,-16.218778610229492,ok
LA_D_3571070,16.446537017822266,16.45200538635254,ok
LA_D_3571216,15.65565013885498,15.658991813659668,ok
LA_D_3571681,15.97322940826416,15.9766845703125,ok
LA_D_3571831,13.424057960510254,13.424836158752441,ok
LA_D_3572777,15.311985969543457,15.313355445861816,ok
LA_D_3573085,13.301151275634766,13.301369667053223,ok
LA_D_3574020,15.424423217773438,15.427569389343262,ok
LA_D_3576459,-10.852892875671387,-10.853289604187012,ok
LA_D_3577801,-10.834158897399902,-10.834196090698242,ok
LA_D_3577998,18.109058380126953,18.10981559753418,ok
LA_D_3578253,10.871835708618164,10.874825477600098,ok
LA_D_3579076,18.197580337524414,18.19767189025879,ok
LA_D_3579245,15.73194408416748,15.732686042785645,ok
LA_D_3579781,-11.651023864746094,-11.651514053344727,ok
LA_D_3579823,11.647527694702148,11.647994041442871,ok
LA_D_3580620,11.807418823242188,11.81143569946289,ok
LA_D_3581277,5.4119954109191895,5.41208028793335,ok
LA_D_3581963,16.010990142822266,16.013790130615234,ok
LA_D_3582263,10.719733238220215,10.719783782958984,ok
LA_D_3582380,9.614830017089844,9.614882469177246,ok
LA_D_3586862,10.340330123901367,10.341018676757812,ok
LA_D_3587612,19.7746524810791,19.77567481994629,ok
LA_D_3588547,16.106624603271484,16.110204696655273,ok
LA_D_3588628,15.401098251342773,15.401670455932617,ok
LA_D_3589247,14.415376663208008,14.416837692260742,ok
LA_D_3589383,13.970269203186035,13.97370433807373,ok
LA_D_3589733,18.73664665222168,18.737777709960938,ok
LA_D_3590829,16.977968215942383,16.986169815063477,ok
LA_D_3591261,19.067455291748047,19.075632095336914,ok
LA_D_3591679,13.63785171508789,13.640450477600098,ok
LA_D_3593160,9.669851303100586,9.670500755310059,ok
LA_D_3593928,16.497583389282227,16.497594833374023,ok
LA_D_3595174,11.315463066101074,11.316962242126465,ok
LA_D_3596015,-15.568828582763672,-15.570090293884277,ok
LA_D_3597531,12.261117935180664,12.262085914611816,ok
LA_D_3597601,14.951387405395508,14.95404052734375,ok
LA_D_3597738,17.61589813232422,17.617677688598633,ok
LA_D_3597947,9.291704177856445,9.295483589172363,ok
LA_D_3598081,9.737019538879395,9.737162590026855,ok
LA_D_3599443,-13.081807136535645,-13.0830659866333,ok
LA_D_3601430,-11.612556457519531,-11.617758750915527,ok
LA_D_3602669,13.328876495361328,13.333695411682129,ok
LA_D_3603256,11.337746620178223,11.341354370117188,ok
LA_D_3604214,14.111598014831543,14.111503601074219,ok
LA_D_3604610,-11.09557056427002,-11.095746994018555,ok
LA_D_3605046,11.104470252990723,11.104683876037598,ok
LA_D_3605088,15.647385597229004,15.64739990234375,ok
LA_D_3605726,10.19690227508545,10.198296546936035,ok
LA_D_3607289,-11.149889945983887,-11.151862144470215,ok
LA_D_3608535,9.838812828063965,9.838826179504395,ok
LA_D_3608783,12.272226333618164,12.272345542907715,ok
LA_D_3608947,11.284991264343262,11.289481163024902,ok
LA_D_3609505,16.291263580322266,16.29159164428711,ok
LA_D_3609977,-13.048941612243652,-13.049580574035645,ok
LA_D_3610743,13.607891082763672,13.609492301940918,ok
LA_D_3611170,15.076886177062988,15.077406883239746,ok
LA_D_3611237,16.527820587158203,16.529809951782227,ok
LA_D_3611560,11.539058685302734,11.53915023803711,ok
LA_D_3613644,12.173474311828613,12.174459457397461,ok
LA_D_3614881,16.296646118164062,16.297426223754883,ok
LA_D_3614949,16.19124984741211,16.192323684692383,ok
LA_D_3615500,13.15087890625,13.151593208312988,ok
LA_D_3615708,11.59323787689209,11.593385696411133,ok
LA_D_3617105,16.7711124420166,16.773618698120117,ok
LA_D_3617321,13.335176467895508,13.33547306060791,ok
LA_D_3617757,18.616365432739258,18.616552352905273,ok
LA_D_3617770,14.132994651794434,14.134921073913574,ok
LA_D_3618771,14.54581356048584,14.545852661132812,ok
LA_D_3619292,16.968677520751953,16.971837997436523,ok
LA_D_3620817,12.178210258483887,12.1808443069458,ok
LA_D_3621506,11.308728218078613,11.311565399169922,ok
LA_D_3621540,11.727938652038574,11.732362747192383,ok
LA_D_3621915,11.60191822052002,11.601906776428223,ok
LA_D_3622353,15.975227355957031,15.980998039245605,ok
LA_D_3622835,-2.194770574569702,-2.1957030296325684,ok
LA_D_3623206,-13.964838027954102,-13.966251373291016,ok
LA_D_3623933,9.343914031982422,9.343926429748535,ok
LA_D_3626485,9.85403060913086,9.859383583068848,ok
LA_D_3626798,17.001930236816406,17.002140045166016,ok
LA_D_3627257,10.490994453430176,10.490351676940918,ok
LA_D_3629732,12.387895584106445,12.387957572937012,ok
LA_D_3630229,9.465216636657715,9.46558666229248,ok
LA_D_3630490,11.39867115020752,11.40058422088623,ok
LA_D_3631999,-10.84616470336914,-10.846375465393066,ok
LA_D_3634368,17.231515884399414,17.23351287841797,ok
LA_D_3634420,9.264081954956055,9.264459609985352,ok
LA_D_3634650,17.296642303466797,17.30095863342285,ok
LA_D_3635351,15.725563049316406,15.7288179397583,ok
LA_D_3635835,10.815994262695312,10.816266059875488,ok
LA_D_3636142,9.833678245544434,9.833916664123535,ok
LA_D_3637154,11.685062408447266,11.685625076293945,ok
LA_D_3639272,12.52791690826416,12.528275489807129,ok
LA_D_3639376,12.637442588806152,12.639180183410645,ok
LA_D_3639895,12.806026458740234,12.807374000549316,ok
LA_D_3641330,12.253759384155273,12.253779411315918,ok
LA_D_3642434,23.20135498046875,23.20234489440918,ok
LA_D_3643887,14.860599517822266,14.861549377441406,ok
LA_D_3645082,8.565224647521973,8.565282821655273,ok
LA_D_3645170,14.9135160446167,14.913799285888672,ok
LA_D_3646040,13.88511848449707,13.886322975158691,ok
LA_D_3646143,13.729401588439941,13.729691505432129,ok
LA_D_3648769,12.992339134216309,12.992571830749512,ok
LA_D_3649862,14.869688987731934,14.874388694763184,ok
LA_D_3651367,13.61748218536377,13.619349479675293,ok
LA_D_3652898,13.16471004486084,13.167038917541504,ok
LA_D_3653770,18.721797943115234,18.722862243652344,ok
LA_D_3654875,15.09809398651123,15.10782527923584,ok
LA_D_3655047,13.714030265808105,13.7151517868042,ok
LA_D_3655500,-15.143202781677246,-15.14371395111084,ok
LA_D_3655812,12.233302116394043,12.234583854675293,ok
LA_D_3658031,15.414356231689453,15.420720100402832,ok
LA_D_3659236,17.330890655517578,17.334394454956055,ok
LA_D_3660282,13.25385856628418,13.256245613098145,ok
LA_D_3662303,12.439253807067871,12.441031455993652,ok
LA_D_3662875,13.332579612731934,13.333353996276855,ok
LA_D_3663843,13.182747840881348,13.185266494750977,ok
LA_D_3664298,13.187267303466797,13.189136505126953,ok
LA_D_3664914,10.473939895629883,10.47392463684082,ok
LA_D_3666430,9.649506568908691,9.651065826416016,ok
LA_D_3666804,12.878101348876953,12.878412246704102,ok
LA_D_3666824,12.894097328186035,12.895357131958008,ok
LA_D_3668484,-13.362560272216797,-13.362577438354492,ok
LA_D_3668631,12.914078712463379,12.915602684020996,ok
LA_D_3668954,7.356100559234619,7.3576579093933105,ok
LA_D_3669578,-7.405306816101074,-7.405378818511963,ok
LA_D_3669836,17.207067489624023,17.21052360534668,ok
LA_D_3671059,11.1265230178833,11.127021789550781,ok
LA_D_3671184,13.761863708496094,13.766095161437988,ok
LA_D_3671224,17.78104591369629,17.781667709350586,ok
LA_D_3671795,13.217236518859863,13.21981143951416,ok
LA_D_3672445,16.39476203918457,16.3972225189209,ok
LA_D_3673082,13.446240425109863,13.447770118713379,ok
LA_D_3673596,15.609718322753906,15.610821723937988,ok
LA_D_3673803,10.190143585205078,10.190143585205078,ok
LA_D_3674440,11.296915054321289,11.29788875579834,ok
LA_D_3674534,13.499547004699707,13.499825477600098,ok
LA_D_3674928,12.172162055969238,12.174260139465332,ok
LA_D_3675542,16.95977210998535,16.96444320678711,ok
LA_D_3675685,14.685380935668945,14.686802864074707,ok
LA_D_3675957,15.745026588439941,15.749329566955566,ok
LA_D_3676772,10.331894874572754,10.33174991607666,ok
LA_D_3676923,11.100034713745117,11.105134010314941,ok
LA_D_3678117,9.983734130859375,9.983748435974121,ok
LA_D_3679086,14.345012664794922,14.347219467163086,ok
LA_D_3679618,19.158205032348633,19.159048080444336,ok
LA_D_3680733,12.288033485412598,12.288002967834473,ok
LA_D_3681485,14.837329864501953,14.838401794433594,ok
LA_D_3681599,15.40617561340332,15.410341262817383,ok
LA_D_3682065,11.967774391174316,11.970036506652832,ok
LA_D_3682613,12.592796325683594,12.592832565307617,ok
LA_D_3683215,15.376368522644043,15.378743171691895,ok
LA_D_3685390,16.520111083984375,16.521875381469727,ok
LA_D_3687327,11.298413276672363,11.303437232971191,ok
LA_D_3687811,19.010120391845703,19.018484115600586,ok
LA_D_3688613,16.1175479888916,16.122303009033203,ok
LA_D_3688837,18.286540985107422,18.29082489013672,ok
LA_D_3689048,12.803257942199707,12.808123588562012,ok
LA_D_3690604,7.985664367675781,7.9873785972595215,ok
LA_D_3691360,-13.797683715820312,-13.798975944519043,ok
LA_D_3691538,16.40707015991211,16.416358947753906,ok
LA_D_3691736,15.85687255859375,15.859162330627441,ok
LA_D_3691914,13.65382194519043,13.658034324645996,ok
LA_D_3694012,16.09855079650879,16.105003356933594,ok
LA_D_3694037,9.150973320007324,9.15229606628418,ok
LA_D_3694349,8.375165939331055,8.375215530395508,ok
LA_D_3695422,16.13995361328125,16.142202377319336,ok
LA_D_3695649,14.28368854522705,14.285714149475098,ok
LA_D_3697262,13.944670677185059,13.944951057434082,ok
LA_D_3698358,-13.835604667663574,-13.835820198059082,ok
LA_D_3700696,11.659157752990723,11.659893989562988,ok
LA_D_3701247,16.698932647705078,16.700517654418945,ok
LA_D_3703420,11.546467781066895,11.546756744384766,ok
LA_D_3703706,14.782465934753418,14.782649040222168,ok
LA_D_3703829,5.374391078948975,5.3746418952941895,ok
LA_D_3705070,17.441179275512695,17.445770263671875,ok
LA_D_3706083,-14.17474365234375,-14.175461769104004,ok
LA_D_3706159,11.787071228027344,11.788370132446289,ok
LA_D_3707430,14.617076873779297,14.620453834533691,ok
LA_D_3707499,14.458683013916016,14.460265159606934,ok
LA_D_3707801,15.276972770690918,15.279133796691895,ok
LA_D_3708116,14.38914966583252,14.391280174255371,ok
LA_D_3709016,13.268019676208496,13.26810073852539,ok
LA_D_3709912,15.354494094848633,15.357012748718262,ok
LA_D_3710720,15.223406791687012,15.223889350891113,ok
LA_D_3711375,13.440190315246582,13.44140625,ok
LA_D_3712672,15.298830032348633,15.302960395812988,ok
LA_D_3712860,16.883819580078125,16.890512466430664,ok
LA_D_3713460,14.95796012878418,14.95877456665039,ok
LA_D_3713639,14.546904563903809,14.556015968322754,ok
LA_D_3713729,12.448780059814453,12.449677467346191,ok
LA_D_3714587,15.042259216308594,15.042267799377441,ok
LA_D_3720476,10.836592674255371,10.8371000289917,ok
LA_D_3720743,10.920642852783203,10.921976089477539,ok
LA_D_3721304,11.42928695678711,11.42939281463623,ok
LA_D_3725212,16.067710876464844,16.077680587768555,ok
LA_D_3725938,8.047056198120117,8.047067642211914,ok
LA_D_3726596,18.654817581176758,18.659482955932617,ok
LA_D_3727464,8.431379318237305,8.431464195251465,ok
LA_D_3727622,17.952180862426758,17.95232391357422,ok
LA_D_3731175,-12.746212005615234,-12.749842643737793,ok
LA_D_3732490,14.853453636169434,14.857283592224121,ok
LA_D_3732635,14.088627815246582,14.091039657592773,ok
LA_D_3733302,13.040289878845215,13.040511131286621,ok
LA_D_3733779,-10.811262130737305,-10.811911582946777,ok
LA_D_3734390,9.604655265808105,9.604687690734863,ok
LA_D_3736436,16.570215225219727,16.570266723632812,ok
LA_D_3736974,13.570541381835938,13.571516990661621,ok
LA_D_3737744,17.065458297729492,17.072067260742188,ok
LA_D_3738196,12.459700584411621,12.461600303649902,ok
LA_D_3740186,11.836230278015137,11.83717155456543,ok
LA_D_3740798,13.097702980041504,13.099102973937988,ok
LA_D_3741233,4.608778476715088,4.608886241912842,ok
LA_D_3741474,16.187728881835938,16.188175201416016,ok
LA_D_3741607,16.13159942626953,16.136314392089844,ok
LA_D_3741865,15.76694393157959,15.76810073852539,ok
LA_D_3742795,17.22045135498047,17.222196578979492,ok
LA_D_3743022,15.977620124816895,15.985060691833496,ok
LA_D_3743658,16.63711166381836,16.638729095458984,ok
LA_D_3744491,11.989821434020996,11.98987865447998,ok
LA_D_3745321,16.471534729003906,16.47319221496582,ok
LA_D_3746211,-14.115983009338379,-14.11757755279541,ok
LA_D_3746495,9.757705688476562,9.758023262023926,ok
LA_D_3746592,13.583453178405762,13.58500862121582,ok
LA_D_3746754,16.32883071899414,16.33119773864746,ok
LA_D_3747854,7.977072238922119,7.977111339569092,ok
LA_D_3749584,21.284523010253906,21.290544509887695,ok
LA_D_3749655,15.274895668029785,15.274896621704102,ok
LA_D_3749921,15.02686882019043,15.0293550491333,ok
LA_D_3750214,11.323797225952148,11.325650215148926,ok
LA_D_3750321,11.053709030151367,11.053715705871582,ok
LA_D_3750938,5.271361351013184,5.272759914398193,ok
LA_D_3751177,13.540592193603516,13.54378604888916,ok
LA_D_3751233,11.998282432556152,12.002431869506836,ok
LA_D_3752691,10.609967231750488,10.610071182250977,ok
LA_D_3752882,15.599847793579102,15.60866641998291,ok
LA_D_3753443,15.560460090637207,15.56187629699707,ok
LA_D_3753747,19.338375091552734,19.339014053344727,ok
LA_D_3754318,15.734796524047852,15.734881401062012,ok
LA_D_3754369,11.361552238464355,11.363890647888184,ok
LA_D_3757923,12.930206298828125,12.931867599487305,ok
LA_D_3758904,15.155142784118652,15.155768394470215,ok
LA_D_3759608,15.083662986755371,15.087483406066895,ok
LA_D_3759918,16.477285385131836,16.4884090423584,ok
LA_D_3760422,10.98031234741211,10.981646537780762,ok
LA_D_3761372,13.616036415100098,13.61919116973877,ok
LA_D_3762414,10.183492660522461,10.183967590332031,ok
LA_D_3762985,16.242952346801758,16.243419647216797,ok
LA_D_3763099,9.34457778930664,9.346552848815918,ok
LA_D_3763362,11.004150390625,11.004509925842285,ok
LA_D_3765509,1.4976269006729126,1.4961448907852173,ok
LA_D_3766019,8.866124153137207,8.86603832244873,ok
LA_D_3767360,14.219963073730469,14.2204008102417,ok
LA_D_3767648,15.852274894714355,15.853001594543457,ok
LA_D_3767704,15.81900405883789,15.82111644744873,ok
LA_D_3768058,6.32755708694458,6.326523780822754,ok
LA_D_3768185,14.87010669708252,14.874176979064941,ok
LA_D_3769543,9.601468086242676,9.601767539978027,ok
LA_D_3770674,-14.698655128479004,-14.701764106750488,ok
LA_D_3770745,16.638629913330078,16.639862060546875,ok
LA_D_3770754,16.65450096130371,16.655614852905273,ok
LA_D_3771019,16.150556564331055,16.157535552978516,ok
LA_D_3771563,10.839061737060547,10.839072227478027,ok
LA_D_3771602,13.924164772033691,13.924176216125488,ok
LA_D_3772496,16.323848724365234,16.325740814208984,ok
LA_D_3772573,13.697531700134277,13.700889587402344,ok
LA_D_3773329,15.770893096923828,15.775288581848145,ok
LA_D_3773558,11.235045433044434,11.234698295593262,ok
LA_D_3774026,18.681459426879883,18.688169479370117,ok
LA_D_3774137,-15.322369575500488,-15.326558113098145,ok
LA_D_3775288,11.583714485168457,11.589323997497559,ok
LA_D_3775667,12.925345420837402,12.92538833618164,ok
LA_D_3775817,10.503615379333496,10.504894256591797,ok
LA_D_3775896,8.327115058898926,8.327488899230957,ok
LA_D_3776249,12.442161560058594,12.442527770996094,ok
LA_D_3776327,15.046114921569824,15.047661781311035,ok
LA_D_3776414,-12.109745979309082,-12.110428810119629,ok
LA_D_3777012,15.77349853515625,15.774199485778809,ok
LA_D_3777358,11.8375825881958,11.83757495880127,ok
LA_D_3777433,18.22620964050293,18.232736587524414,ok
LA_D_3777702,12.560361862182617,12.561882972717285,ok
LA_D_3778535,14.98686695098877,14.988319396972656,ok
LA_D_3779051,13.336936950683594,13.34453296661377,ok
LA_D_3780178,12.41873836517334,12.418778419494629,ok
LA_D_3780481,13.596773147583008,13.601373672485352,ok
LA_D_3780562,16.721479415893555,16.728931427001953,ok
LA_D_3781670,-13.46011734008789,-13.460253715515137,ok
LA_D_3782076,19.052364349365234,19.05497932434082,ok
LA_D_3782739,18.317480087280273,18.319499969482422,ok
LA_D_3783520,16.145946502685547,16.146949768066406,ok
LA_D_3783864,15.27681827545166,15.278573036193848,ok
LA_D_3784534,10.765481948852539,10.768670082092285,ok
LA_D_3785236,15.261959075927734,15.263313293457031,ok
LA_D_3787070,-13.059011459350586,-13.060914039611816,ok
LA_D_3787257,17.88689422607422,17.888845443725586,ok
LA_D_3787464,-15.617606163024902,-15.618324279785156,ok
LA_D_3788427,16.327302932739258,16.348087310791016,ok
LA_D_3788624,15.802275657653809,15.810449600219727,ok
LA_D_3788675,16.721981048583984,16.722455978393555,ok
LA_D_3789724,14.14734172821045,14.151062965393066,ok
LA_D_3789801,15.506020545959473,15.507262229919434,ok
LA_D_3790568,14.82081127166748,14.823602676391602,ok
LA_D_3791494,16.971370697021484,16.97393226623535,ok
LA_D_3792366,15.674042701721191,15.674256324768066,ok
LA_D_3792397,-15.5064697265625,-15.51403522491455,ok
LA_D_3792583,13.053897857666016,13.057183265686035,ok
LA_D_3792705,7.553823471069336,7.553827285766602,ok
LA_D_3793172,19.123126983642578,19.13092613220215,ok
LA_D_3794623,14.49660587310791,14.497204780578613,ok
LA_D_3794629,13.167949676513672,13.169553756713867,ok
LA_D_3795179,17.716733932495117,17.724767684936523,ok
LA_D_3795570,10.566699981689453,10.567618370056152,ok
LA_D_3795890,10.569944381713867,10.57112979888916,ok
LA_D_3796498,-12.510400772094727,-12.514233589172363,ok
LA_D_3797749,-14.85433292388916,-14.865785598754883,ok
LA_D_3798024,8.428203582763672,8.427535057067871,ok
LA_D_3799314,19.51398468017578,19.514814376831055,ok
LA_D_3799415,7.975332260131836,7.975334644317627,ok
LA_D_3799822,15.723702430725098,15.72377872467041,ok
LA_D_3802210,11.53841781616211,11.53842830657959,ok
LA_D_3802962,15.147662162780762,15.148923873901367,ok
LA_D_3803714,16.344364166259766,16.344345092773438,ok
LA_D_3803791,14.547876358032227,14.547982215881348,ok
LA_D_3804397,11.408281326293945,11.408358573913574,ok
LA_D_3805827,15.047928810119629,15.04776668548584,ok
LA_D_3806582,15.623292922973633,15.623281478881836,ok
LA_D_3807326,15.027441024780273,15.030167579650879,ok
LA_D_3808030,18.00135040283203,18.001325607299805,ok
LA_D_3810542,-11.038799285888672,-11.039566040039062,ok
LA_D_3811484,12.985103607177734,12.987116813659668,ok
LA_D_3811662,15.081521987915039,15.098731994628906,ok
LA_D_3813018,13.82916259765625,13.832887649536133,ok
LA_D_3814257,12.171363830566406,12.171534538269043,ok
LA_D_3814355,14.354166030883789,14.356978416442871,ok
LA_D_3814791,14.349457740783691,14.351176261901855,ok
LA_D_3815316,13.77468204498291,13.775103569030762,ok
LA_D_3815884,16.43717384338379,16.441715240478516,ok
LA_D_3819582,17.204988479614258,17.205862045288086,ok
LA_D_3820104,13.035042762756348,13.036734580993652,ok
LA_D_3820911,14.456064224243164,14.460655212402344,ok
LA_D_3821359,11.203662872314453,11.204352378845215,ok
LA_D_3822372,11.005239486694336,11.006945610046387,ok
LA_D_3822874,13.972249031066895,13.97255802154541,ok
LA_D_3823574,13.855400085449219,13.855417251586914,ok
LA_D_3823928,9.994068145751953,9.997796058654785,ok
LA_D_3825048,16.072044372558594,16.072080612182617,ok
LA_D_3825329,13.443425178527832,13.445233345031738,ok
LA_D_3826920,14.495654106140137,14.499826431274414,ok
LA_D_3827873,12.064388275146484,12.065339088439941,ok
LA_D_3828014,16.70109748840332,16.705974578857422,ok
LA_D_3828841,4.290975570678711,4.29088830947876,ok
LA_D_3828893,9.186737060546875,9.186978340148926,ok
LA_D_3829330,15.94848346710205,15.950146675109863,ok
LA_D_3830921,10.79321575164795,10.793054580688477,ok
LA_D_3831261,14.526071548461914,14.528964042663574,ok
LA_D_3831306,11.117536544799805,11.118467330932617,ok
LA_D_3833623,9.4218168258667,9.422268867492676,ok
LA_D_3834961,13.703389167785645,13.712035179138184,ok
LA_D_3835319,11.85434341430664,11.855219841003418,ok
LA_D_3837714,13.524675369262695,13.524685859680176,ok
LA_D_3838632,22.00530242919922,22.015520095825195,ok
LA_D_3840866,11.268355369567871,11.268288612365723,ok
LA_D_3843488,16.854598999023438,16.85642433166504,ok
LA_D_3843705,14.78100872039795,14.783905982971191,ok
LA_D_3843887,14.279500961303711,14.284595489501953,ok
LA_D_3845484,11.750432014465332,11.750567436218262,ok
LA_D_3847966,17.502870559692383,17.50739860534668,ok
LA_D_3848465,11.595449447631836,11.595906257629395,ok
LA_D_3848625,12.328901290893555,12.332042694091797,ok
LA_D_3849533,18.345720291137695,18.347047805786133,ok
LA_D_3850425,12.64320182800293,12.643855094909668,ok
LA_D_3851125,12.492630004882812,12.494621276855469,ok
LA_D_3851144,16.915924072265625,16.917781829833984,ok
LA_D_3851855,-12.244765281677246,-12.246993064880371,ok
LA_D_3851996,-13.23100757598877,-13.23194408416748,ok
LA_D_3852341,16.3807430267334,16.383989334106445,ok
LA_D_3852849,17.950057983398438,17.953643798828125,ok
LA_D_3854807,13.702774047851562,13.70346736907959,ok
LA_D_3855845,4.884909152984619,4.885384559631348,ok
LA_D_3857058,-13.92261791229248,-13.924601554870605,ok
LA_D_3857446,-14.635225296020508,-14.63968563079834,ok
LA_D_3857630,16.502002716064453,16.505876541137695,ok
LA_D_3858607,11.870368957519531,11.881714820861816,ok
LA_D_3859466,15.573553085327148,15.578412055969238,ok
LA_D_3860312,-8.266265869140625,-8.266341209411621,ok
LA_D_3860524,16.220783233642578,16.224872589111328,ok
LA_D_3861037,11.28299331665039,11.283510208129883,ok
LA_D_3861045,16.504623413085938,16.505468368530273,ok
LA_D_3861154,-8.155113220214844,-8.155157089233398,ok
LA_D_3862599,17.573192596435547,17.574777603149414,ok
LA_D_3862793,18.12805938720703,18.128597259521484,ok
LA_D_3862795,14.983583450317383,14.985250473022461,ok
LA_D_3863318,13.490104675292969,13.491377830505371,ok
LA_D_3863951,12.762880325317383,12.763300895690918,ok
LA_D_3864419,15.321118354797363,15.337374687194824,ok
LA_D_3864495,14.211579322814941,14.214550971984863,ok
LA_D_3865981,10.303605079650879,10.304315567016602,ok
LA_D_3866941,9.964985847473145,9.973076820373535,ok
LA_D_3867494,12.33789348602295,12.338282585144043,ok
LA_D_3868002,16.07021713256836,16.073101043701172,ok
LA_D_3868258,16.37616539001465,16.379980087280273,ok
LA_D_3870318,17.86322784423828,17.865434646606445,ok
LA_D_3871798,15.09553050994873,15.098559379577637,ok
LA_D_3872770,11.491805076599121,11.491850852966309,ok
LA_D_3873126,14.572586059570312,14.572976112365723,ok
LA_D_3874085,11.98013973236084,11.983473777770996,ok
LA_D_3874710,13.181985855102539,13.18454647064209,ok
LA_D_3876769,9.032472610473633,9.033287048339844,ok
LA_D_3878527,13.920150756835938,13.920452117919922,ok
LA_D_3879195,13.62636661529541,13.628743171691895,ok
LA_D_3879227,12.071379661560059,12.072125434875488,ok
LA_D_3880845,14.356977462768555,14.361303329467773,ok
LA_D_3882685,17.10476303100586,17.10736656188965,ok
LA_D_3883337,13.92179012298584,13.922028541564941,ok
LA_D_3884249,12.71040153503418,12.711304664611816,ok
LA_D_3884845,14.864876747131348,14.872891426086426,ok
LA_D_3887131,16.7818603515625,16.787752151489258,ok
LA_D_3887452,-12.988532066345215,-12.988572120666504,ok
LA_D_3888719,14.366625785827637,14.3684663772583,ok
LA_D_3888968,17.006534576416016,17.00830078125,ok
LA_D_3890187,20.058074951171875,20.058252334594727,ok
LA_D_3890727,14.247045516967773,14.247594833374023,ok
LA_D_3891696,-16.192829132080078,-16.19352912902832,ok
LA_D_3892057,-11.489532470703125,-11.490023612976074,ok
LA_D_3893271,16.637414932250977,16.642362594604492,ok
LA_D_3895547,20.459091186523438,20.46134376525879,ok
LA_D_3895551,-12.613922119140625,-12.615949630737305,ok
LA_D_3896851,19.21149444580078,19.216602325439453,ok
LA_D_3898085,-12.310616493225098,-12.311753273010254,ok
LA_D_3898333,16.67570686340332,16.682865142822266,ok
LA_D_3898925,9.963786125183105,9.974276542663574,ok
LA_D_3901273,16.27396011352539,16.278223037719727,ok
LA_D_3902856,15.255678176879883,15.257893562316895,ok
LA_D_3903402,16.29745101928711,16.299850463867188,ok
LA_D_3905848,11.169062614440918,11.169129371643066,ok
LA_D_3907778,-12.536896705627441,-12.536921501159668,ok
LA_D_3908047,14.414237022399902,14.415549278259277,ok
LA_D_3909128,16.000261306762695,16.003629684448242,ok
LA_D_3911013,17.85973358154297,17.85978889465332,ok
LA_D_3912485,14.009714126586914,14.01241397857666,ok
LA_D_3913064,11.981522560119629,11.981772422790527,ok
LA_D_3913569,16.425458908081055,16.442026138305664,ok
LA_D_3913882,15.811323165893555,15.8119535446167,ok
LA_D_3914448,12.944601058959961,12.94543170928955,ok
LA_D_3914511,19.535694122314453,19.55304527282715,ok
LA_D_3914541,15.207826614379883,15.208648681640625,ok
LA_D_3914577,7.752466678619385,7.752472400665283,ok
LA_D_3914594,15.934316635131836,15.937868118286133,ok
LA_D_3914684,18.718599319458008,18.71879768371582,ok
LA_D_3915707,12.887823104858398,12.8886079788208,ok
LA_D_3916686,12.828836441040039,12.829310417175293,ok
LA_D_3917851,14.790448188781738,14.791522979736328,ok
LA_D_3918474,17.71504020690918,17.720199584960938,ok
LA_D_3921032,12.59916877746582,12.601790428161621,ok
LA_D_3921050,8.828753471374512,8.829078674316406,ok
LA_D_3922266,-12.099967002868652,-12.10461711883545,ok
LA_D_3924068,13.403889656066895,13.404014587402344,ok
LA_D_3924244,12.87165641784668,12.87317943572998,ok
LA_D_3928290,17.504589080810547,17.517290115356445,ok
LA_D_3928764,14.684951782226562,14.686814308166504,ok
LA_D_3928922,15.731273651123047,15.73399829864502,ok
LA_D_3929323,13.611041069030762,13.61108112335205,ok
LA_D_3930165,16.36806297302246,16.370180130004883,ok
LA_D_3930677,13.648995399475098,13.65137767791748,ok
LA_D_3931288,10.862530708312988,10.865077018737793,ok
LA_D_3931322,14.206732749938965,14.208168983459473,ok
LA_D_3931549,16.626781463623047,16.62738609313965,ok
LA_D_3931582,14.381606101989746,14.384576797485352,ok
LA_D_3932504,14.01879596710205,14.019617080688477,ok
LA_D_3933506,-13.067072868347168,-13.072107315063477,ok
LA_D_3934729,11.095877647399902,11.096829414367676,ok
LA_D_3935443,14.166293144226074,14.169193267822266,ok
LA_D_3937097,13.632421493530273,13.635279655456543,ok
LA_D_3937744,14.411431312561035,14.411749839782715,ok
LA_D_3939937,18.465682983398438,18.46689796447754,ok
LA_D_3940913,-11.092317581176758,-11.093942642211914,ok
LA_D_3941447,-11.846872329711914,-11.84778118133545,ok
LA_D_3942424,12.785999298095703,12.787123680114746,ok
LA_D_3942605,9.667634010314941,9.668185234069824,ok
LA_D_3942708,13.35789966583252,13.35921573638916,ok
LA_D_3942877,9.407355308532715,9.407930374145508,ok
LA_D_3943414,16.72059440612793,16.72370719909668,ok
LA_D_3943938,17.357009887695312,17.358049392700195,ok
LA_D_3945155,12.603557586669922,12.606287956237793,ok
LA_D_3945227,13.635059356689453,13.635870933532715,ok
LA_D_3945922,14.240734100341797,14.24841022491455,ok
LA_D_3946264,14.909012794494629,14.910737037658691,ok
LA_D_3947384,-1.8224831819534302,-1.8242427110671997,ok
LA_D_3947953,14.427292823791504,14.428444862365723,ok
LA_D_3949631,15.078472137451172,15.079410552978516,ok
LA_D_3949661,14.971931457519531,14.974478721618652,ok
LA_D_3951142,17.414451599121094,17.415071487426758,ok
LA_D_3951175,10.665218353271484,10.664875030517578,ok
LA_D_3952183,18.695119857788086,18.697736740112305,ok
LA_D_3954136,15.786934852600098,15.7924165725708,ok
LA_D_3956242,-12.72773551940918,-12.731633186340332,ok
LA_D_3956535,13.827468872070312,13.8295259475708,ok
LA_D_3957229,21.39159393310547,21.411205291748047,ok
LA_D_3958057,12.692688941955566,12.694561958312988,ok
LA_D_3958645,11.102243423461914,11.108256340026855,ok
LA_D_3958701,13.778420448303223,13.780315399169922,ok
LA_D_3960353,11.957315444946289,11.958878517150879,ok
LA_D_3960616,12.664616584777832,12.66684341430664,ok
LA_D_3962973,18.421016693115234,18.43092918395996,ok
LA_D_3963572,19.07038688659668,19.073122024536133,ok
LA_D_3965345,19.221464157104492,19.229236602783203,ok
LA_D_3965995,16.325231552124023,16.327373504638672,ok
LA_D_3966698,11.659562110900879,11.659438133239746,ok
LA_D_3967203,-12.794900894165039,-12.79989242553711,ok
LA_D_3967616,15.91159725189209,15.91745662689209,ok
LA_D_3969544,12.413069725036621,12.413681983947754,ok
LA_D_3969914,13.53589153289795,13.537571907043457,ok
LA_D_3970121,9.93748950958252,9.938309669494629,ok
LA_D_3970673,16.39048194885254,16.395307540893555,ok
LA_D_3971945,-1.889898419380188,-1.894114375114441,ok
LA_D_3971956,17.58957290649414,17.590959548950195,ok
LA_D_3975146,11.470187187194824,11.480931282043457,ok
LA_D_3975408,13.118102073669434,13.118887901306152,ok
LA_D_3975996,11.634255409240723,11.636523246765137,ok
LA_D_3977034,-15.268242835998535,-15.269204139709473,ok
LA_D_3977471,16.118148803710938,16.119752883911133,ok
LA_D_3977983,18.082788467407227,18.0828857421875,ok
LA_D_3979729,14.430075645446777,14.432269096374512,ok
LA_D_3980944,17.496795654296875,17.49851417541504,ok
LA_D_3981366,17.92356300354004,17.935503005981445,ok
LA_D_3981584,-15.156658172607422,-15.156811714172363,ok
LA_D_3981689,11.703241348266602,11.7035493850708,ok
LA_D_3983088,14.111885070800781,14.121317863464355,ok
LA_D_3983406,-16.762123107910156,-16.763662338256836,ok
LA_D_3983835,20.829341888427734,20.839637756347656,ok
LA_D_3983910,13.745553016662598,13.747540473937988,ok
LA_D_3984579,14.416801452636719,14.41872501373291,ok
LA_D_3986002,-11.066397666931152,-11.068196296691895,ok
LA_D_3989236,13.441122055053711,13.442425727844238,ok
LA_D_3989246,18.398181915283203,18.400991439819336,ok
LA_D_3989469,8.516042709350586,8.521600723266602,ok
LA_D_3991844,12.732701301574707,12.732796669006348,ok
LA_D_3991910,12.57710075378418,12.577945709228516,ok
LA_D_3995155,15.373202323913574,15.373892784118652,ok
LA_D_3996355,-13.112381935119629,-13.1143798828125,ok
LA_D_3999380,-11.595317840576172,-11.595696449279785,ok
LA_D_4002788,17.521177291870117,17.52322006225586,ok
LA_D_4002921,9.006012916564941,9.006401062011719,ok
LA_D_4003135,13.899127006530762,13.899415016174316,ok
LA_D_4004968,-15.312751770019531,-15.313102722167969,ok
LA_D_4005134,12.811738967895508,12.814374923706055,ok
LA_D_4005743,8.839347839355469,8.839568138122559,ok
LA_D_4005820,6.396918773651123,6.396953105926514,ok
LA_D_4007335,17.65154457092285,17.651771545410156,ok
LA_D_4007368,10.820664405822754,10.82087516784668,ok
LA_D_4007785,14.077685356140137,14.078764915466309,ok
LA_D_4008273,16.14701271057129,16.1471004486084,ok
LA_D_4008967,14.470691680908203,14.470908164978027,ok
LA_D_4011113,15.268460273742676,15.270160675048828,ok
LA_D_4011462,14.748807907104492,14.75085735321045,ok
LA_D_4013164,-14.593623161315918,-14.59392261505127,ok
LA_D_4013189,12.663585662841797,12.664437294006348,ok
LA_D_4014487,-12.838651657104492,-12.838799476623535,ok
LA_D_4014725,8.39191722869873,8.395543098449707,ok
LA_D_4014814,17.401657104492188,17.404253005981445,ok
LA_D_4015488,15.171656608581543,15.172932624816895,ok
LA_D_4016003,-10.303628921508789,-10.308509826660156,ok
LA_D_4016591,-13.216351509094238,-13.21757698059082,ok
LA_D_4016743,-13.777304649353027,-13.777426719665527,ok
LA_D_4018947,11.574994087219238,11.576573371887207,ok
LA_D_4019274,14.162908554077148,14.163715362548828,ok
LA_D_4019473,14.857708930969238,14.8609037399292,ok
LA_D_4019987,13.371817588806152,13.374346733093262,ok
LA_D_4020788,9.990547180175781,9.991808891296387,ok
LA_D_4020807,9.258540153503418,9.258831977844238,ok
LA_D_4021153,-15.65080451965332,-15.651188850402832,ok
LA_D_4021573,-12.403787612915039,-12.405123710632324,ok
LA_D_4021676,11.766178131103516,11.766509056091309,ok
LA_D_4021977,13.803044319152832,13.808852195739746,ok
LA_D_4022532,13.008665084838867,13.011146545410156,ok
LA_D_4024245,15.059051513671875,15.060470581054688,ok
LA_D_4024567,17.17645263671875,17.176889419555664,ok
LA_D_4024701,10.6390962600708,10.640097618103027,ok
LA_D_4025786,16.50189781188965,16.501859664916992,ok
LA_D_4026006,14.08538818359375,14.087924003601074,ok
LA_D_4026230,13.854734420776367,13.856040954589844,ok
LA_D_4026264,-9.669907569885254,-9.669988632202148,ok
LA_D_4026338,10.904590606689453,10.904444694519043,ok
LA_D_4027041,13.477033615112305,13.478765487670898,ok
LA_D_4027137,13.611852645874023,13.613778114318848,ok
LA_D_4028437,13.912640571594238,13.912673950195312,ok
LA_D_4029187,18.467945098876953,18.472810745239258,ok
LA_D_4029515,15.923367500305176,15.929274559020996,ok
LA_D_4029888,11.813939094543457,11.81728458404541,ok
LA_D_4030356,15.96551513671875,15.968961715698242,ok
LA_D_4031294,8.55400562286377,8.554039001464844,ok
LA_D_4031375,12.181557655334473,12.181614875793457,ok
LA_D_4033093,-14.220417976379395,-14.2222261428833,ok
LA_D_4033240,12.793110847473145,12.795013427734375,ok
LA_D_4033330,13.001996994018555,13.0070219039917,ok
LA_D_4033961,12.97409439086914,12.97716999053955,ok
LA_D_4035138,14.112909317016602,14.120939254760742,ok
LA_D_4036070,14.038970947265625,14.041382789611816,ok
LA_D_4037283,-14.51262378692627,-14.51467227935791,ok
LA_D_4037520,11.568270683288574,11.570403099060059,ok
LA_D_4037538,13.940301895141602,13.940460205078125,ok
LA_D_4037663,14.186498641967773,14.189175605773926,ok
LA_D_4038636,16.724790573120117,16.724910736083984,ok
LA_D_4039179,10.062947273254395,10.062962532043457,ok
LA_D_4039301,16.08530616760254,16.09213638305664,ok
LA_D_4039557,13.879075050354004,13.882964134216309,ok
LA_D_4039836,17.099515914916992,17.101999282836914,ok
LA_D_4042844,15.8514986038208,15.85204792022705,ok
LA_D_4042958,12.19472885131836,12.195826530456543,ok
LA_D_4043027,-12.891432762145996,-12.891819953918457,ok
LA_D_4043035,15.00107192993164,15.002249717712402,ok
LA_D_4043306,-16.82120132446289,-16.82132339477539,ok
LA_D_4044356,15.781338691711426,15.782801628112793,ok
LA_D_4044969,14.026922225952148,14.027754783630371,ok
LA_D_4045695,12.893798828125,12.89435863494873,ok
LA_D_4046048,14.591793060302734,14.599702835083008,ok
LA_D_4046580,11.679590225219727,11.681805610656738,ok
LA_D_4046673,15.70470905303955,15.706814765930176,ok
LA_D_4046741,12.521402359008789,12.525762557983398,ok
LA_D_4046895,13.596290588378906,13.600459098815918,ok
LA_D_4046963,15.34414291381836,15.344173431396484,ok
LA_D_4048306,16.393766403198242,16.396581649780273,ok
LA_D_4048880,10.893707275390625,10.894874572753906,ok
LA_D_4051775,12.692999839782715,12.69304084777832,ok
LA_D_4052162,12.697075843811035,12.698395729064941,ok
LA_D_4052216,-14.591034889221191,-14.59284496307373,ok
LA_D_4052276,8.713683128356934,8.71374797821045,ok
LA_D_4052746,-13.4194974899292,-13.424735069274902,ok
LA_D_4055045,7.462889671325684,7.4632391929626465,ok
LA_D_4056923,12.997790336608887,12.999120712280273,ok
LA_D_4057142,-12.112383842468262,-12.112469673156738,ok
LA_D_4057176,18.576190948486328,18.60199546813965,ok
LA_D_4058412,17.110815048217773,17.110944747924805,ok
LA_D_4058547,12.310986518859863,12.311978340148926,ok
LA_D_4058844,17.787433624267578,17.79909324645996,ok
LA_D_4061704,12.174574851989746,12.175124168395996,ok
LA_D_4062551,8.999909400939941,9.0000638961792,ok
LA_D_4062752,13.629939079284668,13.631324768066406,ok
LA_D_4063282,13.097058296203613,13.099967956542969,ok
LA_D_4064599,12.536579132080078,12.537827491760254,ok
LA_D_4067176,11.594482421875,11.594505310058594,ok
LA_D_4067593,10.29488468170166,10.294947624206543,ok
LA_D_4067852,15.081538200378418,15.086545944213867,ok
LA_D_4067937,16.358007431030273,16.35948371887207,ok
LA_D_4069031,21.165817260742188,21.173452377319336,ok
LA_D_4070411,8.603080749511719,8.603516578674316,ok
LA_D_4071164,15.033516883850098,15.033835411071777,ok
LA_D_4072040,3.837169885635376,3.836984872817993,ok
LA_D_4073647,11.23763370513916,11.24019718170166,ok
LA_D_4073939,19.410676956176758,19.41567039489746,ok
LA_D_4074087,19.360929489135742,19.371334075927734,ok
LA_D_4074277,13.603998184204102,13.608176231384277,ok
LA_D_4075366,10.18648910522461,10.188499450683594,ok
LA_D_4075891,13.692242622375488,13.711228370666504,ok
LA_D_4075975,18.229440689086914,18.230012893676758,ok
LA_D_4076013,15.371322631835938,15.371509552001953,ok
LA_D_4076814,-12.09770393371582,-12.09805965423584,ok
LA_D_4076908,19.516681671142578,19.524866104125977,ok
LA_D_4079102,17.246417999267578,17.247844696044922,ok
LA_D_4079359,14.405084609985352,14.405145645141602,ok
LA_D_4080966,15.043391227722168,15.046363830566406,ok
LA_D_4081483,8.22217845916748,8.225918769836426,ok
LA_D_4082852,22.84701156616211,22.84779167175293,ok
LA_D_4083446,7.71398401260376,7.71332311630249,ok
LA_D_4083478,-15.16655445098877,-15.167581558227539,ok
LA_D_4083902,12.36977767944336,12.369908332824707,ok
LA_D_4084629,13.56790542602539,13.571098327636719,ok
LA_D_4085373,10.048176765441895,10.04842472076416,ok
LA_D_4085392,20.701047897338867,20.712934494018555,ok
LA_D_4087816,14.431535720825195,14.431723594665527,ok
LA_D_4088889,10.125394821166992,10.13144588470459,ok
LA_D_4089906,13.021368980407715,13.024596214294434,ok
LA_D_4091821,13.827778816223145,13.830184936523438,ok
LA_D_4091974,15.83291244506836,15.833823204040527,ok
LA_D_4093216,16.773141860961914,16.77686882019043,ok
LA_D_4094129,15.193108558654785,15.193461418151855,ok
LA_D_4095002,15.072054862976074,15.079645156860352,ok
LA_D_4095293,-9.919113159179688,-9.919787406921387,ok
LA_D_4095496,14.580972671508789,14.582449913024902,ok
LA_D_4096026,15.032374382019043,15.040592193603516,ok
LA_D_4099396,14.385180473327637,14.386714935302734,ok
LA_D_4099499,15.499466896057129,15.500242233276367,ok
LA_D_4099596,11.64981460571289,11.6506986618042,ok
LA_D_4101216,-14.315197944641113,-14.315326690673828,ok
LA_D_4101246,16.318838119506836,16.320981979370117,ok
LA_D_4102879,14.030293464660645,14.031542778015137,ok
LA_D_4103125,15.818842887878418,15.822983741760254,ok
LA_D_4103449,3.4467830657958984,3.4485909938812256,ok
LA_D_4104036,18.138751983642578,18.139204025268555,ok
LA_D_4104349,12.387022018432617,12.387099266052246,ok
LA_D_4105672,8.63650131225586,8.636645317077637,ok
LA_D_4106360,-14.986641883850098,-14.987763404846191,ok
LA_D_4107017,16.90766143798828,16.92255401611328,ok
LA_D_4107126,15.901247024536133,15.904500007629395,ok
LA_D_4107279,10.144009590148926,10.144364356994629,ok
LA_D_4108210,11.98331069946289,11.986311912536621,ok
LA_D_4108558,15.454838752746582,15.460139274597168,ok
LA_D_4108953,12.700116157531738,12.701691627502441,ok
LA_D_4110412,15.135451316833496,15.137425422668457,ok
LA_D_4110914,15.995015144348145,15.995146751403809,ok
LA_D_4111379,12.575736045837402,12.576876640319824,ok
LA_D_4113219,14.615280151367188,14.615848541259766,ok
LA_D_4113356,12.587332725524902,12.589137077331543,ok
LA_D_4113491,15.527021408081055,15.528289794921875,ok
LA_D_4114596,16.685686111450195,16.68644905090332,ok
LA_D_4116325,10.080202102661133,10.080206871032715,ok
LA_D_4116714,13.954872131347656,13.959704399108887,ok
LA_D_4117970,10.821110725402832,10.82172679901123,ok
LA_D_4119404,14.541091918945312,14.542019844055176,ok
LA_D_4119592,12.761308670043945,12.762665748596191,ok
LA_D_4121148,12.60370922088623,12.604022979736328,ok
LA_D_4121278,12.682082176208496,12.682156562805176,ok
LA_D_4121809,8.145002365112305,8.147004127502441,ok
LA_D_4122895,15.96064567565918,15.963227272033691,ok
LA_D_4123062,17.81084442138672,17.8118839263916,ok
LA_D_4123108,12.801896095275879,12.803220748901367,ok
LA_D_4123677,-14.1746244430542,-14.177566528320312,ok
LA_D_4123679,12.98083209991455,12.983139038085938,ok
LA_D_4124707,-13.875873565673828,-13.87621021270752,ok
LA_D_4127237,12.780149459838867,12.780314445495605,ok
LA_D_4127746,11.107316970825195,11.107016563415527,ok
LA_D_4128580,11.704294204711914,11.70582389831543,ok
LA_D_4128802,12.356729507446289,12.356807708740234,ok
LA_D_4130527,15.482977867126465,15.491183280944824,ok
LA_D_4131648,18.737506866455078,18.74532127380371,ok
LA_D_4131978,12.7642240524292,12.764233589172363,ok
LA_D_4132005,17.137990951538086,17.138887405395508,ok
LA_D_4134915,11.306939125061035,11.319695472717285,ok
LA_D_4135542,13.997430801391602,13.998286247253418,ok
LA_D_4136401,10.30241870880127,10.303483009338379,ok
LA_D_4137927,-6.238519191741943,-6.239429950714111,ok
LA_D_4140612,12.947700500488281,12.94910717010498,ok
LA_D_4140711,15.347347259521484,15.349258422851562,ok
LA_D_4140724,13.803666114807129,13.808124542236328,ok
LA_D_4141520,17.088403701782227,17.092565536499023,ok
LA_D_4142294,15.450976371765137,15.453168869018555,ok
LA_D_4142832,17.59071922302246,17.593032836914062,ok
LA_D_4143632,15.893232345581055,15.894892692565918,ok
LA_D_4143635,13.096006393432617,13.096184730529785,ok
LA_D_4144411,13.322349548339844,13.33561897277832,ok
LA_D_4146741,-12.674433708190918,-12.67576789855957,ok
LA_D_4148714,16.76598358154297,16.7664794921875,ok
LA_D_4148744,12.832276344299316,12.833313941955566,ok
LA_D_4148951,12.760638236999512,12.7658109664917,ok
LA_D_4149777,15.590195655822754,15.59047794342041,ok
LA_D_4150517,17.828319549560547,17.82927894592285,ok
LA_D_4151774,-13.863357543945312,-13.863757133483887,ok
LA_D_4153076,14.344979286193848,14.344998359680176,ok
LA_D_4154332,15.320168495178223,15.325921058654785,ok
LA_D_4154887,-11.111639976501465,-11.111716270446777,ok
LA_D_4155987,17.44973373413086,17.451007843017578,ok
LA_D_4156717,16.089950561523438,16.090360641479492,ok
LA_D_4156807,-14.10733413696289,-14.110945701599121,ok
LA_D_4157572,11.130030632019043,11.130378723144531,ok
LA_D_4157946,10.488463401794434,10.490986824035645,ok
LA_D_4158625,11.908703804016113,11.90952205657959,ok
LA_D_4158867,13.41758918762207,13.419142723083496,ok
LA_D_4160780,16.759958267211914,16.761281967163086,ok
LA_D_4160962,-12.915820121765137,-12.915881156921387,ok
LA_D_4162885,12.85906982421875,12.859373092651367,ok
LA_D_4163700,19.64304542541504,19.6453914642334,ok
LA_D_4163754,14.493241310119629,14.500194549560547,ok
LA_D_4164238,13.386015892028809,13.385869979858398,ok
LA_D_4164409,15.982516288757324,15.983586311340332,ok
LA_D_4164660,13.187578201293945,13.189471244812012,ok
LA_D_4164777,11.557231903076172,11.557246208190918,ok
LA_D_4165061,5.432560443878174,5.435033321380615,ok
LA_D_4166028,15.865285873413086,15.871861457824707,ok
LA_D_4166644,-15.042896270751953,-15.04333782196045,ok
LA_D_4167033,14.118688583374023,14.125544548034668,ok
LA_D_4167431,15.258479118347168,15.259712219238281,ok
LA_D_4168527,-11.194196701049805,-11.197712898254395,ok
LA_D_4169547,12.269821166992188,12.27640438079834,ok
LA_D_4171064,14.133224487304688,14.136163711547852,ok
LA_D_4171217,17.39959144592285,17.40325164794922,ok
LA_D_4171570,14.859673500061035,14.864070892333984,ok
LA_D_4171941,11.56384563446045,11.564351081848145,ok
LA_D_4172288,13.662493705749512,13.662758827209473,ok
LA_D_4173079,19.282869338989258,19.283870697021484,ok
LA_D_4174255,18.144596099853516,18.14972496032715,ok
LA_D_4174389,-13.755148887634277,-13.75537109375,ok
LA_D_4174420,-14.85145092010498,-14.852386474609375,ok
LA_D_4176167,12.39449691772461,12.39452838897705,ok
LA_D_4179863,11.845698356628418,11.847780227661133,ok
LA_D_4180382,12.067076683044434,12.067963600158691,ok
LA_D_4180571,6.598930835723877,6.597911357879639,ok
LA_D_4181398,14.807743072509766,14.80985164642334,ok
LA_D_4181484,13.668469429016113,13.668852806091309,ok
LA_D_4181824,8.795307159423828,8.795268058776855,ok
LA_D_4182338,18.986894607543945,18.991456985473633,ok
LA_D_4182510,13.522076606750488,13.523507118225098,ok
LA_D_4182578,14.976228713989258,14.981255531311035,ok
LA_D_4183063,14.264572143554688,14.26637077331543,ok
LA_D_4184441,12.575851440429688,12.57999038696289,ok
LA_D_4184582,9.923773765563965,9.925329208374023,ok
LA_D_4185000,13.78875732421875,13.791581153869629,ok
LA_D_4185259,12.840107917785645,12.840692520141602,ok
LA_D_4185261,11.43899154663086,11.439278602600098,ok
LA_D_4187195,20.24658203125,20.246809005737305,ok
LA_D_4187375,13.254839897155762,13.254931449890137,ok
LA_D_4189838,14.629679679870605,14.630148887634277,ok
LA_D_4189888,15.527881622314453,15.530800819396973,ok
LA_D_4190213,12.2416353225708,12.241616249084473,ok
LA_D_4190797,15.351187705993652,15.353020668029785,ok
LA_D_4190801,16.139240264892578,16.139423370361328,ok
LA_D_4190863,17.97682762145996,17.976842880249023,ok
LA_D_4191166,16.61300277709961,16.61327362060547,ok
LA_D_4191537,16.265155792236328,16.266948699951172,ok
LA_D_4191582,13.162925720214844,13.163750648498535,ok
LA_D_4191752,14.024117469787598,14.02452278137207,ok
LA_D_4191826,10.727886199951172,10.728166580200195,ok
LA_D_4192008,15.580716133117676,15.58067512512207,ok
LA_D_4193632,14.58687973022461,14.59326457977295,ok
LA_D_4194240,16.659957885742188,16.660367965698242,ok
LA_D_4195024,11.419107437133789,11.419817924499512,ok
LA_D_4195342,-16.9112491607666,-16.912174224853516,ok
LA_D_4195600,15.240581512451172,15.241056442260742,ok
LA_D_4196303,14.365174293518066,14.36545467376709,ok
LA_D_4196632,14.866402626037598,14.875603675842285,ok
LA_D_4196661,14.370598793029785,14.371294975280762,ok
LA_D_4196989,16.689565658569336,16.69068717956543,ok
LA_D_4197046,12.363325119018555,12.36343765258789,ok
LA_D_4198004,-12.411041259765625,-12.412192344665527,ok
LA_D_4198326,8.963114738464355,8.963313102722168,ok
LA_D_4198486,14.430402755737305,14.430920600891113,ok
LA_D_4198686,11.86172866821289,11.862175941467285,ok
LA_D_4199273,14.367354393005371,14.368399620056152,ok
LA_D_4199363,16.258790969848633,16.25992774963379,ok
LA_D_4200118,13.2081880569458,13.209351539611816,ok
LA_D_4200741,11.083822250366211,11.083830833435059,ok
LA_D_4200824,9.599409103393555,9.599371910095215,ok
LA_D_4200974,15.38093376159668,15.382119178771973,ok
LA_D_4201607,12.078880310058594,12.07915210723877,ok
LA_D_4202629,15.148261070251465,15.149033546447754,ok
LA_D_4203364,16.24445343017578,16.245006561279297,ok
LA_D_4203374,-9.509060859680176,-9.509174346923828,ok
LA_D_4203887,14.692997932434082,14.697561264038086,ok
LA_D_4204191,14.97826099395752,14.981535911560059,ok
LA_D_4204784,13.662781715393066,13.667728424072266,ok
LA_D_4205148,6.953763961791992,6.9537672996521,ok
LA_D_4205821,15.315918922424316,15.320740699768066,ok
LA_D_4206038,16.110557556152344,16.112150192260742,ok
LA_D_4206300,14.53670883178711,14.539671897888184,ok
LA_D_4206329,12.21650218963623,12.21706485748291,ok
LA_D_4206836,9.603317260742188,9.603354454040527,ok
LA_D_4206952,13.718968391418457,13.7251558303833,ok
LA_D_4207134,15.168214797973633,15.169933319091797,ok
LA_D_4208169,10.650930404663086,10.651764869689941,ok
LA_D_4208598,17.527393341064453,17.532306671142578,ok
LA_D_4210738,14.00207233428955,14.003207206726074,ok
LA_D_4213958,13.61687183380127,13.621264457702637,ok
LA_D_4216273,17.35772132873535,17.357818603515625,ok
LA_D_4218588,12.316743850708008,12.3167085647583,ok
LA_D_4221800,-12.018635749816895,-12.019092559814453,ok
LA_D_4223757,9.989657402038574,9.989581108093262,ok
LA_D_4224687,16.75199317932129,16.753652572631836,ok
LA_D_4225333,19.3223876953125,19.323156356811523,ok
LA_D_4225742,17.49395179748535,17.497194290161133,ok
LA_D_4226126,11.987967491149902,11.987707138061523,ok
LA_D_4228094,15.30221176147461,15.307211875915527,ok
LA_D_4228550,5.848712921142578,5.848752498626709,ok
LA_D_4228555,13.61010456085205,13.61168098449707,ok
LA_D_4230212,8.706144332885742,8.709246635437012,ok
LA_D_4231134,17.93265724182129,17.936960220336914,ok
LA_D_4231438,17.56888771057129,17.574647903442383,ok
LA_D_4231672,20.063709259033203,20.07101058959961,ok
LA_D_4232791,6.388930797576904,6.388045310974121,ok
LA_D_4232929,17.41950225830078,17.424226760864258,ok
LA_D_4234032,13.959503173828125,13.959906578063965,ok
LA_D_4234629,15.587861061096191,15.596212387084961,ok
LA_D_4235390,-14.605498313903809,-14.606673240661621,ok
LA_D_4236528,13.073582649230957,13.077338218688965,ok
LA_D_4236787,13.961069107055664,13.96352767944336,ok
LA_D_4239074,-15.324341773986816,-15.325427055358887,ok
LA_D_4239546,20.828786849975586,20.829275131225586,ok
LA_D_4239778,11.25529670715332,11.260575294494629,ok
LA_D_4239904,16.20476722717285,16.21632957458496,ok
LA_D_4240232,14.829983711242676,14.830560684204102,ok
LA_D_4240572,17.739774703979492,17.73981475830078,ok
LA_D_4241032,12.00658893585205,12.013532638549805,ok
LA_D_4243835,14.582880973815918,14.583789825439453,ok
LA_D_4246171,-17.338254928588867,-17.338876724243164,ok
LA_D_4246414,18.18410301208496,18.186208724975586,ok
LA_D_4246754,15.911980628967285,15.912040710449219,ok
LA_D_4246774,16.75794219970703,16.77073860168457,ok
LA_D_4246993,-7.506895542144775,-7.507964611053467,ok
LA_D_4248918,-14.262004852294922,-14.26290225982666,ok
LA_D_4249169,13.61419677734375,13.614460945129395,ok
LA_D_4249206,13.944644927978516,13.9475679397583,ok
LA_D_4249243,14.333125114440918,14.333697319030762,ok
LA_D_4249444,11.289141654968262,11.290738105773926,ok
LA_D_4250284,11.673595428466797,11.674568176269531,ok
LA_D_4251305,13.619321823120117,13.619368553161621,ok
LA_D_4253070,14.397478103637695,14.397530555725098,ok
LA_D_4253580,18.704607009887695,18.70775032043457,ok
LA_D_4254213,12.508728981018066,12.511307716369629,ok
LA_D_4254629,13.9817476272583,13.984421730041504,ok
LA_D_4255574,16.25467872619629,16.257904052734375,ok
LA_D_4256004,9.046049118041992,9.046172142028809,ok
LA_D_4256065,7.674652099609375,7.6772589683532715,ok
LA_D_4256903,12.947336196899414,12.947527885437012,ok
LA_D_4258777,14.56364631652832,14.564777374267578,ok
LA_D_4258858,16.08130645751953,16.086719512939453,ok
LA_D_4258977,16.314956665039062,16.314943313598633,ok
LA_D_4259040,14.846430778503418,14.846938133239746,ok
LA_D_4259794,16.690658569335938,16.70209312438965,ok
LA_D_4260004,15.124811172485352,15.126391410827637,ok
LA_D_4260320,15.966085433959961,15.969987869262695,ok
LA_D_4261339,14.606897354125977,14.608768463134766,ok
LA_D_4262014,13.30302906036377,13.30899715423584,ok
LA_D_4262940,13.315169334411621,13.31594181060791,ok
LA_D_4263760,15.192973136901855,15.19308090209961,ok
LA_D_4264656,14.214436531066895,14.214863777160645,ok
LA_D_4264923,11.74941635131836,11.752589225769043,ok
LA_D_4265472,13.045624732971191,13.045907020568848,ok
LA_D_4265541,10.041801452636719,10.04327392578125,ok
LA_D_4266524,16.01958656311035,16.021652221679688,ok
LA_D_4269476,13.613225936889648,13.613286972045898,ok
LA_D_4270306,10.026335716247559,10.030070304870605,ok
LA_D_4272619,13.192487716674805,13.19383716583252,ok
LA_D_4272960,14.705132484436035,14.705521583557129,ok
LA_D_4274327,14.508390426635742,14.51330852508545,ok
LA_D_4274975,-12.555948257446289,-12.556136131286621,ok
LA_D_4274981,9.071784973144531,9.071553230285645,ok
LA_D_4276883,13.327345848083496,13.329090118408203,ok
LA_D_4277166,19.911041259765625,19.91742515563965,ok
LA_D_4277377,13.230298042297363,13.231492042541504,ok
LA_D_4277712,14.844951629638672,14.847249031066895,ok
LA_D_4278889,15.414901733398438,15.416088104248047,ok
LA_D_4279179,11.982311248779297,11.983798027038574,ok
LA_D_4279522,-14.994853973388672,-14.997145652770996,ok
LA_D_4280433,14.339341163635254,14.341485023498535,ok
LA_D_4281656,11.865331649780273,11.868170738220215,ok
LA_D_4281667,16.515493392944336,16.51603889465332,ok
LA_D_4282533,12.3035888671875,12.304193496704102,ok
LA_D_4282724,-11.916075706481934,-11.916609764099121,ok
LA_D_4283190,21.396615982055664,21.416215896606445,ok
LA_D_4284194,8.420711517333984,8.420652389526367,ok
LA_D_4285827,18.689708709716797,18.689899444580078,ok
LA_D_4286664,11.235618591308594,11.235673904418945,ok
LA_D_4289169,13.550440788269043,13.55044937133789,ok
LA_D_4290017,16.101011276245117,16.10686683654785,ok
LA_D_4291104,10.811726570129395,10.813511848449707,ok
LA_D_4293112,-14.082273483276367,-14.083261489868164,ok
LA_D_4293326,13.363765716552734,13.36457633972168,ok
LA_D_4293774,15.431183815002441,15.433680534362793,ok
LA_D_4293805,14.909238815307617,14.911675453186035,ok
LA_D_4294751,15.468942642211914,15.47019100189209,ok
LA_D_4296133,13.750767707824707,13.750754356384277,ok
LA_D_4296893,17.091611862182617,17.095861434936523,ok
LA_D_4297095,16.662038803100586,16.667388916015625,ok
LA_D_4297354,15.038540840148926,15.045522689819336,ok
LA_D_4297667,15.139839172363281,15.145834922790527,ok
LA_D_4300523,17.502763748168945,17.504796981811523,ok
LA_D_4301521,9.902058601379395,9.902934074401855,ok
LA_D_4301954,9.932074546813965,9.932147026062012,ok
LA_D_4302088,10.932161331176758,10.93321704864502,ok
LA_D_4302254,17.18798828125,17.193357467651367,ok
LA_D_4302814,16.37038230895996,16.372358322143555,ok
LA_D_4304225,12.619585990905762,12.61976146697998,ok
LA_D_4304868,-13.131143569946289,-13.13249397277832,ok
LA_D_4306636,10.026676177978516,10.026688575744629,ok
LA_D_4308561,15.016356468200684,15.022863388061523,ok
LA_D_4309122,14.072409629821777,14.073564529418945,ok
LA_D_4309636,16.847082138061523,16.84720802307129,ok
LA_D_4309711,-4.86029577255249,-4.861242771148682,ok
LA_D_4311841,16.56940269470215,16.57109260559082,ok
LA_D_4311857,19.47625732421875,19.478580474853516,ok
LA_D_4315355,14.208795547485352,14.209609031677246,ok
LA_D_4318753,-11.747496604919434,-11.749024391174316,ok
LA_D_4319137,11.12553882598877,11.127143859863281,ok
LA_D_4320036,-3.6199069023132324,-3.6203079223632812,ok
LA_D_4320182,15.166510581970215,15.169312477111816,ok
LA_D_4321061,14.690999984741211,14.691112518310547,ok
LA_D_4322439,21.05202293395996,21.057756423950195,ok
LA_D_4322842,10.613402366638184,10.61337947845459,ok
LA_D_4324080,11.950455665588379,11.950596809387207,ok
LA_D_4324943,12.595327377319336,12.595672607421875,ok
LA_D_4326060,11.683341979980469,11.684450149536133,ok
LA_D_4326894,17.441804885864258,17.4451961517334,ok
LA_D_4329029,16.36521339416504,16.367727279663086,ok
LA_D_4330465,18.92310905456543,18.935195922851562,ok
LA_D_4330927,13.941123962402344,13.943205833435059,ok
LA_D_4331052,16.11037826538086,16.111669540405273,ok
LA_D_4332689,17.03594207763672,17.037919998168945,ok
LA_D_4332784,16.226713180541992,16.234336853027344,ok
LA_D_4333191,16.118846893310547,16.119766235351562,ok
LA_D_4333326,10.810710906982422,10.811440467834473,ok
LA_D_4335525,19.143592834472656,19.147836685180664,ok
LA_D_4335932,12.866155624389648,12.866433143615723,ok
LA_D_4337797,17.492393493652344,17.493410110473633,ok
LA_D_4338785,-14.472579956054688,-14.473860740661621,ok
LA_D_4338918,12.674957275390625,12.676460266113281,ok
LA_D_4339384,15.261303901672363,15.261652946472168,ok
LA_D_4339387,17.727554321289062,17.729116439819336,ok
LA_D_4339462,18.933502197265625,18.93564796447754,ok
LA_D_4339595,12.875564575195312,12.876587867736816,ok
LA_D_4339686,14.25253963470459,14.255463600158691,ok
LA_D_4339929,16.948572158813477,16.95842170715332,ok
LA_D_4340193,17.878591537475586,17.88148307800293,ok
LA_D_4341247,8.22326946258545,8.223361015319824,ok
LA_D_4341889,-12.619304656982422,-12.619413375854492,ok
LA_D_4342639,13.394192695617676,13.399321556091309,ok
LA_D_4342949,16.347232818603516,16.347856521606445,ok
LA_D_4343772,16.372591018676758,16.3760929107666,ok
LA_D_4344112,15.484635353088379,15.484589576721191,ok
LA_D_4344125,13.149589538574219,13.151611328125,ok
LA_D_4344547,13.506034851074219,13.508760452270508,ok
LA_D_4344561,13.914826393127441,13.922876358032227,ok
LA_D_4344587,13.928732872009277,13.929322242736816,ok
LA_D_4344989,12.343523979187012,12.345601081848145,ok
LA_D_4347397,12.976197242736816,12.979942321777344,ok
LA_D_4347644,11.688162803649902,11.688273429870605,ok
LA_D_4348250,17.06212043762207,17.063814163208008,ok
LA_D_4348413,4.890664100646973,4.890518665313721,ok
LA_D_4350243,9.662965774536133,9.666563034057617,ok
LA_D_4350271,-14.33310604095459,-14.333441734313965,ok
LA_D_4353332,11.13098430633545,11.13160228729248,ok
LA_D_4354056,-15.368103981018066,-15.37110424041748,ok
LA_D_4354832,14.98509693145752,14.985556602478027,ok
LA_D_4355155,14.881287574768066,14.882135391235352,ok
LA_D_4356104,14.207908630371094,14.209558486938477,ok
LA_D_4356541,-14.277752876281738,-14.279438972473145,ok
LA_D_4356737,16.54405975341797,16.54722023010254,ok
LA_D_4357087,14.269598960876465,14.27127742767334,ok
LA_D_4357332,13.303544998168945,13.30409049987793,ok
LA_D_4358018,14.920228958129883,14.92195987701416,ok
LA_D_4358026,17.447086334228516,17.44706916809082,ok
LA_D_4359265,6.268723487854004,6.271188735961914,ok
LA_D_4359700,9.880297660827637,9.881146430969238,ok
LA_D_4360961,7.942793369293213,7.943160533905029,ok
LA_D_4362724,18.933917999267578,18.940580368041992,ok
LA_D_4363125,13.722702026367188,13.72245979309082,ok
LA_D_4365682,12.062585830688477,12.062969207763672,ok
LA_D_4367665,-16.732603073120117,-16.734590530395508,ok
LA_D_4368080,16.99329376220703,16.998083114624023,ok
LA_D_4368585,11.332801818847656,11.33321475982666,ok
LA_D_4371142,-13.162076950073242,-13.163087844848633,ok
LA_D_4371820,14.676119804382324,14.67722225189209,ok
LA_D_4372021,6.617776870727539,6.617849826812744,ok
LA_D_4372323,13.71628189086914,13.720197677612305,ok
LA_D_4373476,8.904669761657715,8.90520191192627,ok
LA_D_4373860,14.1854887008667,14.18805980682373,ok
LA_D_4374868,16.841041564941406,16.843019485473633,ok
LA_D_4375717,6.236443042755127,6.236571788787842,ok
LA_D_4375763,8.99328327178955,8.999342918395996,ok
LA_D_4376066,13.842244148254395,13.85104751586914,ok
LA_D_4377114,9.587058067321777,9.587116241455078,ok
LA_D_4378003,12.498235702514648,12.502518653869629,ok
LA_D_4378419,13.489233016967773,13.505986213684082,ok
LA_D_4382110,13.224076271057129,13.230382919311523,ok
LA_D_4382584,15.839224815368652,15.841168403625488,ok
LA_D_4382768,15.399662971496582,15.407049179077148,ok
LA_D_4384335,13.323539733886719,13.323847770690918,ok
LA_D_4385188,13.40959358215332,13.410751342773438,ok
LA_D_4385637,11.397403717041016,11.397675514221191,ok
LA_D_4386137,11.651755332946777,11.652094841003418,ok
LA_D_4386823,-14.104443550109863,-14.109135627746582,ok
LA_D_4387141,2.7652454376220703,2.7643015384674072,ok
LA_D_4388836,13.367695808410645,13.369612693786621,ok
LA_D_4389304,11.383045196533203,11.383017539978027,ok
LA_D_4389927,13.451948165893555,13.461965560913086,ok
LA_D_4390516,7.842092990875244,7.841405868530273,ok
LA_D_4391860,8.237796783447266,8.239206314086914,ok
LA_D_4394367,17.130630493164062,17.135866165161133,ok
LA_D_4394399,15.500042915344238,15.508700370788574,ok
LA_D_4395658,12.48773193359375,12.48779582977295,ok
LA_D_4396214,12.088830947875977,12.08973217010498,ok
LA_D_4396892,14.323018074035645,14.3353853225708,ok
LA_D_4397003,16.58548355102539,16.58891487121582,ok
LA_D_4397064,13.443934440612793,13.444009780883789,ok
LA_D_4397256,13.774746894836426,13.778998374938965,ok
LA_D_4398059,13.363713264465332,13.363741874694824,ok
LA_D_4398399,14.494362831115723,14.494366645812988,ok
LA_D_4399191,17.50080680847168,17.501035690307617,ok
LA_D_4399431,15.430876731872559,15.438916206359863,ok
LA_D_4399466,11.585070610046387,11.586773872375488,ok
LA_D_4399522,-11.51622200012207,-11.516651153564453,ok
LA_D_4401526,10.087712287902832,10.087794303894043,ok
LA_D_4401633,-9.460281372070312,-9.460835456848145,ok
LA_D_4401901,12.414994239807129,12.415026664733887,ok
LA_D_4402259,14.289190292358398,14.290007591247559,ok
LA_D_4402495,13.488306999206543,13.490374565124512,ok
LA_D_4402714,-14.938859939575195,-14.939091682434082,ok
LA_D_4402866,16.62203025817871,16.62336540222168,ok
LA_D_4404330,13.706276893615723,13.706570625305176,ok
LA_D_4407003,13.963905334472656,13.964800834655762,ok
LA_D_4407357,14.16563606262207,14.166560173034668,ok
LA_D_4407498,15.197245597839355,15.197480201721191,ok
LA_D_4407872,12.01109790802002,12.013288497924805,ok
LA_D_4409009,17.4349308013916,17.43913459777832,ok
LA_D_4409637,11.919330596923828,11.919468879699707,ok
LA_D_4411229,20.447471618652344,20.452322006225586,ok
LA_D_4411557,9.255992889404297,9.25673770904541,ok
LA_D_4411643,13.570826530456543,13.581259727478027,ok
LA_D_4411754,-14.45101547241211,-14.45462417602539,ok
LA_D_4411966,10.375816345214844,10.376914978027344,ok
LA_D_4412539,12.193289756774902,12.193944931030273,ok
LA_D_4412972,16.22521209716797,16.23413848876953,ok
LA_D_4413908,15.458012580871582,15.46462345123291,ok
LA_D_4414981,16.916549682617188,16.916751861572266,ok
LA_D_4415743,12.907520294189453,12.907998085021973,ok
LA_D_4416329,12.025482177734375,12.025837898254395,ok
LA_D_4416737,14.348162651062012,14.349818229675293,ok
LA_D_4418265,10.982599258422852,10.983048439025879,ok
LA_D_4418754,17.027084350585938,17.027851104736328,ok
LA_D_4419471,20.267959594726562,20.26993751525879,ok
LA_D_4421402,12.59593391418457,12.598173141479492,ok
LA_D_4421531,13.347529411315918,13.347275733947754,ok
LA_D_4422512,-10.692574501037598,-10.692839622497559,ok
LA_D_4427641,7.250201225280762,7.250762939453125,ok
LA_D_4427871,15.228987693786621,15.229270935058594,ok
LA_D_4429476,17.192241668701172,17.194948196411133,ok
LA_D_4430284,14.403725624084473,14.404539108276367,ok
LA_D_4430789,16.13983917236328,16.152084350585938,ok
LA_D_4432534,11.158418655395508,11.162318229675293,ok
LA_D_4432873,13.521201133728027,13.523170471191406,ok
LA_D_4433509,-11.854755401611328,-11.854817390441895,ok
LA_D_4434620,13.654577255249023,13.656928062438965,ok
LA_D_4434827,19.233375549316406,19.2379207611084,ok
LA_D_4436213,11.71142864227295,11.7116060256958,ok
LA_D_4436601,13.499958038330078,13.500118255615234,ok
LA_D_4437561,12.82822322845459,12.830900192260742,ok
LA_D_4437954,8.626097679138184,8.62636947631836,ok
LA_D_4438261,12.919476509094238,12.920771598815918,ok
LA_D_4438405,12.95568561553955,12.956809043884277,ok
LA_D_4440657,17.108659744262695,17.111648559570312,ok
LA_D_4441414,12.010994911193848,12.012961387634277,ok
LA_D_4441987,-8.70438289642334,-8.709208488464355,ok
LA_D_4442289,14.078429222106934,14.079930305480957,ok
LA_D_4442511,11.947093963623047,11.947379112243652,ok
LA_D_4445174,14.241856575012207,14.244223594665527,ok
LA_D_4445250,-14.413450241088867,-14.416194915771484,ok
LA_D_4446874,14.863903999328613,14.868765830993652,ok
LA_D_4447831,12.368322372436523,12.369072914123535,ok
LA_D_4448951,14.885683059692383,14.886805534362793,ok
LA_D_4448977,15.127849578857422,15.131195068359375,ok
LA_D_4449596,14.324697494506836,14.32551383972168,ok
LA_D_4450404,13.914963722229004,13.916552543640137,ok
LA_D_4451989,14.035367965698242,14.04035472869873,ok
LA_D_4452476,12.474157333374023,12.474761009216309,ok
LA_D_4452994,19.77710723876953,19.78327178955078,ok
LA_D_4453721,14.928881645202637,14.935271263122559,ok
LA_D_4453838,16.80590057373047,16.8070011138916,ok
LA_D_4455937,10.31350326538086,10.314055442810059,ok
LA_D_4457189,-2.7555088996887207,-2.7571346759796143,ok
LA_D_4458062,17.084453582763672,17.086362838745117,ok
LA_D_4458668,9.492477416992188,9.494452476501465,ok
LA_D_4459406,13.729217529296875,13.730786323547363,ok
LA_D_4459748,8.622994422912598,8.623236656188965,ok
LA_D_4459933,12.458984375,12.45918083190918,ok
LA_D_4460089,15.305201530456543,15.305829048156738,ok
LA_D_4460163,7.757715702056885,7.759073734283447,ok
LA_D_4461485,13.086668968200684,13.086699485778809,ok
LA_D_4462615,-12.790328979492188,-12.792184829711914,ok
LA_D_4463511,14.925712585449219,14.926989555358887,ok
LA_D_4463930,10.293085098266602,10.293108940124512,ok
LA_D_4464967,14.028266906738281,14.028264045715332,ok
LA_D_4467077,13.959406852722168,13.963162422180176,ok
LA_D_4467119,12.223249435424805,12.225285530090332,ok
LA_D_4468016,-13.269781112670898,-13.271876335144043,ok
LA_D_4469053,-15.660725593566895,-15.661187171936035,ok
LA_D_4469400,12.553072929382324,12.558344841003418,ok
LA_D_4469413,9.032442092895508,9.033612251281738,ok
LA_D_4471810,12.310891151428223,12.311291694641113,ok
LA_D_4472082,22.501684188842773,22.507137298583984,ok
LA_D_4472623,13.057989120483398,13.059173583984375,ok
LA_D_4472967,14.802285194396973,14.803196907043457,ok
LA_D_4474720,17.43048095703125,17.432580947875977,ok
LA_D_4475454,14.679269790649414,14.678857803344727,ok
LA_D_4475626,-13.07586669921875,-13.076162338256836,ok
LA_D_4476116,15.15074634552002,15.15131664276123,ok
LA_D_4476408,16.265783309936523,16.26620101928711,ok
LA_D_4477471,15.725563049316406,15.730301856994629,ok
LA_D_4481672,13.924548149108887,13.925703048706055,ok
LA_D_4482667,13.921299934387207,13.921486854553223,ok
LA_D_4483013,14.726807594299316,14.730504035949707,ok
LA_D_4484594,17.82950210571289,17.846824645996094,ok
LA_D_4485182,-6.189102649688721,-6.190023899078369,ok
LA_D_4485320,18.521944046020508,18.525978088378906,ok
LA_D_4485361,15.044414520263672,15.045584678649902,ok
LA_D_4485889,11.694070816040039,11.69457721710205,ok
LA_D_4486700,14.731999397277832,14.734198570251465,ok
LA_D_4487386,17.602941513061523,17.608217239379883,ok
LA_D_4487653,20.25390625,20.25443458557129,ok
LA_D_4487745,15.530038833618164,15.534817695617676,ok
LA_D_4487776,10.71373462677002,10.715271949768066,ok
LA_D_4488152,14.240084648132324,14.243433952331543,ok
LA_D_4488391,12.258420944213867,12.262494087219238,ok
LA_D_4488718,19.765071868896484,19.76774787902832,ok
LA_D_4488788,15.355945587158203,15.367002487182617,ok
LA_D_4488838,14.652823448181152,14.655782699584961,ok
LA_D_4489969,-15.501131057739258,-15.501504898071289,ok
LA_D_4490548,12.958076477050781,12.95913314819336,ok
LA_D_4491910,20.994850158691406,20.995180130004883,ok
LA_D_4492452,15.025403022766113,15.029467582702637,ok
LA_D_4492847,-3.199843168258667,-3.2020645141601562,ok
LA_D_4494703,15.544474601745605,15.55630874633789,ok
LA_D_4496115,11.697918891906738,11.700004577636719,ok
LA_D_4497485,23.99828338623047,24.000972747802734,ok
LA_D_4498003,13.6873197555542,13.688572883605957,ok
LA_D_4499351,18.354536056518555,18.354646682739258,ok
LA_D_4499477,13.116018295288086,13.116193771362305,ok
LA_D_4500243,-13.17767333984375,-13.190658569335938,ok
LA_D_4502872,15.34204387664795,15.343916893005371,ok
LA_D_4504946,11.510272979736328,11.510692596435547,ok
LA_D_4505123,10.938445091247559,10.944144248962402,ok
LA_D_4505290,10.503771781921387,10.509594917297363,ok
LA_D_4505937,8.38548469543457,8.385454177856445,ok
LA_D_4506133,14.541659355163574,14.543720245361328,ok
LA_D_4506633,11.379659652709961,11.379881858825684,ok
LA_D_4507888,13.161460876464844,13.163335800170898,ok
LA_D_4509357,14.779438972473145,14.780207633972168,ok
LA_D_4510369,10.536776542663574,10.537066459655762,ok
LA_D_4511424,13.439047813415527,13.445493698120117,ok
LA_D_4512980,16.704133987426758,16.706653594970703,ok
LA_D_4513531,-12.658771514892578,-12.659533500671387,ok
LA_D_4514090,15.810237884521484,15.81564998626709,ok
LA_D_4514194,19.77677345275879,19.788320541381836,ok
LA_D_4515281,14.887716293334961,14.887755393981934,ok
LA_D_4516804,-14.395098686218262,-14.395586967468262,ok
LA_D_4516952,10.049931526184082,10.050032615661621,ok
LA_D_4518823,12.518999099731445,12.53111457824707,ok
LA_D_4519635,18.10110855102539,18.101795196533203,ok
LA_D_4520104,-12.926655769348145,-12.92798900604248,ok
LA_D_4522480,14.120255470275879,14.122319221496582,ok
LA_D_4523165,9.575937271118164,9.578128814697266,ok
LA_D_4524225,18.094629287719727,18.095422744750977,ok
LA_D_4526494,17.636211395263672,17.639060974121094,ok
LA_D_4526867,12.347742080688477,12.349578857421875,ok
LA_D_4527422,13.2669677734375,13.268342018127441,ok
LA_D_4527658,15.189119338989258,15.191191673278809,ok
LA_D_4528435,10.978440284729004,10.983918190002441,ok
LA_D_4529395,16.93389320373535,16.934648513793945,ok
LA_D_4529749,8.578189849853516,8.580961227416992,ok
LA_D_4530249,11.504894256591797,11.504939079284668,ok
LA_D_4530450,-12.821243286132812,-12.82143497467041,ok
LA_D_4530557,11.341351509094238,11.34436321258545,ok
LA_D_4532710,12.151296615600586,12.153117179870605,ok
LA_D_4533373,12.028644561767578,12.031168937683105,ok
LA_D_4537572,11.753856658935547,11.75615406036377,ok
LA_D_4538385,12.702759742736816,12.704079627990723,ok
LA_D_4538751,14.68021011352539,14.681578636169434,ok
LA_D_4539356,11.954967498779297,11.957413673400879,ok
LA_D_4540134,14.18945598602295,14.189600944519043,ok
LA_D_4540166,-12.715786933898926,-12.71630573272705,ok
LA_D_4540622,16.863264083862305,16.864721298217773,ok
LA_D_4540896,15.790416717529297,15.79348373413086,ok
LA_D_4541749,14.059083938598633,14.074799537658691,ok
LA_D_4541793,10.60074234008789,10.600817680358887,ok
LA_D_4541895,17.564653396606445,17.570837020874023,ok
LA_D_4542234,12.66286563873291,12.664437294006348,ok
LA_D_4542657,13.76201343536377,13.762541770935059,ok
LA_D_4542806,14.912175178527832,14.913504600524902,ok
LA_D_4542962,15.863163948059082,15.865129470825195,ok
LA_D_4543139,13.209273338317871,13.210921287536621,ok
LA_D_4544395,12.95468521118164,12.962124824523926,ok
LA_D_4544796,13.76570987701416,13.765746116638184,ok
LA_D_4545053,16.47296714782715,16.480133056640625,ok
LA_D_4545082,12.679373741149902,12.679795265197754,ok
LA_D_4545884,13.196146965026855,13.203465461730957,ok
LA_D_4546481,-10.440245628356934,-10.441484451293945,ok
LA_D_4547626,14.134235382080078,14.136167526245117,ok
LA_D_4548556,13.900359153747559,13.9010648727417,ok
LA_D_4550388,14.755760192871094,14.758882522583008,ok
LA_D_4551336,-14.170126914978027,-14.17077350616455,ok
LA_D_4551409,11.361739158630371,11.36281681060791,ok
LA_D_4551639,14.687408447265625,14.699066162109375,ok
LA_D_4551946,12.798855781555176,12.801526069641113,ok
LA_D_4552327,-14.941734313964844,-14.949687957763672,ok
LA_D_4552584,14.918580055236816,14.919182777404785,ok
LA_D_4552742,18.748380661010742,18.753665924072266,ok
LA_D_4554165,12.62621784210205,12.626163482666016,ok
LA_D_4554509,14.16880989074707,14.1752347946167,ok
LA_D_4555408,14.349976539611816,14.35034465789795,ok
LA_D_4556349,13.44554328918457,13.449631690979004,ok
LA_D_4557906,17.431367874145508,17.431459426879883,ok
LA_D_4558500,8.362462997436523,8.362774848937988,ok
LA_D_4561179,16.670612335205078,16.67120361328125,ok
LA_D_4562728,10.181756019592285,10.182316780090332,ok
LA_D_4562819,14.57277774810791,14.572794914245605,ok
LA_D_4562820,17.948984146118164,17.950044631958008,ok
LA_D_4564375,14.324904441833496,14.325312614440918,ok
LA_D_4565223,15.136435508728027,15.141484260559082,ok
LA_D_4567317,13.679082870483398,13.678431510925293,ok
LA_D_4567649,16.442564010620117,16.442596435546875,ok
LA_D_4567671,15.399687767028809,15.40018367767334,ok
LA_D_4567965,12.634117126464844,12.634317398071289,ok
LA_D_4568975,10.495024681091309,10.496501922607422,ok
LA_D_4571818,-13.686720848083496,-13.692912101745605,ok
LA_D_4572219,12.611786842346191,12.613722801208496,ok
LA_D_4573144,15.793365478515625,15.79668140411377,ok
LA_D_4573581,14.194981575012207,14.197519302368164,ok
LA_D_4573944,11.615982055664062,11.616192817687988,ok
LA_D_4574274,-12.120011329650879,-12.120331764221191,ok
LA_D_4575411,15.543676376342773,15.54880142211914,ok
LA_D_4575624,18.140625,18.141008377075195,ok
LA_D_4577893,14.237656593322754,14.2382173538208,ok
LA_D_4579960,18.427249908447266,18.434724807739258,ok
LA_D_4580301,-14.61110782623291,-14.613184928894043,ok
LA_D_4580639,18.98584747314453,18.985965728759766,ok
LA_D_4581451,7.783275127410889,7.78346061706543,ok
LA_D_4582769,17.89910125732422,17.91518211364746,ok
LA_D_4583096,12.239977836608887,12.24051570892334,ok
LA_D_4583777,11.137139320373535,11.138754844665527,ok
LA_D_4583809,11.73574447631836,11.735920906066895,ok
LA_D_4584142,10.1920747756958,10.195815086364746,ok
LA_D_4585046,10.582467079162598,10.582523345947266,ok
LA_D_4585137,14.916169166564941,14.91617488861084,ok
LA_D_4585435,12.683167457580566,12.689583778381348,ok
LA_D_4585593,16.530345916748047,16.53151512145996,ok
LA_D_4586638,15.300609588623047,15.308684349060059,ok
LA_D_4586853,-9.17000675201416,-9.17017650604248,ok
LA_D_4588355,14.578510284423828,14.58023452758789,ok
LA_D_4589187,13.1813325881958,13.182731628417969,ok
LA_D_4590771,15.292919158935547,15.29554271697998,ok
LA_D_4591057,12.428772926330566,12.432538032531738,ok
LA_D_4592786,23.39272117614746,23.406784057617188,ok
LA_D_4593106,12.471985816955566,12.47331714630127,ok
LA_D_4593298,14.436338424682617,14.451563835144043,ok
LA_D_4593541,9.764039993286133,9.76414966583252,ok
LA_D_4593675,15.535616874694824,15.536787986755371,ok
LA_D_4594870,13.806703567504883,13.80673599243164,ok
LA_D_4595256,13.745918273925781,13.74588394165039,ok
LA_D_4598556,13.81932258605957,13.820751190185547,ok
LA_D_4598678,10.539896011352539,10.540314674377441,ok
LA_D_4599014,10.749919891357422,10.75011157989502,ok
LA_D_4599790,20.080810546875,20.08213233947754,ok
LA_D_4599849,18.236082077026367,18.237226486206055,ok
LA_D_4601171,11.09489631652832,11.09497356414795,ok
LA_D_4601520,12.360374450683594,12.36169147491455,ok
LA_D_4601616,10.905479431152344,10.90527057647705,ok
LA_D_4601843,12.78330135345459,12.783671379089355,ok
LA_D_4602617,12.214497566223145,12.216349601745605,ok
LA_D_4602795,12.519379615783691,12.519530296325684,ok
LA_D_4603625,-13.279253959655762,-13.279426574707031,ok
LA_D_4603798,14.025232315063477,14.027173042297363,ok
LA_D_4603886,16.470735549926758,16.4715576171875,ok
LA_D_4606355,15.01276683807373,15.014328956604004,ok
LA_D_4606442,-12.04239273071289,-12.054884910583496,ok
LA_D_4608336,16.83661651611328,16.839387893676758,ok
LA_D_4609401,12.416476249694824,12.416901588439941,ok
LA_D_4610013,15.645218849182129,15.648573875427246,ok
LA_D_4610210,13.904729843139648,13.906795501708984,ok
LA_D_4610422,13.938817024230957,13.943013191223145,ok
LA_D_4611322,15.530984878540039,15.533659934997559,ok
LA_D_4613712,9.185098648071289,9.18513011932373,ok
LA_D_4615442,15.242749214172363,15.247761726379395,ok
LA_D_4617063,13.148014068603516,13.149163246154785,ok
LA_D_4617565,13.864312171936035,13.866499900817871,ok
LA_D_4620892,-12.694729804992676,-12.695097923278809,ok
LA_D_4623751,16.848800659179688,16.851442337036133,ok
LA_D_4624019,2.3135793209075928,2.3132567405700684,ok
LA_D_4626331,-11.201242446899414,-11.20159912109375,ok
LA_D_4626453,16.58102035522461,16.581253051757812,ok
LA_D_4626552,13.535078048706055,13.536837577819824,ok
LA_D_4627319,12.218551635742188,12.218629837036133,ok
LA_D_4627714,15.370052337646484,15.37357234954834,ok
LA_D_4628640,15.180670738220215,15.185052871704102,ok
LA_D_4629056,5.133309364318848,5.1333136558532715,ok
LA_D_4629979,14.487791061401367,14.487805366516113,ok
LA_D_4631033,14.592328071594238,14.59331226348877,ok
LA_D_4631627,12.667418479919434,12.667450904846191,ok
LA_D_4637561,11.136462211608887,11.137401580810547,ok
LA_D_4637943,15.977102279663086,15.981614112854004,ok
LA_D_4638718,15.45154857635498,15.454545021057129,ok
LA_D_4644831,-11.726693153381348,-11.72716236114502,ok
LA_D_4645660,-13.366207122802734,-13.36835765838623,ok
LA_D_4646934,-9.884276390075684,-9.886813163757324,ok
LA_D_4647613,16.40863800048828,16.414165496826172,ok
LA_D_4647964,14.69839096069336,14.699596405029297,ok
LA_D_4648402,5.217997074127197,5.216685771942139,ok
LA_D_4649265,20.21723747253418,20.218442916870117,ok
LA_D_4650704,14.25707721710205,14.258566856384277,ok
LA_D_4650788,13.163350105285645,13.16412353515625,ok
LA_D_4650858,16.047931671142578,16.068941116333008,ok
LA_D_4653523,10.592151641845703,10.593567848205566,ok
LA_D_4653609,14.025825500488281,14.026540756225586,ok
LA_D_4653724,14.106897354125977,14.109910011291504,ok
LA_D_4654776,13.47223949432373,13.472779273986816,ok
LA_D_4654807,16.15912628173828,16.16149139404297,ok
LA_D_4657076,12.125273704528809,12.125727653503418,ok
LA_D_4662010,13.68132209777832,13.683008193969727,ok
LA_D_4662308,12.833151817321777,12.833876609802246,ok
LA_D_4663919,-16.305599212646484,-16.30889892578125,ok
LA_D_4665317,9.5549898147583,9.555131912231445,ok
LA_D_4665366,17.743450164794922,17.746387481689453,ok
LA_D_4666647,-12.920964241027832,-12.923855781555176,ok
LA_D_4667621,-13.670784950256348,-13.680460929870605,ok
LA_D_4668049,14.393013000488281,14.395894050598145,ok
LA_D_4668862,19.102649688720703,19.104581832885742,ok
LA_D_4669726,9.044855117797852,9.048245429992676,ok
LA_D_4673693,16.048269271850586,16.0523738861084,ok
LA_D_4673712,15.037125587463379,15.042552947998047,ok
LA_D_4673891,14.340018272399902,14.340883255004883,ok
LA_D_4674363,13.917720794677734,13.920379638671875,ok
LA_D_4674650,-14.705357551574707,-14.716317176818848,ok
LA_D_4678507,14.941314697265625,14.941906929016113,ok
LA_D_4678519,10.227779388427734,10.228472709655762,ok
LA_D_4678659,20.315750122070312,20.319978713989258,ok
LA_D_4679930,14.536726951599121,14.537403106689453,ok
LA_D_4680031,11.170709609985352,11.17042064666748,ok
LA_D_4681179,10.578826904296875,10.5791654586792,ok
LA_D_4681486,14.274062156677246,14.277043342590332,ok
LA_D_4682422,13.14311695098877,13.143902778625488,ok
LA_D_4683194,10.686429977416992,10.687338829040527,ok
LA_D_4683975,8.619852066040039,8.62014102935791,ok
LA_D_4684075,12.782859802246094,12.783117294311523,ok
LA_D_4685405,12.457507133483887,12.462368965148926,ok
LA_D_4685861,16.54123878479004,16.544584274291992,ok
LA_D_4686116,9.152907371520996,9.156120300292969,ok
LA_D_4688262,9.287808418273926,9.28798770904541,ok
LA_D_4691600,19.735347747802734,19.736204147338867,ok
LA_D_4694664,13.117098808288574,13.117491722106934,ok
LA_D_4694886,12.364368438720703,12.364909172058105,ok
LA_D_4696311,16.3360595703125,16.341869354248047,ok
LA_D_4697088,16.391714096069336,16.397165298461914,ok
LA_D_4698298,13.555733680725098,13.557465553283691,ok
LA_D_4698419,-13.72762680053711,-13.728100776672363,ok
LA_D_4698607,14.686619758605957,14.694587707519531,ok
LA_D_4699301,15.24960708618164,15.250102043151855,ok
LA_D_4699456,15.532255172729492,15.53292465209961,ok
LA_D_4700200,14.20018196105957,14.20067310333252,ok
LA_D_4702053,13.856078147888184,13.85693073272705,ok
LA_D_4702125,11.9508695602417,11.951752662658691,ok
LA_D_4702864,16.047222137451172,16.06035614013672,ok
LA_D_4702964,8.159125328063965,8.162593841552734,ok
LA_D_4703340,-15.35313606262207,-15.370253562927246,ok
LA_D_4703894,13.856905937194824,13.857007026672363,ok
LA_D_4704078,14.000725746154785,14.000710487365723,ok
LA_D_4704993,10.538153648376465,10.538236618041992,ok
LA_D_4707076,16.42233657836914,16.429685592651367,ok
LA_D_4708179,13.155303955078125,13.156133651733398,ok
LA_D_4708202,9.721090316772461,9.721575736999512,ok
LA_D_4708436,15.299788475036621,15.315001487731934,ok
LA_D_4708516,13.506731033325195,13.50711727142334,ok
LA_D_4708806,9.664666175842285,9.66479206085205,ok
LA_D_4708858,10.171856880187988,10.172608375549316,ok
LA_D_4709234,11.0821533203125,11.082579612731934,ok
LA_D_4710439,15.251697540283203,15.25448989868164,ok
LA_D_4710772,14.110701560974121,14.11130142211914,ok
LA_D_4710912,12.949515342712402,12.95121955871582,ok
LA_D_4712578,15.977824211120605,15.978758811950684,ok
LA_D_4713595,12.507104873657227,12.511527061462402,ok
LA_D_4715249,13.956912994384766,13.957655906677246,ok
LA_D_4716316,17.56252670288086,17.563175201416016,ok
LA_D_4717087,-8.259438514709473,-8.25976276397705,ok
LA_D_4718173,11.455195426940918,11.45531940460205,ok
LA_D_4718710,12.63953685760498,12.641039848327637,ok
LA_D_4718837,11.645554542541504,11.64731502532959,ok
LA_D_4719420,10.43505859375,10.434812545776367,ok
LA_D_4719892,13.684823036193848,13.685175895690918,ok
LA_D_4719986,12.601438522338867,12.60200023651123,ok
LA_D_4720755,15.431758880615234,15.435171127319336,ok
LA_D_4720854,13.787980079650879,13.78868293762207,ok
LA_D_4720930,14.512375831604004,14.513167381286621,ok
LA_D_4721136,9.974577903747559,9.9756498336792,ok
LA_D_4721344,14.092082023620605,14.092535018920898,ok
LA_D_4721356,19.792341232299805,19.793344497680664,ok
LA_D_4722011,15.537808418273926,15.539202690124512,ok
LA_D_4722555,12.782143592834473,12.78358268737793,ok
LA_D_4723086,-11.37236499786377,-11.374435424804688,ok
LA_D_4723558,-2.5573348999023438,-2.557328701019287,ok
LA_D_4723647,-12.92698860168457,-12.928069114685059,ok
LA_D_4724411,15.65048599243164,15.657083511352539,ok
LA_D_4724496,17.298505783081055,17.300739288330078,ok
LA_D_4724979,14.703232765197754,14.704256057739258,ok
LA_D_4725187,10.506356239318848,10.507031440734863,ok
LA_D_4727143,15.462910652160645,15.463759422302246,ok
LA_D_4728446,13.419817924499512,13.421648025512695,ok
LA_D_4728531,3.112644910812378,3.112644910812378,ok
LA_D_4729804,14.825719833374023,14.826521873474121,ok
LA_D_4729932,12.18607234954834,12.186577796936035,ok
LA_D_4730109,15.861627578735352,15.86403751373291,ok
LA_D_4730111,19.75948715209961,19.762834548950195,ok
LA_D_4730310,13.428182601928711,13.428788185119629,ok
LA_D_4732324,15.673836708068848,15.675524711608887,ok
LA_D_4732747,17.06052589416504,17.066707611083984,ok
LA_D_4734716,12.450996398925781,12.45394229888916,ok
LA_D_4735638,14.932662010192871,14.958264350891113,ok
LA_D_4735766,7.915793418884277,7.916266441345215,ok
LA_D_4736001,11.45660400390625,11.469568252563477,ok
LA_D_4736119,14.796038627624512,14.801314353942871,ok
LA_D_4736521,18.686370849609375,18.6942138671875,ok
LA_D_4736721,13.591269493103027,13.592779159545898,ok
LA_D_4737267,16.371126174926758,16.375783920288086,ok
LA_D_4737764,10.505003929138184,10.5054292678833,ok
LA_D_4737822,13.46863079071045,13.469883918762207,ok
LA_D_4740253,11.52002239227295,11.522472381591797,ok
LA_D_4741663,10.240913391113281,10.240955352783203,ok
LA_D_4741755,14.860726356506348,14.863728523254395,ok
LA_D_4744246,16.929683685302734,16.935409545898438,ok
LA_D_4745476,13.01784610748291,13.022128105163574,ok
LA_D_4745806,5.289931774139404,5.289962291717529,ok
LA_D_4746243,11.600625991821289,11.600825309753418,ok
LA_D_4747124,6.396636962890625,6.397607326507568,ok
LA_D_4747651,13.08908748626709,13.089895248413086,ok
LA_D_4747773,10.479230880737305,10.479321479797363,ok
LA_D_4750966,10.561890602111816,10.56196117401123,ok
LA_D_4751390,5.833625793457031,5.833579063415527,ok
LA_D_4752694,15.44981861114502,15.451666831970215,ok
LA_D_4752880,7.559732913970947,7.559013843536377,ok
LA_D_4753739,12.083441734313965,12.08398151397705,ok
LA_D_4754875,15.054178237915039,15.056946754455566,ok
LA_D_4755066,11.084284782409668,11.089238166809082,ok
LA_D_4755303,17.5400390625,17.54143714904785,ok
LA_D_4757475,-16.45905303955078,-16.45977783203125,ok
LA_D_4757865,14.328523635864258,14.328780174255371,ok
LA_D_4758316,20.891401290893555,20.891427993774414,ok
LA_D_4758741,9.034106254577637,9.036887168884277,ok
LA_D_4760053,17.3016357421875,17.30190086364746,ok
LA_D_4762105,6.802704811096191,6.8046393394470215,ok
LA_D_4762537,10.384024620056152,10.38692569732666,ok
LA_D_4763142,16.832324981689453,16.83739471435547,ok
LA_D_4763361,12.887874603271484,12.887894630432129,ok
LA_D_4764117,13.456503868103027,13.457833290100098,ok
LA_D_4765138,12.558871269226074,12.559002876281738,ok
LA_D_4765748,21.487051010131836,21.50977897644043,ok
LA_D_4765823,18.442888259887695,18.44637680053711,ok
LA_D_4766369,13.334725379943848,13.334978103637695,ok
LA_D_4766442,13.598750114440918,13.60122013092041,ok
LA_D_4766470,13.935551643371582,13.937051773071289,ok
LA_D_4766616,14.4973726272583,14.497918128967285,ok
LA_D_4766671,11.854072570800781,11.854523658752441,ok
LA_D_4767028,-15.180659294128418,-15.181973457336426,ok
LA_D_4767464,17.22211456298828,17.222929000854492,ok
LA_D_4767743,16.200368881225586,16.21122932434082,ok
LA_D_4767892,12.416946411132812,12.420552253723145,ok
LA_D_4768212,15.584232330322266,15.58729362487793,ok
LA_D_4768782,12.390323638916016,12.390341758728027,ok
LA_D_4768822,12.3955659866333,12.397459030151367,ok
LA_D_4769016,13.740487098693848,13.741963386535645,ok
LA_D_4769081,15.113035202026367,15.113957405090332,ok
LA_D_4769401,9.305445671081543,9.308283805847168,ok
LA_D_4770612,18.234827041625977,18.237092971801758,ok
LA_D_4770781,16.728248596191406,16.728532791137695,ok
LA_D_4770965,12.828815460205078,12.829012870788574,ok
LA_D_4771283,12.908537864685059,12.90919017791748,ok
LA_D_4771311,10.708161354064941,10.709321975708008,ok
LA_D_4771389,17.31043815612793,17.313634872436523,ok
LA_D_4771667,-16.31013298034668,-16.311107635498047,ok
LA_D_4771745,14.64438247680664,14.64555835723877,ok
LA_D_4771783,-13.754650115966797,-13.754770278930664,ok
LA_D_4772711,12.633645057678223,12.63438892364502,ok
LA_D_4773088,12.019952774047852,12.0214204788208,ok
LA_D_4774155,22.3533878326416,22.374971389770508,ok
LA_D_4774710,12.138912200927734,12.144129753112793,ok
LA_D_4776677,15.35492992401123,15.354996681213379,ok
LA_D_4776681,-14.93186092376709,-14.932125091552734,ok
LA_D_4777273,12.389387130737305,12.39077091217041,ok
LA_D_4777626,-13.231169700622559,-13.235687255859375,ok
LA_D_4777881,-13.159948348999023,-13.161778450012207,ok
LA_D_4778221,13.923236846923828,13.924102783203125,ok
LA_D_4781086,-13.913237571716309,-13.91616439819336,ok
LA_D_4784347,18.641687393188477,18.64966583251953,ok
LA_D_4784805,12.232131958007812,12.236550331115723,ok
LA_D_4784827,-2.5819382667541504,-2.5838606357574463,ok
LA_D_4786059,15.479290962219238,15.480300903320312,ok
LA_D_4788201,12.801654815673828,12.80284309387207,ok
LA_D_4788415,14.158041000366211,14.15869426727295,ok
LA_D_4788531,14.395329475402832,14.398191452026367,ok
LA_D_4788913,11.463905334472656,11.468162536621094,ok
LA_D_4789511,13.363604545593262,13.364579200744629,ok
LA_D_4789758,14.315512657165527,14.3178071975708,ok
LA_D_4790022,14.67117691040039,14.673579216003418,ok
LA_D_4790311,17.68577766418457,17.6873836517334,ok
LA_D_4791058,16.10757827758789,16.109615325927734,ok
LA_D_4791127,15.196974754333496,15.197409629821777,ok
LA_D_4793229,11.210590362548828,11.21106243133545,ok
LA_D_4793285,19.20351791381836,19.204404830932617,ok
LA_D_4794184,9.616334915161133,9.617116928100586,ok
LA_D_4796345,11.778861045837402,11.78192138671875,ok
LA_D_4796348,16.992910385131836,16.993852615356445,ok
LA_D_4797304,12.517329216003418,12.520453453063965,ok
LA_D_4797830,16.72918128967285,16.72937774658203,ok
LA_D_4797934,11.828909873962402,11.831700325012207,ok
LA_D_4798662,13.895999908447266,13.8971586227417,ok
LA_D_4798963,17.434534072875977,17.44199562072754,ok
LA_D_4798984,13.488378524780273,13.491805076599121,ok
LA_D_4799307,15.176933288574219,15.178994178771973,ok
LA_D_4799572,15.253113746643066,15.25380802154541,ok
LA_D_4801414,17.68406105041504,17.687847137451172,ok
LA_D_4802475,18.032995223999023,18.033283233642578,ok
LA_D_4802794,16.87609100341797,16.8781795501709,ok
LA_D_4803902,-12.806968688964844,-12.809823036193848,ok
LA_D_4804270,10.55433177947998,10.55463695526123,ok
LA_D_4804886,9.95114517211914,9.951226234436035,ok
LA_D_4807296,-11.419112205505371,-11.420182228088379,ok
LA_D_4810605,13.372696876525879,13.372828483581543,ok
LA_D_4811625,-11.871316909790039,-11.872637748718262,ok
LA_D_4812481,7.9503865242004395,7.954794406890869,ok
LA_D_4812719,14.630837440490723,14.638094902038574,ok
LA_D_4813001,15.393196105957031,15.396883964538574,ok
LA_D_4813446,11.317695617675781,11.318207740783691,ok
LA_D_4813520,-12.625521659851074,-12.625543594360352,ok
LA_D_4813945,12.056937217712402,12.057112693786621,ok
LA_D_4814402,6.89413595199585,6.898304462432861,ok
LA_D_4814981,12.005348205566406,12.00532341003418,ok
LA_D_4815856,15.237584114074707,15.23884105682373,ok
LA_D_4816070,17.46190071105957,17.47003173828125,ok
LA_D_4816127,-12.176302909851074,-12.176690101623535,ok
LA_D_4816769,11.013408660888672,11.013903617858887,ok
LA_D_4818528,-11.346879005432129,-11.347143173217773,ok
LA_D_4820874,9.817403793334961,9.817564010620117,ok
LA_D_4821411,-12.013672828674316,-12.013946533203125,ok
LA_D_4822832,14.106130599975586,14.106627464294434,ok
LA_D_4823498,15.394952774047852,15.405618667602539,ok
LA_D_4824323,13.438892364501953,13.456985473632812,ok
LA_D_4825371,11.867998123168945,11.868430137634277,ok
LA_D_4825555,11.001893043518066,11.002663612365723,ok
LA_D_4825650,9.237661361694336,9.238072395324707,ok
LA_D_4825873,10.615461349487305,10.616039276123047,ok
LA_D_4825879,19.628154754638672,19.629350662231445,ok
LA_D_4828615,13.741720199584961,13.743706703186035,ok
LA_D_4828901,-14.035701751708984,-14.041232109069824,ok
LA_D_4830541,8.479530334472656,8.479784965515137,ok
LA_D_4830591,11.62071418762207,11.62112045288086,ok
LA_D_4831370,11.425666809082031,11.426279067993164,ok
LA_D_4831551,16.41444206237793,16.414583206176758,ok
LA_D_4832159,14.713071823120117,14.714903831481934,ok
LA_D_4833484,13.37337875366211,13.373976707458496,ok
LA_D_4834228,-12.859636306762695,-12.860441207885742,ok
LA_D_4835735,11.522637367248535,11.523605346679688,ok
LA_D_4835906,14.601963996887207,14.603230476379395,ok
LA_D_4836452,13.734718322753906,13.7348051071167,ok
LA_D_4837193,14.619791984558105,14.624504089355469,ok
LA_D_4838177,15.311457633972168,15.31531810760498,ok
LA_D_4838987,14.631147384643555,14.631455421447754,ok
LA_D_4840993,17.086170196533203,17.086782455444336,ok
LA_D_4841921,17.95510482788086,17.958084106445312,ok
LA_D_4842833,10.780200004577637,10.780367851257324,ok
LA_D_4843399,13.034366607666016,13.035470008850098,ok
LA_D_4845159,14.803369522094727,14.806862831115723,ok
LA_D_4846038,15.632426261901855,15.63260555267334,ok
LA_D_4846158,11.320354461669922,11.324263572692871,ok
LA_D_4850290,16.97899627685547,16.98141098022461,ok
LA_D_4850598,17.652442932128906,17.675148010253906,ok
LA_D_4850913,14.987387657165527,14.988656044006348,ok
LA_D_4851492,14.94778060913086,14.948046684265137,ok
LA_D_4851657,16.18205451965332,16.185514450073242,ok
LA_D_4852037,13.36123275756836,13.362666130065918,ok
LA_D_4852255,6.242618083953857,6.243626117706299,ok
LA_D_4852798,17.412107467651367,17.417808532714844,ok
LA_D_4853863,8.373878479003906,8.376501083374023,ok
LA_D_4854280,14.023658752441406,14.027388572692871,ok
LA_D_4855092,13.530585289001465,13.534750938415527,ok
LA_D_4856350,17.318269729614258,17.31879234313965,ok
LA_D_4857699,13.675772666931152,13.67753791809082,ok
LA_D_4859174,11.400959014892578,11.404376029968262,ok
LA_D_4859889,10.197258949279785,10.199599266052246,ok
LA_D_4859938,12.653061866760254,12.655647277832031,ok
LA_D_4860045,16.716554641723633,16.72205924987793,ok
LA_D_4860228,12.000139236450195,12.005146980285645,ok
LA_D_4863244,12.117544174194336,12.117569923400879,ok
LA_D_4863395,12.002786636352539,12.00428295135498,ok
LA_D_4864665,17.76597023010254,17.76780128479004,ok
LA_D_4864976,16.611650466918945,16.61302375793457,ok
LA_D_4865380,24.537315368652344,24.541202545166016,ok
LA_D_4866981,-14.274497032165527,-14.276840209960938,ok
LA_D_4867067,-13.154836654663086,-13.160340309143066,ok
LA_D_4868270,17.303268432617188,17.30651092529297,ok
LA_D_4868553,18.80223846435547,18.803850173950195,ok
LA_D_4868564,16.232219696044922,16.233530044555664,ok
LA_D_4869707,15.583706855773926,15.585686683654785,ok
LA_D_4870195,15.627830505371094,15.630524635314941,ok
LA_D_4871022,12.35745906829834,12.357990264892578,ok
LA_D_4871506,14.636275291442871,14.637043952941895,ok
LA_D_4872589,15.243769645690918,15.246989250183105,ok
LA_D_4873396,13.217002868652344,13.217473030090332,ok
LA_D_4874226,17.328401565551758,17.32874870300293,ok
LA_D_4874503,6.65705680847168,6.6572747230529785,ok
LA_D_4874621,12.75939655303955,12.759878158569336,ok
LA_D_4875350,13.849173545837402,13.85232925415039,ok
LA_D_4876121,-14.184125900268555,-14.184626579284668,ok
LA_D_4876159,11.805154800415039,11.806955337524414,ok
LA_D_4876374,10.303217887878418,10.303893089294434,ok
LA_D_4876945,10.554661750793457,10.554642677307129,ok
LA_D_4876965,14.490543365478516,14.490851402282715,ok
LA_D_4877447,10.59325122833252,10.59326457977295,ok
LA_D_4881980,13.881806373596191,13.887946128845215,ok
LA_D_4882385,12.78104019165039,12.783146858215332,ok
LA_D_4882560,9.275653839111328,9.275918960571289,ok
LA_D_4883594,16.03763771057129,16.044904708862305,ok
LA_D_4884481,13.954030990600586,13.955864906311035,ok
LA_D_4884741,12.614253044128418,12.614506721496582,ok
LA_D_4887466,18.213693618774414,18.215375900268555,ok
LA_D_4888486,10.49802303314209,10.49807071685791,ok
LA_D_4888907,14.46213150024414,14.464960098266602,ok
LA_D_4891515,11.925026893615723,11.925503730773926,ok
LA_D_4891582,17.691787719726562,17.692995071411133,ok
LA_D_4893333,17.584884643554688,17.586109161376953,ok
LA_D_4893461,17.518081665039062,17.521581649780273,ok
LA_D_4893544,13.607499122619629,13.610247611999512,ok
LA_D_4893596,14.451295852661133,14.454886436462402,ok
LA_D_4894198,-15.072093963623047,-15.075957298278809,ok
LA_D_4894754,14.201662063598633,14.20246696472168,ok
LA_D_4895062,12.793939590454102,12.79474925994873,ok
LA_D_4895511,18.090824127197266,18.09449005126953,ok
LA_D_4896823,12.6776762008667,12.677750587463379,ok
LA_D_4897076,-9.536907196044922,-9.54273509979248,ok
LA_D_4897222,13.976625442504883,13.9768705368042,ok
LA_D_4898740,13.126710891723633,13.13003921508789,ok
LA_D_4899370,12.000314712524414,12.001765251159668,ok
LA_D_4900313,14.685431480407715,14.698807716369629,ok
LA_D_4900323,14.178443908691406,14.178956985473633,ok
LA_D_4901474,17.082443237304688,17.083017349243164,ok
LA_D_4902826,21.766874313354492,21.769765853881836,ok
LA_D_4903304,-13.919242858886719,-13.919946670532227,ok
LA_D_4904641,15.384307861328125,15.384909629821777,ok
LA_D_4904642,13.463433265686035,13.465353965759277,ok
LA_D_4907345,13.542807579040527,13.543731689453125,ok
LA_D_4907389,14.681657791137695,14.683857917785645,ok
LA_D_4907676,6.136499881744385,6.135265350341797,ok
LA_D_4908581,13.517865180969238,13.5178804397583,ok
LA_D_4909030,15.207076072692871,15.2098970413208,ok
LA_D_4909565,14.480071067810059,14.481181144714355,ok
LA_D_4910268,15.89197063446045,15.892899513244629,ok
LA_D_4911106,13.872689247131348,13.87647533416748,ok
LA_D_4911711,14.660446166992188,14.66104793548584,ok
LA_D_4912137,15.01169204711914,15.014001846313477,ok
LA_D_4914250,17.729110717773438,17.730398178100586,ok
LA_D_4915280,17.133710861206055,17.134340286254883,ok
LA_D_4915395,15.88693618774414,15.887663841247559,ok
LA_D_4915695,13.427314758300781,13.42750072479248,ok
LA_D_4917895,-11.924934387207031,-11.925204277038574,ok
LA_D_4919668,11.662424087524414,11.666121482849121,ok
LA_D_4919685,13.663859367370605,13.664233207702637,ok
LA_D_4919707,14.847497940063477,14.848362922668457,ok
LA_D_4919746,10.709851264953613,10.711514472961426,ok
LA_D_4920424,8.297443389892578,8.297450065612793,ok
LA_D_4920544,15.072065353393555,15.073853492736816,ok
LA_D_4921306,10.342986106872559,10.345946311950684,ok
LA_D_4921369,14.168549537658691,14.170029640197754,ok
LA_D_4922394,6.140685558319092,6.141024112701416,ok
LA_D_4923977,16.52893829345703,16.5379638671875,ok
LA_D_4924355,16.740821838378906,16.742464065551758,ok
LA_D_4925465,18.31890106201172,18.319543838500977,ok
LA_D_4925887,20.01638412475586,20.031476974487305,ok
LA_D_4927828,15.331110954284668,15.335290908813477,ok
LA_D_4928075,14.417725563049316,14.422557830810547,ok
LA_D_4928308,15.815902709960938,15.824223518371582,ok
LA_D_4929114,15.438404083251953,15.439959526062012,ok
LA_D_4929440,15.438986778259277,15.439162254333496,ok
LA_D_4929561,15.8892183303833,15.89257526397705,ok
LA_D_4929765,19.903850555419922,19.912925720214844,ok
LA_D_4929781,10.219091415405273,10.21937084197998,ok
LA_D_4931293,17.212936401367188,17.21468734741211,ok
LA_D_4931376,15.444055557250977,15.444011688232422,ok
LA_D_4931710,11.792230606079102,11.792253494262695,ok
LA_D_4932083,14.41757869720459,14.420092582702637,ok
LA_D_4933001,11.654974937438965,11.65566349029541,ok
LA_D_4933527,10.792954444885254,10.792983055114746,ok
LA_D_4934401,11.843487739562988,11.843485832214355,ok
LA_D_4935046,15.299635887145996,15.299607276916504,ok
LA_D_4935731,16.322139739990234,16.322107315063477,ok
LA_D_4935985,18.468425750732422,18.469690322875977,ok
LA_D_4936226,13.905030250549316,13.91110897064209,ok
LA_D_4938185,23.298147201538086,23.30318260192871,ok
LA_D_4938958,13.90825366973877,13.908629417419434,ok
LA_D_4938987,18.0904483795166,18.09238624572754,ok
LA_D_4939706,7.847761154174805,7.846895217895508,ok
LA_D_4940984,14.490227699279785,14.490221977233887,ok
LA_D_4941783,11.675429344177246,11.677384376525879,ok
LA_D_4942826,12.11251163482666,12.117730140686035,ok
LA_D_4943612,15.954352378845215,15.963835716247559,ok
LA_D_4944706,14.29357624053955,14.295354843139648,ok
LA_D_4945608,-11.51897144317627,-11.519291877746582,ok
LA_D_4946274,14.803496360778809,14.80566120147705,ok
LA_D_4946335,17.881437301635742,17.887609481811523,ok
LA_D_4946717,14.47739315032959,14.480599403381348,ok
LA_D_4947147,-9.643548011779785,-9.64535140991211,ok
LA_D_4947156,12.938097953796387,12.939201354980469,ok
LA_D_4947786,12.969354629516602,12.969427108764648,ok
LA_D_4947818,16.04685401916504,16.04925537109375,ok
LA_D_4947939,12.592093467712402,12.596078872680664,ok
LA_D_4949629,13.696199417114258,13.696967124938965,ok
LA_D_4950221,15.180209159851074,15.188023567199707,ok
LA_D_4950294,13.737168312072754,13.737603187561035,ok
LA_D_4952066,13.751266479492188,13.751782417297363,ok
LA_D_4952493,-14.255974769592285,-14.257172584533691,ok
LA_D_4952907,13.752884864807129,13.754598617553711,ok
LA_D_4953037,12.43533992767334,12.436372756958008,ok
LA_D_4954651,12.495519638061523,12.49567699432373,ok
LA_D_4954842,16.751506805419922,16.752058029174805,ok
LA_D_4956039,12.017881393432617,12.026241302490234,ok
LA_D_4958833,15.671764373779297,15.67844009399414,ok
LA_D_4959035,9.005291938781738,9.006482124328613,ok
LA_D_4960294,12.115159034729004,12.115439414978027,ok
LA_D_4960326,10.80137825012207,10.801785469055176,ok
LA_D_4961315,-14.278678894042969,-14.279064178466797,ok
LA_D_4961502,15.646039962768555,15.64655590057373,ok
LA_D_4961527,11.097229957580566,11.096428871154785,ok
LA_D_4961829,8.097091674804688,8.099385261535645,ok
LA_D_4962492,-13.255281448364258,-13.2603178024292,ok
LA_D_4962965,14.755489349365234,14.756489753723145,ok
LA_D_4963074,16.81924819946289,16.820051193237305,ok
LA_D_4964036,13.614887237548828,13.617415428161621,ok
LA_D_4964260,-13.820237159729004,-13.82076358795166,ok
LA_D_4964309,16.245391845703125,16.251001358032227,ok
LA_D_4965816,9.31474781036377,9.318535804748535,ok
LA_D_4965981,10.720168113708496,10.720524787902832,ok
LA_D_4966032,15.539711952209473,15.541287422180176,ok
LA_D_4966083,-13.666848182678223,-13.66784381866455,ok
LA_D_4966175,13.8825101852417,13.889337539672852,ok
LA_D_4966242,16.986513137817383,16.991756439208984,ok
LA_D_4967942,20.118581771850586,20.123857498168945,ok
LA_D_4968305,-15.539422988891602,-15.540539741516113,ok
LA_D_4969607,-13.711631774902344,-13.713095664978027,ok
LA_D_4969859,-15.432953834533691,-15.433832168579102,ok
LA_D_4969991,12.495983123779297,12.49746036529541,ok
LA_D_4970282,14.516732215881348,14.51880168914795,ok
LA_D_4971078,-9.0975980758667,-9.098016738891602,ok
LA_D_4972385,14.067310333251953,14.068772315979004,ok
LA_D_4972782,9.043349266052246,9.043728828430176,ok
LA_D_4973412,-12.657885551452637,-12.665647506713867,ok
LA_D_4974078,10.80303955078125,10.802845001220703,ok
LA_D_4974659,14.202160835266113,14.204218864440918,ok
LA_D_4977098,11.068277359008789,11.068289756774902,ok
LA_D_4977329,-15.242026329040527,-15.243380546569824,ok
LA_D_4978565,16.197729110717773,16.199440002441406,ok
LA_D_4979134,13.951885223388672,13.953177452087402,ok
LA_D_4979175,12.210506439208984,12.210917472839355,ok
LA_D_4979666,8.650705337524414,8.650579452514648,ok
LA_D_4981603,18.685518264770508,18.68560028076172,ok
LA_D_4982133,13.117555618286133,13.11806583404541,ok
LA_D_4983313,14.32579231262207,14.328198432922363,ok
LA_D_4984003,13.947931289672852,13.950761795043945,ok
LA_D_4984074,13.216315269470215,13.217391014099121,ok
LA_D_4984317,12.289407730102539,12.289688110351562,ok
LA_D_4984754,12.416848182678223,12.419843673706055,ok
LA_D_4985773,13.8842191696167,13.889339447021484,ok
LA_D_4986715,14.204440116882324,14.20511531829834,ok
LA_D_4986753,16.351205825805664,16.351240158081055,ok
LA_D_4987822,10.942172050476074,10.942245483398438,ok
LA_D_4990292,14.367098808288574,14.368441581726074,ok
LA_D_4990575,13.205245018005371,13.205683708190918,ok
LA_D_4991294,16.56177520751953,16.561952590942383,ok
LA_D_4992364,-14.6140775680542,-14.61647891998291,ok
LA_D_4992474,19.650251388549805,19.650644302368164,ok
LA_D_4992708,16.852102279663086,16.855867385864258,ok
LA_D_4993211,10.28831672668457,10.293408393859863,ok
LA_D_4994552,12.331783294677734,12.332728385925293,ok
LA_D_4995063,13.305180549621582,13.305437088012695,ok
LA_D_4995679,13.893088340759277,13.895707130432129,ok
LA_D_4996496,14.99757194519043,14.999913215637207,ok
LA_D_4999216,16.778446197509766,16.783279418945312,ok
LA_D_4999305,14.753079414367676,14.753559112548828,ok
LA_D_5001469,14.791335105895996,14.792695045471191,ok
LA_D_5002979,10.048002243041992,10.049413681030273,ok
LA_D_5004092,15.25625228881836,15.260687828063965,ok
LA_D_5005167,14.576883316040039,14.578076362609863,ok
LA_D_5005646,13.615161895751953,13.617955207824707,ok
LA_D_5005973,13.212651252746582,13.216227531433105,ok
LA_D_5008093,16.82451629638672,16.82693099975586,ok
LA_D_5008157,10.307679176330566,10.307827949523926,ok
LA_D_5009375,12.875102043151855,12.875286102294922,ok
LA_D_5010817,9.373940467834473,9.377685546875,ok
LA_D_5011300,16.02173614501953,16.022991180419922,ok
LA_D_5011714,-15.382574081420898,-15.38393497467041,ok
LA_D_5012127,14.915146827697754,14.915451049804688,ok
LA_D_5012472,16.19049072265625,16.192468643188477,ok
LA_D_5013159,9.13607120513916,9.148962020874023,ok
LA_D_5013243,10.485004425048828,10.484984397888184,ok
LA_D_5013283,14.921990394592285,14.924492835998535,ok
LA_D_5014370,14.207019805908203,14.210051536560059,ok
LA_D_5016623,17.723859786987305,17.723310470581055,ok
LA_D_5017002,12.484167098999023,12.484265327453613,ok
LA_D_5017814,15.003581047058105,15.0040922164917,ok
LA_D_5018111,9.097716331481934,9.09812068939209,ok
LA_D_5018258,-11.694267272949219,-11.694831848144531,ok
LA_D_5018490,11.519545555114746,11.519965171813965,ok
LA_D_5018816,11.983588218688965,11.984253883361816,ok
LA_D_5018866,16.876832962036133,16.87775230407715,ok
LA_D_5021244,-12.398590087890625,-12.398665428161621,ok
LA_D_5023844,13.738688468933105,13.742827415466309,ok
LA_D_5026079,13.351761817932129,13.352742195129395,ok
LA_D_5026225,16.178558349609375,16.183752059936523,ok
LA_D_5026406,10.498740196228027,10.500763893127441,ok
LA_D_5026441,10.953811645507812,10.957115173339844,ok
LA_D_5026692,-13.33467960357666,-13.343338966369629,ok
LA_D_5026948,13.35191822052002,13.353558540344238,ok
LA_D_5028072,19.967466354370117,19.981273651123047,ok
LA_D_5028641,17.423995971679688,17.429349899291992,ok
LA_D_5028697,11.935342788696289,11.936549186706543,ok
LA_D_5029303,15.26168441772461,15.266161918640137,ok
LA_D_5029338,-7.463868141174316,-7.465359210968018,ok
LA_D_5030185,17.559396743774414,17.56282615661621,ok
LA_D_5031248,13.680553436279297,13.686907768249512,ok
LA_D_5032508,16.383377075195312,16.386106491088867,ok
LA_D_5034046,17.85385513305664,17.854848861694336,ok
LA_D_5034203,11.197443962097168,11.19864559173584,ok
LA_D_5035533,8.928709030151367,8.928799629211426,ok
LA_D_5039819,13.122983932495117,13.123074531555176,ok
LA_D_5040114,11.999788284301758,12.001218795776367,ok
LA_D_5041256,11.678621292114258,11.67967700958252,ok
LA_D_5042622,14.425562858581543,14.425774574279785,ok
LA_D_5044120,16.56772804260254,16.573022842407227,ok
LA_D_5046909,13.378902435302734,13.382294654846191,ok
LA_D_5047683,5.888591289520264,5.889394283294678,ok
LA_D_5048362,17.05109977722168,17.05386734008789,ok
LA_D_5049280,15.159341812133789,15.160845756530762,ok
LA_D_5050513,10.815567016601562,10.81578254699707,ok
LA_D_5051331,17.957761764526367,17.95990753173828,ok
LA_D_5051597,16.380712509155273,16.38153839111328,ok
LA_D_5051791,12.2358980178833,12.240036964416504,ok
LA_D_5051913,14.71479606628418,14.716361999511719,ok
LA_D_5052184,12.868030548095703,12.869475364685059,ok
LA_D_5053631,19.81464385986328,19.8150577545166,ok
LA_D_5054258,17.27780532836914,17.27924156188965,ok
LA_D_5054541,10.834843635559082,10.834863662719727,ok
LA_D_5054607,13.026500701904297,13.027678489685059,ok
LA_D_5054904,-12.24437141418457,-12.2452974319458,ok
LA_D_5055165,22.547555923461914,22.55156707763672,ok
LA_D_5056218,-14.344440460205078,-14.345147132873535,ok
LA_D_5057705,10.097230911254883,10.097212791442871,ok
LA_D_5058489,13.882680892944336,13.889634132385254,ok
LA_D_5060788,13.851221084594727,13.8534574508667,ok
LA_D_5062241,13.122584342956543,13.135687828063965,ok
LA_D_5063604,11.729605674743652,11.730982780456543,ok
LA_D_5064398,13.354055404663086,13.356583595275879,ok
LA_D_5065135,13.956955909729004,13.961804389953613,ok
LA_D_5066173,14.587594985961914,14.5897216796875,ok
LA_D_5066427,12.68818187713623,12.694965362548828,ok
LA_D_5067087,17.693592071533203,17.694841384887695,ok
LA_D_5067184,12.076135635375977,12.076581001281738,ok
LA_D_5067930,13.496088981628418,13.496803283691406,ok
LA_D_5068271,10.659528732299805,10.663270950317383,ok
LA_D_5068352,18.33561134338379,18.33613395690918,ok
LA_D_5070212,10.929312705993652,10.928208351135254,ok
LA_D_5070679,13.644198417663574,13.644394874572754,ok
LA_D_5071457,11.847824096679688,11.84864330291748,ok
LA_D_5073015,6.359024524688721,6.359023571014404,ok
LA_D_5073126,15.858424186706543,15.858392715454102,ok
LA_D_5074328,15.315325736999512,15.3165922164917,ok
LA_D_5074906,12.092692375183105,12.096116065979004,ok
LA_D_5074932,13.104971885681152,13.105328559875488,ok
LA_D_5075029,-14.352921485900879,-14.354327201843262,ok
LA_D_5076123,14.94095230102539,14.944451332092285,ok
LA_D_5076610,17.366849899291992,17.36756706237793,ok
LA_D_5076674,9.557398796081543,9.558187484741211,ok
LA_D_5076694,18.3596248626709,18.362760543823242,ok
LA_D_5077584,8.911436080932617,8.912274360656738,ok
LA_D_5077681,14.019529342651367,14.0260591506958,ok
LA_D_5079558,10.23331356048584,10.235747337341309,ok
LA_D_5081966,13.51446533203125,13.514386177062988,ok
LA_D_5082258,14.03398323059082,14.03579044342041,ok
LA_D_5084830,14.176915168762207,14.184311866760254,ok
LA_D_5085425,11.272231101989746,11.272522926330566,ok
LA_D_5086729,12.273216247558594,12.274985313415527,ok
LA_D_5088369,13.766938209533691,13.767023086547852,ok
LA_D_5089751,12.746370315551758,12.746922492980957,ok
LA_D_5090421,-12.3440580368042,-12.3443021774292,ok
LA_D_5090531,14.626266479492188,14.629717826843262,ok
LA_D_5090551,14.763406753540039,14.765706062316895,ok
LA_D_5090608,19.365388870239258,19.36797523498535,ok
LA_D_5090803,-11.509421348571777,-11.5111665725708,ok
LA_D_5091510,7.751412391662598,7.7513747215271,ok
LA_D_5091691,16.238231658935547,16.239938735961914,ok
LA_D_5091760,14.69974422454834,14.701162338256836,ok
LA_D_5092098,14.970422744750977,14.973162651062012,ok
LA_D_5092272,15.055633544921875,15.05562973022461,ok
LA_D_5092434,18.189592361450195,18.19864273071289,ok
LA_D_5092533,13.892180442810059,13.895026206970215,ok
LA_D_5092940,15.949429512023926,15.951476097106934,ok
LA_D_5094867,15.471238136291504,15.473742485046387,ok
LA_D_5095193,16.358022689819336,16.364484786987305,ok
LA_D_5095523,12.818218231201172,12.820034980773926,ok
LA_D_5096284,12.412176132202148,12.412714004516602,ok
LA_D_5097555,15.009921073913574,15.021947860717773,ok
LA_D_5098281,12.43320083618164,12.433592796325684,ok
LA_D_5098442,17.48917579650879,17.496564865112305,ok
LA_D_5100182,17.36911964416504,17.373172760009766,ok
LA_D_5100382,9.092247009277344,9.097203254699707,ok
LA_D_5100813,17.170026779174805,17.170269012451172,ok
LA_D_5101551,13.397198677062988,13.39747142791748,ok
LA_D_5101720,8.166576385498047,8.170015335083008,ok
LA_D_5103356,19.361377716064453,19.365276336669922,ok
LA_D_5103566,12.213218688964844,12.21557331085205,ok
LA_D_5104907,10.757489204406738,10.756935119628906,ok
LA_D_5106469,8.792722702026367,8.796900749206543,ok
LA_D_5107192,15.318133354187012,15.318449974060059,ok
LA_D_5107868,12.698731422424316,12.69878101348877,ok
LA_D_5109502,15.314011573791504,15.321219444274902,ok
LA_D_5109561,16.341829299926758,16.344633102416992,ok
LA_D_5110293,15.227787971496582,15.228320121765137,ok
LA_D_5110992,-14.032663345336914,-14.033064842224121,ok
LA_D_5111401,23.46438217163086,23.47568130493164,ok
LA_D_5115596,11.380376815795898,11.383378028869629,ok
LA_D_5116527,11.598312377929688,11.600865364074707,ok
LA_D_5117145,10.184327125549316,10.18940544128418,ok
LA_D_5117623,16.671039581298828,16.670961380004883,ok
LA_D_5118097,16.363014221191406,16.36903953552246,ok
LA_D_5118215,17.00739288330078,17.009077072143555,ok
LA_D_5119493,11.208123207092285,11.20873737335205,ok
LA_D_5120421,13.241401672363281,13.241595268249512,ok
LA_D_5120726,14.1378812789917,14.137944221496582,ok
LA_D_5123725,12.741065979003906,12.741580963134766,ok
LA_D_5123844,15.68486499786377,15.686788558959961,ok
LA_D_5124586,13.293707847595215,13.293831825256348,ok
LA_D_5126554,15.340841293334961,15.341269493103027,ok
LA_D_5126998,6.3074951171875,6.308545112609863,ok
LA_D_5127521,10.746589660644531,10.746783256530762,ok
LA_D_5127607,17.687002182006836,17.69329833984375,ok
LA_D_5128111,16.377769470214844,16.380144119262695,ok
LA_D_5131261,12.562156677246094,12.565348625183105,ok
LA_D_5131724,8.77888011932373,8.778922080993652,ok
LA_D_5133121,14.039399147033691,14.042166709899902,ok
LA_D_5133384,10.900289535522461,10.901610374450684,ok
LA_D_5135042,-15.445591926574707,-15.44931697845459,ok
LA_D_5135623,10.304932594299316,10.30556583404541,ok
LA_D_5136094,14.73260498046875,14.731986999511719,ok
LA_D_5138201,16.212169647216797,16.21549415588379,ok
LA_D_5138851,15.573652267456055,15.574294090270996,ok
LA_D_5139344,13.050511360168457,13.052159309387207,ok
LA_D_5139863,21.162546157836914,21.167470932006836,ok
LA_D_5140041,17.285083770751953,17.286149978637695,ok
LA_D_5140118,14.335701942443848,14.336441040039062,ok
LA_D_5140508,15.779424667358398,15.782522201538086,ok
LA_D_5140773,13.391242027282715,13.391545295715332,ok
LA_D_5142081,14.990812301635742,14.996593475341797,ok
LA_D_5145079,12.915970802307129,12.916455268859863,ok
LA_D_5145753,16.024028778076172,16.02508544921875,ok
LA_D_5146064,-12.655556678771973,-12.672276496887207,ok
LA_D_5147678,12.862811088562012,12.862805366516113,ok
LA_D_5147912,14.608457565307617,14.61237907409668,ok
LA_D_5148813,17.669349670410156,17.670461654663086,ok
LA_D_5149214,7.667293071746826,7.671478748321533,ok
LA_D_5149734,17.588415145874023,17.58880043029785,ok
LA_D_5151081,20.371742248535156,20.372047424316406,ok
LA_D_5151616,13.925141334533691,13.926393508911133,ok
LA_D_5152377,16.567794799804688,16.571447372436523,ok
LA_D_5153538,11.398882865905762,11.398869514465332,ok
LA_D_5155418,10.75498104095459,10.758366584777832,ok
LA_D_5156009,9.981795310974121,9.981889724731445,ok
LA_D_5157129,16.218215942382812,16.21978759765625,ok
LA_D_5157517,17.443449020385742,17.443880081176758,ok
LA_D_5157632,11.321281433105469,11.324316024780273,ok
LA_D_5158638,-14.1378755569458,-14.145649909973145,ok
LA_D_5159936,14.57314682006836,14.57362174987793,ok
LA_D_5163083,10.9883394241333,10.988367080688477,ok
LA_D_5163761,19.706222534179688,19.717065811157227,ok
LA_D_5163985,14.855088233947754,14.85770320892334,ok
LA_D_5164039,11.993233680725098,11.993780136108398,ok
LA_D_5165049,14.79271125793457,14.800665855407715,ok
LA_D_5165259,19.54409408569336,19.544652938842773,ok
LA_D_5167234,8.366132736206055,8.367379188537598,ok
LA_D_5167361,13.077827453613281,13.07793140411377,ok
LA_D_5167363,14.789867401123047,14.791975975036621,ok
LA_D_5168716,14.085282325744629,14.096476554870605,ok
LA_D_5168787,9.958722114562988,9.968573570251465,ok
LA_D_5169731,20.188993453979492,20.189321517944336,ok
LA_D_5169953,15.038979530334473,15.043107032775879,ok
LA_D_5170331,15.2023286819458,15.20276927947998,ok
LA_D_5170428,16.491554260253906,16.494539260864258,ok
LA_D_5171645,14.789233207702637,14.793723106384277,ok
LA_D_5172398,18.14765167236328,18.15138816833496,ok
LA_D_5173528,13.850339889526367,13.850874900817871,ok
LA_D_5174000,16.22498321533203,16.225358963012695,ok
LA_D_5174186,14.289688110351562,14.290274620056152,ok
LA_D_5174430,-1.042084813117981,-1.0437281131744385,ok
LA_D_5174566,10.401653289794922,10.402731895446777,ok
LA_D_5175082,12.247318267822266,12.24749755859375,ok
LA_D_5176156,12.057003021240234,12.057233810424805,ok
LA_D_5176173,15.087566375732422,15.092829704284668,ok
LA_D_5177326,19.33905029296875,19.34475326538086,ok
LA_D_5177748,12.9920072555542,12.992387771606445,ok
LA_D_5178524,15.85105037689209,15.85108757019043,ok
LA_D_5179475,8.725020408630371,8.725064277648926,ok
LA_D_5181153,13.49522876739502,13.498429298400879,ok
LA_D_5181684,21.4991455078125,21.500890731811523,ok
LA_D_5181769,14.188562393188477,14.189953804016113,ok
LA_D_5182268,9.561527252197266,9.561680793762207,ok
LA_D_5182772,14.087849617004395,14.088175773620605,ok
LA_D_5184277,11.868776321411133,11.873114585876465,ok
LA_D_5184417,13.988890647888184,13.98931884765625,ok
LA_D_5185723,10.760249137878418,10.760676383972168,ok
LA_D_5186676,12.574424743652344,12.574475288391113,ok
LA_D_5187334,8.02771282196045,8.027970314025879,ok
LA_D_5188638,15.297974586486816,15.301989555358887,ok
LA_D_5188766,14.423309326171875,14.424346923828125,ok
LA_D_5189187,12.418025016784668,12.417941093444824,ok
LA_D_5189335,13.895456314086914,13.89553165435791,ok
LA_D_5189947,15.737052917480469,15.754030227661133,ok
LA_D_5191461,17.63399314880371,17.637266159057617,ok
LA_D_5192013,15.379953384399414,15.38112735748291,ok
LA_D_5192033,12.134672164916992,12.137995719909668,ok
LA_D_5193343,17.27727508544922,17.277530670166016,ok
LA_D_5193473,9.428244590759277,9.428927421569824,ok
LA_D_5193544,15.207415580749512,15.210984230041504,ok
LA_D_5193789,14.704863548278809,14.706273078918457,ok
LA_D_5194683,16.540590286254883,16.540725708007812,ok
LA_D_5194904,12.357582092285156,12.367873191833496,ok
LA_D_5196563,16.128873825073242,16.13242530822754,ok
LA_D_5196907,16.674209594726562,16.675710678100586,ok
LA_D_5197000,-12.081223487854004,-12.089778900146484,ok
LA_D_5198588,14.397363662719727,14.405488014221191,ok
LA_D_5199048,13.35405445098877,13.373337745666504,ok
LA_D_5202763,18.734102249145508,18.739398956298828,ok
LA_D_5203690,19.27175521850586,19.271947860717773,ok
LA_D_5203733,-14.401738166809082,-14.404361724853516,ok
LA_D_5205569,12.881243705749512,12.881792068481445,ok
LA_D_5207545,17.14616584777832,17.147247314453125,ok
LA_D_5208898,17.164775848388672,17.166471481323242,ok
LA_D_5209189,17.50164031982422,17.50178337097168,ok
LA_D_5210678,14.247575759887695,14.251947402954102,ok
LA_D_5210752,13.862532615661621,13.86828899383545,ok
LA_D_5212385,18.92534828186035,18.925540924072266,ok
LA_D_5212614,-11.090568542480469,-11.093981742858887,ok
LA_D_5213207,16.468517303466797,16.468351364135742,ok
LA_D_5216313,17.136186599731445,17.137454986572266,ok
LA_D_5216508,12.790569305419922,12.796603202819824,ok
LA_D_5216823,14.027643203735352,14.030043601989746,ok
LA_D_5219734,15.314057350158691,15.315393447875977,ok
LA_D_5220475,11.772226333618164,11.779276847839355,ok
LA_D_5220521,14.363383293151855,14.363412857055664,ok
LA_D_5223490,13.62731647491455,13.63014030456543,ok
LA_D_5224129,-13.449136734008789,-13.452187538146973,ok
LA_D_5225846,11.136935234069824,11.13823413848877,ok
LA_D_5226379,-11.462944984436035,-11.463391304016113,ok
LA_D_5228503,16.116289138793945,16.11895179748535,ok
LA_D_5229682,14.701311111450195,14.701775550842285,ok
LA_D_5232139,13.294156074523926,13.294886589050293,ok
LA_D_5232800,16.449260711669922,16.452470779418945,ok
LA_D_5233239,13.349061012268066,13.352042198181152,ok
LA_D_5233431,16.313465118408203,16.31370735168457,ok
LA_D_5234713,13.06916618347168,13.069987297058105,ok
LA_D_5234827,14.198083877563477,14.213770866394043,ok
LA_D_5236165,15.117088317871094,15.121068000793457,ok
LA_D_5236557,12.270089149475098,12.274786949157715,ok
LA_D_5237899,7.953733921051025,7.953722953796387,ok
LA_D_5238266,12.443639755249023,12.447600364685059,ok
LA_D_5238810,17.869590759277344,17.876066207885742,ok
LA_D_5239066,16.656883239746094,16.65830421447754,ok
LA_D_5239525,16.38473892211914,16.386371612548828,ok
LA_D_5241214,13.642406463623047,13.643889427185059,ok
LA_D_5241744,13.875377655029297,13.875428199768066,ok
LA_D_5242419,18.20525550842285,18.206079483032227,ok
LA_D_5242519,14.92496395111084,14.927617073059082,ok
LA_D_5242820,-0.41154104471206665,-0.41170066595077515,ok
LA_D_5243479,14.902130126953125,14.906973838806152,ok
LA_D_5245223,10.826064109802246,10.82606029510498,ok
LA_D_5245987,-11.539676666259766,-11.542950630187988,ok
LA_D_5246094,15.25162124633789,15.25286865234375,ok
LA_D_5246193,10.963451385498047,10.967370986938477,ok
LA_D_5246247,13.770164489746094,13.77063274383545,ok
LA_D_5246528,10.500890731811523,10.502547264099121,ok
LA_D_5248127,-14.73447036743164,-14.735637664794922,ok
LA_D_5248372,-12.04472827911377,-12.046133041381836,ok
LA_D_5249364,11.98672103881836,11.987025260925293,ok
LA_D_5250042,-13.73336124420166,-13.734150886535645,ok
LA_D_5253806,15.586345672607422,15.586730003356934,ok
LA_D_5253814,15.164909362792969,15.165637969970703,ok
LA_D_5254267,20.157089233398438,20.16127586364746,ok
LA_D_5256245,13.801553726196289,13.801736831665039,ok
LA_D_5257176,14.436973571777344,14.439742088317871,ok
LA_D_5257381,9.51418685913086,9.516802787780762,ok
LA_D_5258807,13.654296875,13.655116081237793,ok
LA_D_5259851,14.775794982910156,14.778729438781738,ok
LA_D_5260084,-15.321871757507324,-15.32508659362793,ok
LA_D_5260994,12.217068672180176,12.218210220336914,ok
LA_D_5261718,13.800853729248047,13.801057815551758,ok
LA_D_5262166,9.357414245605469,9.357460975646973,ok
LA_D_5262821,-13.33012866973877,-13.33029842376709,ok
LA_D_5263011,9.726265907287598,9.72824764251709,ok
LA_D_5264948,12.354575157165527,12.361045837402344,ok
LA_D_5264996,20.76256561279297,20.76561164855957,ok
LA_D_5265768,12.1129732131958,12.11500072479248,ok
LA_D_5266068,16.650375366210938,16.65347671508789,ok
LA_D_5266850,-14.85843276977539,-14.858610153198242,ok
LA_D_5267572,10.426762580871582,10.426909446716309,ok
LA_D_5267968,12.102851867675781,12.10482120513916,ok
LA_D_5269027,12.824300765991211,12.829434394836426,ok
LA_D_5269386,19.117645263671875,19.13117027282715,ok
LA_D_5269652,9.779521942138672,9.779247283935547,ok
LA_D_5269881,14.872676849365234,14.876477241516113,ok
LA_D_5269911,16.914276123046875,16.91786003112793,ok
LA_D_5270228,16.20085334777832,16.209415435791016,ok
LA_D_5271094,9.623023986816406,9.624016761779785,ok
LA_D_5271956,11.169482231140137,11.172279357910156,ok
LA_D_5272211,12.097931861877441,12.098089218139648,ok
LA_D_5274055,8.885380744934082,8.88659381866455,ok
LA_D_5274812,12.830793380737305,12.830985069274902,ok
LA_D_5275494,14.96369457244873,14.965882301330566,ok
LA_D_5275946,12.074797630310059,12.076546669006348,ok
LA_D_5276027,15.137097358703613,15.143529891967773,ok
LA_D_5276746,14.737783432006836,14.738860130310059,ok
LA_D_5277162,10.771218299865723,10.771244049072266,ok
LA_D_5279500,14.519560813903809,14.52362060546875,ok
LA_D_5280085,16.298141479492188,16.30459213256836,ok
LA_D_5281076,15.41853141784668,15.422730445861816,ok
LA_D_5282749,9.462141990661621,9.468034744262695,ok
LA_D_5282843,12.464934349060059,12.465924263000488,ok
LA_D_5283786,13.00622844696045,13.006231307983398,ok
LA_D_5285009,8.911888122558594,8.911890983581543,ok
LA_D_5285039,10.934513092041016,10.935673713684082,ok
LA_D_5285268,13.205718994140625,13.210318565368652,ok
LA_D_5285970,11.572951316833496,11.580605506896973,ok
LA_D_5286510,14.404341697692871,14.407211303710938,ok
LA_D_5287056,17.033023834228516,17.033477783203125,ok
LA_D_5287350,8.699251174926758,8.699299812316895,ok
LA_D_5287819,15.235608100891113,15.236300468444824,ok
LA_D_5288785,11.246750831604004,11.24706745147705,ok
LA_D_5289575,20.64615249633789,20.650907516479492,ok
LA_D_5291143,15.901713371276855,15.907713890075684,ok
LA_D_5292647,10.316606521606445,10.31834888458252,ok
LA_D_5293338,10.109712600708008,10.10987377166748,ok
LA_D_5294224,1.5641448497772217,1.5634573698043823,ok
LA_D_5294929,13.600232124328613,13.602431297302246,ok
LA_D_5295482,1.6650463342666626,1.6670852899551392,ok
LA_D_5295577,10.498827934265137,10.49902057647705,ok
LA_D_5296414,9.367936134338379,9.368329048156738,ok
LA_D_5296519,21.55640411376953,21.559123992919922,ok
LA_D_5297304,14.885126113891602,14.885621070861816,ok
LA_D_5297443,15.41496467590332,15.417607307434082,ok
LA_D_5297638,12.702644348144531,12.702337265014648,ok
LA_D_5298731,13.08137321472168,13.082602500915527,ok
LA_D_5299238,9.185684204101562,9.185874938964844,ok
LA_D_5299709,9.791261672973633,9.790019035339355,ok
LA_D_5300130,12.404569625854492,12.405745506286621,ok
LA_D_5300881,13.823369026184082,13.823721885681152,ok
LA_D_5301172,15.028529167175293,15.030502319335938,ok
LA_D_5301983,19.45322608947754,19.45567512512207,ok
LA_D_5303302,14.347942352294922,14.350969314575195,ok
LA_D_5304792,11.21475887298584,11.217582702636719,ok
LA_D_5305086,15.607421875,15.607420921325684,ok
LA_D_5305473,13.809662818908691,13.812033653259277,ok
LA_D_5305767,9.198315620422363,9.198760986328125,ok
LA_D_5306498,13.015759468078613,13.02192211151123,ok
LA_D_5306960,12.699530601501465,12.70017147064209,ok
LA_D_5307600,14.962647438049316,14.962712287902832,ok
LA_D_5308008,8.46524429321289,8.465246200561523,ok
LA_D_5308188,10.751194953918457,10.751741409301758,ok
LA_D_5308230,17.54281234741211,17.54374122619629,ok
LA_D_5308766,15.02971363067627,15.029784202575684,ok
LA_D_5308866,20.52460289001465,20.534589767456055,ok
LA_D_5310517,14.467559814453125,14.467564582824707,ok
LA_D_5312245,13.690199851989746,13.698623657226562,ok
LA_D_5312350,-14.332452774047852,-14.333062171936035,ok
LA_D_5312607,-9.200228691101074,-9.200447082519531,ok
LA_D_5313766,15.755041122436523,15.761128425598145,ok
LA_D_5314825,15.65889835357666,15.660335540771484,ok
LA_D_5315354,15.61796760559082,15.619633674621582,ok
LA_D_5315391,10.144440650939941,10.144564628601074,ok
LA_D_5318221,15.433053016662598,15.438859939575195,ok
LA_D_5322570,17.313434600830078,17.313434600830078,ok
LA_D_5323011,14.886983871459961,14.894242286682129,ok
LA_D_5323426,15.869887351989746,15.870207786560059,ok
LA_D_5325527,10.315038681030273,10.315995216369629,ok
LA_D_5325697,14.964948654174805,14.967482566833496,ok
LA_D_5326644,10.717041015625,10.71726131439209,ok
LA_D_5327408,10.931172370910645,10.931984901428223,ok
LA_D_5327544,16.254186630249023,16.2557373046875,ok
LA_D_5328469,12.01661205291748,12.016636848449707,ok
LA_D_5328894,13.907102584838867,13.907535552978516,ok
LA_D_5329061,12.491545677185059,12.492732048034668,ok
LA_D_5330155,13.556883811950684,13.563783645629883,ok
LA_D_5330416,8.421382904052734,8.42148208618164,ok
LA_D_5330909,15.464241027832031,15.465042114257812,ok
LA_D_5331264,-15.712170600891113,-15.716917037963867,ok
LA_D_5331428,11.77657699584961,11.778135299682617,ok
LA_D_5331450,12.887735366821289,12.89026927947998,ok
LA_D_5332246,8.300962448120117,8.302556037902832,ok
LA_D_5332359,-14.599461555480957,-14.599953651428223,ok
LA_D_5332565,9.488483428955078,9.48924446105957,ok
LA_D_5336165,13.040295600891113,13.04164981842041,ok
LA_D_5337300,12.156538963317871,12.160737037658691,ok
LA_D_5337439,17.42076301574707,17.425233840942383,ok
LA_D_5337615,3.351677656173706,3.3504998683929443,ok
LA_D_5338385,21.97511863708496,21.976993560791016,ok
LA_D_5339390,12.376993179321289,12.376975059509277,ok
LA_D_5341323,11.977181434631348,11.97661304473877,ok
LA_D_5341375,-12.337984085083008,-12.345114707946777,ok
LA_D_5341623,10.699423789978027,10.699772834777832,ok
LA_D_5341780,13.67113208770752,13.672977447509766,ok
LA_D_5343352,14.448890686035156,14.45045280456543,ok
LA_D_5345215,15.392149925231934,15.392444610595703,ok
LA_D_5345225,-14.421298027038574,-14.425045013427734,ok
LA_D_5345453,11.558636665344238,11.559179306030273,ok
LA_D_5346070,16.426958084106445,16.427812576293945,ok
LA_D_5348157,12.419346809387207,12.420737266540527,ok
LA_D_5349132,-14.402236938476562,-14.402796745300293,ok
LA_D_5349360,11.22838306427002,11.229229927062988,ok
LA_D_5349891,12.824858665466309,12.825658798217773,ok
LA_D_5350529,15.19836139678955,15.200809478759766,ok
LA_D_5350670,16.27863883972168,16.280454635620117,ok
LA_D_5355457,-15.53482723236084,-15.53516960144043,ok
LA_D_5356350,13.281280517578125,13.281250953674316,ok
LA_D_5357142,11.571112632751465,11.571260452270508,ok
LA_D_5357932,13.454971313476562,13.45862865447998,ok
LA_D_5358070,8.821795463562012,8.821420669555664,ok
LA_D_5358232,16.21415138244629,16.214263916015625,ok
LA_D_5359798,15.094901084899902,15.095152854919434,ok
LA_D_5359950,12.529155731201172,12.52949047088623,ok
LA_D_5360138,11.367374420166016,11.371726036071777,ok
LA_D_5362013,14.327616691589355,14.328214645385742,ok
LA_D_5362934,16.260494232177734,16.262374877929688,ok
LA_D_5363458,15.138327598571777,15.143797874450684,ok
LA_D_5364410,-5.121018886566162,-5.121333599090576,ok
LA_D_5366058,16.38245964050293,16.382488250732422,ok
LA_D_5368042,15.297910690307617,15.298697471618652,ok
LA_D_5369394,7.654701232910156,7.654726505279541,ok
LA_D_5370145,15.684081077575684,15.685050010681152,ok
LA_D_5371276,8.513277053833008,8.51537799835205,ok
LA_D_5372592,14.513620376586914,14.529448509216309,ok
LA_D_5374725,13.8700532913208,13.87040901184082,ok
LA_D_5377943,20.747835159301758,20.79588508605957,ok
LA_D_5378463,16.99062156677246,16.994802474975586,ok
LA_D_5379068,18.502504348754883,18.50394630432129,ok
LA_D_5379360,11.950332641601562,11.95338249206543,ok
LA_D_5380020,11.694416999816895,11.694478034973145,ok
LA_D_5380614,9.276193618774414,9.276326179504395,ok
LA_D_5381315,12.561653137207031,12.56264877319336,ok
LA_D_5381358,20.287914276123047,20.305387496948242,ok
LA_D_5382385,15.557114601135254,15.558125495910645,ok
LA_D_5383174,-13.4367094039917,-13.442133903503418,ok
LA_D_5383636,15.168278694152832,15.170038223266602,ok
LA_D_5383844,12.88318157196045,12.883444786071777,ok
LA_D_5384145,16.10421371459961,16.108320236206055,ok
LA_D_5384475,15.579130172729492,15.582762718200684,ok
LA_D_5384711,12.055872917175293,12.056351661682129,ok
LA_D_5385507,14.133293151855469,14.138154029846191,ok
LA_D_5386489,10.69867992401123,10.70015811920166,ok
LA_D_5389869,12.700004577636719,12.708453178405762,ok
LA_D_5390706,17.594091415405273,17.594308853149414,ok
LA_D_5391312,15.19727897644043,15.19775390625,ok
LA_D_5392108,13.839659690856934,13.844225883483887,ok
LA_D_5392234,14.239436149597168,14.242741584777832,ok
LA_D_5392292,17.011178970336914,17.011629104614258,ok
LA_D_5392790,14.687331199645996,14.690206527709961,ok
LA_D_5393942,17.3016357421875,17.301626205444336,ok
LA_D_5393982,12.487481117248535,12.487452507019043,ok
LA_D_5394100,16.79954719543457,16.802688598632812,ok
LA_D_5394501,17.619361877441406,17.622953414916992,ok
LA_D_5395822,15.229986190795898,15.2343168258667,ok
LA_D_5396149,20.119266510009766,20.123849868774414,ok
LA_D_5396174,12.70743179321289,12.707697868347168,ok
LA_D_5396335,11.613388061523438,11.614830017089844,ok
LA_D_5396397,11.88409423828125,11.884456634521484,ok
LA_D_5397319,-12.874138832092285,-12.874442100524902,ok
LA_D_5397434,18.1108341217041,18.114973068237305,ok
LA_D_5398194,13.065071105957031,13.066939353942871,ok
LA_D_5398887,18.629512786865234,18.632909774780273,ok
LA_D_5399074,14.199280738830566,14.201619148254395,ok
LA_D_5399266,15.245102882385254,15.24559497833252,ok
LA_D_5399865,12.966665267944336,12.969538688659668,ok
LA_D_5400157,13.953832626342773,13.956134796142578,ok
LA_D_5400630,18.633562088012695,18.63907814025879,ok
LA_D_5400787,12.211334228515625,12.211393356323242,ok
LA_D_5401230,10.318619728088379,10.320395469665527,ok
LA_D_5402017,14.271988868713379,14.276683807373047,ok
LA_D_5402192,18.075260162353516,18.089006423950195,ok
LA_D_5402252,14.206923484802246,14.207435607910156,ok
LA_D_5402646,7.580446243286133,7.579577445983887,ok
LA_D_5404416,9.458441734313965,9.459117889404297,ok
LA_D_5404458,16.563697814941406,16.57171058654785,ok
LA_D_5405376,18.583786010742188,18.58790397644043,ok
LA_D_5406274,16.190332412719727,16.18937110900879,ok
LA_D_5407356,15.39229679107666,15.393397331237793,ok
LA_D_5407463,11.928217887878418,11.928412437438965,ok
LA_D_5409509,15.895869255065918,15.897854804992676,ok
LA_D_5409547,9.781716346740723,9.781726837158203,ok
LA_D_5410675,18.05990982055664,18.06138801574707,ok
LA_D_5411425,7.564699172973633,7.566216468811035,ok
LA_D_5411434,-14.870989799499512,-14.871796607971191,ok
LA_D_5411748,-12.589351654052734,-12.59435749053955,ok
LA_D_5412347,15.089176177978516,15.094563484191895,ok
LA_D_5412628,21.526304244995117,21.53147315979004,ok
LA_D_5413087,15.24594497680664,15.250823974609375,ok
LA_D_5414308,11.860241889953613,11.864709854125977,ok
LA_D_5416414,6.147697448730469,6.147698402404785,ok
LA_D_5416674,-15.29680347442627,-15.297174453735352,ok
LA_D_5416891,12.446754455566406,12.448493957519531,ok
LA_D_5419620,8.519275665283203,8.519220352172852,ok
LA_D_5420932,16.024890899658203,16.026052474975586,ok
LA_D_5421212,24.34953498840332,24.357213973999023,ok
LA_D_5422337,18.294570922851562,18.300668716430664,ok
LA_D_5422570,12.57480239868164,12.579623222351074,ok
LA_D_5424592,15.480324745178223,15.48256778717041,ok
LA_D_5425829,-14.580147743225098,-14.58372974395752,ok
LA_D_5426906,20.186847686767578,20.20265007019043,ok
LA_D_5427352,16.91095542907715,16.91253089904785,ok
LA_D_5427426,15.614203453063965,15.616515159606934,ok
LA_D_5427830,13.046134948730469,13.047788619995117,ok
LA_D_5427856,12.504501342773438,12.505457878112793,ok
LA_D_5428077,14.808717727661133,14.809460639953613,ok
LA_D_5428590,11.433506965637207,11.43388557434082,ok
LA_D_5429622,12.394927978515625,12.400206565856934,ok
LA_D_5430038,13.034974098205566,13.037007331848145,ok
LA_D_5430421,11.54538345336914,11.545567512512207,ok
LA_D_5431156,-14.560635566711426,-14.561111450195312,ok
LA_D_5431286,14.005780220031738,14.005853652954102,ok
LA_D_5432198,15.264938354492188,15.264701843261719,ok
LA_D_5432736,14.42131519317627,14.427327156066895,ok
LA_D_5433558,9.238972663879395,9.239142417907715,ok
LA_D_5433599,12.791912078857422,12.794161796569824,ok
LA_D_5434948,14.991545677185059,14.996270179748535,ok
LA_D_5435340,15.831557273864746,15.831802368164062,ok
LA_D_5435996,16.5965633392334,16.598501205444336,ok
LA_D_5437115,11.992419242858887,11.995237350463867,ok
LA_D_5437717,12.872832298278809,12.873047828674316,ok
LA_D_5438251,-12.188739776611328,-12.194226264953613,ok
LA_D_5439819,16.110061645507812,16.113508224487305,ok
LA_D_5441022,12.438319206237793,12.439465522766113,ok
LA_D_5441203,12.655970573425293,12.658568382263184,ok
LA_D_5441778,-13.694336891174316,-13.694600105285645,ok
LA_D_5442160,17.117902755737305,17.117956161499023,ok
LA_D_5442437,13.788119316101074,13.790515899658203,ok
LA_D_5443022,14.304817199707031,14.30868148803711,ok
LA_D_5444967,15.004216194152832,15.006625175476074,ok
LA_D_5445370,10.435089111328125,10.43724536895752,ok
LA_D_5445641,-13.014780044555664,-13.016640663146973,ok
LA_D_5448101,9.768253326416016,9.768045425415039,ok
LA_D_5448251,15.977250099182129,15.985014915466309,ok
LA_D_5448474,9.836133003234863,9.836173057556152,ok
LA_D_5449899,15.304511070251465,15.305537223815918,ok
LA_D_5450646,15.979159355163574,15.98009967803955,ok
LA_D_5450980,16.4499568939209,16.4499568939209,ok
LA_D_5451234,16.897430419921875,16.89879035949707,ok
LA_D_5451855,14.22930908203125,14.247278213500977,ok
LA_D_5452047,10.689139366149902,10.68961238861084,ok
LA_D_5452596,19.37128448486328,19.37322425842285,ok
LA_D_5452800,14.061880111694336,14.061766624450684,ok
LA_D_5453267,15.40513801574707,15.406706809997559,ok
LA_D_5453346,14.68503189086914,14.685669898986816,ok
LA_D_5453395,13.954362869262695,13.955431938171387,ok
LA_D_5453401,9.539527893066406,9.541523933410645,ok
LA_D_5453991,13.179826736450195,13.183928489685059,ok
LA_D_5454156,14.111736297607422,14.111726760864258,ok
LA_D_5454408,15.659391403198242,15.66055965423584,ok
LA_D_5455243,14.008646011352539,14.012347221374512,ok
LA_D_5455456,13.417753219604492,13.418654441833496,ok
LA_D_5455958,12.879392623901367,12.88049602508545,ok
LA_D_5456457,12.959476470947266,12.964879989624023,ok
LA_D_5456485,11.336660385131836,11.336688995361328,ok
LA_D_5456536,10.708504676818848,10.7085599899292,ok
LA_D_5457188,10.089110374450684,10.08910083770752,ok
LA_D_5458074,15.940893173217773,15.941006660461426,ok
LA_D_5458288,13.032974243164062,13.034693717956543,ok
LA_D_5458900,13.450236320495605,13.450297355651855,ok
LA_D_5459095,13.9410400390625,13.944904327392578,ok
LA_D_5462805,13.208532333374023,13.21211051940918,ok
LA_D_5462959,13.948662757873535,13.94922161102295,ok
LA_D_5463025,10.679553031921387,10.68171215057373,ok
LA_D_5463411,-14.092850685119629,-14.092948913574219,ok
LA_D_5463444,-12.5261869430542,-12.529805183410645,ok
LA_D_5463700,14.60328483581543,14.604092597961426,ok
LA_D_5464038,14.470643043518066,14.47170352935791,ok
LA_D_5464792,12.308152198791504,12.308747291564941,ok
LA_D_5465575,14.87803840637207,14.880654335021973,ok
LA_D_5465758,19.19631576538086,19.197900772094727,ok
LA_D_5466886,14.879841804504395,14.882353782653809,ok
LA_D_5467345,-13.706070899963379,-13.706578254699707,ok
LA_D_5467548,17.26972770690918,17.279573440551758,ok
LA_D_5467780,13.961345672607422,13.962417602539062,ok
LA_D_5470214,13.485204696655273,13.495284080505371,ok
LA_D_5470881,14.7567138671875,14.75674819946289,ok
LA_D_5471746,12.138101577758789,12.139623641967773,ok
LA_D_5472216,6.314996242523193,6.314983367919922,ok
LA_D_5472358,16.532594680786133,16.53388023376465,ok
LA_D_5472628,12.286478042602539,12.292693138122559,ok
LA_D_5473083,9.339177131652832,9.339217185974121,ok
LA_D_5473316,12.564373970031738,12.567090034484863,ok
LA_D_5474605,14.779479026794434,14.782532691955566,ok
LA_D_5474661,15.115293502807617,15.120553016662598,ok
LA_D_5475290,7.249557971954346,7.251900672912598,ok
LA_D_5475950,-13.44598388671875,-13.448993682861328,ok
LA_D_5476324,15.181662559509277,15.183587074279785,ok
LA_D_5476791,9.180723190307617,9.18093204498291,ok
LA_D_5476884,16.772863388061523,16.77369499206543,ok
LA_D_5478028,13.273637771606445,13.27381420135498,ok
LA_D_5479621,10.241856575012207,10.242325782775879,ok
LA_D_5480395,17.15994644165039,17.167190551757812,ok
LA_D_5481003,16.322542190551758,16.332809448242188,ok
LA_D_5481956,17.373510360717773,17.373586654663086,ok
LA_D_5482180,13.411986351013184,13.413469314575195,ok
LA_D_5483705,12.738122940063477,12.740379333496094,ok
LA_D_5483730,12.527572631835938,12.529736518859863,ok
LA_D_5484649,14.713821411132812,14.716670989990234,ok
LA_D_5485139,13.999899864196777,14.005172729492188,ok
LA_D_5485515,6.1193742752075195,6.12099027633667,ok
LA_D_5486513,19.379240036010742,19.380762100219727,ok
LA_D_5486734,14.904175758361816,14.908574104309082,ok
LA_D_5486800,21.942331314086914,21.950801849365234,ok
LA_D_5487218,13.532994270324707,13.53331470489502,ok
LA_D_5487740,2.288332939147949,2.2894210815429688,ok
LA_D_5488860,11.434301376342773,11.434391021728516,ok
LA_D_5488938,12.601974487304688,12.605538368225098,ok
LA_D_5490153,15.964648246765137,15.968999862670898,ok
LA_D_5490168,16.955074310302734,16.967008590698242,ok
LA_D_5490332,13.236735343933105,13.236736297607422,ok
LA_D_5490757,-12.581055641174316,-12.581438064575195,ok
LA_D_5490947,12.277786254882812,12.283446311950684,ok
LA_D_5491412,18.46746253967285,18.469249725341797,ok
LA_D_5492356,14.64233684539795,14.648015975952148,ok
LA_D_5493977,12.238487243652344,12.238776206970215,ok
LA_D_5495040,-14.162793159484863,-14.171160697937012,ok
LA_D_5495669,19.28988265991211,19.292360305786133,ok
LA_D_5496756,13.612435340881348,13.615588188171387,ok
LA_D_5497034,-14.30201530456543,-14.302367210388184,ok
LA_D_5498432,11.463040351867676,11.46526050567627,ok
LA_D_5502210,12.685554504394531,12.68783187866211,ok
LA_D_5502506,-12.329668045043945,-12.330626487731934,ok
LA_D_5502789,13.522422790527344,13.528483390808105,ok
LA_D_5503012,-14.372454643249512,-14.375494956970215,ok
LA_D_5503083,12.171273231506348,12.172636985778809,ok
LA_D_5503291,7.347670078277588,7.347779750823975,ok
LA_D_5504182,14.795113563537598,14.795063018798828,ok
LA_D_5505351,13.506848335266113,13.507311820983887,ok
LA_D_5505879,21.729276657104492,21.737913131713867,ok
LA_D_5506307,12.850107192993164,12.850594520568848,ok
LA_D_5506813,17.769617080688477,17.775392532348633,ok
LA_D_5507210,-14.677021980285645,-14.678014755249023,ok
LA_D_5507848,14.738489151000977,14.739161491394043,ok
LA_D_5507926,12.107215881347656,12.107904434204102,ok
LA_D_5508990,13.931386947631836,13.932833671569824,ok
LA_D_5509643,14.91555404663086,14.923039436340332,ok
LA_D_5510010,9.929941177368164,9.930106163024902,ok
LA_D_5510532,13.645094871520996,13.648146629333496,ok
LA_D_5511445,9.055496215820312,9.055763244628906,ok
LA_D_5512289,-12.772719383239746,-12.773214340209961,ok
LA_D_5512449,10.936590194702148,10.939242362976074,ok
LA_D_5513082,-14.33504867553711,-14.335461616516113,ok
LA_D_5514319,12.60593032836914,12.60977840423584,ok
LA_D_5514689,21.086063385009766,21.086063385009766,ok
LA_D_5515164,10.922670364379883,10.926318168640137,ok
LA_D_5517898,11.339071273803711,11.33922290802002,ok
LA_D_5518780,16.00872802734375,16.01215171813965,ok
LA_D_5519117,15.119138717651367,15.123215675354004,ok
LA_D_5519425,14.452253341674805,14.456854820251465,ok
LA_D_5519522,19.275711059570312,19.27638816833496,ok
LA_D_5521568,-13.555730819702148,-13.557005882263184,ok
LA_D_5522142,8.842899322509766,8.842970848083496,ok
LA_D_5523423,18.610910415649414,18.61094856262207,ok
LA_D_5524814,22.78812599182129,22.79007339477539,ok
LA_D_5525120,15.896554946899414,15.89699649810791,ok
LA_D_5525422,18.773731231689453,18.777664184570312,ok
LA_D_5529065,12.192721366882324,12.198569297790527,ok
LA_D_5529080,11.847318649291992,11.84762191772461,ok
LA_D_5531013,13.457732200622559,13.457791328430176,ok
LA_D_5531293,13.583224296569824,13.584050178527832,ok
LA_D_5531330,8.837308883666992,8.837516784667969,ok
LA_D_5532057,16.341657638549805,16.364307403564453,ok
LA_D_5532100,12.101526260375977,12.101860046386719,ok
LA_D_5534887,16.462417602539062,16.484384536743164,ok
LA_D_5535805,12.148863792419434,12.149136543273926,ok
LA_D_5536552,14.640686988830566,14.643064498901367,ok
LA_D_5538242,23.438526153564453,23.452579498291016,ok
LA_D_5539101,15.640603065490723,15.642983436584473,ok
LA_D_5539912,16.610614776611328,16.612401962280273,ok
LA_D_5541379,-13.706768035888672,-13.71118450164795,ok
LA_D_5542976,19.854509353637695,19.85764503479004,ok
LA_D_5543089,10.833531379699707,10.837129592895508,ok
LA_D_5545146,-15.739018440246582,-15.739882469177246,ok
LA_D_5545619,14.870528221130371,14.894176483154297,ok
LA_D_5546624,13.751262664794922,13.752389907836914,ok
LA_D_5548039,11.731201171875,11.7335786819458,ok
LA_D_5548468,11.46005916595459,11.46004867553711,ok
LA_D_5549134,17.288368225097656,17.290565490722656,ok
LA_D_5549592,14.678238868713379,14.679938316345215,ok
LA_D_5549868,16.690994262695312,16.69189453125,ok
LA_D_5550880,17.66422462463379,17.664440155029297,ok
LA_D_5551594,17.186594009399414,17.191377639770508,ok
LA_D_5551945,17.69426155090332,17.695791244506836,ok
LA_D_5552740,14.248162269592285,14.249283790588379,ok
LA_D_5553386,13.694034576416016,13.697044372558594,ok
LA_D_5553767,10.482511520385742,10.48302173614502,ok
LA_D_5554206,9.2127685546875,9.213186264038086,ok
LA_D_5554788,20.80087661743164,20.816972732543945,ok
LA_D_5556633,5.924065589904785,5.929781913757324,ok
LA_D_5558097,11.279036521911621,11.280379295349121,ok
LA_D_5558598,18.823087692260742,18.8257999420166,ok
LA_D_5560002,9.445260047912598,9.445775032043457,ok
LA_D_5561180,17.127126693725586,17.127166748046875,ok
LA_D_5561293,-14.094513893127441,-14.0961275100708,ok
LA_D_5563808,15.013325691223145,15.015281677246094,ok
LA_D_5565540,14.094070434570312,14.099488258361816,ok
LA_D_5565973,15.627549171447754,15.632607460021973,ok
LA_D_5567251,-10.952571868896484,-10.954558372497559,ok
LA_D_5567412,11.952649116516113,11.95262622833252,ok
LA_D_5567932,7.769215106964111,7.771701335906982,ok
LA_D_5568300,13.849096298217773,13.850050926208496,ok
LA_D_5569369,10.269841194152832,10.270362854003906,ok
LA_D_5570032,15.279123306274414,15.28093433380127,ok
LA_D_5570541,10.382473945617676,10.38249683380127,ok
LA_D_5571629,14.08371639251709,14.083712577819824,ok
LA_D_5571676,16.834880828857422,16.835853576660156,ok
LA_D_5572271,16.3158016204834,16.315954208374023,ok
LA_D_5572324,15.977917671203613,15.978842735290527,ok
LA_D_5572661,12.161320686340332,12.161347389221191,ok
LA_D_5574112,7.898672103881836,7.904565811157227,ok
LA_D_5574945,11.643741607666016,11.643686294555664,ok
LA_D_5576148,14.88028335571289,14.882780075073242,ok
LA_D_5576532,17.313976287841797,17.32340431213379,ok
LA_D_5579170,17.655141830444336,17.66263198852539,ok
LA_D_5579476,9.485694885253906,9.48598861694336,ok
LA_D_5580217,12.286991119384766,12.290812492370605,ok
LA_D_5580783,7.192436218261719,7.1939263343811035,ok
LA_D_5583563,12.767248153686523,12.767251968383789,ok
LA_D_5583898,12.857690811157227,12.862580299377441,ok
LA_D_5584723,13.459603309631348,13.461174964904785,ok
LA_D_5584734,15.766282081604004,15.766973495483398,ok
LA_D_5586056,11.621723175048828,11.624768257141113,ok
LA_D_5586705,16.392562866210938,16.393136978149414,ok
LA_D_5586813,9.508228302001953,9.508234977722168,ok
LA_D_5588765,-9.959450721740723,-9.96313762664795,ok
LA_D_5592106,15.93237590789795,15.935195922851562,ok
LA_D_5592383,14.34432601928711,14.345597267150879,ok
LA_D_5592740,17.428607940673828,17.43244171142578,ok
LA_D_5593819,18.244001388549805,18.253206253051758,ok
LA_D_5594622,14.653913497924805,14.654295921325684,ok
LA_D_5594965,13.533708572387695,13.5372953414917,ok
LA_D_5596835,12.634645462036133,12.634745597839355,ok
LA_D_5596855,16.187702178955078,16.18788719177246,ok
LA_D_5596917,13.52759075164795,13.528342247009277,ok
LA_D_5597058,14.900480270385742,14.904258728027344,ok
LA_D_5597072,12.357901573181152,12.359199523925781,ok
LA_D_5597126,10.459909439086914,10.464391708374023,ok
LA_D_5598437,9.740204811096191,9.743090629577637,ok
LA_D_5599035,11.636298179626465,11.637237548828125,ok
LA_D_5599281,15.904938697814941,15.905928611755371,ok
LA_D_5600729,18.47205924987793,18.482046127319336,ok
LA_D_5601935,15.707578659057617,15.717432022094727,ok
LA_D_5602174,7.276834011077881,7.278873920440674,ok
LA_D_5602437,11.63587474822998,11.635995864868164,ok
LA_D_5605656,14.447273254394531,14.448298454284668,ok
LA_D_5606948,16.180753707885742,16.18114471435547,ok
LA_D_5607232,14.727673530578613,14.731358528137207,ok
LA_D_5609165,17.685598373413086,17.686033248901367,ok
LA_D_5609423,16.6826171875,16.686376571655273,ok
LA_D_5610125,13.766161918640137,13.768712043762207,ok
LA_D_5610893,6.477199554443359,6.477237224578857,ok
LA_D_5611461,14.92523193359375,14.928162574768066,ok
LA_D_5611885,14.384415626525879,14.386297225952148,ok
LA_D_5612664,13.46487808227539,13.469285011291504,ok
LA_D_5612758,13.949573516845703,13.952813148498535,ok
LA_D_5613224,14.103253364562988,14.10469913482666,ok
LA_D_5613500,11.6984224319458,11.698552131652832,ok
LA_D_5613820,19.310100555419922,19.315263748168945,ok
LA_D_5614245,11.561577796936035,11.5619478225708,ok
LA_D_5614406,15.258828163146973,15.259391784667969,ok
LA_D_5615493,9.920219421386719,9.920232772827148,ok
LA_D_5616692,15.5262451171875,15.530081748962402,ok
LA_D_5617123,15.181755065917969,15.187429428100586,ok
LA_D_5617907,14.278785705566406,14.279438972473145,ok
LA_D_5621016,-0.9099500179290771,-0.9102758765220642,ok
LA_D_5621269,12.637935638427734,12.638452529907227,ok
LA_D_5621483,13.317852020263672,13.323486328125,ok
LA_D_5621900,14.759758949279785,14.761719703674316,ok
LA_D_5622630,13.25576400756836,13.256844520568848,ok
LA_D_5623014,15.340743064880371,15.34167194366455,ok
LA_D_5623022,8.175252914428711,8.17517375946045,ok
LA_D_5623559,-10.683218002319336,-10.683232307434082,ok
LA_D_5624531,14.700960159301758,14.703490257263184,ok
LA_D_5624856,14.450793266296387,14.452122688293457,ok
LA_D_5626492,21.117088317871094,21.121023178100586,ok
LA_D_5626564,15.570427894592285,15.571626663208008,ok
LA_D_5627177,11.188459396362305,11.190407752990723,ok
LA_D_5627497,19.714340209960938,19.72344207763672,ok
LA_D_5629187,7.141904830932617,7.14312219619751,ok
LA_D_5629796,11.45362663269043,11.454541206359863,ok
LA_D_5630768,15.617156982421875,15.617274284362793,ok
LA_D_5631323,14.549369812011719,14.552948951721191,ok
LA_D_5631357,15.518965721130371,15.520757675170898,ok
LA_D_5631850,-12.83348274230957,-12.834463119506836,ok
LA_D_5633647,9.022249221801758,9.025954246520996,ok
LA_D_5634985,19.764122009277344,19.774539947509766,ok
LA_D_5635914,14.503860473632812,14.50629711151123,ok
LA_D_5636069,-14.36829662322998,-14.376191139221191,ok
LA_D_5637114,14.161053657531738,14.162487983703613,ok
LA_D_5637928,14.769957542419434,14.774048805236816,ok
LA_D_5637979,13.800413131713867,13.80067253112793,ok
LA_D_5639347,12.965926170349121,12.965993881225586,ok
LA_D_5639584,15.253893852233887,15.265356063842773,ok
LA_D_5642763,14.244136810302734,14.246167182922363,ok
LA_D_5643163,12.816320419311523,12.816338539123535,ok
LA_D_5644446,7.607873916625977,7.607875823974609,ok
LA_D_5646610,9.077905654907227,9.078587532043457,ok
LA_D_5647135,15.166196823120117,15.169074058532715,ok
LA_D_5647328,18.765039443969727,18.775968551635742,ok
LA_D_5647508,6.02910041809082,6.038471698760986,ok
LA_D_5648484,2.533493995666504,2.5336976051330566,ok
LA_D_5651240,-13.476616859436035,-13.489480972290039,ok
LA_D_5651896,15.14741039276123,15.151482582092285,ok
LA_D_5652503,15.247743606567383,15.251835823059082,ok
LA_D_5653979,16.90474510192871,16.906484603881836,ok
LA_D_5654315,-6.756379127502441,-6.76552152633667,ok
LA_D_5654371,10.700634956359863,10.701668739318848,ok
LA_D_5654375,12.662665367126465,12.663124084472656,ok
LA_D_5655417,13.054987907409668,13.055766105651855,ok
LA_D_5656124,14.956534385681152,14.96052074432373,ok
LA_D_5657749,17.782920837402344,17.79262351989746,ok
LA_D_5657789,19.17998504638672,19.190767288208008,ok
LA_D_5658047,10.483805656433105,10.486322402954102,ok
LA_D_5659751,13.469110488891602,13.47124195098877,ok
LA_D_5660127,15.57822322845459,15.578299522399902,ok
LA_D_5661104,14.229235649108887,14.237397193908691,ok
LA_D_5661640,17.098033905029297,17.100557327270508,ok
LA_D_5661698,14.152433395385742,14.152669906616211,ok
LA_D_5662897,18.026315689086914,18.0330867767334,ok
LA_D_5663851,11.755388259887695,11.757006645202637,ok
LA_D_5664870,-14.637221336364746,-14.637733459472656,ok
LA_D_5665100,21.54814338684082,21.553686141967773,ok
LA_D_5665194,-14.952350616455078,-14.954215049743652,ok
LA_D_5668161,16.23888397216797,16.240259170532227,ok
LA_D_5669124,18.2443790435791,18.257640838623047,ok
LA_D_5671767,10.264370918273926,10.264532089233398,ok
LA_D_5673312,19.207401275634766,19.21094512939453,ok
LA_D_5673334,11.668600082397461,11.66894245147705,ok
LA_D_5673436,-12.573994636535645,-12.57444953918457,ok
LA_D_5673630,3.925567388534546,3.9259674549102783,ok
LA_D_5674798,10.999741554260254,11.005249977111816,ok
LA_D_5676897,-14.475895881652832,-14.47797966003418,ok
LA_D_5677611,6.090282440185547,6.089701175689697,ok
LA_D_5679192,11.94935417175293,11.950568199157715,ok
LA_D_5679699,15.844932556152344,15.844976425170898,ok
LA_D_5680161,14.5433349609375,14.546971321105957,ok
LA_D_5680395,12.70598030090332,12.707610130310059,ok
LA_D_5681705,13.494572639465332,13.496237754821777,ok
LA_D_5682188,15.951732635498047,15.955910682678223,ok
LA_D_5682398,17.613229751586914,17.62025260925293,ok
LA_D_5682639,13.910152435302734,13.911894798278809,ok
LA_D_5683175,14.342942237854004,14.34507942199707,ok
LA_D_5684092,14.966706275939941,14.967906951904297,ok
LA_D_5684697,4.238876819610596,4.23863410949707,ok
LA_D_5685369,16.275436401367188,16.27705192565918,ok
LA_D_5685998,12.020708084106445,12.023625373840332,ok
LA_D_5687626,9.37590503692627,9.37740421295166,ok
LA_D_5689198,14.465280532836914,14.465665817260742,ok
LA_D_5689576,13.604754447937012,13.605511665344238,ok
LA_D_5690287,14.818991661071777,14.821242332458496,ok
LA_D_5690727,17.220500946044922,17.221328735351562,ok
LA_D_5691072,-13.196062088012695,-13.196525573730469,ok
LA_D_5691372,13.483308792114258,13.485957145690918,ok
LA_D_5691756,7.515743255615234,7.5157341957092285,ok
LA_D_5693207,13.222407341003418,13.222811698913574,ok
LA_D_5693331,17.850826263427734,17.85086441040039,ok
LA_D_5695559,13.850151062011719,13.852184295654297,ok
LA_D_5695682,14.960484504699707,14.960844993591309,ok
LA_D_5695691,-13.230420112609863,-13.23131275177002,ok
LA_D_5697626,14.055442810058594,14.055602073669434,ok
LA_D_5697939,12.85534381866455,12.855517387390137,ok
LA_D_5697969,16.172489166259766,16.1726016998291,ok
LA_D_5698259,23.30681037902832,23.308198928833008,ok
LA_D_5698379,-12.727344512939453,-12.732880592346191,ok
LA_D_5699257,14.695414543151855,14.696976661682129,ok
LA_D_5699731,0.47745075821876526,0.47657477855682373,ok
LA_D_5700704,12.075865745544434,12.076881408691406,ok
LA_D_5702239,15.450474739074707,15.451430320739746,ok
LA_D_5702258,13.961849212646484,13.96274471282959,ok
LA_D_5702698,18.294757843017578,18.297657012939453,ok
LA_D_5704173,11.65649127960205,11.656623840332031,ok
LA_D_5706448,13.179122924804688,13.179433822631836,ok
LA_D_5706472,17.900211334228516,17.90226936340332,ok
LA_D_5710236,21.077573776245117,21.082334518432617,ok
LA_D_5710259,11.837282180786133,11.837292671203613,ok
LA_D_5710714,12.254820823669434,12.255293846130371,ok
LA_D_5711305,16.03122329711914,16.036399841308594,ok
LA_D_5711351,8.014464378356934,8.013875961303711,ok
LA_D_5712427,13.722233772277832,13.722230911254883,ok
LA_D_5712604,14.20883846282959,14.209352493286133,ok
LA_D_5712684,-16.455698013305664,-16.45609474182129,ok
LA_D_5712950,16.207033157348633,16.208202362060547,ok
LA_D_5713062,12.834473609924316,12.837041854858398,ok
LA_D_5713417,14.287049293518066,14.295045852661133,ok
LA_D_5713865,17.386436462402344,17.39177703857422,ok
LA_D_5714169,13.966787338256836,13.96942138671875,ok
LA_D_5715212,8.922560691833496,8.922696113586426,ok
LA_D_5715402,17.65785026550293,17.6602725982666,ok
LA_D_5716651,18.381256103515625,18.38215446472168,ok
LA_D_5716855,13.286372184753418,13.287177085876465,ok
LA_D_5717327,16.024988174438477,16.029027938842773,ok
LA_D_5718984,17.249473571777344,17.251888275146484,ok
LA_D_5719323,-8.764537811279297,-8.764816284179688,ok
LA_D_5719332,12.311434745788574,12.313509941101074,ok
LA_D_5721193,12.992619514465332,12.993905067443848,ok
LA_D_5723098,12.858820915222168,12.8674955368042,ok
LA_D_5723608,10.507933616638184,10.507901191711426,ok
LA_D_5723701,5.8247551918029785,5.82483434677124,ok
LA_D_5724728,-14.20568561553955,-14.208491325378418,ok
LA_D_5724957,15.806488990783691,15.806714057922363,ok
LA_D_5725878,-8.482259750366211,-8.482882499694824,ok
LA_D_5726307,15.894643783569336,15.897065162658691,ok
LA_D_5726814,12.972742080688477,12.972723960876465,ok
LA_D_5727251,17.7613582611084,17.762866973876953,ok
LA_D_5728642,18.23161506652832,18.236825942993164,ok
LA_D_5729926,14.004469871520996,14.004690170288086,ok
LA_D_5730320,23.334314346313477,23.341835021972656,ok
LA_D_5731221,11.538176536560059,11.539597511291504,ok
LA_D_5731514,9.690540313720703,9.691149711608887,ok
LA_D_5732035,17.602827072143555,17.60358238220215,ok
LA_D_5732655,18.2724609375,18.27286720275879,ok
LA_D_5733338,16.37702751159668,16.38191795349121,ok
LA_D_5734083,14.391645431518555,14.399020195007324,ok
LA_D_5734480,-15.00055980682373,-15.001263618469238,ok
LA_D_5734535,14.188754081726074,14.190518379211426,ok
LA_D_5735487,16.403942108154297,16.40878677368164,ok
LA_D_5735559,17.664127349853516,17.667295455932617,ok
LA_D_5735922,21.510225296020508,21.521081924438477,ok
LA_D_5736677,19.746469497680664,19.753236770629883,ok
LA_D_5736694,16.38019371032715,16.388099670410156,ok
LA_D_5737035,16.91995620727539,16.921321868896484,ok
LA_D_5737273,20.757497787475586,20.7587890625,ok
LA_D_5737796,13.197042465209961,13.199429512023926,ok
LA_D_5737966,12.64013671875,12.640128135681152,ok
LA_D_5738684,14.526841163635254,14.527861595153809,ok
LA_D_5738833,13.069934844970703,13.069973945617676,ok
LA_D_5741681,18.211755752563477,18.21175193786621,ok
LA_D_5742424,12.843058586120605,12.844182014465332,ok
LA_D_5742561,16.95065689086914,16.95278549194336,ok
LA_D_5742661,11.56973934173584,11.569930076599121,ok
LA_D_5743533,10.465269088745117,10.465288162231445,ok
LA_D_5743745,15.842954635620117,15.844482421875,ok
LA_D_5744723,20.585063934326172,20.607755661010742,ok
LA_D_5746789,16.024078369140625,16.028738021850586,ok
LA_D_5747580,-13.140178680419922,-13.142050743103027,ok
LA_D_5747601,15.964153289794922,15.9678955078125,ok
LA_D_5748042,12.966595649719238,12.9681978225708,ok
LA_D_5751531,12.161019325256348,12.162476539611816,ok
LA_D_5751891,17.736103057861328,17.738801956176758,ok
LA_D_5752206,16.472675323486328,16.482812881469727,ok
LA_D_5752437,14.900642395019531,14.911913871765137,ok
LA_D_5752916,13.25983715057373,13.260064125061035,ok
LA_D_5754462,14.912590026855469,14.916041374206543,ok
LA_D_5755154,13.134928703308105,13.135586738586426,ok
LA_D_5755194,12.87221622467041,12.873000144958496,ok
LA_D_5755628,18.448575973510742,18.449007034301758,ok
LA_D_5756079,14.27066421508789,14.277409553527832,ok
LA_D_5758976,-13.606039047241211,-13.608968734741211,ok
LA_D_5759383,-11.686898231506348,-11.689330101013184,ok
LA_D_5760810,12.86448860168457,12.864521980285645,ok
LA_D_5761294,1.7345366477966309,1.7369592189788818,ok
LA_D_5761885,18.347021102905273,18.365148544311523,ok
LA_D_5763453,-3.7336766719818115,-3.736574649810791,ok
LA_D_5763793,11.117074012756348,11.119889259338379,ok
LA_D_5765155,15.024734497070312,15.031203269958496,ok
LA_D_5765277,9.110634803771973,9.11142635345459,ok
LA_D_5765948,12.085759162902832,12.087929725646973,ok
LA_D_5767805,18.620241165161133,18.62805938720703,ok
LA_D_5769133,-12.870367050170898,-12.871872901916504,ok
LA_D_5769169,12.85225772857666,12.852316856384277,ok
LA_D_5769309,19.107954025268555,19.10883903503418,ok
LA_D_5770185,-13.973251342773438,-13.976054191589355,ok
LA_D_5770424,8.104894638061523,8.104952812194824,ok
LA_D_5771160,12.789891242980957,12.79105281829834,ok
LA_D_5772488,18.2617244720459,18.26676368713379,ok
LA_D_5774345,9.31831169128418,9.319055557250977,ok
LA_D_5774989,-14.601881980895996,-14.603654861450195,ok
LA_D_5776830,17.822458267211914,17.8238525390625,ok
LA_D_5779022,10.686607360839844,10.686575889587402,ok
LA_D_5779977,-8.551535606384277,-8.55190658569336,ok
LA_D_5781241,11.733537673950195,11.737192153930664,ok
LA_D_5781617,9.919365882873535,9.919404029846191,ok
LA_D_5782359,12.506454467773438,12.508454322814941,ok
LA_D_5786164,12.507680892944336,12.507678031921387,ok
LA_D_5786237,-12.231269836425781,-12.232243537902832,ok
LA_D_5788523,12.51568603515625,12.515707015991211,ok
LA_D_5788830,12.757089614868164,12.759005546569824,ok
LA_D_5789585,18.789533615112305,18.794553756713867,ok
LA_D_5789727,13.048303604125977,13.048781394958496,ok
LA_D_5790394,-3.7152645587921143,-3.717738628387451,ok
LA_D_5790567,-10.373419761657715,-10.376206398010254,ok
LA_D_5791316,14.961400985717773,14.968810081481934,ok
LA_D_5791423,10.560176849365234,10.56379222869873,ok
LA_D_5792148,11.442774772644043,11.443018913269043,ok
LA_D_5793111,11.31639289855957,11.316451072692871,ok
LA_D_5794620,-14.974203109741211,-14.97815227508545,ok
LA_D_5795353,9.771620750427246,9.77193546295166,ok
LA_D_5796246,-14.274023056030273,-14.274920463562012,ok
LA_D_5796502,16.35060691833496,16.358781814575195,ok
LA_D_5798590,16.561077117919922,16.561857223510742,ok
LA_D_5799657,15.451215744018555,15.453170776367188,ok
LA_D_5800550,15.891793251037598,15.896391868591309,ok
LA_D_5800838,9.203845024108887,9.203890800476074,ok
LA_D_5800896,16.33038902282715,16.331968307495117,ok
LA_D_5801020,17.952341079711914,17.95393180847168,ok
LA_D_5802664,15.021967887878418,15.023646354675293,ok
LA_D_5803007,15.454883575439453,15.456144332885742,ok
LA_D_5803857,13.293510437011719,13.295634269714355,ok
LA_D_5804847,12.775373458862305,12.778433799743652,ok
LA_D_5805227,15.860523223876953,15.863730430603027,ok
LA_D_5805258,15.32995319366455,15.332026481628418,ok
LA_D_5805679,9.895796775817871,9.898863792419434,ok
LA_D_5806432,15.920125007629395,15.925835609436035,ok
LA_D_5806611,-9.862164497375488,-9.862449645996094,ok
LA_D_5808200,0.6045745611190796,0.6050028204917908,ok
LA_D_5809176,15.081193923950195,15.082852363586426,ok
LA_D_5809254,-12.638629913330078,-12.649374961853027,ok
LA_D_5810774,12.009498596191406,12.012595176696777,ok
LA_D_5811636,13.901982307434082,13.905732154846191,ok
LA_D_5812356,10.8023681640625,10.80366039276123,ok
LA_D_5813568,15.530858039855957,15.537787437438965,ok
LA_D_5814298,14.88392162322998,14.885281562805176,ok
LA_D_5815871,10.902813911437988,10.904881477355957,ok
LA_D_5815879,11.929520606994629,11.930323600769043,ok
LA_D_5817478,17.5682373046875,17.570951461791992,ok
LA_D_5817787,5.413802146911621,5.414975166320801,ok
LA_D_5818741,18.344711303710938,18.345518112182617,ok
LA_D_5819339,15.303589820861816,15.304438591003418,ok
LA_D_5819741,12.458098411560059,12.45827865600586,ok
LA_D_5820637,9.542699813842773,9.54271411895752,ok
LA_D_5821269,14.232710838317871,14.233023643493652,ok
LA_D_5822388,3.802858352661133,3.8029279708862305,ok
LA_D_5822586,12.274286270141602,12.27442455291748,ok
LA_D_5824362,14.586552619934082,14.58847713470459,ok
LA_D_5824879,23.896196365356445,23.912771224975586,ok
LA_D_5824998,-10.0337495803833,-10.035942077636719,ok
LA_D_5825167,17.169878005981445,17.171937942504883,ok
LA_D_5825711,-12.83662223815918,-12.83741283416748,ok
LA_D_5826732,11.685408592224121,11.685324668884277,ok
LA_D_5826748,11.875903129577637,11.876226425170898,ok
LA_D_5827420,9.643401145935059,9.643460273742676,ok
LA_D_5828981,13.492533683776855,13.493258476257324,ok
LA_D_5830215,16.846200942993164,16.847347259521484,ok
LA_D_5830923,20.03035545349121,20.032024383544922,ok
LA_D_5831724,16.884187698364258,16.886444091796875,ok
LA_D_5832271,16.07508659362793,16.076221466064453,ok
LA_D_5832702,14.982137680053711,14.982952117919922,ok
LA_D_5833231,-15.665787696838379,-15.666549682617188,ok
LA_D_5834045,15.918164253234863,15.918456077575684,ok
LA_D_5834157,-14.326825141906738,-14.333346366882324,ok
LA_D_5834232,19.52728843688965,19.53150749206543,ok
LA_D_5834246,11.54714584350586,11.551777839660645,ok
LA_D_5834907,11.760461807250977,11.76573657989502,ok
LA_D_5835778,12.557255744934082,12.558074951171875,ok
LA_D_5835948,13.13145923614502,13.132058143615723,ok
LA_D_5836628,13.808372497558594,13.808876991271973,ok
LA_D_5837845,13.728997230529785,13.729289054870605,ok
LA_D_5838098,16.588048934936523,16.588706970214844,ok
LA_D_5838500,17.977771759033203,17.97852897644043,ok
LA_D_5838540,-13.176684379577637,-13.177374839782715,ok
LA_D_5839530,15.212627410888672,15.213187217712402,ok
LA_D_5839621,6.921678066253662,6.922220230102539,ok
LA_D_5840187,12.087820053100586,12.08935260772705,ok
LA_D_5841055,10.076848030090332,10.076881408691406,ok
LA_D_5841267,-15.17710018157959,-15.17746639251709,ok
LA_D_5841342,15.869842529296875,15.87193489074707,ok
LA_D_5841697,11.8089017868042,11.80932331085205,ok
LA_D_5842927,10.883493423461914,10.886009216308594,ok
LA_D_5844214,6.887178421020508,6.886940956115723,ok
LA_D_5844846,10.804932594299316,10.804930686950684,ok
LA_D_5845529,16.88504409790039,16.886409759521484,ok
LA_D_5846104,-12.54016399383545,-12.54197883605957,ok
LA_D_5847069,15.47252368927002,15.475089073181152,ok
LA_D_5847801,13.434386253356934,13.437362670898438,ok
LA_D_5848108,13.970274925231934,13.970555305480957,ok
LA_D_5849098,12.924017906188965,12.934075355529785,ok
LA_D_5849476,15.149608612060547,15.153412818908691,ok
LA_D_5849620,12.438036918640137,12.439933776855469,ok
LA_D_5850460,10.973400115966797,10.973910331726074,ok
LA_D_5851479,18.63323974609375,18.638349533081055,ok
LA_D_5853595,12.076142311096191,12.076920509338379,ok
LA_D_5854092,12.419140815734863,12.419602394104004,ok
LA_D_5854347,13.0699462890625,13.070331573486328,ok
LA_D_5854712,12.047481536865234,12.0526704788208,ok
LA_D_5855173,11.221705436706543,11.223639488220215,ok
LA_D_5855679,17.79541778564453,17.79695701599121,ok
LA_D_5856383,8.343082427978516,8.343159675598145,ok
LA_D_5856426,14.962349891662598,14.962555885314941,ok
LA_D_5856691,12.966963768005371,12.972859382629395,ok
LA_D_5857128,14.493410110473633,14.495246887207031,ok
LA_D_5858013,9.852222442626953,9.852593421936035,ok
LA_D_5858787,9.39082145690918,9.389994621276855,ok
LA_D_5858893,11.285877227783203,11.288553237915039,ok
LA_D_5859057,14.123699188232422,14.124940872192383,ok
LA_D_5861399,12.822026252746582,12.822041511535645,ok
LA_D_5861749,12.637654304504395,12.637551307678223,ok
LA_D_5863016,12.616796493530273,12.618420600891113,ok
LA_D_5863611,-11.839232444763184,-11.840458869934082,ok
LA_D_5863762,13.502243995666504,13.502906799316406,ok
LA_D_5865733,13.5536527633667,13.553658485412598,ok
LA_D_5866255,17.987823486328125,17.991212844848633,ok
LA_D_5866849,11.220690727233887,11.220831871032715,ok
LA_D_5866992,16.125661849975586,16.126962661743164,ok
LA_D_5867269,7.90725564956665,7.907264709472656,ok
LA_D_5867393,13.875138282775879,13.876032829284668,ok
LA_D_5868407,-13.130928039550781,-13.131087303161621,ok
LA_D_5869640,17.668073654174805,17.66991424560547,ok
LA_D_5870140,14.240819931030273,14.242538452148438,ok
LA_D_5871349,13.754549980163574,13.754668235778809,ok
LA_D_5871402,16.790510177612305,16.796356201171875,ok
LA_D_5871485,18.363689422607422,18.365327835083008,ok
LA_D_5872598,17.32830238342285,17.33668327331543,ok
LA_D_5873514,9.315311431884766,9.315311431884766,ok
LA_D_5873604,15.750064849853516,15.75145149230957,ok
LA_D_5873758,11.519289016723633,11.522448539733887,ok
LA_D_5873832,16.065990447998047,16.06633186340332,ok
LA_D_5874054,10.765203475952148,10.765742301940918,ok
LA_D_5874196,14.507445335388184,14.510405540466309,ok
LA_D_5874425,12.30436897277832,12.305472373962402,ok
LA_D_5875439,16.405582427978516,16.406497955322266,ok
LA_D_5875499,15.523433685302734,15.52596664428711,ok
LA_D_5875987,13.941691398620605,13.944381713867188,ok
LA_D_5876621,16.177444458007812,16.178266525268555,ok
LA_D_5878266,16.887969970703125,16.890884399414062,ok
LA_D_5878616,13.679264068603516,13.679965019226074,ok
LA_D_5879570,-14.158944129943848,-14.163750648498535,ok
LA_D_5880856,14.416208267211914,14.417275428771973,ok
LA_D_5881167,12.93873119354248,12.940086364746094,ok
LA_D_5881442,10.946972846984863,10.947016716003418,ok
LA_D_5882342,14.570067405700684,14.575782775878906,ok
LA_D_5882834,11.0664701461792,11.067842483520508,ok
LA_D_5884456,11.747011184692383,11.748295783996582,ok
LA_D_5885239,13.158105850219727,13.159377098083496,ok
LA_D_5886832,12.852602005004883,12.852961540222168,ok
LA_D_5887076,13.740333557128906,13.740482330322266,ok
LA_D_5888899,9.366494178771973,9.366612434387207,ok
LA_D_5889135,15.684374809265137,15.68885326385498,ok
LA_D_5889358,20.919769287109375,20.923734664916992,ok
LA_D_5889397,11.403656959533691,11.404326438903809,ok
LA_D_5890209,10.990365982055664,10.990376472473145,ok
LA_D_5890290,12.146363258361816,12.147547721862793,ok
LA_D_5891155,14.998589515686035,15.000611305236816,ok
LA_D_5891453,-12.163969993591309,-12.167162895202637,ok
LA_D_5891869,15.946918487548828,15.946904182434082,ok
LA_D_5893651,13.420534133911133,13.420671463012695,ok
LA_D_5893732,16.11741828918457,16.127294540405273,ok
LA_D_5894140,8.2390775680542,8.239209175109863,ok
LA_D_5895018,15.325627326965332,15.32542896270752,ok
LA_D_5895216,15.605110168457031,15.607292175292969,ok
LA_D_5897281,17.08452796936035,17.084745407104492,ok
LA_D_5897721,15.652117729187012,15.661815643310547,ok
LA_D_5897761,12.980541229248047,12.98117446899414,ok
LA_D_5898202,8.766741752624512,8.76686954498291,ok
LA_D_5898234,-12.94671630859375,-12.94725513458252,ok
LA_D_5899377,8.007204055786133,8.007120132446289,ok
LA_D_5899837,12.148999214172363,12.149560928344727,ok
LA_D_5900756,12.452658653259277,12.452666282653809,ok
LA_D_5901105,12.704864501953125,12.706761360168457,ok
LA_D_5901190,16.7828311920166,16.784151077270508,ok
LA_D_5901525,13.933576583862305,13.934532165527344,ok
LA_D_5902939,16.197221755981445,16.202688217163086,ok
LA_D_5903262,14.40731143951416,14.409219741821289,ok
LA_D_5903873,-10.753893852233887,-10.755359649658203,ok
LA_D_5905554,14.367853164672852,14.375617027282715,ok
LA_D_5905737,10.869178771972656,10.871659278869629,ok
LA_D_5907805,14.230539321899414,14.23862361907959,ok
LA_D_5908876,15.6246976852417,15.626177787780762,ok
LA_D_5909772,13.701836585998535,13.703999519348145,ok
LA_D_5909916,14.965531349182129,14.97636890411377,ok
LA_D_5909998,18.814054489135742,18.817934036254883,ok
LA_D_5910081,14.648334503173828,14.648920059204102,ok
LA_D_5911892,9.361207008361816,9.360940933227539,ok
LA_D_5912421,14.849357604980469,14.851438522338867,ok
LA_D_5913608,15.189618110656738,15.190808296203613,ok
LA_D_5914226,12.354540824890137,12.355424880981445,ok
LA_D_5914572,15.460942268371582,15.461323738098145,ok
LA_D_5915443,16.957094192504883,16.9597225189209,ok
LA_D_5915454,14.093947410583496,14.096453666687012,ok
LA_D_5917934,15.818995475769043,15.820039749145508,ok
LA_D_5918137,9.263240814208984,9.26359748840332,ok
LA_D_5918268,13.687530517578125,13.689587593078613,ok
LA_D_5918480,13.907330513000488,13.914664268493652,ok
LA_D_5918498,14.942316055297852,14.943655967712402,ok
LA_D_5919154,13.538274765014648,13.53954792022705,ok
LA_D_5921230,13.454055786132812,13.460402488708496,ok
LA_D_5921937,15.226285934448242,15.226813316345215,ok
LA_D_5922375,14.410807609558105,14.41334342956543,ok
LA_D_5924199,9.061095237731934,9.06118106842041,ok
LA_D_5925557,-11.53819465637207,-11.54149055480957,ok
LA_D_5925659,-11.682931900024414,-11.682995796203613,ok
LA_D_5926059,9.918951988220215,9.918652534484863,ok
LA_D_5926484,17.879314422607422,17.87940788269043,ok
LA_D_5927325,12.800223350524902,12.801003456115723,ok
LA_D_5927388,-14.866098403930664,-14.867770195007324,ok
LA_D_5927782,22.638011932373047,22.6401309967041,ok
LA_D_5929796,3.9434449672698975,3.9424545764923096,ok
LA_D_5930167,14.295445442199707,14.298717498779297,ok
LA_D_5931137,16.402278900146484,16.40683937072754,ok
LA_D_5931445,18.013355255126953,18.025041580200195,ok
LA_D_5931696,12.045485496520996,12.04589557647705,ok
LA_D_5932598,10.991015434265137,10.991026878356934,ok
LA_D_5932613,-11.855137825012207,-11.86330509185791,ok
LA_D_5932720,8.446276664733887,8.446398735046387,ok
LA_D_5934154,15.338644027709961,15.339103698730469,ok
LA_D_5934239,13.231189727783203,13.234808921813965,ok
LA_D_5934426,-15.366873741149902,-15.367571830749512,ok
LA_D_5934440,7.646857261657715,7.647580623626709,ok
LA_D_5935284,16.214481353759766,16.215391159057617,ok
LA_D_5936355,8.935934066772461,8.93607234954834,ok
LA_D_5937021,9.162213325500488,9.174055099487305,ok
LA_D_5937369,9.452962875366211,9.453070640563965,ok
LA_D_5938241,15.886737823486328,15.888077735900879,ok
LA_D_5939156,15.357124328613281,15.35970687866211,ok
LA_D_5940165,15.357585906982422,15.358736991882324,ok
LA_D_5940340,7.890552997589111,7.895413875579834,ok
LA_D_5940767,15.810172080993652,15.833686828613281,ok
LA_D_5940824,22.449783325195312,22.45140266418457,ok
LA_D_5944292,10.343511581420898,10.344473838806152,ok
LA_D_5945248,23.344436645507812,23.352828979492188,ok
LA_D_5945817,6.969915866851807,6.969940662384033,ok
LA_D_5947257,-14.370991706848145,-14.37398910522461,ok
LA_D_5948278,18.141010284423828,18.14177131652832,ok
LA_D_5948925,10.737068176269531,10.741074562072754,ok
LA_D_5950523,16.580350875854492,16.583621978759766,ok
LA_D_5952548,-7.7279253005981445,-7.729123115539551,ok
LA_D_5952895,12.370231628417969,12.37415885925293,ok
LA_D_5953510,16.68840789794922,16.694684982299805,ok
LA_D_5953565,14.243939399719238,14.244902610778809,ok
LA_D_5954148,11.59176254272461,11.591948509216309,ok
LA_D_5954862,15.610018730163574,15.610730171203613,ok
LA_D_5955756,15.776823997497559,15.77699089050293,ok
LA_D_5957373,14.081500053405762,14.083048820495605,ok
LA_D_5958463,18.550439834594727,18.552900314331055,ok
LA_D_5958767,15.470582008361816,15.471697807312012,ok
LA_D_5959072,12.481295585632324,12.481297492980957,ok
LA_D_5959728,12.738774299621582,12.738425254821777,ok
LA_D_5960315,8.785103797912598,8.785310745239258,ok
LA_D_5960511,11.295476913452148,11.29549503326416,ok
LA_D_5961259,16.944700241088867,16.945587158203125,ok
LA_D_5961603,13.486108779907227,13.486771583557129,ok
LA_D_5961859,17.865196228027344,17.86656379699707,ok
LA_D_5962580,-14.4395170211792,-14.442460060119629,ok
LA_D_5962786,10.555575370788574,10.561101913452148,ok
LA_D_5965400,9.999117851257324,9.999104499816895,ok
LA_D_5965871,15.400720596313477,15.400514602661133,ok
LA_D_5966088,12.319713592529297,12.322213172912598,ok
LA_D_5966111,12.860758781433105,12.860833168029785,ok
LA_D_5966896,14.044918060302734,14.046721458435059,ok
LA_D_5967483,5.64053201675415,5.643685817718506,ok
LA_D_5968191,14.138298034667969,14.14184856414795,ok
LA_D_5970267,12.582412719726562,12.586338996887207,ok
LA_D_5972086,-5.755836009979248,-5.755879878997803,ok
LA_D_5972627,-14.478307723999023,-14.478772163391113,ok
LA_D_5972830,15.483888626098633,15.48408031463623,ok
LA_D_5973374,11.223777770996094,11.225486755371094,ok
LA_D_5974398,15.849055290222168,15.849547386169434,ok
LA_D_5974456,21.396759033203125,21.401948928833008,ok
LA_D_5974545,13.071892738342285,13.07254695892334,ok
LA_D_5975736,17.802703857421875,17.808748245239258,ok
LA_D_5975960,17.24711799621582,17.248411178588867,ok
LA_D_5977520,17.808977127075195,17.811769485473633,ok
LA_D_5981243,18.651708602905273,18.655479431152344,ok
LA_D_5981705,13.122166633605957,13.128767967224121,ok
LA_D_5982804,14.079197883605957,14.080798149108887,ok
LA_D_5985415,13.53747844696045,13.53740406036377,ok
LA_D_5985635,17.138099670410156,17.140871047973633,ok
LA_D_5986166,13.79234504699707,13.792468070983887,ok
LA_D_5986701,14.263260841369629,14.263598442077637,ok
LA_D_5989901,15.906279563903809,15.908745765686035,ok
LA_D_5991498,15.668902397155762,15.669995307922363,ok
LA_D_5991520,15.122328758239746,15.125800132751465,ok
LA_D_5991891,13.609945297241211,13.612513542175293,ok
LA_D_5992495,9.10052490234375,9.106101036071777,ok
LA_D_5996371,12.722721099853516,12.72373104095459,ok
LA_D_5997151,15.18181324005127,15.183298110961914,ok
LA_D_5998708,18.679698944091797,18.686796188354492,ok
LA_D_6000442,12.033321380615234,12.03542709350586,ok
LA_D_6000471,17.298627853393555,17.299814224243164,ok
LA_D_6001078,15.993294715881348,15.99642276763916,ok
LA_D_6001607,14.008522033691406,14.008885383605957,ok
LA_D_6001731,15.851398468017578,15.852537155151367,ok
LA_D_6002746,19.222274780273438,19.227216720581055,ok
LA_D_6003803,12.685483932495117,12.686235427856445,ok
LA_D_6004306,13.364358901977539,13.365939140319824,ok
LA_D_6004323,12.608369827270508,12.609716415405273,ok
LA_D_6004959,15.917157173156738,15.918601036071777,ok
LA_D_6005916,-14.148115158081055,-14.148283958435059,ok
LA_D_6008941,-11.225903511047363,-11.232792854309082,ok
LA_D_6009636,15.422419548034668,15.430032730102539,ok
LA_D_6011658,14.166683197021484,14.1669282913208,ok
LA_D_6013126,-11.662354469299316,-11.662423133850098,ok
LA_D_6013665,17.35022735595703,17.363176345825195,ok
LA_D_6013990,15.418257713317871,15.422711372375488,ok
LA_D_6015629,19.688430786132812,19.690752029418945,ok
LA_D_6016215,-3.165025472640991,-3.1659631729125977,ok
LA_D_6016576,22.171419143676758,22.177547454833984,ok
LA_D_6017131,17.447376251220703,17.454565048217773,ok
LA_D_6018250,10.34325885772705,10.349730491638184,ok
LA_D_6018972,12.179902076721191,12.180113792419434,ok
LA_D_6019558,14.443061828613281,14.450063705444336,ok
LA_D_6020080,16.93880844116211,16.940778732299805,ok
LA_D_6020277,8.056224822998047,8.057361602783203,ok
LA_D_6020756,8.135844230651855,8.135926246643066,ok
LA_D_6021297,15.014159202575684,15.01771068572998,ok
LA_D_6021341,11.141681671142578,11.142102241516113,ok
LA_D_6022629,-1.9402587413787842,-1.9439376592636108,ok
LA_D_6022964,13.687060356140137,13.688142776489258,ok
LA_D_6023359,16.228515625,16.246047973632812,ok
LA_D_6024993,11.38308334350586,11.383488655090332,ok
LA_D_6025730,10.370306968688965,10.370718955993652,ok
LA_D_6026070,16.00629234313965,16.00807762145996,ok
LA_D_6026073,17.096864700317383,17.109981536865234,ok
LA_D_6027499,14.305421829223633,14.31116771697998,ok
LA_D_6027798,-14.887892723083496,-14.892374992370605,ok
LA_D_6028528,14.205426216125488,14.213053703308105,ok
LA_D_6028756,11.850767135620117,11.850852012634277,ok
LA_D_6029420,15.449565887451172,15.452472686767578,ok
LA_D_6032630,-15.614165306091309,-15.617024421691895,ok
LA_D_6032690,17.736557006835938,17.7402286529541,ok
LA_D_6033416,14.458745956420898,14.45949649810791,ok
LA_D_6035078,6.5011091232299805,6.501608371734619,ok
LA_D_6035108,14.266745567321777,14.278890609741211,ok
LA_D_6036733,14.144728660583496,14.148207664489746,ok
LA_D_6037279,15.10019588470459,15.100595474243164,ok
LA_D_6038131,16.317453384399414,16.321142196655273,ok
LA_D_6038912,13.995802879333496,13.996163368225098,ok
LA_D_6039051,13.057391166687012,13.057449340820312,ok
LA_D_6040176,7.414286136627197,7.419169902801514,ok
LA_D_6043277,-6.825257778167725,-6.825594425201416,ok
LA_D_6043519,-14.835766792297363,-14.836596488952637,ok
LA_D_6045245,18.195945739746094,18.19808578491211,ok
LA_D_6046406,-16.036500930786133,-16.036733627319336,ok
LA_D_6046443,11.83360481262207,11.833168983459473,ok
LA_D_6047115,10.970649719238281,10.970866203308105,ok
LA_D_6048851,11.760452270507812,11.76069164276123,ok
LA_D_6049791,14.07480239868164,14.075911521911621,ok
LA_D_6051475,14.422686576843262,14.425068855285645,ok
LA_D_6052126,14.27442741394043,14.278996467590332,ok
LA_D_6052360,14.719156265258789,14.729860305786133,ok
LA_D_6052530,20.33452796936035,20.3461971282959,ok
LA_D_6053770,15.25281810760498,15.25987434387207,ok
LA_D_6054337,12.37431812286377,12.374539375305176,ok
LA_D_6055459,9.158224105834961,9.160405158996582,ok
LA_D_6056258,10.455344200134277,10.457266807556152,ok
LA_D_6059094,18.730056762695312,18.732633590698242,ok
LA_D_6060308,4.959657669067383,4.959670543670654,ok
LA_D_6060748,13.931803703308105,13.932488441467285,ok
LA_D_6060780,15.16026496887207,15.161595344543457,ok
LA_D_6062114,18.57575225830078,18.58464241027832,ok
LA_D_6062316,9.051556587219238,9.051581382751465,ok
LA_D_6063219,13.859723091125488,13.866134643554688,ok
LA_D_6064218,-14.601552963256836,-14.604859352111816,ok
LA_D_6064341,8.582189559936523,8.583456993103027,ok
LA_D_6065429,8.465585708618164,8.465680122375488,ok
LA_D_6068075,-13.575950622558594,-13.577165603637695,ok
LA_D_6070172,13.769207954406738,13.770792961120605,ok
LA_D_6071593,14.678041458129883,14.678349494934082,ok
LA_D_6073207,17.159400939941406,17.16196632385254,ok
LA_D_6073354,-15.930649757385254,-15.931445121765137,ok
LA_D_6073856,19.347429275512695,19.34861183166504,ok
LA_D_6078000,10.046417236328125,10.048829078674316,ok
LA_D_6078362,14.405644416809082,14.40792179107666,ok
LA_D_6078371,13.959210395812988,13.962702751159668,ok
LA_D_6079595,14.76848030090332,14.769804000854492,ok
LA_D_6079609,11.40882682800293,11.410311698913574,ok
LA_D_6080461,19.023784637451172,19.02606201171875,ok
LA_D_6081377,16.01043701171875,16.01054573059082,ok
LA_D_6081678,-4.933286666870117,-4.933460712432861,ok
LA_D_6083224,12.989049911499023,12.989059448242188,ok
LA_D_6084356,15.238484382629395,15.239768028259277,ok
LA_D_6084402,10.85990047454834,10.860570907592773,ok
LA_D_6084753,13.214679718017578,13.216161727905273,ok
LA_D_6085002,-7.151844024658203,-7.151925086975098,ok
LA_D_6085681,9.735854148864746,9.737133979797363,ok
LA_D_6086453,14.730891227722168,14.732314109802246,ok
LA_D_6087767,14.289209365844727,14.291213035583496,ok
LA_D_6087781,12.701252937316895,12.70468521118164,ok
LA_D_6088761,15.65952205657959,15.659417152404785,ok
LA_D_6090760,16.400407791137695,16.406938552856445,ok
LA_D_6091182,9.791227340698242,9.791285514831543,ok
LA_D_6092752,-12.317112922668457,-12.31726360321045,ok
LA_D_6093121,11.413337707519531,11.423952102661133,ok
LA_D_6093454,15.827808380126953,15.829297065734863,ok
LA_D_6093649,15.215399742126465,15.215500831604004,ok
LA_D_6095686,16.063703536987305,16.06913185119629,ok
LA_D_6096386,16.112367630004883,16.113588333129883,ok
LA_D_6096734,17.53692626953125,17.53752326965332,ok
LA_D_6097312,15.532099723815918,15.534095764160156,ok
LA_D_6097465,16.624568939208984,16.626068115234375,ok
LA_D_6097564,16.879051208496094,16.879396438598633,ok
LA_D_6098242,11.736175537109375,11.736603736877441,ok
LA_D_6099244,18.019895553588867,18.020795822143555,ok
LA_D_6100016,7.919045925140381,7.919121742248535,ok
LA_D_6103118,14.95487117767334,14.964163780212402,ok
LA_D_6103320,17.811573028564453,17.811582565307617,ok
LA_D_6105321,11.599485397338867,11.599732398986816,ok
LA_D_6105514,11.63286304473877,11.633481979370117,ok
LA_D_6105901,13.14209270477295,13.142241477966309,ok
LA_D_6107290,13.310419082641602,13.310738563537598,ok
LA_D_6108925,16.774873733520508,16.784120559692383,ok
LA_D_6111501,13.052517890930176,13.054570198059082,ok
LA_D_6112086,10.17712688446045,10.177205085754395,ok
LA_D_6112353,12.988935470581055,12.989083290100098,ok
LA_D_6113422,17.188142776489258,17.190052032470703,ok
LA_D_6113648,17.38144302368164,17.390148162841797,ok
LA_D_6113830,8.705825805664062,8.716297149658203,ok
LA_D_6113951,16.554466247558594,16.55925941467285,ok
LA_D_6114748,15.951765060424805,15.953126907348633,ok
LA_D_6115335,13.553043365478516,13.55642032623291,ok
LA_D_6115657,14.431292533874512,14.431707382202148,ok
LA_D_6115922,14.970410346984863,14.972176551818848,ok
LA_D_6116293,9.549290657043457,9.551800727844238,ok
LA_D_6116905,11.357314109802246,11.357953071594238,ok
LA_D_6117748,-14.36325454711914,-14.367103576660156,ok
LA_D_6120066,16.7738037109375,16.77761459350586,ok
LA_D_6120152,-14.106746673583984,-14.106823921203613,ok
LA_D_6121156,13.677157402038574,13.679171562194824,ok
LA_D_6123683,13.263385772705078,13.263919830322266,ok
LA_D_6124016,17.309389114379883,17.313953399658203,ok
LA_D_6124472,15.35928726196289,15.360686302185059,ok
LA_D_6124905,-14.342353820800781,-14.349764823913574,ok
LA_D_6125461,18.5255184173584,18.525888442993164,ok
LA_D_6126827,8.682912826538086,8.68294620513916,ok
LA_D_6127252,13.060511589050293,13.060752868652344,ok
LA_D_6127270,14.588750839233398,14.593352317810059,ok
LA_D_6127324,10.729231834411621,10.728997230529785,ok
LA_D_6127867,12.09911060333252,12.099196434020996,ok
LA_D_6128648,8.37055778503418,8.37072467803955,ok
LA_D_6129031,14.424622535705566,14.425056457519531,ok
LA_D_6129214,11.896848678588867,11.899090766906738,ok
LA_D_6131631,14.632150650024414,14.632097244262695,ok
LA_D_6131696,10.878336906433105,10.878703117370605,ok
LA_D_6132532,17.824026107788086,17.82472801208496,ok
LA_D_6135335,10.201218605041504,10.2023344039917,ok
LA_D_6135553,18.169374465942383,18.178442001342773,ok
LA_D_6136274,12.246054649353027,12.247119903564453,ok
LA_D_6137322,14.955425262451172,14.959612846374512,ok
LA_D_6138007,17.384553909301758,17.384708404541016,ok
LA_D_6138839,-12.585844039916992,-12.58891773223877,ok
LA_D_6141449,17.71384620666504,17.713972091674805,ok
LA_D_6143159,14.063716888427734,14.065048217773438,ok
LA_D_6143239,13.548401832580566,13.549628257751465,ok
LA_D_6143596,15.268904685974121,15.270779609680176,ok
LA_D_6145108,20.918581008911133,20.919458389282227,ok
LA_D_6145523,9.731356620788574,9.731489181518555,ok
LA_D_6146856,14.074736595153809,14.079218864440918,ok
LA_D_6147694,15.81623649597168,15.818260192871094,ok
LA_D_6151616,15.037934303283691,15.040264129638672,ok
LA_D_6153129,13.504371643066406,13.5045804977417,ok
LA_D_6153465,16.592514038085938,16.594995498657227,ok
LA_D_6153562,12.57804012298584,12.578807830810547,ok
LA_D_6153919,12.122944831848145,12.123604774475098,ok
LA_D_6153942,-6.921942234039307,-6.921948432922363,ok
LA_D_6154657,19.26019287109375,19.267534255981445,ok
LA_D_6154971,12.901212692260742,12.904022216796875,ok
LA_D_6155558,3.7252745628356934,3.7253804206848145,ok
LA_D_6156090,-7.770376205444336,-7.770391941070557,ok
LA_D_6157715,11.950185775756836,11.95573902130127,ok
LA_D_6159317,11.906484603881836,11.906096458435059,ok
LA_D_6160000,-2.031332492828369,-2.0313515663146973,ok
LA_D_6160245,15.83969497680664,15.841534614562988,ok
LA_D_6161090,17.91084861755371,17.91766929626465,ok
LA_D_6161483,15.68921947479248,15.69540786743164,ok
LA_D_6162323,14.804606437683105,14.809709548950195,ok
LA_D_6162330,13.662066459655762,13.662056922912598,ok
LA_D_6164377,11.30886459350586,11.309903144836426,ok
LA_D_6164680,8.745291709899902,8.747052192687988,ok
LA_D_6165178,13.177515983581543,13.178021430969238,ok
LA_D_6165551,16.51629638671875,16.518924713134766,ok
LA_D_6165815,11.969426155090332,11.969564437866211,ok
LA_D_6165860,7.809236526489258,7.809387683868408,ok
LA_D_6166462,11.14692211151123,11.148405075073242,ok
LA_D_6166673,14.538041114807129,14.538872718811035,ok
LA_D_6167979,13.75762939453125,13.758360862731934,ok
LA_D_6168336,14.517558097839355,14.51828384399414,ok
LA_D_6168688,12.808589935302734,12.808573722839355,ok
LA_D_6168902,9.109360694885254,9.109359741210938,ok
LA_D_6171374,13.067923545837402,13.07227611541748,ok
LA_D_6171581,14.763998031616211,14.769233703613281,ok
LA_D_6172873,21.74495506286621,21.765968322753906,ok
LA_D_6174114,11.172340393066406,11.175406455993652,ok
LA_D_6174345,15.638667106628418,15.639296531677246,ok
LA_D_6175023,8.430675506591797,8.432364463806152,ok
LA_D_6176750,13.536649703979492,13.539186477661133,ok
LA_D_6177242,12.975883483886719,12.97878360748291,ok
LA_D_6177458,15.142268180847168,15.14534854888916,ok
LA_D_6178175,17.303768157958984,17.308317184448242,ok
LA_D_6178691,6.033344745635986,6.035836696624756,ok
LA_D_6178956,-13.833602905273438,-13.834053993225098,ok
LA_D_6179226,17.55966567993164,17.566598892211914,ok
LA_D_6179252,13.391603469848633,13.392882347106934,ok
LA_D_6180201,12.653056144714355,12.655003547668457,ok
LA_D_6181747,14.043296813964844,14.044018745422363,ok
LA_D_6181877,17.4315185546875,17.43414878845215,ok
LA_D_6183125,14.976407051086426,14.977667808532715,ok
LA_D_6183356,-16.184650421142578,-16.18885612487793,ok
LA_D_6184039,3.0815701484680176,3.0824050903320312,ok
LA_D_6184612,17.240083694458008,17.240381240844727,ok
LA_D_6185674,15.212461471557617,15.214802742004395,ok
LA_D_6185691,11.7648286819458,11.764870643615723,ok
LA_D_6186728,16.51807403564453,16.518980026245117,ok
LA_D_6187174,17.23662567138672,17.23661231994629,ok
LA_D_6187512,15.443527221679688,15.448749542236328,ok
LA_D_6188881,14.268468856811523,14.268322944641113,ok
LA_D_6188980,14.790634155273438,14.795364379882812,ok
LA_D_6190533,13.442071914672852,13.442206382751465,ok
LA_D_6192145,20.76909637451172,20.7804012298584,ok
LA_D_6192792,15.344283103942871,15.344505310058594,ok
LA_D_6193524,15.533283233642578,15.533405303955078,ok
LA_D_6194235,15.526906967163086,15.527389526367188,ok
LA_D_6194442,20.234460830688477,20.24197769165039,ok
LA_D_6196078,13.918274879455566,13.918684959411621,ok
LA_D_6197060,16.500600814819336,16.503084182739258,ok
LA_D_6197341,14.73505687713623,14.736002922058105,ok
LA_D_6197535,16.59921646118164,16.60065269470215,ok
LA_D_6197862,11.463493347167969,11.463591575622559,ok
LA_D_6197886,12.90176010131836,12.901768684387207,ok
LA_D_6198361,14.674067497253418,14.674373626708984,ok
LA_D_6198746,-17.33047103881836,-17.330768585205078,ok
LA_D_6201103,11.551433563232422,11.552431106567383,ok
LA_D_6201251,16.97657012939453,16.97798728942871,ok
LA_D_6201607,13.943528175354004,13.944119453430176,ok
LA_D_6202447,16.768394470214844,16.770124435424805,ok
LA_D_6203299,15.26917839050293,15.28100872039795,ok
LA_D_6203431,13.48681926727295,13.49158000946045,ok
LA_D_6203837,17.2258358001709,17.227294921875,ok
LA_D_6206158,12.613597869873047,12.613943099975586,ok
LA_D_6207345,-14.495808601379395,-14.50125789642334,ok
LA_D_6208335,12.400086402893066,12.400097846984863,ok
LA_D_6208485,13.748473167419434,13.7556734085083,ok
LA_D_6208799,12.126070976257324,12.127982139587402,ok
LA_D_6209989,17.5037899017334,17.506059646606445,ok
LA_D_6209992,8.678204536437988,8.678252220153809,ok
LA_D_6210440,14.911520957946777,14.912711143493652,ok
LA_D_6210490,15.713335990905762,15.719523429870605,ok
LA_D_6211090,16.196489334106445,16.19849967956543,ok
LA_D_6211330,-12.04892635345459,-12.049895286560059,ok
LA_D_6211901,20.84198760986328,20.8420467376709,ok
LA_D_6211991,9.753683090209961,9.753825187683105,ok
LA_D_6212648,14.677433967590332,14.679466247558594,ok
LA_D_6212794,15.235674858093262,15.23834228515625,ok
LA_D_6214703,14.492413520812988,14.502039909362793,ok
LA_D_6214749,7.843838691711426,7.843883991241455,ok
LA_D_6215452,14.615325927734375,14.621566772460938,ok
LA_D_6216331,8.167631149291992,8.168905258178711,ok
LA_D_6218509,12.56998062133789,12.56957721710205,ok
LA_D_6218929,11.085471153259277,11.090568542480469,ok
LA_D_6220807,15.915998458862305,15.919054985046387,ok
LA_D_6222247,17.739913940429688,17.7464542388916,ok
LA_D_6222475,12.511408805847168,12.517269134521484,ok
LA_D_6223286,-12.83081340789795,-12.831330299377441,ok
LA_D_6223774,18.05504035949707,18.05725860595703,ok
LA_D_6224605,14.352805137634277,14.352824211120605,ok
LA_D_6226652,21.909542083740234,21.917020797729492,ok
LA_D_6226707,18.944091796875,18.946250915527344,ok
LA_D_6227080,17.610397338867188,17.6113224029541,ok
LA_D_6228522,13.64928150177002,13.649279594421387,ok
LA_D_6230272,10.879929542541504,10.880143165588379,ok
LA_D_6230736,9.977338790893555,9.977931022644043,ok
LA_D_6231603,12.885627746582031,12.885491371154785,ok
LA_D_6231724,14.900947570800781,14.903107643127441,ok
LA_D_6233911,9.88222599029541,9.884427070617676,ok
LA_D_6234671,9.22376823425293,9.225654602050781,ok
LA_D_6235468,14.224793434143066,14.227402687072754,ok
LA_D_6236753,-10.47749137878418,-10.47810173034668,ok
LA_D_6237040,14.104729652404785,14.106917381286621,ok
LA_D_6238446,16.537172317504883,16.53738784790039,ok
LA_D_6239873,16.158472061157227,16.159696578979492,ok
LA_D_6241133,10.495941162109375,10.49703311920166,ok
LA_D_6241209,16.483224868774414,16.486326217651367,ok
LA_D_6241521,16.3448429107666,16.34560203552246,ok
LA_D_6241916,14.303009986877441,14.30358600616455,ok
LA_D_6242242,10.7370023727417,10.7374906539917,ok
LA_D_6243690,14.31513786315918,14.31484603881836,ok
LA_D_6244463,12.745072364807129,12.745140075683594,ok
LA_D_6244693,14.591357231140137,14.595475196838379,ok
LA_D_6245298,13.705033302307129,13.70555591583252,ok
LA_D_6246305,11.547258377075195,11.549090385437012,ok
LA_D_6246382,19.65982437133789,19.67579460144043,ok
LA_D_6247219,7.622457027435303,7.6250128746032715,ok
LA_D_6250024,12.08337116241455,12.086897850036621,ok
LA_D_6251984,12.603663444519043,12.604607582092285,ok
LA_D_6252124,-8.348772048950195,-8.348864555358887,ok
LA_D_6252209,15.509919166564941,15.5107421875,ok
LA_D_6252325,8.565447807312012,8.565779685974121,ok
LA_D_6252373,20.44363784790039,20.461368560791016,ok
LA_D_6253995,13.128049850463867,13.13265323638916,ok
LA_D_6254318,-15.017586708068848,-15.019196510314941,ok
LA_D_6255539,15.878241539001465,15.880784034729004,ok
LA_D_6256464,11.008194923400879,11.01060962677002,ok
LA_D_6256706,12.335315704345703,12.337895393371582,ok
LA_D_6256750,11.718859672546387,11.7197265625,ok
LA_D_6259884,16.432035446166992,16.43406867980957,ok
LA_D_6262512,2.950972318649292,2.950110673904419,ok
LA_D_6262648,10.939726829528809,10.93977165222168,ok
LA_D_6263129,-13.712383270263672,-13.714900016784668,ok
LA_D_6264639,16.334074020385742,16.33521270751953,ok
LA_D_6264742,15.43562126159668,15.435694694519043,ok
LA_D_6264799,15.662113189697266,15.662943840026855,ok
LA_D_6264877,14.800284385681152,14.809334754943848,ok
LA_D_6264911,16.682790756225586,16.689451217651367,ok
LA_D_6265877,14.866371154785156,14.866997718811035,ok
LA_D_6266806,-10.634596824645996,-10.63498592376709,ok
LA_D_6267621,13.36472225189209,13.365755081176758,ok
LA_D_6268154,13.541829109191895,13.542309761047363,ok
LA_D_6268296,14.977602005004883,14.978639602661133,ok
LA_D_6270673,7.035623550415039,7.0369343757629395,ok
LA_D_6270876,10.604154586791992,10.603850364685059,ok
LA_D_6270919,14.992733001708984,14.99339485168457,ok
LA_D_6271904,16.736785888671875,16.743696212768555,ok
LA_D_6271997,16.534364700317383,16.53614616394043,ok
LA_D_6272018,10.74075698852539,10.741374015808105,ok
LA_D_6273410,8.938862800598145,8.947272300720215,ok
LA_D_6273504,13.706094741821289,13.7091703414917,ok
LA_D_6275031,18.529376983642578,18.532594680786133,ok
LA_D_6276774,12.511408805847168,12.512124061584473,ok
LA_D_6276971,15.246334075927734,15.247973442077637,ok
LA_D_6278890,18.444400787353516,18.44487953186035,ok
LA_D_6279022,18.94062042236328,18.947025299072266,ok
LA_D_6280073,11.3214693069458,11.323619842529297,ok
LA_D_6280436,12.556331634521484,12.558016777038574,ok
LA_D_6280709,-13.02273941040039,-13.027602195739746,ok
LA_D_6280736,19.076690673828125,19.077604293823242,ok
LA_D_6281576,16.06025505065918,16.061552047729492,ok
LA_D_6282556,13.604909896850586,13.606193542480469,ok
LA_D_6283174,12.585711479187012,12.587078094482422,ok
LA_D_6284910,12.81834602355957,12.820381164550781,ok
LA_D_6285068,9.365660667419434,9.36593246459961,ok
LA_D_6287077,14.923269271850586,14.9278564453125,ok
LA_D_6287239,-9.606843948364258,-9.607215881347656,ok
LA_D_6288186,20.04303741455078,20.045358657836914,ok
LA_D_6288557,-15.948143005371094,-15.952754974365234,ok
LA_D_6288787,-14.777982711791992,-14.780610084533691,ok
LA_D_6289317,-14.937836647033691,-14.941224098205566,ok
LA_D_6289788,-14.438788414001465,-14.44591999053955,ok
LA_D_6290153,12.659239768981934,12.661578178405762,ok
LA_D_6290294,11.862711906433105,11.86652660369873,ok
LA_D_6290952,14.172362327575684,14.17337417602539,ok
LA_D_6291610,11.787981033325195,11.78805160522461,ok
LA_D_6291738,-14.058148384094238,-14.058320045471191,ok
LA_D_6292198,-12.386514663696289,-12.38912296295166,ok
LA_D_6292340,14.47852611541748,14.479409217834473,ok
LA_D_6292396,13.089930534362793,13.091578483581543,ok
LA_D_6293152,9.525029182434082,9.525174140930176,ok
LA_D_6293245,13.006979942321777,13.00730037689209,ok
LA_D_6293545,16.101125717163086,16.104450225830078,ok
LA_D_6293563,11.594069480895996,11.59723949432373,ok
LA_D_6295513,11.952831268310547,11.956432342529297,ok
LA_D_6295904,13.30727481842041,13.307497024536133,ok
LA_D_6298403,12.980280876159668,12.983939170837402,ok
LA_D_6298541,16.11607551574707,16.116304397583008,ok
LA_D_6300071,11.971212387084961,11.971549034118652,ok
LA_D_6301347,3.817213773727417,3.8180904388427734,ok
LA_D_6301940,13.123726844787598,13.123858451843262,ok
LA_D_6302480,-14.238895416259766,-14.23963451385498,ok
LA_D_6302669,13.287752151489258,13.291668891906738,ok
LA_D_6303671,11.279478073120117,11.280047416687012,ok
LA_D_6304222,-13.143777847290039,-13.152815818786621,ok
LA_D_6304781,11.243475914001465,11.244685173034668,ok
LA_D_6305298,14.99303150177002,14.99366569519043,ok
LA_D_6305743,12.233407020568848,12.233485221862793,ok
LA_D_6306641,10.197437286376953,10.198089599609375,ok
LA_D_6307445,14.00969123840332,14.010157585144043,ok
LA_D_6308295,-13.068904876708984,-13.072953224182129,ok
LA_D_6308947,13.5140380859375,13.514815330505371,ok
LA_D_6309997,9.1148681640625,9.11541748046875,ok
LA_D_6310267,-13.4069185256958,-13.408915519714355,ok
LA_D_6310412,9.319232940673828,9.319270133972168,ok
LA_D_6311046,-14.630060195922852,-14.631749153137207,ok
LA_D_6314728,12.92475414276123,12.924927711486816,ok
LA_D_6315394,12.496163368225098,12.496140480041504,ok
LA_D_6315906,13.854371070861816,13.85607624053955,ok
LA_D_6316102,14.893802642822266,14.895112037658691,ok
LA_D_6316118,12.65715217590332,12.657586097717285,ok
LA_D_6316498,24.46049690246582,24.46387481689453,ok
LA_D_6316737,12.808111190795898,12.810263633728027,ok
LA_D_6317931,17.426061630249023,17.430959701538086,ok
LA_D_6319262,16.83344841003418,16.833646774291992,ok
LA_D_6320458,5.918635845184326,5.9182257652282715,ok
LA_D_6320996,13.559479713439941,13.562870979309082,ok
LA_D_6321029,14.6941499710083,14.6957368850708,ok
LA_D_6321182,13.766122817993164,13.766572952270508,ok
LA_D_6321273,14.929336547851562,14.9346923828125,ok
LA_D_6322158,13.986259460449219,13.986405372619629,ok
LA_D_6322470,17.885189056396484,17.88849449157715,ok
LA_D_6323705,8.549649238586426,8.549727439880371,ok
LA_D_6324927,-15.149711608886719,-15.150134086608887,ok
LA_D_6325680,-13.343917846679688,-13.352639198303223,ok
LA_D_6325916,12.648828506469727,12.649415969848633,ok
LA_D_6326082,7.80907678604126,7.8098554611206055,ok
LA_D_6327399,18.665752410888672,18.665788650512695,ok
LA_D_6328554,9.453106880187988,9.455138206481934,ok
LA_D_6331537,11.45956802368164,11.460064888000488,ok
LA_D_6332738,17.277305603027344,17.28372573852539,ok
LA_D_6333127,19.4589786529541,19.46495246887207,ok
LA_D_6333663,10.187565803527832,10.187833786010742,ok
LA_D_6335322,13.879584312438965,13.881619453430176,ok
LA_D_6335987,14.66520881652832,14.668992042541504,ok
LA_D_6337308,13.174691200256348,13.17590045928955,ok
LA_D_6338190,10.61789608001709,10.617901802062988,ok
LA_D_6338424,10.898314476013184,10.898691177368164,ok
LA_D_6338534,15.11751651763916,15.119348526000977,ok
LA_D_6338898,-12.957552909851074,-12.960171699523926,ok
LA_D_6339525,8.656597137451172,8.659879684448242,ok
LA_D_6341314,11.205286979675293,11.207880973815918,ok
LA_D_6341396,17.736345291137695,17.739545822143555,ok
LA_D_6343112,16.0820369720459,16.08271598815918,ok
LA_D_6343657,7.169982433319092,7.172810077667236,ok
LA_D_6343761,-3.9072346687316895,-3.90718412399292,ok
LA_D_6344509,14.279358863830566,14.282123565673828,ok
LA_D_6345029,13.215280532836914,13.215943336486816,ok
LA_D_6345131,21.015710830688477,21.028684616088867,ok
LA_D_6345168,15.17824649810791,15.181073188781738,ok
LA_D_6345960,17.041641235351562,17.042415618896484,ok
LA_D_6346160,10.796481132507324,10.798173904418945,ok
LA_D_6346227,11.534735679626465,11.534897804260254,ok
LA_D_6346837,12.92068862915039,12.924363136291504,ok
LA_D_6347250,16.617597579956055,16.61761474609375,ok
LA_D_6349894,13.85003662109375,13.850415229797363,ok
LA_D_6350034,16.169963836669922,16.1690731048584,ok
LA_D_6350241,16.591527938842773,16.59657859802246,ok
LA_D_6351813,14.866983413696289,14.86740493774414,ok
LA_D_6351880,12.067218780517578,12.06801700592041,ok
LA_D_6352712,16.290447235107422,16.294981002807617,ok
LA_D_6353064,10.235288619995117,10.23588752746582,ok
LA_D_6353632,13.715259552001953,13.719122886657715,ok
LA_D_6353813,14.332076072692871,14.334935188293457,ok
LA_D_6354373,10.629870414733887,10.631205558776855,ok
LA_D_6355954,11.876601219177246,11.877507209777832,ok
LA_D_6356896,12.226472854614258,12.229134559631348,ok
LA_D_6359460,11.737711906433105,11.74465274810791,ok
LA_D_6359496,14.098932266235352,14.10018253326416,ok
LA_D_6361022,18.89876937866211,18.900094985961914,ok
LA_D_6361258,12.212716102600098,12.216009140014648,ok
LA_D_6362359,16.935596466064453,16.935697555541992,ok
LA_D_6363189,12.85846996307373,12.860692977905273,ok
LA_D_6363274,8.912400245666504,8.914237022399902,ok
LA_D_6364752,10.951210975646973,10.951659202575684,ok
LA_D_6365603,12.970041275024414,12.972919464111328,ok
LA_D_6366232,13.116305351257324,13.116920471191406,ok
LA_D_6366738,10.65660285949707,10.657898902893066,ok
LA_D_6367142,15.338562965393066,15.343063354492188,ok
LA_D_6367157,-13.050475120544434,-13.065217018127441,ok
LA_D_6367384,15.077335357666016,15.077563285827637,ok
LA_D_6367650,14.63844108581543,14.643224716186523,ok
LA_D_6368049,-4.37651252746582,-4.379786014556885,ok
LA_D_6368816,14.18761157989502,14.193744659423828,ok
LA_D_6368871,14.896225929260254,14.897449493408203,ok
LA_D_6368988,12.747146606445312,12.747374534606934,ok
LA_D_6369142,14.478163719177246,14.483059883117676,ok
LA_D_6369227,13.583795547485352,13.585219383239746,ok
LA_D_6369583,-15.771800994873047,-15.774199485778809,ok
LA_D_6371255,16.534339904785156,16.539453506469727,ok
LA_D_6371287,15.11448860168457,15.117027282714844,ok
LA_D_6371872,12.313307762145996,12.313801765441895,ok
LA_D_6372376,10.95327091217041,10.953315734863281,ok
LA_D_6373060,5.2196125984191895,5.219235420227051,ok
LA_D_6373288,8.395644187927246,8.395598411560059,ok
LA_D_6374273,13.918961524963379,13.919283866882324,ok
LA_D_6374661,17.02472496032715,17.033105850219727,ok
LA_D_6375943,12.022852897644043,12.02377986907959,ok
LA_D_6376974,11.880460739135742,11.88166332244873,ok
LA_D_6378566,14.144726753234863,14.153660774230957,ok
LA_D_6378781,10.812756538391113,10.812560081481934,ok
LA_D_6379069,17.11164093017578,17.117595672607422,ok
LA_D_6379116,14.505054473876953,14.505284309387207,ok
LA_D_6379274,10.975677490234375,10.976483345031738,ok
LA_D_6379749,11.775153160095215,11.779068946838379,ok
LA_D_6380070,14.659960746765137,14.66183090209961,ok
LA_D_6380295,-11.464548110961914,-11.46484375,ok
LA_D_6382055,-6.512528419494629,-6.513699054718018,ok
LA_D_6383543,9.850939750671387,9.850194931030273,ok
LA_D_6383686,18.113811492919922,18.113788604736328,ok
LA_D_6383761,15.070006370544434,15.07077407836914,ok
LA_D_6387199,12.224332809448242,12.225666999816895,ok
LA_D_6388120,17.793838500976562,17.79523277282715,ok
LA_D_6388231,12.307229995727539,12.307286262512207,ok
LA_D_6390103,12.077436447143555,12.077486991882324,ok
LA_D_6390760,10.64123821258545,10.641247749328613,ok
LA_D_6391228,15.32421875,15.325663566589355,ok
LA_D_6391278,13.121896743774414,13.12304401397705,ok
LA_D_6392613,14.649112701416016,14.649611473083496,ok
LA_D_6393543,15.44943904876709,15.451111793518066,ok
LA_D_6396489,18.893022537231445,18.905900955200195,ok
LA_D_6397450,16.574947357177734,16.577234268188477,ok
LA_D_6400478,14.674182891845703,14.675660133361816,ok
LA_D_6401176,19.045486450195312,19.04630470275879,ok
LA_D_6401440,10.243371963500977,10.24498462677002,ok
LA_D_6401566,19.088970184326172,19.09185218811035,ok
LA_D_6401633,12.8193998336792,12.820540428161621,ok
LA_D_6404209,15.546116828918457,15.55115032196045,ok
LA_D_6404620,12.828615188598633,12.832842826843262,ok
LA_D_6405087,10.855710983276367,10.860209465026855,ok
LA_D_6405665,7.598953723907471,7.599625110626221,ok
LA_D_6407177,16.735437393188477,16.749038696289062,ok
LA_D_6407830,18.403444290161133,18.404159545898438,ok
LA_D_6408762,17.496782302856445,17.500043869018555,ok
LA_D_6409431,13.057183265686035,13.05960750579834,ok
LA_D_6409786,4.709810256958008,4.709875583648682,ok
LA_D_6409900,21.26905059814453,21.271013259887695,ok
LA_D_6410108,13.270747184753418,13.270783424377441,ok
LA_D_6411224,12.086690902709961,12.087546348571777,ok
LA_D_6411228,13.428520202636719,13.431963920593262,ok
LA_D_6413013,16.96807098388672,16.97104835510254,ok
LA_D_6413397,6.688260555267334,6.689057350158691,ok
LA_D_6413462,14.580924987792969,14.581400871276855,ok
LA_D_6414092,14.374338150024414,14.377131462097168,ok
LA_D_6415614,18.37725067138672,18.379276275634766,ok
LA_D_6415971,9.669506072998047,9.669596672058105,ok
LA_D_6417597,13.462165832519531,13.462528228759766,ok
LA_D_6418577,-11.389780044555664,-11.393315315246582,ok
LA_D_6419157,5.760320663452148,5.7601518630981445,ok
LA_D_6419449,20.86952018737793,20.86966896057129,ok
LA_D_6421601,8.950620651245117,8.95069408416748,ok
LA_D_6422582,16.068754196166992,16.071775436401367,ok
LA_D_6423308,13.974181175231934,13.974812507629395,ok
LA_D_6423611,12.967028617858887,12.970202445983887,ok
LA_D_6424034,17.111948013305664,17.12544059753418,ok
LA_D_6424276,14.547664642333984,14.552291870117188,ok
LA_D_6424715,17.768245697021484,17.76896095275879,ok
LA_D_6425717,20.513938903808594,20.519784927368164,ok
LA_D_6425908,13.208884239196777,13.214472770690918,ok
LA_D_6426866,15.289328575134277,15.292376518249512,ok
LA_D_6427369,7.500324249267578,7.500723361968994,ok
LA_D_6428297,14.60700511932373,14.609349250793457,ok
LA_D_6428957,17.025434494018555,17.030349731445312,ok
LA_D_6430063,19.963871002197266,19.972475051879883,ok
LA_D_6431120,13.124911308288574,13.132637977600098,ok
LA_D_6431288,14.43856143951416,14.440812110900879,ok
LA_D_6431658,15.460926055908203,15.464446067810059,ok
LA_D_6431886,11.579645156860352,11.579737663269043,ok
LA_D_6432124,14.568552017211914,14.574175834655762,ok
LA_D_6434161,14.364428520202637,14.364699363708496,ok
LA_D_6434711,15.90912914276123,15.911230087280273,ok
LA_D_6434721,13.634343147277832,13.635170936584473,ok
LA_D_6435266,14.322182655334473,14.330449104309082,ok
LA_D_6435582,-13.884061813354492,-13.886383056640625,ok
LA_D_6439502,15.181707382202148,15.184440612792969,ok
LA_D_6439730,-2.728384494781494,-2.7286651134490967,ok
LA_D_6440445,16.820674896240234,16.821462631225586,ok
LA_D_6440826,10.215200424194336,10.215347290039062,ok
LA_D_6441885,8.26451587677002,8.268447875976562,ok
LA_D_6442014,-6.58482027053833,-6.584897518157959,ok
LA_D_6442890,13.235420227050781,13.236769676208496,ok
LA_D_6443383,11.525274276733398,11.525744438171387,ok
LA_D_6443649,-11.807391166687012,-11.808782577514648,ok
LA_D_6444033,14.718999862670898,14.728083610534668,ok
LA_D_6444125,12.072059631347656,12.072676658630371,ok
LA_D_6445561,10.613924980163574,10.616013526916504,ok
LA_D_6445749,14.593671798706055,14.594863891601562,ok
LA_D_6445884,15.612130165100098,15.613738059997559,ok
LA_D_6446002,14.479893684387207,14.491080284118652,ok
LA_D_6446521,7.428770065307617,7.4297003746032715,ok
LA_D_6446759,-1.0918642282485962,-1.0927399396896362,ok
LA_D_6447251,9.194642066955566,9.196812629699707,ok
LA_D_6449816,14.188372611999512,14.194558143615723,ok
LA_D_6450264,10.621630668640137,10.624438285827637,ok
LA_D_6450379,14.642803192138672,14.643101692199707,ok
LA_D_6451106,9.081673622131348,9.081502914428711,ok
LA_D_6452637,13.558258056640625,13.55964183807373,ok
LA_D_6454321,15.562973976135254,15.566489219665527,ok
LA_D_6454374,9.141691207885742,9.141879081726074,ok
LA_D_6455155,19.786968231201172,19.78785514831543,ok
LA_D_6457597,15.94371223449707,15.945630073547363,ok
LA_D_6458120,21.826221466064453,21.826345443725586,ok
LA_D_6458272,-12.017107009887695,-12.022228240966797,ok
LA_D_6458836,9.919869422912598,9.92062759399414,ok
LA_D_6460049,-13.205111503601074,-13.208273887634277,ok
LA_D_6461042,17.7871150970459,17.8007869720459,ok
LA_D_6462722,15.934151649475098,15.936854362487793,ok
LA_D_6462902,16.415889739990234,16.41623878479004,ok
LA_D_6462905,16.131999969482422,16.13509750366211,ok
LA_D_6462998,9.683304786682129,9.683304786682129,ok
LA_D_6463589,14.396739959716797,14.397039413452148,ok
LA_D_6464994,16.492298126220703,16.498125076293945,ok
LA_D_6465758,11.767874717712402,11.768083572387695,ok
LA_D_6468405,18.148651123046875,18.15488624572754,ok
LA_D_6468412,14.606769561767578,14.616186141967773,ok
LA_D_6468524,14.307116508483887,14.326390266418457,ok
LA_D_6469029,14.903199195861816,14.905289649963379,ok
LA_D_6469406,12.666815757751465,12.671183586120605,ok
LA_D_6469647,14.918316841125488,14.925089836120605,ok
LA_D_6470899,15.639165878295898,15.643742561340332,ok
LA_D_6471870,-0.7384926676750183,-0.7397090196609497,ok
LA_D_6472939,17.40665054321289,17.40848159790039,ok
LA_D_6474102,16.803348541259766,16.80385398864746,ok
LA_D_6474531,11.84404468536377,11.846173286437988,ok
LA_D_6474870,11.518135070800781,11.52253246307373,ok
LA_D_6475261,-11.273219108581543,-11.274344444274902,ok
LA_D_6475497,14.038467407226562,14.040131568908691,ok
LA_D_6475624,14.726696968078613,14.727974891662598,ok
LA_D_6477172,22.49384117126465,22.50712776184082,ok
LA_D_6477185,11.331510543823242,11.333380699157715,ok
LA_D_6478753,-8.807555198669434,-8.807872772216797,ok
LA_D_6479435,17.345684051513672,17.347745895385742,ok
LA_D_6479457,-14.029037475585938,-14.032151222229004,ok
LA_D_6479825,15.801359176635742,15.808440208435059,ok
LA_D_6480348,-12.186667442321777,-12.186923027038574,ok
LA_D_6480457,11.787214279174805,11.79226016998291,ok
LA_D_6480551,-14.242119789123535,-14.243269920349121,ok
LA_D_6482383,11.697081565856934,11.699548721313477,ok
LA_D_6484471,14.006753921508789,14.00731372833252,ok
LA_D_6484577,15.625296592712402,15.625711441040039,ok
LA_D_6485701,13.85936164855957,13.859753608703613,ok
LA_D_6486723,16.603120803833008,16.604936599731445,ok
LA_D_6486980,9.735142707824707,9.734557151794434,ok
LA_D_6487009,15.558916091918945,15.55959415435791,ok
LA_D_6487170,9.66802978515625,9.668303489685059,ok
LA_D_6487933,-14.979015350341797,-14.983646392822266,ok
LA_D_6489536,12.387778282165527,12.390629768371582,ok
LA_D_6490097,16.59638214111328,16.598087310791016,ok
LA_D_6492056,-12.325945854187012,-12.329812049865723,ok
LA_D_6493011,14.47750186920166,14.478255271911621,ok
LA_D_6495207,13.060500144958496,13.063899993896484,ok
LA_D_6495668,11.075201988220215,11.075186729431152,ok
LA_D_6495848,-4.678333282470703,-4.682011127471924,ok
LA_D_6497525,16.669527053833008,16.670066833496094,ok
LA_D_6497583,12.854419708251953,12.8556547164917,ok
LA_D_6497625,-8.51924991607666,-8.520197868347168,ok
LA_D_6497646,13.797760963439941,13.801426887512207,ok
LA_D_6498637,12.369972229003906,12.370473861694336,ok
LA_D_6499586,14.45028018951416,14.452186584472656,ok
LA_D_6499603,-12.47905158996582,-12.479754447937012,ok
LA_D_6499728,16.188730239868164,16.1887264251709,ok
LA_D_6499924,18.696176528930664,18.69956398010254,ok
LA_D_6502358,11.498424530029297,11.499146461486816,ok
LA_D_6502735,15.238948822021484,15.242424964904785,ok
LA_D_6502976,-8.11538028717041,-8.116181373596191,ok
LA_D_6503475,-12.243639945983887,-12.24451732635498,ok
LA_D_6506104,11.882377624511719,11.884322166442871,ok
LA_D_6506607,14.731389999389648,14.733675003051758,ok
LA_D_6506972,15.13661003112793,15.140640258789062,ok
LA_D_6506973,13.615338325500488,13.617415428161621,ok
LA_D_6506991,10.484201431274414,10.485320091247559,ok
LA_D_6509120,14.000920295715332,14.004232406616211,ok
LA_D_6509189,-13.70602035522461,-13.70905590057373,ok
LA_D_6511162,10.868229866027832,10.868782043457031,ok
LA_D_6511574,14.205811500549316,14.210186004638672,ok
LA_D_6511989,-13.633200645446777,-13.633343696594238,ok
LA_D_6513609,12.18585205078125,12.185907363891602,ok
LA_D_6514590,16.424989700317383,16.425235748291016,ok
LA_D_6514670,15.459468841552734,15.460070610046387,ok
LA_D_6515358,13.574356079101562,13.574965476989746,ok
LA_D_6515867,-12.666569709777832,-12.66672134399414,ok
LA_D_6516261,13.392306327819824,13.39582633972168,ok
LA_D_6516523,10.896142959594727,10.897533416748047,ok
LA_D_6516575,16.335163116455078,16.3363094329834,ok
LA_D_6516814,17.192155838012695,17.19258689880371,ok
LA_D_6517273,17.540449142456055,17.54196548461914,ok
LA_D_6517455,8.036799430847168,8.036803245544434,ok
LA_D_6517704,9.499813079833984,9.500406265258789,ok
LA_D_6518159,-9.537809371948242,-9.537871360778809,ok
LA_D_6518794,14.254669189453125,14.255290031433105,ok
LA_D_6520063,16.977083206176758,16.97889518737793,ok
LA_D_6520436,10.236039161682129,10.236130714416504,ok
LA_D_6520929,8.592691421508789,8.592668533325195,ok
LA_D_6520984,-14.124391555786133,-14.126494407653809,ok
LA_D_6521320,15.276394844055176,15.27785587310791,ok
LA_D_6522313,11.424768447875977,11.42481517791748,ok
LA_D_6522419,11.663700103759766,11.664921760559082,ok
LA_D_6525071,15.915946960449219,15.930208206176758,ok
LA_D_6525234,15.059916496276855,15.060017585754395,ok
LA_D_6525320,13.301047325134277,13.303102493286133,ok
LA_D_6525457,20.515792846679688,20.52730369567871,ok
LA_D_6526168,9.612334251403809,9.61242389678955,ok
LA_D_6526664,13.243532180786133,13.247578620910645,ok
LA_D_6529379,-8.988590240478516,-8.990208625793457,ok
LA_D_6530169,19.412118911743164,19.414907455444336,ok
LA_D_6531960,18.658674240112305,18.661834716796875,ok
LA_D_6532301,13.042572975158691,13.041340827941895,ok
LA_D_6532619,17.969343185424805,17.96940803527832,ok
LA_D_6532972,10.820761680603027,10.8299560546875,ok
LA_D_6536882,10.807440757751465,10.80772876739502,ok
LA_D_6537903,10.748409271240234,10.7485990524292,ok
LA_D_6539878,-12.824013710021973,-12.824601173400879,ok
LA_D_6540535,13.321639060974121,13.322226524353027,ok
LA_D_6542740,12.607173919677734,12.61889934539795,ok
LA_D_6542878,12.89156723022461,12.89574146270752,ok
LA_D_6544888,18.680038452148438,18.68925666809082,ok
LA_D_6545121,11.908392906188965,11.908495903015137,ok
LA_D_6546081,14.788026809692383,14.790719985961914,ok
LA_D_6547198,16.744932174682617,16.7465877532959,ok
LA_D_6547607,12.898268699645996,12.902792930603027,ok
LA_D_6547828,9.505788803100586,9.506842613220215,ok
LA_D_6547919,13.893141746520996,13.893315315246582,ok
LA_D_6548234,15.696539878845215,15.69959545135498,ok
LA_D_6549159,-15.648111343383789,-15.655879974365234,ok
LA_D_6549373,-13.9710054397583,-13.972046852111816,ok
LA_D_6550208,14.91359806060791,14.915499687194824,ok
LA_D_6550883,13.891257286071777,13.892437934875488,ok
LA_D_6551202,14.236308097839355,14.237211227416992,ok
LA_D_6551642,11.789302825927734,11.790112495422363,ok
LA_D_6551713,14.441540718078613,14.444443702697754,ok
LA_D_6553554,9.801624298095703,9.805766105651855,ok
LA_D_6553908,14.28149127960205,14.282320976257324,ok
LA_D_6554548,15.318325996398926,15.3207426071167,ok
LA_D_6556225,8.771061897277832,8.77099895477295,ok
LA_D_6556306,10.452536582946777,10.454060554504395,ok
LA_D_6556577,9.740307807922363,9.745813369750977,ok
LA_D_6557355,12.808134078979492,12.80945110321045,ok
LA_D_6558890,-13.12810230255127,-13.129884719848633,ok
LA_D_6561538,-12.93890380859375,-12.939428329467773,ok
LA_D_6563482,16.13548469543457,16.137062072753906,ok
LA_D_6564975,10.819169044494629,10.819161415100098,ok
LA_D_6565562,11.770730018615723,11.770857810974121,ok
LA_D_6566671,19.91478157043457,19.922155380249023,ok
LA_D_6567387,18.80030632019043,18.80036735534668,ok
LA_D_6567611,11.303065299987793,11.306791305541992,ok
LA_D_6568047,17.704519271850586,17.705299377441406,ok
LA_D_6568052,15.625438690185547,15.627022743225098,ok
LA_D_6568071,-15.813066482543945,-15.814878463745117,ok
LA_D_6568228,16.32025718688965,16.321044921875,ok
LA_D_6569285,9.057238578796387,9.05831241607666,ok
LA_D_6570628,-15.490551948547363,-15.492077827453613,ok
LA_D_6572116,17.052865982055664,17.055456161499023,ok
LA_D_6573061,14.713794708251953,14.71461009979248,ok
LA_D_6574060,9.540467262268066,9.541089057922363,ok
LA_D_6575341,14.785595893859863,14.787060737609863,ok
LA_D_6575380,13.650015830993652,13.650389671325684,ok
LA_D_6575610,16.011110305786133,16.01204490661621,ok
LA_D_6575860,11.216301918029785,11.218329429626465,ok
LA_D_6576940,13.271279335021973,13.272492408752441,ok
LA_D_6577158,14.663461685180664,14.66512393951416,ok
LA_D_6577591,11.938705444335938,11.94061279296875,ok
LA_D_6578659,-14.754794120788574,-14.756686210632324,ok
LA_D_6579134,14.221891403198242,14.22455883026123,ok
LA_D_6579479,13.97743034362793,13.979188919067383,ok
LA_D_6579719,20.423587799072266,20.4239559173584,ok
LA_D_6582126,14.377333641052246,14.378693580627441,ok
LA_D_6582780,12.869341850280762,12.870341300964355,ok
LA_D_6585381,13.709728240966797,13.710749626159668,ok
LA_D_6585774,16.90549087524414,16.906097412109375,ok
LA_D_6586128,16.996110916137695,16.9979305267334,ok
LA_D_6587165,12.394124984741211,12.395979881286621,ok
LA_D_6588379,16.53355598449707,16.542003631591797,ok
LA_D_6588865,16.15728187561035,16.16060447692871,ok
LA_D_6589534,16.948530197143555,16.949113845825195,ok
LA_D_6589944,12.003105163574219,12.004227638244629,ok
LA_D_6590996,15.399221420288086,15.40042781829834,ok
LA_D_6591249,13.520489692687988,13.521098136901855,ok
LA_D_6593008,14.06075382232666,14.06184196472168,ok
LA_D_6593011,11.802419662475586,11.804722785949707,ok
LA_D_6593270,-15.801312446594238,-15.802811622619629,ok
LA_D_6593636,22.283151626586914,22.291460037231445,ok
LA_D_6594747,15.222159385681152,15.223679542541504,ok
LA_D_6594807,7.2116312980651855,7.211895942687988,ok
LA_D_6595610,16.284717559814453,16.321535110473633,ok
LA_D_6596114,17.17102813720703,17.174488067626953,ok
LA_D_6596613,16.99242401123047,16.996641159057617,ok
LA_D_6596958,16.54854965209961,16.550065994262695,ok
LA_D_6597050,13.305696487426758,13.319825172424316,ok
LA_D_6597204,16.279003143310547,16.281370162963867,ok
LA_D_6597330,14.11338996887207,14.119267463684082,ok
LA_D_6597750,12.906291007995605,12.907727241516113,ok
LA_D_6598354,-15.477054595947266,-15.478296279907227,ok
LA_D_6598826,10.669818878173828,10.670488357543945,ok
LA_D_6598988,11.6532621383667,11.655434608459473,ok
LA_D_6599019,14.731099128723145,14.733000755310059,ok
LA_D_6599233,11.020273208618164,11.02397346496582,ok
LA_D_6599356,10.179407119750977,10.184828758239746,ok
LA_D_6600446,14.682975769042969,14.684266090393066,ok
LA_D_6600800,13.702038764953613,13.705313682556152,ok
LA_D_6600823,13.505366325378418,13.50854778289795,ok
LA_D_6601160,13.162830352783203,13.16310977935791,ok
LA_D_6602571,13.785573959350586,13.78848648071289,ok
LA_D_6603047,11.386786460876465,11.391715049743652,ok
LA_D_6603638,9.944555282592773,9.94462776184082,ok
LA_D_6603822,11.80042552947998,11.801667213439941,ok
LA_D_6604093,10.359570503234863,10.35922622680664,ok
LA_D_6604594,13.983800888061523,13.984564781188965,ok
LA_D_6606092,16.880483627319336,16.88091468811035,ok
LA_D_6606839,15.564741134643555,15.567815780639648,ok
LA_D_6607748,7.376852989196777,7.3890299797058105,ok
LA_D_6609032,5.698148250579834,5.698770999908447,ok
LA_D_6609619,11.902168273925781,11.902298927307129,ok
LA_D_6609902,15.399364471435547,15.402375221252441,ok
LA_D_6609968,-3.806663751602173,-3.8074982166290283,ok
LA_D_6610656,12.450417518615723,12.454377174377441,ok
LA_D_6612387,13.094998359680176,13.09643268585205,ok
LA_D_6612646,16.36716651916504,16.370243072509766,ok
LA_D_6613069,10.904850006103516,10.907118797302246,ok
LA_D_6613848,14.560070037841797,14.566314697265625,ok
LA_D_6614217,10.595849990844727,10.595871925354004,ok
LA_D_6614329,-13.398252487182617,-13.403660774230957,ok
LA_D_6616471,14.605022430419922,14.606340408325195,ok
LA_D_6617994,-11.690793991088867,-11.696819305419922,ok
LA_D_6619464,11.738676071166992,11.738911628723145,ok
LA_D_6620261,12.351875305175781,12.3524169921875,ok
LA_D_6620544,14.153254508972168,14.161497116088867,ok
LA_D_6621246,10.303600311279297,10.30501651763916,ok
LA_D_6621753,20.08165740966797,20.082788467407227,ok
LA_D_6622164,16.389999389648438,16.391332626342773,ok
LA_D_6622348,-14.507211685180664,-14.514622688293457,ok
LA_D_6623102,-13.891826629638672,-13.892550468444824,ok
LA_D_6623501,13.850251197814941,13.850478172302246,ok
LA_D_6623727,13.316939353942871,13.318005561828613,ok
LA_D_6623812,13.946737289428711,13.948234558105469,ok
LA_D_6624176,13.463922500610352,13.465632438659668,ok
LA_D_6624488,14.103680610656738,14.108455657958984,ok
LA_D_6624621,-10.210336685180664,-10.210585594177246,ok
LA_D_6625374,17.82306671142578,17.823408126831055,ok
LA_D_6625840,11.631513595581055,11.633105278015137,ok
LA_D_6626817,-14.188810348510742,-14.189563751220703,ok
LA_D_6626918,15.982420921325684,15.983394622802734,ok
LA_D_6627213,9.449191093444824,9.454400062561035,ok
LA_D_6629886,16.336505889892578,16.337804794311523,ok
LA_D_6631414,18.211843490600586,18.215734481811523,ok
LA_D_6633566,12.664326667785645,12.667506217956543,ok
LA_D_6634201,15.77083683013916,15.772583961486816,ok
LA_D_6634413,12.505810737609863,12.508320808410645,ok
LA_D_6634897,13.445171356201172,13.445464134216309,ok
LA_D_6635685,13.258793830871582,13.258855819702148,ok
LA_D_6636415,14.382469177246094,14.385210037231445,ok
LA_D_6636661,-11.191123008728027,-11.19229793548584,ok
LA_D_6637850,17.484214782714844,17.485538482666016,ok
LA_D_6638128,18.981266021728516,18.982954025268555,ok
LA_D_6639964,8.12924861907959,8.129812240600586,ok
LA_D_6640384,9.209494590759277,9.209641456604004,ok
LA_D_6640572,24.594924926757812,24.598615646362305,ok
LA_D_6642454,-11.898311614990234,-11.900629997253418,ok
LA_D_6642673,10.722516059875488,10.732898712158203,ok
LA_D_6642678,14.875073432922363,14.879737854003906,ok
LA_D_6644343,10.185098648071289,10.186464309692383,ok
LA_D_6646870,17.60457992553711,17.60529899597168,ok
LA_D_6648074,12.897002220153809,12.897303581237793,ok
LA_D_6648419,20.329641342163086,20.331663131713867,ok
LA_D_6649816,10.527771949768066,10.531038284301758,ok
LA_D_6649982,16.36902618408203,16.369495391845703,ok
LA_D_6650126,-13.207724571228027,-13.210015296936035,ok
LA_D_6650483,10.477404594421387,10.479752540588379,ok
LA_D_6650700,6.143402099609375,6.143373012542725,ok
LA_D_6651726,11.708980560302734,11.709240913391113,ok
LA_D_6653512,19.588973999023438,19.5932674407959,ok
LA_D_6653711,15.313459396362305,15.319427490234375,ok
LA_D_6654217,9.332507133483887,9.332515716552734,ok
LA_D_6654690,10.221527099609375,10.224263191223145,ok
LA_D_6655563,12.454927444458008,12.459269523620605,ok
LA_D_6656541,17.820877075195312,17.825775146484375,ok
LA_D_6659622,-13.550110816955566,-13.551522254943848,ok
LA_D_6660188,16.67255210876465,16.673112869262695,ok
LA_D_6660220,22.203062057495117,22.211183547973633,ok
LA_D_6661592,14.787671089172363,14.788220405578613,ok
LA_D_6662010,10.675751686096191,10.684014320373535,ok
LA_D_6662518,13.377376556396484,13.379096031188965,ok
LA_D_6663132,16.97676658630371,16.979501724243164,ok
LA_D_6663729,7.584757328033447,7.584768772125244,ok
LA_D_6665426,16.37087059020996,16.371171951293945,ok
LA_D_6666039,14.65902328491211,14.66231632232666,ok
LA_D_6666182,14.976109504699707,14.979273796081543,ok
LA_D_6666840,17.455642700195312,17.459688186645508,ok
LA_D_6668024,-13.307286262512207,-13.308493614196777,ok
LA_D_6669051,17.731443405151367,17.737258911132812,ok
LA_D_6669736,-15.565886497497559,-15.5674467086792,ok
LA_D_6670902,13.064680099487305,13.067239761352539,ok
LA_D_6670965,20.107601165771484,20.11335563659668,ok
LA_D_6671443,17.973400115966797,17.973535537719727,ok
LA_D_6672152,12.601497650146484,12.60237979888916,ok
LA_D_6672477,-12.251501083374023,-12.256625175476074,ok
LA_D_6675849,15.238186836242676,15.238672256469727,ok
LA_D_6676522,14.277758598327637,14.281855583190918,ok
LA_D_6677490,11.125536918640137,11.127089500427246,ok
LA_D_6677818,13.619688987731934,13.621600151062012,ok
LA_D_6678773,12.884631156921387,12.890236854553223,ok
LA_D_6678932,13.011641502380371,13.013398170471191,ok
LA_D_6680138,-8.61164665222168,-8.611757278442383,ok
LA_D_6681675,11.727471351623535,11.72750186920166,ok
LA_D_6681710,-12.679865837097168,-12.685310363769531,ok
LA_D_6682281,11.645913124084473,11.64709758758545,ok
LA_D_6682326,10.407394409179688,10.407470703125,ok
LA_D_6685036,8.974308967590332,8.979930877685547,ok
LA_D_6688232,15.848221778869629,15.850035667419434,ok
LA_D_6688724,10.588244438171387,10.589102745056152,ok
LA_D_6689023,12.686430931091309,12.689444541931152,ok
LA_D_6689857,18.03839874267578,18.0433292388916,ok
LA_D_6690982,17.067901611328125,17.067970275878906,ok
LA_D_6690990,14.01921272277832,14.021924018859863,ok
LA_D_6691154,16.577362060546875,16.57745361328125,ok
LA_D_6691337,13.20300579071045,13.203309059143066,ok
LA_D_6692133,19.55438804626465,19.555238723754883,ok
LA_D_6692719,16.494020462036133,16.494035720825195,ok
LA_D_6692967,17.129953384399414,17.1340274810791,ok
LA_D_6693898,13.155137062072754,13.157038688659668,ok
LA_D_6694820,13.648728370666504,13.649134635925293,ok
LA_D_6695161,11.925005912780762,11.925082206726074,ok
LA_D_6695214,6.487700939178467,6.489654064178467,ok
LA_D_6695450,14.820568084716797,14.823689460754395,ok
LA_D_6695615,17.38964080810547,17.3935489654541,ok
LA_D_6696204,15.620878219604492,15.623018264770508,ok
LA_D_6696589,14.959391593933105,14.960238456726074,ok
LA_D_6697232,11.683506965637207,11.685101509094238,ok
LA_D_6697944,15.060039520263672,15.060432434082031,ok
LA_D_6698865,12.270376205444336,12.270464897155762,ok
LA_D_6699665,13.815338134765625,13.81879711151123,ok
LA_D_6701963,-15.324074745178223,-15.325252532958984,ok
LA_D_6704472,-15.653213500976562,-15.655203819274902,ok
LA_D_6704901,11.722879409790039,11.72322940826416,ok
LA_D_6706248,11.794224739074707,11.796120643615723,ok
LA_D_6707722,13.660046577453613,13.671406745910645,ok
LA_D_6708714,15.30955696105957,15.3141450881958,ok
LA_D_6709571,13.16263198852539,13.162693977355957,ok
LA_D_6710142,14.249312400817871,14.25096607208252,ok
LA_D_6710195,11.646870613098145,11.645659446716309,ok
LA_D_6710328,-16.090084075927734,-16.090587615966797,ok
LA_D_6710971,14.593572616577148,14.5942964553833,ok
LA_D_6711029,9.910331726074219,9.91048526763916,ok
LA_D_6711434,-14.682122230529785,-14.682212829589844,ok
LA_D_6712579,11.330598831176758,11.331108093261719,ok
LA_D_6713264,19.782377243041992,19.783550262451172,ok
LA_D_6716159,-15.503917694091797,-15.504168510437012,ok
LA_D_6716178,16.34290885925293,16.348024368286133,ok
LA_D_6716544,11.141204833984375,11.141377449035645,ok
LA_D_6716819,17.174062728881836,17.18109893798828,ok
LA_D_6717375,-13.923173904418945,-13.927214622497559,ok
LA_D_6717508,17.60024070739746,17.601627349853516,ok
LA_D_6717975,15.327788352966309,15.327912330627441,ok
LA_D_6718237,-13.841501235961914,-13.843850135803223,ok
LA_D_6719368,14.150677680969238,14.150994300842285,ok
LA_D_6721591,14.313668251037598,14.31801700592041,ok
LA_D_6721785,15.159734725952148,15.161344528198242,ok
LA_D_6722285,12.737282752990723,12.737533569335938,ok
LA_D_6723637,9.733092308044434,9.733292579650879,ok
LA_D_6725130,15.907812118530273,15.91170883178711,ok
LA_D_6726447,11.374394416809082,11.377833366394043,ok
LA_D_6727952,12.546246528625488,12.548285484313965,ok
LA_D_6728041,12.59671401977539,12.600258827209473,ok
LA_D_6728141,-13.37218952178955,-13.372854232788086,ok
LA_D_6729690,15.78260326385498,15.788249015808105,ok
LA_D_6733057,11.154924392700195,11.155499458312988,ok
LA_D_6733844,7.4893317222595215,7.489414691925049,ok
LA_D_6734401,8.868060111999512,8.871930122375488,ok
LA_D_6734573,14.48167896270752,14.482523918151855,ok
LA_D_6736028,-14.349522590637207,-14.351052284240723,ok
LA_D_6736452,13.44198989868164,13.44293212890625,ok
LA_D_6736813,7.9799885749816895,7.980081081390381,ok
LA_D_6738457,9.40964412689209,9.411253929138184,ok
LA_D_6738889,18.026647567749023,18.027727127075195,ok
LA_D_6740610,14.29136848449707,14.294407844543457,ok
LA_D_6741986,-12.510643005371094,-12.510794639587402,ok
LA_D_6742117,15.134195327758789,15.135697364807129,ok
LA_D_6742661,13.356600761413574,13.357258796691895,ok
LA_D_6742796,16.907983779907227,16.908212661743164,ok
LA_D_6743141,17.12613296508789,17.127851486206055,ok
LA_D_6743274,11.661568641662598,11.664790153503418,ok
LA_D_6744596,12.781158447265625,12.782099723815918,ok
LA_D_6747363,19.170307159423828,19.17443084716797,ok
LA_D_6747561,10.662821769714355,10.663751602172852,ok
LA_D_6748543,15.839717864990234,15.84046745300293,ok
LA_D_6748977,20.845470428466797,20.84975242614746,ok
LA_D_6749090,12.791963577270508,12.795430183410645,ok
LA_D_6749101,-10.843925476074219,-10.845138549804688,ok
LA_D_6751659,16.24934959411621,16.2544002532959,ok
LA_D_6751883,16.906494140625,16.919771194458008,ok
LA_D_6752187,8.288204193115234,8.288866996765137,ok
LA_D_6752719,16.33660316467285,16.336650848388672,ok
LA_D_6754663,12.349566459655762,12.35326862335205,ok
LA_D_6754774,16.923540115356445,16.92469596862793,ok
LA_D_6756999,14.67021369934082,14.670205116271973,ok
LA_D_6757692,-12.215749740600586,-12.217108726501465,ok
LA_D_6757990,18.434650421142578,18.44184112548828,ok
LA_D_6759383,14.071300506591797,14.072632789611816,ok
LA_D_6759403,15.406108856201172,15.411686897277832,ok
LA_D_6760408,11.507129669189453,11.50863265991211,ok
LA_D_6762250,8.854329109191895,8.857928276062012,ok
LA_D_6762877,10.275681495666504,10.2796630859375,ok
LA_D_6763784,9.34822940826416,9.348282814025879,ok
LA_D_6765632,17.678537368774414,17.682382583618164,ok
LA_D_6766548,18.387775421142578,18.38897705078125,ok
LA_D_6767586,17.22889518737793,17.235485076904297,ok
LA_D_6767763,17.549030303955078,17.549854278564453,ok
LA_D_6767768,7.235620975494385,7.239102840423584,ok
LA_D_6768042,12.601243019104004,12.607465744018555,ok
LA_D_6768434,16.04141616821289,16.0419979095459,ok
LA_D_6770649,17.482301712036133,17.48815155029297,ok
LA_D_6771345,14.869549751281738,14.869826316833496,ok
LA_D_6773067,12.847455978393555,12.847672462463379,ok
LA_D_6773995,13.053459167480469,13.053523063659668,ok
LA_D_6776598,11.899511337280273,11.899836540222168,ok
LA_D_6776653,13.538722038269043,13.540586471557617,ok
LA_D_6777944,9.016791343688965,9.01755428314209,ok
LA_D_6779692,12.860808372497559,12.862393379211426,ok
LA_D_6780816,15.265326499938965,15.266805648803711,ok
LA_D_6781568,10.514754295349121,10.514408111572266,ok
LA_D_6784610,15.112330436706543,15.112961769104004,ok
LA_D_6785127,15.838410377502441,15.842145919799805,ok
LA_D_6786099,15.047195434570312,15.048967361450195,ok
LA_D_6787599,10.895134925842285,10.895228385925293,ok
LA_D_6788465,17.13616371154785,17.14012336730957,ok
LA_D_6788782,10.62276554107666,10.62478256225586,ok
LA_D_6789571,14.72094440460205,14.720080375671387,ok
LA_D_6791229,15.019506454467773,15.028397560119629,ok
LA_D_6793108,15.551874160766602,15.570137023925781,ok
LA_D_6793210,14.582619667053223,14.583724975585938,ok
LA_D_6794210,8.226890563964844,8.229683876037598,ok
LA_D_6795264,-14.582249641418457,-14.58642864227295,ok
LA_D_6795503,16.730823516845703,16.73345947265625,ok
LA_D_6795908,15.415443420410156,15.417136192321777,ok
LA_D_6797923,16.21003532409668,16.21010398864746,ok
LA_D_6798093,10.271259307861328,10.271662712097168,ok
LA_D_6798242,14.17589282989502,14.177693367004395,ok
LA_D_6798609,13.940155029296875,13.94161319732666,ok
LA_D_6799496,-14.553839683532715,-14.557738304138184,ok
LA_D_6801331,14.997407913208008,14.99996566772461,ok
LA_D_6802049,12.588573455810547,12.589954376220703,ok
LA_D_6802153,11.608034133911133,11.608342170715332,ok
LA_D_6802172,17.295684814453125,17.31013298034668,ok
LA_D_6804587,6.466222286224365,6.4657440185546875,ok
LA_D_6805723,14.020771026611328,14.021416664123535,ok
LA_D_6806656,15.910904884338379,15.912842750549316,ok
LA_D_6806823,14.311817169189453,14.314824104309082,ok
LA_D_6806988,14.158549308776855,14.15855884552002,ok
LA_D_6807774,14.060264587402344,14.060975074768066,ok
LA_D_6807841,5.030640125274658,5.033266544342041,ok
LA_D_6809474,14.478219985961914,14.479046821594238,ok
LA_D_6810036,12.701263427734375,12.705981254577637,ok
LA_D_6810679,16.67609977722168,16.676958084106445,ok
LA_D_6810732,-13.064257621765137,-13.064362525939941,ok
LA_D_6810969,12.78153133392334,12.783992767333984,ok
LA_D_6811737,10.467635154724121,10.46773624420166,ok
LA_D_6812624,15.929665565490723,15.938719749450684,ok
LA_D_6813136,13.849498748779297,13.849798202514648,ok
LA_D_6813740,13.320649147033691,13.323840141296387,ok
LA_D_6813990,8.315485000610352,8.31591510772705,ok
LA_D_6814264,10.473601341247559,10.473694801330566,ok
LA_D_6814636,16.98050880432129,16.993154525756836,ok
LA_D_6816441,15.220125198364258,15.232933044433594,ok
LA_D_6818615,10.794195175170898,10.79419994354248,ok
LA_D_6820465,9.165811538696289,9.167084693908691,ok
LA_D_6821250,10.257390975952148,10.257389068603516,ok
LA_D_6821909,-11.811948776245117,-11.812738418579102,ok
LA_D_6822464,3.1256256103515625,3.1256308555603027,ok
LA_D_6822833,12.87053108215332,12.870610237121582,ok
LA_D_6824022,-11.416625022888184,-11.417263984680176,ok
LA_D_6825223,7.381627082824707,7.385046482086182,ok
LA_D_6826053,14.24226188659668,14.242444038391113,ok
LA_D_6826884,17.67730712890625,17.681379318237305,ok
LA_D_6826887,13.743154525756836,13.745469093322754,ok
LA_D_6827798,10.493412017822266,10.493358612060547,ok
LA_D_6828209,14.037039756774902,14.047700881958008,ok
LA_D_6828979,14.913286209106445,14.913610458374023,ok
LA_D_6830532,7.137140274047852,7.137094497680664,ok
LA_D_6830608,16.131675720214844,16.13294219970703,ok
LA_D_6832377,13.175661087036133,13.176361083984375,ok
LA_D_6832697,9.336137771606445,9.336380958557129,ok
LA_D_6832953,12.568148612976074,12.569493293762207,ok
LA_D_6834540,16.91221046447754,16.917795181274414,ok
LA_D_6834652,18.26236343383789,18.26475715637207,ok
LA_D_6835954,11.402153015136719,11.402297019958496,ok
LA_D_6836003,-15.296947479248047,-15.302934646606445,ok
LA_D_6837161,12.89429759979248,12.901217460632324,ok
LA_D_6837499,13.84937572479248,13.852060317993164,ok
LA_D_6838627,13.405746459960938,13.406432151794434,ok
LA_D_6840108,13.302596092224121,13.302559852600098,ok
LA_D_6840556,14.898691177368164,14.900328636169434,ok
LA_D_6840690,12.592727661132812,12.592730522155762,ok
LA_D_6840971,17.2958927154541,17.296268463134766,ok
LA_D_6841789,-10.860821723937988,-10.861159324645996,ok
LA_D_6842136,-15.601534843444824,-15.605663299560547,ok
LA_D_6842546,10.560205459594727,10.561274528503418,ok
LA_D_6843205,-11.076567649841309,-11.077073097229004,ok
LA_D_6843468,-14.508453369140625,-14.50874137878418,ok
LA_D_6844056,11.777990341186523,11.778327941894531,ok
LA_D_6844450,15.68288516998291,15.68530559539795,ok
LA_D_6845080,12.522440910339355,12.5247163772583,ok
LA_D_6846040,18.577539443969727,18.57843017578125,ok
LA_D_6846115,14.842089653015137,14.841630935668945,ok
LA_D_6846914,11.261526107788086,11.261521339416504,ok
LA_D_6847229,12.993962287902832,12.995104789733887,ok
LA_D_6849663,17.062583923339844,17.063867568969727,ok
LA_D_6851421,14.66819953918457,14.676953315734863,ok
LA_D_6851877,15.30991268157959,15.312578201293945,ok
LA_D_6852175,10.659006118774414,10.660822868347168,ok
LA_D_6852390,12.379663467407227,12.381808280944824,ok
LA_D_6852869,5.537421703338623,5.537251949310303,ok
LA_D_6853671,17.55255889892578,17.5526065826416,ok
LA_D_6854275,17.56011962890625,17.566286087036133,ok
LA_D_6855752,17.51555633544922,17.533151626586914,ok
LA_D_6858597,17.00740623474121,17.007421493530273,ok
LA_D_6858810,16.63545036315918,16.639644622802734,ok
LA_D_6859973,13.798669815063477,13.800154685974121,ok
LA_D_6860124,11.974061965942383,11.979107856750488,ok
LA_D_6861811,14.405134201049805,14.413043022155762,ok
LA_D_6862159,16.377307891845703,16.377714157104492,ok
LA_D_6862553,16.026575088500977,16.03268814086914,ok
LA_D_6863055,4.9895195960998535,4.989527225494385,ok
LA_D_6863380,12.3519926071167,12.352372169494629,ok
LA_D_6863957,9.31779956817627,9.31794261932373,ok
LA_D_6864087,23.382164001464844,23.38524055480957,ok
LA_D_6864236,-7.640328407287598,-7.6412129402160645,ok
LA_D_6865799,9.822571754455566,9.822747230529785,ok
LA_D_6865911,13.140827178955078,13.141186714172363,ok
LA_D_6866603,19.60415267944336,19.604551315307617,ok
LA_D_6868021,16.423633575439453,16.42778205871582,ok
LA_D_6868445,12.462418556213379,12.462820053100586,ok
LA_D_6868998,-12.622696876525879,-12.625168800354004,ok
LA_D_6869232,15.359575271606445,15.359662055969238,ok
LA_D_6870040,14.594435691833496,14.595330238342285,ok
LA_D_6870125,12.782353401184082,12.782374382019043,ok
LA_D_6871726,10.915558815002441,10.917640686035156,ok
LA_D_6872655,10.659125328063965,10.663640022277832,ok
LA_D_6874210,8.436100959777832,8.4371919631958,ok
LA_D_6874297,-13.110305786132812,-13.112338066101074,ok
LA_D_6875907,14.62498664855957,14.626961708068848,ok
LA_D_6876630,-14.924249649047852,-14.928583145141602,ok
LA_D_6876959,18.41990089416504,18.421463012695312,ok
LA_D_6877026,7.697338104248047,7.697226047515869,ok
LA_D_6878638,12.795860290527344,12.796425819396973,ok
LA_D_6878756,9.931520462036133,9.932916641235352,ok
LA_D_6879359,9.56942367553711,9.569991111755371,ok
LA_D_6880419,14.819559097290039,14.820716857910156,ok
LA_D_6882166,16.517623901367188,16.519092559814453,ok
LA_D_6884110,15.090450286865234,15.09530258178711,ok
LA_D_6884626,6.884825229644775,6.884770393371582,ok
LA_D_6886878,15.077841758728027,15.07866382598877,ok
LA_D_6887218,13.351388931274414,13.353400230407715,ok
LA_D_6890596,19.265348434448242,19.26535415649414,ok
LA_D_6890842,15.854044914245605,15.855774879455566,ok
LA_D_6890939,16.494098663330078,16.496694564819336,ok
LA_D_6892152,18.949665069580078,18.951101303100586,ok
LA_D_6892674,15.952078819274902,15.953242301940918,ok
LA_D_6893250,12.604689598083496,12.606162071228027,ok
LA_D_6893706,15.567048072814941,15.567572593688965,ok
LA_D_6895177,8.528875350952148,8.528931617736816,ok
LA_D_6897891,14.046646118164062,14.050056457519531,ok
LA_D_6898133,10.732757568359375,10.733874320983887,ok
LA_D_6898383,13.603662490844727,13.604132652282715,ok
LA_D_6899810,17.35470199584961,17.354936599731445,ok
LA_D_6900371,7.6974897384643555,7.697500228881836,ok
LA_D_6901051,17.46142578125,17.463075637817383,ok
LA_D_6902611,15.295088768005371,15.295750617980957,ok
LA_D_6902833,14.27868938446045,14.281033515930176,ok
LA_D_6903594,11.812481880187988,11.813122749328613,ok
LA_D_6903687,13.93570327758789,13.935928344726562,ok
LA_D_6903783,12.31463623046875,12.317341804504395,ok
LA_D_6904064,12.584700584411621,12.585081100463867,ok
LA_D_6904176,9.800726890563965,9.800599098205566,ok
LA_D_6905344,8.389124870300293,8.389081001281738,ok
LA_D_6906792,15.737530708312988,15.73878002166748,ok
LA_D_6908091,-14.433324813842773,-14.435060501098633,ok
LA_D_6908205,10.841167449951172,10.845969200134277,ok
LA_D_6908815,12.813652038574219,12.816546440124512,ok
LA_D_6909580,19.503637313842773,19.50493812561035,ok
LA_D_6910092,12.568724632263184,12.576872825622559,ok
LA_D_6911238,18.434951782226562,18.437541961669922,ok
LA_D_6913174,12.989477157592773,12.990617752075195,ok
LA_D_6913240,-13.729412078857422,-13.729961395263672,ok
LA_D_6913633,15.590198516845703,15.593074798583984,ok
LA_D_6913699,16.796367645263672,16.80381965637207,ok
LA_D_6914532,8.256658554077148,8.256767272949219,ok
LA_D_6914760,7.733043670654297,7.733989715576172,ok
LA_D_6919214,8.307075500488281,8.307330131530762,ok
LA_D_6920274,10.904205322265625,10.904309272766113,ok
LA_D_6920360,13.213098526000977,13.21414566040039,ok
LA_D_6920856,9.777918815612793,9.780783653259277,ok
LA_D_6920891,12.78547191619873,12.785871505737305,ok
LA_D_6921099,18.258241653442383,18.259614944458008,ok
LA_D_6921684,-13.283113479614258,-13.288762092590332,ok
LA_D_6921859,11.291176795959473,11.291617393493652,ok
LA_D_6923831,14.301997184753418,14.30538272857666,ok
LA_D_6923993,15.899772644042969,15.90307331085205,ok
LA_D_6924353,11.76026439666748,11.76094913482666,ok
LA_D_6925004,11.452102661132812,11.455151557922363,ok
LA_D_6925745,14.738037109375,14.739381790161133,ok
LA_D_6925836,9.811443328857422,9.811553001403809,ok
LA_D_6927348,16.03131103515625,16.039161682128906,ok
LA_D_6927495,16.9290714263916,16.93107795715332,ok
LA_D_6928296,12.42007064819336,12.4209623336792,ok
LA_D_6928395,14.220852851867676,14.221392631530762,ok
LA_D_6928429,15.185281753540039,15.186856269836426,ok
LA_D_6930111,12.146649360656738,12.147193908691406,ok
LA_D_6930733,13.52071762084961,13.520962715148926,ok
LA_D_6931090,13.723674774169922,13.724505424499512,ok
LA_D_6931606,11.857442855834961,11.857550621032715,ok
LA_D_6931611,-12.629318237304688,-12.629959106445312,ok
LA_D_6931896,9.34057331085205,9.343008995056152,ok
LA_D_6932984,10.592418670654297,10.592927932739258,ok
LA_D_6933658,13.2289400100708,13.229790687561035,ok
LA_D_6934200,14.279183387756348,14.27997875213623,ok
LA_D_6935031,-14.5044584274292,-14.506340026855469,ok
LA_D_6935294,18.73286247253418,18.73470115661621,ok
LA_D_6935657,14.619908332824707,14.62170124053955,ok
LA_D_6936162,-15.323518753051758,-15.331677436828613,ok
LA_D_6936838,16.701854705810547,16.701860427856445,ok
LA_D_6936936,11.659255981445312,11.661327362060547,ok
LA_D_6937056,13.377174377441406,13.3778715133667,ok
LA_D_6937150,12.765567779541016,12.765795707702637,ok
LA_D_6937285,14.932244300842285,14.934377670288086,ok
LA_D_6937667,8.279166221618652,8.279181480407715,ok
LA_D_6938301,-12.235828399658203,-12.236037254333496,ok
LA_D_6938657,15.314555168151855,15.319750785827637,ok
LA_D_6939541,-11.967394828796387,-11.974791526794434,ok
LA_D_6940521,14.884702682495117,14.886940956115723,ok
LA_D_6942448,11.637965202331543,11.638400077819824,ok
LA_D_6943274,14.997966766357422,14.99820613861084,ok
LA_D_6945296,8.605171203613281,8.605305671691895,ok
LA_D_6945696,14.026972770690918,14.027917861938477,ok
LA_D_6946419,13.402909278869629,13.407317161560059,ok
LA_D_6946644,16.152725219726562,16.156545639038086,ok
LA_D_6946995,12.9192476272583,12.920723915100098,ok
LA_D_6947289,12.23386287689209,12.242851257324219,ok
LA_D_6947953,13.475990295410156,13.476174354553223,ok
LA_D_6947992,12.379508018493652,12.379652976989746,ok
LA_D_6948051,17.396203994750977,17.398727416992188,ok
LA_D_6948552,14.178237915039062,14.18371868133545,ok
LA_D_6949687,9.64877700805664,9.649248123168945,ok
LA_D_6950600,6.010104179382324,6.009714126586914,ok
LA_D_6951006,15.498183250427246,15.49865436553955,ok
LA_D_6952781,16.848596572875977,16.85056495666504,ok
LA_D_6953406,15.654836654663086,15.657425880432129,ok
LA_D_6953783,12.993269920349121,12.993468284606934,ok
LA_D_6954064,14.442273139953613,14.442564010620117,ok
LA_D_6954164,12.614221572875977,12.615766525268555,ok
LA_D_6954213,13.377484321594238,13.382184028625488,ok
LA_D_6956269,13.16315746307373,13.164840698242188,ok
LA_D_6957117,17.033933639526367,17.043794631958008,ok
LA_D_6957283,14.38172435760498,14.385210037231445,ok
LA_D_6960999,16.963293075561523,16.96363639831543,ok
LA_D_6961697,12.556756973266602,12.557175636291504,ok
LA_D_6962147,16.18508529663086,16.19004249572754,ok
LA_D_6962233,15.743559837341309,15.745097160339355,ok
LA_D_6963143,4.970676898956299,4.970878601074219,ok
LA_D_6963297,14.429917335510254,14.436001777648926,ok
LA_D_6963411,-14.373355865478516,-14.378323554992676,ok
LA_D_6963530,-11.681238174438477,-11.681305885314941,ok
LA_D_6965307,9.133374214172363,9.133193969726562,ok
LA_D_6965493,16.479007720947266,16.4793643951416,ok
LA_D_6965771,18.880828857421875,18.887054443359375,ok
LA_D_6966164,12.715171813964844,12.715518951416016,ok
LA_D_6966577,20.54414939880371,20.55757713317871,ok
LA_D_6966943,7.017358303070068,7.020193576812744,ok
LA_D_6967013,19.622982025146484,19.624385833740234,ok
LA_D_6968726,19.987154006958008,19.9926700592041,ok
LA_D_6970550,16.78386116027832,16.784198760986328,ok
LA_D_6970983,15.80527114868164,15.806830406188965,ok
LA_D_6971538,15.525826454162598,15.526237487792969,ok
LA_D_6971712,11.688634872436523,11.68940258026123,ok
LA_D_6973097,10.731414794921875,10.732521057128906,ok
LA_D_6973797,11.300371170043945,11.300737380981445,ok
LA_D_6975418,17.276660919189453,17.281892776489258,ok
LA_D_6975465,13.325806617736816,13.327049255371094,ok
LA_D_6976547,7.495028495788574,7.495639324188232,ok
LA_D_6978333,15.600751876831055,15.603224754333496,ok
LA_D_6978904,13.664854049682617,13.667182922363281,ok
LA_D_6979806,14.875505447387695,14.876222610473633,ok
LA_D_6980166,-16.255043029785156,-16.25571632385254,ok
LA_D_6982355,11.309179306030273,11.309410095214844,ok
LA_D_6983240,7.261631965637207,7.2624831199646,ok
LA_D_6984588,11.408744812011719,11.408805847167969,ok
LA_D_6984595,-14.858954429626465,-14.86069393157959,ok
LA_D_6985192,12.153340339660645,12.1539945602417,ok
LA_D_6985201,15.586551666259766,15.586735725402832,ok
LA_D_6987202,10.492552757263184,10.49348258972168,ok
LA_D_6988249,13.0391206741333,13.041190147399902,ok
LA_D_6989506,-13.952130317687988,-13.958416938781738,ok
LA_D_6990164,9.799389839172363,9.799600601196289,ok
LA_D_6990804,18.24686622619629,18.247941970825195,ok
LA_D_6991662,7.05802059173584,7.060153484344482,ok
LA_D_6993157,9.042672157287598,9.042571067810059,ok
LA_D_6994349,-14.914034843444824,-14.918131828308105,ok
LA_D_6998107,15.319828987121582,15.321325302124023,ok
LA_D_6998182,18.271320343017578,18.278100967407227,ok
LA_D_7005622,14.69196891784668,14.700762748718262,ok
LA_D_7008532,14.68970012664795,14.691363334655762,ok
LA_D_7008788,12.787457466125488,12.787755966186523,ok
LA_D_7009736,11.22619915008545,11.227320671081543,ok
LA_D_7009859,9.483283042907715,9.483436584472656,ok
LA_D_7010911,11.138995170593262,11.141777992248535,ok
LA_D_7012203,12.979515075683594,12.979979515075684,ok
LA_D_7015167,19.285045623779297,19.285470962524414,ok
LA_D_7015174,-16.02107810974121,-16.023557662963867,ok
LA_D_7015244,14.528295516967773,14.528399467468262,ok
LA_D_7015832,15.816389083862305,15.817204475402832,ok
LA_D_7016609,14.909811973571777,14.909893035888672,ok
LA_D_7016944,15.689563751220703,15.692063331604004,ok
LA_D_7016945,15.404741287231445,15.405869483947754,ok
LA_D_7017711,16.18141746520996,16.181875228881836,ok
LA_D_7018313,15.457273483276367,15.457385063171387,ok
LA_D_7018339,14.196738243103027,14.19702434539795,ok
LA_D_7021156,17.722658157348633,17.724763870239258,ok
LA_D_7021627,14.286776542663574,14.28791618347168,ok
LA_D_7021859,17.500320434570312,17.500825881958008,ok
LA_D_7023105,8.782851219177246,8.787185668945312,ok
LA_D_7023167,12.722559928894043,12.723479270935059,ok
LA_D_7024538,15.437261581420898,15.43734073638916,ok
LA_D_7026375,14.489506721496582,14.489577293395996,ok
LA_D_7026875,11.360357284545898,11.363167762756348,ok
LA_D_7028251,22.41341209411621,22.421966552734375,ok
LA_D_7029392,-2.016019105911255,-2.016019105911255,ok
LA_D_7030186,18.10363006591797,18.104997634887695,ok
LA_D_7030273,14.400482177734375,14.40420913696289,ok
LA_D_7030281,-15.440123558044434,-15.442351341247559,ok
LA_D_7030824,15.55887508392334,15.56303596496582,ok
LA_D_7030836,18.78635025024414,18.786651611328125,ok
LA_D_7031080,5.387575626373291,5.388441562652588,ok
LA_D_7031306,11.259018898010254,11.260443687438965,ok
LA_D_7031958,18.98215675354004,18.982240676879883,ok
LA_D_7033344,16.464942932128906,16.467409133911133,ok
LA_D_7034096,16.49983787536621,16.503087997436523,ok
LA_D_7034755,11.270940780639648,11.271450996398926,ok
LA_D_7035349,-13.56745719909668,-13.568161964416504,ok
LA_D_7035543,11.37721061706543,11.380064964294434,ok
LA_D_7036071,11.509498596191406,11.51073169708252,ok
LA_D_7037337,13.073209762573242,13.074912071228027,ok
LA_D_7038318,6.763620376586914,6.764400005340576,ok
LA_D_7038523,12.434557914733887,12.43697452545166,ok
LA_D_7038606,19.367576599121094,19.370588302612305,ok
LA_D_7039023,12.689678192138672,12.692212104797363,ok
LA_D_7039466,-15.122422218322754,-15.124493598937988,ok
LA_D_7039777,10.834019660949707,10.835760116577148,ok
LA_D_7039816,14.499738693237305,14.500889778137207,ok
LA_D_7040526,13.236910820007324,13.238783836364746,ok
LA_D_7040833,17.430830001831055,17.431562423706055,ok
LA_D_7040973,16.583209991455078,16.5850887298584,ok
LA_D_7041179,17.15303611755371,17.15349006652832,ok
LA_D_7041352,10.094710350036621,10.095559120178223,ok
LA_D_7041661,13.501961708068848,13.502652168273926,ok
LA_D_7043000,15.799389839172363,15.816978454589844,ok
LA_D_7043976,15.725483894348145,15.732452392578125,ok
LA_D_7044931,8.443866729736328,8.450640678405762,ok
LA_D_7045141,3.317784070968628,3.3176422119140625,ok
LA_D_7045415,10.88122844696045,10.881260871887207,ok
LA_D_7045724,12.231101989746094,12.232739448547363,ok
LA_D_7045833,13.833514213562012,13.834345817565918,ok
LA_D_7049162,17.86308479309082,17.866064071655273,ok
LA_D_7051341,10.647494316101074,10.649221420288086,ok
LA_D_7051804,13.414971351623535,13.418838500976562,ok
LA_D_7052154,15.411491394042969,15.412323951721191,ok
LA_D_7052613,9.023112297058105,9.023337364196777,ok
LA_D_7053102,9.027741432189941,9.027764320373535,ok
LA_D_7053354,11.775848388671875,11.778108596801758,ok
LA_D_7054436,15.823123931884766,15.823925971984863,ok
LA_D_7057190,-13.701899528503418,-13.703940391540527,ok
LA_D_7057633,14.28697395324707,14.2897310256958,ok
LA_D_7058822,17.577682495117188,17.580707550048828,ok
LA_D_7059463,9.66936206817627,9.675204277038574,ok
LA_D_7061416,13.850349426269531,13.850391387939453,ok
LA_D_7063095,13.67259407043457,13.674363136291504,ok
LA_D_7063172,7.964938163757324,7.964482307434082,ok
LA_D_7063977,15.607470512390137,15.607500076293945,ok
LA_D_7064077,13.431192398071289,13.431361198425293,ok
LA_D_7064323,13.136910438537598,13.137114524841309,ok
LA_D_7065014,16.3177490234375,16.32781410217285,ok
LA_D_7065500,6.0093159675598145,6.009326934814453,ok
LA_D_7066186,11.015571594238281,11.017254829406738,ok
LA_D_7066954,15.317527770996094,15.332396507263184,ok
LA_D_7066960,-16.508459091186523,-16.510818481445312,ok
LA_D_7067028,9.468377113342285,9.472114562988281,ok
LA_D_7067333,-11.567020416259766,-11.567152976989746,ok
LA_D_7068182,16.3115177154541,16.314027786254883,ok
LA_D_7070716,15.301379203796387,15.303542137145996,ok
LA_D_7072258,11.305898666381836,11.30893611907959,ok
LA_D_7073678,-4.42264986038208,-4.425787448883057,ok
LA_D_7076522,14.446337699890137,14.44990062713623,ok
LA_D_7080605,15.261805534362793,15.262773513793945,ok
LA_D_7080978,16.21718978881836,16.219860076904297,ok
LA_D_7081771,-15.22567081451416,-15.227299690246582,ok
LA_D_7081849,16.63664436340332,16.639986038208008,ok
LA_D_7082816,21.56576156616211,21.567806243896484,ok
LA_D_7083288,12.810880661010742,12.811125755310059,ok
LA_D_7083969,7.380974292755127,7.388466835021973,ok
LA_D_7084497,16.75351905822754,16.757661819458008,ok
LA_D_7086357,19.21834373474121,19.22295379638672,ok
LA_D_7086639,13.93226146697998,13.93514347076416,ok
LA_D_7086814,14.30553913116455,14.30722713470459,ok
LA_D_7087327,14.519390106201172,14.520081520080566,ok
LA_D_7088669,12.716145515441895,12.716142654418945,ok
LA_D_7089929,-10.264824867248535,-10.269577026367188,ok
LA_D_7090148,12.814167976379395,12.81505298614502,ok
LA_D_7090657,-12.535378456115723,-12.537402153015137,ok
LA_D_7091196,15.920236587524414,15.924504280090332,ok
LA_D_7091662,12.987988471984863,12.98897647857666,ok
LA_D_7092291,14.225552558898926,14.22636604309082,ok
LA_D_7092752,14.908191680908203,14.908246040344238,ok
LA_D_7094041,10.864112854003906,10.864818572998047,ok
LA_D_7094796,12.197303771972656,12.198674201965332,ok
LA_D_7096240,12.752272605895996,12.75429916381836,ok
LA_D_7096314,13.639501571655273,13.64205265045166,ok
LA_D_7097009,12.24033260345459,12.245023727416992,ok
LA_D_7097361,14.71203899383545,14.71186637878418,ok
LA_D_7098546,14.614383697509766,14.615165710449219,ok
LA_D_7100095,13.151257514953613,13.15124797821045,ok
LA_D_7100242,13.126585960388184,13.130834579467773,ok
LA_D_7100478,10.337064743041992,10.337080955505371,ok
LA_D_7100790,16.68296241760254,16.695959091186523,ok
LA_D_7101123,13.495612144470215,13.501588821411133,ok
LA_D_7103223,14.439834594726562,14.443140983581543,ok
LA_D_7104527,15.733609199523926,15.735098838806152,ok
LA_D_7107466,7.402372360229492,7.401649475097656,ok
LA_D_7109251,12.588881492614746,12.594511985778809,ok
LA_D_7109771,15.852676391601562,15.85302448272705,ok
LA_D_7109981,-16.888540267944336,-16.891157150268555,ok
LA_D_7110669,-15.145474433898926,-15.145598411560059,ok
LA_D_7111174,13.146471977233887,13.152840614318848,ok
LA_D_7112224,16.9158935546875,16.9161434173584,ok
LA_D_7112267,14.1552734375,14.174312591552734,ok
LA_D_7112692,12.590441703796387,12.59119701385498,ok
LA_D_7112975,10.097235679626465,10.09760570526123,ok
LA_D_7112988,11.568883895874023,11.569108009338379,ok
LA_D_7113087,12.960417747497559,12.963578224182129,ok
LA_D_7114007,12.43833065032959,12.438355445861816,ok
LA_D_7114213,17.4937744140625,17.506322860717773,ok
LA_D_7114977,-14.440584182739258,-14.441876411437988,ok
LA_D_7115178,15.466711044311523,15.467631340026855,ok
LA_D_7115973,15.155345916748047,15.163506507873535,ok
LA_D_7116605,17.479406356811523,17.48366928100586,ok
LA_D_7117158,17.290266036987305,17.292966842651367,ok
LA_D_7119255,15.700363159179688,15.710529327392578,ok
LA_D_7119606,12.509790420532227,12.511143684387207,ok
LA_D_7120164,8.745553016662598,8.745393753051758,ok
LA_D_7120318,11.409217834472656,11.412898063659668,ok
LA_D_7120364,13.957901954650879,13.960101127624512,ok
LA_D_7120378,12.833791732788086,12.833823204040527,ok
LA_D_7121049,12.370905876159668,12.371535301208496,ok
LA_D_7122184,-12.408134460449219,-12.408891677856445,ok
LA_D_7122312,12.546382904052734,12.54934024810791,ok
LA_D_7123142,11.178509712219238,11.180207252502441,ok
LA_D_7123406,-11.295680046081543,-11.29674243927002,ok
LA_D_7124167,17.94268798828125,17.94544792175293,ok
LA_D_7124239,16.05171012878418,16.053239822387695,ok
LA_D_7125605,17.479631423950195,17.48773193359375,ok
LA_D_7125815,15.928224563598633,15.932999610900879,ok
LA_D_7126476,19.105838775634766,19.105609893798828,ok
LA_D_7126534,15.869074821472168,15.871237754821777,ok
LA_D_7127082,16.42317008972168,16.423463821411133,ok
LA_D_7127633,14.742920875549316,14.745824813842773,ok
LA_D_7129621,12.399140357971191,12.39920425415039,ok
LA_D_7129774,11.811134338378906,11.811161994934082,ok
LA_D_7130070,-13.911442756652832,-13.911656379699707,ok
LA_D_7130454,11.006486892700195,11.007355690002441,ok
LA_D_7130895,19.982749938964844,19.982797622680664,ok
LA_D_7133142,18.519004821777344,18.52523422241211,ok
LA_D_7135015,14.806113243103027,14.80561351776123,ok
LA_D_7135654,14.210945129394531,14.218144416809082,ok
LA_D_7137953,11.624528884887695,11.627191543579102,ok
LA_D_7137971,14.455360412597656,14.455541610717773,ok
LA_D_7138607,14.725008010864258,14.725322723388672,ok
LA_D_7138620,16.870288848876953,16.871450424194336,ok
LA_D_7139438,15.304403305053711,15.307557106018066,ok
LA_D_7139553,-12.135953903198242,-12.136239051818848,ok
LA_D_7139694,21.640228271484375,21.640911102294922,ok
LA_D_7139855,16.038928985595703,16.040607452392578,ok
LA_D_7139969,11.835760116577148,11.836091041564941,ok
LA_D_7140664,14.14516544342041,14.14555549621582,ok
LA_D_7141763,12.832480430603027,12.833088874816895,ok
LA_D_7141905,20.607288360595703,20.611265182495117,ok
LA_D_7142124,17.792455673217773,17.796266555786133,ok
LA_D_7143938,17.83671760559082,17.837446212768555,ok
LA_D_7145015,12.306410789489746,12.320551872253418,ok
LA_D_7145643,10.257880210876465,10.258084297180176,ok
LA_D_7147745,15.861295700073242,15.861729621887207,ok
LA_D_7148219,13.151676177978516,13.152474403381348,ok
LA_D_7149026,9.819674491882324,9.819336891174316,ok
LA_D_7149435,17.843961715698242,17.855207443237305,ok
LA_D_7149695,11.38569450378418,11.386469841003418,ok
LA_D_7151621,14.182775497436523,14.183717727661133,ok
LA_D_7152817,-15.91512393951416,-15.917502403259277,ok
LA_D_7153247,16.040111541748047,16.04498291015625,ok
LA_D_7153518,17.38716697692871,17.392824172973633,ok
LA_D_7154160,13.889623641967773,13.89008617401123,ok
LA_D_7154479,-13.053284645080566,-13.053610801696777,ok
LA_D_7154683,12.181445121765137,12.181456565856934,ok
LA_D_7157816,6.528985977172852,6.529259204864502,ok
LA_D_7160142,13.324666976928711,13.325114250183105,ok
LA_D_7160537,12.248678207397461,12.252345085144043,ok
LA_D_7160972,-1.462485909461975,-1.463039755821228,ok
LA_D_7162317,-15.579705238342285,-15.581355094909668,ok
LA_D_7164376,-14.470330238342285,-14.47126293182373,ok
LA_D_7164827,16.244462966918945,16.247446060180664,ok
LA_D_7165623,11.735857009887695,11.737455368041992,ok
LA_D_7165792,11.463356971740723,11.46492862701416,ok
LA_D_7166280,14.335506439208984,14.339548110961914,ok
LA_D_7166669,11.499980926513672,11.500643730163574,ok
LA_D_7166738,7.138748645782471,7.138691425323486,ok
LA_D_7166843,21.549341201782227,21.554121017456055,ok
LA_D_7167124,17.581987380981445,17.582639694213867,ok
LA_D_7167134,12.467520713806152,12.471702575683594,ok
LA_D_7168411,12.6913423538208,12.695374488830566,ok
LA_D_7169168,9.378791809082031,9.37939739227295,ok
LA_D_7169217,16.373310089111328,16.37826156616211,ok
LA_D_7170139,11.49291706085205,11.5018949508667,ok
LA_D_7170458,9.262347221374512,9.26250171661377,ok
LA_D_7170607,11.896651268005371,11.898701667785645,ok
LA_D_7170608,15.96660041809082,15.969748497009277,ok
LA_D_7170620,14.441108703613281,14.447397232055664,ok
LA_D_7171461,4.952493190765381,4.951414585113525,ok
LA_D_7172075,14.143814086914062,14.146400451660156,ok
LA_D_7173210,6.033881187438965,6.03603982925415,ok
LA_D_7173433,16.259824752807617,16.268918991088867,ok
LA_D_7173940,14.92072868347168,14.921518325805664,ok
LA_D_7174232,17.66010284423828,17.66172218322754,ok
LA_D_7175689,15.153915405273438,15.156529426574707,ok
LA_D_7175704,12.63531494140625,12.635372161865234,ok
LA_D_7176031,16.498226165771484,16.502065658569336,ok
LA_D_7176078,15.748851776123047,15.751164436340332,ok
LA_D_7178248,7.680779457092285,7.681451320648193,ok
LA_D_7179358,15.072484016418457,15.074556350708008,ok
LA_D_7179593,-13.70755672454834,-13.70776081085205,ok
LA_D_7180447,15.343255996704102,15.349635124206543,ok
LA_D_7181044,1.9970678091049194,1.9968358278274536,ok
LA_D_7182532,16.52450180053711,16.532794952392578,ok
LA_D_7183546,11.974337577819824,11.974806785583496,ok
LA_D_7183894,20.32904052734375,20.331369400024414,ok
LA_D_7186069,19.305198669433594,19.306339263916016,ok
LA_D_7186648,12.792210578918457,12.7921781539917,ok
LA_D_7187188,14.258440017700195,14.25886058807373,ok
LA_D_7187563,11.70999813079834,11.712281227111816,ok
LA_D_7187597,14.018620491027832,14.019163131713867,ok
LA_D_7187720,17.656715393066406,17.663719177246094,ok
LA_D_7188227,13.005586624145508,13.013640403747559,ok
LA_D_7189280,-15.693181991577148,-15.693567276000977,ok
LA_D_7189435,12.500692367553711,12.502972602844238,ok
LA_D_7189804,10.780359268188477,10.781234741210938,ok
LA_D_7190406,13.445700645446777,13.445748329162598,ok
LA_D_7190581,16.58133316040039,16.585535049438477,ok
LA_D_7191599,10.171309471130371,10.171280860900879,ok
LA_D_7191759,11.126254081726074,11.12794017791748,ok
LA_D_7191859,17.079505920410156,17.094486236572266,ok
LA_D_7192041,14.844866752624512,14.846413612365723,ok
LA_D_7192415,12.596327781677246,12.597402572631836,ok
LA_D_7193344,13.279024124145508,13.283130645751953,ok
LA_D_7194141,16.525264739990234,16.53384017944336,ok
LA_D_7194672,14.331154823303223,14.33182144165039,ok
LA_D_7194718,13.80444049835205,13.80489444732666,ok
LA_D_7194931,12.430891036987305,12.433744430541992,ok
LA_D_7196231,16.068803787231445,16.069028854370117,ok
LA_D_7196635,13.516813278198242,13.517584800720215,ok
LA_D_7197317,7.607126712799072,7.606712818145752,ok
LA_D_7199102,15.078938484191895,15.086349487304688,ok
LA_D_7200372,13.708900451660156,13.713047981262207,ok
LA_D_7200480,-5.712247848510742,-5.714759349822998,ok
LA_D_7200791,-13.779809951782227,-13.78154182434082,ok
LA_D_7201438,13.755011558532715,13.758941650390625,ok
LA_D_7201951,11.834345817565918,11.838379859924316,ok
LA_D_7203605,-9.63127613067627,-9.633857727050781,ok
LA_D_7204569,-13.841388702392578,-13.84972858428955,ok
LA_D_7205018,16.348779678344727,16.35268783569336,ok
LA_D_7205609,11.333123207092285,11.336241722106934,ok
LA_D_7206552,11.660977363586426,11.661723136901855,ok
LA_D_7207516,7.6018452644348145,7.601961612701416,ok
LA_D_7207798,-6.377023220062256,-6.377308368682861,ok
LA_D_7209731,12.265204429626465,12.265135765075684,ok
LA_D_7209780,12.5671968460083,12.568242073059082,ok
LA_D_7210071,16.306488037109375,16.310216903686523,ok
LA_D_7211753,13.691598892211914,13.691390991210938,ok
LA_D_7212540,8.127989768981934,8.128544807434082,ok
LA_D_7212590,14.73914623260498,14.7393217086792,ok
LA_D_7213885,-12.751462936401367,-12.757551193237305,ok
LA_D_7215553,3.7998554706573486,3.8006889820098877,ok
LA_D_7215783,13.978784561157227,13.980056762695312,ok
LA_D_7218456,10.256600379943848,10.257126808166504,ok
LA_D_7218513,15.557334899902344,15.557503700256348,ok
LA_D_7219075,18.46461296081543,18.47234344482422,ok
LA_D_7219088,13.419221878051758,13.419662475585938,ok
LA_D_7219426,-5.032037258148193,-5.032130718231201,ok
LA_D_7219660,10.87484359741211,10.875029563903809,ok
LA_D_7219959,16.580862045288086,16.582212448120117,ok
LA_D_7220382,15.821626663208008,15.823637962341309,ok
LA_D_7222508,14.85145092010498,14.851451873779297,ok
LA_D_7223284,12.713418006896973,12.716561317443848,ok
LA_D_7224171,12.815469741821289,12.815685272216797,ok
LA_D_7224568,4.728029727935791,4.728105068206787,ok
LA_D_7225053,14.35145378112793,14.35122013092041,ok
LA_D_7225338,9.75284481048584,9.752982139587402,ok
LA_D_7225984,15.072647094726562,15.072331428527832,ok
LA_D_7226739,15.58277416229248,15.585577011108398,ok
LA_D_7227396,10.336512565612793,10.337813377380371,ok
LA_D_7228303,12.195923805236816,12.199847221374512,ok
LA_D_7229041,14.027408599853516,14.029922485351562,ok
LA_D_7229340,13.773052215576172,13.773306846618652,ok
LA_D_7230566,-15.41360855102539,-15.41785717010498,ok
LA_D_7230852,15.950305938720703,15.951440811157227,ok
LA_D_7233780,16.62155532836914,16.626352310180664,ok
LA_D_7234016,14.739267349243164,14.740058898925781,ok
LA_D_7234278,15.320121765136719,15.321525573730469,ok
LA_D_7235373,-14.852303504943848,-14.854555130004883,ok
LA_D_7235672,17.040971755981445,17.04186248779297,ok
LA_D_7237488,20.544313430786133,20.545488357543945,ok
LA_D_7237811,25.038949966430664,25.04241943359375,ok
LA_D_7238018,-14.815882682800293,-14.816123962402344,ok
LA_D_7241809,19.49964141845703,19.5018253326416,ok
LA_D_7244876,13.164695739746094,13.175436973571777,ok
LA_D_7245573,9.253728866577148,9.256150245666504,ok
LA_D_7246488,14.829919815063477,14.830269813537598,ok
LA_D_7248069,11.345020294189453,11.34620189666748,ok
LA_D_7248953,15.4749174118042,15.476839065551758,ok
LA_D_7249074,16.732938766479492,16.74323081970215,ok
LA_D_7249552,10.178170204162598,10.182282447814941,ok
LA_D_7250780,15.647079467773438,15.648985862731934,ok
LA_D_7253146,-13.135637283325195,-13.136322975158691,ok
LA_D_7253310,10.127846717834473,10.128010749816895,ok
LA_D_7253817,11.619714736938477,11.619744300842285,ok
LA_D_7254011,12.951647758483887,12.955283164978027,ok
LA_D_7254050,15.579106330871582,15.585214614868164,ok
LA_D_7254378,25.083040237426758,25.090665817260742,ok
LA_D_7255005,-14.318374633789062,-14.324742317199707,ok
LA_D_7255755,15.870382308959961,15.87475872039795,ok
LA_D_7256748,12.648289680480957,12.650468826293945,ok
LA_D_7257796,13.443488121032715,13.44360065460205,ok
LA_D_7260355,16.200626373291016,16.202396392822266,ok
LA_D_7261120,-8.927769660949707,-8.929308891296387,ok
LA_D_7261537,12.085746765136719,12.085999488830566,ok
LA_D_7261761,12.15857219696045,12.162751197814941,ok
LA_D_7262716,15.161161422729492,15.16529369354248,ok
LA_D_7262720,12.409960746765137,12.410551071166992,ok
LA_D_7263188,16.490310668945312,16.493505477905273,ok
LA_D_7263401,16.946304321289062,16.946359634399414,ok
LA_D_7264686,12.570789337158203,12.57139778137207,ok
LA_D_7265371,13.211591720581055,13.212305068969727,ok
LA_D_7267402,-9.42479133605957,-9.426900863647461,ok
LA_D_7269077,14.75741958618164,14.759603500366211,ok
LA_D_7269587,9.271886825561523,9.273077964782715,ok
LA_D_7270074,-17.01530647277832,-17.01713752746582,ok
LA_D_7271587,-14.30141544342041,-14.303338050842285,ok
LA_D_7272412,15.074872970581055,15.074960708618164,ok
LA_D_7273712,15.256450653076172,15.259112358093262,ok
LA_D_7273954,9.418904304504395,9.419029235839844,ok
LA_D_7274330,9.774497985839844,9.774757385253906,ok
LA_D_7277373,-13.675728797912598,-13.676883697509766,ok
LA_D_7277920,14.492313385009766,14.492400169372559,ok
LA_D_7277959,12.8701753616333,12.870165824890137,ok
LA_D_7278311,17.72430419921875,17.727373123168945,ok
LA_D_7278858,9.9664306640625,9.966585159301758,ok
LA_D_7279265,15.078482627868652,15.079781532287598,ok
LA_D_7279410,7.758652210235596,7.7586798667907715,ok
LA_D_7281015,10.738334655761719,10.742138862609863,ok
LA_D_7281159,15.034064292907715,15.039045333862305,ok
LA_D_7282044,8.197408676147461,8.197989463806152,ok
LA_D_7283308,11.713409423828125,11.715168952941895,ok
LA_D_7283586,14.445738792419434,14.446202278137207,ok
LA_D_7284760,18.014812469482422,18.017202377319336,ok
LA_D_7284920,9.63477611541748,9.63488483428955,ok
LA_D_7285246,15.297868728637695,15.310080528259277,ok
LA_D_7286535,11.977383613586426,11.980517387390137,ok
LA_D_7288605,20.920804977416992,20.922746658325195,ok
LA_D_7288713,12.202820777893066,12.2028169631958,ok
LA_D_7289124,17.661727905273438,17.670244216918945,ok
LA_D_7289423,12.00132942199707,12.002470016479492,ok
LA_D_7289655,8.635988235473633,8.635970115661621,ok
LA_D_7290012,19.74474334716797,19.745141983032227,ok
LA_D_7290138,20.570343017578125,20.570280075073242,ok
LA_D_7290285,14.867366790771484,14.869568824768066,ok
LA_D_7293816,9.933985710144043,9.937355995178223,ok
LA_D_7294059,10.453878402709961,10.45714282989502,ok
LA_D_7295722,18.27728271484375,18.28118324279785,ok
LA_D_7296201,11.137080192565918,11.1365966796875,ok
LA_D_7297087,12.275693893432617,12.275642395019531,ok
LA_D_7297385,15.01417064666748,15.014615058898926,ok
LA_D_7297643,16.862398147583008,16.866716384887695,ok
LA_D_7298083,11.36532974243164,11.370920181274414,ok
LA_D_7298541,10.570659637451172,10.57103157043457,ok
LA_D_7298589,12.818227767944336,12.823334693908691,ok
LA_D_7299439,16.188976287841797,16.205148696899414,ok
LA_D_7299514,-11.87540054321289,-11.87728500366211,ok
LA_D_7299706,7.0196685791015625,7.019848823547363,ok
LA_D_7299749,14.593069076538086,14.593542098999023,ok
LA_D_7300406,10.678810119628906,10.679317474365234,ok
LA_D_7300764,11.70610523223877,11.707444190979004,ok
LA_D_7302282,10.831160545349121,10.835346221923828,ok
LA_D_7302367,14.457619667053223,14.459824562072754,ok
LA_D_7302757,15.865731239318848,15.867595672607422,ok
LA_D_7302765,10.432498931884766,10.437220573425293,ok
LA_D_7304634,-10.59743595123291,-10.599745750427246,ok
LA_D_7306507,12.38605785369873,12.3875093460083,ok
LA_D_7307287,18.101560592651367,18.103281021118164,ok
LA_D_7307702,16.273887634277344,16.2742862701416,ok
LA_D_7308100,18.292356491088867,18.3033390045166,ok
LA_D_7308358,8.102010726928711,8.102055549621582,ok
LA_D_7310490,7.7540812492370605,7.753986358642578,ok
LA_D_7312402,10.013242721557617,10.014998435974121,ok
LA_D_7312535,10.665952682495117,10.667786598205566,ok
LA_D_7312592,20.030345916748047,20.0366268157959,ok
LA_D_7312870,18.557039260864258,18.565950393676758,ok
LA_D_7313112,11.784107208251953,11.784321784973145,ok
LA_D_7313906,12.20870590209961,12.210516929626465,ok
LA_D_7314322,-11.054553985595703,-11.054769515991211,ok
LA_D_7314849,13.50013256072998,13.500149726867676,ok
LA_D_7317360,17.705669403076172,17.708343505859375,ok
LA_D_7317597,11.2441987991333,11.24426555633545,ok
LA_D_7318854,10.170645713806152,10.170654296875,ok
LA_D_7319497,-13.870044708251953,-13.874350547790527,ok
LA_D_7320269,12.565154075622559,12.565815925598145,ok
LA_D_7321136,17.83971405029297,17.843242645263672,ok
LA_D_7322306,10.517523765563965,10.51922607421875,ok
LA_D_7322960,11.55254077911377,11.557936668395996,ok
LA_D_7324285,-11.80036735534668,-11.801074028015137,ok
LA_D_7325586,11.9439058303833,11.945611953735352,ok
LA_D_7325649,11.35161018371582,11.357892036437988,ok
LA_D_7326976,14.49542236328125,14.496355056762695,ok
LA_D_7328344,9.836065292358398,9.8366060256958,ok
LA_D_7328872,14.171429634094238,14.172404289245605,ok
LA_D_7330298,12.903573989868164,12.903985023498535,ok
LA_D_7331566,15.088838577270508,15.08980655670166,ok
LA_D_7331654,13.165812492370605,13.166600227355957,ok
LA_D_7332066,14.117951393127441,14.119805335998535,ok
LA_D_7333250,12.642561912536621,12.642719268798828,ok
LA_D_7333352,-10.6635103225708,-10.664971351623535,ok
LA_D_7334119,8.200811386108398,8.200823783874512,ok
LA_D_7334607,11.911145210266113,11.912035942077637,ok
LA_D_7336188,13.389139175415039,13.389557838439941,ok
LA_D_7336955,13.41560173034668,13.417487144470215,ok
LA_D_7337126,15.724167823791504,15.726290702819824,ok
LA_D_7337279,23.48828125,23.48993492126465,ok
LA_D_7337689,11.373632431030273,11.373696327209473,ok
LA_D_7338327,9.296093940734863,9.297234535217285,ok
LA_D_7339440,15.837468147277832,15.841058731079102,ok
LA_D_7339762,-10.948809623718262,-10.949156761169434,ok
LA_D_7339843,14.429046630859375,14.430407524108887,ok
LA_D_7342043,10.625975608825684,10.626568794250488,ok
LA_D_7342694,8.438549995422363,8.439248085021973,ok
LA_D_7342764,11.829075813293457,11.829136848449707,ok
LA_D_7343331,13.584230422973633,13.585721015930176,ok
LA_D_7343735,16.225893020629883,16.227169036865234,ok
LA_D_7346067,9.956336975097656,9.959052085876465,ok
LA_D_7346604,7.077007293701172,7.079883098602295,ok
LA_D_7346965,8.794395446777344,8.794650077819824,ok
LA_D_7347549,13.932230949401855,13.932153701782227,ok
LA_D_7350895,13.310107231140137,13.31118106842041,ok
LA_D_7352908,13.071050643920898,13.072522163391113,ok
LA_D_7354898,16.04704475402832,16.04819679260254,ok
LA_D_7355156,12.545389175415039,12.54633617401123,ok
LA_D_7355507,16.50761604309082,16.50779914855957,ok
LA_D_7355604,13.092248916625977,13.095011711120605,ok
LA_D_7355945,10.580613136291504,10.580660820007324,ok
LA_D_7357609,12.701031684875488,12.703049659729004,ok
LA_D_7359047,19.707185745239258,19.71080207824707,ok
LA_D_7359378,14.60842227935791,14.610417366027832,ok
LA_D_7360950,13.094127655029297,13.100800514221191,ok
LA_D_7361566,-13.212677955627441,-13.214173316955566,ok
LA_D_7362645,10.126742362976074,10.128355026245117,ok
LA_D_7363059,13.914154052734375,13.91409683227539,ok
LA_D_7363405,12.803279876708984,12.80331039428711,ok
LA_D_7363496,14.173916816711426,14.174107551574707,ok
LA_D_7363764,-14.795794486999512,-14.805521965026855,ok
LA_D_7365945,14.055721282958984,14.05713176727295,ok
LA_D_7366011,11.121125221252441,11.122147560119629,ok
LA_D_7367187,16.196670532226562,16.198057174682617,ok
LA_D_7367873,14.932005882263184,14.934200286865234,ok
LA_D_7368554,11.702984809875488,11.70494556427002,ok
LA_D_7368744,12.362893104553223,12.374951362609863,ok
LA_D_7368863,17.610095977783203,17.612699508666992,ok
LA_D_7369444,13.308000564575195,13.308598518371582,ok
LA_D_7370306,-9.157255172729492,-9.160712242126465,ok
LA_D_7370520,-6.322454929351807,-6.323875904083252,ok
LA_D_7372276,10.084850311279297,10.084749221801758,ok
LA_D_7373220,15.34444522857666,15.344902992248535,ok
LA_D_7373443,14.360228538513184,14.36208438873291,ok
LA_D_7373652,16.74582862854004,16.7480411529541,ok
LA_D_7373710,11.73918342590332,11.739516258239746,ok
LA_D_7374784,12.140911102294922,12.141209602355957,ok
LA_D_7375499,11.901891708374023,11.902445793151855,ok
LA_D_7375840,17.136449813842773,17.148523330688477,ok
LA_D_7377187,7.4148125648498535,7.414758682250977,ok
LA_D_7380127,13.640522956848145,13.641398429870605,ok
LA_D_7380433,11.092884063720703,11.09343147277832,ok
LA_D_7380582,-15.125316619873047,-15.129948616027832,ok
LA_D_7380667,10.092331886291504,10.092623710632324,ok
LA_D_7380699,17.71152114868164,17.716367721557617,ok
LA_D_7382039,19.33767318725586,19.360328674316406,ok
LA_D_7382673,18.75183868408203,18.754358291625977,ok
LA_D_7382692,12.724040985107422,12.724029541015625,ok
LA_D_7383133,15.160093307495117,15.162641525268555,ok
LA_D_7383463,9.630303382873535,9.630290031433105,ok
LA_D_7383599,-11.237991333007812,-11.238184928894043,ok
LA_D_7385274,-15.282952308654785,-15.288098335266113,ok
LA_D_7385727,11.295417785644531,11.295331001281738,ok
LA_D_7386222,11.277667999267578,11.278159141540527,ok
LA_D_7388625,10.323793411254883,10.324210166931152,ok
LA_D_7388723,12.56867790222168,12.568333625793457,ok
LA_D_7389015,13.312479972839355,13.312369346618652,ok
LA_D_7390522,14.660526275634766,14.661758422851562,ok
LA_D_7391591,-14.404064178466797,-14.405702590942383,ok
LA_D_7392383,16.610363006591797,16.61617088317871,ok
LA_D_7393779,15.85790729522705,15.859792709350586,ok
LA_D_7394528,14.884186744689941,14.885581016540527,ok
LA_D_7394757,-8.486392974853516,-8.486760139465332,ok
LA_D_7394778,15.071867942810059,15.074077606201172,ok
LA_D_7395153,21.331661224365234,21.33791160583496,ok
LA_D_7395983,13.183137893676758,13.183130264282227,ok
LA_D_7398116,11.883264541625977,11.884787559509277,ok
LA_D_7398349,13.350128173828125,13.352276802062988,ok
LA_D_7398714,12.939295768737793,12.94011402130127,ok
LA_D_7399269,11.373830795288086,11.377860069274902,ok
LA_D_7399969,15.440421104431152,15.44092845916748,ok
LA_D_7400680,-14.48237419128418,-14.483585357666016,ok
LA_D_7401877,12.058056831359863,12.058552742004395,ok
LA_D_7401894,15.610848426818848,15.613337516784668,ok
LA_D_7401919,11.683404922485352,11.683491706848145,ok
LA_D_7402503,7.95416259765625,7.95454740524292,ok
LA_D_7403376,14.914299964904785,14.91711711883545,ok
LA_D_7404557,14.462808609008789,14.465543746948242,ok
LA_D_7404738,15.480772972106934,15.482317924499512,ok
LA_D_7406865,11.197882652282715,11.1981782913208,ok
LA_D_7407432,-2.9795315265655518,-2.9802398681640625,ok
LA_D_7408100,-10.156000137329102,-10.157113075256348,ok
LA_D_7408392,10.123298645019531,10.123443603515625,ok
LA_D_7409252,17.51753044128418,17.519914627075195,ok
LA_D_7410620,12.460238456726074,12.461466789245605,ok
LA_D_7410931,13.838957786560059,13.843657493591309,ok
LA_D_7411008,11.0625581741333,11.062499046325684,ok
LA_D_7411256,14.936198234558105,14.945391654968262,ok
LA_D_7412100,12.052149772644043,12.054558753967285,ok
LA_D_7414510,15.88767147064209,15.887764930725098,ok
LA_D_7415426,18.749134063720703,18.750675201416016,ok
LA_D_7415755,16.55820655822754,16.561756134033203,ok
LA_D_7415932,13.236560821533203,13.240620613098145,ok
LA_D_7418362,16.36919593811035,16.37023162841797,ok
LA_D_7418963,13.539597511291504,13.539770126342773,ok
LA_D_7419811,7.686455249786377,7.686455726623535,ok
LA_D_7420352,12.564800262451172,12.56912612915039,ok
LA_D_7420382,9.401278495788574,9.402104377746582,ok
LA_D_7421260,17.96479034423828,17.96954917907715,ok
LA_D_7421536,16.053485870361328,16.057769775390625,ok
LA_D_7421940,13.351085662841797,13.351408958435059,ok
LA_D_7421972,15.507869720458984,15.511897087097168,ok
LA_D_7422802,14.747187614440918,14.758330345153809,ok
LA_D_7423342,-14.107749938964844,-14.109236717224121,ok
LA_D_7424751,14.778286933898926,14.778657913208008,ok
LA_D_7425009,12.755094528198242,12.755439758300781,ok
LA_D_7425122,17.4370059967041,17.44234275817871,ok
LA_D_7427303,16.300113677978516,16.30079460144043,ok
LA_D_7428513,-13.885246276855469,-13.888425827026367,ok
LA_D_7428865,16.550142288208008,16.553789138793945,ok
LA_D_7429028,20.89847183227539,20.8991641998291,ok
LA_D_7430270,13.471185684204102,13.472643852233887,ok
LA_D_7430660,11.296870231628418,11.296784400939941,ok
LA_D_7430939,14.377449989318848,14.383292198181152,ok
LA_D_7431648,15.500641822814941,15.500466346740723,ok
LA_D_7431998,15.203835487365723,15.204071044921875,ok
LA_D_7433900,15.39323616027832,15.394030570983887,ok
LA_D_7434265,12.755535125732422,12.757802963256836,ok
LA_D_7435327,14.493614196777344,14.494690895080566,ok
LA_D_7436720,14.05184555053711,14.055436134338379,ok
LA_D_7438016,9.1583890914917,9.158185958862305,ok
LA_D_7439452,13.347249031066895,13.349593162536621,ok
LA_D_7440074,15.04493236541748,15.045353889465332,ok
LA_D_7440389,14.062546730041504,14.06469440460205,ok
LA_D_7442253,15.992100715637207,15.99518871307373,ok
LA_D_7442269,9.52551555633545,9.525519371032715,ok
LA_D_7444518,14.541413307189941,14.546156883239746,ok
LA_D_7445146,15.37985610961914,15.383804321289062,ok
LA_D_7445946,23.921586990356445,23.92849349975586,ok
LA_D_7446128,15.329316139221191,15.332101821899414,ok
LA_D_7447795,13.759413719177246,13.759429931640625,ok
LA_D_7448493,9.820802688598633,9.821200370788574,ok
LA_D_7448540,10.074004173278809,10.077363014221191,ok
LA_D_7449021,16.537721633911133,16.539613723754883,ok
LA_D_7449236,-13.944759368896484,-13.944844245910645,ok
LA_D_7450739,-14.490641593933105,-14.49203872680664,ok
LA_D_7451179,10.503618240356445,10.5054292678833,ok
LA_D_7451276,-12.441791534423828,-12.443913459777832,ok
LA_D_7451358,12.776724815368652,12.781508445739746,ok
LA_D_7451364,-9.385787010192871,-9.38722038269043,ok
LA_D_7452217,17.69167137145996,17.69675064086914,ok
LA_D_7453123,16.591821670532227,16.59929084777832,ok
LA_D_7453706,7.50938081741333,7.508686065673828,ok
LA_D_7454687,10.182731628417969,10.184708595275879,ok
LA_D_7455119,-10.14139175415039,-10.147873878479004,ok
LA_D_7456275,15.169439315795898,15.170169830322266,ok
LA_D_7457091,12.712356567382812,12.71609878540039,ok
LA_D_7459319,13.104471206665039,13.11085033416748,ok
LA_D_7460094,14.046852111816406,14.048800468444824,ok
LA_D_7460902,-12.791173934936523,-12.79118537902832,ok
LA_D_7461756,14.905801773071289,14.906733512878418,ok
LA_D_7464280,14.798822402954102,14.800925254821777,ok
LA_D_7464417,14.665478706359863,14.666522026062012,ok
LA_D_7464682,-15.457992553710938,-15.458513259887695,ok
LA_D_7464906,11.283841133117676,11.284451484680176,ok
LA_D_7466640,9.564820289611816,9.56533145904541,ok
LA_D_7466992,18.605567932128906,18.608646392822266,ok
LA_D_7467158,-11.5213041305542,-11.5215482711792,ok
LA_D_7467696,-13.998117446899414,-13.998580932617188,ok
LA_D_7467996,16.67782974243164,16.68419075012207,ok
LA_D_7468306,17.06572151184082,17.06795310974121,ok
LA_D_7468708,15.056462287902832,15.057333946228027,ok
LA_D_7468954,12.661141395568848,12.661206245422363,ok
LA_D_7469397,13.450109481811523,13.452254295349121,ok
LA_D_7470679,12.910297393798828,12.91074275970459,ok
LA_D_7471232,15.394355773925781,15.402909278869629,ok
LA_D_7471560,-14.48425579071045,-14.48728084564209,ok
LA_D_7472227,13.839468002319336,13.840088844299316,ok
LA_D_7473056,20.059370040893555,20.065664291381836,ok
LA_D_7473191,-14.389856338500977,-14.391790390014648,ok
LA_D_7473280,12.585060119628906,12.58518123626709,ok
LA_D_7473607,15.16134262084961,15.161438941955566,ok
LA_D_7473728,12.87003231048584,12.870058059692383,ok
LA_D_7476328,12.701148986816406,12.70169734954834,ok
LA_D_7477006,19.944530487060547,19.946712493896484,ok
LA_D_7478232,8.557440757751465,8.557509422302246,ok
LA_D_7479337,11.391996383666992,11.392001152038574,ok
LA_D_7479581,14.33859634399414,14.338767051696777,ok
LA_D_7479660,16.060768127441406,16.06086540222168,ok
LA_D_7480369,5.649542808532715,5.649556636810303,ok
LA_D_7480903,-6.481560230255127,-6.481895923614502,ok
LA_D_7481545,14.05827808380127,14.059406280517578,ok
LA_D_7481774,17.016693115234375,17.01933479309082,ok
LA_D_7481984,12.861064910888672,12.861865043640137,ok
LA_D_7482285,6.947613716125488,6.947684288024902,ok
LA_D_7482753,11.442168235778809,11.44239330291748,ok
LA_D_7484463,22.392499923706055,22.393091201782227,ok
LA_D_7484552,15.458422660827637,15.460943222045898,ok
LA_D_7484636,12.860579490661621,12.860905647277832,ok
LA_D_7484913,15.755789756774902,15.75578498840332,ok
LA_D_7485630,-13.791204452514648,-13.792572975158691,ok
LA_D_7486320,13.47360897064209,13.476601600646973,ok
LA_D_7487831,14.69687271118164,14.700505256652832,ok
LA_D_7489647,14.418835639953613,14.420671463012695,ok
LA_D_7489677,10.811468124389648,10.812027931213379,ok
LA_D_7490527,11.258374214172363,11.259292602539062,ok
LA_D_7491481,16.952533721923828,16.955354690551758,ok
LA_D_7491886,16.024749755859375,16.024900436401367,ok
LA_D_7493620,11.949618339538574,11.95090103149414,ok
LA_D_7493894,6.054895401000977,6.0548834800720215,ok
LA_D_7496196,-11.184704780578613,-11.185559272766113,ok
LA_D_7496841,8.181736946105957,8.18200397491455,ok
LA_D_7499183,14.104949951171875,14.106650352478027,ok
LA_D_7500473,15.14500617980957,15.146903038024902,ok
LA_D_7501132,14.595972061157227,14.597514152526855,ok
LA_D_7501222,13.966444969177246,13.967534065246582,ok
LA_D_7502624,14.58069133758545,14.581674575805664,ok
LA_D_7503562,14.576720237731934,14.577052116394043,ok
LA_D_7503637,14.27938175201416,14.27940845489502,ok
LA_D_7504069,12.309977531433105,12.310656547546387,ok
LA_D_7504343,10.602741241455078,10.60278034210205,ok
LA_D_7504762,10.981391906738281,10.984968185424805,ok
LA_D_7506025,14.048030853271484,14.052590370178223,ok
LA_D_7506195,19.334880828857422,19.34816551208496,ok
LA_D_7506627,16.63071632385254,16.631006240844727,ok
LA_D_7508544,25.806060791015625,25.810733795166016,ok
LA_D_7509263,14.927790641784668,14.928622245788574,ok
LA_D_7509663,-12.910600662231445,-12.911835670471191,ok
LA_D_7510202,-13.103510856628418,-13.110337257385254,ok
LA_D_7510219,9.130698204040527,9.130963325500488,ok
LA_D_7510776,17.411516189575195,17.41228675842285,ok
LA_D_7510866,18.591196060180664,18.593915939331055,ok
LA_D_7511640,10.608689308166504,10.608840942382812,ok
LA_D_7512294,-10.269962310791016,-10.270905494689941,ok
LA_D_7512399,15.446002960205078,15.452932357788086,ok
LA_D_7516190,14.396108627319336,14.396973609924316,ok
LA_D_7519102,12.849868774414062,12.850359916687012,ok
LA_D_7519937,15.859783172607422,15.860589027404785,ok
LA_D_7519959,13.847225189208984,13.847660064697266,ok
LA_D_7520064,10.358170509338379,10.364624977111816,ok
LA_D_7520400,16.8813419342041,16.884033203125,ok
LA_D_7520496,11.941327095031738,11.94225025177002,ok
LA_D_7521790,14.53583812713623,14.53780746459961,ok
LA_D_7522278,12.78454303741455,12.78571605682373,ok
LA_D_7523717,14.332230567932129,14.332262992858887,ok
LA_D_7524440,14.037528991699219,14.039166450500488,ok
LA_D_7524908,14.571024894714355,14.571585655212402,ok
LA_D_7525010,15.326078414916992,15.326817512512207,ok
LA_D_7525091,16.08628273010254,16.095441818237305,ok
LA_D_7525244,18.379968643188477,18.380815505981445,ok
LA_D_7525926,-12.055447578430176,-12.05739688873291,ok
LA_D_7526293,10.44363021850586,10.44423770904541,ok
LA_D_7526777,9.549385070800781,9.550673484802246,ok
LA_D_7528137,13.946894645690918,13.948492050170898,ok
LA_D_7529258,14.237688064575195,14.253247261047363,ok
LA_D_7529532,16.41468048095703,16.41901206970215,ok
LA_D_7530789,-14.937387466430664,-14.937851905822754,ok
LA_D_7532592,18.107667922973633,18.108606338500977,ok
LA_D_7533258,7.584578037261963,7.58323860168457,ok
LA_D_7533494,17.777441024780273,17.777292251586914,ok
LA_D_7535260,10.082762718200684,10.090481758117676,ok
LA_D_7535853,12.86429500579834,12.864912033081055,ok
LA_D_7536394,8.462779998779297,8.464495658874512,ok
LA_D_7536401,16.018308639526367,16.018619537353516,ok
LA_D_7536830,18.770845413208008,18.777490615844727,ok
LA_D_7537666,15.12447738647461,15.126015663146973,ok
LA_D_7537886,14.622115135192871,14.623692512512207,ok
LA_D_7538760,15.466167449951172,15.466324806213379,ok
LA_D_7540473,13.614665985107422,13.61491584777832,ok
LA_D_7541122,10.888945579528809,10.892521858215332,ok
LA_D_7542569,-13.144867897033691,-13.14509105682373,ok
LA_D_7543704,15.742889404296875,15.743340492248535,ok
LA_D_7543928,13.002941131591797,13.005316734313965,ok
LA_D_7544809,13.30178451538086,13.301946640014648,ok
LA_D_7546312,17.782930374145508,17.785673141479492,ok
LA_D_7546610,12.493301391601562,12.494441032409668,ok
LA_D_7547533,16.615419387817383,16.623056411743164,ok
LA_D_7549839,13.439425468444824,13.43934154510498,ok
LA_D_7550546,-14.31321907043457,-14.31550121307373,ok
LA_D_7550549,9.709809303283691,9.709980964660645,ok
LA_D_7550680,13.122905731201172,13.124436378479004,ok
LA_D_7551227,11.98828125,11.9884672164917,ok
LA_D_7551589,10.54410457611084,10.54652214050293,ok
LA_D_7551987,19.297086715698242,19.297903060913086,ok
LA_D_7552298,14.568675994873047,14.569499969482422,ok
LA_D_7552379,12.966333389282227,12.96838092803955,ok
LA_D_7554584,16.013599395751953,16.01422119140625,ok
LA_D_7554684,16.760799407958984,16.761178970336914,ok
LA_D_7555845,14.13160514831543,14.133170127868652,ok
LA_D_7555962,12.874377250671387,12.874463081359863,ok
LA_D_7556397,-12.400075912475586,-12.400187492370605,ok
LA_D_7557700,14.381669998168945,14.382146835327148,ok
LA_D_7558312,16.381799697875977,16.387203216552734,ok
LA_D_7558612,11.109841346740723,11.110507011413574,ok
LA_D_7559932,15.233124732971191,15.233858108520508,ok
LA_D_7560065,5.7887115478515625,5.7890944480896,ok
LA_D_7560590,-13.632322311401367,-13.633057594299316,ok
LA_D_7560677,17.14381217956543,17.146631240844727,ok
LA_D_7560734,11.062517166137695,11.0628080368042,ok
LA_D_7562190,-13.141082763671875,-13.14244556427002,ok
LA_D_7562908,13.656299591064453,13.656990051269531,ok
LA_D_7562913,15.425376892089844,15.426008224487305,ok
LA_D_7563022,14.725468635559082,14.728803634643555,ok
LA_D_7563550,16.57341194152832,16.575666427612305,ok
LA_D_7563714,17.33243179321289,17.334232330322266,ok
LA_D_7564052,12.29482364654541,12.296732902526855,ok
LA_D_7564617,16.2906436920166,16.292606353759766,ok
LA_D_7564800,14.009897232055664,14.012142181396484,ok
LA_D_7565415,13.367935180664062,13.36900806427002,ok
LA_D_7566925,-14.663084030151367,-14.667685508728027,ok
LA_D_7567281,11.075897216796875,11.076460838317871,ok
LA_D_7567334,11.38764762878418,11.388994216918945,ok
LA_D_7567821,9.767904281616211,9.768162727355957,ok
LA_D_7568059,8.080192565917969,8.080328941345215,ok
LA_D_7568962,13.135923385620117,13.135998725891113,ok
LA_D_7569481,14.464091300964355,14.464025497436523,ok
LA_D_7570554,-12.996516227722168,-12.996525764465332,ok
LA_D_7570899,-16.167028427124023,-16.1672306060791,ok
LA_D_7571658,11.12392520904541,11.12486743927002,ok
LA_D_7572295,12.401840209960938,12.401905059814453,ok
LA_D_7573124,14.96384048461914,14.96446418762207,ok
LA_D_7573833,14.851192474365234,14.851552963256836,ok
LA_D_7574071,11.484735488891602,11.484801292419434,ok
LA_D_7574255,16.53629493713379,16.540159225463867,ok
LA_D_7575592,12.54114055633545,12.541635513305664,ok
LA_D_7575803,13.796097755432129,13.803945541381836,ok
LA_D_7575877,13.930541038513184,13.931206703186035,ok
LA_D_7576905,14.375832557678223,14.37818431854248,ok
LA_D_7577366,16.811843872070312,16.815370559692383,ok
LA_D_7577850,17.96318817138672,17.968172073364258,ok
LA_D_7579833,12.360703468322754,12.36899471282959,ok
LA_D_7579942,11.050085067749023,11.05019474029541,ok
LA_D_7581183,10.706328392028809,10.706891059875488,ok
LA_D_7584788,15.927433013916016,15.92740535736084,ok
LA_D_7585893,15.426170349121094,15.429858207702637,ok
LA_D_7587942,18.100576400756836,18.104646682739258,ok
LA_D_7588199,15.630969047546387,15.636284828186035,ok
LA_D_7588214,5.235104560852051,5.234852313995361,ok
LA_D_7588829,15.08492660522461,15.09179401397705,ok
LA_D_7588911,16.643367767333984,16.644460678100586,ok
LA_D_7590299,5.875082015991211,5.874755382537842,ok
LA_D_7591062,12.214385032653809,12.219433784484863,ok
LA_D_7591549,18.568056106567383,18.572145462036133,ok
LA_D_7592898,7.6460676193237305,7.647196292877197,ok
LA_D_7594892,-14.126770973205566,-14.127087593078613,ok
LA_D_7595396,20.119253158569336,20.1224308013916,ok
LA_D_7595937,13.205408096313477,13.205537796020508,ok
LA_D_7596547,18.890832901000977,18.89191246032715,ok
LA_D_7596579,-12.329310417175293,-12.330757141113281,ok
LA_D_7596619,-15.032866477966309,-15.035085678100586,ok
LA_D_7597147,13.991218566894531,13.992898941040039,ok
LA_D_7598446,18.09731101989746,18.098350524902344,ok
LA_D_7599548,12.65544319152832,12.657240867614746,ok
LA_D_7599571,17.321678161621094,17.322832107543945,ok
LA_D_7599610,11.211709022521973,11.21336555480957,ok
LA_D_7600381,-9.2340726852417,-9.234208106994629,ok
LA_D_7601827,14.216588020324707,14.218339920043945,ok
LA_D_7603558,15.523262977600098,15.52628231048584,ok
LA_D_7603562,13.246707916259766,13.2471342086792,ok
LA_D_7604548,12.755163192749023,12.760258674621582,ok
LA_D_7604669,12.900493621826172,12.90368366241455,ok
LA_D_7605047,-12.226119041442871,-12.227887153625488,ok
LA_D_7605675,15.151366233825684,15.15463638305664,ok
LA_D_7605953,-12.30621337890625,-12.306214332580566,ok
LA_D_7606081,12.469590187072754,12.470280647277832,ok
LA_D_7606254,14.145339965820312,14.146918296813965,ok
LA_D_7607538,11.842226028442383,11.842925071716309,ok
LA_D_7607582,9.329115867614746,9.32990550994873,ok
LA_D_7608424,14.897112846374512,14.899432182312012,ok
LA_D_7608750,14.475105285644531,14.47516918182373,ok
LA_D_7608776,13.039488792419434,13.040748596191406,ok
LA_D_7611234,16.602903366088867,16.6051082611084,ok
LA_D_7611530,10.11318302154541,10.113143920898438,ok
LA_D_7611990,-14.100687980651855,-14.10478687286377,ok
LA_D_7612992,14.939266204833984,14.94305419921875,ok
LA_D_7613584,14.768998146057129,14.772600173950195,ok
LA_D_7614264,9.841124534606934,9.841826438903809,ok
LA_D_7614468,10.144340515136719,10.144478797912598,ok
LA_D_7614935,12.170783042907715,12.17502212524414,ok
LA_D_7615134,10.27187442779541,10.272604942321777,ok
LA_D_7616056,14.183551788330078,14.184269905090332,ok
LA_D_7616531,12.636279106140137,12.636279106140137,ok
LA_D_7616866,13.601581573486328,13.60405445098877,ok
LA_D_7618520,5.767407417297363,5.767582416534424,ok
LA_D_7618637,-13.555489540100098,-13.56252670288086,ok
LA_D_7618965,11.517876625061035,11.517939567565918,ok
LA_D_7620039,11.522331237792969,11.523026466369629,ok
LA_D_7620311,9.927504539489746,9.927553176879883,ok
LA_D_7621816,11.5015230178833,11.502394676208496,ok
LA_D_7622887,14.02766227722168,14.036303520202637,ok
LA_D_7623214,9.769218444824219,9.769275665283203,ok
LA_D_7623757,16.781940460205078,16.78394889831543,ok
LA_D_7625011,18.274471282958984,18.274839401245117,ok
LA_D_7625238,17.136995315551758,17.137741088867188,ok
LA_D_7626133,19.102981567382812,19.10417366027832,ok
LA_D_7626873,10.437764167785645,10.437980651855469,ok
LA_D_7627638,16.037281036376953,16.03902244567871,ok
LA_D_7627669,12.562481880187988,12.562514305114746,ok
LA_D_7628095,18.40854835510254,18.41292381286621,ok
LA_D_7628615,9.44364070892334,9.446944236755371,ok
LA_D_7628970,15.86674976348877,15.869210243225098,ok
LA_D_7629070,13.15950870513916,13.159621238708496,ok
LA_D_7629200,16.065549850463867,16.067546844482422,ok
LA_D_7630499,13.931114196777344,13.93138599395752,ok
LA_D_7631811,13.06691837310791,13.067195892333984,ok
LA_D_7632057,8.161251068115234,8.162232398986816,ok
LA_D_7632221,15.452147483825684,15.458962440490723,ok
LA_D_7634407,11.629018783569336,11.631470680236816,ok
LA_D_7635520,16.768444061279297,16.77155876159668,ok
LA_D_7635942,11.77778148651123,11.77895450592041,ok
LA_D_7640331,16.512073516845703,16.512468338012695,ok
LA_D_7640908,10.200724601745605,10.20101547241211,ok
LA_D_7640990,-14.308158874511719,-14.310853004455566,ok
LA_D_7641113,14.369775772094727,14.370647430419922,ok
LA_D_7641447,13.822576522827148,13.822915077209473,ok
LA_D_7643557,17.0806941986084,17.082138061523438,ok
LA_D_7643772,14.214866638183594,14.215192794799805,ok
LA_D_7643858,6.262146949768066,6.263679504394531,ok
LA_D_7643950,14.809982299804688,14.810724258422852,ok
LA_D_7644072,14.06612491607666,14.067313194274902,ok
LA_D_7644378,14.91064453125,14.911587715148926,ok
LA_D_7645542,14.238302230834961,14.240119934082031,ok
LA_D_7647218,16.435956954956055,16.442663192749023,ok
LA_D_7647812,-15.570460319519043,-15.571586608886719,ok
LA_D_7647841,16.345964431762695,16.34673500061035,ok
LA_D_7647923,16.937423706054688,16.937898635864258,ok
LA_D_7650371,14.68493366241455,14.701491355895996,ok
LA_D_7651024,16.3533878326416,16.353771209716797,ok
LA_D_7651671,-10.696807861328125,-10.697501182556152,ok
LA_D_7652023,13.12246036529541,13.126997947692871,ok
LA_D_7655235,17.858318328857422,17.858640670776367,ok
LA_D_7655266,10.140978813171387,10.140862464904785,ok
LA_D_7655279,13.006234169006348,13.007157325744629,ok
LA_D_7655377,13.792898178100586,13.7930269241333,ok
LA_D_7655527,14.92064094543457,14.920641899108887,ok
LA_D_7656709,9.819083213806152,9.819158554077148,ok
LA_D_7656827,16.3333683013916,16.34316062927246,ok
LA_D_7657304,16.66686248779297,16.667951583862305,ok
LA_D_7659039,18.459875106811523,18.462087631225586,ok
LA_D_7659121,18.018421173095703,18.019006729125977,ok
LA_D_7660152,18.914810180664062,18.918426513671875,ok
LA_D_7660511,18.01736831665039,18.018613815307617,ok
LA_D_7660720,9.75839614868164,9.75844669342041,ok
LA_D_7661091,12.945772171020508,12.946473121643066,ok
LA_D_7661298,13.922051429748535,13.923274993896484,ok
LA_D_7661318,10.65567684173584,10.656412124633789,ok
LA_D_7661904,14.612242698669434,14.613448143005371,ok
LA_D_7662648,15.661398887634277,15.662094116210938,ok
LA_D_7663034,17.996978759765625,18.005687713623047,ok
LA_D_7663086,10.882999420166016,10.882840156555176,ok
LA_D_7663996,9.32763957977295,9.328100204467773,ok
LA_D_7664409,15.766732215881348,15.769083023071289,ok
LA_D_7664602,13.544282913208008,13.545982360839844,ok
LA_D_7664721,11.843236923217773,11.848333358764648,ok
LA_D_7664865,16.426307678222656,16.44148826599121,ok
LA_D_7665160,15.760904312133789,15.761597633361816,ok
LA_D_7666735,17.918617248535156,17.922149658203125,ok
LA_D_7667125,16.94215202331543,16.94230079650879,ok
LA_D_7667637,13.698823928833008,13.700860023498535,ok
LA_D_7668402,11.80353832244873,11.808480262756348,ok
LA_D_7669397,15.029540061950684,15.030327796936035,ok
LA_D_7670870,12.84868049621582,12.851134300231934,ok
LA_D_7672778,9.95291519165039,9.956232070922852,ok
LA_D_7673323,7.2443060874938965,7.245119571685791,ok
LA_D_7674419,13.806092262268066,13.818734169006348,ok
LA_D_7674620,19.442201614379883,19.44224739074707,ok
LA_D_7675126,13.46998405456543,13.47056770324707,ok
LA_D_7677736,14.106734275817871,14.109519004821777,ok
LA_D_7678069,16.384246826171875,16.385663986206055,ok
LA_D_7678162,18.277469635009766,18.28118896484375,ok
LA_D_7679169,-13.397886276245117,-13.398457527160645,ok
LA_D_7679219,19.495275497436523,19.49532699584961,ok
LA_D_7679395,15.781428337097168,15.781363487243652,ok
LA_D_7679781,14.777417182922363,14.777424812316895,ok
LA_D_7680436,10.333808898925781,10.333998680114746,ok
LA_D_7680881,18.379703521728516,18.381601333618164,ok
LA_D_7681644,15.098860740661621,15.098322868347168,ok
LA_D_7681851,15.378908157348633,15.38417911529541,ok
LA_D_7682953,-13.543368339538574,-13.546772956848145,ok
LA_D_7683536,17.97119140625,17.977680206298828,ok
LA_D_7684667,15.188312530517578,15.192334175109863,ok
LA_D_7684971,16.65287208557129,16.65929412841797,ok
LA_D_7685864,14.869715690612793,14.869518280029297,ok
LA_D_7687575,17.636981964111328,17.64154624938965,ok
LA_D_7688135,16.05047607421875,16.056785583496094,ok
LA_D_7689936,17.139814376831055,17.145784378051758,ok
LA_D_7690544,11.333098411560059,11.334117889404297,ok
LA_D_7690918,12.483349800109863,12.485121726989746,ok
LA_D_7691716,12.500951766967773,12.507412910461426,ok
LA_D_7692183,10.9436616897583,10.944724082946777,ok
LA_D_7693345,16.992919921875,16.996248245239258,ok
LA_D_7693912,7.909624099731445,7.909179210662842,ok
LA_D_7694154,16.788991928100586,16.78993797302246,ok
LA_D_7694213,18.66082000732422,18.667192459106445,ok
LA_D_7697515,13.281086921691895,13.28459358215332,ok
LA_D_7698637,16.358991622924805,16.360475540161133,ok
LA_D_7702151,14.11367130279541,14.113694190979004,ok
LA_D_7702883,14.34654426574707,14.346795082092285,ok
LA_D_7703631,16.551549911499023,16.554288864135742,ok
LA_D_7704331,12.059617042541504,12.059698104858398,ok
LA_D_7704814,15.574522972106934,15.578782081604004,ok
LA_D_7704954,-14.998291015625,-14.999390602111816,ok
LA_D_7705939,14.582526206970215,14.585282325744629,ok
LA_D_7705946,13.032382011413574,13.034550666809082,ok
LA_D_7707569,14.514307975769043,14.514719009399414,ok
LA_D_7707754,-12.611787796020508,-12.61281681060791,ok
LA_D_7708338,16.179609298706055,16.182836532592773,ok
LA_D_7711223,16.894500732421875,16.901214599609375,ok
LA_D_7711351,9.049342155456543,9.051538467407227,ok
LA_D_7711976,7.777960777282715,7.778136253356934,ok
LA_D_7712763,14.443621635437012,14.44530963897705,ok
LA_D_7712887,17.068655014038086,17.093767166137695,ok
LA_D_7712944,11.67432975769043,11.674936294555664,ok
LA_D_7714440,16.191938400268555,16.197132110595703,ok
LA_D_7717790,13.103788375854492,13.103628158569336,ok
LA_D_7718050,-13.24348258972168,-13.243725776672363,ok
LA_D_7718079,-12.437641143798828,-12.439742088317871,ok
LA_D_7718364,-11.467183113098145,-11.467270851135254,ok
LA_D_7719213,13.562407493591309,13.569785118103027,ok
LA_D_7720126,-14.421259880065918,-14.426712036132812,ok
LA_D_7720647,15.062569618225098,15.068253517150879,ok
LA_D_7721121,13.637590408325195,13.637794494628906,ok
LA_D_7721167,13.698263168334961,13.701373100280762,ok
LA_D_7723211,16.02242660522461,16.023080825805664,ok
LA_D_7723352,15.533743858337402,15.533719062805176,ok
LA_D_7724545,12.900544166564941,12.900641441345215,ok
LA_D_7724772,-12.876631736755371,-12.877144813537598,ok
LA_D_7725114,13.303234100341797,13.305248260498047,ok
LA_D_7726114,-10.865367889404297,-10.866406440734863,ok
LA_D_7728140,12.804170608520508,12.80420207977295,ok
LA_D_7731461,21.312612533569336,21.314037322998047,ok
LA_D_7731909,-15.153226852416992,-15.15539264678955,ok
LA_D_7733072,17.083080291748047,17.082679748535156,ok
LA_D_7733474,12.681723594665527,12.68631649017334,ok
LA_D_7734402,11.133472442626953,11.133437156677246,ok
LA_D_7734687,16.366395950317383,16.396879196166992,ok
LA_D_7735219,13.55990219116211,13.57254695892334,ok
LA_D_7735847,13.787691116333008,13.793061256408691,ok
LA_D_7736037,15.370688438415527,15.375298500061035,ok
LA_D_7736331,14.656208038330078,14.661513328552246,ok
LA_D_7736435,15.916513442993164,15.917255401611328,ok
LA_D_7736497,13.51376724243164,13.515474319458008,ok
LA_D_7736692,17.138269424438477,17.140989303588867,ok
LA_D_7738175,10.115218162536621,10.116695404052734,ok
LA_D_7738182,10.15264892578125,10.154789924621582,ok
LA_D_7738912,14.737165451049805,14.739439010620117,ok
LA_D_7739036,10.795977592468262,10.796125411987305,ok
LA_D_7740163,13.8080415725708,13.811273574829102,ok
LA_D_7740262,18.974971771240234,18.977436065673828,ok
LA_D_7741491,16.176809310913086,16.178247451782227,ok
LA_D_7742306,14.83588981628418,14.837010383605957,ok
LA_D_7742793,12.366695404052734,12.374136924743652,ok
LA_D_7743189,8.766118049621582,8.766556739807129,ok
LA_D_7743470,13.22038745880127,13.225936889648438,ok
LA_D_7744376,12.889787673950195,12.890213966369629,ok
LA_D_7745862,13.549789428710938,13.551016807556152,ok
LA_D_7747702,9.987138748168945,9.987424850463867,ok
LA_D_7748160,22.365549087524414,22.366483688354492,ok
LA_D_7748254,13.973370552062988,13.975558280944824,ok
LA_D_7748381,26.42315101623535,26.425203323364258,ok
LA_D_7748502,10.257074356079102,10.257916450500488,ok
LA_D_7748664,14.966347694396973,14.968256950378418,ok
LA_D_7750101,12.141188621520996,12.143880844116211,ok
LA_D_7750113,14.373519897460938,14.374307632446289,ok
LA_D_7750829,15.686108589172363,15.687503814697266,ok
LA_D_7752556,9.657330513000488,9.658001899719238,ok
LA_D_7753521,-14.206412315368652,-14.211491584777832,ok
LA_D_7753669,10.808018684387207,10.808045387268066,ok
LA_D_7754957,10.945743560791016,10.945788383483887,ok
LA_D_7755104,17.81130599975586,17.811494827270508,ok
LA_D_7756238,14.55235767364502,14.552790641784668,ok
LA_D_7757055,10.229836463928223,10.230021476745605,ok
LA_D_7757173,13.567849159240723,13.572782516479492,ok
LA_D_7759688,13.521610260009766,13.521965026855469,ok
LA_D_7760363,11.755119323730469,11.755101203918457,ok
LA_D_7760476,14.411791801452637,14.412371635437012,ok
LA_D_7760578,-14.629143714904785,-14.63283920288086,ok
LA_D_7760924,9.546868324279785,9.54727554321289,ok
LA_D_7761946,16.23505401611328,16.23818016052246,ok
LA_D_7763323,13.219520568847656,13.219231605529785,ok
LA_D_7763354,12.111647605895996,12.111786842346191,ok
LA_D_7763874,9.562520027160645,9.563508033752441,ok
LA_D_7764203,9.911462783813477,9.915974617004395,ok
LA_D_7764747,12.49528980255127,12.499045372009277,ok
LA_D_7765088,-15.83464527130127,-15.835871696472168,ok
LA_D_7765457,14.614827156066895,14.616270065307617,ok
LA_D_7766550,12.7904634475708,12.790860176086426,ok
LA_D_7766576,15.20781421661377,15.210055351257324,ok
LA_D_7768185,3.851041316986084,3.8509786128997803,ok
LA_D_7768286,13.992191314697266,13.998710632324219,ok
LA_D_7769275,11.16684627532959,11.167552947998047,ok
LA_D_7769896,14.480517387390137,14.480692863464355,ok
LA_D_7770558,13.279934883117676,13.28134822845459,ok
LA_D_7771073,17.306644439697266,17.318761825561523,ok
LA_D_7771621,15.041746139526367,15.044751167297363,ok
LA_D_7772478,9.957979202270508,9.9612398147583,ok
LA_D_7772523,17.175691604614258,17.178525924682617,ok
LA_D_7772989,18.572099685668945,18.57612419128418,ok
LA_D_7773434,8.508307456970215,8.509642601013184,ok
LA_D_7773540,16.456396102905273,16.456798553466797,ok
LA_D_7773583,19.850894927978516,19.85230827331543,ok
LA_D_7773769,14.667095184326172,14.667852401733398,ok
LA_D_7774259,15.15623950958252,15.158581733703613,ok
LA_D_7774318,14.071414947509766,14.07115364074707,ok
LA_D_7774346,12.830150604248047,12.836058616638184,ok
LA_D_7775067,14.454510688781738,14.45616340637207,ok
LA_D_7775116,13.08218765258789,13.085556030273438,ok
LA_D_7775830,15.717362403869629,15.718202590942383,ok
LA_D_7775873,14.998960494995117,15.004755973815918,ok
LA_D_7780225,12.76817512512207,12.768450736999512,ok
LA_D_7783081,11.224494934082031,11.22484302520752,ok
LA_D_7783250,-14.422699928283691,-14.42307186126709,ok
LA_D_7783288,-11.732769966125488,-11.737946510314941,ok
LA_D_7783712,-15.122442245483398,-15.127878189086914,ok
LA_D_7784081,15.728443145751953,15.729206085205078,ok
LA_D_7784356,14.88684368133545,14.891509056091309,ok
LA_D_7784995,19.46187400817871,19.465970993041992,ok
LA_D_7785816,19.040332794189453,19.050031661987305,ok
LA_D_7786100,15.710034370422363,15.710246086120605,ok
LA_D_7789202,13.02406120300293,13.03077220916748,ok
LA_D_7789272,5.449129581451416,5.4496636390686035,ok
LA_D_7789532,14.651966094970703,14.654160499572754,ok
LA_D_7790850,-16.272859573364258,-16.276052474975586,ok
LA_D_7792362,10.872220993041992,10.874608039855957,ok
LA_D_7792652,14.012662887573242,14.012993812561035,ok
LA_D_7792788,12.15523910522461,12.155316352844238,ok
LA_D_7793474,17.411848068237305,17.4157772064209,ok
LA_D_7793940,15.007543563842773,15.008086204528809,ok
LA_D_7794367,12.351584434509277,12.35346508026123,ok
LA_D_7794776,13.965352058410645,13.969630241394043,ok
LA_D_7795388,13.412055015563965,13.413549423217773,ok
LA_D_7795831,12.658318519592285,12.663022994995117,ok
LA_D_7796753,-15.349835395812988,-15.350762367248535,ok
LA_D_7796964,13.885607719421387,13.88562297821045,ok
LA_D_7798691,14.723685264587402,14.724017143249512,ok
LA_D_7799234,14.864373207092285,14.86746883392334,ok
LA_D_7800026,8.88697338104248,8.887149810791016,ok
LA_D_7800270,16.23657989501953,16.24065589904785,ok
LA_D_7801572,4.096311569213867,4.0973687171936035,ok
LA_D_7803058,19.089963912963867,19.09004783630371,ok
LA_D_7803358,14.739194869995117,14.73918342590332,ok
LA_D_7803428,14.066890716552734,14.067212104797363,ok
LA_D_7803538,13.823528289794922,13.830784797668457,ok
LA_D_7804582,15.971092224121094,15.971091270446777,ok
LA_D_7804785,14.872111320495605,14.873610496520996,ok
LA_D_7805571,7.551907539367676,7.552186965942383,ok
LA_D_7806158,12.730374336242676,12.731104850769043,ok
LA_D_7806943,13.996280670166016,14.000887870788574,ok
LA_D_7808217,16.91794776916504,16.921998977661133,ok
LA_D_7809381,13.276468276977539,13.277925491333008,ok
LA_D_7810138,11.323001861572266,11.32313060760498,ok
LA_D_7810535,11.61254596710205,11.616495132446289,ok
LA_D_7812846,15.684499740600586,15.687755584716797,ok
LA_D_7813172,12.154715538024902,12.158156394958496,ok
LA_D_7813228,-10.529801368713379,-10.52993106842041,ok
LA_D_7813614,23.271907806396484,23.28251838684082,ok
LA_D_7815618,15.006340980529785,15.008340835571289,ok
LA_D_7821144,17.891698837280273,17.898536682128906,ok
LA_D_7821302,14.162290573120117,14.16242790222168,ok
LA_D_7822260,-14.971014976501465,-14.973870277404785,ok
LA_D_7822867,11.917059898376465,11.917439460754395,ok
LA_D_7823248,11.7459135055542,11.745902061462402,ok
LA_D_7823985,18.462324142456055,18.463668823242188,ok
LA_D_7824275,11.379995346069336,11.3803129196167,ok
LA_D_7824549,14.147954940795898,14.148622512817383,ok
LA_D_7824709,10.366469383239746,10.367562294006348,ok
LA_D_7825070,16.93074607849121,16.930660247802734,ok
LA_D_7826604,16.175243377685547,16.17679786682129,ok
LA_D_7827911,11.962478637695312,11.964186668395996,ok
LA_D_7828554,16.16733169555664,16.16901206970215,ok
LA_D_7828929,15.615989685058594,15.619002342224121,ok
LA_D_7829453,15.094436645507812,15.096278190612793,ok
LA_D_7831531,13.379223823547363,13.380037307739258,ok
LA_D_7832705,17.649818420410156,17.65428924560547,ok
LA_D_7833173,10.912626266479492,10.916903495788574,ok
LA_D_7833826,21.264177322387695,21.26620864868164,ok
LA_D_7834333,11.265275001525879,11.266865730285645,ok
LA_D_7834454,15.482927322387695,15.493420600891113,ok
LA_D_7836235,14.025464057922363,14.024778366088867,ok
LA_D_7836755,11.140870094299316,11.144381523132324,ok
LA_D_7836916,-4.4732818603515625,-4.4738450050354,ok
LA_D_7836942,17.121871948242188,17.126209259033203,ok
LA_D_7837262,18.323183059692383,18.325471878051758,ok
LA_D_7839744,18.33391571044922,18.335378646850586,ok
LA_D_7840753,13.869895935058594,13.86989688873291,ok
LA_D_7841911,-16.43701171875,-16.438838958740234,ok
LA_D_7843372,16.75152015686035,16.754131317138672,ok
LA_D_7843877,10.61443042755127,10.61544418334961,ok
LA_D_7845355,14.143877029418945,14.161069869995117,ok
LA_D_7845923,15.323482513427734,15.324262619018555,ok
LA_D_7847128,17.511512756347656,17.51776695251465,ok
LA_D_7852940,13.880311965942383,13.88448429107666,ok
LA_D_7853660,18.959835052490234,18.959962844848633,ok
LA_D_7853908,12.128754615783691,12.128729820251465,ok
LA_D_7855371,11.84829330444336,11.848467826843262,ok
LA_D_7856417,13.97647476196289,13.976840019226074,ok
LA_D_7858202,10.660812377929688,10.663286209106445,ok
LA_D_7858791,12.976499557495117,12.979565620422363,ok
LA_D_7860380,2.9910683631896973,2.9925434589385986,ok
LA_D_7861602,17.170244216918945,17.173952102661133,ok
LA_D_7862876,17.582843780517578,17.58485221862793,ok
LA_D_7863446,11.117775917053223,11.117596626281738,ok
LA_D_7863940,11.110330581665039,11.110767364501953,ok
LA_D_7864167,17.12741470336914,17.13201904296875,ok
LA_D_7865378,12.173762321472168,12.175995826721191,ok
LA_D_7866293,16.12281608581543,16.12358856201172,ok
LA_D_7866849,-6.184370994567871,-6.1887383460998535,ok
LA_D_7870160,-15.430974006652832,-15.434017181396484,ok
LA_D_7870262,18.30565071105957,18.307308197021484,ok
LA_D_7870469,17.84710693359375,17.846948623657227,ok
LA_D_7871009,-15.701862335205078,-15.704010963439941,ok
LA_D_7871600,9.480743408203125,9.482067108154297,ok
LA_D_7872579,14.588221549987793,14.58834171295166,ok
LA_D_7874275,-13.120407104492188,-13.122905731201172,ok
LA_D_7874436,14.43242359161377,14.436259269714355,ok
LA_D_7877117,14.93883991241455,14.93903636932373,ok
LA_D_7878130,14.936527252197266,14.938316345214844,ok
LA_D_7878150,8.754923820495605,8.755356788635254,ok
LA_D_7879955,-11.75506591796875,-11.756088256835938,ok
LA_D_7880514,15.128045082092285,15.128787994384766,ok
LA_D_7880553,10.826022148132324,10.826319694519043,ok
LA_D_7882779,12.515079498291016,12.519038200378418,ok
LA_D_7882957,14.276727676391602,14.27673625946045,ok
LA_D_7883377,-11.037057876586914,-11.037928581237793,ok
LA_D_7883460,14.575292587280273,14.577988624572754,ok
LA_D_7884675,15.50869083404541,15.510218620300293,ok
LA_D_7887063,17.96422576904297,17.964521408081055,ok
LA_D_7887508,16.64267349243164,16.644166946411133,ok
LA_D_7888661,9.019440650939941,9.019574165344238,ok
LA_D_7890490,8.465692520141602,8.468528747558594,ok
LA_D_7891516,20.38574981689453,20.386428833007812,ok
LA_D_7891639,15.58703327178955,15.591660499572754,ok
LA_D_7891889,16.71967315673828,16.72279167175293,ok
LA_D_7892017,12.502874374389648,12.504094123840332,ok
LA_D_7893531,12.247406959533691,12.247541427612305,ok
LA_D_7893603,9.897150039672852,9.897833824157715,ok
LA_D_7894097,13.687830924987793,13.68836498260498,ok
LA_D_7895930,20.426158905029297,20.444530487060547,ok
LA_D_7895951,11.836286544799805,11.83631420135498,ok
LA_D_7896930,15.013018608093262,15.019474983215332,ok
LA_D_7898281,17.170148849487305,17.173311233520508,ok
LA_D_7900629,14.920005798339844,14.924077987670898,ok
LA_D_7901021,-16.4100284576416,-16.410985946655273,ok
LA_D_7901168,13.706867218017578,13.72236442565918,ok
LA_D_7901390,12.621994972229004,12.622184753417969,ok
LA_D_7901552,13.839863777160645,13.840760231018066,ok
LA_D_7901691,14.062999725341797,14.066073417663574,ok
LA_D_7903297,14.682401657104492,14.682233810424805,ok
LA_D_7903763,17.704421997070312,17.72062110900879,ok
LA_D_7904161,15.13830280303955,15.139801979064941,ok
LA_D_7904343,14.700448989868164,14.701431274414062,ok
LA_D_7905314,12.789020538330078,12.789813995361328,ok
LA_D_7905993,12.821126937866211,12.822243690490723,ok
LA_D_7906477,12.721899032592773,12.724696159362793,ok
LA_D_7906665,12.946473121643066,12.94899845123291,ok
LA_D_7906750,15.697608947753906,15.698196411132812,ok
LA_D_7907328,14.664079666137695,14.66669750213623,ok
LA_D_7907493,11.985528945922852,11.992186546325684,ok
LA_D_7907871,14.995321273803711,14.997611045837402,ok
LA_D_7909240,15.07198429107666,15.079729080200195,ok
LA_D_7910632,17.717517852783203,17.718963623046875,ok
LA_D_7912035,15.697532653808594,15.708053588867188,ok
LA_D_7912198,14.209425926208496,14.216228485107422,ok
LA_D_7912208,12.498981475830078,12.500597953796387,ok
LA_D_7915757,16.430238723754883,16.4443302154541,ok
LA_D_7916323,9.882848739624023,9.887063980102539,ok
LA_D_7918457,16.194616317749023,16.20983123779297,ok
LA_D_7918811,15.233685493469238,15.235219955444336,ok
LA_D_7919147,13.212610244750977,13.213852882385254,ok
LA_D_7919190,-13.500443458557129,-13.502272605895996,ok
LA_D_7920014,10.991620063781738,10.995392799377441,ok
LA_D_7920083,17.145858764648438,17.15130043029785,ok
LA_D_7920196,5.271234035491943,5.271941184997559,ok
LA_D_7922506,11.665881156921387,11.667107582092285,ok
LA_D_7922604,17.3997802734375,17.40217399597168,ok
LA_D_7922711,12.497428894042969,12.497403144836426,ok
LA_D_7925481,16.173904418945312,16.174692153930664,ok
LA_D_7927430,15.517353057861328,15.520371437072754,ok
LA_D_7928225,7.209167003631592,7.209540843963623,ok
LA_D_7930498,13.982086181640625,13.984001159667969,ok
LA_D_7931400,17.532367706298828,17.535669326782227,ok
LA_D_7931644,12.078181266784668,12.078240394592285,ok
LA_D_7932133,12.195178985595703,12.195969581604004,ok
LA_D_7932134,17.331085205078125,17.364717483520508,ok
LA_D_7932767,14.57005500793457,14.576106071472168,ok
LA_D_7933136,14.580252647399902,14.581559181213379,ok
LA_D_7933208,-13.958769798278809,-13.95949935913086,ok
LA_D_7934417,13.90306282043457,13.904175758361816,ok
LA_D_7936437,11.779624938964844,11.779669761657715,ok
LA_D_7937424,14.940093040466309,14.942778587341309,ok
LA_D_7937903,18.7227725982666,18.723024368286133,ok
LA_D_7938162,10.895698547363281,10.896331787109375,ok
LA_D_7939810,16.223968505859375,16.224882125854492,ok
LA_D_7940727,8.407676696777344,8.408355712890625,ok
LA_D_7941843,18.05793571472168,18.07050132751465,ok
LA_D_7942115,13.409293174743652,13.411396980285645,ok
LA_D_7944594,16.659765243530273,16.662599563598633,ok
LA_D_7944625,-8.55879020690918,-8.562819480895996,ok
LA_D_7945750,15.911221504211426,15.920329093933105,ok
LA_D_7946330,16.848997116088867,16.854215621948242,ok
LA_D_7947630,12.683613777160645,12.686086654663086,ok
LA_D_7948287,17.786304473876953,17.789819717407227,ok
LA_D_7949260,11.518760681152344,11.519792556762695,ok
LA_D_7950517,12.305144309997559,12.3071870803833,ok
LA_D_7952081,17.70343017578125,17.705472946166992,ok
LA_D_7953159,13.3506441116333,13.353468894958496,ok
LA_D_7953344,15.98913860321045,15.990340232849121,ok
LA_D_7953471,12.527778625488281,12.529446601867676,ok
LA_D_7954147,9.123228073120117,9.123015403747559,ok
LA_D_7954380,18.311279296875,18.31495475769043,ok
LA_D_7955580,13.895610809326172,13.896750450134277,ok
LA_D_7957109,11.39338207244873,11.395761489868164,ok
LA_D_7957211,-12.179883003234863,-12.183287620544434,ok
LA_D_7957664,9.776719093322754,9.778254508972168,ok
LA_D_7958457,12.073801040649414,12.074167251586914,ok
LA_D_7958461,7.266549587249756,7.268183708190918,ok
LA_D_7959836,12.41286563873291,12.41418743133545,ok
LA_D_7960499,7.896663665771484,7.897453308105469,ok
LA_D_7961471,11.974573135375977,11.974814414978027,ok
LA_D_7962163,16.013303756713867,16.015283584594727,ok
LA_D_7963921,18.939117431640625,18.945262908935547,ok
LA_D_7964973,14.690442085266113,14.696321487426758,ok
LA_D_7965379,7.420989036560059,7.4214887619018555,ok
LA_D_7965716,14.587991714477539,14.58864974975586,ok
LA_D_7967827,9.709002494812012,9.709447860717773,ok
LA_D_7969154,17.968616485595703,17.975858688354492,ok
LA_D_7969869,18.02263069152832,18.02524757385254,ok
LA_D_7970013,14.353744506835938,14.357878684997559,ok
LA_D_7970494,9.32042121887207,9.322054862976074,ok
LA_D_7970984,19.30620002746582,19.319185256958008,ok
LA_D_7971494,15.03640079498291,15.040128707885742,ok
LA_D_7972028,18.0939998626709,18.094980239868164,ok
LA_D_7972252,14.283568382263184,14.28557300567627,ok
LA_D_7972724,-14.276651382446289,-14.278251647949219,ok
LA_D_7973047,12.2462158203125,12.251749992370605,ok
LA_D_7973088,10.901937484741211,10.90363597869873,ok
LA_D_7973788,14.098605155944824,14.100682258605957,ok
LA_D_7974481,11.694123268127441,11.69432544708252,ok
LA_D_7974536,-14.728440284729004,-14.731114387512207,ok
LA_D_7974697,11.605733871459961,11.606793403625488,ok
LA_D_7975085,14.741588592529297,14.747342109680176,ok
LA_D_7977077,14.969160079956055,14.970050811767578,ok
LA_D_7977320,14.871891021728516,14.874772071838379,ok
LA_D_7978065,7.0198869705200195,7.019929885864258,ok
LA_D_7979163,12.227420806884766,12.22783374786377,ok
LA_D_7979281,19.59993553161621,19.600431442260742,ok
LA_D_7979297,15.343634605407715,15.347525596618652,ok
LA_D_7979905,13.438720703125,13.438812255859375,ok
LA_D_7980033,15.06686782836914,15.069436073303223,ok
LA_D_7981282,14.939266204833984,14.951533317565918,ok
LA_D_7982514,-14.360804557800293,-14.36180591583252,ok
LA_D_7984251,16.0106143951416,16.010456085205078,ok
LA_D_7984768,15.38369369506836,15.385287284851074,ok
LA_D_7984933,14.879412651062012,14.881267547607422,ok
LA_D_7985250,13.588624000549316,13.5943021774292,ok
LA_D_7985410,8.91081714630127,8.911232948303223,ok
LA_D_7986044,16.189159393310547,16.19028663635254,ok
LA_D_7986305,16.702192306518555,16.703948974609375,ok
LA_D_7988938,16.59619140625,16.602998733520508,ok
LA_D_7989171,11.000673294067383,11.001448631286621,ok
LA_D_7989607,-12.236087799072266,-12.236332893371582,ok
LA_D_7989855,23.27199935913086,23.290586471557617,ok
LA_D_7990145,13.336702346801758,13.343811988830566,ok
LA_D_7990767,7.462588787078857,7.465904712677002,ok
LA_D_7991093,14.10783863067627,14.109721183776855,ok
LA_D_7992518,23.602989196777344,23.607439041137695,ok
LA_D_7993138,22.155597686767578,22.17877769470215,ok
LA_D_7993478,15.609976768493652,15.610716819763184,ok
LA_D_7994905,11.344356536865234,11.345233917236328,ok
LA_D_7994992,10.964934349060059,10.966145515441895,ok
LA_D_7995508,16.00223731994629,16.005634307861328,ok
LA_D_7995545,7.927263259887695,7.933538436889648,ok
LA_D_7995659,17.99400520324707,17.99753761291504,ok
LA_D_7996201,12.439460754394531,12.441128730773926,ok
LA_D_7996866,11.89637565612793,11.89687442779541,ok
LA_D_7996904,9.435565948486328,9.435576438903809,ok
LA_D_7997330,19.163246154785156,19.165685653686523,ok
LA_D_7998693,9.300270080566406,9.300619125366211,ok
LA_D_7999736,17.016080856323242,17.018468856811523,ok
LA_D_8000547,17.823402404785156,17.82895851135254,ok
LA_D_8001922,12.590154647827148,12.59106159210205,ok
LA_D_8002093,7.8265767097473145,7.8321003913879395,ok
LA_D_8002427,16.353923797607422,16.355344772338867,ok
LA_D_8002591,13.672526359558105,13.673069953918457,ok
LA_D_8003757,14.8273286819458,14.827733039855957,ok
LA_D_8003982,8.280245780944824,8.280060768127441,ok
LA_D_8006078,20.93859100341797,20.94037437438965,ok
LA_D_8006339,-14.363971710205078,-14.364245414733887,ok
LA_D_8006888,14.662261962890625,14.675471305847168,ok
LA_D_8008375,12.8344144821167,12.835395812988281,ok
LA_D_8008446,11.97882080078125,11.982682228088379,ok
LA_D_8010160,16.533397674560547,16.543067932128906,ok
LA_D_8011201,11.493040084838867,11.496140480041504,ok
LA_D_8012683,12.443488121032715,12.44909954071045,ok
LA_D_8014808,11.009885787963867,11.009432792663574,ok
LA_D_8015998,18.25424575805664,18.261240005493164,ok
LA_D_8018834,13.819375038146973,13.82083797454834,ok
LA_D_8019379,13.184271812438965,13.184897422790527,ok
LA_D_8020367,11.096110343933105,11.09813404083252,ok
LA_D_8022264,13.60587215423584,13.61104965209961,ok
LA_D_8022584,18.185285568237305,18.18596076965332,ok
LA_D_8022699,11.878238677978516,11.882651329040527,ok
LA_D_8023557,9.636236190795898,9.636762619018555,ok
LA_D_8024787,20.049726486206055,20.050004959106445,ok
LA_D_8025687,15.439557075500488,15.441454887390137,ok
LA_D_8026429,16.347715377807617,16.347909927368164,ok
LA_D_8027836,14.166021347045898,14.168493270874023,ok
LA_D_8028295,9.756324768066406,9.757730484008789,ok
LA_D_8028589,15.484753608703613,15.485745429992676,ok
LA_D_8029129,6.707572937011719,6.70832633972168,ok
LA_D_8029227,-11.459693908691406,-11.460399627685547,ok
LA_D_8029513,13.204873085021973,13.204888343811035,ok
LA_D_8030349,15.407265663146973,15.41140079498291,ok
LA_D_8030557,14.260932922363281,14.26717472076416,ok
LA_D_8031870,-15.546286582946777,-15.554986000061035,ok
LA_D_8033621,-14.998793601989746,-15.001740455627441,ok
LA_D_8035203,13.667869567871094,13.676373481750488,ok
LA_D_8035288,10.640332221984863,10.640568733215332,ok
LA_D_8035773,8.473267555236816,8.473443031311035,ok
LA_D_8037199,-14.433144569396973,-14.433527946472168,ok
LA_D_8037358,-12.10246467590332,-12.102680206298828,ok
LA_D_8037458,6.596911430358887,6.596956729888916,ok
LA_D_8037537,12.836181640625,12.836926460266113,ok
LA_D_8038151,13.726851463317871,13.731406211853027,ok
LA_D_8039108,2.5790531635284424,2.5793659687042236,ok
LA_D_8039247,14.45882797241211,14.4592866897583,ok
LA_D_8042295,13.323770523071289,13.324957847595215,ok
LA_D_8042846,-12.199650764465332,-12.200173377990723,ok
LA_D_8043080,-15.505160331726074,-15.506341934204102,ok
LA_D_8043094,8.275468826293945,8.277359962463379,ok
LA_D_8044665,18.199188232421875,18.20237922668457,ok
LA_D_8045100,11.723851203918457,11.724970817565918,ok
LA_D_8045695,11.525785446166992,11.526822090148926,ok
LA_D_8046608,5.7967705726623535,5.797426223754883,ok
LA_D_8047166,12.973112106323242,12.974400520324707,ok
LA_D_8047998,17.44679832458496,17.448293685913086,ok
LA_D_8048204,9.296411514282227,9.295648574829102,ok
LA_D_8048240,9.58671760559082,9.58829402923584,ok
LA_D_8048655,8.03565788269043,8.03671932220459,ok
LA_D_8050534,10.120737075805664,10.120682716369629,ok
LA_D_8051414,14.499441146850586,14.500741958618164,ok
LA_D_8051595,9.199653625488281,9.206028938293457,ok
LA_D_8052049,10.47702693939209,10.477046012878418,ok
LA_D_8052749,15.461913108825684,15.465631484985352,ok
LA_D_8055872,-17.28497314453125,-17.288747787475586,ok
LA_D_8055923,15.521777153015137,15.528409004211426,ok
LA_D_8056679,14.615208625793457,14.619418144226074,ok
LA_D_8056722,11.500246047973633,11.500383377075195,ok
LA_D_8056974,14.679336547851562,14.68032169342041,ok
LA_D_8057316,7.451964855194092,7.452238082885742,ok
LA_D_8058106,14.692835807800293,14.6939058303833,ok
LA_D_8059988,10.378338813781738,10.378644943237305,ok
LA_D_8060077,10.891857147216797,10.892361640930176,ok
LA_D_8061400,-15.010613441467285,-15.011981964111328,ok
LA_D_8062342,15.950984001159668,15.952681541442871,ok
LA_D_8063128,16.245290756225586,16.246362686157227,ok
LA_D_8063205,15.416476249694824,15.417193412780762,ok
LA_D_8063814,17.494951248168945,17.495283126831055,ok
LA_D_8063853,12.236218452453613,12.236224174499512,ok
LA_D_8066346,13.149770736694336,13.15601634979248,ok
LA_D_8068169,14.566880226135254,14.56743335723877,ok
LA_D_8069387,16.036462783813477,16.037126541137695,ok
LA_D_8069736,11.008224487304688,11.012272834777832,ok
LA_D_8070544,14.499735832214355,14.505549430847168,ok
LA_D_8071214,17.12563133239746,17.134441375732422,ok
LA_D_8072455,18.267826080322266,18.269399642944336,ok
LA_D_8073022,15.71195125579834,15.713879585266113,ok
LA_D_8073420,16.58991241455078,16.59281349182129,ok
LA_D_8073490,-12.419833183288574,-12.420199394226074,ok
LA_D_8075316,11.334320068359375,11.33460807800293,ok
LA_D_8075381,10.30602741241455,10.309054374694824,ok
LA_D_8075963,11.492796897888184,11.495158195495605,ok
LA_D_8076309,-13.510841369628906,-13.513081550598145,ok
LA_D_8076373,14.948994636535645,14.948994636535645,ok
LA_D_8076419,7.947546482086182,7.948585033416748,ok
LA_D_8076714,11.081957817077637,11.082072257995605,ok
LA_D_8076909,14.921961784362793,14.924015998840332,ok
LA_D_8076952,13.90812873840332,13.910292625427246,ok
LA_D_8077226,12.398706436157227,12.400391578674316,ok
LA_D_8077642,17.58507537841797,17.589405059814453,ok
LA_D_8078382,-11.173883438110352,-11.175674438476562,ok
LA_D_8080127,9.327049255371094,9.327187538146973,ok
LA_D_8086346,13.704305648803711,13.704665184020996,ok
LA_D_8087903,13.079727172851562,13.079718589782715,ok
LA_D_8088423,14.42222785949707,14.425963401794434,ok
LA_D_8088848,14.86650276184082,14.870218276977539,ok
LA_D_8089053,11.735188484191895,11.735513687133789,ok
LA_D_8089175,-5.050693988800049,-5.051364421844482,ok
LA_D_8090102,16.814712524414062,16.81686782836914,ok
LA_D_8090443,20.196094512939453,20.196170806884766,ok
LA_D_8091175,14.380902290344238,14.38228702545166,ok
LA_D_8091393,14.798515319824219,14.79857349395752,ok
LA_D_8091742,15.965434074401855,15.9719820022583,ok
LA_D_8091794,15.794191360473633,15.794774055480957,ok
LA_D_8092331,13.536821365356445,13.543244361877441,ok
LA_D_8093378,17.861879348754883,17.863269805908203,ok
LA_D_8094005,10.562066078186035,10.562146186828613,ok
LA_D_8094196,17.86362075805664,17.86647605895996,ok
LA_D_8094886,10.303375244140625,10.303229331970215,ok
LA_D_8095844,15.910364151000977,15.912217140197754,ok
LA_D_8096872,14.541342735290527,14.545186996459961,ok
LA_D_8097725,12.405604362487793,12.405585289001465,ok
LA_D_8099371,11.109784126281738,11.111108779907227,ok
LA_D_8099511,10.67868423461914,10.678643226623535,ok
LA_D_8099861,12.643585205078125,12.645241737365723,ok
LA_D_8100525,16.66243553161621,16.66829490661621,ok
LA_D_8100591,-12.771862983703613,-12.772658348083496,ok
LA_D_8102825,13.029804229736328,13.032281875610352,ok
LA_D_8103199,7.847226619720459,7.846757411956787,ok
LA_D_8103595,15.94450569152832,15.94771671295166,ok
LA_D_8103599,-14.141609191894531,-14.1445894241333,ok
LA_D_8106710,9.27558708190918,9.276846885681152,ok
LA_D_8106755,15.335419654846191,15.335719108581543,ok
LA_D_8107336,10.586580276489258,10.587541580200195,ok
LA_D_8108711,12.06579875946045,12.06618881225586,ok
LA_D_8108942,16.087671279907227,16.091054916381836,ok
LA_D_8110188,14.761871337890625,14.762886047363281,ok
LA_D_8111494,18.956157684326172,18.96527671813965,ok
LA_D_8111703,16.074132919311523,16.075054168701172,ok
LA_D_8112113,12.765568733215332,12.766547203063965,ok
LA_D_8113228,11.898773193359375,11.903891563415527,ok
LA_D_8113627,12.44625186920166,12.449421882629395,ok
LA_D_8113820,15.084794044494629,15.091121673583984,ok
LA_D_8113827,11.958736419677734,11.959596633911133,ok
LA_D_8114334,12.540684700012207,12.540837287902832,ok
LA_D_8115137,13.427118301391602,13.4271821975708,ok
LA_D_8115280,16.308340072631836,16.308639526367188,ok
LA_D_8116083,2.8882365226745605,2.8879809379577637,ok
LA_D_8116371,8.506987571716309,8.509809494018555,ok
LA_D_8116593,14.775599479675293,14.776239395141602,ok
LA_D_8116629,14.31222152709961,14.314927101135254,ok
LA_D_8117597,14.68587589263916,14.685925483703613,ok
LA_D_8117787,-13.734753608703613,-13.742814064025879,ok
LA_D_8117889,14.602575302124023,14.603116035461426,ok
LA_D_8118074,-15.452434539794922,-15.456870079040527,ok
LA_D_8118167,3.791290283203125,3.7969913482666016,ok
LA_D_8118910,15.600828170776367,15.601012229919434,ok
LA_D_8120238,9.694825172424316,9.694944381713867,ok
LA_D_8121898,14.689830780029297,14.692337036132812,ok
LA_D_8122140,16.62392234802246,16.625356674194336,ok
LA_D_8123213,16.606992721557617,16.6075382232666,ok
LA_D_8125219,15.364468574523926,15.365311622619629,ok
LA_D_8125961,17.15461540222168,17.1546573638916,ok
LA_D_8126031,13.412796974182129,13.41341495513916,ok
LA_D_8126226,15.751021385192871,15.751411437988281,ok
LA_D_8126437,-14.216107368469238,-14.222387313842773,ok
LA_D_8126699,12.129542350769043,12.132216453552246,ok
LA_D_8127049,11.748432159423828,11.751055717468262,ok
LA_D_8128338,8.116239547729492,8.116131782531738,ok
LA_D_8128439,15.32728099822998,15.329354286193848,ok
LA_D_8128480,11.962411880493164,11.962738990783691,ok
LA_D_8128482,16.08621597290039,16.091907501220703,ok
LA_D_8128760,10.222105979919434,10.221907615661621,ok
LA_D_8130173,-8.690844535827637,-8.701970100402832,ok
LA_D_8130384,15.705951690673828,15.706637382507324,ok
LA_D_8131208,11.354029655456543,11.354758262634277,ok
LA_D_8133720,14.371395111083984,14.373608589172363,ok
LA_D_8135380,15.668819427490234,15.669222831726074,ok
LA_D_8136728,17.238094329833984,17.245616912841797,ok
LA_D_8137767,14.453042030334473,14.456067085266113,ok
LA_D_8137810,16.66496467590332,16.667272567749023,ok
LA_D_8138035,19.667869567871094,19.669736862182617,ok
LA_D_8138165,15.791739463806152,15.79947280883789,ok
LA_D_8138478,16.51308822631836,16.53424835205078,ok
LA_D_8138691,13.230426788330078,13.230813026428223,ok
LA_D_8140249,15.635992050170898,15.641929626464844,ok
LA_D_8141415,15.986083030700684,15.990077018737793,ok
LA_D_8141901,9.833855628967285,9.835570335388184,ok
LA_D_8142373,-15.44397258758545,-15.444275856018066,ok
LA_D_8142949,12.772741317749023,12.773329734802246,ok
LA_D_8143487,14.036094665527344,14.038619041442871,ok
LA_D_8145413,14.077343940734863,14.0778226852417,ok
LA_D_8145529,12.19948959350586,12.20482349395752,ok
LA_D_8145979,12.992935180664062,12.993691444396973,ok
LA_D_8146012,1.7158117294311523,1.7164193391799927,ok
LA_D_8146146,17.274627685546875,17.28483009338379,ok
LA_D_8147163,-3.2093660831451416,-3.2134666442871094,ok
LA_D_8147839,15.167306900024414,15.168065071105957,ok
LA_D_8149667,6.508121013641357,6.508422374725342,ok
LA_D_8152318,25.011770248413086,25.035371780395508,ok
LA_D_8155157,12.118313789367676,12.123595237731934,ok
LA_D_8155318,-14.477749824523926,-14.478472709655762,ok
LA_D_8156106,15.82014274597168,15.821122169494629,ok
LA_D_8156558,14.58788776397705,14.588334083557129,ok
LA_D_8159037,18.22101402282715,18.221010208129883,ok
LA_D_8160527,12.820470809936523,12.820775985717773,ok
LA_D_8161159,-15.368440628051758,-15.368925094604492,ok
LA_D_8161190,11.312111854553223,11.314838409423828,ok
LA_D_8161346,9.623603820800781,9.623600006103516,ok
LA_D_8161836,-15.45010757446289,-15.452360153198242,ok
LA_D_8161949,12.504048347473145,12.504456520080566,ok
LA_D_8162284,16.843664169311523,16.844282150268555,ok
LA_D_8162971,17.069875717163086,17.07293128967285,ok
LA_D_8164002,14.705263137817383,14.710416793823242,ok
LA_D_8165556,9.451077461242676,9.453141212463379,ok
LA_D_8167480,19.38210105895996,19.384801864624023,ok
LA_D_8167492,12.108697891235352,12.108777046203613,ok
LA_D_8168206,-10.309699058532715,-10.30996036529541,ok
LA_D_8169185,19.47330665588379,19.47499656677246,ok
LA_D_8169310,21.6877384185791,21.69269371032715,ok
LA_D_8169401,15.903210639953613,15.90375804901123,ok
LA_D_8169593,16.55007553100586,16.553922653198242,ok
LA_D_8169706,12.494571685791016,12.498050689697266,ok
LA_D_8170828,13.359731674194336,13.360207557678223,ok
LA_D_8170962,12.178399085998535,12.178589820861816,ok
LA_D_8171758,17.419605255126953,17.422163009643555,ok
LA_D_8172272,16.27554702758789,16.28672218322754,ok
LA_D_8172352,0.5865128636360168,0.5856293439865112,ok
LA_D_8172970,10.989751815795898,10.989644050598145,ok
LA_D_8173305,12.51358699798584,12.51426887512207,ok
LA_D_8173717,7.512782573699951,7.513050079345703,ok
LA_D_8173750,14.794447898864746,14.79703426361084,ok
LA_D_8174334,16.364030838012695,16.370708465576172,ok
LA_D_8174656,16.072973251342773,16.074047088623047,ok
LA_D_8174725,-14.184590339660645,-14.18801212310791,ok
LA_D_8175426,14.519684791564941,14.520140647888184,ok
LA_D_8176963,17.100936889648438,17.106586456298828,ok
LA_D_8177576,19.324260711669922,19.33348846435547,ok
LA_D_8179191,-13.658998489379883,-13.66097640991211,ok
LA_D_8181591,19.11802101135254,19.121484756469727,ok
LA_D_8181617,17.115745544433594,17.117399215698242,ok
LA_D_8181944,13.334901809692383,13.336538314819336,ok
LA_D_8182095,13.290074348449707,13.292302131652832,ok
LA_D_8182963,10.479701042175293,10.479809761047363,ok
LA_D_8183218,15.082246780395508,15.084880828857422,ok
LA_D_8183682,11.696263313293457,11.69877815246582,ok
LA_D_8183756,16.69809341430664,16.698060989379883,ok
LA_D_8184153,15.26453971862793,15.264693260192871,ok
LA_D_8185311,14.85262680053711,14.855080604553223,ok
LA_D_8187108,12.88221263885498,12.883966445922852,ok
LA_D_8187236,14.835610389709473,14.83577823638916,ok
LA_D_8187801,-13.592809677124023,-13.602072715759277,ok
LA_D_8189332,12.783736228942871,12.783682823181152,ok
LA_D_8191193,5.726090431213379,5.726083278656006,ok
LA_D_8191353,14.20134162902832,14.201590538024902,ok
LA_D_8191875,16.611345291137695,16.610122680664062,ok
LA_D_8192015,18.670835494995117,18.677446365356445,ok
LA_D_8192047,-13.505348205566406,-13.505727767944336,ok
LA_D_8193062,19.42728042602539,19.42863655090332,ok
LA_D_8195070,17.89396858215332,17.898218154907227,ok
LA_D_8197154,-15.52270221710205,-15.523259162902832,ok
LA_D_8197390,14.602165222167969,14.606894493103027,ok
LA_D_8197963,13.587252616882324,13.588851928710938,ok
LA_D_8198807,13.398659706115723,13.400025367736816,ok
LA_D_8198887,18.27623176574707,18.278324127197266,ok
LA_D_8199055,17.07276725769043,17.080081939697266,ok
LA_D_8200105,19.26165199279785,19.265504837036133,ok
LA_D_8200506,16.745933532714844,16.747289657592773,ok
LA_D_8201742,13.437621116638184,13.43761157989502,ok
LA_D_8202140,18.256338119506836,18.256649017333984,ok
LA_D_8203772,8.723160743713379,8.723776817321777,ok
LA_D_8203916,9.993812561035156,9.994921684265137,ok
LA_D_8204811,15.562774658203125,15.567216873168945,ok
LA_D_8205041,12.563353538513184,12.563443183898926,ok
LA_D_8205467,7.46751070022583,7.468817710876465,ok
LA_D_8205767,13.555366516113281,13.555936813354492,ok
LA_D_8206665,13.01706600189209,13.017308235168457,ok
LA_D_8208840,8.7210693359375,8.723299980163574,ok
LA_D_8208934,11.918167114257812,11.919167518615723,ok
LA_D_8210004,8.421307563781738,8.42302131652832,ok
LA_D_8210054,-12.647661209106445,-12.648482322692871,ok
LA_D_8210164,-16.185699462890625,-16.188871383666992,ok
LA_D_8213309,12.068374633789062,12.070182800292969,ok
LA_D_8214303,-14.380753517150879,-14.383598327636719,ok
LA_D_8214679,-12.418373107910156,-12.424576759338379,ok
LA_D_8214776,11.82040786743164,11.822710990905762,ok
LA_D_8216112,17.474700927734375,17.482189178466797,ok
LA_D_8217131,13.180697441101074,13.184883117675781,ok
LA_D_8217709,14.440237998962402,14.440309524536133,ok
LA_D_8218322,11.538058280944824,11.538578033447266,ok
LA_D_8220161,19.039356231689453,19.043928146362305,ok
LA_D_8220439,13.328333854675293,13.329362869262695,ok
LA_D_8220866,-13.315385818481445,-13.318918228149414,ok
LA_D_8221506,14.000542640686035,14.001581192016602,ok
LA_D_8221856,13.653022766113281,13.654451370239258,ok
LA_D_8222020,-16.323043823242188,-16.324609756469727,ok
LA_D_8222053,6.7596025466918945,6.760176181793213,ok
LA_D_8222620,-15.396738052368164,-15.397773742675781,ok
LA_D_8222801,11.085396766662598,11.086784362792969,ok
LA_D_8223331,14.057318687438965,14.059737205505371,ok
LA_D_8223817,11.594938278198242,11.598732948303223,ok
LA_D_8224117,15.838495254516602,15.840535163879395,ok
LA_D_8224626,13.648239135742188,13.648385047912598,ok
LA_D_8226027,13.821188926696777,13.821761131286621,ok
LA_D_8226217,10.053389549255371,10.055964469909668,ok
LA_D_8228250,14.608957290649414,14.610297203063965,ok
LA_D_8228939,15.013442993164062,15.014018058776855,ok
LA_D_8228955,15.710752487182617,15.712874412536621,ok
LA_D_8229090,15.442604064941406,15.445317268371582,ok
LA_D_8229496,16.350671768188477,16.35100555419922,ok
LA_D_8231246,15.087218284606934,15.087651252746582,ok
LA_D_8233417,17.36314582824707,17.364940643310547,ok
LA_D_8233626,13.941167831420898,13.943243980407715,ok
LA_D_8234296,8.97268009185791,8.972655296325684,ok
LA_D_8235144,-11.84693717956543,-11.847662925720215,ok
LA_D_8237075,-14.382120132446289,-14.382304191589355,ok
LA_D_8238983,13.271379470825195,13.272927284240723,ok
LA_D_8239123,-13.322322845458984,-13.322591781616211,ok
LA_D_8239585,13.754234313964844,13.755915641784668,ok
LA_D_8240404,12.46398639678955,12.4674654006958,ok
LA_D_8241189,13.818948745727539,13.82319450378418,ok
LA_D_8242715,14.681251525878906,14.68386173248291,ok
LA_D_8243334,15.806390762329102,15.806405067443848,ok
LA_D_8243405,12.022013664245605,12.022350311279297,ok
LA_D_8243419,15.093059539794922,15.093525886535645,ok
LA_D_8243640,14.676640510559082,14.676785469055176,ok
LA_D_8243797,16.288326263427734,16.291309356689453,ok
LA_D_8244804,20.54692268371582,20.550533294677734,ok
LA_D_8244933,8.985840797424316,8.987689018249512,ok
LA_D_8245412,17.17532730102539,17.17576026916504,ok
LA_D_8246386,18.399398803710938,18.40082359313965,ok
LA_D_8247746,14.020027160644531,14.022236824035645,ok
LA_D_8248087,13.503602981567383,13.50442886352539,ok
LA_D_8248529,16.98703384399414,16.988950729370117,ok
LA_D_8249434,15.678863525390625,15.681754112243652,ok
LA_D_8249675,15.313201904296875,15.318940162658691,ok
LA_D_8250257,13.955129623413086,13.955408096313477,ok
LA_D_8250392,13.101641654968262,13.102349281311035,ok
LA_D_8250953,14.094841003417969,14.094861030578613,ok
LA_D_8252368,4.593786716461182,4.602052211761475,ok
LA_D_8256584,11.140251159667969,11.140528678894043,ok
LA_D_8257354,17.430727005004883,17.435483932495117,ok
LA_D_8257425,15.467413902282715,15.468154907226562,ok
LA_D_8257669,14.197951316833496,14.20232105255127,ok
LA_D_8258080,13.530263900756836,13.530423164367676,ok
LA_D_8258450,7.01037073135376,7.010021686553955,ok
LA_D_8258459,11.039811134338379,11.043177604675293,ok
LA_D_8259778,9.597689628601074,9.59883975982666,ok
LA_D_8259798,14.350980758666992,14.353273391723633,ok
LA_D_8260717,15.206914901733398,15.209174156188965,ok
LA_D_8260762,-14.653247833251953,-14.653746604919434,ok
LA_D_8261063,14.899356842041016,14.905213356018066,ok
LA_D_8261443,16.72191619873047,16.72547149658203,ok
LA_D_8261853,15.62956428527832,15.639294624328613,ok
LA_D_8261899,16.052743911743164,16.054224014282227,ok
LA_D_8261981,6.013728141784668,6.013733386993408,ok
LA_D_8262471,14.364235877990723,14.366093635559082,ok
LA_D_8262652,14.182046890258789,14.1832914352417,ok
LA_D_8263001,12.723101615905762,12.723397254943848,ok
LA_D_8263452,-10.590312004089355,-10.590925216674805,ok
LA_D_8264187,13.755388259887695,13.755768775939941,ok
LA_D_8264531,15.613299369812012,15.613715171813965,ok
LA_D_8264863,14.389406204223633,14.400009155273438,ok
LA_D_8265007,12.51623821258545,12.5164794921875,ok
LA_D_8265432,16.66609001159668,16.67475700378418,ok
LA_D_8266174,19.834978103637695,19.839365005493164,ok
LA_D_8267794,13.912308692932129,13.912689208984375,ok
LA_D_8268288,12.971623420715332,12.971782684326172,ok
LA_D_8269720,13.324024200439453,13.324101448059082,ok
LA_D_8270285,9.319295883178711,9.319069862365723,ok
LA_D_8270568,7.451374530792236,7.451572418212891,ok
LA_D_8270674,12.9617338180542,12.96749496459961,ok
LA_D_8270902,-13.810625076293945,-13.814169883728027,ok
LA_D_8271340,15.168936729431152,15.170783996582031,ok
LA_D_8271714,14.006180763244629,14.006916999816895,ok
LA_D_8272979,13.101785659790039,13.101784706115723,ok
LA_D_8274833,-12.692390441894531,-12.696789741516113,ok
LA_D_8276399,11.31906795501709,11.322715759277344,ok
LA_D_8277450,10.75040054321289,10.75163459777832,ok
LA_D_8279014,13.984978675842285,13.985125541687012,ok
LA_D_8281201,16.97168731689453,16.972314834594727,ok
LA_D_8281902,16.47506332397461,16.477266311645508,ok
LA_D_8282334,13.445093154907227,13.446806907653809,ok
LA_D_8283203,14.123453140258789,14.127727508544922,ok
LA_D_8283567,10.845314025878906,10.84546184539795,ok
LA_D_8283819,11.940118789672852,11.940627098083496,ok
LA_D_8284400,12.144659042358398,12.147631645202637,ok
LA_D_8284460,9.858524322509766,9.863885879516602,ok
LA_D_8284994,-13.084602355957031,-13.086897850036621,ok
LA_D_8285076,14.910896301269531,14.911521911621094,ok
LA_D_8285541,17.107078552246094,17.108718872070312,ok
LA_D_8285739,10.024179458618164,10.02584171295166,ok
LA_D_8286094,11.567302703857422,11.56788158416748,ok
LA_D_8286400,14.221992492675781,14.221854209899902,ok
LA_D_8287063,9.246915817260742,9.246914863586426,ok
LA_D_8288732,-14.482925415039062,-14.483606338500977,ok
LA_D_8289522,-10.441996574401855,-10.444321632385254,ok
LA_D_8289729,-14.224578857421875,-14.22744083404541,ok
LA_D_8291086,16.975454330444336,16.97911262512207,ok
LA_D_8291737,15.066447257995605,15.066667556762695,ok
LA_D_8292706,14.898768424987793,14.901673316955566,ok
LA_D_8297100,-6.224735260009766,-6.225584983825684,ok
LA_D_8297660,10.82744026184082,10.82805347442627,ok
LA_D_8299676,15.71977424621582,15.721306800842285,ok
LA_D_8299781,8.152867317199707,8.155563354492188,ok
LA_D_8300528,12.365999221801758,12.367027282714844,ok
LA_D_8301954,21.073974609375,21.09591293334961,ok
LA_D_8302640,-15.166693687438965,-15.167553901672363,ok
LA_D_8302698,14.74643611907959,14.751827239990234,ok
LA_D_8304989,8.766100883483887,8.766576766967773,ok
LA_D_8305381,19.860002517700195,19.8665714263916,ok
LA_D_8308097,18.009933471679688,18.012521743774414,ok
LA_D_8308855,16.803260803222656,16.80405616760254,ok
LA_D_8309750,16.814756393432617,16.820634841918945,ok
LA_D_8309783,17.018535614013672,17.021196365356445,ok
LA_D_8310080,10.827645301818848,10.827569961547852,ok
LA_D_8310930,14.623644828796387,14.623812675476074,ok
LA_D_8311323,16.687597274780273,16.69048500061035,ok
LA_D_8312564,13.178439140319824,13.184502601623535,ok
LA_D_8313277,16.17379379272461,16.174833297729492,ok
LA_D_8313425,12.063055038452148,12.063265800476074,ok
LA_D_8313645,-7.224985122680664,-7.225002765655518,ok
LA_D_8314448,-13.038743019104004,-13.041407585144043,ok
LA_D_8314649,10.921281814575195,10.920882225036621,ok
LA_D_8315307,10.229384422302246,10.230006217956543,ok
LA_D_8315403,13.099518775939941,13.09990406036377,ok
LA_D_8316071,15.758334159851074,15.76156234741211,ok
LA_D_8316696,19.1774845123291,19.201053619384766,ok
LA_D_8317011,16.30670738220215,16.313989639282227,ok
LA_D_8317813,17.299495697021484,17.29985237121582,ok
LA_D_8318381,12.688718795776367,12.691141128540039,ok
LA_D_8318742,10.286287307739258,10.286739349365234,ok
LA_D_8318899,-13.861695289611816,-13.863101959228516,ok
LA_D_8320443,17.687515258789062,17.69318962097168,ok
LA_D_8321387,14.338913917541504,14.339791297912598,ok
LA_D_8321453,19.489978790283203,19.495588302612305,ok
LA_D_8321562,16.46592903137207,16.467172622680664,ok
LA_D_8322084,13.303997039794922,13.303890228271484,ok
LA_D_8322404,7.93219518661499,7.932226181030273,ok
LA_D_8322431,13.850329399108887,13.852554321289062,ok
LA_D_8322502,15.850444793701172,15.850451469421387,ok
LA_D_8322509,16.278230667114258,16.2827205657959,ok
LA_D_8322984,7.784368515014648,7.785495758056641,ok
LA_D_8323372,22.786306381225586,22.78948402404785,ok
LA_D_8325357,13.2675142288208,13.268900871276855,ok
LA_D_8328324,12.74537467956543,12.74689769744873,ok
LA_D_8328358,15.66185188293457,15.665505409240723,ok
LA_D_8328368,15.089604377746582,15.090219497680664,ok
LA_D_8329201,0.728589653968811,0.7280569076538086,ok
LA_D_8332272,16.420053482055664,16.4221134185791,ok
LA_D_8332415,14.976203918457031,14.979246139526367,ok
LA_D_8333263,7.598683834075928,7.598710536956787,ok
LA_D_8333710,13.074640274047852,13.075516700744629,ok
LA_D_8335083,9.912468910217285,9.914618492126465,ok
LA_D_8335202,10.958820343017578,10.958797454833984,ok
LA_D_8335993,9.425573348999023,9.42579174041748,ok
LA_D_8336903,12.400622367858887,12.403714179992676,ok
LA_D_8337861,13.500049591064453,13.506065368652344,ok
LA_D_8338088,14.845430374145508,14.845452308654785,ok
LA_D_8338331,16.91530990600586,16.915586471557617,ok
LA_D_8338896,18.421064376831055,18.426984786987305,ok
LA_D_8339674,17.947307586669922,17.953405380249023,ok
LA_D_8340325,15.199735641479492,15.200970649719238,ok
LA_D_8340433,-13.001625061035156,-13.001923561096191,ok
LA_D_8340873,14.37173080444336,14.372787475585938,ok
LA_D_8341574,16.051374435424805,16.053306579589844,ok
LA_D_8341752,10.965641021728516,10.968796730041504,ok
LA_D_8342451,17.01249122619629,17.01356315612793,ok
LA_D_8343646,6.972793102264404,6.977594375610352,ok
LA_D_8344568,15.959733963012695,15.962270736694336,ok
LA_D_8344962,9.068541526794434,9.068614959716797,ok
LA_D_8345800,12.627214431762695,12.631248474121094,ok
LA_D_8346348,13.086812019348145,13.089336395263672,ok
LA_D_8347056,6.73195743560791,6.733917713165283,ok
LA_D_8348255,12.17920207977295,12.185973167419434,ok
LA_D_8348470,14.470829963684082,14.472098350524902,ok
LA_D_8348783,9.862162590026855,9.862395286560059,ok
LA_D_8348784,10.82954216003418,10.829819679260254,ok
LA_D_8350907,13.265632629394531,13.277776718139648,ok
LA_D_8350950,14.932751655578613,14.933072090148926,ok
LA_D_8351401,13.906493186950684,13.907754898071289,ok
LA_D_8352186,19.045631408691406,19.04573631286621,ok
LA_D_8353342,15.489501953125,15.492112159729004,ok
LA_D_8353917,10.600796699523926,10.601794242858887,ok
LA_D_8355334,2.9356231689453125,2.935690402984619,ok
LA_D_8355933,11.788982391357422,11.790316581726074,ok
LA_D_8355987,14.588363647460938,14.589924812316895,ok
LA_D_8357910,11.339816093444824,11.340351104736328,ok
LA_D_8358692,16.640745162963867,16.640743255615234,ok
LA_D_8358881,14.519829750061035,14.519957542419434,ok
LA_D_8359118,9.267182350158691,9.267105102539062,ok
LA_D_8359755,7.535669803619385,7.536518573760986,ok
LA_D_8361609,11.753024101257324,11.752800941467285,ok
LA_D_8362045,8.197576522827148,8.19756031036377,ok
LA_D_8362355,15.279195785522461,15.2822847366333,ok
LA_D_8362390,16.976146697998047,16.983060836791992,ok
LA_D_8362861,11.636177062988281,11.637508392333984,ok
LA_D_8362912,19.976659774780273,19.991472244262695,ok
LA_D_8363627,12.352794647216797,12.357433319091797,ok
LA_D_8364571,14.246271133422852,14.255291938781738,ok
LA_D_8364730,8.657034873962402,8.658234596252441,ok
LA_D_8364986,13.320740699768066,13.320799827575684,ok
LA_D_8365194,-14.795172691345215,-14.797381401062012,ok
LA_D_8365489,10.584874153137207,10.584914207458496,ok
LA_D_8366444,15.429943084716797,15.431108474731445,ok
LA_D_8366884,14.913488388061523,14.915671348571777,ok
LA_D_8367470,11.994998931884766,11.99585247039795,ok
LA_D_8367768,15.931265830993652,15.931406021118164,ok
LA_D_8367777,10.769562721252441,10.769713401794434,ok
LA_D_8367897,14.051139831542969,14.051653861999512,ok
LA_D_8367907,17.024709701538086,17.027753829956055,ok
LA_D_8368027,12.75782585144043,12.7579984664917,ok
LA_D_8371178,-13.80031967163086,-13.809895515441895,ok
LA_D_8371769,14.460333824157715,14.462885856628418,ok
LA_D_8372141,20.043380737304688,20.054723739624023,ok
LA_D_8372696,15.285234451293945,15.289200782775879,ok
LA_D_8373517,17.04816246032715,17.050283432006836,ok
LA_D_8373522,16.172555923461914,16.17402458190918,ok
LA_D_8374831,14.032959938049316,14.033768653869629,ok
LA_D_8374952,18.311250686645508,18.31096076965332,ok
LA_D_8375726,10.414873123168945,10.415133476257324,ok
LA_D_8376156,17.463478088378906,17.466535568237305,ok
LA_D_8376351,14.37942886352539,14.388596534729004,ok
LA_D_8377469,12.286710739135742,12.286709785461426,ok
LA_D_8377834,11.838689804077148,11.841137886047363,ok
LA_D_8377841,9.025897979736328,9.026023864746094,ok
LA_D_8378530,13.895096778869629,13.896718978881836,ok
LA_D_8379770,7.989600658416748,7.990961074829102,ok
LA_D_8380344,14.765863418579102,14.767838478088379,ok
LA_D_8380959,12.934320449829102,12.939555168151855,ok
LA_D_8381871,12.484331130981445,12.484408378601074,ok
LA_D_8382417,14.3858003616333,14.387362480163574,ok
LA_D_8383254,11.087528228759766,11.095001220703125,ok
LA_D_8384015,9.251056671142578,9.251748085021973,ok
LA_D_8386102,12.145051002502441,12.14551067352295,ok
LA_D_8388061,12.531976699829102,12.53342056274414,ok
LA_D_8389167,15.483649253845215,15.489483833312988,ok
LA_D_8391101,15.74581527709961,15.74790096282959,ok
LA_D_8392731,13.683509826660156,13.686604499816895,ok
LA_D_8394417,-13.976668357849121,-13.97967529296875,ok
LA_D_8395121,15.067769050598145,15.073890686035156,ok
LA_D_8397551,-15.144869804382324,-15.146146774291992,ok
LA_D_8398091,13.015619277954102,13.016249656677246,ok
LA_D_8400810,14.79413890838623,14.794240951538086,ok
LA_D_8400994,12.678129196166992,12.678204536437988,ok
LA_D_8404295,10.680148124694824,10.680630683898926,ok
LA_D_8406853,18.615148544311523,18.619003295898438,ok
LA_D_8407147,14.78903865814209,14.79114818572998,ok
LA_D_8407252,14.189240455627441,14.191994667053223,ok
LA_D_8407555,17.4456844329834,17.446741104125977,ok
LA_D_8408532,13.832435607910156,13.839489936828613,ok
LA_D_8408912,15.096163749694824,15.096266746520996,ok
LA_D_8411616,11.942398071289062,11.944781303405762,ok
LA_D_8412208,10.617762565612793,10.617935180664062,ok
LA_D_8412543,14.500885963439941,14.503066062927246,ok
LA_D_8413012,13.558156967163086,13.56104564666748,ok
LA_D_8413105,-16.38484764099121,-16.38636589050293,ok
LA_D_8417277,14.012950897216797,14.014677047729492,ok
LA_D_8417993,18.327505111694336,18.33225440979004,ok
LA_D_8418152,15.207639694213867,15.208847045898438,ok
LA_D_8418326,18.149574279785156,18.14969825744629,ok
LA_D_8418660,17.25580596923828,17.258581161499023,ok
LA_D_8420931,18.45825958251953,18.45867347717285,ok
LA_D_8423289,8.196812629699707,8.197253227233887,ok
LA_D_8424157,12.545047760009766,12.549145698547363,ok
LA_D_8425884,19.096664428710938,19.10804557800293,ok
LA_D_8426461,-14.578258514404297,-14.581703186035156,ok
LA_D_8426999,22.882732391357422,22.884105682373047,ok
LA_D_8427353,19.047351837158203,19.049665451049805,ok
LA_D_8428519,15.825117111206055,15.828653335571289,ok
LA_D_8429218,12.944972038269043,12.946510314941406,ok
LA_D_8429648,15.470151901245117,15.470855712890625,ok
LA_D_8429827,-13.612982749938965,-13.61305046081543,ok
LA_D_8431362,11.404332160949707,11.405837059020996,ok
LA_D_8432686,12.634115219116211,12.634629249572754,ok
LA_D_8433898,-15.7067289352417,-15.708821296691895,ok
LA_D_8434044,17.381183624267578,17.385690689086914,ok
LA_D_8434051,9.256808280944824,9.257036209106445,ok
LA_D_8435642,13.429326057434082,13.438750267028809,ok
LA_D_8436519,9.500864028930664,9.507967948913574,ok
LA_D_8437828,13.655319213867188,13.655670166015625,ok
LA_D_8438420,13.862521171569824,13.862576484680176,ok
LA_D_8438549,13.746057510375977,13.74743938446045,ok
LA_D_8439511,12.539402961730957,12.54189395904541,ok
LA_D_8440240,16.806612014770508,16.80996322631836,ok
LA_D_8440843,-8.795472145080566,-8.795671463012695,ok
LA_D_8441069,10.5447416305542,10.546748161315918,ok
LA_D_8441935,14.806461334228516,14.80817985534668,ok
LA_D_8442443,15.23806095123291,15.242409706115723,ok
LA_D_8445701,11.354565620422363,11.355156898498535,ok
LA_D_8445966,13.966741561889648,13.96926212310791,ok
LA_D_8446758,17.194515228271484,17.204328536987305,ok
LA_D_8447480,11.930448532104492,11.935011863708496,ok
LA_D_8447703,11.667461395263672,11.669793128967285,ok
LA_D_8450248,17.849037170410156,17.851118087768555,ok
LA_D_8450378,19.30793571472168,19.3090763092041,ok
LA_D_8450426,14.756393432617188,14.758118629455566,ok
LA_D_8450502,14.373979568481445,14.379429817199707,ok
LA_D_8450719,18.48436737060547,18.48439598083496,ok
LA_D_8452415,14.466157913208008,14.468464851379395,ok
LA_D_8453487,15.9835844039917,15.983759880065918,ok
LA_D_8453540,9.783397674560547,9.7850980758667,ok
LA_D_8454223,14.727392196655273,14.729127883911133,ok
LA_D_8454906,10.90786075592041,10.908220291137695,ok
LA_D_8455214,16.056730270385742,16.05787467956543,ok
LA_D_8456039,11.467304229736328,11.467310905456543,ok
LA_D_8456544,10.062751770019531,10.071537971496582,ok
LA_D_8457237,11.87572193145752,11.876424789428711,ok
LA_D_8457325,-12.447163581848145,-12.448643684387207,ok
LA_D_8458426,12.386470794677734,12.388055801391602,ok
LA_D_8459341,15.19190788269043,15.196450233459473,ok
LA_D_8461185,13.488038063049316,13.489296913146973,ok
LA_D_8461526,8.31784439086914,8.31779956817627,ok
LA_D_8461949,-5.018558025360107,-5.01912260055542,ok
LA_D_8463046,14.026734352111816,14.030171394348145,ok
LA_D_8463562,13.442776679992676,13.443194389343262,ok
LA_D_8464147,21.170400619506836,21.18279266357422,ok
LA_D_8464223,12.73453140258789,12.73470401763916,ok
LA_D_8465207,18.467178344726562,18.473127365112305,ok
LA_D_8465272,13.995092391967773,13.995606422424316,ok
LA_D_8465947,12.650521278381348,12.652549743652344,ok
LA_D_8467187,10.509238243103027,10.50925064086914,ok
LA_D_8467523,14.123661994934082,14.126450538635254,ok
LA_D_8467738,11.622458457946777,11.63247013092041,ok
LA_D_8467991,11.431610107421875,11.431647300720215,ok
LA_D_8468180,15.262604713439941,15.262923240661621,ok
LA_D_8468186,17.578054428100586,17.58110237121582,ok
LA_D_8468652,13.437784194946289,13.443737983703613,ok
LA_D_8470242,13.962626457214355,13.964346885681152,ok
LA_D_8470269,13.777931213378906,13.777935981750488,ok
LA_D_8471747,14.367790222167969,14.367989540100098,ok
LA_D_8472714,16.35943031311035,16.3594970703125,ok
LA_D_8473267,-12.201201438903809,-12.202869415283203,ok
LA_D_8473774,13.526043891906738,13.527915000915527,ok
LA_D_8473995,15.446540832519531,15.45253849029541,ok
LA_D_8474115,16.7755126953125,16.77547836303711,ok
LA_D_8476350,12.667587280273438,12.66992473602295,ok
LA_D_8478346,16.354413986206055,16.357873916625977,ok
LA_D_8479165,18.007020950317383,18.00702476501465,ok
LA_D_8479815,18.001991271972656,18.00421714782715,ok
LA_D_8480078,10.16776180267334,10.168862342834473,ok
LA_D_8480524,13.090250015258789,13.092202186584473,ok
LA_D_8481340,11.19098949432373,11.195114135742188,ok
LA_D_8481565,15.780767440795898,15.795443534851074,ok
LA_D_8481884,15.555719375610352,15.556289672851562,ok
LA_D_8482059,9.561384201049805,9.562195777893066,ok
LA_D_8482703,5.036445617675781,5.037807941436768,ok
LA_D_8482937,16.258899688720703,16.25892448425293,ok
LA_D_8483290,13.017680168151855,13.018302917480469,ok
LA_D_8483715,16.532882690429688,16.536880493164062,ok
LA_D_8484861,14.937556266784668,14.939474105834961,ok
LA_D_8485138,12.647220611572266,12.654393196105957,ok
LA_D_8486261,12.158407211303711,12.160067558288574,ok
LA_D_8486455,11.089760780334473,11.092105865478516,ok
LA_D_8487209,9.902751922607422,9.904213905334473,ok
LA_D_8488988,15.396236419677734,15.396662712097168,ok
LA_D_8489512,-9.906102180480957,-9.906876564025879,ok
LA_D_8491201,14.186273574829102,14.18822956085205,ok
LA_D_8491532,15.956921577453613,15.957281112670898,ok
LA_D_8492975,8.441699028015137,8.441771507263184,ok
LA_D_8493833,14.088651657104492,14.088767051696777,ok
LA_D_8494207,14.623177528381348,14.623875617980957,ok
LA_D_8494760,-10.285953521728516,-10.286602973937988,ok
LA_D_8495231,13.64574146270752,13.647002220153809,ok
LA_D_8496632,15.829230308532715,15.830911636352539,ok
LA_D_8497674,13.020057678222656,13.021294593811035,ok
LA_D_8498981,-13.285080909729004,-13.2893705368042,ok
LA_D_8499403,16.89967155456543,16.910184860229492,ok
LA_D_8499637,11.325642585754395,11.330219268798828,ok
LA_D_8500724,12.30859088897705,12.309136390686035,ok
LA_D_8501026,14.60142707824707,14.604355812072754,ok
LA_D_8501151,16.008790969848633,16.01182746887207,ok
LA_D_8503023,13.911796569824219,13.913692474365234,ok
LA_D_8503024,-11.1854248046875,-11.185578346252441,ok
LA_D_8504769,13.670716285705566,13.676680564880371,ok
LA_D_8504805,13.423626899719238,13.42624568939209,ok
LA_D_8505001,20.605392456054688,20.607608795166016,ok
LA_D_8505020,11.091540336608887,11.091769218444824,ok
LA_D_8507903,15.632774353027344,15.634886741638184,ok
LA_D_8508542,11.968181610107422,11.969149589538574,ok
LA_D_8509642,19.847980499267578,19.8546085357666,ok
LA_D_8509720,16.55385971069336,16.5538387298584,ok
LA_D_8510601,11.403802871704102,11.404854774475098,ok
LA_D_8511318,10.017614364624023,10.017474174499512,ok
LA_D_8511483,11.024930953979492,11.026083946228027,ok
LA_D_8511990,15.029120445251465,15.031190872192383,ok
LA_D_8512598,14.972905158996582,14.973332405090332,ok
LA_D_8514719,17.394262313842773,17.394851684570312,ok
LA_D_8514801,17.764942169189453,17.766305923461914,ok
LA_D_8515733,9.342781066894531,9.342799186706543,ok
LA_D_8516589,-9.132176399230957,-9.132396697998047,ok
LA_D_8516649,12.2504243850708,12.250737190246582,ok
LA_D_8519084,12.930482864379883,12.935379981994629,ok
LA_D_8519166,18.910402297973633,18.9129695892334,ok
LA_D_8519635,12.142756462097168,12.143407821655273,ok
LA_D_8520152,23.691816329956055,23.713401794433594,ok
LA_D_8520696,13.825840950012207,13.826355934143066,ok
LA_D_8521403,15.717608451843262,15.719705581665039,ok
LA_D_8522617,14.672515869140625,14.6807222366333,ok
LA_D_8522922,9.942760467529297,9.942809104919434,ok
LA_D_8523307,19.23621368408203,19.23756980895996,ok
LA_D_8524503,6.058337211608887,6.058098316192627,ok
LA_D_8524530,9.309834480285645,9.309839248657227,ok
LA_D_8524573,16.769458770751953,16.770830154418945,ok
LA_D_8524883,11.6002197265625,11.60810375213623,ok
LA_D_8524946,9.278159141540527,9.280867576599121,ok
LA_D_8524990,13.660913467407227,13.662127494812012,ok
LA_D_8525388,10.914176940917969,10.91696834564209,ok
LA_D_8527611,10.072183609008789,10.072219848632812,ok
LA_D_8528202,15.65567398071289,15.672481536865234,ok
LA_D_8529268,16.15994644165039,16.163549423217773,ok
LA_D_8529541,14.407986640930176,14.418062210083008,ok
LA_D_8530159,17.18286895751953,17.189878463745117,ok
LA_D_8530524,12.714824676513672,12.716094017028809,ok
LA_D_8530635,15.738853454589844,15.74201488494873,ok
LA_D_8531203,17.408353805541992,17.417381286621094,ok
LA_D_8533998,18.452491760253906,18.455129623413086,ok
LA_D_8534191,10.1095609664917,10.112847328186035,ok
LA_D_8534416,13.74513053894043,13.747211456298828,ok
LA_D_8534526,12.932974815368652,12.933965682983398,ok
LA_D_8535380,15.96945571899414,15.970649719238281,ok
LA_D_8536051,11.559640884399414,11.559488296508789,ok
LA_D_8537544,11.413213729858398,11.413233757019043,ok
LA_D_8537694,13.225432395935059,13.227639198303223,ok
LA_D_8538675,16.610904693603516,16.61115264892578,ok
LA_D_8539612,17.574199676513672,17.577726364135742,ok
LA_D_8539634,16.12569808959961,16.126981735229492,ok
LA_D_8539674,13.227109909057617,13.2276029586792,ok
LA_D_8540229,13.033773422241211,13.033818244934082,ok
LA_D_8540397,12.342767715454102,12.34444522857666,ok
LA_D_8540770,12.575695037841797,12.577606201171875,ok
LA_D_8541205,13.811602592468262,13.81160831451416,ok
LA_D_8542121,8.78149700164795,8.784184455871582,ok
LA_D_8543293,11.749290466308594,11.753364562988281,ok
LA_D_8543737,13.379152297973633,13.379849433898926,ok
LA_D_8543878,23.996559143066406,23.99861717224121,ok
LA_D_8544546,-4.615828514099121,-4.617935657501221,ok
LA_D_8544570,16.045345306396484,16.046836853027344,ok
LA_D_8544644,18.299646377563477,18.301023483276367,ok
LA_D_8545409,14.877099990844727,14.880478858947754,ok
LA_D_8545660,14.800227165222168,14.802321434020996,ok
LA_D_8546068,15.040846824645996,15.047602653503418,ok
LA_D_8546378,12.980162620544434,12.987797737121582,ok
LA_D_8546481,14.998082160949707,14.999856948852539,ok
LA_D_8546655,13.843280792236328,13.846701622009277,ok
LA_D_8548417,16.893333435058594,16.894041061401367,ok
LA_D_8549144,-12.984582901000977,-12.985291481018066,ok
LA_D_8549576,17.39463996887207,17.395530700683594,ok
LA_D_8549945,12.769014358520508,12.769073486328125,ok
LA_D_8550381,9.787257194519043,9.78754711151123,ok
LA_D_8552142,16.91890525817871,16.92352294921875,ok
LA_D_8552859,11.636713027954102,11.637480735778809,ok
LA_D_8553650,-13.71074104309082,-13.711812019348145,ok
LA_D_8555156,16.366636276245117,16.36721420288086,ok
LA_D_8555387,5.639820575714111,5.638772010803223,ok
LA_D_8555530,15.110634803771973,15.11417293548584,ok
LA_D_8556216,15.692527770996094,15.696016311645508,ok
LA_D_8557721,13.150097846984863,13.154632568359375,ok
LA_D_8558362,14.121479034423828,14.12253475189209,ok
LA_D_8558988,12.2988920211792,12.301168441772461,ok
LA_D_8559605,14.659412384033203,14.662569999694824,ok
LA_D_8560239,13.358063697814941,13.358296394348145,ok
LA_D_8560313,8.080430030822754,8.081506729125977,ok
LA_D_8561006,15.451634407043457,15.45163631439209,ok
LA_D_8561401,17.11359405517578,17.115095138549805,ok
LA_D_8561841,17.644987106323242,17.64967155456543,ok
LA_D_8562559,14.208508491516113,14.21275806427002,ok
LA_D_8563620,7.972397327423096,7.974337100982666,ok
LA_D_8565229,12.489389419555664,12.497231483459473,ok
LA_D_8565833,14.094856262207031,14.094799995422363,ok
LA_D_8567575,15.086268424987793,15.086686134338379,ok
LA_D_8568451,-13.846047401428223,-13.846726417541504,ok
LA_D_8568773,10.30793571472168,10.308642387390137,ok
LA_D_8569086,16.547578811645508,16.5493221282959,ok
LA_D_8569313,10.6525239944458,10.656855583190918,ok
LA_D_8572188,15.948115348815918,15.948403358459473,ok
LA_D_8572375,-15.546346664428711,-15.548283576965332,ok
LA_D_8573686,18.750532150268555,18.75368309020996,ok
LA_D_8573818,14.038894653320312,14.039052963256836,ok
LA_D_8575854,11.462664604187012,11.464402198791504,ok
LA_D_8576496,13.238008499145508,13.2423677444458,ok
LA_D_8576711,13.684925079345703,13.692670822143555,ok
LA_D_8576937,14.0878267288208,14.09050464630127,ok
LA_D_8577756,-15.150633811950684,-15.151193618774414,ok
LA_D_8578970,14.962342262268066,14.962713241577148,ok
LA_D_8582039,-3.028881549835205,-3.02911376953125,ok
LA_D_8582209,15.105453491210938,15.109084129333496,ok
LA_D_8582702,18.22736930847168,18.232807159423828,ok
LA_D_8582931,16.792951583862305,16.793838500976562,ok
LA_D_8583087,12.359224319458008,12.367447853088379,ok
LA_D_8584336,13.274700164794922,13.278183937072754,ok
LA_D_8584532,13.616220474243164,13.617146492004395,ok
LA_D_8586128,12.139408111572266,12.144062995910645,ok
LA_D_8586602,15.433477401733398,15.433902740478516,ok
LA_D_8587705,11.995814323425293,11.996466636657715,ok
LA_D_8588899,15.912686347961426,15.913969993591309,ok
LA_D_8590984,21.268674850463867,21.26934242248535,ok
LA_D_8591429,-11.426994323730469,-11.428435325622559,ok
LA_D_8591446,12.414586067199707,12.414685249328613,ok
LA_D_8591522,16.065631866455078,16.06585693359375,ok
LA_D_8592787,11.809367179870605,11.80942440032959,ok
LA_D_8593631,20.095726013183594,20.100496292114258,ok
LA_D_8593660,14.592658996582031,14.596674919128418,ok
LA_D_8593699,14.64791488647461,14.649617195129395,ok
LA_D_8594051,-15.69871711730957,-15.699262619018555,ok
LA_D_8594091,12.317179679870605,12.317544937133789,ok
LA_D_8594594,7.270034313201904,7.270028591156006,ok
LA_D_8594927,13.863386154174805,13.867830276489258,ok
LA_D_8595379,10.854702949523926,10.87429141998291,ok
LA_D_8595477,14.840592384338379,14.843453407287598,ok
LA_D_8595493,17.965682983398438,17.97023582458496,ok
LA_D_8595981,11.466609001159668,11.466647148132324,ok
LA_D_8596240,-14.053202629089355,-14.053380966186523,ok
LA_D_8596396,15.43757438659668,15.439416885375977,ok
LA_D_8599184,12.863113403320312,12.86428165435791,ok
LA_D_8600039,-14.968914985656738,-14.97529125213623,ok
LA_D_8601811,19.628999710083008,19.63673210144043,ok
LA_D_8604395,13.617220878601074,13.62110424041748,ok
LA_D_8604643,14.101991653442383,14.105435371398926,ok
LA_D_8605221,12.087654113769531,12.08859920501709,ok
LA_D_8605887,12.133278846740723,12.133559226989746,ok
LA_D_8605975,17.020267486572266,17.024518966674805,ok
LA_D_8606381,13.217397689819336,13.218149185180664,ok
LA_D_8607094,15.779929161071777,15.781428337097168,ok
LA_D_8608217,15.193650245666504,15.19463062286377,ok
LA_D_8609217,16.74675941467285,16.7528018951416,ok
LA_D_8609765,12.017083168029785,12.021315574645996,ok
LA_D_8610307,12.58850383758545,12.58885669708252,ok
LA_D_8610426,1.8894765377044678,1.8887485265731812,ok
LA_D_8611140,8.361676216125488,8.363654136657715,ok
LA_D_8611156,15.237799644470215,15.23913860321045,ok
LA_D_8612035,16.192262649536133,16.19876480102539,ok
LA_D_8612905,16.434988021850586,16.437288284301758,ok
LA_D_8613483,10.746535301208496,10.747967720031738,ok
LA_D_8614682,17.146135330200195,17.148141860961914,ok
LA_D_8614773,4.965557098388672,4.96851110458374,ok
LA_D_8617115,17.0538330078125,17.05425453186035,ok
LA_D_8617247,15.332539558410645,15.332928657531738,ok
LA_D_8618689,11.742456436157227,11.742395401000977,ok
LA_D_8619253,13.853333473205566,13.854047775268555,ok
LA_D_8619260,15.612083435058594,15.615200996398926,ok
LA_D_8620622,-9.790371894836426,-9.79116439819336,ok
LA_D_8621322,-12.028104782104492,-12.030303001403809,ok
LA_D_8622815,14.889229774475098,14.890043258666992,ok
LA_D_8623253,13.186932563781738,13.192131996154785,ok
LA_D_8623607,-14.294930458068848,-14.29518985748291,ok
LA_D_8624407,14.6222505569458,14.624417304992676,ok
LA_D_8624575,9.957489013671875,9.957613945007324,ok
LA_D_8628343,19.775712966918945,19.782400131225586,ok
LA_D_8628678,16.762210845947266,16.76300621032715,ok
LA_D_8629864,5.424374103546143,5.427018642425537,ok
LA_D_8629908,8.893913269042969,8.89537525177002,ok
LA_D_8630262,15.371134757995605,15.375658988952637,ok
LA_D_8630312,3.7750277519226074,3.7760419845581055,ok
LA_D_8630528,14.117321014404297,14.12302303314209,ok
LA_D_8630942,18.995737075805664,18.99689292907715,ok
LA_D_8631402,17.03073501586914,17.030759811401367,ok
LA_D_8632099,14.74480152130127,14.745431900024414,ok
LA_D_8632409,18.26877784729004,18.26899528503418,ok
LA_D_8634956,5.4670867919921875,5.46703577041626,ok
LA_D_8635185,12.429383277893066,12.43019962310791,ok
LA_D_8636461,7.5240044593811035,7.5290303230285645,ok
LA_D_8637140,14.024176597595215,14.034651756286621,ok
LA_D_8637288,-14.482138633728027,-14.482918739318848,ok
LA_D_8638488,12.930838584899902,12.933440208435059,ok
LA_D_8638660,13.696013450622559,13.698419570922852,ok
LA_D_8640715,14.655001640319824,14.655343055725098,ok
LA_D_8641456,10.88378620147705,10.889280319213867,ok
LA_D_8641916,8.799844741821289,8.799851417541504,ok
LA_D_8644251,15.527307510375977,15.528809547424316,ok
LA_D_8646520,8.810635566711426,8.811591148376465,ok
LA_D_8646930,18.267261505126953,18.269380569458008,ok
LA_D_8647491,14.093079566955566,14.096292495727539,ok
LA_D_8648680,18.12449836730957,18.127201080322266,ok
LA_D_8648848,10.24547004699707,10.246914863586426,ok
LA_D_8649631,15.333952903747559,15.334819793701172,ok
LA_D_8651248,13.79240608215332,13.793182373046875,ok
LA_D_8652135,17.09714126586914,17.102163314819336,ok
LA_D_8653066,15.730658531188965,15.733170509338379,ok
LA_D_8653096,15.409835815429688,15.410584449768066,ok
LA_D_8653522,13.228992462158203,13.230062484741211,ok
LA_D_8653634,14.65461540222168,14.657177925109863,ok
LA_D_8653799,15.087690353393555,15.092024803161621,ok
LA_D_8655169,12.985555648803711,12.985543251037598,ok
LA_D_8655268,12.01509952545166,12.015259742736816,ok
LA_D_8655539,22.089860916137695,22.092241287231445,ok
LA_D_8655642,16.368228912353516,16.369647979736328,ok
LA_D_8656237,18.863794326782227,18.863706588745117,ok
LA_D_8656739,16.39708709716797,16.397144317626953,ok
LA_D_8657095,14.218100547790527,14.21817684173584,ok
LA_D_8657393,16.237728118896484,16.24381446838379,ok
LA_D_8658531,14.094944953918457,14.097691535949707,ok
LA_D_8659185,15.194228172302246,15.197108268737793,ok
LA_D_8659693,9.892220497131348,9.89442253112793,ok
LA_D_8660630,13.395980834960938,13.396662712097168,ok
LA_D_8661283,14.54137897491455,14.542206764221191,ok
LA_D_8663431,15.049156188964844,15.055134773254395,ok
LA_D_8663831,17.71291732788086,17.71291732788086,ok
LA_D_8664408,13.687631607055664,13.688374519348145,ok
LA_D_8665250,17.042335510253906,17.053232192993164,ok
LA_D_8666902,15.24283218383789,15.24882984161377,ok
LA_D_8667202,14.188613891601562,14.190853118896484,ok
LA_D_8667287,15.623188972473145,15.62396240234375,ok
LA_D_8667308,12.994458198547363,12.995732307434082,ok
LA_D_8668147,13.371377944946289,13.374741554260254,ok
LA_D_8669407,17.657852172851562,17.65799331665039,ok
LA_D_8670754,18.489791870117188,18.4986572265625,ok
LA_D_8671896,-10.257040977478027,-10.257548332214355,ok
LA_D_8672392,14.139052391052246,14.139580726623535,ok
LA_D_8672684,-7.225404262542725,-7.225488185882568,ok
LA_D_8672699,4.737253189086914,4.7352142333984375,ok
LA_D_8674026,7.4523515701293945,7.452332973480225,ok
LA_D_8674039,15.253236770629883,15.255452156066895,ok
LA_D_8674678,18.269006729125977,18.2797908782959,ok
LA_D_8675337,13.072630882263184,13.074167251586914,ok
LA_D_8675351,14.38476848602295,14.385071754455566,ok
LA_D_8675909,18.697765350341797,18.69795036315918,ok
LA_D_8676372,20.45352554321289,20.453166961669922,ok
LA_D_8676464,11.751443862915039,11.751504898071289,ok
LA_D_8677181,13.611577987670898,13.613109588623047,ok
LA_D_8678171,11.703624725341797,11.703871726989746,ok
LA_D_8678189,15.122553825378418,15.123428344726562,ok
LA_D_8678410,17.998380661010742,18.002071380615234,ok
LA_D_8678708,7.8427205085754395,7.843110084533691,ok
LA_D_8679609,17.474246978759766,17.485780715942383,ok
LA_D_8679905,-8.892404556274414,-8.892547607421875,ok
LA_D_8680505,10.505414962768555,10.505749702453613,ok
LA_D_8682135,9.680998802185059,9.681010246276855,ok
LA_D_8682238,13.126432418823242,13.127655029296875,ok
LA_D_8682472,16.160276412963867,16.16029930114746,ok
LA_D_8683301,17.121139526367188,17.12256622314453,ok
LA_D_8683829,17.273418426513672,17.274518966674805,ok
LA_D_8684186,16.35409927368164,16.356229782104492,ok
LA_D_8686775,9.147235870361328,9.14710521697998,ok
LA_D_8686912,9.63102912902832,9.63158893585205,ok
LA_D_8689278,13.944357872009277,13.947579383850098,ok
LA_D_8689583,14.6505126953125,14.650606155395508,ok
LA_D_8690110,16.043163299560547,16.043455123901367,ok
LA_D_8691113,15.13866901397705,15.154532432556152,ok
LA_D_8692089,15.909749984741211,15.911903381347656,ok
LA_D_8692948,-14.687461853027344,-14.690070152282715,ok
LA_D_8693010,14.91074275970459,14.911809921264648,ok
LA_D_8693204,18.598188400268555,18.59917640686035,ok
LA_D_8693858,15.983089447021484,15.986737251281738,ok
LA_D_8696046,-13.427071571350098,-13.428704261779785,ok
LA_D_8696545,13.441265106201172,13.441333770751953,ok
LA_D_8697162,13.967013359069824,13.96717357635498,ok
LA_D_8697996,-14.127129554748535,-14.129528999328613,ok
LA_D_8698219,12.462636947631836,12.462946891784668,ok
LA_D_8699272,14.499471664428711,14.502310752868652,ok
LA_D_8700986,7.586860656738281,7.587106704711914,ok
LA_D_8701190,16.074007034301758,16.0771541595459,ok
LA_D_8702097,14.898881912231445,14.89970874786377,ok
LA_D_8702563,9.31654167175293,9.316701889038086,ok
LA_D_8704593,14.96255874633789,14.968095779418945,ok
LA_D_8704675,16.626728057861328,16.626880645751953,ok
LA_D_8704829,17.389684677124023,17.394245147705078,ok
LA_D_8705688,15.836849212646484,15.839555740356445,ok
LA_D_8705922,-15.035133361816406,-15.035822868347168,ok
LA_D_8708656,14.248442649841309,14.249588966369629,ok
LA_D_8708922,22.192811965942383,22.194839477539062,ok
LA_D_8710691,14.34704303741455,14.349469184875488,ok
LA_D_8711337,15.796586990356445,15.797966003417969,ok
LA_D_8712202,13.796293258666992,13.799426078796387,ok
LA_D_8712827,12.221247673034668,12.222487449645996,ok
LA_D_8713797,16.41072654724121,16.41261100769043,ok
LA_D_8713999,14.633129119873047,14.637330055236816,ok
LA_D_8715195,12.477005958557129,12.477057456970215,ok
LA_D_8715386,15.467260360717773,15.474342346191406,ok
LA_D_8715868,-11.900131225585938,-11.901169776916504,ok
LA_D_8716948,13.816116333007812,13.816128730773926,ok
LA_D_8718165,17.974191665649414,17.97598648071289,ok
LA_D_8718179,17.509632110595703,17.513525009155273,ok
LA_D_8718669,15.819731712341309,15.82088565826416,ok
LA_D_8719230,13.762557983398438,13.7628173828125,ok
LA_D_8719759,13.019133567810059,13.019852638244629,ok
LA_D_8720226,19.05816078186035,19.06610870361328,ok
LA_D_8720385,13.184355735778809,13.187241554260254,ok
LA_D_8721312,10.862264633178711,10.862915992736816,ok
LA_D_8723456,16.256824493408203,16.25873374938965,ok
LA_D_8723788,12.132018089294434,12.132064819335938,ok
LA_D_8724279,14.46985149383545,14.472448348999023,ok
LA_D_8724573,15.24370002746582,15.24569320678711,ok
LA_D_8724597,14.486398696899414,14.48715591430664,ok
LA_D_8724645,15.756550788879395,15.760371208190918,ok
LA_D_8726013,10.960158348083496,10.961308479309082,ok
LA_D_8726741,11.112100601196289,11.112574577331543,ok
LA_D_8726806,16.517356872558594,16.51772117614746,ok
LA_D_8728321,14.667924880981445,14.670159339904785,ok
LA_D_8728415,15.684610366821289,15.684694290161133,ok
LA_D_8728622,12.09494400024414,12.09885311126709,ok
LA_D_8729192,13.68879222869873,13.695429801940918,ok
LA_D_8729734,14.497759819030762,14.497773170471191,ok
LA_D_8729758,-13.308237075805664,-13.309388160705566,ok
LA_D_8732000,15.797245979309082,15.797492980957031,ok
LA_D_8732956,14.99059009552002,14.991424560546875,ok
LA_D_8733004,14.253320693969727,14.256803512573242,ok
LA_D_8733315,10.475821495056152,10.478325843811035,ok
LA_D_8735190,18.862211227416992,18.86376190185547,ok
LA_D_8735979,15.18769359588623,15.187714576721191,ok
LA_D_8736080,14.835677146911621,14.836161613464355,ok
LA_D_8736114,11.049417495727539,11.049647331237793,ok
LA_D_8736560,15.280728340148926,15.280816078186035,ok
LA_D_8736662,17.180957794189453,17.185575485229492,ok
LA_D_8737458,13.743243217468262,13.74488353729248,ok
LA_D_8737709,11.14883804321289,11.152894020080566,ok
LA_D_8738176,16.152122497558594,16.156021118164062,ok
LA_D_8739986,13.08769416809082,13.088288307189941,ok
LA_D_8742351,13.504704475402832,13.506609916687012,ok
LA_D_8743472,14.148065567016602,14.14834976196289,ok
LA_D_8744543,16.332454681396484,16.336103439331055,ok
LA_D_8745130,-13.808667182922363,-13.809344291687012,ok
LA_D_8745732,13.208562850952148,13.2157621383667,ok
LA_D_8747095,12.120843887329102,12.12588882446289,ok
LA_D_8749378,-11.94134521484375,-11.942927360534668,ok
LA_D_8749920,13.101770401000977,13.102262496948242,ok
LA_D_8750902,10.669539451599121,10.670978546142578,ok
LA_D_8752359,10.674932479858398,10.68121337890625,ok
LA_D_8752569,13.565895080566406,13.567387580871582,ok
LA_D_8753292,19.239620208740234,19.2413387298584,ok
LA_D_8753814,11.877202987670898,11.878103256225586,ok
LA_D_8754324,10.557867050170898,10.5606689453125,ok
LA_D_8754795,15.405630111694336,15.405985832214355,ok
LA_D_8755311,2.0555760860443115,2.055870532989502,ok
LA_D_8756797,17.673646926879883,17.67561149597168,ok
LA_D_8756941,9.637359619140625,9.637848854064941,ok
LA_D_8758676,16.46584129333496,16.4661808013916,ok
LA_D_8758724,12.142459869384766,12.143762588500977,ok
LA_D_8759407,-14.358121871948242,-14.358160972595215,ok
LA_D_8759603,7.2956647872924805,7.295673370361328,ok
LA_D_8759658,11.186202049255371,11.187596321105957,ok
LA_D_8762609,15.76512336730957,15.770445823669434,ok
LA_D_8763399,12.288917541503906,12.2940092086792,ok
LA_D_8763624,15.742535591125488,15.742842674255371,ok
LA_D_8763928,11.155835151672363,11.157065391540527,ok
LA_D_8763956,12.220309257507324,12.220895767211914,ok
LA_D_8764151,9.794731140136719,9.795878410339355,ok
LA_D_8764534,16.42083740234375,16.422908782958984,ok
LA_D_8764848,13.868842124938965,13.87042236328125,ok
LA_D_8765013,15.349424362182617,15.350334167480469,ok
LA_D_8765813,10.446023941040039,10.447070121765137,ok
LA_D_8765991,-15.17879581451416,-15.179207801818848,ok
LA_D_8766017,10.075008392333984,10.075193405151367,ok
LA_D_8766024,13.339313507080078,13.340624809265137,ok
LA_D_8767583,-12.685002326965332,-12.685269355773926,ok
LA_D_8767671,-13.786571502685547,-13.793991088867188,ok
LA_D_8769232,11.555936813354492,11.555464744567871,ok
LA_D_8770785,16.755952835083008,16.756488800048828,ok
LA_D_8770826,18.71947479248047,18.729881286621094,ok
LA_D_8771564,15.403298377990723,15.404376029968262,ok
LA_D_8772966,14.634121894836426,14.637560844421387,ok
LA_D_8773029,-11.19033432006836,-11.191847801208496,ok
LA_D_8773329,-14.04364013671875,-14.045267105102539,ok
LA_D_8773895,12.80722427368164,12.808079719543457,ok
LA_D_8775447,11.409513473510742,11.409781455993652,ok
LA_D_8779034,13.322538375854492,13.322660446166992,ok
LA_D_8780503,11.67735767364502,11.678400993347168,ok
LA_D_8780884,13.196393013000488,13.198686599731445,ok
LA_D_8781931,15.16561222076416,15.170434951782227,ok
LA_D_8783109,14.032979011535645,14.035133361816406,ok
LA_D_8783507,11.90098762512207,11.901043891906738,ok
LA_D_8787336,13.747700691223145,13.748604774475098,ok
LA_D_8788079,16.113204956054688,16.1157169342041,ok
LA_D_8788142,8.151143074035645,8.15149211883545,ok
LA_D_8788165,14.337603569030762,14.34288215637207,ok
LA_D_8788522,15.313756942749023,15.3256254196167,ok
LA_D_8789190,15.39865779876709,15.400467872619629,ok
LA_D_8790703,13.450366973876953,13.455025672912598,ok
LA_D_8791163,4.247124671936035,4.247067451477051,ok
LA_D_8791416,11.557324409484863,11.560076713562012,ok
LA_D_8791449,12.250633239746094,12.255773544311523,ok
LA_D_8792267,12.505793571472168,12.505982398986816,ok
LA_D_8792663,15.304746627807617,15.305562973022461,ok
LA_D_8794217,7.10460090637207,7.1051788330078125,ok
LA_D_8795367,13.638371467590332,13.639836311340332,ok
LA_D_8795592,13.633644104003906,13.633914947509766,ok
LA_D_8796891,12.433168411254883,12.4331636428833,ok
LA_D_8798580,16.222787857055664,16.22418785095215,ok
LA_D_8798927,15.16654109954834,15.166977882385254,ok
LA_D_8800120,16.730148315429688,16.731203079223633,ok
LA_D_8800518,12.941157341003418,12.944662094116211,ok
LA_D_8801530,9.607975006103516,9.60897159576416,ok
LA_D_8801720,13.12681770324707,13.127335548400879,ok
LA_D_8804146,15.404682159423828,15.404936790466309,ok
LA_D_8805955,13.762455940246582,13.76305866241455,ok
LA_D_8806017,-13.133357048034668,-13.133599281311035,ok
LA_D_8808510,14.517461776733398,14.522007942199707,ok
LA_D_8808516,13.100432395935059,13.10229778289795,ok
LA_D_8808929,15.493438720703125,15.493996620178223,ok
LA_D_8808969,16.919164657592773,16.923980712890625,ok
LA_D_8809106,15.177340507507324,15.178986549377441,ok
LA_D_8811306,16.264888763427734,16.273799896240234,ok
LA_D_8811548,12.020566940307617,12.02248477935791,ok
LA_D_8811694,13.214974403381348,13.215795516967773,ok
LA_D_8812811,10.963287353515625,10.964224815368652,ok
LA_D_8813745,11.731715202331543,11.73219108581543,ok
LA_D_8814451,13.449187278747559,13.455218315124512,ok
LA_D_8814488,-13.817147254943848,-13.81985855102539,ok
LA_D_8815079,15.044090270996094,15.045661926269531,ok
LA_D_8815720,13.561888694763184,13.56269645690918,ok
LA_D_8816193,16.036664962768555,16.039138793945312,ok
LA_D_8816902,13.596650123596191,13.598580360412598,ok
LA_D_8817691,11.284305572509766,11.286369323730469,ok
LA_D_8818969,18.394163131713867,18.40559959411621,ok
LA_D_8820030,15.767295837402344,15.767396926879883,ok
LA_D_8820413,15.0817289352417,15.083300590515137,ok
LA_D_8821044,11.908044815063477,11.908036231994629,ok
LA_D_8821382,11.41230297088623,11.41256046295166,ok
LA_D_8824981,13.91118335723877,13.914653778076172,ok
LA_D_8825208,10.75733470916748,10.7598237991333,ok
LA_D_8826150,15.177249908447266,15.178875923156738,ok
LA_D_8826258,9.440418243408203,9.439895629882812,ok
LA_D_8827374,14.404056549072266,14.404563903808594,ok
LA_D_8829199,13.38716983795166,13.3881254196167,ok
LA_D_8829502,16.697895050048828,16.698301315307617,ok
LA_D_8829832,14.506930351257324,14.50866985321045,ok
LA_D_8830433,12.454374313354492,12.456733703613281,ok
LA_D_8830828,-9.11221981048584,-9.114362716674805,ok
LA_D_8831382,14.0990571975708,14.099093437194824,ok
LA_D_8832311,14.908425331115723,14.915507316589355,ok
LA_D_8832584,13.587854385375977,13.590989112854004,ok
LA_D_8832719,16.011211395263672,16.012908935546875,ok
LA_D_8833531,16.139713287353516,16.142187118530273,ok
LA_D_8833581,18.089130401611328,18.09148597717285,ok
LA_D_8833920,11.807662963867188,11.808133125305176,ok
LA_D_8833933,6.4957733154296875,6.497036933898926,ok
LA_D_8836257,-12.690099716186523,-12.69472599029541,ok
LA_D_8838589,15.823840141296387,15.826774597167969,ok
LA_D_8840072,20.375022888183594,20.384933471679688,ok
LA_D_8840275,13.101494789123535,13.105122566223145,ok
LA_D_8841412,17.151103973388672,17.161773681640625,ok
LA_D_8842630,16.477079391479492,16.479578018188477,ok
LA_D_8842633,13.593276023864746,13.595136642456055,ok
LA_D_8844357,-15.289043426513672,-15.293519020080566,ok
LA_D_8844443,14.58566951751709,14.588598251342773,ok
LA_D_8845360,13.150672912597656,13.154955863952637,ok
LA_D_8846056,9.257548332214355,9.257519721984863,ok
LA_D_8846893,19.291284561157227,19.2921199798584,ok
LA_D_8847601,14.901937484741211,14.905535697937012,ok
LA_D_8848529,13.714218139648438,13.715478897094727,ok
LA_D_8849846,17.47337532043457,17.474897384643555,ok
LA_D_8850840,14.161938667297363,14.164291381835938,ok
LA_D_8850937,13.996407508850098,14.000260353088379,ok
LA_D_8851647,13.67858600616455,13.679608345031738,ok
LA_D_8852103,16.037158966064453,16.03806495666504,ok
LA_D_8852535,18.052350997924805,18.05401611328125,ok
LA_D_8852748,17.457839965820312,17.46157455444336,ok
LA_D_8853078,14.98817253112793,14.990703582763672,ok
LA_D_8858217,9.445326805114746,9.445390701293945,ok
LA_D_8861570,11.52030086517334,11.520349502563477,ok
LA_D_8861762,15.476469993591309,15.480467796325684,ok
LA_D_8862440,20.88430404663086,20.886178970336914,ok
LA_D_8862614,16.168834686279297,16.168970108032227,ok
LA_D_8863380,-12.10874080657959,-12.112698554992676,ok
LA_D_8863596,11.393674850463867,11.393927574157715,ok
LA_D_8864927,11.666624069213867,11.667624473571777,ok
LA_D_8865823,13.318340301513672,13.319252014160156,ok
LA_D_8866287,7.429756164550781,7.429142475128174,ok
LA_D_8866986,14.025245666503906,14.03207778930664,ok
LA_D_8867068,13.367500305175781,13.367548942565918,ok
LA_D_8868121,12.402780532836914,12.404301643371582,ok
LA_D_8868214,12.826616287231445,12.83229923248291,ok
LA_D_8868497,11.143425941467285,11.143453598022461,ok
LA_D_8869402,15.526800155639648,15.528596878051758,ok
LA_D_8870358,20.296537399291992,20.301198959350586,ok
LA_D_8870403,17.13640594482422,17.138208389282227,ok
LA_D_8870926,9.809186935424805,9.811553001403809,ok
LA_D_8871382,12.682357788085938,12.682311058044434,ok
LA_D_8871469,14.436837196350098,14.43719482421875,ok
LA_D_8871612,10.008490562438965,10.010753631591797,ok
LA_D_8871719,15.892581939697266,15.894354820251465,ok
LA_D_8873375,16.494709014892578,16.497583389282227,ok
LA_D_8874300,12.113799095153809,12.117475509643555,ok
LA_D_8875562,13.003146171569824,13.006003379821777,ok
LA_D_8875680,7.526926040649414,7.527108192443848,ok
LA_D_8875770,13.055639266967773,13.059208869934082,ok
LA_D_8875774,11.675004959106445,11.680028915405273,ok
LA_D_8875939,18.21395492553711,18.220659255981445,ok
LA_D_8876728,3.513930559158325,3.5155181884765625,ok
LA_D_8877909,15.669405937194824,15.674415588378906,ok
LA_D_8878315,10.022614479064941,10.025704383850098,ok
LA_D_8878321,12.171914100646973,12.172185897827148,ok
LA_D_8878567,6.906731605529785,6.907179832458496,ok
LA_D_8878573,14.809308052062988,14.80983829498291,ok
LA_D_8878659,10.359209060668945,10.359603881835938,ok
LA_D_8879292,-14.628259658813477,-14.628451347351074,ok
LA_D_8879769,18.485092163085938,18.488855361938477,ok
LA_D_8879962,20.66653823852539,20.67011070251465,ok
LA_D_8880043,15.663602828979492,15.666277885437012,ok
LA_D_8880302,-14.928964614868164,-14.936676025390625,ok
LA_D_8880932,15.154305458068848,15.161816596984863,ok
LA_D_8881042,7.57769775390625,7.57769775390625,ok
LA_D_8881354,12.652905464172363,12.653410911560059,ok
LA_D_8882807,15.710585594177246,15.713997840881348,ok
LA_D_8884919,11.745630264282227,11.746562004089355,ok
LA_D_8886611,14.168821334838867,14.171667098999023,ok
LA_D_8888903,13.448884010314941,13.450922966003418,ok
LA_D_8889202,16.11450958251953,16.12056541442871,ok
LA_D_8889390,14.045271873474121,14.046320915222168,ok
LA_D_8890877,10.286822319030762,10.286893844604492,ok
LA_D_8890967,13.889177322387695,13.892451286315918,ok
LA_D_8891088,16.084897994995117,16.087995529174805,ok
LA_D_8891307,12.988595008850098,12.990811347961426,ok
LA_D_8891814,18.061655044555664,18.062397003173828,ok
LA_D_8892690,12.801668167114258,12.802448272705078,ok
LA_D_8892958,17.962900161743164,17.96360206604004,ok
LA_D_8893730,19.394826889038086,19.39665985107422,ok
LA_D_8894641,8.491276741027832,8.491877555847168,ok
LA_D_8894648,14.756856918334961,14.757840156555176,ok
LA_D_8895696,11.683449745178223,11.684181213378906,ok
LA_D_8896610,11.648900032043457,11.653998374938965,ok
LA_D_8899399,-10.293445587158203,-10.294424057006836,ok
LA_D_8900733,10.153852462768555,10.15743637084961,ok
LA_D_8903895,13.665181159973145,13.66591739654541,ok
LA_D_8904858,13.296748161315918,13.297195434570312,ok
LA_D_8905681,15.609448432922363,15.632100105285645,ok
LA_D_8905956,20.952131271362305,20.95771598815918,ok
LA_D_8906850,12.65361213684082,12.653427124023438,ok
LA_D_8907825,14.800054550170898,14.800060272216797,ok
LA_D_8908261,12.713102340698242,12.713277816772461,ok
LA_D_8909496,22.022470474243164,22.039030075073242,ok
LA_D_8909861,-12.468798637390137,-12.470147132873535,ok
LA_D_8910316,12.284253120422363,12.285721778869629,ok
LA_D_8910822,13.607654571533203,13.607736587524414,ok
LA_D_8911190,14.227197647094727,14.230888366699219,ok
LA_D_8911365,11.408201217651367,11.40898609161377,ok
LA_D_8911591,14.758623123168945,14.762105941772461,ok
LA_D_8912596,15.331586837768555,15.332097053527832,ok
LA_D_8912899,17.139198303222656,17.1441593170166,ok
LA_D_8912964,2.484919786453247,2.4867496490478516,ok
LA_D_8914938,9.026487350463867,9.027897834777832,ok
LA_D_8915463,13.64011287689209,13.649147033691406,ok
LA_D_8916939,12.145685195922852,12.146382331848145,ok
LA_D_8918981,13.82678508758545,13.831011772155762,ok
LA_D_8920232,18.1686954498291,18.170591354370117,ok
LA_D_8922428,13.483073234558105,13.485318183898926,ok
LA_D_8923139,12.758086204528809,12.761320114135742,ok
LA_D_8923373,11.76480770111084,11.765286445617676,ok
LA_D_8923577,14.82043743133545,14.823100090026855,ok
LA_D_8923789,14.562082290649414,14.56411361694336,ok
LA_D_8924553,-7.558573246002197,-7.560108661651611,ok
LA_D_8925094,16.591922760009766,16.599523544311523,ok
LA_D_8925211,12.25395393371582,12.253959655761719,ok
LA_D_8925628,18.421382904052734,18.42582893371582,ok
LA_D_8926504,13.935011863708496,13.937378883361816,ok
LA_D_8928209,6.967811107635498,6.968660831451416,ok
LA_D_8929588,11.35731315612793,11.357571601867676,ok
LA_D_8930242,15.504481315612793,15.50558853149414,ok
LA_D_8930518,16.971696853637695,16.980867385864258,ok
LA_D_8931062,15.61093807220459,15.610682487487793,ok
LA_D_8931596,-15.338139533996582,-15.340415000915527,ok
LA_D_8932667,13.571112632751465,13.571553230285645,ok
LA_D_8932992,11.785506248474121,11.78700065612793,ok
LA_D_8933531,19.611474990844727,19.61887550354004,ok
LA_D_8933570,-14.594980239868164,-14.597479820251465,ok
LA_D_8934450,14.216041564941406,14.2166748046875,ok
LA_D_8934774,14.26368522644043,14.267794609069824,ok
LA_D_8934893,12.966593742370605,12.968536376953125,ok
LA_D_8936540,-13.716675758361816,-13.720349311828613,ok
LA_D_8937390,14.06855583190918,14.068604469299316,ok
LA_D_8937760,11.561861038208008,11.562009811401367,ok
LA_D_8939040,14.771822929382324,14.772010803222656,ok
LA_D_8939153,9.537758827209473,9.540996551513672,ok
LA_D_8940296,11.856158256530762,11.857396125793457,ok
LA_D_8940643,17.04438591003418,17.046293258666992,ok
LA_D_8940981,3.3272087574005127,3.3277587890625,ok
LA_D_8941037,10.576629638671875,10.576714515686035,ok
LA_D_8941942,17.444190979003906,17.4478702545166,ok
LA_D_8942125,-11.371249198913574,-11.379050254821777,ok
LA_D_8942973,13.831853866577148,13.832831382751465,ok
LA_D_8943651,14.967118263244629,14.970850944519043,ok
LA_D_8944425,15.381902694702148,15.38375186920166,ok
LA_D_8944675,13.876757621765137,13.883143424987793,ok
LA_D_8947789,18.55153465270996,18.553884506225586,ok
LA_D_8947861,-14.307146072387695,-14.308222770690918,ok
LA_D_8948710,15.610729217529297,15.618352890014648,ok
LA_D_8950385,14.492301940917969,14.494272232055664,ok
LA_D_8950647,15.895118713378906,15.897149085998535,ok
LA_D_8950993,15.295982360839844,15.30643367767334,ok
LA_D_8951313,17.876008987426758,17.875871658325195,ok
LA_D_8952306,-10.734642028808594,-10.735054969787598,ok
LA_D_8954865,17.057161331176758,17.05999183654785,ok
LA_D_8954954,11.659109115600586,11.659273147583008,ok
LA_D_8955970,13.44942569732666,13.4513578414917,ok
LA_D_8956992,11.057999610900879,11.058032989501953,ok
LA_D_8957132,13.216663360595703,13.217174530029297,ok
LA_D_8957701,13.181480407714844,13.181700706481934,ok
LA_D_8957959,13.851781845092773,13.85163688659668,ok
LA_D_8958398,12.251655578613281,12.25125789642334,ok
LA_D_8958444,17.232934951782227,17.24825096130371,ok
LA_D_8959959,8.085801124572754,8.086772918701172,ok
LA_D_8960097,12.93508529663086,12.935284614562988,ok
LA_D_8960736,13.136001586914062,13.137924194335938,ok
LA_D_8961138,13.264272689819336,13.26701545715332,ok
LA_D_8961195,16.340076446533203,16.34086799621582,ok
LA_D_8961621,10.016510009765625,10.016683578491211,ok
LA_D_8961930,18.380098342895508,18.38410758972168,ok
LA_D_8962012,6.604020118713379,6.60404634475708,ok
LA_D_8964132,9.670413970947266,9.669951438903809,ok
LA_D_8964874,13.207837104797363,13.210978507995605,ok
LA_D_8965622,11.702491760253906,11.705389976501465,ok
LA_D_8967078,15.81004524230957,15.811460494995117,ok
LA_D_8967930,12.588915824890137,12.590543746948242,ok
LA_D_8969618,17.0720157623291,17.07404899597168,ok
LA_D_8971601,16.8001766204834,16.81223487854004,ok
LA_D_8971968,6.429494857788086,6.429497241973877,ok
LA_D_8974858,14.525219917297363,14.530631065368652,ok
LA_D_8975234,21.18732452392578,21.2109432220459,ok
LA_D_8975798,13.651556015014648,13.652082443237305,ok
LA_D_8976318,15.684662818908691,15.685023307800293,ok
LA_D_8976620,-12.598209381103516,-12.606040000915527,ok
LA_D_8978448,-12.449346542358398,-12.452738761901855,ok
LA_D_8978560,-13.790366172790527,-13.790934562683105,ok
LA_D_8979245,16.472503662109375,16.472137451171875,ok
LA_D_8980393,-14.877964973449707,-14.87974739074707,ok
LA_D_8980613,15.535932540893555,15.537546157836914,ok
LA_D_8983296,16.13312339782715,16.135046005249023,ok
LA_D_8983751,12.288126945495605,12.289748191833496,ok
LA_D_8983810,9.859857559204102,9.861003875732422,ok
LA_D_8986360,-13.736095428466797,-13.737391471862793,ok
LA_D_8986682,18.953128814697266,18.953264236450195,ok
LA_D_8986725,9.318689346313477,9.320148468017578,ok
LA_D_8987632,15.499856948852539,15.500420570373535,ok
LA_D_8987674,10.460114479064941,10.460737228393555,ok
LA_D_8987827,19.419483184814453,19.421110153198242,ok
LA_D_8988479,11.120173454284668,11.128029823303223,ok
LA_D_8988605,20.14778709411621,20.148805618286133,ok
LA_D_8989585,-9.95948314666748,-9.963589668273926,ok
LA_D_8991753,14.520694732666016,14.52270221710205,ok
LA_D_8991799,8.858159065246582,8.858353614807129,ok
LA_D_8992743,15.610939025878906,15.613686561584473,ok
LA_D_8992776,11.184844017028809,11.186468124389648,ok
LA_D_8992901,10.8007230758667,10.801694869995117,ok
LA_D_8993681,-16.39928436279297,-16.400667190551758,ok
LA_D_8994328,15.07322883605957,15.07568359375,ok
LA_D_8995264,-0.22328133881092072,-0.22408419847488403,ok
LA_D_8995647,-12.731339454650879,-12.732661247253418,ok
LA_D_8997256,9.707359313964844,9.70760440826416,ok
LA_D_8998352,14.30410099029541,14.306319236755371,ok
LA_D_8998915,15.96896743774414,15.970279693603516,ok
LA_D_8998984,15.233845710754395,15.235692024230957,ok
LA_D_9000151,11.589126586914062,11.590067863464355,ok
LA_D_9001681,14.519158363342285,14.51933479309082,ok
LA_D_9002788,10.757588386535645,10.759113311767578,ok
LA_D_9005051,8.355223655700684,8.355469703674316,ok
LA_D_9005941,13.11698055267334,13.117258071899414,ok
LA_D_9006149,14.13991641998291,14.14144229888916,ok
LA_D_9007860,17.567638397216797,17.583690643310547,ok
LA_D_9008937,13.390844345092773,13.39149284362793,ok
LA_D_9011396,14.410191535949707,14.41074275970459,ok
LA_D_9011511,14.060068130493164,14.060465812683105,ok
LA_D_9012249,15.602757453918457,15.605463027954102,ok
LA_D_9012367,13.822582244873047,13.824584007263184,ok
LA_D_9013901,12.614252090454102,12.614999771118164,ok
LA_D_9014300,15.357771873474121,15.358460426330566,ok
LA_D_9014425,12.693716049194336,12.693798065185547,ok
LA_D_9017623,19.241315841674805,19.246278762817383,ok
LA_D_9018221,9.953530311584473,9.953842163085938,ok
LA_D_9020589,15.393570899963379,15.394124031066895,ok
LA_D_9021893,14.914676666259766,14.929244995117188,ok
LA_D_9022054,14.526994705200195,14.529281616210938,ok
LA_D_9023318,17.017906188964844,17.02248764038086,ok
LA_D_9025240,16.24979019165039,16.252836227416992,ok
LA_D_9026344,17.05328369140625,17.05447769165039,ok
LA_D_9026390,10.803298950195312,10.803439140319824,ok
LA_D_9027095,-12.675187110900879,-12.677170753479004,ok
LA_D_9030143,9.07442855834961,9.074254035949707,ok
LA_D_9032192,16.165597915649414,16.169099807739258,ok
LA_D_9033630,17.480167388916016,17.48193359375,ok
LA_D_9035942,-6.208666801452637,-6.208710193634033,ok
LA_D_9036300,9.823657035827637,9.831999778747559,ok
LA_D_9036585,11.466024398803711,11.467334747314453,ok
LA_D_9036703,8.094372749328613,8.094647407531738,ok
LA_D_9037892,18.345815658569336,18.3487606048584,ok
LA_D_9038073,16.596860885620117,16.59971046447754,ok
LA_D_9039108,9.653121948242188,9.653909683227539,ok
LA_D_9039340,14.54775619506836,14.552932739257812,ok
LA_D_9039771,-13.966696739196777,-13.967538833618164,ok
LA_D_9040314,9.640923500061035,9.640853881835938,ok
LA_D_9040602,-15.287914276123047,-15.291139602661133,ok
LA_D_9042048,16.012155532836914,16.01401138305664,ok
LA_D_9042253,-14.004631996154785,-14.005430221557617,ok
LA_D_9043636,19.830638885498047,19.830995559692383,ok
LA_D_9044209,13.07206916809082,13.07653522491455,ok
LA_D_9045200,10.919520378112793,10.92056655883789,ok
LA_D_9045570,14.813529968261719,14.81400203704834,ok
LA_D_9048413,11.265910148620605,11.266936302185059,ok
LA_D_9048737,13.62650203704834,13.626618385314941,ok
LA_D_9049736,16.909833908081055,16.9106388092041,ok
LA_D_9050106,12.531651496887207,12.532166481018066,ok
LA_D_9051356,15.831095695495605,15.834073066711426,ok
LA_D_9053095,14.85740852355957,14.857823371887207,ok
LA_D_9053096,10.008049964904785,10.008157730102539,ok
LA_D_9053193,12.350489616394043,12.355466842651367,ok
LA_D_9053763,16.647438049316406,16.648906707763672,ok
LA_D_9055271,12.587093353271484,12.588753700256348,ok
LA_D_9058027,14.723278999328613,14.726367950439453,ok
LA_D_9058492,20.13100814819336,20.13309097290039,ok
LA_D_9058869,16.420379638671875,16.420507431030273,ok
LA_D_9059259,11.045909881591797,11.045945167541504,ok
LA_D_9059452,19.870527267456055,19.87876319885254,ok
LA_D_9062081,-13.909844398498535,-13.911015510559082,ok
LA_D_9063622,12.095065116882324,12.09543514251709,ok
LA_D_9064394,11.333285331726074,11.333329200744629,ok
LA_D_9065595,3.5535666942596436,3.5541815757751465,ok
LA_D_9065762,-12.129727363586426,-12.131197929382324,ok
LA_D_9066461,18.362686157226562,18.36604881286621,ok
LA_D_9066739,16.018756866455078,16.0200138092041,ok
LA_D_9067610,16.875967025756836,16.87617301940918,ok
LA_D_9068099,17.117727279663086,17.118410110473633,ok
LA_D_9071072,15.350069046020508,15.350249290466309,ok
LA_D_9072602,14.650395393371582,14.652294158935547,ok
LA_D_9073444,14.586891174316406,14.587837219238281,ok
LA_D_9073905,15.651588439941406,15.654489517211914,ok
LA_D_9074375,15.682745933532715,15.685894012451172,ok
LA_D_9075341,14.106371879577637,14.1144380569458,ok
LA_D_9076677,-13.488787651062012,-13.488876342773438,ok
LA_D_9076744,13.109152793884277,13.110186576843262,ok
LA_D_9077132,14.817712783813477,14.817890167236328,ok
LA_D_9077999,18.25395965576172,18.254322052001953,ok
LA_D_9080371,-13.553196907043457,-13.554458618164062,ok
LA_D_9080415,10.897917747497559,10.900161743164062,ok
LA_D_9081617,15.506451606750488,15.508049964904785,ok
LA_D_9082501,19.092435836791992,19.092527389526367,ok
LA_D_9085002,21.534345626831055,21.543163299560547,ok
LA_D_9086230,11.455584526062012,11.457868576049805,ok
LA_D_9086287,13.06484317779541,13.066568374633789,ok
LA_D_9091046,9.819050788879395,9.819049835205078,ok
LA_D_9091774,-14.607421875,-14.608257293701172,ok
LA_D_9092108,13.901447296142578,13.902016639709473,ok
LA_D_9092221,20.136520385742188,20.13657569885254,ok
LA_D_9092413,19.926443099975586,19.931848526000977,ok
LA_D_9092875,13.312378883361816,13.312652587890625,ok
LA_D_9093007,11.761289596557617,11.761641502380371,ok
LA_D_9094488,18.953290939331055,18.95766258239746,ok
LA_D_9094713,17.16651153564453,17.168188095092773,ok
LA_D_9095089,16.752025604248047,16.752195358276367,ok
LA_D_9095164,-11.159436225891113,-11.160508155822754,ok
LA_D_9095485,14.225809097290039,14.226277351379395,ok
LA_D_9095874,7.238746166229248,7.242026329040527,ok
LA_D_9096004,11.701266288757324,11.702714920043945,ok
LA_D_9096116,15.161063194274902,15.16141414642334,ok
LA_D_9096187,11.452044486999512,11.452364921569824,ok
LA_D_9097473,10.81203842163086,10.813946723937988,ok
LA_D_9098375,12.613195419311523,12.6144380569458,ok
LA_D_9098847,13.238371849060059,13.238369941711426,ok
LA_D_9101305,13.971912384033203,13.97253131866455,ok
LA_D_9101643,14.437355041503906,14.439981460571289,ok
LA_D_9103728,15.526850700378418,15.529233932495117,ok
LA_D_9105267,12.8499174118042,12.850346565246582,ok
LA_D_9105293,20.356719970703125,20.36566734313965,ok
LA_D_9106136,16.73292350769043,16.733051300048828,ok
LA_D_9106315,13.37592601776123,13.378186225891113,ok
LA_D_9107569,13.073328971862793,13.07337474822998,ok
LA_D_9109666,14.575254440307617,14.575539588928223,ok
LA_D_9109915,17.625829696655273,17.625883102416992,ok
LA_D_9111429,14.87163257598877,14.874845504760742,ok
LA_D_9112845,13.581947326660156,13.583069801330566,ok
LA_D_9113299,-13.01868724822998,-13.019393920898438,ok
LA_D_9113588,-8.781550407409668,-8.782660484313965,ok
LA_D_9115231,17.101438522338867,17.103492736816406,ok
LA_D_9115338,13.896265983581543,13.8986234664917,ok
LA_D_9115565,1.3365740776062012,1.3377577066421509,ok
LA_D_9117374,-15.09072208404541,-15.0921049118042,ok
LA_D_9117562,12.662548065185547,12.662732124328613,ok
LA_D_9118224,14.782302856445312,14.787239074707031,ok
LA_D_9118659,-13.550469398498535,-13.553386688232422,ok
LA_D_9119095,13.395401954650879,13.396774291992188,ok
LA_D_9119177,11.443824768066406,11.445956230163574,ok
LA_D_9120091,12.162408828735352,12.164462089538574,ok
LA_D_9120425,16.853300094604492,16.853479385375977,ok
LA_D_9121380,13.459600448608398,13.461718559265137,ok
LA_D_9121718,15.427632331848145,15.427712440490723,ok
LA_D_9122016,12.296156883239746,12.29746150970459,ok
LA_D_9122088,9.415186882019043,9.417183876037598,ok
LA_D_9122497,11.68411636352539,11.685507774353027,ok
LA_D_9123838,12.302685737609863,12.302979469299316,ok
LA_D_9125336,10.45957088470459,10.46094799041748,ok
LA_D_9125966,-15.235100746154785,-15.237658500671387,ok
LA_D_9126409,-14.584178924560547,-14.58569049835205,ok
LA_D_9127001,11.553119659423828,11.554118156433105,ok
LA_D_9127411,19.112789154052734,19.12210464477539,ok
LA_D_9129067,17.575075149536133,17.592546463012695,ok
LA_D_9129216,14.37102222442627,14.373662948608398,ok
LA_D_9131105,17.95160675048828,17.956804275512695,ok
LA_D_9131527,13.659845352172852,13.661112785339355,ok
LA_D_9132728,12.943636894226074,12.946006774902344,ok
LA_D_9133128,14.959815979003906,14.961968421936035,ok
LA_D_9133444,-14.917076110839844,-14.91795825958252,ok
LA_D_9134485,13.697039604187012,13.699397087097168,ok
LA_D_9135294,-12.50117301940918,-12.501280784606934,ok
LA_D_9135528,14.122586250305176,14.122929573059082,ok
LA_D_9136883,17.965070724487305,17.967687606811523,ok
LA_D_9137331,-14.806764602661133,-14.807364463806152,ok
LA_D_9138868,12.295822143554688,12.295992851257324,ok
LA_D_9138892,9.428604125976562,9.428915977478027,ok
LA_D_9140494,14.541786193847656,14.545931816101074,ok
LA_D_9140619,16.4610652923584,16.461393356323242,ok
LA_D_9144289,8.718791007995605,8.718132972717285,ok
LA_D_9144406,18.618986129760742,18.620943069458008,ok
LA_D_9146484,-13.862256050109863,-13.866508483886719,ok
LA_D_9146864,15.123193740844727,15.122779846191406,ok
LA_D_9147299,15.214441299438477,15.214542388916016,ok
LA_D_9147825,15.650345802307129,15.660714149475098,ok
LA_D_9148057,21.130615234375,21.135154724121094,ok
LA_D_9148724,13.922924041748047,13.925508499145508,ok
LA_D_9149364,13.865262031555176,13.867846488952637,ok
LA_D_9149883,11.988645553588867,11.995305061340332,ok
LA_D_9150782,14.397601127624512,14.40330696105957,ok
LA_D_9151278,11.276496887207031,11.278797149658203,ok
LA_D_9151418,18.860349655151367,18.864788055419922,ok
LA_D_9152403,6.727745056152344,6.7280168533325195,ok
LA_D_9153269,13.84465217590332,13.846115112304688,ok
LA_D_9154948,15.539680480957031,15.541817665100098,ok
LA_D_9155834,17.049896240234375,17.05161476135254,ok
LA_D_9156038,6.592634201049805,6.5940260887146,ok
LA_D_9156390,15.243558883666992,15.245503425598145,ok
LA_D_9158496,20.727197647094727,20.727956771850586,ok
LA_D_9159389,18.596458435058594,18.597795486450195,ok
LA_D_9159860,13.15101146697998,13.152607917785645,ok
LA_D_9159907,-15.262044906616211,-15.262430191040039,ok
LA_D_9160139,12.843043327331543,12.843058586120605,ok
LA_D_9160310,-14.056469917297363,-14.057454109191895,ok
LA_D_9160362,13.632466316223145,13.632670402526855,ok
LA_D_9160621,12.367804527282715,12.380906105041504,ok
LA_D_9160943,13.025331497192383,13.027100563049316,ok
LA_D_9161942,10.59615707397461,10.596230506896973,ok
LA_D_9162612,11.317281723022461,11.317277908325195,ok
LA_D_9163803,14.538772583007812,14.542658805847168,ok
LA_D_9165189,15.388254165649414,15.388612747192383,ok
LA_D_9165269,12.149763107299805,12.151320457458496,ok
LA_D_9165454,14.514630317687988,14.515384674072266,ok
LA_D_9167206,-13.287801742553711,-13.287816047668457,ok
LA_D_9167498,14.677361488342285,14.686060905456543,ok
LA_D_9167860,11.3861722946167,11.386319160461426,ok
LA_D_9170505,16.387239456176758,16.390161514282227,ok
LA_D_9170533,15.86408519744873,15.864533424377441,ok
LA_D_9170546,18.19655418395996,18.197057723999023,ok
LA_D_9170640,13.702051162719727,13.702733993530273,ok
LA_D_9170829,12.85851764678955,12.860264778137207,ok
LA_D_9171276,13.398425102233887,13.40117359161377,ok
LA_D_9172298,-13.031967163085938,-13.032105445861816,ok
LA_D_9172994,17.51318359375,17.513410568237305,ok
LA_D_9173096,14.964544296264648,14.969297409057617,ok
LA_D_9173264,14.429553985595703,14.429911613464355,ok
LA_D_9173342,14.105775833129883,14.11021614074707,ok
LA_D_9173640,12.693181037902832,12.699488639831543,ok
LA_D_9173760,14.310911178588867,14.314949035644531,ok
LA_D_9174169,13.749334335327148,13.750836372375488,ok
LA_D_9174943,11.512849807739258,11.514363288879395,ok
LA_D_9175079,13.118426322937012,13.12231731414795,ok
LA_D_9175542,8.787497520446777,8.787619590759277,ok
LA_D_9175790,20.24974250793457,20.25404930114746,ok
LA_D_9176089,9.693062782287598,9.693097114562988,ok
LA_D_9178334,11.33084487915039,11.331681251525879,ok
LA_D_9178466,14.929184913635254,14.929770469665527,ok
LA_D_9178575,13.538741111755371,13.539302825927734,ok
LA_D_9178673,14.152006149291992,14.152995109558105,ok
LA_D_9180251,4.538083553314209,4.538924694061279,ok
LA_D_9180824,17.52080535888672,17.520862579345703,ok
LA_D_9182085,12.514725685119629,12.514688491821289,ok
LA_D_9183395,-14.90056324005127,-14.902222633361816,ok
LA_D_9183719,11.419190406799316,11.420121192932129,ok
LA_D_9184655,-11.390277862548828,-11.4025297164917,ok
LA_D_9189588,15.163440704345703,15.16326904296875,ok
LA_D_9189777,11.960741996765137,11.961237907409668,ok
LA_D_9191160,14.210515975952148,14.211135864257812,ok
LA_D_9192418,13.392597198486328,13.399649620056152,ok
LA_D_9192772,14.105772972106934,14.107069969177246,ok
LA_D_9193020,15.35693645477295,15.359295845031738,ok
LA_D_9194593,14.513163566589355,14.519265174865723,ok
LA_D_9195548,14.596880912780762,14.599996566772461,ok
LA_D_9196227,13.850836753845215,13.853354454040527,ok
LA_D_9196257,4.246551513671875,4.2455878257751465,ok
LA_D_9196271,18.636301040649414,18.636655807495117,ok
LA_D_9197432,9.398367881774902,9.401050567626953,ok
LA_D_9197542,17.69681739807129,17.696924209594727,ok
LA_D_9198030,13.525893211364746,13.525921821594238,ok
LA_D_9199194,12.31039047241211,12.310995101928711,ok
LA_D_9200045,-13.269619941711426,-13.27259349822998,ok
LA_D_9201990,16.07700538635254,16.08037757873535,ok
LA_D_9202951,13.907288551330566,13.910886764526367,ok
LA_D_9203142,17.3290958404541,17.33257484436035,ok
LA_D_9204208,20.764482498168945,20.778759002685547,ok
LA_D_9206015,14.118613243103027,14.1192626953125,ok
LA_D_9206035,9.642891883850098,9.643229484558105,ok
LA_D_9207502,11.245407104492188,11.247010231018066,ok
LA_D_9208964,13.448750495910645,13.449732780456543,ok
LA_D_9209018,16.35916519165039,16.362281799316406,ok
LA_D_9209406,10.993408203125,10.993496894836426,ok
LA_D_9209591,-13.281579971313477,-13.281684875488281,ok
LA_D_9210275,11.305075645446777,11.305583000183105,ok
LA_D_9212778,14.049333572387695,14.051093101501465,ok
LA_D_9216190,13.816232681274414,13.816069602966309,ok
LA_D_9217255,15.051198959350586,15.051366806030273,ok
LA_D_9217605,15.829134941101074,15.829571723937988,ok
LA_D_9218689,16.77932357788086,16.79383659362793,ok
LA_D_9219265,14.01575756072998,14.016165733337402,ok
LA_D_9220018,15.46747875213623,15.468794822692871,ok
LA_D_9222077,15.780681610107422,15.783163070678711,ok
LA_D_9222686,13.678790092468262,13.682257652282715,ok
LA_D_9223694,17.06720542907715,17.0716552734375,ok
LA_D_9224096,-13.539772033691406,-13.54131031036377,ok
LA_D_9224359,9.172501564025879,9.172507286071777,ok
LA_D_9225299,15.915708541870117,15.916243553161621,ok
LA_D_9226269,17.63966178894043,17.643945693969727,ok
LA_D_9230787,15.84069538116455,15.855843544006348,ok
LA_D_9231954,12.83238410949707,12.834310531616211,ok
LA_D_9232895,17.50499725341797,17.506576538085938,ok
LA_D_9233372,18.11321258544922,18.118301391601562,ok
LA_D_9233697,16.809125900268555,16.813188552856445,ok
LA_D_9235322,10.613073348999023,10.614776611328125,ok
LA_D_9236613,18.473827362060547,18.47588348388672,ok
LA_D_9237935,15.351508140563965,15.352669715881348,ok
LA_D_9238403,11.616050720214844,11.618020057678223,ok
LA_D_9238588,9.638404846191406,9.638407707214355,ok
LA_D_9238626,11.617280960083008,11.618204116821289,ok
LA_D_9240035,-14.224825859069824,-14.23641300201416,ok
LA_D_9240337,14.887508392333984,14.888326644897461,ok
LA_D_9241229,-13.604487419128418,-13.607220649719238,ok
LA_D_9241230,13.510814666748047,13.513263702392578,ok
LA_D_9241530,-14.326570510864258,-14.327752113342285,ok
LA_D_9241694,15.878583908081055,15.882781982421875,ok
LA_D_9242112,16.423860549926758,16.42768669128418,ok
LA_D_9242631,13.520997047424316,13.523587226867676,ok
LA_D_9242976,19.97726058959961,19.992082595825195,ok
LA_D_9244255,13.030324935913086,13.03122615814209,ok
LA_D_9244478,17.34822654724121,17.348222732543945,ok
LA_D_9246417,12.88922119140625,12.890667915344238,ok
LA_D_9247963,10.495308876037598,10.495601654052734,ok
LA_D_9248076,14.697514533996582,14.701011657714844,ok
LA_D_9248232,17.141616821289062,17.147390365600586,ok
LA_D_9249528,16.663671493530273,16.66506004333496,ok
LA_D_9249738,13.97767448425293,13.979244232177734,ok
LA_D_9250654,10.694111824035645,10.694247245788574,ok
LA_D_9251632,13.192429542541504,13.193031311035156,ok
LA_D_9251833,15.399928092956543,15.400153160095215,ok
LA_D_9254137,14.862228393554688,14.863404273986816,ok
LA_D_9254481,16.797439575195312,16.79883575439453,ok
LA_D_9255229,15.994463920593262,15.999247550964355,ok
LA_D_9257320,14.210424423217773,14.21562385559082,ok
LA_D_9257491,7.2212114334106445,7.221141815185547,ok
LA_D_9258278,11.141039848327637,11.14525318145752,ok
LA_D_9259569,11.867623329162598,11.871103286743164,ok
LA_D_9260902,-13.927345275878906,-13.928400993347168,ok
LA_D_9261139,14.539446830749512,14.540457725524902,ok
LA_D_9262171,12.951881408691406,12.952462196350098,ok
LA_D_9262825,13.012280464172363,13.013813972473145,ok
LA_D_9264205,14.309304237365723,14.310861587524414,ok
LA_D_9264408,16.269926071166992,16.272613525390625,ok
LA_D_9265361,13.893777847290039,13.89554500579834,ok
LA_D_9266618,9.278573989868164,9.279339790344238,ok
LA_D_9266761,18.082860946655273,18.08625602722168,ok
LA_D_9269691,17.290075302124023,17.290428161621094,ok
LA_D_9270152,14.523486137390137,14.5300931930542,ok
LA_D_9271439,15.844095230102539,15.844803810119629,ok
LA_D_9272509,-11.328593254089355,-11.330307960510254,ok
LA_D_9272636,-15.028960227966309,-15.03023624420166,ok
LA_D_9273017,14.540284156799316,14.540385246276855,ok
LA_D_9274099,11.018426895141602,11.021207809448242,ok
LA_D_9274326,12.683687210083008,12.686348915100098,ok
LA_D_9274477,12.847900390625,12.848372459411621,ok
LA_D_9275415,10.689019203186035,10.69013500213623,ok
LA_D_9275744,18.758127212524414,18.764591217041016,ok
LA_D_9275774,16.56669044494629,16.567258834838867,ok
LA_D_9277522,16.949691772460938,16.95380210876465,ok
LA_D_9278101,14.135153770446777,14.135820388793945,ok
LA_D_9278326,18.740747451782227,18.74372673034668,ok
LA_D_9278460,14.274685859680176,14.27542495727539,ok
LA_D_9278655,12.497359275817871,12.49765396118164,ok
LA_D_9279366,11.983424186706543,11.983528137207031,ok
LA_D_9281005,10.679856300354004,10.680137634277344,ok
LA_D_9281870,11.945748329162598,11.945746421813965,ok
LA_D_9284758,13.439898490905762,13.44039535522461,ok
LA_D_9287127,14.391252517700195,14.396956443786621,ok
LA_D_9287624,10.200958251953125,10.201167106628418,ok
LA_D_9288877,16.19005584716797,16.193729400634766,ok
LA_D_9289055,16.740095138549805,16.7442626953125,ok
LA_D_9289260,13.532963752746582,13.535238265991211,ok
LA_D_9289288,16.686159133911133,16.688955307006836,ok
LA_D_9289511,14.400653839111328,14.405682563781738,ok
LA_D_9289629,12.045989036560059,12.048286437988281,ok
LA_D_9290170,10.84352970123291,10.84354305267334,ok
LA_D_9291135,10.754780769348145,10.754929542541504,ok
LA_D_9291930,13.810505867004395,13.810505867004395,ok
LA_D_9292862,17.521690368652344,17.52358055114746,ok
LA_D_9294766,16.189424514770508,16.191062927246094,ok
LA_D_9295080,-11.18971061706543,-11.190849304199219,ok
LA_D_9295289,14.3018798828125,14.306048393249512,ok
LA_D_9295689,13.541948318481445,13.543620109558105,ok
LA_D_9297011,13.428288459777832,13.429808616638184,ok
LA_D_9297479,14.440216064453125,14.440494537353516,ok
LA_D_9298211,21.708086013793945,21.708467483520508,ok
LA_D_9298303,14.500767707824707,14.502007484436035,ok
LA_D_9299077,13.55574893951416,13.555756568908691,ok
LA_D_9299686,-7.862000942230225,-7.862001419067383,ok
LA_D_9300277,-14.984445571899414,-14.984728813171387,ok
LA_D_9301345,17.410873413085938,17.4118595123291,ok
LA_D_9301839,16.769229888916016,16.78333282470703,ok
LA_D_9302376,9.673882484436035,9.674583435058594,ok
LA_D_9303374,13.394291877746582,13.396273612976074,ok
LA_D_9304099,-14.141144752502441,-14.142304420471191,ok
LA_D_9304694,11.945274353027344,11.94839096069336,ok
LA_D_9304826,14.670260429382324,14.675211906433105,ok
LA_D_9305104,12.879537582397461,12.881186485290527,ok
LA_D_9305138,11.189029693603516,11.190972328186035,ok
LA_D_9305482,17.855051040649414,17.855426788330078,ok
LA_D_9305654,12.9116792678833,12.916027069091797,ok
LA_D_9306659,12.055402755737305,12.056870460510254,ok
LA_D_9308388,14.979557991027832,14.980311393737793,ok
LA_D_9308715,19.511322021484375,19.513334274291992,ok
LA_D_9310262,16.427339553833008,16.4339656829834,ok
LA_D_9311350,-15.836102485656738,-15.837162971496582,ok
LA_D_9314069,12.687393188476562,12.689797401428223,ok
LA_D_9314868,12.560700416564941,12.560879707336426,ok
LA_D_9314884,14.176262855529785,14.182548522949219,ok
LA_D_9315635,15.81839370727539,15.820748329162598,ok
LA_D_9316058,16.426305770874023,16.42743492126465,ok
LA_D_9318857,14.928509712219238,14.928938865661621,ok
LA_D_9319228,11.612281799316406,11.612332344055176,ok
LA_D_9319381,-7.493593692779541,-7.499034881591797,ok
LA_D_9320180,14.422929763793945,14.42938232421875,ok
LA_D_9321322,9.167003631591797,9.168585777282715,ok
LA_D_9321479,11.390218734741211,11.391785621643066,ok
LA_D_9322246,14.836983680725098,14.841524124145508,ok
LA_D_9323100,14.674989700317383,14.676127433776855,ok
LA_D_9323815,-14.377531051635742,-14.386005401611328,ok
LA_D_9323962,16.619487762451172,16.619861602783203,ok
LA_D_9325156,9.606371879577637,9.607049942016602,ok
LA_D_9325392,19.114337921142578,19.114328384399414,ok
LA_D_9326060,15.529169082641602,15.532069206237793,ok
LA_D_9327413,12.41586685180664,12.416021347045898,ok
LA_D_9327657,16.74150276184082,16.743379592895508,ok
LA_D_9330492,-12.189237594604492,-12.19235897064209,ok
LA_D_9331853,16.568565368652344,16.571226119995117,ok
LA_D_9332950,15.190510749816895,15.191654205322266,ok
LA_D_9333859,13.392903327941895,13.393301963806152,ok
LA_D_9334540,14.68714427947998,14.700395584106445,ok
LA_D_9334822,18.961977005004883,18.968700408935547,ok
LA_D_9335121,16.21597671508789,16.216920852661133,ok
LA_D_9335130,13.0690279006958,13.074166297912598,ok
LA_D_9335232,15.338214874267578,15.339597702026367,ok
LA_D_9335272,14.622968673706055,14.628169059753418,ok
LA_D_9335831,11.57539176940918,11.5756254196167,ok
LA_D_9336302,12.192028045654297,12.192017555236816,ok
LA_D_9337299,18.864133834838867,18.867334365844727,ok
LA_D_9338745,14.048786163330078,14.052153587341309,ok
LA_D_9341282,16.36337661743164,16.369365692138672,ok
LA_D_9342188,10.792176246643066,10.792283058166504,ok
LA_D_9344368,18.756906509399414,18.760679244995117,ok
LA_D_9345488,17.71681022644043,17.728818893432617,ok
LA_D_9346841,14.402939796447754,14.403117179870605,ok
LA_D_9346947,16.992168426513672,16.993024826049805,ok
LA_D_9347002,12.666170120239258,12.667572021484375,ok
LA_D_9347638,21.225400924682617,21.22641372680664,ok
LA_D_9347930,8.063841819763184,8.063857078552246,ok
LA_D_9348134,12.237992286682129,12.24010944366455,ok
LA_D_9348889,-13.788312911987305,-13.794093132019043,ok
LA_D_9349907,16.56049156188965,16.562870025634766,ok
LA_D_9350649,18.793193817138672,18.80135154724121,ok
LA_D_9351259,15.988715171813965,15.994498252868652,ok
LA_D_9351516,18.073013305664062,18.07606315612793,ok
LA_D_9351540,13.45967960357666,13.460906028747559,ok
LA_D_9351714,13.343228340148926,13.34323787689209,ok
LA_D_9351920,11.593727111816406,11.598076820373535,ok
LA_D_9352288,9.838435173034668,9.843705177307129,ok
LA_D_9352302,11.870849609375,11.870545387268066,ok
LA_D_9352339,14.559552192687988,14.561469078063965,ok
LA_D_9353876,24.214813232421875,24.217622756958008,ok
LA_D_9354813,15.16169548034668,15.163623809814453,ok
LA_D_9354882,14.007946968078613,14.008814811706543,ok
LA_D_9355453,9.874144554138184,9.874199867248535,ok
LA_D_9356917,11.689608573913574,11.69143009185791,ok
LA_D_9359637,-14.782638549804688,-14.785656929016113,ok
LA_D_9360287,11.54635238647461,11.549918174743652,ok
LA_D_9361389,17.74285316467285,17.744829177856445,ok
LA_D_9361903,6.045713424682617,6.045845985412598,ok
LA_D_9362624,15.03821849822998,15.040665626525879,ok
LA_D_9363151,7.328582763671875,7.3299360275268555,ok
LA_D_9363652,14.322090148925781,14.324427604675293,ok
LA_D_9363698,15.779757499694824,15.779772758483887,ok
LA_D_9363937,15.796504020690918,15.798508644104004,ok
LA_D_9365960,14.641029357910156,14.640982627868652,ok
LA_D_9366152,16.791093826293945,16.793672561645508,ok
LA_D_9366582,-15.527555465698242,-15.529521942138672,ok
LA_D_9366624,13.372347831726074,13.374162673950195,ok
LA_D_9366756,15.500748634338379,15.500731468200684,ok
LA_D_9366858,11.547478675842285,11.563926696777344,ok
LA_D_9367260,17.34682273864746,17.349449157714844,ok
LA_D_9367691,17.549531936645508,17.549592971801758,ok
LA_D_9369162,14.612201690673828,14.614100456237793,ok
LA_D_9370304,9.082992553710938,9.083125114440918,ok
LA_D_9372553,13.646642684936523,13.65156078338623,ok
LA_D_9374494,17.253402709960938,17.25360679626465,ok
LA_D_9374684,-14.141303062438965,-14.142342567443848,ok
LA_D_9374690,17.8953857421875,17.8953914642334,ok
LA_D_9374784,8.816851615905762,8.81679630279541,ok
LA_D_9375118,10.057833671569824,10.060542106628418,ok
LA_D_9376184,15.004916191101074,15.004778861999512,ok
LA_D_9376797,18.033397674560547,18.04543113708496,ok
LA_D_9378704,14.159042358398438,14.163602828979492,ok
LA_D_9379842,14.147214889526367,14.14736557006836,ok
LA_D_9382127,14.188066482543945,14.194947242736816,ok
LA_D_9382297,14.23836898803711,14.243446350097656,ok
LA_D_9382979,-12.593798637390137,-12.594695091247559,ok
LA_D_9383850,19.97719955444336,19.99393653869629,ok
LA_D_9384056,10.31836986541748,10.318686485290527,ok
LA_D_9384507,16.573150634765625,16.574926376342773,ok
LA_D_9386142,14.086371421813965,14.086264610290527,ok
LA_D_9386777,12.768823623657227,12.768887519836426,ok
LA_D_9387976,15.507136344909668,15.50721263885498,ok
LA_D_9388333,19.634931564331055,19.642789840698242,ok
LA_D_9389017,10.234125137329102,10.234223365783691,ok
LA_D_9390591,15.272672653198242,15.275809288024902,ok
LA_D_9391009,12.3182373046875,12.327330589294434,ok
LA_D_9391403,9.900728225708008,9.900750160217285,ok
LA_D_9392796,14.802907943725586,14.80335521697998,ok
LA_D_9392816,14.458513259887695,14.458550453186035,ok
LA_D_9393077,10.436344146728516,10.436348915100098,ok
LA_D_9394624,15.717672348022461,15.719755172729492,ok
LA_D_9395081,14.092708587646484,14.092926979064941,ok
LA_D_9395082,8.451544761657715,8.451865196228027,ok
LA_D_9395844,10.56093978881836,10.561103820800781,ok
LA_D_9397829,15.774672508239746,15.776803016662598,ok
LA_D_9399713,8.734318733215332,8.734362602233887,ok
LA_D_9399909,12.4576997756958,12.460138320922852,ok
LA_D_9400890,18.035930633544922,18.0386905670166,ok
LA_D_9401339,16.005889892578125,16.00857162475586,ok
LA_D_9402940,10.859758377075195,10.864169120788574,ok
LA_D_9403264,16.077587127685547,16.08263397216797,ok
LA_D_9406043,12.593875885009766,12.595842361450195,ok
LA_D_9406266,-15.226969718933105,-15.228860855102539,ok
LA_D_9406480,12.686116218566895,12.689282417297363,ok
LA_D_9407131,15.458104133605957,15.458151817321777,ok
LA_D_9407742,10.989167213439941,10.989508628845215,ok
LA_D_9408059,-11.336457252502441,-11.338839530944824,ok
LA_D_9410296,15.552888870239258,15.552742004394531,ok
LA_D_9410329,10.84980297088623,10.849385261535645,ok
LA_D_9410996,11.177655220031738,11.179886817932129,ok
LA_D_9411191,12.70489501953125,12.705328941345215,ok
LA_D_9414131,12.99910831451416,13.00312614440918,ok
LA_D_9416941,13.461344718933105,13.461870193481445,ok
LA_D_9417900,-12.680316925048828,-12.68046760559082,ok
LA_D_9419011,13.96754264831543,13.971356391906738,ok
LA_D_9419297,12.719112396240234,12.720063209533691,ok
LA_D_9421383,10.670720100402832,10.670772552490234,ok
LA_D_9421514,11.514481544494629,11.516678810119629,ok
LA_D_9422436,-1.0240081548690796,-1.0246309041976929,ok
LA_D_9423080,-12.785916328430176,-12.786028861999512,ok
LA_D_9424343,17.72848892211914,17.728487014770508,ok
LA_D_9424568,19.546005249023438,19.546497344970703,ok
LA_D_9424845,16.648780822753906,16.65555763244629,ok
LA_D_9425296,15.235811233520508,15.235831260681152,ok
LA_D_9425366,14.02231502532959,14.024426460266113,ok
LA_D_9425889,1.8231024742126465,1.8234697580337524,ok
LA_D_9428145,13.050700187683105,13.052433967590332,ok
LA_D_9428728,16.45082664489746,16.45428466796875,ok
LA_D_9429220,3.345360040664673,3.3460521697998047,ok
LA_D_9429683,13.423623085021973,13.425349235534668,ok
LA_D_9429831,13.6652250289917,13.66912841796875,ok
LA_D_9429971,13.000333786010742,13.001812934875488,ok
LA_D_9430144,14.57603931427002,14.57630443572998,ok
LA_D_9430378,14.113852500915527,14.116127967834473,ok
LA_D_9430536,16.1557674407959,16.155860900878906,ok
LA_D_9430632,13.837607383728027,13.846549034118652,ok
LA_D_9430687,5.28931999206543,5.289034366607666,ok
LA_D_9431218,9.893333435058594,9.893223762512207,ok
LA_D_9433165,-12.295567512512207,-12.296507835388184,ok
LA_D_9435140,7.93868350982666,7.938597202301025,ok
LA_D_9435141,8.519285202026367,8.522680282592773,ok
LA_D_9436350,7.648022174835205,7.6480712890625,ok
LA_D_9436692,8.15732192993164,8.161356925964355,ok
LA_D_9436918,17.357040405273438,17.356590270996094,ok
LA_D_9437172,11.860448837280273,11.864852905273438,ok
LA_D_9437346,15.873591423034668,15.87598705291748,ok
LA_D_9437643,14.898896217346191,14.900728225708008,ok
LA_D_9438113,21.111345291137695,21.114959716796875,ok
LA_D_9438939,16.48499298095703,16.486724853515625,ok
LA_D_9439087,15.54118537902832,15.543787956237793,ok
LA_D_9439129,12.595696449279785,12.59620189666748,ok
LA_D_9439860,13.851850509643555,13.873549461364746,ok
LA_D_9440328,12.790204048156738,12.79276180267334,ok
LA_D_9441585,-15.577336311340332,-15.57852840423584,ok
LA_D_9442040,15.82441520690918,15.825786590576172,ok
LA_D_9444024,16.99302101135254,16.993083953857422,ok
LA_D_9445699,14.162363052368164,14.162970542907715,ok
LA_D_9446553,8.791247367858887,8.791558265686035,ok
LA_D_9448997,16.2552490234375,16.261014938354492,ok
LA_D_9449347,12.157256126403809,12.157258033752441,ok
LA_D_9449718,5.786142349243164,5.7861223220825195,ok
LA_D_9450925,14.751065254211426,14.753788948059082,ok
LA_D_9451365,-6.892033100128174,-6.89210844039917,ok
LA_D_9451389,10.93772029876709,10.938931465148926,ok
LA_D_9451445,14.579497337341309,14.580731391906738,ok
LA_D_9452798,16.60539436340332,16.60723876953125,ok
LA_D_9454983,18.813762664794922,18.82758140563965,ok
LA_D_9455279,5.91145133972168,5.91354513168335,ok
LA_D_9455460,10.953868865966797,10.955662727355957,ok
LA_D_9456431,15.921799659729004,15.923020362854004,ok
LA_D_9456525,12.479903221130371,12.47961711883545,ok
LA_D_9456791,13.407368659973145,13.407513618469238,ok
LA_D_9457616,16.279830932617188,16.286314010620117,ok
LA_D_9457668,17.891708374023438,17.896364212036133,ok
LA_D_9457760,12.40058422088623,12.401214599609375,ok
LA_D_9458312,15.838611602783203,15.839173316955566,ok
LA_D_9458567,-5.393843650817871,-5.393983364105225,ok
LA_D_9458801,6.966816425323486,6.971597671508789,ok
LA_D_9459944,16.545692443847656,16.545883178710938,ok
LA_D_9460035,15.874080657958984,15.877147674560547,ok
LA_D_9460191,11.593143463134766,11.59416675567627,ok
LA_D_9460592,-12.3713960647583,-12.3745698928833,ok
LA_D_9461387,13.512394905090332,13.512141227722168,ok
LA_D_9462148,14.52798080444336,14.529118537902832,ok
LA_D_9462251,13.040570259094238,13.04227352142334,ok
LA_D_9462541,14.412361145019531,14.413769721984863,ok
LA_D_9465062,9.853039741516113,9.853266716003418,ok
LA_D_9465126,20.237972259521484,20.241931915283203,ok
LA_D_9465829,5.053971290588379,5.057806491851807,ok
LA_D_9467702,7.279575824737549,7.279586315155029,ok
LA_D_9467977,12.113666534423828,12.115019798278809,ok
LA_D_9468171,15.722332954406738,15.723319053649902,ok
LA_D_9468782,16.15076446533203,16.162052154541016,ok
LA_D_9469645,15.838878631591797,15.840839385986328,ok
LA_D_9469817,11.22962474822998,11.233053207397461,ok
LA_D_9469910,14.919861793518066,14.92085075378418,ok
LA_D_9470738,11.730941772460938,11.731720924377441,ok
LA_D_9471952,-15.654536247253418,-15.656778335571289,ok
LA_D_9472346,11.084600448608398,11.085386276245117,ok
LA_D_9473113,13.759418487548828,13.760138511657715,ok
LA_D_9474750,15.771188735961914,15.771395683288574,ok
LA_D_9475102,-14.116642951965332,-14.117023468017578,ok
LA_D_9477146,11.373932838439941,11.377013206481934,ok
LA_D_9477633,18.635223388671875,18.6442813873291,ok
LA_D_9478484,9.74550724029541,9.748233795166016,ok
LA_D_9478492,15.665410041809082,15.666081428527832,ok
LA_D_9478591,10.549981117248535,10.550481796264648,ok
LA_D_9480023,-13.826754570007324,-13.82700252532959,ok
LA_D_9481030,11.654972076416016,11.655491828918457,ok
LA_D_9481908,18.541019439697266,18.544178009033203,ok
LA_D_9482946,15.464329719543457,15.464425086975098,ok
LA_D_9486157,10.808136940002441,10.808316230773926,ok
LA_D_9486751,15.575898170471191,15.578346252441406,ok
LA_D_9486895,11.211236953735352,11.213523864746094,ok
LA_D_9487961,-15.294178009033203,-15.299052238464355,ok
LA_D_9488774,11.849136352539062,11.849806785583496,ok
LA_D_9489571,9.792351722717285,9.792536735534668,ok
LA_D_9489838,4.6567840576171875,4.656862258911133,ok
LA_D_9490122,15.098284721374512,15.099299430847168,ok
LA_D_9491192,17.636005401611328,17.64469337463379,ok
LA_D_9491341,20.707788467407227,20.714967727661133,ok
LA_D_9492240,12.469452857971191,12.469573020935059,ok
LA_D_9492715,11.500887870788574,11.501458168029785,ok
LA_D_9493111,12.76433277130127,12.764609336853027,ok
LA_D_9493572,12.848004341125488,12.848331451416016,ok
LA_D_9495235,13.905913352966309,13.913081169128418,ok
LA_D_9496441,-11.297894477844238,-11.303948402404785,ok
LA_D_9497637,14.357388496398926,14.359732627868652,ok
LA_D_9498483,12.536297798156738,12.538557052612305,ok
LA_D_9499149,17.85512351989746,17.863492965698242,ok
LA_D_9499849,15.799483299255371,15.800485610961914,ok
LA_D_9500158,11.025303840637207,11.02558422088623,ok
LA_D_9500692,16.32813262939453,16.331626892089844,ok
LA_D_9502258,-13.332703590393066,-13.342086791992188,ok
LA_D_9502397,13.15257453918457,13.152970314025879,ok
LA_D_9502607,11.041487693786621,11.043536186218262,ok
LA_D_9502718,14.99610424041748,14.997371673583984,ok
LA_D_9504862,15.202881813049316,15.206056594848633,ok
LA_D_9505564,8.501133918762207,8.501118659973145,ok
LA_D_9505772,14.280865669250488,14.282790184020996,ok
LA_D_9506213,15.762735366821289,15.7640962600708,ok
LA_D_9506978,9.547891616821289,9.547896385192871,ok
LA_D_9507060,12.497858047485352,12.500214576721191,ok
LA_D_9508570,-13.259980201721191,-13.260323524475098,ok
LA_D_9509498,13.661177635192871,13.66301441192627,ok
LA_D_9512174,-14.248595237731934,-14.249214172363281,ok
LA_D_9513156,-12.420768737792969,-12.421692848205566,ok
LA_D_9514185,15.255516052246094,15.286847114562988,ok
LA_D_9515513,6.793453693389893,6.794191360473633,ok
LA_D_9516537,13.889147758483887,13.895469665527344,ok
LA_D_9517355,11.380738258361816,11.384878158569336,ok
LA_D_9517810,18.05228042602539,18.053434371948242,ok
LA_D_9520076,18.562061309814453,18.566495895385742,ok
LA_D_9520422,20.301692962646484,20.3044376373291,ok
LA_D_9520709,20.129573822021484,20.130659103393555,ok
LA_D_9521538,13.194908142089844,13.196478843688965,ok
LA_D_9523504,-14.501144409179688,-14.502062797546387,ok
LA_D_9523755,17.212614059448242,17.212621688842773,ok
LA_D_9523778,12.016995429992676,12.017195701599121,ok
LA_D_9525782,14.098170280456543,14.105286598205566,ok
LA_D_9525819,19.483842849731445,19.48871421813965,ok
LA_D_9526073,11.513457298278809,11.51572322845459,ok
LA_D_9526782,15.762027740478516,15.764222145080566,ok
LA_D_9526919,14.15566635131836,14.15584945678711,ok
LA_D_9528207,13.49455738067627,13.506085395812988,ok
LA_D_9528402,7.907910346984863,7.908141613006592,ok
LA_D_9529199,14.504950523376465,14.507061004638672,ok
LA_D_9530100,13.281261444091797,13.281268119812012,ok
LA_D_9530210,11.456178665161133,11.457283973693848,ok
LA_D_9531450,-12.365399360656738,-12.368195533752441,ok
LA_D_9533572,12.201159477233887,12.202441215515137,ok
LA_D_9535689,13.477280616760254,13.478943824768066,ok
LA_D_9535722,3.1731674671173096,3.1730198860168457,ok
LA_D_9537226,13.217734336853027,13.219161033630371,ok
LA_D_9537289,14.42321491241455,14.430962562561035,ok
LA_D_9538442,9.434793472290039,9.436700820922852,ok
LA_D_9540047,14.396846771240234,14.397662162780762,ok
LA_D_9546041,13.388470649719238,13.388520240783691,ok
LA_D_9548811,15.115214347839355,15.11740779876709,ok
LA_D_9548980,12.605331420898438,12.605237007141113,ok
LA_D_9549420,12.679749488830566,12.680583953857422,ok
LA_D_9549607,-15.79522705078125,-15.799702644348145,ok
LA_D_9549616,17.250167846679688,17.26113510131836,ok
LA_D_9550638,11.100981712341309,11.101587295532227,ok
LA_D_9551181,14.124197959899902,14.127580642700195,ok
LA_D_9551821,16.24363136291504,16.243738174438477,ok
LA_D_9551852,11.828394889831543,11.829941749572754,ok
LA_D_9552029,10.182228088378906,10.184854507446289,ok
LA_D_9552252,12.141663551330566,12.142241477966309,ok
LA_D_9553311,18.3629093170166,18.363401412963867,ok
LA_D_9553419,10.754170417785645,10.754260063171387,ok
LA_D_9554132,-13.676718711853027,-13.679665565490723,ok
LA_D_9556143,20.467090606689453,20.47446060180664,ok
LA_D_9556871,15.508968353271484,15.50951099395752,ok
LA_D_9557117,-13.88376235961914,-13.884278297424316,ok
LA_D_9557863,10.364354133605957,10.364349365234375,ok
LA_D_9559894,18.3255558013916,18.3259334564209,ok
LA_D_9560177,13.901655197143555,13.902085304260254,ok
LA_D_9560631,13.88221263885498,13.883269309997559,ok
LA_D_9561057,-11.011293411254883,-11.011622428894043,ok
LA_D_9562015,11.554887771606445,11.555449485778809,ok
LA_D_9562412,16.713924407958984,16.71397590637207,ok
LA_D_9562489,16.053043365478516,16.054609298706055,ok
LA_D_9563138,15.289108276367188,15.293450355529785,ok
LA_D_9566347,16.353368759155273,16.35353660583496,ok
LA_D_9566824,13.468904495239258,13.469526290893555,ok
LA_D_9567593,-16.0164737701416,-16.018699645996094,ok
LA_D_9567658,12.804783821105957,12.806082725524902,ok
LA_D_9568708,16.091934204101562,16.095069885253906,ok
LA_D_9568749,-12.282349586486816,-12.282596588134766,ok
LA_D_9571982,14.018611907958984,14.019274711608887,ok
LA_D_9572182,10.245832443237305,10.246488571166992,ok
LA_D_9573200,14.722697257995605,14.723532676696777,ok
LA_D_9577103,11.679356575012207,11.680224418640137,ok
LA_D_9578667,13.218526840209961,13.219328880310059,ok
LA_D_9579813,21.258705139160156,21.2879581451416,ok
LA_D_9579816,11.939544677734375,11.939996719360352,ok
LA_D_9580426,-12.283507347106934,-12.288437843322754,ok
LA_D_9581294,15.94741439819336,15.951154708862305,ok
LA_D_9581321,15.804411888122559,15.806602478027344,ok
LA_D_9581870,14.918135643005371,14.919148445129395,ok
LA_D_9582133,10.713411331176758,10.716301918029785,ok
LA_D_9582158,14.775262832641602,14.7780179977417,ok
LA_D_9582658,12.217845916748047,12.221726417541504,ok
LA_D_9582754,10.436607360839844,10.438517570495605,ok
LA_D_9583786,18.03773307800293,18.039440155029297,ok
LA_D_9584747,13.405102729797363,13.405756950378418,ok
LA_D_9584769,16.62639808654785,16.627233505249023,ok
LA_D_9585648,13.097635269165039,13.097607612609863,ok
LA_D_9585808,14.37594985961914,14.378622055053711,ok
LA_D_9585951,11.579547882080078,11.579740524291992,ok
LA_D_9587443,13.798615455627441,13.811878204345703,ok
LA_D_9588548,14.242918014526367,14.242955207824707,ok
LA_D_9588984,20.463285446166992,20.473905563354492,ok
LA_D_9589501,17.22502326965332,17.22690773010254,ok
LA_D_9594281,12.641921997070312,12.64632511138916,ok
LA_D_9594600,14.998175621032715,15.004673957824707,ok
LA_D_9594921,16.581809997558594,16.590511322021484,ok
LA_D_9596234,3.059382200241089,3.05875825881958,ok
LA_D_9596640,17.191707611083984,17.194189071655273,ok
LA_D_9596658,9.561980247497559,9.562138557434082,ok
LA_D_9597218,13.641496658325195,13.642056465148926,ok
LA_D_9600050,9.405715942382812,9.40794849395752,ok
LA_D_9600169,15.145349502563477,15.14844799041748,ok
LA_D_9600380,6.092533111572266,6.092650890350342,ok
LA_D_9602909,11.27124309539795,11.27292537689209,ok
LA_D_9603070,15.866442680358887,15.87232494354248,ok
LA_D_9603314,17.86233139038086,17.862821578979492,ok
LA_D_9603327,18.709157943725586,18.70966339111328,ok
LA_D_9603838,6.304881572723389,6.304948329925537,ok
LA_D_9604838,15.294923782348633,15.29695987701416,ok
LA_D_9604966,14.269211769104004,14.269695281982422,ok
LA_D_9605437,8.296892166137695,8.29818344116211,ok
LA_D_9605797,13.656432151794434,13.66862964630127,ok
LA_D_9606397,10.580140113830566,10.58056640625,ok
LA_D_9608815,16.138607025146484,16.14677619934082,ok
LA_D_9609174,16.697946548461914,16.698978424072266,ok
LA_D_9611936,10.417668342590332,10.417587280273438,ok
LA_D_9614451,19.480173110961914,19.48157501220703,ok
LA_D_9615736,11.161972045898438,11.161978721618652,ok
LA_D_9616032,15.864860534667969,15.865134239196777,ok
LA_D_9616817,20.27756690979004,20.277841567993164,ok
LA_D_9618467,14.821964263916016,14.822098731994629,ok
LA_D_9619214,19.584836959838867,19.596967697143555,ok
LA_D_9620140,10.772214889526367,10.7722749710083,ok
LA_D_9621176,11.29338264465332,11.294072151184082,ok
LA_D_9623720,-13.94161319732666,-13.9428129196167,ok
LA_D_9623958,15.562342643737793,15.566146850585938,ok
LA_D_9625091,12.746042251586914,12.747519493103027,ok
LA_D_9626068,14.052824974060059,14.053053855895996,ok
LA_D_9626571,12.777236938476562,12.777212142944336,ok
LA_D_9626758,15.766111373901367,15.770003318786621,ok
LA_D_9627075,10.338504791259766,10.338496208190918,ok
LA_D_9627529,15.506678581237793,15.507880210876465,ok
LA_D_9628041,16.349233627319336,16.351869583129883,ok
LA_D_9633618,12.809320449829102,12.810456275939941,ok
LA_D_9633851,17.07513999938965,17.07648277282715,ok
LA_D_9634003,8.778016090393066,8.781259536743164,ok
LA_D_9634838,12.016736030578613,12.01701545715332,ok
LA_D_9635044,8.354297637939453,8.359234809875488,ok
LA_D_9635349,8.841797828674316,8.843987464904785,ok
LA_D_9635881,13.739948272705078,13.741009712219238,ok
LA_D_9636629,13.922170639038086,13.922911643981934,ok
LA_D_9636836,16.113670349121094,16.1136474609375,ok
LA_D_9637098,10.063582420349121,10.063623428344727,ok
LA_D_9638872,15.460672378540039,15.461387634277344,ok
LA_D_9641365,12.649613380432129,12.65548324584961,ok
LA_D_9641985,15.2570219039917,15.261926651000977,ok
LA_D_9642534,16.203948974609375,16.205020904541016,ok
LA_D_9642537,18.918323516845703,18.92407989501953,ok
LA_D_9642966,12.793031692504883,12.795989036560059,ok
LA_D_9643063,13.852782249450684,13.853093147277832,ok
LA_D_9643639,15.249893188476562,15.251051902770996,ok
LA_D_9643751,16.95743751525879,16.95864486694336,ok
LA_D_9643872,15.340142250061035,15.343388557434082,ok
LA_D_9643882,24.47180938720703,24.47777557373047,ok
LA_D_9644491,19.091779708862305,19.093250274658203,ok
LA_D_9645223,14.645849227905273,14.651389122009277,ok
LA_D_9645639,17.80414390563965,17.80946922302246,ok
LA_D_9646150,11.27271556854248,11.273791313171387,ok
LA_D_9646445,13.309083938598633,13.311286926269531,ok
LA_D_9646573,15.107172966003418,15.107695579528809,ok
LA_D_9646701,12.201380729675293,12.201911926269531,ok
LA_D_9646783,14.167162895202637,14.168457984924316,ok
LA_D_9648082,13.010239601135254,13.011187553405762,ok
LA_D_9648319,12.876428604125977,12.876603126525879,ok
LA_D_9649054,9.644303321838379,9.645506858825684,ok
LA_D_9649342,15.060686111450195,15.063721656799316,ok
LA_D_9650472,12.40099811553955,12.403579711914062,ok
LA_D_9652293,14.790843963623047,14.79166316986084,ok
LA_D_9652883,14.9091215133667,14.91006851196289,ok
LA_D_9654133,14.588825225830078,14.589472770690918,ok
LA_D_9654253,14.325163841247559,14.325102806091309,ok
LA_D_9654635,7.554244041442871,7.554318428039551,ok
LA_D_9655429,11.37610149383545,11.378125190734863,ok
LA_D_9657295,14.706297874450684,14.707074165344238,ok
LA_D_9657561,11.086082458496094,11.086176872253418,ok
LA_D_9658574,15.301104545593262,15.305142402648926,ok
LA_D_9659279,12.903918266296387,12.905996322631836,ok
LA_D_9660901,13.293761253356934,13.295681953430176,ok
LA_D_9661949,14.300881385803223,14.30311393737793,ok
LA_D_9662465,17.854793548583984,17.85930061340332,ok
LA_D_9662606,13.756267547607422,13.757739067077637,ok
LA_D_9662796,16.989503860473633,16.990060806274414,ok
LA_D_9663298,13.709850311279297,13.710306167602539,ok
LA_D_9663682,16.11847496032715,16.123445510864258,ok
LA_D_9663907,14.465265274047852,14.466513633728027,ok
LA_D_9663993,13.570892333984375,13.575804710388184,ok
LA_D_9664656,-16.375009536743164,-16.3763427734375,ok
LA_D_9664872,17.064842224121094,17.066463470458984,ok
LA_D_9665377,15.589401245117188,15.593605995178223,ok
LA_D_9666900,15.554116249084473,15.554880142211914,ok
LA_D_9667586,16.22058868408203,16.23765754699707,ok
LA_D_9668611,-12.425958633422852,-12.426172256469727,ok
LA_D_9670204,11.885565757751465,11.885872840881348,ok
LA_D_9670462,15.694642066955566,15.70287799835205,ok
LA_D_9672147,13.134361267089844,13.138863563537598,ok
LA_D_9672169,16.97947883605957,16.979904174804688,ok
LA_D_9672244,13.4951171875,13.49590015411377,ok
LA_D_9672991,10.565237045288086,10.565764427185059,ok
LA_D_9674319,15.867355346679688,15.869311332702637,ok
LA_D_9676279,11.90886116027832,11.90888786315918,ok
LA_D_9676445,-12.739583015441895,-12.739838600158691,ok
LA_D_9676810,12.247074127197266,12.247204780578613,ok
LA_D_9678259,10.557378768920898,10.55726432800293,ok
LA_D_9678415,12.809253692626953,12.809351921081543,ok
LA_D_9678633,15.549470901489258,15.551447868347168,ok
LA_D_9685224,11.11491584777832,11.117341995239258,ok
LA_D_9685348,-15.727778434753418,-15.728687286376953,ok
LA_D_9685772,16.78504180908203,16.785921096801758,ok
LA_D_9685992,17.272171020507812,17.271997451782227,ok
LA_D_9686807,13.852474212646484,13.864624977111816,ok
LA_D_9686838,4.172605514526367,4.172781467437744,ok
LA_D_9686921,15.088044166564941,15.08830738067627,ok
LA_D_9687836,13.272320747375488,13.276068687438965,ok
LA_D_9688839,15.668916702270508,15.669025421142578,ok
LA_D_9689602,15.964557647705078,15.968093872070312,ok
LA_D_9693082,17.807024002075195,17.810056686401367,ok
LA_D_9694196,10.145109176635742,10.145148277282715,ok
LA_D_9694827,13.597415924072266,13.598785400390625,ok
LA_D_9695420,12.92897891998291,12.930569648742676,ok
LA_D_9695805,13.940315246582031,13.941113471984863,ok
LA_D_9696008,12.147757530212402,12.147944450378418,ok
LA_D_9696470,12.697388648986816,12.699273109436035,ok
LA_D_9697274,9.705808639526367,9.707971572875977,ok
LA_D_9697323,16.349271774291992,16.350624084472656,ok
LA_D_9698818,11.976968765258789,11.97870922088623,ok
LA_D_9699074,19.11296272277832,19.11372184753418,ok
LA_D_9699768,12.407402038574219,12.412116050720215,ok
LA_D_9700666,-14.69538402557373,-14.695571899414062,ok
LA_D_9701184,11.000260353088379,11.003642082214355,ok
LA_D_9701451,19.483325958251953,19.483434677124023,ok
LA_D_9701877,14.590941429138184,14.592759132385254,ok
LA_D_9704240,15.035405158996582,15.03563117980957,ok
LA_D_9706008,14.845536231994629,14.845773696899414,ok
LA_D_9708825,16.39351463317871,16.3936824798584,ok
LA_D_9708860,21.580520629882812,21.586593627929688,ok
LA_D_9708909,15.076756477355957,15.078804969787598,ok
LA_D_9709000,17.67906951904297,17.679147720336914,ok
LA_D_9710466,9.164505004882812,9.164080619812012,ok
LA_D_9710580,14.141562461853027,14.145852088928223,ok
LA_D_9711707,11.846746444702148,11.848998069763184,ok
LA_D_9711980,6.940575122833252,6.940584659576416,ok
LA_D_9712952,13.941229820251465,13.945320129394531,ok
LA_D_9714161,15.498679161071777,15.50197982788086,ok
LA_D_9715092,13.8997220993042,13.900161743164062,ok
LA_D_9716462,15.278885841369629,15.2788724899292,ok
LA_D_9716895,-14.277935981750488,-14.278414726257324,ok
LA_D_9717176,13.710886001586914,13.711380958557129,ok
LA_D_9718892,11.579870223999023,11.580248832702637,ok
LA_D_9719597,15.356732368469238,15.35695743560791,ok
LA_D_9721837,11.490017890930176,11.490267753601074,ok
LA_D_9721880,12.755380630493164,12.758440971374512,ok
LA_D_9722220,15.129215240478516,15.130448341369629,ok
LA_D_9723269,26.105419158935547,26.11844253540039,ok
LA_D_9723493,-13.110692977905273,-13.11075496673584,ok
LA_D_9723855,18.04167366027832,18.047103881835938,ok
LA_D_9724620,15.47543716430664,15.476176261901855,ok
LA_D_9724900,10.39299488067627,10.3937406539917,ok
LA_D_9726070,13.703763961791992,13.703859329223633,ok
LA_D_9728117,19.045866012573242,19.045915603637695,ok
LA_D_9728878,15.315937995910645,15.319504737854004,ok
LA_D_9728978,15.500541687011719,15.502859115600586,ok
LA_D_9729287,14.099471092224121,14.114298820495605,ok
LA_D_9729483,17.843687057495117,17.853763580322266,ok
LA_D_9729864,14.51414966583252,14.516209602355957,ok
LA_D_9730987,12.606380462646484,12.61058521270752,ok
LA_D_9731339,14.89688777923584,14.89777660369873,ok
LA_D_9731600,12.11355972290039,12.1159029006958,ok
LA_D_9731820,12.898358345031738,12.902149200439453,ok
LA_D_9731844,21.750038146972656,21.783552169799805,ok
LA_D_9732180,18.875267028808594,18.880250930786133,ok
LA_D_9732198,13.808966636657715,13.811182975769043,ok
LA_D_9732268,12.228973388671875,12.231163024902344,ok
LA_D_9732908,11.383703231811523,11.385415077209473,ok
LA_D_9733347,16.463836669921875,16.463945388793945,ok
LA_D_9733678,12.92133617401123,12.921558380126953,ok
LA_D_9734224,13.799517631530762,13.800766944885254,ok
LA_D_9734297,18.055465698242188,18.056867599487305,ok
LA_D_9735127,14.86676025390625,14.869616508483887,ok
LA_D_9735207,18.28594970703125,18.2924747467041,ok
LA_D_9735621,11.84597110748291,11.846471786499023,ok
LA_D_9735662,12.902469635009766,12.902813911437988,ok
LA_D_9736602,11.101485252380371,11.1027193069458,ok
LA_D_9737680,12.239927291870117,12.247048377990723,ok
LA_D_9737719,-13.63840103149414,-13.638559341430664,ok
LA_D_9738587,13.596498489379883,13.5990629196167,ok
LA_D_9739074,16.871885299682617,16.87249183654785,ok
LA_D_9739801,13.944306373596191,13.945267677307129,ok
LA_D_9740097,17.56024742126465,17.565216064453125,ok
LA_D_9741299,14.766317367553711,14.767682075500488,ok
LA_D_9743828,14.980327606201172,14.981388092041016,ok
LA_D_9744441,14.42078685760498,14.422560691833496,ok
LA_D_9745303,10.678642272949219,10.679217338562012,ok
LA_D_9747113,12.48508358001709,12.486666679382324,ok
LA_D_9747140,9.475282669067383,9.477291107177734,ok
LA_D_9747652,14.528450965881348,14.531805038452148,ok
LA_D_9748213,16.833560943603516,16.836734771728516,ok
LA_D_9749510,12.138636589050293,12.138858795166016,ok
LA_D_9750223,-11.902605056762695,-11.90350341796875,ok
LA_D_9751462,15.031408309936523,15.031983375549316,ok
LA_D_9751873,13.788631439208984,13.79422378540039,ok
LA_D_9752133,14.580192565917969,14.580758094787598,ok
LA_D_9752146,-15.281281471252441,-15.281569480895996,ok
LA_D_9753113,16.769994735717773,16.772319793701172,ok
LA_D_9754579,14.678160667419434,14.679220199584961,ok
LA_D_9754615,12.229022979736328,12.229048728942871,ok
LA_D_9755028,11.773144721984863,11.773831367492676,ok
LA_D_9755271,14.734965324401855,14.735750198364258,ok
LA_D_9756685,11.364459991455078,11.364477157592773,ok
LA_D_9758147,-14.307307243347168,-14.311009407043457,ok
LA_D_9758752,9.706740379333496,9.707711219787598,ok
LA_D_9759074,13.513106346130371,13.516918182373047,ok
LA_D_9759473,14.293599128723145,14.300469398498535,ok
LA_D_9761317,14.096903800964355,14.100729942321777,ok
LA_D_9763964,11.53180980682373,11.532602310180664,ok
LA_D_9764249,12.751321792602539,12.751568794250488,ok
LA_D_9764287,8.874378204345703,8.875114440917969,ok
LA_D_9765329,17.797183990478516,17.79874610900879,ok
LA_D_9765860,12.284916877746582,12.285348892211914,ok
LA_D_9767258,16.588401794433594,16.590993881225586,ok
LA_D_9767344,14.893342971801758,14.894576072692871,ok
LA_D_9768291,14.150197982788086,14.15116024017334,ok
LA_D_9769587,9.394452095031738,9.396465301513672,ok
LA_D_9769935,10.56126880645752,10.561284065246582,ok
LA_D_9770193,12.16013240814209,12.170515060424805,ok
LA_D_9770836,13.070130348205566,13.0703125,ok
LA_D_9773809,8.933440208435059,8.93397045135498,ok
LA_D_9774174,14.896599769592285,14.898327827453613,ok
LA_D_9774358,11.515335083007812,11.515457153320312,ok
LA_D_9774744,14.441729545593262,14.44193172454834,ok
LA_D_9774871,18.849700927734375,18.853506088256836,ok
LA_D_9774959,14.625688552856445,14.631697654724121,ok
LA_D_9775592,12.91878890991211,12.921202659606934,ok
LA_D_9777627,12.307397842407227,12.30945110321045,ok
LA_D_9777735,12.030126571655273,12.029899597167969,ok
LA_D_9779319,14.47514533996582,14.476285934448242,ok
LA_D_9779377,12.858471870422363,12.860934257507324,ok
LA_D_9779978,12.858667373657227,12.863459587097168,ok
LA_D_9780696,-12.558419227600098,-12.558621406555176,ok
LA_D_9781045,13.360322952270508,13.363411903381348,ok
LA_D_9782269,-11.565089225769043,-11.565491676330566,ok
LA_D_9783307,17.593477249145508,17.597030639648438,ok
LA_D_9783743,18.093929290771484,18.095441818237305,ok
LA_D_9784167,13.82420825958252,13.824223518371582,ok
LA_D_9784942,15.072283744812012,15.076397895812988,ok
LA_D_9785421,14.22840690612793,14.228829383850098,ok
LA_D_9786409,16.35221290588379,16.352375030517578,ok
LA_D_9786796,7.995255947113037,7.997398853302002,ok
LA_D_9787469,13.731237411499023,13.7313871383667,ok
LA_D_9788709,12.05336856842041,12.053911209106445,ok
LA_D_9789005,12.090550422668457,12.092157363891602,ok
LA_D_9790131,13.176730155944824,13.178244590759277,ok
LA_D_9791741,14.377704620361328,14.379717826843262,ok
LA_D_9793079,13.88276195526123,13.883136749267578,ok
LA_D_9793796,17.135637283325195,17.14929962158203,ok
LA_D_9794955,13.003321647644043,13.00401782989502,ok
LA_D_9795514,14.310728073120117,14.314688682556152,ok
LA_D_9795685,12.736090660095215,12.73621940612793,ok
LA_D_9798074,9.738151550292969,9.73851490020752,ok
LA_D_9798672,13.876699447631836,13.879363059997559,ok
LA_D_9800072,11.635510444641113,11.63571548461914,ok
LA_D_9801638,7.206998348236084,7.2070512771606445,ok
LA_D_9801886,17.629920959472656,17.6302433013916,ok
LA_D_9802861,13.863710403442383,13.865850448608398,ok
LA_D_9803207,13.790803909301758,13.792662620544434,ok
LA_D_9804348,13.974676132202148,13.974677085876465,ok
LA_D_9805942,8.751249313354492,8.751974105834961,ok
LA_D_9806222,15.130361557006836,15.138579368591309,ok
LA_D_9806272,12.60616683959961,12.625923156738281,ok
LA_D_9806570,17.64784049987793,17.648653030395508,ok
LA_D_9808110,13.283235549926758,13.28369426727295,ok
LA_D_9808634,19.323320388793945,19.326404571533203,ok
LA_D_9809223,14.849366188049316,14.84990406036377,ok
LA_D_9809504,8.007105827331543,8.007259368896484,ok
LA_D_9810869,18.239641189575195,18.239748001098633,ok
LA_D_9810987,15.479938507080078,15.480799674987793,ok
LA_D_9812523,3.3285298347473145,3.327479362487793,ok
LA_D_9812702,-2.90653920173645,-2.907005548477173,ok
LA_D_9812727,13.77694320678711,13.777650833129883,ok
LA_D_9813759,12.692876815795898,12.692768096923828,ok
LA_D_9813801,16.06510353088379,16.066213607788086,ok
LA_D_9814205,13.648778915405273,13.654483795166016,ok
LA_D_9815062,14.110414505004883,14.111200332641602,ok
LA_D_9815112,14.47979736328125,14.485030174255371,ok
LA_D_9815485,15.0224027633667,15.026734352111816,ok
LA_D_9816404,10.97996711730957,10.980448722839355,ok
LA_D_9818011,13.424589157104492,13.429579734802246,ok
LA_D_9818781,2.282205581665039,2.28143310546875,ok
LA_D_9819662,10.927481651306152,10.929518699645996,ok
LA_D_9819790,11.765169143676758,11.766125679016113,ok
LA_D_9819813,6.439864635467529,6.439929485321045,ok
LA_D_9820486,1.1476647853851318,1.1479188203811646,ok
LA_D_9820995,19.218061447143555,19.222341537475586,ok
LA_D_9821371,8.968277931213379,8.968217849731445,ok
LA_D_9821680,12.38868522644043,12.390167236328125,ok
LA_D_9821908,-12.73553466796875,-12.736268997192383,ok
LA_D_9824861,17.14803123474121,17.148900985717773,ok
LA_D_9825451,13.101505279541016,13.101649284362793,ok
LA_D_9826388,12.273354530334473,12.273995399475098,ok
LA_D_9826800,8.387378692626953,8.387025833129883,ok
LA_D_9827463,11.888197898864746,11.888348579406738,ok
LA_D_9828928,16.497228622436523,16.49733543395996,ok
LA_D_9829234,10.913779258728027,10.914863586425781,ok
LA_D_9829627,14.946870803833008,14.946864128112793,ok
LA_D_9830830,15.148849487304688,15.150727272033691,ok
LA_D_9831077,18.255374908447266,18.260025024414062,ok
LA_D_9831804,9.388397216796875,9.388567924499512,ok
LA_D_9834151,17.22002410888672,17.22121810913086,ok
LA_D_9834938,-14.426626205444336,-14.427657127380371,ok
LA_D_9835448,14.934940338134766,14.93587589263916,ok
LA_D_9836225,15.578939437866211,15.580376625061035,ok
LA_D_9836992,10.150897979736328,10.15100383758545,ok
LA_D_9837343,12.809061050415039,12.809605598449707,ok
LA_D_9838599,8.880020141601562,8.879995346069336,ok
LA_D_9840935,16.47170639038086,16.474210739135742,ok
LA_D_9841321,-13.738160133361816,-13.739086151123047,ok
LA_D_9841488,14.556846618652344,14.560441017150879,ok
LA_D_9841709,16.894609451293945,16.895475387573242,ok
LA_D_9841868,-14.838146209716797,-14.841897010803223,ok
LA_D_9842180,15.987183570861816,15.989640235900879,ok
LA_D_9843427,-4.617728233337402,-4.619103908538818,ok
LA_D_9843659,14.935229301452637,14.935638427734375,ok
LA_D_9845352,20.0151309967041,20.016141891479492,ok
LA_D_9847737,17.362401962280273,17.364608764648438,ok
LA_D_9848935,15.594120979309082,15.5992431640625,ok
LA_D_9849984,12.138254165649414,12.13896369934082,ok
LA_D_9850214,9.281305313110352,9.282271385192871,ok
LA_D_9851124,12.36864948272705,12.3705415725708,ok
LA_D_9851827,-0.6720513701438904,-0.6736290454864502,ok
LA_D_9853601,10.927109718322754,10.92737865447998,ok
LA_D_9856117,15.465245246887207,15.466490745544434,ok
LA_D_9856127,-14.786772727966309,-14.800028800964355,ok
LA_D_9858647,12.819917678833008,12.82022476196289,ok
LA_D_9859179,14.08546257019043,14.086353302001953,ok
LA_D_9860564,16.5372314453125,16.542455673217773,ok
LA_D_9861473,13.788796424865723,13.79569149017334,ok
LA_D_9862938,14.786815643310547,14.78851318359375,ok
LA_D_9863362,14.063214302062988,14.064133644104004,ok
LA_D_9863423,14.763551712036133,14.770877838134766,ok
LA_D_9864113,-12.256731033325195,-12.256731986999512,ok
LA_D_9864384,15.958221435546875,15.962923049926758,ok
LA_D_9864516,12.13920783996582,12.139233589172363,ok
LA_D_9864602,5.056400775909424,5.056648254394531,ok
LA_D_9864604,13.23386001586914,13.234267234802246,ok
LA_D_9865644,18.069948196411133,18.070966720581055,ok
LA_D_9871071,14.887284278869629,14.890129089355469,ok
LA_D_9871744,15.181050300598145,15.181654930114746,ok
LA_D_9871974,13.622714042663574,13.622891426086426,ok
LA_D_9872046,12.632452964782715,12.632487297058105,ok
LA_D_9872925,16.953445434570312,16.96891975402832,ok
LA_D_9873135,16.797590255737305,16.798641204833984,ok
LA_D_9874897,-14.733970642089844,-14.735064506530762,ok
LA_D_9875362,-6.837262153625488,-6.83964204788208,ok
LA_D_9876012,16.407629013061523,16.409778594970703,ok
LA_D_9877194,-12.513131141662598,-12.51380443572998,ok
LA_D_9877979,16.615928649902344,16.61812973022461,ok
LA_D_9878419,13.371759414672852,13.373835563659668,ok
LA_D_9878596,9.453827857971191,9.458313941955566,ok
LA_D_9879056,12.279157638549805,12.279728889465332,ok
LA_D_9880830,10.329285621643066,10.333815574645996,ok
LA_D_9881093,12.227986335754395,12.228407859802246,ok
LA_D_9881103,10.931708335876465,10.933027267456055,ok
LA_D_9883591,-14.775192260742188,-14.777047157287598,ok
LA_D_9883916,20.462148666381836,20.464542388916016,ok
LA_D_9885280,11.932106018066406,11.934269905090332,ok
LA_D_9885320,16.515188217163086,16.522804260253906,ok
LA_D_9885994,16.62381935119629,16.627201080322266,ok
LA_D_9887916,9.857856750488281,9.859272956848145,ok
LA_D_9887992,11.68615436553955,11.68639087677002,ok
LA_D_9888091,17.394176483154297,17.39679527282715,ok
LA_D_9888937,15.197439193725586,15.202242851257324,ok
LA_D_9890472,8.66147232055664,8.663372039794922,ok
LA_D_9891140,-13.847297668457031,-13.847427368164062,ok
LA_D_9891231,13.325599670410156,13.327231407165527,ok
LA_D_9891401,12.219722747802734,12.220179557800293,ok
LA_D_9892838,8.636951446533203,8.637208938598633,ok
LA_D_9893649,13.208966255187988,13.215670585632324,ok
LA_D_9895494,12.693559646606445,12.694684028625488,ok
LA_D_9895969,15.354736328125,15.356661796569824,ok
LA_D_9896805,17.24716567993164,17.250139236450195,ok
LA_D_9896820,16.94968605041504,16.952953338623047,ok
LA_D_9897142,-12.940528869628906,-12.942021369934082,ok
LA_D_9897238,13.41336441040039,13.413552284240723,ok
LA_D_9897452,-13.061840057373047,-13.062962532043457,ok
LA_D_9899632,-15.141702651977539,-15.14499568939209,ok
LA_D_9899652,12.714001655578613,12.714011192321777,ok
LA_D_9900338,16.90833854675293,16.90911293029785,ok
LA_D_9900800,12.989933013916016,12.991276741027832,ok
LA_D_9902676,12.535325050354004,12.540831565856934,ok
LA_D_9902848,21.05034637451172,21.058252334594727,ok
LA_D_9902912,15.243492126464844,15.245765686035156,ok
LA_D_9903321,13.381063461303711,13.384480476379395,ok
LA_D_9904324,14.088253021240234,14.091226577758789,ok
LA_D_9904500,12.907013893127441,12.907979965209961,ok
LA_D_9904837,18.45492172241211,18.45478630065918,ok
LA_D_9906100,17.842878341674805,17.845125198364258,ok
LA_D_9906845,17.308734893798828,17.31452751159668,ok
LA_D_9907101,15.87382698059082,15.876670837402344,ok
LA_D_9907979,7.871779918670654,7.879287242889404,ok
LA_D_9910047,10.03662395477295,10.037518501281738,ok
LA_D_9911052,14.660554885864258,14.662046432495117,ok
LA_D_9911836,14.558034896850586,14.558915138244629,ok
LA_D_9912384,18.1686954498291,18.170639038085938,ok
LA_D_9912829,13.073539733886719,13.075987815856934,ok
LA_D_9913955,15.867549896240234,15.874876976013184,ok
LA_D_9913960,19.353731155395508,19.365978240966797,ok
LA_D_9914048,10.145637512207031,10.1477689743042,ok
LA_D_9914359,16.843063354492188,16.84744644165039,ok
LA_D_9914468,13.956345558166504,13.961338996887207,ok
LA_D_9915418,9.977367401123047,9.977700233459473,ok
LA_D_9915722,15.754931449890137,15.756779670715332,ok
LA_D_9916763,12.710556983947754,12.710917472839355,ok
LA_D_9917104,-12.772562980651855,-12.772950172424316,ok
LA_D_9918437,14.115925788879395,14.11804485321045,ok
LA_D_9918902,14.377535820007324,14.380709648132324,ok
LA_D_9920299,15.940435409545898,15.942534446716309,ok
LA_D_9920694,15.06595516204834,15.06707763671875,ok
LA_D_9922230,15.16578197479248,15.165974617004395,ok
LA_D_9924653,15.446480751037598,15.448872566223145,ok
LA_D_9924906,-14.555290222167969,-14.55729866027832,ok
LA_D_9925424,11.21936321258545,11.220844268798828,ok
LA_D_9925458,12.034674644470215,12.035135269165039,ok
LA_D_9926375,18.481657028198242,18.48700523376465,ok
LA_D_9926903,14.125802040100098,14.127254486083984,ok
LA_D_9927048,15.692076683044434,15.693268775939941,ok
LA_D_9928370,12.63487720489502,12.635472297668457,ok
LA_D_9928428,13.287582397460938,13.288285255432129,ok
LA_D_9928764,18.95320701599121,18.9539852142334,ok
LA_D_9929271,18.35933494567871,18.36949348449707,ok
LA_D_9930274,22.526996612548828,22.535940170288086,ok
LA_D_9930304,14.044682502746582,14.046881675720215,ok
LA_D_9930845,10.195799827575684,10.1958589553833,ok
LA_D_9931389,13.93724536895752,13.942641258239746,ok
LA_D_9931770,13.944496154785156,13.948708534240723,ok
LA_D_9934126,20.45920181274414,20.46416664123535,ok
LA_D_9934410,17.630619049072266,17.63092803955078,ok
LA_D_9934703,14.28466796875,14.285049438476562,ok
LA_D_9935431,17.14413833618164,17.144601821899414,ok
LA_D_9935628,14.951371192932129,14.954840660095215,ok
LA_D_9936597,-8.41051197052002,-8.41112232208252,ok
LA_D_9936826,14.551496505737305,14.55397891998291,ok
LA_D_9936838,12.971458435058594,12.97482967376709,ok
LA_D_9936972,17.849018096923828,17.850767135620117,ok
LA_D_9937573,8.482662200927734,8.484522819519043,ok
LA_D_9942200,14.334756851196289,14.335784912109375,ok
LA_D_9942206,11.218541145324707,11.218535423278809,ok
LA_D_9942874,-14.860207557678223,-14.861903190612793,ok
LA_D_9943041,6.4449310302734375,6.445028781890869,ok
LA_D_9945037,9.869122505187988,9.869756698608398,ok
LA_D_9945483,12.742426872253418,12.742426872253418,ok
LA_D_9945997,-14.8961820602417,-14.896380424499512,ok
LA_D_9946370,14.972496032714844,14.972881317138672,ok
LA_D_9947625,3.124171495437622,3.1241793632507324,ok
LA_D_9947726,16.69062042236328,16.690670013427734,ok
LA_D_9948190,15.510660171508789,15.510869979858398,ok
LA_D_9948386,18.163131713867188,18.163585662841797,ok
LA_D_9949656,10.47868537902832,10.478657722473145,ok
LA_D_9950933,14.293331146240234,14.29454517364502,ok
LA_D_9951013,20.400732040405273,20.40693473815918,ok
LA_D_9951144,16.70728874206543,16.710664749145508,ok
LA_D_9951278,14.511372566223145,14.51250171661377,ok
LA_D_9951429,21.57273292541504,21.577756881713867,ok
LA_D_9952661,10.823906898498535,10.824167251586914,ok
LA_D_9953005,18.526138305664062,18.52591896057129,ok
LA_D_9953476,-14.321100234985352,-14.329626083374023,ok
LA_D_9953593,9.94632625579834,9.946911811828613,ok
LA_D_9953716,17.050609588623047,17.054189682006836,ok
LA_D_9953809,13.084300994873047,13.08665657043457,ok
LA_D_9954765,14.483221054077148,14.483478546142578,ok
LA_D_9955162,15.691038131713867,15.693342208862305,ok
LA_D_9955848,8.56946086883545,8.569985389709473,ok
LA_D_9955936,11.044037818908691,11.044267654418945,ok
LA_D_9957063,15.828246116638184,15.828492164611816,ok
LA_D_9958640,11.05654525756836,11.057649612426758,ok
LA_D_9960293,14.096063613891602,14.100786209106445,ok
LA_D_9960664,-15.250269889831543,-15.258705139160156,ok
LA_D_9961107,12.92446231842041,12.924725532531738,ok
LA_D_9962097,10.182823181152344,10.184882164001465,ok
LA_D_9962189,15.85666561126709,15.858857154846191,ok
LA_D_9963628,15.437372207641602,15.442147254943848,ok
LA_D_9963998,14.722830772399902,14.731616020202637,ok
LA_D_9965004,16.13559341430664,16.13895606994629,ok
LA_D_9965111,10.927504539489746,10.928498268127441,ok
LA_D_9965439,-15.011592864990234,-15.012197494506836,ok
LA_D_9965502,10.862615585327148,10.864947319030762,ok
LA_D_9966094,-15.3405179977417,-15.341370582580566,ok
LA_D_9967058,10.753952026367188,10.76209545135498,ok
LA_D_9967133,10.400155067443848,10.400171279907227,ok
LA_D_9967406,16.24803924560547,16.251134872436523,ok
LA_D_9967530,-1.2658900022506714,-1.2664316892623901,ok
LA_D_9968504,15.244828224182129,15.246149063110352,ok
LA_D_9971231,14.55764102935791,14.564881324768066,ok
LA_D_9972110,16.196781158447266,16.207077026367188,ok
LA_D_9972716,10.250578880310059,10.25339412689209,ok
LA_D_9973328,13.332624435424805,13.332539558410645,ok
LA_D_9975936,15.761751174926758,15.76227855682373,ok
LA_D_9977363,17.491912841796875,17.491992950439453,ok
LA_D_9977384,11.464493751525879,11.466368675231934,ok
LA_D_9977709,15.423907279968262,15.424631118774414,ok
LA_D_9978941,13.354269027709961,13.355729103088379,ok
LA_D_9979102,15.6177339553833,15.626764297485352,ok
LA_D_9979957,-13.116230010986328,-13.119002342224121,ok
LA_D_9980325,14.639559745788574,14.640713691711426,ok
LA_D_9980740,-14.725358963012695,-14.72885799407959,ok
LA_D_9980947,17.546239852905273,17.54689598083496,ok
LA_D_9982040,13.106266975402832,13.110138893127441,ok
LA_D_9982181,14.731523513793945,14.731633186340332,ok
LA_D_9982535,10.734167098999023,10.734173774719238,ok
LA_D_9982743,13.103007316589355,13.108853340148926,ok
LA_D_9983276,-7.944279670715332,-7.94451904296875,ok
LA_D_9985005,15.99587345123291,15.997546195983887,ok
LA_D_9985382,14.332525253295898,14.334364891052246,ok
LA_D_9985507,17.36261558532715,17.365514755249023,ok
LA_D_9985554,15.854604721069336,15.855734825134277,ok
LA_D_9986772,16.54138946533203,16.546058654785156,ok
LA_D_9987872,16.782649993896484,16.785173416137695,ok
LA_D_9987878,17.261812210083008,17.26344108581543,ok
LA_D_9988164,15.195259094238281,15.195298194885254,ok
LA_D_9988500,17.315765380859375,17.317459106445312,ok
LA_D_9989022,14.511185646057129,14.511478424072266,ok
LA_D_9989304,13.233726501464844,13.235668182373047,ok
LA_D_9991348,17.660242080688477,17.667753219604492,ok
LA_D_9991657,15.427775382995605,15.435713768005371,ok
LA_D_9991828,11.687650680541992,11.690839767456055,ok
LA_D_9992731,15.764082908630371,15.767181396484375,ok
LA_D_9992816,5.931063175201416,5.930574417114258,ok
LA_D_9993251,17.480527877807617,17.480539321899414,ok
LA_D_9993800,18.832067489624023,18.831899642944336,ok
LA_D_9994046,16.29848861694336,16.29861831665039,ok
LA_D_9995517,14.017704010009766,14.018041610717773,ok
LA_D_9995817,15.174059867858887,15.17715072631836,ok
LA_D_9996165,8.632555961608887,8.632894515991211,ok
LA_D_9996570,-13.502212524414062,-13.505122184753418,ok
LA_D_9997585,12.945394515991211,12.94560718536377,ok
LA_D_9997701,-13.209843635559082,-13.21129322052002,ok
LA_D_9998252,16.066774368286133,16.06694221496582,ok
LA_D_9999204,24.570932388305664,24.590314865112305,ok
LA_D_9999760,17.35062599182129,17.35930824279785,ok
