sample_id,score,score_before,status
LA_D_1000752,17.149188995361328,17.14924430847168,ok
LA_D_1001095,18.22465705871582,18.22501564025879,ok
LA_D_1002626,17.840063095092773,17.85240364074707,ok
LA_D_1003797,11.144242286682129,11.144251823425293,ok
LA_D_1004406,12.521149635314941,12.521462440490723,ok
LA_D_1004774,15.15123176574707,15.154146194458008,ok
LA_D_1005471,16.664451599121094,16.67106819152832,ok
LA_D_1006586,12.370577812194824,12.370701789855957,ok
LA_D_1007975,16.305362701416016,16.306955337524414,ok
LA_D_1008673,16.50990104675293,16.50992774963379,ok
LA_D_1008834,4.258670330047607,4.258453369140625,ok
LA_D_1010205,18.17717742919922,18.178455352783203,ok
LA_D_1011897,8.41994857788086,8.420750617980957,ok
LA_D_1012999,15.102863311767578,15.103781700134277,ok
LA_D_1013553,17.786645889282227,17.787458419799805,ok
LA_D_1013596,14.3160400390625,14.321237564086914,ok
LA_D_1013783,13.243449211120605,13.248013496398926,ok
LA_D_1013810,9.316503524780273,9.316515922546387,ok
LA_D_1016296,12.420565605163574,12.42104721069336,ok
LA_D_1016922,17.217565536499023,17.2188663482666,ok
LA_D_1018598,10.345807075500488,10.34887981414795,ok
LA_D_1020087,11.747536659240723,11.758955955505371,ok
LA_D_1021287,17.781063079833984,17.79640769958496,ok
LA_D_1024033,14.053384780883789,14.053730964660645,ok
LA_D_1024326,13.66684341430664,13.669021606445312,ok
LA_D_1024541,10.00361156463623,10.004532814025879,ok
LA_D_1025356,8.468750953674316,8.468756675720215,ok
LA_D_1025927,12.107515335083008,12.112359046936035,ok
LA_D_1026545,11.337052345275879,11.337446212768555,ok
LA_D_1026868,-15.245341300964355,-15.256339073181152,ok
LA_D_1027036,13.9337158203125,13.934157371520996,ok
LA_D_1027039,7.80324649810791,7.8049540519714355,ok
LA_D_1028482,11.19134521484375,11.192694664001465,ok
LA_D_1029401,15.568228721618652,15.571846961975098,ok
LA_D_1029623,12.037178993225098,12.038634300231934,ok
LA_D_1029785,18.99298858642578,18.998584747314453,ok
LA_D_1030270,17.879297256469727,17.883766174316406,ok
LA_D_1030640,17.02229881286621,17.03963851928711,ok
LA_D_1031151,17.615909576416016,17.61789894104004,ok
LA_D_1031999,18.578603744506836,18.579992294311523,ok
LA_D_1032197,14.288636207580566,14.289200782775879,ok
LA_D_1032757,11.792112350463867,11.792060852050781,ok
LA_D_1033225,13.015045166015625,13.015423774719238,ok
LA_D_1034329,12.131574630737305,12.132346153259277,ok
LA_D_1035474,16.804332733154297,16.814390182495117,ok
LA_D_1035695,15.894511222839355,15.89665699005127,ok
LA_D_1035911,13.630340576171875,13.633045196533203,ok
LA_D_1036594,8.661256790161133,8.660126686096191,ok
LA_D_1036986,10.351412773132324,10.35146427154541,ok
LA_D_1038888,13.181297302246094,13.18172550201416,ok
LA_D_1039057,16.351526260375977,16.352922439575195,ok
LA_D_1039305,14.150289535522461,14.15041732788086,ok
LA_D_1039528,13.025840759277344,13.036442756652832,ok
LA_D_1041845,17.130496978759766,17.13187599182129,ok
LA_D_1042553,17.704998016357422,17.71312141418457,ok
LA_D_1043824,13.279092788696289,13.282238960266113,ok
LA_D_1044414,4.176177978515625,4.176223278045654,ok
LA_D_1044924,10.844392776489258,10.8444242477417,ok
LA_D_1046296,16.10866928100586,16.108720779418945,ok
LA_D_1048234,18.99521827697754,18.999584197998047,ok
LA_D_1049366,12.759620666503906,12.76229476928711,ok
LA_D_1050286,13.917634963989258,13.917381286621094,ok
LA_D_1050709,14.982063293457031,14.982995986938477,ok
LA_D_1051032,14.980143547058105,14.98344898223877,ok
LA_D_1053530,15.066457748413086,15.068269729614258,ok
LA_D_1054205,13.489105224609375,13.490626335144043,ok
LA_D_1054239,13.335806846618652,13.340431213378906,ok
LA_D_1054756,9.752848625183105,9.752970695495605,ok
LA_D_1055238,10.834610939025879,10.834656715393066,ok
LA_D_1055758,14.959771156311035,14.961773872375488,ok
LA_D_1056838,14.5050687789917,14.50565242767334,ok
LA_D_1056844,14.52061939239502,14.524682998657227,ok
LA_D_1057680,15.083044052124023,15.08508014678955,ok
LA_D_1058167,15.773984909057617,15.782773971557617,ok
LA_D_1058697,11.397506713867188,11.401300430297852,ok
LA_D_1058790,10.465081214904785,10.465080261230469,ok
LA_D_1059373,15.602202415466309,15.603156089782715,ok
LA_D_1060354,16.712343215942383,16.716779708862305,ok
LA_D_1060968,-14.159859657287598,-14.16535472869873,ok
LA_D_1060987,15.07604694366455,15.084105491638184,ok
LA_D_1061499,6.235753059387207,6.235745429992676,ok
LA_D_1063236,14.51375961303711,14.52198314666748,ok
LA_D_1063280,13.825418472290039,13.835619926452637,ok
LA_D_1063719,12.105382919311523,12.105759620666504,ok
LA_D_1064949,13.951482772827148,13.954194068908691,ok
LA_D_1065306,13.286480903625488,13.287110328674316,ok
LA_D_1066396,11.880977630615234,11.885754585266113,ok
LA_D_1068250,12.99470329284668,12.998154640197754,ok
LA_D_1069983,12.0875883102417,12.08871841430664,ok
LA_D_1070584,13.884767532348633,13.88492488861084,ok
LA_D_1070779,12.724628448486328,12.727230072021484,ok
LA_D_1071291,14.401522636413574,14.410667419433594,ok
LA_D_1071356,11.075520515441895,11.075606346130371,ok
LA_D_1073474,11.870367050170898,11.870305061340332,ok
LA_D_1074040,13.4827299118042,13.483194351196289,ok
LA_D_1074364,16.24634552001953,16.248517990112305,ok
LA_D_1074980,13.232823371887207,13.237847328186035,ok
LA_D_1075128,16.03296661376953,16.039813995361328,ok
LA_D_1075190,12.70781135559082,12.708048820495605,ok
LA_D_1075455,12.118471145629883,12.125203132629395,ok
LA_D_1076068,14.921910285949707,14.927684783935547,ok
LA_D_1078241,15.68844985961914,15.690084457397461,ok
LA_D_1078299,13.324881553649902,13.325045585632324,ok
LA_D_1079091,12.331028938293457,12.331494331359863,ok
LA_D_1080524,20.954008102416992,20.959081649780273,ok
LA_D_1081164,17.29273796081543,17.29380989074707,ok
LA_D_1082871,16.153499603271484,16.15375518798828,ok
LA_D_1083406,17.78073501586914,17.78764533996582,ok
LA_D_1084356,-14.011363983154297,-14.01225471496582,ok
LA_D_1084765,10.929306030273438,10.929410934448242,ok
LA_D_1084804,9.323881149291992,9.324458122253418,ok
LA_D_1084880,11.955288887023926,11.955658912658691,ok
LA_D_1085566,11.151984214782715,11.151970863342285,ok
LA_D_1085765,12.391294479370117,12.3914155960083,ok
LA_D_1086391,-14.032913208007812,-14.03549575805664,ok
LA_D_1088314,12.523568153381348,12.52438735961914,ok
LA_D_1088370,14.083466529846191,14.086424827575684,ok
LA_D_1088929,14.242243766784668,14.24323558807373,ok
LA_D_1088963,15.478522300720215,15.49117374420166,ok
LA_D_1089922,16.736434936523438,16.742616653442383,ok
LA_D_1091308,14.690625190734863,14.696308135986328,ok
LA_D_1091601,9.093008041381836,9.0931978225708,ok
LA_D_1091851,17.518613815307617,17.528459548950195,ok
LA_D_1092890,14.792724609375,14.794026374816895,ok
LA_D_1093350,16.424766540527344,16.43214225769043,ok
LA_D_1094179,13.522032737731934,13.522791862487793,ok
LA_D_1094379,14.52152156829834,14.52854061126709,ok
LA_D_1094871,17.319313049316406,17.319364547729492,ok
LA_D_1096227,11.648167610168457,11.649523735046387,ok
LA_D_1097191,14.594152450561523,14.594466209411621,ok
LA_D_1098936,16.541086196899414,16.542070388793945,ok
LA_D_1099173,13.623540878295898,13.627413749694824,ok
LA_D_1099405,15.997300148010254,15.997599601745605,ok
LA_D_1099638,8.38073444366455,8.381489753723145,ok
LA_D_1099657,13.393537521362305,13.395895957946777,ok
LA_D_1101351,-12.824907302856445,-12.825535774230957,ok
LA_D_1105378,10.946525573730469,10.950160026550293,ok
LA_D_1105489,-11.311148643493652,-11.312247276306152,ok
LA_D_1106906,9.131115913391113,9.13175106048584,ok
LA_D_1107234,11.366254806518555,11.366349220275879,ok
LA_D_1108281,18.087465286254883,18.09206199645996,ok
LA_D_1108377,14.97968864440918,14.98226261138916,ok
LA_D_1108768,12.65990161895752,12.661706924438477,ok
LA_D_1110227,15.68360424041748,15.687532424926758,ok
LA_D_1110769,9.009272575378418,9.009297370910645,ok
LA_D_1111073,14.395541191101074,14.39814281463623,ok
LA_D_1111626,11.578991889953613,11.585420608520508,ok
LA_D_1114039,15.940641403198242,15.967728614807129,ok
LA_D_1114144,8.678155899047852,8.678070068359375,ok
LA_D_1117567,19.609182357788086,19.611635208129883,ok
LA_D_1118794,11.625848770141602,11.62904167175293,ok
LA_D_1121887,-13.735651969909668,-13.736403465270996,ok
LA_D_1123453,18.615371704101562,18.615407943725586,ok
LA_D_1123562,14.05009937286377,14.051555633544922,ok
LA_D_1123614,-6.588750839233398,-6.593749523162842,ok
LA_D_1124968,12.54970645904541,12.549870491027832,ok
LA_D_1126775,13.701126098632812,13.701752662658691,ok
LA_D_1126907,-13.93454360961914,-13.937859535217285,ok
LA_D_1127112,12.494525909423828,12.495985984802246,ok
LA_D_1128845,14.780672073364258,14.781828880310059,ok
LA_D_1129909,-14.18635368347168,-14.186861991882324,ok
LA_D_1130470,-13.87603759765625,-13.876276969909668,ok
LA_D_1131563,13.630623817443848,13.63278579711914,ok
LA_D_1132076,15.797786712646484,15.797879219055176,ok
LA_D_1133069,-11.519969940185547,-11.521954536437988,ok
LA_D_1133168,-13.296066284179688,-13.296636581420898,ok
LA_D_1134137,16.905851364135742,16.909719467163086,ok
LA_D_1135743,17.508899688720703,17.509140014648438,ok
LA_D_1135973,13.879417419433594,13.884732246398926,ok
LA_D_1136030,11.780381202697754,11.780381202697754,ok
LA_D_1136051,14.372715950012207,14.374823570251465,ok
LA_D_1137303,17.894912719726562,17.895349502563477,ok
LA_D_1138529,10.289937019348145,10.290814399719238,ok
LA_D_1138581,14.585329055786133,14.58483600616455,ok
LA_D_1139572,15.838143348693848,15.838226318359375,ok
LA_D_1139754,15.748690605163574,15.750910758972168,ok
LA_D_1140227,14.604336738586426,14.604907035827637,ok
LA_D_1140789,10.7118501663208,10.712106704711914,ok
LA_D_1141118,15.315098762512207,15.315211296081543,ok
LA_D_1141551,13.055413246154785,13.055951118469238,ok
LA_D_1141794,11.532472610473633,11.536935806274414,ok
LA_D_1142092,5.449972152709961,5.450655460357666,ok
LA_D_1144247,13.242326736450195,13.244674682617188,ok
LA_D_1144692,13.956880569458008,13.957444190979004,ok
LA_D_1145856,18.67414665222168,18.674646377563477,ok
LA_D_1146557,14.779641151428223,14.78136157989502,ok
LA_D_1146602,18.56875228881836,18.57352066040039,ok
LA_D_1147582,17.463232040405273,17.468843460083008,ok
LA_D_1149633,11.504128456115723,11.504799842834473,ok
LA_D_1150140,8.741226196289062,8.74134635925293,ok
LA_D_1150161,14.4520845413208,14.457096099853516,ok
LA_D_1151622,11.16769790649414,11.168810844421387,ok
LA_D_1152601,14.2420015335083,14.243515968322754,ok
LA_D_1152692,-14.893671989440918,-14.898885726928711,ok
LA_D_1153840,14.217158317565918,14.219887733459473,ok
LA_D_1156906,-12.773496627807617,-12.773587226867676,ok
LA_D_1157084,23.054092407226562,23.054235458374023,ok
LA_D_1158203,9.973299026489258,9.974199295043945,ok
LA_D_1158260,16.469934463500977,16.48607063293457,ok
LA_D_1158428,10.178101539611816,10.178048133850098,ok
LA_D_1158489,12.14344310760498,12.143858909606934,ok
LA_D_1158837,-14.110369682312012,-14.111876487731934,ok
LA_D_1159197,10.460012435913086,10.464705467224121,ok
LA_D_1161040,16.078815460205078,16.079538345336914,ok
LA_D_1161800,-10.053049087524414,-10.054994583129883,ok
LA_D_1162280,13.946378707885742,13.952227592468262,ok
LA_D_1163392,11.256564140319824,11.259211540222168,ok
LA_D_1165345,14.984762191772461,14.994166374206543,ok
LA_D_1165413,16.324251174926758,16.33516502380371,ok
LA_D_1167294,12.001214981079102,12.002232551574707,ok
LA_D_1167437,10.019819259643555,10.023064613342285,ok
LA_D_1168046,14.98691177368164,14.99622631072998,ok
LA_D_1168201,16.53853988647461,16.541025161743164,ok
LA_D_1168433,13.907889366149902,13.9131441116333,ok
LA_D_1169125,19.101444244384766,19.102102279663086,ok
LA_D_1169636,14.178186416625977,14.182852745056152,ok
LA_D_1170726,16.193981170654297,16.19587516784668,ok
LA_D_1171425,14.830880165100098,14.832764625549316,ok
LA_D_1171849,11.352505683898926,11.352641105651855,ok
LA_D_1171974,11.59415340423584,11.594325065612793,ok
LA_D_1173044,12.1892671585083,12.189376831054688,ok
LA_D_1173972,14.8059663772583,14.808586120605469,ok
LA_D_1176249,17.162750244140625,17.169584274291992,ok
LA_D_1176474,12.758341789245605,12.758687973022461,ok
LA_D_1177616,12.865335464477539,12.869634628295898,ok
LA_D_1179000,18.717161178588867,18.717172622680664,ok
LA_D_1179445,11.794540405273438,11.795417785644531,ok
LA_D_1179745,8.102568626403809,8.102690696716309,ok
LA_D_1179848,-14.636225700378418,-14.638764381408691,ok
LA_D_1179946,14.374715805053711,14.376090049743652,ok
LA_D_1181336,11.305638313293457,11.310140609741211,ok
LA_D_1181772,16.21074867248535,16.21237564086914,ok
LA_D_1183162,16.83843231201172,16.841279983520508,ok
LA_D_1185426,14.451726913452148,14.484633445739746,ok
LA_D_1185773,12.012455940246582,12.016249656677246,ok
LA_D_1187262,12.500890731811523,12.504538536071777,ok
LA_D_1190139,16.674631118774414,16.676239013671875,ok
LA_D_1190183,10.398775100708008,10.400586128234863,ok
LA_D_1191562,9.078085899353027,9.08622932434082,ok
LA_D_1192749,17.642467498779297,17.643877029418945,ok
LA_D_1193402,15.639888763427734,15.64195442199707,ok
LA_D_1195197,13.656538009643555,13.66133975982666,ok
LA_D_1195873,11.57254695892334,11.573269844055176,ok
LA_D_1197810,11.025402069091797,11.030482292175293,ok
LA_D_1198374,11.065418243408203,11.06546688079834,ok
LA_D_1199369,14.925111770629883,14.925349235534668,ok
LA_D_1200542,6.024870872497559,6.025057792663574,ok
LA_D_1202021,15.547711372375488,15.549981117248535,ok
LA_D_1203854,13.759563446044922,13.76014232635498,ok
LA_D_1206907,22.432958602905273,22.443490982055664,ok
LA_D_1208604,14.461164474487305,14.46145248413086,ok
LA_D_1208937,18.23141860961914,18.251554489135742,ok
LA_D_1208939,15.35094165802002,15.351859092712402,ok
LA_D_1210958,12.165304183959961,12.168147087097168,ok
LA_D_1211631,14.651667594909668,14.653636932373047,ok
LA_D_1212385,13.98231315612793,13.982795715332031,ok
LA_D_1212670,14.797003746032715,14.798493385314941,ok
LA_D_1214950,-15.29121208190918,-15.29776668548584,ok
LA_D_1216436,16.56687355041504,16.568069458007812,ok
LA_D_1216735,13.56976318359375,13.57044506072998,ok
LA_D_1217069,9.606513977050781,9.608717918395996,ok
LA_D_1217312,10.075852394104004,10.078834533691406,ok
LA_D_1217579,9.738584518432617,9.73857593536377,ok
LA_D_1218270,12.568603515625,12.568849563598633,ok
LA_D_1218618,22.98822593688965,22.991613388061523,ok
LA_D_1218955,10.87823486328125,10.879857063293457,ok
LA_D_1219091,12.475905418395996,12.477477073669434,ok
LA_D_1219751,12.249820709228516,12.251370429992676,ok
LA_D_1221102,10.793442726135254,10.793566703796387,ok
LA_D_1225629,15.679200172424316,15.68437385559082,ok
LA_D_1226093,17.466773986816406,17.468591690063477,ok
LA_D_1226919,17.33106803894043,17.350053787231445,ok
LA_D_1229238,16.830408096313477,16.833833694458008,ok
LA_D_1230447,13.507512092590332,13.510029792785645,ok
LA_D_1230972,13.690446853637695,13.690277099609375,ok
LA_D_1232140,14.66334342956543,14.670195579528809,ok
LA_D_1232279,12.80700397491455,12.810452461242676,ok
LA_D_1232613,-13.646291732788086,-13.648110389709473,ok
LA_D_1233766,15.34047794342041,15.351170539855957,ok
LA_D_1234829,-13.452254295349121,-13.458596229553223,ok
LA_D_1235041,18.83091163635254,18.830913543701172,ok
LA_D_1235148,15.230551719665527,15.233705520629883,ok
LA_D_1235211,15.875068664550781,15.87756633758545,ok
LA_D_1235306,12.693315505981445,12.69348430633545,ok
LA_D_1236459,20.939075469970703,20.946012496948242,ok
LA_D_1237480,12.8189058303833,12.821133613586426,ok
LA_D_1238201,17.29341697692871,17.297954559326172,ok
LA_D_1238696,-15.692191123962402,-15.697839736938477,ok
LA_D_1239007,14.631002426147461,14.632292747497559,ok
LA_D_1239715,-13.708990097045898,-13.709720611572266,ok
LA_D_1240959,13.250164985656738,13.25034236907959,ok
LA_D_1240976,-15.125631332397461,-15.127213478088379,ok
LA_D_1242157,15.618997573852539,15.6221342086792,ok
LA_D_1243162,13.007922172546387,13.008744239807129,ok
LA_D_1243570,16.832321166992188,16.833097457885742,ok
LA_D_1244678,11.886357307434082,11.886465072631836,ok
LA_D_1244860,14.281951904296875,14.281871795654297,ok
LA_D_1245164,9.898358345031738,9.899423599243164,ok
LA_D_1245233,16.533105850219727,16.53520393371582,ok
LA_D_1245336,17.03809356689453,17.039159774780273,ok
LA_D_1246046,15.796852111816406,15.797552108764648,ok
LA_D_1246251,13.38704776763916,13.388627052307129,ok
LA_D_1246607,-14.106439590454102,-14.107481002807617,ok
LA_D_1247325,12.49789810180664,12.498045921325684,ok
LA_D_1248209,11.803563117980957,11.804444313049316,ok
LA_D_1248476,15.28906536102295,15.29113483428955,ok
LA_D_1248515,12.177093505859375,12.177388191223145,ok
LA_D_1248870,13.756046295166016,13.756576538085938,ok
LA_D_1249012,9.923819541931152,9.92419719696045,ok
LA_D_1249064,1.0735464096069336,1.0691514015197754,ok
LA_D_1249114,18.208078384399414,18.21051597595215,ok
LA_D_1249536,11.19668960571289,11.19777774810791,ok
LA_D_1250618,12.879444122314453,12.88046932220459,ok
LA_D_1251682,13.9178466796875,13.922704696655273,ok
LA_D_1251939,13.782059669494629,13.782275199890137,ok
LA_D_1252524,16.6922607421875,16.699935913085938,ok
LA_D_1252608,14.320146560668945,14.321431159973145,ok
LA_D_1252766,18.993484497070312,18.997976303100586,ok
LA_D_1252794,11.279269218444824,11.279370307922363,ok
LA_D_1253043,14.258586883544922,14.263533592224121,ok
LA_D_1253703,10.43968677520752,10.4465970993042,ok
LA_D_1254455,10.484474182128906,10.484551429748535,ok
LA_D_1256001,10.735217094421387,10.736720085144043,ok
LA_D_1258579,14.948860168457031,14.952220916748047,ok
LA_D_1261551,18.84319496154785,18.85187339782715,ok
LA_D_1261801,9.20324993133545,9.203120231628418,ok
LA_D_1262462,14.292593002319336,14.293127059936523,ok
LA_D_1264445,9.280794143676758,9.288654327392578,ok
LA_D_1264718,16.587926864624023,16.591352462768555,ok
LA_D_1264748,12.188562393188477,12.19133472442627,ok
LA_D_1265133,12.293302536010742,12.295527458190918,ok
LA_D_1266897,10.254465103149414,10.25446891784668,ok
LA_D_1267039,11.76664924621582,11.768583297729492,ok
LA_D_1268493,18.15421485900879,18.160268783569336,ok
LA_D_1270677,16.015878677368164,16.019453048706055,ok
LA_D_1271468,13.219118118286133,13.219267845153809,ok
LA_D_1272181,10.78679084777832,10.788128852844238,ok
LA_D_1274077,13.858221054077148,13.860333442687988,ok
LA_D_1274207,12.455558776855469,12.456178665161133,ok
LA_D_1274554,12.361364364624023,12.361956596374512,ok
LA_D_1274657,14.701151847839355,14.701225280761719,ok
LA_D_1275044,-13.498557090759277,-13.503193855285645,ok
LA_D_1277538,12.108589172363281,12.109219551086426,ok
LA_D_1279220,16.410188674926758,16.417312622070312,ok
LA_D_1279578,18.109600067138672,18.112045288085938,ok
LA_D_1279699,11.385966300964355,11.386270523071289,ok
LA_D_1280356,12.327284812927246,12.327862739562988,ok
LA_D_1281123,13.344794273376465,13.346142768859863,ok
LA_D_1281285,17.617963790893555,17.617969512939453,ok
LA_D_1281551,11.19333553314209,11.200695991516113,ok
LA_D_1281736,10.95185375213623,10.952561378479004,ok
LA_D_1281950,-14.118917465209961,-14.12190055847168,ok
LA_D_1285017,14.290775299072266,14.290818214416504,ok
LA_D_1286132,10.901341438293457,10.901510238647461,ok
LA_D_1286897,15.564135551452637,15.56589126586914,ok
LA_D_1287394,9.476190567016602,9.476317405700684,ok
LA_D_1287631,11.61345386505127,11.613320350646973,ok
LA_D_1287658,14.34221363067627,14.342781066894531,ok
LA_D_1288217,-10.643868446350098,-10.644434928894043,ok
LA_D_1290079,13.118752479553223,13.118531227111816,ok
LA_D_1290431,18.460857391357422,18.465848922729492,ok
LA_D_1291101,14.391213417053223,14.398448944091797,ok
LA_D_1292315,14.228970527648926,14.230169296264648,ok
LA_D_1292781,13.894211769104004,13.894372940063477,ok
LA_D_1292895,12.82770824432373,12.8272066116333,ok
LA_D_1293149,7.973586082458496,7.976617336273193,ok
LA_D_1294054,18.345748901367188,18.346893310546875,ok
LA_D_1296374,12.525492668151855,12.528558731079102,ok
LA_D_1296597,15.748513221740723,15.758211135864258,ok
LA_D_1297520,13.108983039855957,13.116175651550293,ok
LA_D_1297559,16.001434326171875,16.005998611450195,ok
LA_D_1298257,11.371431350708008,11.37431812286377,ok
LA_D_1299938,11.201141357421875,11.20181941986084,ok
LA_D_1300135,14.433752059936523,14.436724662780762,ok
LA_D_1300558,-14.191044807434082,-14.19630241394043,ok
LA_D_1301234,-9.021280288696289,-9.021610260009766,ok
LA_D_1301398,19.931514739990234,19.938220977783203,ok
LA_D_1301495,5.794867992401123,5.795135974884033,ok
LA_D_1302934,15.631019592285156,15.632448196411133,ok
LA_D_1303621,13.182416915893555,13.18515682220459,ok
LA_D_1304734,13.713448524475098,13.716784477233887,ok
LA_D_1306387,-13.011212348937988,-13.01137638092041,ok
LA_D_1306634,10.918008804321289,10.917967796325684,ok
LA_D_1307022,13.089818954467773,13.090718269348145,ok
LA_D_1307113,8.36253833770752,8.36267375946045,ok
LA_D_1307115,16.14790153503418,16.15495491027832,ok
LA_D_1307361,14.658878326416016,14.664338111877441,ok
LA_D_1307590,14.629749298095703,14.62975788116455,ok
LA_D_1307948,-5.3999924659729,-5.401275157928467,ok
LA_D_1310219,16.783090591430664,16.785308837890625,ok
LA_D_1310938,15.629310607910156,15.63037395477295,ok
LA_D_1312652,20.19385528564453,20.194318771362305,ok
LA_D_1313431,-12.15031909942627,-12.151350975036621,ok
LA_D_1314415,15.112275123596191,15.112296104431152,ok
LA_D_1314423,16.23996353149414,16.24098777770996,ok
LA_D_1316973,12.665241241455078,12.665083885192871,ok
LA_D_1317099,21.102380752563477,21.108585357666016,ok
LA_D_1317561,16.242206573486328,16.24246597290039,ok
LA_D_1318978,10.882842063903809,10.88379955291748,ok
LA_D_1321608,12.901188850402832,12.90311336517334,ok
LA_D_1322656,13.983625411987305,13.985396385192871,ok
LA_D_1323117,7.947112560272217,7.947128772735596,ok
LA_D_1323454,-14.235053062438965,-14.238961219787598,ok
LA_D_1324369,12.37176513671875,12.374345779418945,ok
LA_D_1325941,12.34670639038086,12.34664535522461,ok
LA_D_1326697,16.22130012512207,16.221426010131836,ok
LA_D_1326907,14.847481727600098,14.848966598510742,ok
LA_D_1328151,13.740848541259766,13.741704940795898,ok
LA_D_1329749,18.375289916992188,18.377859115600586,ok
LA_D_1330250,19.73836898803711,19.751218795776367,ok
LA_D_1330775,-13.999658584594727,-14.000469207763672,ok
LA_D_1332227,12.750223159790039,12.754546165466309,ok
LA_D_1334666,11.356657028198242,11.356945991516113,ok
LA_D_1335445,-13.542290687561035,-13.54247760772705,ok
LA_D_1335533,13.962845802307129,13.970685005187988,ok
LA_D_1336221,-14.839599609375,-14.843413352966309,ok
LA_D_1336509,16.828855514526367,16.829164505004883,ok
LA_D_1337359,18.044795989990234,18.085126876831055,ok
LA_D_1339977,11.833017349243164,11.833020210266113,ok
LA_D_1340170,11.072741508483887,11.073057174682617,ok
LA_D_1341967,16.885358810424805,16.887990951538086,ok
LA_D_1343070,13.16437816619873,13.164884567260742,ok
LA_D_1343353,15.446431159973145,15.447257995605469,ok
LA_D_1343882,9.737150192260742,9.73772144317627,ok
LA_D_1345745,16.374813079833984,16.378459930419922,ok
LA_D_1345832,11.175383567810059,11.177535057067871,ok
LA_D_1348104,11.80455207824707,11.80477237701416,ok
LA_D_1348124,11.770882606506348,11.77370834350586,ok
LA_D_1348512,15.701517105102539,15.702872276306152,ok
LA_D_1350597,10.20437240600586,10.205347061157227,ok
LA_D_1351069,8.076674461364746,8.07751750946045,ok
LA_D_1351175,15.34981918334961,15.351316452026367,ok
LA_D_1351546,6.190046310424805,6.1908979415893555,ok
LA_D_1351703,14.551460266113281,14.553369522094727,ok
LA_D_1352656,17.95212745666504,17.980607986450195,ok
LA_D_1353894,-13.815659523010254,-13.816988945007324,ok
LA_D_1354096,13.457657814025879,13.459359169006348,ok
LA_D_1354354,14.999944686889648,15.00085163116455,ok
LA_D_1354501,14.054235458374023,14.05521297454834,ok
LA_D_1355058,-11.731851577758789,-11.733065605163574,ok
LA_D_1356036,14.449309349060059,14.44959545135498,ok
LA_D_1357016,14.137453079223633,14.13793659210205,ok
LA_D_1358422,18.376001358032227,18.390888214111328,ok
LA_D_1358556,11.788619041442871,11.793118476867676,ok
LA_D_1359166,16.550302505493164,16.55861473083496,ok
LA_D_1359304,11.776693344116211,11.781351089477539,ok
LA_D_1360070,12.701784133911133,12.711390495300293,ok
LA_D_1361369,12.3233642578125,12.323529243469238,ok
LA_D_1361417,-16.48748207092285,-16.488168716430664,ok
LA_D_1361600,14.42997932434082,14.430685043334961,ok
LA_D_1361818,17.319599151611328,17.321176528930664,ok
LA_D_1362199,17.86920738220215,17.869321823120117,ok
LA_D_1363243,-12.618660926818848,-12.622241020202637,ok
LA_D_1363364,7.488594055175781,7.4887261390686035,ok
LA_D_1364216,21.95672035217285,21.97406005859375,ok
LA_D_1364611,-12.487691879272461,-12.49117660522461,ok
LA_D_1365321,12.50828742980957,12.5083589553833,ok
LA_D_1365588,16.600412368774414,16.60400390625,ok
LA_D_1366391,19.46664047241211,19.473081588745117,ok
LA_D_1368280,-16.00041961669922,-16.002079010009766,ok
LA_D_1368657,13.056445121765137,13.05802059173584,ok
LA_D_1368692,16.255462646484375,16.25758171081543,ok
LA_D_1369463,16.14915657043457,16.152372360229492,ok
LA_D_1369901,11.169184684753418,11.16917610168457,ok
LA_D_1371588,15.005786895751953,15.009970664978027,ok
LA_D_1371818,13.173385620117188,13.174927711486816,ok
LA_D_1373736,11.79106330871582,11.79108715057373,ok
LA_D_1374363,-13.776677131652832,-13.780028343200684,ok
LA_D_1375085,9.546246528625488,9.546635627746582,ok
LA_D_1375735,14.557469367980957,14.55770206451416,ok
LA_D_1376887,12.799544334411621,12.799524307250977,ok
LA_D_1377906,18.197895050048828,18.208078384399414,ok
LA_D_1378109,11.095589637756348,11.095622062683105,ok
LA_D_1378776,10.848357200622559,10.8485746383667,ok
LA_D_1379062,11.106760025024414,11.10811996459961,ok
LA_D_1380231,-13.72416877746582,-13.724846839904785,ok
LA_D_1382194,14.845101356506348,14.848222732543945,ok
LA_D_1382825,19.98472023010254,19.994733810424805,ok
LA_D_1382969,18.42894172668457,18.436031341552734,ok
LA_D_1384414,14.132610321044922,14.132670402526855,ok
LA_D_1385838,14.625752449035645,14.628966331481934,ok
LA_D_1385978,12.116477012634277,12.116862297058105,ok
LA_D_1386774,14.805962562561035,14.80617904663086,ok
LA_D_1388138,12.884269714355469,12.88491153717041,ok
LA_D_1389698,-12.745687484741211,-12.747183799743652,ok
LA_D_1390523,13.439929008483887,13.441195487976074,ok
LA_D_1391132,5.237209796905518,5.2379326820373535,ok
LA_D_1391969,14.844513893127441,14.847281455993652,ok
LA_D_1391982,-10.744755744934082,-10.75162410736084,ok
LA_D_1393294,5.413141250610352,5.413211345672607,ok
LA_D_1393609,12.872213363647461,12.87231159210205,ok
LA_D_1393870,15.10608959197998,15.111298561096191,ok
LA_D_1394044,15.934060096740723,15.955710411071777,ok
LA_D_1394305,9.653359413146973,9.65450668334961,ok
LA_D_1394492,15.714755058288574,15.715084075927734,ok
LA_D_1396590,15.095231056213379,15.096120834350586,ok
LA_D_1396790,12.411685943603516,12.413064956665039,ok
LA_D_1397703,16.948123931884766,16.949499130249023,ok
LA_D_1398743,7.559665203094482,7.558709621429443,ok
LA_D_1401409,16.686004638671875,16.6872501373291,ok
LA_D_1401933,17.494461059570312,17.497621536254883,ok
LA_D_1402046,21.178936004638672,21.18230628967285,ok
LA_D_1402940,15.94936752319336,15.949517250061035,ok
LA_D_1403762,-10.124785423278809,-10.129847526550293,ok
LA_D_1404026,13.623613357543945,13.62759780883789,ok
LA_D_1405812,12.466829299926758,12.469378471374512,ok
LA_D_1406745,12.287022590637207,12.287964820861816,ok
LA_D_1406948,15.921515464782715,15.926888465881348,ok
LA_D_1408290,19.254222869873047,19.254762649536133,ok
LA_D_1409799,8.62175464630127,8.623077392578125,ok
LA_D_1409881,15.688178062438965,15.690306663513184,ok
LA_D_1410704,-9.283191680908203,-9.283242225646973,ok
LA_D_1412270,16.070650100708008,16.08049964904785,ok
LA_D_1412369,8.307029724121094,8.307038307189941,ok
LA_D_1412552,-13.294090270996094,-13.295666694641113,ok
LA_D_1412931,13.676541328430176,13.678168296813965,ok
LA_D_1413701,11.50556755065918,11.506094932556152,ok
LA_D_1414224,17.473857879638672,17.474946975708008,ok
LA_D_1414287,12.14838695526123,12.150486946105957,ok
LA_D_1414826,12.367566108703613,12.368451118469238,ok
LA_D_1414919,17.0219783782959,17.02329444885254,ok
LA_D_1415528,10.832511901855469,10.832503318786621,ok
LA_D_1415728,11.24376392364502,11.243738174438477,ok
LA_D_1416022,17.097721099853516,17.099645614624023,ok
LA_D_1416122,15.545917510986328,15.557575225830078,ok
LA_D_1416969,10.958395957946777,10.959508895874023,ok
LA_D_1417565,13.853865623474121,13.856648445129395,ok
LA_D_1418549,17.72113037109375,17.725194931030273,ok
LA_D_1418965,13.857102394104004,13.858887672424316,ok
LA_D_1419364,9.471147537231445,9.471911430358887,ok
LA_D_1419526,12.510526657104492,12.511687278747559,ok
LA_D_1420574,18.854408264160156,18.85959815979004,ok
LA_D_1422129,6.756204128265381,6.756099224090576,ok
LA_D_1423006,-6.988764762878418,-6.9896135330200195,ok
LA_D_1424372,12.82335090637207,12.827543258666992,ok
LA_D_1424811,15.964802742004395,15.96500301361084,ok
LA_D_1425046,15.307012557983398,15.307608604431152,ok
LA_D_1426011,13.345015525817871,13.350305557250977,ok
LA_D_1427018,13.262601852416992,13.263564109802246,ok
LA_D_1427618,14.529668807983398,14.532868385314941,ok
LA_D_1427710,-14.890669822692871,-14.890751838684082,ok
LA_D_1428381,13.18017292022705,13.180472373962402,ok
LA_D_1429979,12.804034233093262,12.80681037902832,ok
LA_D_1432668,15.744240760803223,15.746682167053223,ok
LA_D_1433046,18.35302734375,18.367525100708008,ok
LA_D_1433061,11.270819664001465,11.274287223815918,ok
LA_D_1433129,17.91196632385254,17.911840438842773,ok
LA_D_1433873,12.475330352783203,12.47673225402832,ok
LA_D_1434547,21.036399841308594,21.048343658447266,ok
LA_D_1434551,16.775209426879883,16.7797908782959,ok
LA_D_1434780,15.685905456542969,15.696764945983887,ok
LA_D_1434936,11.464157104492188,11.466374397277832,ok
LA_D_1435647,13.711226463317871,13.71126651763916,ok
LA_D_1436004,13.69416332244873,13.694214820861816,ok
LA_D_1438615,-13.238042831420898,-13.243966102600098,ok
LA_D_1438742,12.694093704223633,12.694849967956543,ok
LA_D_1440229,12.380319595336914,12.382725715637207,ok
LA_D_1440908,17.468734741210938,17.469717025756836,ok
LA_D_1441701,18.419694900512695,18.419702529907227,ok
LA_D_1442792,15.473028182983398,15.475811958312988,ok
LA_D_1443809,13.29638671875,13.299323081970215,ok
LA_D_1444623,17.2741756439209,17.280498504638672,ok
LA_D_1445468,-10.021121978759766,-10.022178649902344,ok
LA_D_1447056,15.028311729431152,15.029773712158203,ok
LA_D_1447238,3.751441240310669,3.7515556812286377,ok
LA_D_1447250,19.284944534301758,19.300508499145508,ok
LA_D_1447776,21.007341384887695,21.011701583862305,ok
LA_D_1448869,14.162984848022461,14.163283348083496,ok
LA_D_1449303,9.604826927185059,9.60462474822998,ok
LA_D_1451466,7.110373020172119,7.111172199249268,ok
LA_D_1452937,17.2348575592041,17.235445022583008,ok
LA_D_1453864,17.506301879882812,17.511802673339844,ok
LA_D_1454955,13.981104850769043,13.981698036193848,ok
LA_D_1454984,14.944679260253906,14.947258949279785,ok
LA_D_1459201,16.400602340698242,16.402246475219727,ok
LA_D_1459300,10.912425994873047,10.91303825378418,ok
LA_D_1459930,-11.125800132751465,-11.139734268188477,ok
LA_D_1461015,15.3886079788208,15.389616966247559,ok
LA_D_1461462,14.42244815826416,14.424025535583496,ok
LA_D_1461530,8.749942779541016,8.751507759094238,ok
LA_D_1461752,12.57444953918457,12.574615478515625,ok
LA_D_1462484,-13.028315544128418,-13.03128433227539,ok
LA_D_1462556,16.922225952148438,16.94130516052246,ok
LA_D_1463624,16.347021102905273,16.348779678344727,ok
LA_D_1463958,9.71322250366211,9.713227272033691,ok
LA_D_1463984,12.340886116027832,12.341099739074707,ok
LA_D_1464997,15.991949081420898,15.994162559509277,ok
LA_D_1467819,14.725281715393066,14.728650093078613,ok
LA_D_1468044,11.682893753051758,11.683274269104004,ok
LA_D_1468408,17.159748077392578,17.164112091064453,ok
LA_D_1469404,-8.96143913269043,-8.962323188781738,ok
LA_D_1469415,12.477027893066406,12.477007865905762,ok
LA_D_1471187,11.932275772094727,11.933112144470215,ok
LA_D_1471595,15.295844078063965,15.29760456085205,ok
LA_D_1472284,12.61253547668457,12.612792015075684,ok
LA_D_1472719,16.729772567749023,16.731718063354492,ok
LA_D_1473255,-6.28089714050293,-6.281048774719238,ok
LA_D_1473361,9.551471710205078,9.551337242126465,ok
LA_D_1475296,13.909096717834473,13.90971851348877,ok
LA_D_1476062,9.509926795959473,9.511237144470215,ok
LA_D_1476819,12.941062927246094,12.945497512817383,ok
LA_D_1477090,12.229780197143555,12.23752498626709,ok
LA_D_1477768,15.168768882751465,15.169862747192383,ok
LA_D_1478351,16.116411209106445,16.11823844909668,ok
LA_D_1479514,16.057178497314453,16.05850601196289,ok
LA_D_1479561,8.835307121276855,8.835912704467773,ok
LA_D_1479871,13.698728561401367,13.699332237243652,ok
LA_D_1480186,-0.8591886162757874,-0.8603401780128479,ok
LA_D_1481057,-12.783559799194336,-12.785107612609863,ok
LA_D_1481205,10.939573287963867,10.939875602722168,ok
LA_D_1481335,-12.038593292236328,-12.040898323059082,ok
LA_D_1481725,15.080268859863281,15.096827507019043,ok
LA_D_1482068,9.156726837158203,9.159241676330566,ok
LA_D_1482998,-14.954986572265625,-14.957488059997559,ok
LA_D_1483054,15.512262344360352,15.514492988586426,ok
LA_D_1483493,-12.821897506713867,-12.82358455657959,ok
LA_D_1483498,12.816672325134277,12.820959091186523,ok
LA_D_1483761,8.954936981201172,8.957884788513184,ok
LA_D_1484616,14.49280071258545,14.493428230285645,ok
LA_D_1484758,15.269265174865723,15.275327682495117,ok
LA_D_1485960,12.719161987304688,12.720844268798828,ok
LA_D_1485983,14.459759712219238,14.464627265930176,ok
LA_D_1487457,12.101737976074219,12.10239028930664,ok
LA_D_1488314,17.944747924804688,17.945032119750977,ok
LA_D_1488449,-14.438212394714355,-14.446829795837402,ok
LA_D_1488756,16.806598663330078,16.809396743774414,ok
LA_D_1494418,-13.663957595825195,-13.667496681213379,ok
LA_D_1495117,13.443119049072266,13.443169593811035,ok
LA_D_1495339,16.76578712463379,16.76946449279785,ok
LA_D_1496491,18.006813049316406,18.008577346801758,ok
LA_D_1496754,15.933952331542969,15.943490028381348,ok
LA_D_1497236,10.432313919067383,10.433791160583496,ok
LA_D_1498058,14.705410957336426,14.70740032196045,ok
LA_D_1499350,15.227689743041992,15.227385520935059,ok
LA_D_1500385,-13.97336196899414,-13.973736763000488,ok
LA_D_1500993,-14.703929901123047,-14.70718002319336,ok
LA_D_1502443,12.902361869812012,12.90315055847168,ok
LA_D_1502852,15.670025825500488,15.670032501220703,ok
LA_D_1503604,-14.437987327575684,-14.438421249389648,ok
LA_D_1504502,16.834199905395508,16.838600158691406,ok
LA_D_1506183,14.500360488891602,14.501181602478027,ok
LA_D_1506235,10.208036422729492,10.208565711975098,ok
LA_D_1506631,13.857888221740723,13.85839557647705,ok
LA_D_1507549,14.619982719421387,14.620513916015625,ok
LA_D_1509117,13.93392276763916,13.93563461303711,ok
LA_D_1509923,16.357303619384766,16.3586368560791,ok
LA_D_1509962,14.942922592163086,14.94621467590332,ok
LA_D_1510431,12.213990211486816,12.223288536071777,ok
LA_D_1511574,18.835865020751953,18.837488174438477,ok
LA_D_1512564,10.128487586975098,10.128907203674316,ok
LA_D_1512979,15.39958667755127,15.403023719787598,ok
LA_D_1513681,16.43462371826172,16.436649322509766,ok
LA_D_1513725,-15.615217208862305,-15.619857788085938,ok
LA_D_1514602,10.136190414428711,10.137372016906738,ok
LA_D_1516617,13.691926956176758,13.692408561706543,ok
LA_D_1517144,17.047483444213867,17.048572540283203,ok
LA_D_1517231,-12.745588302612305,-12.751896858215332,ok
LA_D_1518141,17.60456085205078,17.60500144958496,ok
LA_D_1518174,12.038283348083496,12.039554595947266,ok
LA_D_1519187,11.012548446655273,11.014471054077148,ok
LA_D_1519237,-13.320898056030273,-13.322150230407715,ok
LA_D_1519429,10.457904815673828,10.46550464630127,ok
LA_D_1520589,15.017634391784668,15.024123191833496,ok
LA_D_1520617,16.055736541748047,16.058528900146484,ok
LA_D_1520830,-15.321328163146973,-15.322943687438965,ok
LA_D_1521999,14.33994197845459,14.342489242553711,ok
LA_D_1522185,17.297706604003906,17.303043365478516,ok
LA_D_1522579,5.610925674438477,5.610440731048584,ok
LA_D_1523141,20.547853469848633,20.55008888244629,ok
LA_D_1523180,-12.31391429901123,-12.314946174621582,ok
LA_D_1523483,-11.77924919128418,-11.779566764831543,ok
LA_D_1523689,18.81264877319336,18.814224243164062,ok
LA_D_1526424,15.992806434631348,15.992737770080566,ok
LA_D_1526816,17.087974548339844,17.09287452697754,ok
LA_D_1526842,17.38294219970703,17.385786056518555,ok
LA_D_1527493,15.372712135314941,15.37269115447998,ok
LA_D_1527843,19.317842483520508,19.325651168823242,ok
LA_D_1528176,12.41672134399414,12.418844223022461,ok
LA_D_1528364,13.037476539611816,13.037759780883789,ok
LA_D_1528504,13.007387161254883,13.008305549621582,ok
LA_D_1528709,12.548699378967285,12.548720359802246,ok
LA_D_1529378,9.883817672729492,9.88688850402832,ok
LA_D_1529875,15.674959182739258,15.677411079406738,ok
LA_D_1530620,12.750706672668457,12.750702857971191,ok
LA_D_1531184,19.58134651184082,19.586406707763672,ok
LA_D_1531229,12.902710914611816,12.902825355529785,ok
LA_D_1533857,14.803425788879395,14.805540084838867,ok
LA_D_1534651,13.958062171936035,13.96147632598877,ok
LA_D_1534693,9.726395606994629,9.726397514343262,ok
LA_D_1534909,17.59394645690918,17.61695671081543,ok
LA_D_1534944,11.623879432678223,11.62412166595459,ok
LA_D_1535343,10.262019157409668,10.2620210647583,ok
LA_D_1535464,14.72594928741455,14.734511375427246,ok
LA_D_1538546,13.683029174804688,13.684712409973145,ok
LA_D_1539089,12.298632621765137,12.299872398376465,ok
LA_D_1539250,14.434260368347168,14.43478012084961,ok
LA_D_1539541,17.449872970581055,17.4511775970459,ok
LA_D_1540639,18.599994659423828,18.6055965423584,ok
LA_D_1541008,5.4024763107299805,5.405989170074463,ok
LA_D_1541459,13.84920597076416,13.849553108215332,ok
LA_D_1541519,-12.659528732299805,-12.662590980529785,ok
LA_D_1541976,11.486923217773438,11.4871826171875,ok
LA_D_1543611,15.75511646270752,15.7556734085083,ok
LA_D_1544054,8.955940246582031,8.959333419799805,ok
LA_D_1544533,11.440690994262695,11.441828727722168,ok
LA_D_1544944,17.208538055419922,17.211994171142578,ok
LA_D_1546363,11.879425048828125,11.88027286529541,ok
LA_D_1546478,10.716005325317383,10.722715377807617,ok
LA_D_1548278,10.809818267822266,10.812888145446777,ok
LA_D_1549509,19.9576416015625,19.957637786865234,ok
LA_D_1551137,18.65058135986328,18.65349769592285,ok
LA_D_1555028,17.536108016967773,17.536609649658203,ok
LA_D_1555301,14.057597160339355,14.061814308166504,ok
LA_D_1555695,14.87468147277832,14.875007629394531,ok
LA_D_1555757,16.75177001953125,16.7518367767334,ok
LA_D_1555842,11.411454200744629,11.412215232849121,ok
LA_D_1556162,10.166534423828125,10.166441917419434,ok
LA_D_1556595,0.9581944942474365,0.9577754735946655,ok
LA_D_1556777,16.78322410583496,16.78557777404785,ok
LA_D_1557405,17.02098846435547,17.022645950317383,ok
LA_D_1557675,5.416574001312256,5.416520118713379,ok
LA_D_1557737,13.163829803466797,13.16603946685791,ok
LA_D_1558714,-13.332025527954102,-13.333976745605469,ok
LA_D_1559429,13.179244995117188,13.17973518371582,ok
LA_D_1560273,-11.959163665771484,-11.960522651672363,ok
LA_D_1560491,11.854313850402832,11.854373931884766,ok
LA_D_1561479,17.512842178344727,17.518260955810547,ok
LA_D_1561860,10.242128372192383,10.242025375366211,ok
LA_D_1561911,16.11271095275879,16.113149642944336,ok
LA_D_1562732,-16.32551383972168,-16.326417922973633,ok
LA_D_1563071,16.824222564697266,16.82575035095215,ok
LA_D_1564452,12.650826454162598,12.65644359588623,ok
LA_D_1565390,-13.582049369812012,-13.583308219909668,ok
LA_D_1566347,17.735034942626953,17.73809242248535,ok
LA_D_1566398,7.402226448059082,7.405563831329346,ok
LA_D_1566542,16.1049861907959,16.106006622314453,ok
LA_D_1567126,-13.911971092224121,-13.912781715393066,ok
LA_D_1567712,13.6995267868042,13.6995267868042,ok
LA_D_1568497,12.103263854980469,12.103282928466797,ok
LA_D_1569257,15.776735305786133,15.77684211730957,ok
LA_D_1570710,21.936687469482422,21.95475196838379,ok
LA_D_1571595,4.816514492034912,4.819360256195068,ok
LA_D_1571783,11.693876266479492,11.693882942199707,ok
LA_D_1572003,14.238046646118164,14.24030590057373,ok
LA_D_1573404,13.821640014648438,13.822087287902832,ok
LA_D_1574269,11.753925323486328,11.754082679748535,ok
LA_D_1574961,14.542737007141113,14.559237480163574,ok
LA_D_1574963,13.796055793762207,13.795964241027832,ok
LA_D_1576565,15.527504920959473,15.530230522155762,ok
LA_D_1577587,12.422049522399902,12.430099487304688,ok
LA_D_1580544,16.195755004882812,16.19571304321289,ok
LA_D_1580841,13.878619194030762,13.881855010986328,ok
LA_D_1581342,12.985865592956543,12.98704719543457,ok
LA_D_1581762,12.715024948120117,12.718033790588379,ok
LA_D_1583428,12.17821979522705,12.17849063873291,ok
LA_D_1588604,14.548691749572754,14.558817863464355,ok
LA_D_1589222,14.8905668258667,14.893038749694824,ok
LA_D_1589359,23.3504638671875,23.350587844848633,ok
LA_D_1590758,13.3239107131958,13.32392406463623,ok
LA_D_1591743,14.012225151062012,14.018078804016113,ok
LA_D_1592559,8.531416893005371,8.531916618347168,ok
LA_D_1593502,14.89381217956543,14.897706985473633,ok
LA_D_1594784,13.955340385437012,13.962608337402344,ok
LA_D_1594826,12.04292106628418,12.042906761169434,ok
LA_D_1596158,16.22130012512207,16.221622467041016,ok
LA_D_1596779,14.245945930480957,14.247888565063477,ok
LA_D_1598405,21.032962799072266,21.0438289642334,ok
LA_D_1600156,14.024402618408203,14.02534008026123,ok
LA_D_1600157,17.96769142150879,17.96917152404785,ok
LA_D_1600216,21.133604049682617,21.134563446044922,ok
LA_D_1601494,12.557608604431152,12.558838844299316,ok
LA_D_1601648,9.748103141784668,9.748080253601074,ok
LA_D_1601789,14.401288032531738,14.405146598815918,ok
LA_D_1601833,17.4405574798584,17.441774368286133,ok
LA_D_1602771,14.10550594329834,14.110474586486816,ok
LA_D_1603312,12.397953033447266,12.398544311523438,ok
LA_D_1604831,13.532382011413574,13.53337574005127,ok
LA_D_1604925,14.724875450134277,14.725374221801758,ok
LA_D_1606599,16.46875762939453,16.47321128845215,ok
LA_D_1607104,-12.520505905151367,-12.529473304748535,ok
LA_D_1607262,17.778095245361328,17.792747497558594,ok
LA_D_1607304,19.434812545776367,19.435415267944336,ok
LA_D_1608588,11.08615493774414,11.086165428161621,ok
LA_D_1608931,12.404997825622559,12.409453392028809,ok
LA_D_1609520,11.625555992126465,11.626208305358887,ok
LA_D_1609660,11.274445533752441,11.274683952331543,ok
LA_D_1611025,12.841591835021973,12.845691680908203,ok
LA_D_1611108,16.595561981201172,16.602270126342773,ok
LA_D_1611581,13.707267761230469,13.707376480102539,ok
LA_D_1611993,14.964519500732422,14.96553897857666,ok
LA_D_1612620,15.051255226135254,15.055008888244629,ok
LA_D_1613798,10.596640586853027,10.599164009094238,ok
LA_D_1613851,14.311808586120605,14.31604290008545,ok
LA_D_1613936,18.347726821899414,18.350778579711914,ok
LA_D_1614382,14.468729972839355,14.469274520874023,ok
LA_D_1614845,17.162145614624023,17.165971755981445,ok
LA_D_1615516,12.215397834777832,12.219206809997559,ok
LA_D_1616093,18.878650665283203,18.88532829284668,ok
LA_D_1621509,17.223535537719727,17.23687171936035,ok
LA_D_1622941,9.324437141418457,9.325175285339355,ok
LA_D_1623705,10.565445899963379,10.56576156616211,ok
LA_D_1623783,10.69536304473877,10.697381019592285,ok
LA_D_1624895,11.646135330200195,11.648761749267578,ok
LA_D_1625102,13.754596710205078,13.762232780456543,ok
LA_D_1628180,12.788434028625488,12.794187545776367,ok
LA_D_1629379,15.434181213378906,15.44003677368164,ok
LA_D_1630527,13.937188148498535,13.937691688537598,ok
LA_D_1632847,13.158086776733398,13.161940574645996,ok
LA_D_1635246,16.15325355529785,16.15737533569336,ok
LA_D_1637491,16.82124137878418,16.823869705200195,ok
LA_D_1637629,14.453584671020508,14.45621395111084,ok
LA_D_1637646,15.091755867004395,15.094765663146973,ok
LA_D_1638692,16.212848663330078,16.214385986328125,ok
LA_D_1639348,15.548042297363281,15.550141334533691,ok
LA_D_1639860,14.083017349243164,14.083220481872559,ok
LA_D_1639891,14.700817108154297,14.70090389251709,ok
LA_D_1640383,9.568724632263184,9.568713188171387,ok
LA_D_1640497,-12.948447227478027,-12.948564529418945,ok
LA_D_1643538,8.620478630065918,8.620491981506348,ok
LA_D_1644764,-14.101165771484375,-14.102500915527344,ok
LA_D_1645531,6.678348541259766,6.6798272132873535,ok
LA_D_1646097,15.283595085144043,15.289626121520996,ok
LA_D_1648141,17.97639274597168,17.97958755493164,ok
LA_D_1648291,-15.409148216247559,-15.412840843200684,ok
LA_D_1649885,16.00436019897461,16.010478973388672,ok
LA_D_1649887,11.15359878540039,11.153599739074707,ok
LA_D_1649895,14.49722671508789,14.49726390838623,ok
LA_D_1652776,17.32796287536621,17.335020065307617,ok
LA_D_1653412,12.4205322265625,12.420062065124512,ok
LA_D_1654772,16.82839012145996,16.83087730407715,ok
LA_D_1655634,9.049054145812988,9.0488920211792,ok
LA_D_1656978,11.040628433227539,11.040921211242676,ok
LA_D_1657707,13.523075103759766,13.524816513061523,ok
LA_D_1658555,15.22071647644043,15.22143268585205,ok
LA_D_1659148,14.085734367370605,14.086421012878418,ok
LA_D_1659731,12.395820617675781,12.40027141571045,ok
LA_D_1659955,15.241314888000488,15.244978904724121,ok
LA_D_1660121,14.330795288085938,14.332136154174805,ok
LA_D_1662448,13.863821029663086,13.868891716003418,ok
LA_D_1664055,17.797529220581055,17.798791885375977,ok
LA_D_1664425,14.054059028625488,14.05428695678711,ok
LA_D_1664915,15.058988571166992,15.062796592712402,ok
LA_D_1667962,9.767251968383789,9.767842292785645,ok
LA_D_1669057,12.0902099609375,12.090327262878418,ok
LA_D_1670207,13.918993949890137,13.919339179992676,ok
LA_D_1673360,12.465494155883789,12.46639347076416,ok
LA_D_1674536,19.07680320739746,19.07866859436035,ok
LA_D_1675550,14.332722663879395,14.33435344696045,ok
LA_D_1675990,13.487959861755371,13.489801406860352,ok
LA_D_1677234,8.64232349395752,8.643874168395996,ok
LA_D_1677598,13.435827255249023,13.440613746643066,ok
LA_D_1677846,12.459803581237793,12.463689804077148,ok
LA_D_1678096,5.413120746612549,5.414397716522217,ok
LA_D_1678967,9.09377670288086,9.093993186950684,ok
LA_D_1680060,16.751800537109375,16.756439208984375,ok
LA_D_1680201,-13.654670715332031,-13.655049324035645,ok
LA_D_1683013,13.140530586242676,13.148774147033691,ok
LA_D_1683892,7.546781063079834,7.547609806060791,ok
LA_D_1684010,11.814096450805664,11.816990852355957,ok
LA_D_1685139,14.828170776367188,14.828886985778809,ok
LA_D_1685766,14.317852020263672,14.320926666259766,ok
LA_D_1685863,14.671658515930176,14.675293922424316,ok
LA_D_1686743,-12.225902557373047,-12.23416805267334,ok
LA_D_1689082,-11.428160667419434,-11.429059028625488,ok
LA_D_1689302,12.557768821716309,12.557754516601562,ok
LA_D_1691193,16.937217712402344,16.939271926879883,ok
LA_D_1693615,14.767142295837402,14.770294189453125,ok
LA_D_1693970,10.95738410949707,10.957459449768066,ok
LA_D_1694092,9.067922592163086,9.068395614624023,ok
LA_D_1694389,18.658639907836914,18.658626556396484,ok
LA_D_1697322,12.179085731506348,12.180195808410645,ok
LA_D_1697663,14.241957664489746,14.242110252380371,ok
LA_D_1699200,15.292139053344727,15.292186737060547,ok
LA_D_1699219,10.270650863647461,10.270638465881348,ok
LA_D_1702355,15.625983238220215,15.627028465270996,ok
LA_D_1702527,14.780428886413574,14.78344440460205,ok
LA_D_1702824,12.076910018920898,12.076964378356934,ok
LA_D_1702942,13.534245491027832,13.53458023071289,ok
LA_D_1703167,10.645792961120605,10.645848274230957,ok
LA_D_1705054,16.270015716552734,16.271007537841797,ok
LA_D_1705349,19.90467071533203,19.90597152709961,ok
LA_D_1706159,13.711050987243652,13.71240234375,ok
LA_D_1707779,9.380187034606934,9.380642890930176,ok
LA_D_1708689,13.036877632141113,13.037220001220703,ok
LA_D_1711559,-11.524736404418945,-11.52553653717041,ok
LA_D_1711564,16.670764923095703,16.67335319519043,ok
LA_D_1711747,14.689481735229492,14.689451217651367,ok
LA_D_1712120,17.597980499267578,17.598905563354492,ok
LA_D_1713212,10.833073616027832,10.834511756896973,ok
LA_D_1714449,16.31159019470215,16.314367294311523,ok
LA_D_1715749,8.895551681518555,8.896851539611816,ok
LA_D_1715778,8.835203170776367,8.835257530212402,ok
LA_D_1715794,13.682364463806152,13.682666778564453,ok
LA_D_1715922,14.385697364807129,14.387990951538086,ok
LA_D_1716033,-13.101639747619629,-13.109643936157227,ok
LA_D_1716656,17.850919723510742,17.857378005981445,ok
LA_D_1717085,16.958831787109375,16.96101188659668,ok
LA_D_1719951,11.451013565063477,11.451079368591309,ok
LA_D_1720015,16.36254119873047,16.363466262817383,ok
LA_D_1721527,-15.326642036437988,-15.331747055053711,ok
LA_D_1722779,-9.20942497253418,-9.214005470275879,ok
LA_D_1723025,8.379539489746094,8.37950325012207,ok
LA_D_1723129,10.189748764038086,10.189776420593262,ok
LA_D_1723393,16.5376033782959,16.538633346557617,ok
LA_D_1725328,12.919526100158691,12.923527717590332,ok
LA_D_1725588,17.869197845458984,17.87060546875,ok
LA_D_1725718,12.121685028076172,12.121806144714355,ok
LA_D_1725978,15.402819633483887,15.406847953796387,ok
LA_D_1728557,12.864076614379883,12.864197731018066,ok
LA_D_1728757,18.76197624206543,18.76787757873535,ok
LA_D_1728920,9.989948272705078,9.990020751953125,ok
LA_D_1730959,-13.77046012878418,-13.77110767364502,ok
LA_D_1731771,13.227808952331543,13.22884464263916,ok
LA_D_1732607,11.774998664855957,11.777009010314941,ok
LA_D_1732752,-13.986995697021484,-13.98739242553711,ok
LA_D_1733065,11.805147171020508,11.807427406311035,ok
LA_D_1733253,13.733835220336914,13.740020751953125,ok
LA_D_1733691,-13.02144718170166,-13.02185344696045,ok
LA_D_1734049,14.840325355529785,14.840357780456543,ok
LA_D_1734325,13.910550117492676,13.911906242370605,ok
LA_D_1734430,15.173924446105957,15.1752290725708,ok
LA_D_1736286,-15.091357231140137,-15.092483520507812,ok
LA_D_1738100,14.333699226379395,14.334400177001953,ok
LA_D_1738251,11.490824699401855,11.490866661071777,ok
LA_D_1738651,19.399463653564453,19.40742301940918,ok
LA_D_1743004,15.165534973144531,15.172595024108887,ok
LA_D_1743744,4.387406826019287,4.3876142501831055,ok
LA_D_1744737,9.613109588623047,9.614038467407227,ok
LA_D_1746170,16.30068016052246,16.30585289001465,ok
LA_D_1751728,6.187655448913574,6.186825275421143,ok
LA_D_1751782,11.902931213378906,11.90362548828125,ok
LA_D_1751918,12.159220695495605,12.159419059753418,ok
LA_D_1755243,13.018280029296875,13.018303871154785,ok
LA_D_1755482,15.347809791564941,15.349932670593262,ok
LA_D_1755776,17.386316299438477,17.387529373168945,ok
LA_D_1757134,11.61466121673584,11.616846084594727,ok
LA_D_1757843,13.369449615478516,13.370755195617676,ok
LA_D_1758018,4.360878944396973,4.360987186431885,ok
LA_D_1758405,11.817075729370117,11.818652153015137,ok
LA_D_1758957,16.054964065551758,16.055315017700195,ok
LA_D_1759608,15.9229154586792,15.92293643951416,ok
LA_D_1760472,-12.10588264465332,-12.106521606445312,ok
LA_D_1763710,16.556367874145508,16.55719757080078,ok
LA_D_1764251,17.754182815551758,17.755598068237305,ok
LA_D_1764443,10.345498085021973,10.350529670715332,ok
LA_D_1765969,14.855457305908203,14.870243072509766,ok
LA_D_1766425,12.082042694091797,12.082991600036621,ok
LA_D_1767120,12.145134925842285,12.145600318908691,ok
LA_D_1767206,12.173404693603516,12.174300193786621,ok
LA_D_1767230,17.22637367248535,17.23552703857422,ok
LA_D_1768067,16.330490112304688,16.332504272460938,ok
LA_D_1768591,16.79473304748535,16.79756736755371,ok
LA_D_1768659,13.184809684753418,13.184809684753418,ok
LA_D_1770174,-13.050704002380371,-13.055731773376465,ok
LA_D_1770638,10.196873664855957,10.19880199432373,ok
LA_D_1771272,12.06804370880127,12.07601261138916,ok
LA_D_1772083,15.634489059448242,15.64387035369873,ok
LA_D_1772237,-14.832197189331055,-14.833819389343262,ok
LA_D_1772977,13.211145401000977,13.211485862731934,ok
LA_D_1773079,12.54753589630127,12.548018455505371,ok
LA_D_1775541,18.55405616760254,18.556102752685547,ok
LA_D_1776073,11.501696586608887,11.504759788513184,ok
LA_D_1776380,15.843306541442871,15.849780082702637,ok
LA_D_1777002,14.182051658630371,14.182352066040039,ok
LA_D_1777158,10.935407638549805,10.942386627197266,ok
LA_D_1778489,15.697617530822754,15.699615478515625,ok
LA_D_1778690,11.825698852539062,11.828316688537598,ok
LA_D_1778772,11.572182655334473,11.570175170898438,ok
LA_D_1778872,13.477770805358887,13.477961540222168,ok
LA_D_1780000,10.349505424499512,10.348994255065918,ok
LA_D_1780523,11.116889953613281,11.117098808288574,ok
LA_D_1782967,14.347601890563965,14.347752571105957,ok
LA_D_1783037,18.925006866455078,18.9333553314209,ok
LA_D_1783287,18.251461029052734,18.253686904907227,ok
LA_D_1783574,16.934995651245117,16.93866539001465,ok
LA_D_1783942,12.456155776977539,12.457250595092773,ok
LA_D_1786331,13.854002952575684,13.856409072875977,ok
LA_D_1786730,-11.121992111206055,-11.124011039733887,ok
LA_D_1788098,14.353301048278809,14.355989456176758,ok
LA_D_1789894,12.738682746887207,12.739971160888672,ok
LA_D_1789917,17.274755477905273,17.278209686279297,ok
LA_D_1792373,13.551987648010254,13.553204536437988,ok
LA_D_1793186,14.707619667053223,14.70979118347168,ok
LA_D_1794906,14.683806419372559,14.684296607971191,ok
LA_D_1796445,-15.566788673400879,-15.56758975982666,ok
LA_D_1797576,16.069252014160156,16.076372146606445,ok
LA_D_1798555,14.96317195892334,14.963457107543945,ok
LA_D_1798838,12.827994346618652,12.829047203063965,ok
LA_D_1798881,14.701301574707031,14.70479679107666,ok
LA_D_1799143,12.493481636047363,12.494638442993164,ok
LA_D_1799775,12.070037841796875,12.070096015930176,ok
LA_D_1800659,15.218551635742188,15.220495223999023,ok
LA_D_1802495,15.772883415222168,15.773750305175781,ok
LA_D_1803008,-13.228672981262207,-13.242860794067383,ok
LA_D_1803165,15.312356948852539,15.313570022583008,ok
LA_D_1804384,13.635231971740723,13.638439178466797,ok
LA_D_1805177,-15.926094055175781,-15.926575660705566,ok
LA_D_1805483,-14.82824420928955,-14.830301284790039,ok
LA_D_1805502,10.975934028625488,10.975983619689941,ok
LA_D_1805739,-13.187275886535645,-13.189440727233887,ok
LA_D_1805963,16.779075622558594,16.779735565185547,ok
LA_D_1808507,10.824569702148438,10.825729370117188,ok
LA_D_1808956,10.568291664123535,10.574111938476562,ok
LA_D_1809307,14.485075950622559,14.48627758026123,ok
LA_D_1811445,9.770264625549316,9.770217895507812,ok
LA_D_1811965,15.116375923156738,15.117486000061035,ok
LA_D_1811978,13.501529693603516,13.502158164978027,ok
LA_D_1812094,11.848926544189453,11.848997116088867,ok
LA_D_1812623,-12.11760425567627,-12.123103141784668,ok
LA_D_1812724,15.593022346496582,15.593253135681152,ok
LA_D_1812831,15.027304649353027,15.028554916381836,ok
LA_D_1813321,13.865118980407715,13.865124702453613,ok
LA_D_1813906,12.080419540405273,12.082844734191895,ok
LA_D_1815265,11.526656150817871,11.529866218566895,ok
LA_D_1816644,11.166873931884766,11.166863441467285,ok
LA_D_1818653,13.101693153381348,13.102349281311035,ok
LA_D_1820743,11.323927879333496,11.326549530029297,ok
LA_D_1821879,8.245545387268066,8.246468544006348,ok
LA_D_1822549,11.748016357421875,11.751677513122559,ok
LA_D_1823585,10.001869201660156,10.002296447753906,ok
LA_D_1824180,-14.7158203125,-14.716740608215332,ok
LA_D_1824827,3.8380439281463623,3.838108777999878,ok
LA_D_1828356,20.060087203979492,20.063629150390625,ok
LA_D_1830470,9.035199165344238,9.035202980041504,ok
LA_D_1830521,14.555649757385254,14.557066917419434,ok
LA_D_1830846,13.23238468170166,13.232748985290527,ok
LA_D_1831145,14.929139137268066,14.931527137756348,ok
LA_D_1832937,16.102611541748047,16.104536056518555,ok
LA_D_1833652,-12.82861042022705,-12.82934284210205,ok
LA_D_1834815,16.057010650634766,16.059009552001953,ok
LA_D_1834958,15.690443992614746,15.690995216369629,ok
LA_D_1836171,12.696590423583984,12.699292182922363,ok
LA_D_1836354,13.394740104675293,13.405037879943848,ok
LA_D_1838028,10.3169584274292,10.317215919494629,ok
LA_D_1838386,1.2023133039474487,1.2006491422653198,ok
LA_D_1838534,12.850829124450684,12.852716445922852,ok
LA_D_1840120,14.781108856201172,14.781144142150879,ok
LA_D_1841254,9.686650276184082,9.687117576599121,ok
LA_D_1841439,17.408485412597656,17.41364288330078,ok
LA_D_1842165,11.593770980834961,11.59530258178711,ok
LA_D_1842516,13.293133735656738,13.292744636535645,ok
LA_D_1842990,-13.511162757873535,-13.513602256774902,ok
LA_D_1844495,15.998757362365723,15.998948097229004,ok
LA_D_1844563,20.427099227905273,20.430463790893555,ok
LA_D_1845069,11.348742485046387,11.35009479522705,ok
LA_D_1845654,16.712709426879883,16.715686798095703,ok
LA_D_1846103,16.319726943969727,16.323486328125,ok
LA_D_1846916,10.88613224029541,10.888688087463379,ok
LA_D_1847073,14.56602668762207,14.566533088684082,ok
LA_D_1847944,20.43168067932129,20.434511184692383,ok
LA_D_1848103,12.862794876098633,12.864014625549316,ok
LA_D_1848165,12.030746459960938,12.030932426452637,ok
LA_D_1848349,13.140459060668945,13.140519142150879,ok
LA_D_1849915,15.249866485595703,15.254561424255371,ok
LA_D_1850987,16.636913299560547,16.64432144165039,ok
LA_D_1851336,13.368504524230957,13.36867904663086,ok
LA_D_1853446,15.763182640075684,15.764439582824707,ok
LA_D_1853731,14.297890663146973,14.298253059387207,ok
LA_D_1854905,16.916351318359375,16.92209815979004,ok
LA_D_1855851,11.31270694732666,11.312603950500488,ok
LA_D_1855940,11.61074161529541,11.61092472076416,ok
LA_D_1856189,14.104156494140625,14.104171752929688,ok
LA_D_1856497,16.200990676879883,16.201711654663086,ok
LA_D_1858151,13.732840538024902,13.7388334274292,ok
LA_D_1858381,14.594021797180176,14.596993446350098,ok
LA_D_1859048,-11.98490047454834,-11.987482070922852,ok
LA_D_1860065,18.021886825561523,18.02393913269043,ok
LA_D_1860158,11.20492172241211,11.213910102844238,ok
LA_D_1860197,14.547941207885742,14.553160667419434,ok
LA_D_1861262,15.725266456604004,15.729684829711914,ok
LA_D_1862965,11.6862154006958,11.686573028564453,ok
LA_D_1863131,9.50234603881836,9.501470565795898,ok
LA_D_1863279,20.82466697692871,20.838544845581055,ok
LA_D_1863901,14.824647903442383,14.824727058410645,ok
LA_D_1864294,13.117457389831543,13.119153022766113,ok
LA_D_1864612,16.783761978149414,16.78460693359375,ok
LA_D_1864652,14.021228790283203,14.025968551635742,ok
LA_D_1865763,16.929113388061523,16.929738998413086,ok
LA_D_1866166,14.175466537475586,14.175713539123535,ok
LA_D_1866244,13.968731880187988,13.972456932067871,ok
LA_D_1867335,11.208303451538086,11.208319664001465,ok
LA_D_1868045,17.029354095458984,17.032733917236328,ok
LA_D_1870030,14.654570579528809,14.661818504333496,ok
LA_D_1870684,13.132987976074219,13.139573097229004,ok
LA_D_1870741,12.721513748168945,12.722309112548828,ok
LA_D_1871223,17.538541793823242,17.54949951171875,ok
LA_D_1871635,22.403432846069336,22.403470993041992,ok
LA_D_1872618,17.1611270904541,17.165197372436523,ok
LA_D_1872772,13.51140308380127,13.51248836517334,ok
LA_D_1873473,13.458370208740234,13.461524963378906,ok
LA_D_1874001,15.552008628845215,15.55617618560791,ok
LA_D_1874557,15.301506996154785,15.304265975952148,ok
LA_D_1874896,12.644487380981445,12.647040367126465,ok
LA_D_1876225,10.258195877075195,10.258264541625977,ok
LA_D_1876360,14.960759162902832,14.963364601135254,ok
LA_D_1877105,-17.135499954223633,-17.137746810913086,ok
LA_D_1877141,14.35002326965332,14.351202964782715,ok
LA_D_1877966,15.623696327209473,15.625470161437988,ok
LA_D_1878310,14.37515640258789,14.37533950805664,ok
LA_D_1879539,16.325349807739258,16.333744049072266,ok
LA_D_1880286,13.23963737487793,13.239977836608887,ok
LA_D_1881500,16.036521911621094,16.04401969909668,ok
LA_D_1881643,19.92345428466797,19.927427291870117,ok
LA_D_1881724,-14.53903865814209,-14.541352272033691,ok
LA_D_1882065,-11.544240951538086,-11.544313430786133,ok
LA_D_1882691,11.979178428649902,11.979281425476074,ok
LA_D_1884569,8.677976608276367,8.677947044372559,ok
LA_D_1884725,10.836254119873047,10.837298393249512,ok
LA_D_1885115,-12.329556465148926,-12.330615997314453,ok
LA_D_1885226,13.361830711364746,13.364978790283203,ok
LA_D_1886178,17.783092498779297,17.784273147583008,ok
LA_D_1886400,14.681474685668945,14.685843467712402,ok
LA_D_1889595,10.702920913696289,10.704216957092285,ok
LA_D_1889615,13.84292221069336,13.845703125,ok
LA_D_1889727,16.246990203857422,16.248950958251953,ok
LA_D_1890878,17.38412857055664,17.390336990356445,ok
LA_D_1891787,13.31750202178955,13.317925453186035,ok
LA_D_1892568,4.488187313079834,4.488832950592041,ok
LA_D_1893758,16.538206100463867,16.542043685913086,ok
LA_D_1893786,16.925504684448242,16.928071975708008,ok
LA_D_1894103,9.281176567077637,9.282071113586426,ok
LA_D_1895153,9.857288360595703,9.857739448547363,ok
LA_D_1895274,-14.474567413330078,-14.48013687133789,ok
LA_D_1896433,17.30031394958496,17.303647994995117,ok
LA_D_1897056,10.039345741271973,10.042830467224121,ok
LA_D_1897148,4.686336994171143,4.686019420623779,ok
LA_D_1897326,10.831742286682129,10.83267879486084,ok
LA_D_1897752,14.21897029876709,14.22144603729248,ok
LA_D_1898207,-14.50161361694336,-14.502580642700195,ok
LA_D_1898947,12.594589233398438,12.598113059997559,ok
LA_D_1899250,15.767415046691895,15.769834518432617,ok
LA_D_1899277,11.459864616394043,11.46052074432373,ok
LA_D_1900218,14.137410163879395,14.138884544372559,ok
LA_D_1901077,12.09179973602295,12.091788291931152,ok
LA_D_1903761,14.875823974609375,14.877673149108887,ok
LA_D_1904462,12.874344825744629,12.877349853515625,ok
LA_D_1904999,14.125164985656738,14.126734733581543,ok
LA_D_1905761,18.89119529724121,18.894418716430664,ok
LA_D_1906480,14.684144020080566,14.684907913208008,ok
LA_D_1907062,15.341880798339844,15.34341049194336,ok
LA_D_1907731,17.714799880981445,17.719511032104492,ok
LA_D_1907831,14.65023422241211,14.658502578735352,ok
LA_D_1909708,12.743025779724121,12.743741035461426,ok
LA_D_1909993,13.118741035461426,13.123339653015137,ok
LA_D_1911374,15.748795509338379,15.759749412536621,ok
LA_D_1911980,16.011974334716797,16.016584396362305,ok
LA_D_1915163,16.160552978515625,16.16318702697754,ok
LA_D_1915883,16.57465934753418,16.574949264526367,ok
LA_D_1915992,15.698582649230957,15.699668884277344,ok
LA_D_1916885,14.492914199829102,14.494647979736328,ok
LA_D_1917155,11.80984115600586,11.809883117675781,ok
LA_D_1917753,10.119988441467285,10.121047019958496,ok
LA_D_1918445,-12.331668853759766,-12.3412446975708,ok
LA_D_1918819,12.10203742980957,12.10204792022705,ok
LA_D_1918968,16.096622467041016,16.09770965576172,ok
LA_D_1919505,14.685881614685059,14.686857223510742,ok
LA_D_1920639,12.716155052185059,12.717425346374512,ok
LA_D_1921825,16.24869728088379,16.250558853149414,ok
LA_D_1921890,17.73621368408203,17.7376708984375,ok
LA_D_1921938,14.606060981750488,14.606656074523926,ok
LA_D_1922621,12.934348106384277,12.935396194458008,ok
LA_D_1922892,17.93736457824707,17.94352149963379,ok
LA_D_1924724,16.814260482788086,16.81529998779297,ok
LA_D_1924915,11.744574546813965,11.745200157165527,ok
LA_D_1925258,15.652079582214355,15.652236938476562,ok
LA_D_1925587,13.195633888244629,13.195638656616211,ok
LA_D_1927087,13.328312873840332,13.331411361694336,ok
LA_D_1928274,11.297104835510254,11.301852226257324,ok
LA_D_1929031,19.447660446166992,19.451736450195312,ok
LA_D_1930073,16.128971099853516,16.130640029907227,ok
LA_D_1930138,-9.500479698181152,-9.518111228942871,ok
LA_D_1930356,16.760255813598633,16.767122268676758,ok
LA_D_1930859,11.99596118927002,11.998021125793457,ok
LA_D_1932009,16.312814712524414,16.313064575195312,ok
LA_D_1932089,23.580251693725586,23.581663131713867,ok
LA_D_1933165,16.617830276489258,16.62728500366211,ok
LA_D_1934985,15.450945854187012,15.45190143585205,ok
LA_D_1935532,13.17568588256836,13.177203178405762,ok
LA_D_1935726,11.860095977783203,11.861132621765137,ok
LA_D_1936614,14.414039611816406,14.414597511291504,ok
LA_D_1939610,18.694339752197266,18.697956085205078,ok
LA_D_1940050,15.67007064819336,15.6716947555542,ok
LA_D_1941143,4.570036888122559,4.572505950927734,ok
LA_D_1941384,17.354488372802734,17.35542869567871,ok
LA_D_1943080,15.647282600402832,15.650607109069824,ok
LA_D_1943271,10.586813926696777,10.587320327758789,ok
LA_D_1943277,11.730483055114746,11.735306739807129,ok
LA_D_1943421,25.80938148498535,25.818897247314453,ok
LA_D_1944808,20.474716186523438,20.476205825805664,ok
LA_D_1945994,17.242658615112305,17.246469497680664,ok
LA_D_1946747,12.118136405944824,12.118597984313965,ok
LA_D_1948572,18.239498138427734,18.242002487182617,ok
LA_D_1948580,6.997901439666748,6.998198986053467,ok
LA_D_1949008,12.135167121887207,12.135741233825684,ok
LA_D_1952217,14.08347225189209,14.083856582641602,ok
LA_D_1952275,12.777074813842773,12.777297973632812,ok
LA_D_1953575,11.076607704162598,11.077275276184082,ok
LA_D_1953786,14.360649108886719,14.361784934997559,ok
LA_D_1953828,13.260734558105469,13.26423168182373,ok
LA_D_1953933,11.512682914733887,11.514578819274902,ok
LA_D_1954043,22.667213439941406,22.670045852661133,ok
LA_D_1954275,11.249994277954102,11.253250122070312,ok
LA_D_1954410,-14.050483703613281,-14.052041053771973,ok
LA_D_1955179,12.875091552734375,12.875733375549316,ok
LA_D_1955572,13.959895133972168,13.96618366241455,ok
LA_D_1957667,15.792664527893066,15.793845176696777,ok
LA_D_1958672,14.376310348510742,14.38158130645752,ok
LA_D_1959435,11.420434951782227,11.42056655883789,ok
LA_D_1959983,11.029915809631348,11.030537605285645,ok
LA_D_1962163,13.46181583404541,13.463761329650879,ok
LA_D_1962374,19.743480682373047,19.748226165771484,ok
LA_D_1962948,12.144543647766113,12.14500904083252,ok
LA_D_1964458,14.576733589172363,14.577485084533691,ok
LA_D_1964638,-9.325886726379395,-9.32880687713623,ok
LA_D_1965512,10.662688255310059,10.663192749023438,ok
LA_D_1966095,19.53287696838379,19.534940719604492,ok
LA_D_1966347,16.238571166992188,16.238985061645508,ok
LA_D_1966690,13.420615196228027,13.422322273254395,ok
LA_D_1966794,14.710719108581543,14.712214469909668,ok
LA_D_1968546,17.098867416381836,17.106334686279297,ok
LA_D_1968679,18.632373809814453,18.632465362548828,ok
LA_D_1969568,-14.71384334564209,-14.717373847961426,ok
LA_D_1969657,16.645275115966797,16.645286560058594,ok
LA_D_1971465,14.300477027893066,14.300501823425293,ok
LA_D_1971987,8.795896530151367,8.797240257263184,ok
LA_D_1972495,10.766704559326172,10.770028114318848,ok
LA_D_1972557,15.617521286010742,15.6177396774292,ok
LA_D_1974894,19.341716766357422,19.34792709350586,ok
LA_D_1975267,15.714302062988281,15.720102310180664,ok
LA_D_1975386,12.040748596191406,12.045204162597656,ok
LA_D_1975814,13.834022521972656,13.836530685424805,ok
LA_D_1975824,16.142805099487305,16.144086837768555,ok
LA_D_1975835,14.028807640075684,14.030354499816895,ok
LA_D_1975844,12.217647552490234,12.218647003173828,ok
LA_D_1976284,15.263046264648438,15.270895004272461,ok
LA_D_1976624,11.638996124267578,11.639128684997559,ok
LA_D_1976814,12.216838836669922,12.217198371887207,ok
LA_D_1977942,13.922492027282715,13.922598838806152,ok
LA_D_1979046,12.088773727416992,12.08887767791748,ok
LA_D_1980534,-13.969886779785156,-13.97162914276123,ok
LA_D_1980562,17.700841903686523,17.703208923339844,ok
LA_D_1982159,-8.051214218139648,-8.052496910095215,ok
LA_D_1982638,10.078709602355957,10.079719543457031,ok
LA_D_1983415,-11.88003921508789,-11.880244255065918,ok
LA_D_1984025,18.40489959716797,18.40852165222168,ok
LA_D_1984425,16.713895797729492,16.7174015045166,ok
LA_D_1984995,-11.184816360473633,-11.186299324035645,ok
LA_D_1985162,14.715147972106934,14.723607063293457,ok
LA_D_1985217,13.880777359008789,13.881982803344727,ok
LA_D_1985278,12.050247192382812,12.050949096679688,ok
LA_D_1985982,11.748414039611816,11.748741149902344,ok
LA_D_1986382,13.449429512023926,13.450586318969727,ok
LA_D_1988141,11.724421501159668,11.725091934204102,ok
LA_D_1988690,8.254046440124512,8.254046440124512,ok
LA_D_1989443,12.289584159851074,12.291655540466309,ok
LA_D_1990270,9.223243713378906,9.223393440246582,ok
LA_D_1991616,12.231114387512207,12.231374740600586,ok
LA_D_1992569,11.069391250610352,11.069554328918457,ok
LA_D_1993921,14.277496337890625,14.286101341247559,ok
LA_D_1994320,11.180191993713379,11.18061351776123,ok
LA_D_1994966,14.991333961486816,14.992091178894043,ok
LA_D_1995660,18.847625732421875,18.848369598388672,ok
LA_D_1996500,14.684844017028809,14.699646949768066,ok
LA_D_1997529,-13.986162185668945,-13.986237525939941,ok
LA_D_1998989,15.493977546691895,15.494516372680664,ok
LA_D_1999219,13.18992805480957,13.190114974975586,ok
LA_D_1999238,13.616170883178711,13.617408752441406,ok
LA_D_1999944,10.584439277648926,10.584707260131836,ok
LA_D_2000093,12.680203437805176,12.683924674987793,ok
LA_D_2000640,15.287775039672852,15.288400650024414,ok
LA_D_2000885,16.06428337097168,16.069517135620117,ok
LA_D_2002365,-11.621784210205078,-11.62239933013916,ok
LA_D_2002433,11.125755310058594,11.125772476196289,ok
LA_D_2002669,15.093385696411133,15.09723949432373,ok
LA_D_2002767,12.727648735046387,12.727816581726074,ok
LA_D_2003609,11.386956214904785,11.388890266418457,ok
LA_D_2004905,9.959745407104492,9.96357250213623,ok
LA_D_2005065,23.388690948486328,23.40570831298828,ok
LA_D_2005388,13.523430824279785,13.525152206420898,ok
LA_D_2006600,14.274077415466309,14.274850845336914,ok
LA_D_2006815,9.759600639343262,9.760209083557129,ok
LA_D_2007184,10.69989013671875,10.699884414672852,ok
LA_D_2007901,12.28134536743164,12.283649444580078,ok
LA_D_2008956,17.8450870513916,17.846460342407227,ok
LA_D_2009306,15.291272163391113,15.292856216430664,ok
LA_D_2010593,13.664072036743164,13.665757179260254,ok
LA_D_2010812,10.576077461242676,10.57607364654541,ok
LA_D_2011219,12.147915840148926,12.152344703674316,ok
LA_D_2013632,10.567794799804688,10.569537162780762,ok
LA_D_2016158,15.660786628723145,15.664806365966797,ok
LA_D_2017057,15.06795597076416,15.068690299987793,ok
LA_D_2017083,13.989485740661621,13.99206829071045,ok
LA_D_2017160,12.20010757446289,12.200752258300781,ok
LA_D_2017198,19.11553192138672,19.11821174621582,ok
LA_D_2017678,15.715902328491211,15.716748237609863,ok
LA_D_2018219,18.574655532836914,18.57667350769043,ok
LA_D_2018291,12.543150901794434,12.545132637023926,ok
LA_D_2019341,13.545696258544922,13.549409866333008,ok
LA_D_2020279,20.448822021484375,20.4608211517334,ok
LA_D_2020535,17.22391128540039,17.22563362121582,ok
LA_D_2021379,18.388355255126953,18.388940811157227,ok
LA_D_2021657,14.354718208312988,14.356945991516113,ok
LA_D_2021939,11.599640846252441,11.599896430969238,ok
LA_D_2022501,12.808918952941895,12.811766624450684,ok
LA_D_2022777,19.249479293823242,19.249658584594727,ok
LA_D_2025064,19.807706832885742,19.807815551757812,ok
LA_D_2026077,13.466836929321289,13.467896461486816,ok
LA_D_2026367,6.419458389282227,6.419283390045166,ok
LA_D_2026758,9.755752563476562,9.757674217224121,ok
LA_D_2028337,9.949142456054688,9.953332901000977,ok
LA_D_2028395,12.228659629821777,12.230134963989258,ok
LA_D_2031125,20.390993118286133,20.395689010620117,ok
LA_D_2031889,15.278216361999512,15.281078338623047,ok
LA_D_2032120,14.453439712524414,14.454012870788574,ok
LA_D_2033572,21.298709869384766,21.30378532409668,ok
LA_D_2033794,15.626418113708496,15.626662254333496,ok
LA_D_2034813,10.461152076721191,10.46119213104248,ok
LA_D_2035158,-14.860077857971191,-14.861288070678711,ok
LA_D_2035624,12.442877769470215,12.443350791931152,ok
LA_D_2036773,11.272428512573242,11.272430419921875,ok
LA_D_2038901,14.81786060333252,14.818353652954102,ok
LA_D_2039768,14.696688652038574,14.697511672973633,ok
LA_D_2039939,16.19730567932129,16.199583053588867,ok
LA_D_2039988,10.903276443481445,10.903778076171875,ok
LA_D_2040882,15.878703117370605,15.880596160888672,ok
LA_D_2040913,11.970986366271973,11.970993995666504,ok
LA_D_2041511,1.9649425745010376,1.9635511636734009,ok
LA_D_2042101,12.300143241882324,12.301590919494629,ok
LA_D_2042102,10.760580062866211,10.76145076751709,ok
LA_D_2042650,9.9605131149292,9.961045265197754,ok
LA_D_2042770,12.097638130187988,12.098654747009277,ok
LA_D_2044088,-13.428892135620117,-13.431407928466797,ok
LA_D_2044181,7.663161754608154,7.66461706161499,ok
LA_D_2045409,13.433531761169434,13.43649959564209,ok
LA_D_2045790,12.742019653320312,12.742568016052246,ok
LA_D_2045953,15.085418701171875,15.085915565490723,ok
LA_D_2046470,14.164705276489258,14.167824745178223,ok
LA_D_2046924,25.98451805114746,25.993492126464844,ok
LA_D_2047498,15.878621101379395,15.884529113769531,ok
LA_D_2049288,14.250003814697266,14.251984596252441,ok
LA_D_2049455,17.8806095123291,17.883359909057617,ok
LA_D_2049968,13.768782615661621,13.776366233825684,ok
LA_D_2050794,16.44645118713379,16.44972801208496,ok
LA_D_2051517,15.802550315856934,15.80316162109375,ok
LA_D_2051572,13.816496849060059,13.81705379486084,ok
LA_D_2052113,14.699722290039062,14.700575828552246,ok
LA_D_2052144,14.464059829711914,14.464218139648438,ok
LA_D_2052753,14.814640045166016,14.815468788146973,ok
LA_D_2053527,-13.290262222290039,-13.29421329498291,ok
LA_D_2053681,11.519111633300781,11.51926326751709,ok
LA_D_2054506,15.15345573425293,15.153623580932617,ok
LA_D_2054654,-2.4793930053710938,-2.4804601669311523,ok
LA_D_2058787,14.025436401367188,14.027955055236816,ok
LA_D_2058872,13.564947128295898,13.565528869628906,ok
LA_D_2059102,14.204705238342285,14.205259323120117,ok
LA_D_2059452,13.472209930419922,13.476771354675293,ok
LA_D_2062744,-7.655205249786377,-7.657756328582764,ok
LA_D_2062974,16.498369216918945,16.49876594543457,ok
LA_D_2063490,15.42311954498291,15.423720359802246,ok
LA_D_2063669,-12.035892486572266,-12.039313316345215,ok
LA_D_2064600,12.457736015319824,12.458817481994629,ok
LA_D_2064757,10.80381965637207,10.804699897766113,ok
LA_D_2065272,19.517578125,19.52452278137207,ok
LA_D_2065981,18.668569564819336,18.67293357849121,ok
LA_D_2067864,14.94943618774414,14.950003623962402,ok
LA_D_2069465,5.073369026184082,5.073670864105225,ok
LA_D_2069946,13.07219409942627,13.072699546813965,ok
LA_D_2070148,10.416979789733887,10.416963577270508,ok
LA_D_2071557,15.03105354309082,15.033585548400879,ok
LA_D_2073559,9.234817504882812,9.236212730407715,ok
LA_D_2074154,13.578779220581055,13.580343246459961,ok
LA_D_2074516,6.492421627044678,6.49232816696167,ok
LA_D_2074827,16.607484817504883,16.613479614257812,ok
LA_D_2077190,11.549934387207031,11.550311088562012,ok
LA_D_2077413,11.101056098937988,11.101988792419434,ok
LA_D_2078394,18.213253021240234,18.214418411254883,ok
LA_D_2079731,12.276914596557617,12.278695106506348,ok
LA_D_2079819,14.945006370544434,14.94566535949707,ok
LA_D_2080320,14.691474914550781,14.70113754272461,ok
LA_D_2081014,10.459540367126465,10.46033763885498,ok
LA_D_2081259,15.081664085388184,15.081584930419922,ok
LA_D_2081459,12.285730361938477,12.29001522064209,ok
LA_D_2082270,18.612489700317383,18.613529205322266,ok
LA_D_2082295,-13.672901153564453,-13.678292274475098,ok
LA_D_2083098,11.767574310302734,11.768218040466309,ok
LA_D_2084084,13.530386924743652,13.530512809753418,ok
LA_D_2085012,15.291404724121094,15.291662216186523,ok
LA_D_2085166,11.854857444763184,11.855957984924316,ok
LA_D_2085656,16.250686645507812,16.254478454589844,ok
LA_D_2086920,8.311763763427734,8.311774253845215,ok
LA_D_2087494,12.192988395690918,12.193358421325684,ok
LA_D_2087690,11.147878646850586,11.148359298706055,ok
LA_D_2088943,13.872793197631836,13.87341022491455,ok
LA_D_2092684,14.797636032104492,14.802035331726074,ok
LA_D_2093247,10.674559593200684,10.67456340789795,ok
LA_D_2094262,10.281944274902344,10.291743278503418,ok
LA_D_2095392,-12.574325561523438,-12.576165199279785,ok
LA_D_2096892,-12.169036865234375,-12.170331001281738,ok
LA_D_2097045,13.87209701538086,13.874506950378418,ok
LA_D_2097283,12.698572158813477,12.699212074279785,ok
LA_D_2097438,10.683151245117188,10.68458366394043,ok
LA_D_2097600,12.308924674987793,12.31091022491455,ok
LA_D_2100372,15.757462501525879,15.759808540344238,ok
LA_D_2101345,13.810999870300293,13.815686225891113,ok
LA_D_2101566,10.950027465820312,10.952977180480957,ok
LA_D_2103093,14.13687801361084,14.13868236541748,ok
LA_D_2103518,18.241840362548828,18.246170043945312,ok
LA_D_2103653,17.536365509033203,17.53705596923828,ok
LA_D_2103892,14.023492813110352,14.031929016113281,ok
LA_D_2104324,11.633112907409668,11.634719848632812,ok
LA_D_2104365,13.412814140319824,13.41310977935791,ok
LA_D_2104529,14.63182258605957,14.633004188537598,ok
LA_D_2105580,-13.523823738098145,-13.52391242980957,ok
LA_D_2106652,11.283305168151855,11.28425121307373,ok
LA_D_2106919,16.640769958496094,16.640893936157227,ok
LA_D_2107075,11.498316764831543,11.49851131439209,ok
LA_D_2107954,14.028402328491211,14.028826713562012,ok
LA_D_2108357,17.263425827026367,17.26468849182129,ok
LA_D_2109062,-10.978925704956055,-10.992122650146484,ok
LA_D_2110432,11.571958541870117,11.572481155395508,ok
LA_D_2111041,14.391454696655273,14.395060539245605,ok
LA_D_2111647,13.354223251342773,13.356971740722656,ok
LA_D_2111682,8.002646446228027,8.010146141052246,ok
LA_D_2111881,10.121706008911133,10.121810913085938,ok
LA_D_2112026,18.732410430908203,18.73343276977539,ok
LA_D_2113515,16.243953704833984,16.244091033935547,ok
LA_D_2113565,16.692352294921875,16.6923770904541,ok
LA_D_2113716,4.149514198303223,4.149781703948975,ok
LA_D_2115009,8.989246368408203,8.989802360534668,ok
LA_D_2115072,14.433842658996582,14.434930801391602,ok
LA_D_2117591,12.816198348999023,12.82625675201416,ok
LA_D_2117812,18.099905014038086,18.104015350341797,ok
LA_D_2118489,13.178420066833496,13.181055068969727,ok
LA_D_2118778,14.545507431030273,14.549430847167969,ok
LA_D_2118848,11.633018493652344,11.635947227478027,ok
LA_D_2120805,13.767149925231934,13.767291069030762,ok
LA_D_2121556,16.328617095947266,16.33097267150879,ok
LA_D_2123475,16.097043991088867,16.0987491607666,ok
LA_D_2123885,13.315889358520508,13.317248344421387,ok
LA_D_2124188,15.86064338684082,15.866448402404785,ok
LA_D_2124468,13.475160598754883,13.478466033935547,ok
LA_D_2125183,10.806910514831543,10.806914329528809,ok
LA_D_2126341,11.231522560119629,11.232858657836914,ok
LA_D_2126762,9.971932411193848,9.97290325164795,ok
LA_D_2127486,13.879343032836914,13.880293846130371,ok
LA_D_2128440,14.603921890258789,14.605464935302734,ok
LA_D_2128519,18.029254913330078,18.03092384338379,ok
LA_D_2128991,17.31475067138672,17.317956924438477,ok
LA_D_2129319,11.786041259765625,11.786182403564453,ok
LA_D_2129411,14.095194816589355,14.09721851348877,ok
LA_D_2130196,15.191081047058105,15.192008018493652,ok
LA_D_2130605,-14.460567474365234,-14.4622220993042,ok
LA_D_2131399,14.050241470336914,14.050317764282227,ok
LA_D_2133031,9.228532791137695,9.229823112487793,ok
LA_D_2135966,2.9148170948028564,2.914997100830078,ok
LA_D_2135991,23.678756713867188,23.682435989379883,ok
LA_D_2136240,22.275501251220703,22.28499412536621,ok
LA_D_2136816,13.56889533996582,13.569329261779785,ok
LA_D_2136896,9.194911003112793,9.197548866271973,ok
LA_D_2137133,11.591309547424316,11.591221809387207,ok
LA_D_2138850,18.54326057434082,18.545774459838867,ok
LA_D_2140164,16.131515502929688,16.13761329650879,ok
LA_D_2140323,-13.816532135009766,-13.817293167114258,ok
LA_D_2140441,20.095977783203125,20.096506118774414,ok
LA_D_2140627,15.328557968139648,15.330817222595215,ok
LA_D_2140638,13.880894660949707,13.882798194885254,ok
LA_D_2141097,14.359016418457031,14.360821723937988,ok
LA_D_2142744,18.663036346435547,18.66357421875,ok
LA_D_2143384,-11.5049409866333,-11.505187034606934,ok
LA_D_2143588,12.308761596679688,12.311919212341309,ok
LA_D_2143625,19.89507484436035,19.89537811279297,ok
LA_D_2143803,16.529502868652344,16.529687881469727,ok
LA_D_2144689,15.838956832885742,15.84097957611084,ok
LA_D_2145419,15.332884788513184,15.333831787109375,ok
LA_D_2146476,14.080849647521973,14.080906867980957,ok
LA_D_2147894,18.420412063598633,18.42082405090332,ok
LA_D_2151951,11.55884075164795,11.559835433959961,ok
LA_D_2152100,13.071139335632324,13.072285652160645,ok
LA_D_2153291,11.414159774780273,11.415127754211426,ok
LA_D_2153758,15.05958080291748,15.060173988342285,ok
LA_D_2156580,13.163307189941406,13.163960456848145,ok
LA_D_2156985,-14.97739028930664,-14.977701187133789,ok
LA_D_2157831,13.196232795715332,13.200222969055176,ok
LA_D_2158229,15.392370223999023,15.394696235656738,ok
LA_D_2159690,9.044535636901855,9.04675579071045,ok
LA_D_2159915,18.52798843383789,18.534940719604492,ok
LA_D_2160169,13.262678146362305,13.26534366607666,ok
LA_D_2161419,18.878320693969727,18.8789005279541,ok
LA_D_2161752,11.75665283203125,11.759333610534668,ok
LA_D_2161760,12.200477600097656,12.200590133666992,ok
LA_D_2161873,18.246946334838867,18.25050926208496,ok
LA_D_2162549,16.513031005859375,16.51624298095703,ok
LA_D_2165495,13.02937126159668,13.030417442321777,ok
LA_D_2165611,18.198270797729492,18.200464248657227,ok
LA_D_2166570,10.570023536682129,10.57106876373291,ok
LA_D_2166742,10.961912155151367,10.962220191955566,ok
LA_D_2166764,11.711606979370117,11.711915969848633,ok
LA_D_2171727,12.286639213562012,12.295681953430176,ok
LA_D_2173227,9.301847457885742,9.302153587341309,ok
LA_D_2173475,14.334779739379883,14.338067054748535,ok
LA_D_2173667,11.724939346313477,11.72721004486084,ok
LA_D_2174187,12.560453414916992,12.565756797790527,ok
LA_D_2175694,8.059059143066406,8.061577796936035,ok
LA_D_2176634,15.35550308227539,15.35827922821045,ok
LA_D_2177055,15.664608001708984,15.67194938659668,ok
LA_D_2177921,13.399467468261719,13.401503562927246,ok
LA_D_2178723,-7.222896099090576,-7.223867893218994,ok
LA_D_2178889,16.042789459228516,16.042715072631836,ok
LA_D_2179611,10.310505867004395,10.311639785766602,ok
LA_D_2180694,14.269495964050293,14.27049446105957,ok
LA_D_2182436,11.986311912536621,11.986769676208496,ok
LA_D_2183037,14.040003776550293,14.040202140808105,ok
LA_D_2184401,14.993437767028809,14.9941987991333,ok
LA_D_2184798,16.299190521240234,16.30057144165039,ok
LA_D_2185134,15.24039077758789,15.241565704345703,ok
LA_D_2185899,17.33309555053711,17.34128761291504,ok
LA_D_2187760,17.662296295166016,17.681489944458008,ok
LA_D_2187904,15.04561996459961,15.045835494995117,ok
LA_D_2188246,-14.891439437866211,-14.892805099487305,ok
LA_D_2188344,15.149856567382812,15.152852058410645,ok
LA_D_2188353,11.666289329528809,11.666234970092773,ok
LA_D_2189504,18.294572830200195,18.2948055267334,ok
LA_D_2189641,16.25678062438965,16.260854721069336,ok
LA_D_2193624,18.537132263183594,18.540977478027344,ok
LA_D_2193916,13.061095237731934,13.062325477600098,ok
LA_D_2195201,14.701465606689453,14.702648162841797,ok
LA_D_2195251,15.976356506347656,15.97802448272705,ok
LA_D_2195595,16.845352172851562,16.84647560119629,ok
LA_D_2195628,14.64754867553711,14.65110969543457,ok
LA_D_2195736,8.845683097839355,8.846256256103516,ok
LA_D_2195770,10.6613130569458,10.661669731140137,ok
LA_D_2196548,15.341217994689941,15.34831714630127,ok
LA_D_2196978,13.635737419128418,13.635819435119629,ok
LA_D_2197132,9.69330883026123,9.69564437866211,ok
LA_D_2197541,13.247379302978516,13.268576622009277,ok
LA_D_2197811,16.405319213867188,16.409860610961914,ok
LA_D_2197985,16.09406852722168,16.10152244567871,ok
LA_D_2199278,2.173891544342041,2.175957441329956,ok
LA_D_2200669,11.703019142150879,11.703424453735352,ok
LA_D_2201205,12.986730575561523,12.990456581115723,ok
LA_D_2202228,14.471582412719727,14.471619606018066,ok
LA_D_2204353,15.681122779846191,15.690186500549316,ok
LA_D_2205300,16.939815521240234,16.941001892089844,ok
LA_D_2207720,7.567160606384277,7.567216396331787,ok
LA_D_2210828,17.600034713745117,17.609262466430664,ok
LA_D_2211657,12.13781452178955,12.138506889343262,ok
LA_D_2212414,-11.254464149475098,-11.2549409866333,ok
LA_D_2212427,17.103759765625,17.10492515563965,ok
LA_D_2214692,11.772603988647461,11.772712707519531,ok
LA_D_2215298,13.226122856140137,13.226799964904785,ok
LA_D_2216664,12.44487476348877,12.446685791015625,ok
LA_D_2217221,11.932313919067383,11.932843208312988,ok
LA_D_2218447,15.217423439025879,15.21900463104248,ok
LA_D_2219009,17.559566497802734,17.56568717956543,ok
LA_D_2222489,9.055357933044434,9.060497283935547,ok
LA_D_2222567,15.075362205505371,15.075846672058105,ok
LA_D_2223300,16.445756912231445,16.45433235168457,ok
LA_D_2223782,9.520079612731934,9.520215034484863,ok
LA_D_2224110,21.461990356445312,21.47028923034668,ok
LA_D_2225547,12.149397850036621,12.151776313781738,ok
LA_D_2225574,23.216205596923828,23.219560623168945,ok
LA_D_2226134,13.962165832519531,13.967142105102539,ok
LA_D_2226291,7.286979675292969,7.289012908935547,ok
LA_D_2226509,11.945207595825195,11.9484224319458,ok
LA_D_2227239,2.2565784454345703,2.25646710395813,ok
LA_D_2227552,12.863475799560547,12.863476753234863,ok
LA_D_2227757,11.662578582763672,11.663968086242676,ok
LA_D_2228121,8.070961952209473,8.071050643920898,ok
LA_D_2228504,10.769821166992188,10.769901275634766,ok
LA_D_2228641,13.234140396118164,13.234461784362793,ok
LA_D_2228764,16.336196899414062,16.338584899902344,ok
LA_D_2230192,-14.43030834197998,-14.431286811828613,ok
LA_D_2230362,15.792783737182617,15.793389320373535,ok
LA_D_2231364,8.399626731872559,8.399012565612793,ok
LA_D_2231411,15.036336898803711,15.037812232971191,ok
LA_D_2233973,14.850162506103516,14.850813865661621,ok
LA_D_2234125,15.925456047058105,15.927070617675781,ok
LA_D_2235229,11.972726821899414,11.972729682922363,ok
LA_D_2236885,14.758113861083984,14.758913040161133,ok
LA_D_2237572,10.65539264678955,10.656508445739746,ok
LA_D_2238363,13.223333358764648,13.23943042755127,ok
LA_D_2239594,12.225754737854004,12.2299222946167,ok
LA_D_2240504,18.408525466918945,18.414409637451172,ok
LA_D_2242800,11.736003875732422,11.738204002380371,ok
LA_D_2243154,13.733705520629883,13.733819007873535,ok
LA_D_2243169,13.59818172454834,13.598349571228027,ok
LA_D_2244005,17.031877517700195,17.033109664916992,ok
LA_D_2245059,8.489171028137207,8.497015953063965,ok
LA_D_2245814,13.88803768157959,13.889427185058594,ok
LA_D_2246688,16.365999221801758,16.368099212646484,ok
LA_D_2247282,10.623779296875,10.624093055725098,ok
LA_D_2247309,12.906665802001953,12.908408164978027,ok
LA_D_2249074,13.379680633544922,13.382706642150879,ok
LA_D_2250398,11.493718147277832,11.49390697479248,ok
LA_D_2251423,11.863086700439453,11.86365795135498,ok
LA_D_2254293,17.904741287231445,17.908512115478516,ok
LA_D_2254543,9.912125587463379,9.91268253326416,ok
LA_D_2254857,13.618518829345703,13.620051383972168,ok
LA_D_2255247,-13.811432838439941,-13.81145191192627,ok
LA_D_2255957,17.21686553955078,17.22712516784668,ok
LA_D_2256022,13.157188415527344,13.158266067504883,ok
LA_D_2258459,15.184947967529297,15.192294120788574,ok
LA_D_2258741,13.5371675491333,13.540942192077637,ok
LA_D_2259016,12.867380142211914,12.870198249816895,ok
LA_D_2259292,13.448906898498535,13.451029777526855,ok
LA_D_2259476,5.326810359954834,5.326986789703369,ok
LA_D_2259759,14.747909545898438,14.754380226135254,ok
LA_D_2260376,15.870787620544434,15.871859550476074,ok
LA_D_2263211,14.519723892211914,14.522160530090332,ok
LA_D_2264682,-13.725301742553711,-13.7254638671875,ok
LA_D_2265031,14.664417266845703,14.663379669189453,ok
LA_D_2265315,-15.6758451461792,-15.679431915283203,ok
LA_D_2265384,15.927495956420898,15.934074401855469,ok
LA_D_2265492,15.669020652770996,15.669733047485352,ok
LA_D_2265780,9.689842224121094,9.695082664489746,ok
LA_D_2267325,15.304962158203125,15.305357933044434,ok
LA_D_2270025,13.759042739868164,13.7633638381958,ok
LA_D_2270073,14.450899124145508,14.45649242401123,ok
LA_D_2274606,17.743385314941406,17.744709014892578,ok
LA_D_2274956,16.893312454223633,16.89809226989746,ok
LA_D_2275470,11.532988548278809,11.533132553100586,ok
LA_D_2275662,11.365084648132324,11.36535358428955,ok
LA_D_2276836,15.591531753540039,15.591846466064453,ok
LA_D_2276956,8.959968566894531,8.9600191116333,ok
LA_D_2278186,11.913784980773926,11.91611099243164,ok
LA_D_2278407,12.641249656677246,12.641810417175293,ok
LA_D_2279448,11.512151718139648,11.518198013305664,ok
LA_D_2279462,18.946969985961914,18.951234817504883,ok
LA_D_2280242,16.776763916015625,16.78227424621582,ok
LA_D_2280644,17.51702308654785,17.530115127563477,ok
LA_D_2281493,12.88057804107666,12.884997367858887,ok
LA_D_2282941,17.452722549438477,17.46396255493164,ok
LA_D_2284017,11.4390869140625,11.439079284667969,ok
LA_D_2284232,14.02181339263916,14.025175094604492,ok
LA_D_2287068,15.089362144470215,15.089461326599121,ok
LA_D_2287585,-13.318385124206543,-13.320649147033691,ok
LA_D_2288300,12.237519264221191,12.241507530212402,ok
LA_D_2289303,-10.906954765319824,-10.916152000427246,ok
LA_D_2289504,15.592813491821289,15.594549179077148,ok
LA_D_2289906,12.698650360107422,12.69996166229248,ok
LA_D_2289949,12.601258277893066,12.602330207824707,ok
LA_D_2290106,7.5563788414001465,7.556455135345459,ok
LA_D_2290223,12.006114959716797,12.006503105163574,ok
LA_D_2290771,10.469552040100098,10.474893569946289,ok
LA_D_2291890,12.804234504699707,12.80943489074707,ok
LA_D_2292066,16.630002975463867,16.630874633789062,ok
LA_D_2293379,17.632192611694336,17.632192611694336,ok
LA_D_2293597,11.424714088439941,11.424715995788574,ok
LA_D_2293647,16.233579635620117,16.23598289489746,ok
LA_D_2294546,17.04498863220215,17.05220603942871,ok
LA_D_2295230,14.564170837402344,14.567461967468262,ok
LA_D_2295451,9.376383781433105,9.37779712677002,ok
LA_D_2296372,11.20664119720459,11.207262992858887,ok
LA_D_2298020,9.74134635925293,9.741965293884277,ok
LA_D_2298155,16.382280349731445,16.38361930847168,ok
LA_D_2298248,14.132954597473145,14.13425350189209,ok
LA_D_2299839,10.819262504577637,10.81952953338623,ok
LA_D_2300503,15.53213882446289,15.533072471618652,ok
LA_D_2300597,16.671545028686523,16.676790237426758,ok
LA_D_2301497,14.20596981048584,14.207100868225098,ok
LA_D_2303609,-13.86685562133789,-13.868866920471191,ok
LA_D_2304250,15.991561889648438,15.992688179016113,ok
LA_D_2305845,11.51392650604248,11.514864921569824,ok
LA_D_2306690,13.017539978027344,13.025592803955078,ok
LA_D_2306860,14.924212455749512,14.927254676818848,ok
LA_D_2307932,14.058073997497559,14.058793067932129,ok
LA_D_2308716,15.420844078063965,15.421333312988281,ok
LA_D_2309565,14.715934753417969,14.715855598449707,ok
LA_D_2309660,9.640743255615234,9.641921997070312,ok
LA_D_2311080,17.323320388793945,17.326366424560547,ok
LA_D_2311237,-14.76599407196045,-14.769022941589355,ok
LA_D_2314822,11.121731758117676,11.122567176818848,ok
LA_D_2318160,15.034656524658203,15.036890983581543,ok
LA_D_2319450,10.873188972473145,10.874058723449707,ok
LA_D_2319804,12.132858276367188,12.135211944580078,ok
LA_D_2319940,17.649883270263672,17.652481079101562,ok
LA_D_2321124,14.612763404846191,14.613456726074219,ok
LA_D_2322081,-14.93796157836914,-14.938185691833496,ok
LA_D_2322141,14.120567321777344,14.121855735778809,ok
LA_D_2322982,12.665048599243164,12.666952133178711,ok
LA_D_2323900,13.796375274658203,13.797505378723145,ok
LA_D_2324235,-12.652562141418457,-12.654773712158203,ok
LA_D_2325645,12.487679481506348,12.492142677307129,ok
LA_D_2327416,16.277280807495117,16.27902603149414,ok
LA_D_2327560,15.541706085205078,15.542573928833008,ok
LA_D_2328159,19.442384719848633,19.449066162109375,ok
LA_D_2329756,12.893587112426758,12.896879196166992,ok
LA_D_2330702,16.310028076171875,16.31196403503418,ok
LA_D_2332467,11.478987693786621,11.479260444641113,ok
LA_D_2332596,15.3641939163208,15.365437507629395,ok
LA_D_2334588,-13.459129333496094,-13.462980270385742,ok
LA_D_2335219,14.450406074523926,14.451224327087402,ok
LA_D_2335395,9.943326950073242,9.951973915100098,ok
LA_D_2335490,16.886043548583984,16.89585304260254,ok
LA_D_2335769,15.569254875183105,15.570761680603027,ok
LA_D_2336005,18.534576416015625,18.536409378051758,ok
LA_D_2338525,-12.265763282775879,-12.266256332397461,ok
LA_D_2339812,13.826170921325684,13.832213401794434,ok
LA_D_2339825,-11.932443618774414,-11.934431076049805,ok
LA_D_2340415,12.55510425567627,12.557333946228027,ok
LA_D_2340770,13.16892147064209,13.1687593460083,ok
LA_D_2341150,13.47691822052002,13.47690486907959,ok
LA_D_2341615,13.08847713470459,13.089909553527832,ok
LA_D_2341646,12.396625518798828,12.397333145141602,ok
LA_D_2342254,17.36497688293457,17.370527267456055,ok
LA_D_2342626,16.95241928100586,16.95288848876953,ok
LA_D_2343950,14.638103485107422,14.639107704162598,ok
LA_D_2344292,16.881437301635742,16.882516860961914,ok
LA_D_2344679,10.939916610717773,10.942028045654297,ok
LA_D_2345337,18.220338821411133,18.22273063659668,ok
LA_D_2345402,8.958788871765137,8.95930290222168,ok
LA_D_2346599,17.35600471496582,17.357641220092773,ok
LA_D_2347486,13.998870849609375,13.99975872039795,ok
LA_D_2349125,12.54505729675293,12.546791076660156,ok
LA_D_2350008,15.327869415283203,15.328661918640137,ok
LA_D_2350123,15.484428405761719,15.486553192138672,ok
LA_D_2350572,13.179723739624023,13.182028770446777,ok
LA_D_2350784,14.820637702941895,14.822880744934082,ok
LA_D_2352643,11.426177978515625,11.427145957946777,ok
LA_D_2352862,12.166277885437012,12.167229652404785,ok
LA_D_2352948,14.468521118164062,14.469843864440918,ok
LA_D_2353795,13.59929084777832,13.599333763122559,ok
LA_D_2354611,14.771371841430664,14.771870613098145,ok
LA_D_2357327,13.76132869720459,13.762099266052246,ok
LA_D_2357497,18.63306427001953,18.6423397064209,ok
LA_D_2358779,15.252737998962402,15.256729125976562,ok
LA_D_2360026,15.175829887390137,15.176950454711914,ok
LA_D_2361529,10.929830551147461,10.929888725280762,ok
LA_D_2361610,13.788846969604492,13.794371604919434,ok
LA_D_2361735,14.412420272827148,14.419743537902832,ok
LA_D_2363490,14.904620170593262,14.910101890563965,ok
LA_D_2363543,12.88212776184082,12.88233470916748,ok
LA_D_2363836,-14.450509071350098,-14.453335762023926,ok
LA_D_2364299,16.69976806640625,16.701236724853516,ok
LA_D_2364584,14.022523880004883,14.022978782653809,ok
LA_D_2364597,15.043584823608398,15.045001029968262,ok
LA_D_2365147,-12.745512962341309,-12.747594833374023,ok
LA_D_2365482,14.13812255859375,14.13886547088623,ok
LA_D_2365865,17.08622169494629,17.087377548217773,ok
LA_D_2366142,17.3013858795166,17.316556930541992,ok
LA_D_2367658,13.224810600280762,13.229826927185059,ok
LA_D_2367854,12.871394157409668,12.871638298034668,ok
LA_D_2367943,18.27000617980957,18.272092819213867,ok
LA_D_2368097,18.221893310546875,18.236284255981445,ok
LA_D_2369381,13.763551712036133,13.768982887268066,ok
LA_D_2369549,19.45709228515625,19.457761764526367,ok
LA_D_2370383,-15.341050148010254,-15.342832565307617,ok
LA_D_2370652,9.199421882629395,9.199437141418457,ok
LA_D_2371320,17.78089141845703,17.78318214416504,ok
LA_D_2371366,13.968626022338867,13.969490051269531,ok
LA_D_2371531,13.627455711364746,13.635197639465332,ok
LA_D_2372787,18.36602210998535,18.373327255249023,ok
LA_D_2372835,14.511701583862305,14.516077995300293,ok
LA_D_2373826,18.02189064025879,18.030908584594727,ok
LA_D_2374054,12.87024974822998,12.872170448303223,ok
LA_D_2374547,16.086427688598633,16.091630935668945,ok
LA_D_2374590,12.275203704833984,12.275273323059082,ok
LA_D_2375001,16.469486236572266,16.472841262817383,ok
LA_D_2375008,-14.377950668334961,-14.378390312194824,ok
LA_D_2375973,8.730489730834961,8.732132911682129,ok
LA_D_2376428,16.36366081237793,16.36530876159668,ok
LA_D_2379249,15.025142669677734,15.028773307800293,ok
LA_D_2379549,11.380866050720215,11.382403373718262,ok
LA_D_2380064,-13.578900337219238,-13.589193344116211,ok
LA_D_2380135,12.037981986999512,12.038018226623535,ok
LA_D_2380365,10.13746166229248,10.14560604095459,ok
LA_D_2381000,12.188506126403809,12.195744514465332,ok
LA_D_2382522,-14.674277305603027,-14.674337387084961,ok
LA_D_2382681,14.633279800415039,14.633313179016113,ok
LA_D_2382959,12.920680046081543,12.924883842468262,ok
LA_D_2385054,14.467872619628906,14.469393730163574,ok
LA_D_2386184,18.27787971496582,18.28131103515625,ok
LA_D_2386577,18.741743087768555,18.742782592773438,ok
LA_D_2388211,11.224116325378418,11.224783897399902,ok
LA_D_2388321,13.531523704528809,13.539826393127441,ok
LA_D_2389765,14.276596069335938,14.277957916259766,ok
LA_D_2392484,13.049467086791992,13.052363395690918,ok
LA_D_2393554,14.481059074401855,14.482852935791016,ok
LA_D_2394024,15.955947875976562,15.956315040588379,ok
LA_D_2395590,12.145925521850586,12.147757530212402,ok
LA_D_2395644,14.262717247009277,14.264318466186523,ok
LA_D_2395699,17.74626922607422,17.753602981567383,ok
LA_D_2396760,11.126195907592773,11.127776145935059,ok
LA_D_2396773,10.7470703125,10.747267723083496,ok
LA_D_2397533,8.56070327758789,8.561600685119629,ok
LA_D_2399485,14.305782318115234,14.30889892578125,ok
LA_D_2399961,15.930656433105469,15.931979179382324,ok
LA_D_2400343,13.947237968444824,13.95232105255127,ok
LA_D_2401656,12.465883255004883,12.465943336486816,ok
LA_D_2402189,7.5129241943359375,7.5172014236450195,ok
LA_D_2403062,9.14252758026123,9.142650604248047,ok
LA_D_2403365,8.368643760681152,8.369159698486328,ok
LA_D_2403858,14.422321319580078,14.423430442810059,ok
LA_D_2404279,10.829113006591797,10.829156875610352,ok
LA_D_2404405,-14.128140449523926,-14.128458023071289,ok
LA_D_2405181,16.046873092651367,16.046863555908203,ok
LA_D_2405339,16.4078426361084,16.413999557495117,ok
LA_D_2405558,13.860841751098633,13.877279281616211,ok
LA_D_2406469,18.07396697998047,18.078588485717773,ok
LA_D_2406653,10.872889518737793,10.873735427856445,ok
LA_D_2406981,6.85215425491333,6.861917018890381,ok
LA_D_2408504,14.117386817932129,14.117827415466309,ok
LA_D_2409304,15.059072494506836,15.060820579528809,ok
LA_D_2409344,16.512361526489258,16.5253849029541,ok
LA_D_2410043,5.405391216278076,5.405847549438477,ok
LA_D_2412061,16.48496437072754,16.488962173461914,ok
LA_D_2412410,7.421455383300781,7.422149181365967,ok
LA_D_2412446,12.002025604248047,12.002934455871582,ok
LA_D_2412575,8.95296859741211,8.956506729125977,ok
LA_D_2412960,-6.799070835113525,-6.801781177520752,ok
LA_D_2413214,15.695706367492676,15.697248458862305,ok
LA_D_2413811,13.328424453735352,13.330436706542969,ok
LA_D_2414625,15.205883026123047,15.206648826599121,ok
LA_D_2416790,13.315282821655273,13.317866325378418,ok
LA_D_2417193,-16.515884399414062,-16.51993751525879,ok
LA_D_2417651,14.65994644165039,14.674439430236816,ok
LA_D_2417938,14.328278541564941,14.331395149230957,ok
LA_D_2418862,14.514114379882812,14.51583480834961,ok
LA_D_2418943,13.481257438659668,13.483536720275879,ok
LA_D_2419036,17.524660110473633,17.527368545532227,ok
LA_D_2419210,17.8358154296875,17.83722496032715,ok
LA_D_2419825,17.525911331176758,17.536680221557617,ok
LA_D_2419904,18.79351043701172,18.808683395385742,ok
LA_D_2421665,12.069241523742676,12.071715354919434,ok
LA_D_2422297,13.091404914855957,13.09359073638916,ok
LA_D_2422770,15.742523193359375,15.743212699890137,ok
LA_D_2423406,17.734724044799805,17.735567092895508,ok
LA_D_2424417,13.215312004089355,13.215249061584473,ok
LA_D_2424487,12.679499626159668,12.679505348205566,ok
LA_D_2425412,14.562765121459961,14.56311321258545,ok
LA_D_2425446,18.966510772705078,18.96940803527832,ok
LA_D_2425743,14.704822540283203,14.707984924316406,ok
LA_D_2426166,11.146273612976074,11.148094177246094,ok
LA_D_2426319,19.194393157958984,19.195220947265625,ok
LA_D_2427111,11.773624420166016,11.774270057678223,ok
LA_D_2427116,8.470183372497559,8.471728324890137,ok
LA_D_2427170,19.788753509521484,19.7919979095459,ok
LA_D_2427445,18.454137802124023,18.471120834350586,ok
LA_D_2428124,14.588193893432617,14.592613220214844,ok
LA_D_2428239,13.194005966186523,13.194855690002441,ok
LA_D_2428433,17.629146575927734,17.631183624267578,ok
LA_D_2430078,9.030671119689941,9.03195858001709,ok
LA_D_2430243,15.330196380615234,15.332221031188965,ok
LA_D_2431857,15.303803443908691,15.308693885803223,ok
LA_D_2432615,14.263006210327148,14.263787269592285,ok
LA_D_2433056,12.708183288574219,12.708916664123535,ok
LA_D_2434538,18.867645263671875,18.86777687072754,ok
LA_D_2435960,8.790139198303223,8.789508819580078,ok
LA_D_2436364,-15.202984809875488,-15.203937530517578,ok
LA_D_2437354,10.74449634552002,10.747933387756348,ok
LA_D_2437399,16.904752731323242,16.910688400268555,ok
LA_D_2439299,17.78295135498047,17.78571891784668,ok
LA_D_2441093,12.838850021362305,12.839547157287598,ok
LA_D_2441155,11.971936225891113,11.980658531188965,ok
LA_D_2441943,-12.80070972442627,-12.803887367248535,ok
LA_D_2442523,15.421640396118164,15.425471305847168,ok
LA_D_2443752,16.244186401367188,16.24437141418457,ok
LA_D_2444360,14.468759536743164,14.47183609008789,ok
LA_D_2444810,12.804600715637207,12.809144973754883,ok
LA_D_2445037,14.179953575134277,14.179976463317871,ok
LA_D_2445554,-14.83728313446045,-14.838311195373535,ok
LA_D_2445772,14.059563636779785,14.059558868408203,ok
LA_D_2446049,12.92975902557373,12.93088436126709,ok
LA_D_2446369,17.483562469482422,17.48807144165039,ok
LA_D_2447524,16.589435577392578,16.592618942260742,ok
LA_D_2448121,14.841464042663574,14.843716621398926,ok
LA_D_2448162,9.87224292755127,9.872275352478027,ok
LA_D_2449761,8.785371780395508,8.788795471191406,ok
LA_D_2451673,14.759404182434082,14.765122413635254,ok
LA_D_2451686,17.833505630493164,17.833906173706055,ok
LA_D_2451802,19.19565200805664,19.195833206176758,ok
LA_D_2452544,-12.108419418334961,-12.117203712463379,ok
LA_D_2454370,19.2874755859375,19.29149055480957,ok
LA_D_2455516,19.130945205688477,19.13691520690918,ok
LA_D_2456990,17.654462814331055,17.654462814331055,ok
LA_D_2458766,15.388656616210938,15.391342163085938,ok
LA_D_2460010,15.968330383300781,15.976147651672363,ok
LA_D_2460108,14.285446166992188,14.287007331848145,ok
LA_D_2460221,16.53813362121582,16.539241790771484,ok
LA_D_2460870,16.957059860229492,16.961023330688477,ok
LA_D_2461413,12.41572093963623,12.416631698608398,ok
LA_D_2461506,13.250123023986816,13.25117015838623,ok
LA_D_2461601,12.805660247802734,12.8074951171875,ok
LA_D_2462449,15.037530899047852,15.037339210510254,ok
LA_D_2462521,-13.091365814208984,-13.092432975769043,ok
LA_D_2464441,12.174887657165527,12.177504539489746,ok
LA_D_2465807,15.823882102966309,15.824322700500488,ok
LA_D_2466781,-12.001853942871094,-12.003063201904297,ok
LA_D_2466917,10.557473182678223,10.558022499084473,ok
LA_D_2467416,15.431914329528809,15.432122230529785,ok
LA_D_2467700,16.437406539916992,16.4405460357666,ok
LA_D_2468278,7.976633548736572,7.977911472320557,ok
LA_D_2469934,18.6717472076416,18.681039810180664,ok
LA_D_2471375,13.311583518981934,13.310830116271973,ok
LA_D_2471995,17.891130447387695,17.894495010375977,ok
LA_D_2473428,10.278494834899902,10.279776573181152,ok
LA_D_2473723,15.865028381347656,15.866528511047363,ok
LA_D_2473777,12.164620399475098,12.165678977966309,ok
LA_D_2473895,18.152868270874023,18.155115127563477,ok
LA_D_2473905,16.891611099243164,16.892702102661133,ok
LA_D_2475221,11.675440788269043,11.675599098205566,ok
LA_D_2475830,13.264567375183105,13.269248008728027,ok
LA_D_2478413,14.933004379272461,14.934332847595215,ok
LA_D_2478969,16.063993453979492,16.064565658569336,ok
LA_D_2479312,14.702481269836426,14.702670097351074,ok
LA_D_2480484,23.46605682373047,23.46929359436035,ok
LA_D_2481318,12.849976539611816,12.850720405578613,ok
LA_D_2481485,15.71291446685791,15.716292381286621,ok
LA_D_2481560,13.629179954528809,13.629294395446777,ok
LA_D_2482572,15.402070999145508,15.404467582702637,ok
LA_D_2482996,14.116305351257324,14.120583534240723,ok
LA_D_2483131,17.282405853271484,17.283796310424805,ok
LA_D_2484663,14.823078155517578,14.824389457702637,ok
LA_D_2485107,19.10965347290039,19.110307693481445,ok
LA_D_2485529,13.167465209960938,13.167458534240723,ok
LA_D_2485725,20.050857543945312,20.05624008178711,ok
LA_D_2488691,17.158281326293945,17.163408279418945,ok
LA_D_2488913,12.887392044067383,12.887343406677246,ok
LA_D_2488992,11.666701316833496,11.667569160461426,ok
LA_D_2489813,15.353790283203125,15.355011940002441,ok
LA_D_2490025,12.108460426330566,12.112942695617676,ok
LA_D_2490231,15.269298553466797,15.2728853225708,ok
LA_D_2490654,17.395662307739258,17.410078048706055,ok
LA_D_2490787,7.984785556793213,7.983946323394775,ok
LA_D_2491741,8.687540054321289,8.690825462341309,ok
LA_D_2492206,16.30487060546875,16.30510139465332,ok
LA_D_2492831,10.516192436218262,10.51941204071045,ok
LA_D_2493315,-3.7364349365234375,-3.736487627029419,ok
LA_D_2494446,14.505269050598145,14.506501197814941,ok
LA_D_2494449,12.233104705810547,12.236807823181152,ok
LA_D_2494496,12.450371742248535,12.454903602600098,ok
LA_D_2494939,12.533415794372559,12.533605575561523,ok
LA_D_2496910,-9.829636573791504,-9.831913948059082,ok
LA_D_2497046,16.818967819213867,16.819311141967773,ok
LA_D_2498281,21.020891189575195,21.025644302368164,ok
LA_D_2498389,12.377416610717773,12.37772274017334,ok
LA_D_2498703,15.331640243530273,15.33300495147705,ok
LA_D_2499496,18.47597885131836,18.477827072143555,ok
LA_D_2499638,11.73482608795166,11.73528003692627,ok
LA_D_2499680,14.908365249633789,14.909138679504395,ok
LA_D_2499954,8.168269157409668,8.168601036071777,ok
LA_D_2499979,12.704634666442871,12.709071159362793,ok
LA_D_2500876,11.751840591430664,11.75198745727539,ok
LA_D_2501643,11.024579048156738,11.024714469909668,ok
LA_D_2502418,13.515142440795898,13.516695976257324,ok
LA_D_2502471,10.878408432006836,10.878714561462402,ok
LA_D_2502487,11.38564395904541,11.3901948928833,ok
LA_D_2503313,16.566743850708008,16.56740951538086,ok
LA_D_2504438,14.424701690673828,14.428603172302246,ok
LA_D_2504571,18.192569732666016,18.200529098510742,ok
LA_D_2507417,12.010218620300293,12.015135765075684,ok
LA_D_2507973,14.98663330078125,14.989300727844238,ok
LA_D_2508069,16.456554412841797,16.46049690246582,ok
LA_D_2508484,11.269340515136719,11.269736289978027,ok
LA_D_2508763,10.349109649658203,10.350753784179688,ok
LA_D_2509891,12.651127815246582,12.654964447021484,ok
LA_D_2510886,13.129987716674805,13.130908966064453,ok
LA_D_2511151,10.245139122009277,10.245633125305176,ok
LA_D_2513024,10.960904121398926,10.967970848083496,ok
LA_D_2514874,6.290930271148682,6.291926860809326,ok
LA_D_2515908,13.026494979858398,13.030671119689941,ok
LA_D_2516382,13.427027702331543,13.429194450378418,ok
LA_D_2517022,-14.440510749816895,-14.462489128112793,ok
LA_D_2517481,15.741559982299805,15.745011329650879,ok
LA_D_2518822,-12.945853233337402,-12.946008682250977,ok
LA_D_2518987,9.697606086730957,9.697630882263184,ok
LA_D_2519499,10.120046615600586,10.121052742004395,ok
LA_D_2519581,16.24953269958496,16.250961303710938,ok
LA_D_2519862,-13.85222339630127,-13.853495597839355,ok
LA_D_2522340,17.457809448242188,17.460298538208008,ok
LA_D_2523108,23.251657485961914,23.25701332092285,ok
LA_D_2525000,-14.918697357177734,-14.920048713684082,ok
LA_D_2525110,14.747239112854004,14.752854347229004,ok
LA_D_2525525,11.005876541137695,11.006122589111328,ok
LA_D_2525577,14.416306495666504,14.418700218200684,ok
LA_D_2526971,7.668100833892822,7.668874263763428,ok
LA_D_2527215,18.225122451782227,18.23267936706543,ok
LA_D_2527247,15.582710266113281,15.582743644714355,ok
LA_D_2528296,15.096579551696777,15.097542762756348,ok
LA_D_2529982,17.647478103637695,17.670063018798828,ok
LA_D_2530462,13.21545124053955,13.215486526489258,ok
LA_D_2530547,19.623903274536133,19.6407413482666,ok
LA_D_2531373,-13.092269897460938,-13.100918769836426,ok
LA_D_2531385,15.864048957824707,15.866095542907715,ok
LA_D_2532530,16.544200897216797,16.544904708862305,ok
LA_D_2532665,16.049100875854492,16.054052352905273,ok
LA_D_2533846,10.609509468078613,10.609814643859863,ok
LA_D_2534146,11.542089462280273,11.542959213256836,ok
LA_D_2534849,-13.491849899291992,-13.500475883483887,ok
LA_D_2536110,18.118873596191406,18.123361587524414,ok
LA_D_2536179,11.283555030822754,11.285553932189941,ok
LA_D_2536291,4.504637241363525,4.506009578704834,ok
LA_D_2537525,14.711191177368164,14.714251518249512,ok
LA_D_2539732,12.818047523498535,12.820666313171387,ok
LA_D_2540693,12.133940696716309,12.140338897705078,ok
LA_D_2541236,16.89414405822754,16.894392013549805,ok
LA_D_2541397,12.66775894165039,12.668257713317871,ok
LA_D_2541811,12.419245719909668,12.41979694366455,ok
LA_D_2541982,16.443147659301758,16.44879722595215,ok
LA_D_2542296,11.096672058105469,11.097549438476562,ok
LA_D_2542630,10.836495399475098,10.836638450622559,ok
LA_D_2542779,14.134149551391602,14.134376525878906,ok
LA_D_2542974,14.043015480041504,14.045201301574707,ok
LA_D_2543157,15.274070739746094,15.280985832214355,ok
LA_D_2544213,15.389937400817871,15.392085075378418,ok
LA_D_2544697,14.37430477142334,14.378114700317383,ok
LA_D_2545209,14.097208023071289,14.101414680480957,ok
LA_D_2545730,17.093050003051758,17.09700584411621,ok
LA_D_2545950,14.068270683288574,14.06832218170166,ok
LA_D_2546184,14.347200393676758,14.348159790039062,ok
LA_D_2547623,14.431962013244629,14.438775062561035,ok
LA_D_2549631,11.05180835723877,11.060952186584473,ok
LA_D_2549993,13.007125854492188,13.007105827331543,ok
LA_D_2550165,15.025727272033691,15.028197288513184,ok
LA_D_2550548,14.022209167480469,14.023282051086426,ok
LA_D_2551261,12.78020191192627,12.782315254211426,ok
LA_D_2552841,10.804271697998047,10.807863235473633,ok
LA_D_2553532,9.147528648376465,9.148153305053711,ok
LA_D_2555715,14.87097454071045,14.88398551940918,ok
LA_D_2556606,17.647106170654297,17.64777374267578,ok
LA_D_2557760,13.971138000488281,13.976855278015137,ok
LA_D_2557946,16.142871856689453,16.148427963256836,ok
LA_D_2558084,12.392684936523438,12.394196510314941,ok
LA_D_2558912,15.661050796508789,15.663869857788086,ok
LA_D_2559493,12.624470710754395,12.628003120422363,ok
LA_D_2561400,13.182034492492676,13.18533706665039,ok
LA_D_2562850,15.11782169342041,15.132184982299805,ok
LA_D_2563154,12.631582260131836,12.634406089782715,ok
LA_D_2563213,15.493834495544434,15.500210762023926,ok
LA_D_2564083,13.633753776550293,13.637715339660645,ok
LA_D_2565263,12.622654914855957,12.622762680053711,ok
LA_D_2565359,-15.479985237121582,-15.481464385986328,ok
LA_D_2565381,16.791757583618164,16.791799545288086,ok
LA_D_2566690,13.160629272460938,13.161402702331543,ok
LA_D_2566965,18.020854949951172,18.03715705871582,ok
LA_D_2567965,11.58359146118164,11.585515022277832,ok
LA_D_2570184,10.111649513244629,10.111676216125488,ok
LA_D_2570544,10.889930725097656,10.8906888961792,ok
LA_D_2570780,12.025677680969238,12.027606964111328,ok
LA_D_2571309,14.110455513000488,14.112130165100098,ok
LA_D_2572361,16.498493194580078,16.49847984313965,ok
LA_D_2573565,14.745545387268066,14.748900413513184,ok
LA_D_2575136,19.44895362854004,19.4549617767334,ok
LA_D_2575495,11.031234741210938,11.031332969665527,ok
LA_D_2576768,13.134625434875488,13.13457202911377,ok
LA_D_2576822,11.83816146850586,11.839837074279785,ok
LA_D_2577424,6.192630767822266,6.192923069000244,ok
LA_D_2578749,-13.222444534301758,-13.224825859069824,ok
LA_D_2579139,14.728728294372559,14.731846809387207,ok
LA_D_2579249,12.236047744750977,12.236258506774902,ok
LA_D_2579907,11.697739601135254,11.700837135314941,ok
LA_D_2581071,11.137036323547363,11.13791561126709,ok
LA_D_2581733,17.07898712158203,17.082643508911133,ok
LA_D_2583710,14.224935531616211,14.22866439819336,ok
LA_D_2583973,16.284971237182617,16.288312911987305,ok
LA_D_2586141,9.674052238464355,9.674057006835938,ok
LA_D_2587030,10.90462875366211,10.907929420471191,ok
LA_D_2589783,15.03584098815918,15.039935111999512,ok
LA_D_2590726,-15.269906997680664,-15.272031784057617,ok
LA_D_2590744,10.865609169006348,10.866671562194824,ok
LA_D_2590761,16.347076416015625,16.348642349243164,ok
LA_D_2592823,16.727407455444336,16.731033325195312,ok
LA_D_2595427,13.338372230529785,13.341126441955566,ok
LA_D_2595652,11.56751537322998,11.567571640014648,ok
LA_D_2596003,15.688904762268066,15.688974380493164,ok
LA_D_2596513,11.808148384094238,11.80855655670166,ok
LA_D_2597129,11.517342567443848,11.517678260803223,ok
LA_D_2597444,14.332921028137207,14.334054946899414,ok
LA_D_2597748,-14.963211059570312,-14.968398094177246,ok
LA_D_2598079,13.164466857910156,13.164860725402832,ok
LA_D_2598117,12.581969261169434,12.583085060119629,ok
LA_D_2598422,14.278047561645508,14.283005714416504,ok
LA_D_2598470,4.123678684234619,4.123748779296875,ok
LA_D_2598664,20.404376983642578,20.4188175201416,ok
LA_D_2600674,11.003661155700684,11.003703117370605,ok
LA_D_2601154,17.123371124267578,17.124774932861328,ok
LA_D_2602113,12.94896125793457,12.949362754821777,ok
LA_D_2602453,16.807069778442383,16.807878494262695,ok
LA_D_2602670,16.342676162719727,16.344127655029297,ok
LA_D_2602925,13.244065284729004,13.245403289794922,ok
LA_D_2603106,11.805864334106445,11.806622505187988,ok
LA_D_2604446,14.745633125305176,14.7496976852417,ok
LA_D_2606095,9.818591117858887,9.818696022033691,ok
LA_D_2607016,16.428211212158203,16.430286407470703,ok
LA_D_2607277,14.865938186645508,14.87097454071045,ok
LA_D_2608601,15.8870210647583,15.893265724182129,ok
LA_D_2609052,11.426591873168945,11.427994728088379,ok
LA_D_2609323,-13.078923225402832,-13.082037925720215,ok
LA_D_2609462,16.11091423034668,16.11142921447754,ok
LA_D_2610325,12.714929580688477,12.716062545776367,ok
LA_D_2612254,-15.52348518371582,-15.5255765914917,ok
LA_D_2613067,20.346933364868164,20.35699462890625,ok
LA_D_2613646,12.328256607055664,12.329485893249512,ok
LA_D_2615945,11.043756484985352,11.045432090759277,ok
LA_D_2616799,12.094032287597656,12.096077919006348,ok
LA_D_2617066,13.3392333984375,13.34003734588623,ok
LA_D_2617516,14.536898612976074,14.53809642791748,ok
LA_D_2618723,13.059755325317383,13.060298919677734,ok
LA_D_2618748,14.066885948181152,14.067294120788574,ok
LA_D_2619504,11.696488380432129,11.69865894317627,ok
LA_D_2621156,13.822736740112305,13.823676109313965,ok
LA_D_2621260,10.7526216506958,10.752466201782227,ok
LA_D_2622778,10.185535430908203,10.18552303314209,ok
LA_D_2623262,21.116058349609375,21.120040893554688,ok
LA_D_2625096,11.032405853271484,11.033574104309082,ok
LA_D_2625129,19.316715240478516,19.3530330657959,ok
LA_D_2625605,14.526900291442871,14.527705192565918,ok
LA_D_2626102,15.84068489074707,15.851518630981445,ok
LA_D_2626312,14.287895202636719,14.290003776550293,ok
LA_D_2626325,15.061813354492188,15.062549591064453,ok
LA_D_2627199,17.536577224731445,17.542768478393555,ok
LA_D_2627350,15.202465057373047,15.213152885437012,ok
LA_D_2628079,11.65632438659668,11.657919883728027,ok
LA_D_2628131,14.529641151428223,14.530465126037598,ok
LA_D_2628460,14.607529640197754,14.607872009277344,ok
LA_D_2628592,15.813843727111816,15.816699028015137,ok
LA_D_2628819,16.677745819091797,16.679533004760742,ok
LA_D_2630786,15.359233856201172,15.360995292663574,ok
LA_D_2632286,16.983306884765625,16.9847469329834,ok
LA_D_2632718,11.75158405303955,11.759551048278809,ok
LA_D_2633677,18.392236709594727,18.397310256958008,ok
LA_D_2634056,11.195089340209961,11.195097923278809,ok
LA_D_2634266,7.555912494659424,7.556125164031982,ok
LA_D_2636579,20.821670532226562,20.82663917541504,ok
LA_D_2637205,10.501998901367188,10.50196361541748,ok
LA_D_2638013,15.980114936828613,15.985201835632324,ok
LA_D_2638042,14.223566055297852,14.223610877990723,ok
LA_D_2639105,17.58148765563965,17.58251190185547,ok
LA_D_2642581,8.598973274230957,8.599193572998047,ok
LA_D_2643003,14.841410636901855,14.846209526062012,ok
LA_D_2643276,15.286956787109375,15.299392700195312,ok
LA_D_2643397,19.155351638793945,19.160959243774414,ok
LA_D_2644387,-5.111452102661133,-5.111763000488281,ok
LA_D_2644554,13.38524341583252,13.391026496887207,ok
LA_D_2645663,14.859519004821777,14.864112854003906,ok
LA_D_2646681,23.165302276611328,23.1717586517334,ok
LA_D_2647059,10.178248405456543,10.178502082824707,ok
LA_D_2648396,12.390826225280762,12.390934944152832,ok
LA_D_2648941,16.775598526000977,16.77638053894043,ok
LA_D_2649278,18.65873908996582,18.663738250732422,ok
LA_D_2649880,14.996956825256348,14.999188423156738,ok
LA_D_2651341,9.258262634277344,9.25834846496582,ok
LA_D_2651795,8.909616470336914,8.90979290008545,ok
LA_D_2652985,9.060118675231934,9.060422897338867,ok
LA_D_2653429,9.520064353942871,9.530010223388672,ok
LA_D_2653610,13.399995803833008,13.400580406188965,ok
LA_D_2654160,13.625028610229492,13.625361442565918,ok
LA_D_2655283,12.808886528015137,12.808796882629395,ok
LA_D_2655610,-12.760327339172363,-12.761282920837402,ok
LA_D_2655621,15.859740257263184,15.870892524719238,ok
LA_D_2656565,14.98739242553711,14.987835884094238,ok
LA_D_2657707,14.028904914855957,14.029484748840332,ok
LA_D_2658622,-12.529897689819336,-12.533474922180176,ok
LA_D_2658832,11.755528450012207,11.758091926574707,ok
LA_D_2658907,7.19370174407959,7.193856716156006,ok
LA_D_2659066,-13.044081687927246,-13.044400215148926,ok
LA_D_2660381,17.692012786865234,17.697900772094727,ok
LA_D_2660438,9.407947540283203,9.40832805633545,ok
LA_D_2660514,14.14527702331543,14.146409034729004,ok
LA_D_2661411,16.895099639892578,16.899402618408203,ok
LA_D_2661690,15.8191556930542,15.825159072875977,ok
LA_D_2661958,14.253195762634277,14.253262519836426,ok
LA_D_2663437,15.467794418334961,15.46983528137207,ok
LA_D_2665880,9.42585277557373,9.42806339263916,ok
LA_D_2666258,15.725427627563477,15.735282897949219,ok
LA_D_2667561,16.40838050842285,16.41386604309082,ok
LA_D_2667967,15.480143547058105,15.480155944824219,ok
LA_D_2668830,11.024264335632324,11.02507495880127,ok
LA_D_2669080,18.871578216552734,18.872575759887695,ok
LA_D_2669376,15.836864471435547,15.840853691101074,ok
LA_D_2669790,12.57836627960205,12.579330444335938,ok
LA_D_2670809,14.832737922668457,14.835772514343262,ok
LA_D_2671594,8.657382011413574,8.657605171203613,ok
LA_D_2674105,14.904699325561523,14.905694007873535,ok
LA_D_2676220,9.870637893676758,9.870537757873535,ok
LA_D_2677497,12.69398307800293,12.69414234161377,ok
LA_D_2677654,9.703520774841309,9.703518867492676,ok
LA_D_2680311,11.032353401184082,11.032878875732422,ok
LA_D_2682641,15.317359924316406,15.320805549621582,ok
LA_D_2683285,18.01531219482422,18.018476486206055,ok
LA_D_2684010,14.52175521850586,14.522980690002441,ok
LA_D_2684959,15.16226577758789,15.16641616821289,ok
LA_D_2685703,19.235261917114258,19.238792419433594,ok
LA_D_2686014,14.756916999816895,14.760641098022461,ok
LA_D_2686278,10.703461647033691,10.704217910766602,ok
LA_D_2688414,-9.8699312210083,-9.871495246887207,ok
LA_D_2688863,14.393327713012695,14.394718170166016,ok
LA_D_2689404,13.943775177001953,13.945935249328613,ok
LA_D_2690336,13.67496109008789,13.675921440124512,ok
LA_D_2690518,11.680281639099121,11.680548667907715,ok
LA_D_2690780,-12.854608535766602,-12.854958534240723,ok
LA_D_2691745,16.01763153076172,16.021116256713867,ok
LA_D_2691829,10.15884017944336,10.160924911499023,ok
LA_D_2691873,15.025710105895996,15.028035163879395,ok
LA_D_2691898,15.121076583862305,15.121271133422852,ok
LA_D_2692136,19.819705963134766,19.82917594909668,ok
LA_D_2692895,10.122201919555664,10.122525215148926,ok
LA_D_2693758,10.384011268615723,10.383957862854004,ok
LA_D_2693786,13.025677680969238,13.025873184204102,ok
LA_D_2695373,17.16783332824707,17.169992446899414,ok
LA_D_2696306,12.637218475341797,12.638834953308105,ok
LA_D_2696379,9.224102020263672,9.224358558654785,ok
LA_D_2696634,13.00267219543457,13.004694938659668,ok
LA_D_2697100,12.705184936523438,12.709214210510254,ok
LA_D_2698574,14.19123649597168,14.191914558410645,ok
LA_D_2699739,10.205893516540527,10.206015586853027,ok
LA_D_2700899,13.814101219177246,13.816802024841309,ok
LA_D_2700963,14.710392951965332,14.7114839553833,ok
LA_D_2701856,12.887085914611816,12.891655921936035,ok
LA_D_2705731,11.363402366638184,11.363341331481934,ok
LA_D_2706710,16.20372772216797,16.20462989807129,ok
LA_D_2707454,12.302244186401367,12.302289009094238,ok
LA_D_2707564,15.001439094543457,15.003067970275879,ok
LA_D_2708011,16.709373474121094,16.71576499938965,ok
LA_D_2708980,14.94178295135498,14.942344665527344,ok
LA_D_2709061,14.43229866027832,14.43349838256836,ok
LA_D_2709080,13.916120529174805,13.916592597961426,ok
LA_D_2709100,16.102033615112305,16.103334426879883,ok
LA_D_2709105,11.28652286529541,11.286553382873535,ok
LA_D_2709995,14.214448928833008,14.216696739196777,ok
LA_D_2710906,9.892629623413086,9.89412784576416,ok
LA_D_2712069,18.943092346191406,18.95905303955078,ok
LA_D_2712599,-15.760590553283691,-15.763203620910645,ok
LA_D_2715241,8.089614868164062,8.091156959533691,ok
LA_D_2715552,17.483449935913086,17.483503341674805,ok
LA_D_2715685,16.211450576782227,16.215513229370117,ok
LA_D_2717878,9.190027236938477,9.191041946411133,ok
LA_D_2717961,5.466439723968506,5.466442584991455,ok
LA_D_2718507,16.980985641479492,16.98160743713379,ok
LA_D_2718909,-15.66097640991211,-15.66292667388916,ok
LA_D_2719811,12.875799179077148,12.875753402709961,ok
LA_D_2720139,13.795928955078125,13.798243522644043,ok
LA_D_2720424,8.374448776245117,8.374469757080078,ok
LA_D_2720435,14.867340087890625,14.868083953857422,ok
LA_D_2720510,12.37873649597168,12.381300926208496,ok
LA_D_2720782,12.591177940368652,12.59225082397461,ok
LA_D_2721191,14.420429229736328,14.421387672424316,ok
LA_D_2722401,12.883280754089355,12.88428783416748,ok
LA_D_2723107,9.950053215026855,9.95273208618164,ok
LA_D_2723301,14.605255126953125,14.608447074890137,ok
LA_D_2724699,17.37955093383789,17.37993621826172,ok
LA_D_2724805,11.437028884887695,11.438397407531738,ok
LA_D_2726610,16.788654327392578,16.7908878326416,ok
LA_D_2726931,13.928361892700195,13.929612159729004,ok
LA_D_2727763,9.90048599243164,9.90459156036377,ok
LA_D_2727780,13.373125076293945,13.374290466308594,ok
LA_D_2728150,13.228752136230469,13.229302406311035,ok
LA_D_2728628,11.15469741821289,11.156624794006348,ok
LA_D_2730974,19.145387649536133,19.149127960205078,ok
LA_D_2731036,14.466089248657227,14.466629981994629,ok
LA_D_2731741,-14.42367172241211,-14.428833961486816,ok
LA_D_2732640,15.193041801452637,15.19675350189209,ok
LA_D_2733428,-15.49876594543457,-15.499242782592773,ok
LA_D_2733623,13.025811195373535,13.03033447265625,ok
LA_D_2734048,11.193744659423828,11.194552421569824,ok
LA_D_2734913,14.789873123168945,14.797353744506836,ok
LA_D_2735004,18.014432907104492,18.014474868774414,ok
LA_D_2736443,18.666885375976562,18.66741371154785,ok
LA_D_2736449,11.165027618408203,11.165852546691895,ok
LA_D_2736752,12.66151237487793,12.66430377960205,ok
LA_D_2736869,12.437959671020508,12.439789772033691,ok
LA_D_2737875,14.919717788696289,14.919967651367188,ok
LA_D_2738222,13.192694664001465,13.200204849243164,ok
LA_D_2739423,15.54614543914795,15.546395301818848,ok
LA_D_2743059,9.739766120910645,9.740211486816406,ok
LA_D_2745051,16.888378143310547,16.890623092651367,ok
LA_D_2746243,10.812212944030762,10.813532829284668,ok
LA_D_2746267,16.355579376220703,16.356800079345703,ok
LA_D_2747265,16.224477767944336,16.22599983215332,ok
LA_D_2748583,-15.404635429382324,-15.406832695007324,ok
LA_D_2749481,17.360536575317383,17.362051010131836,ok
LA_D_2752788,13.522165298461914,13.525054931640625,ok
LA_D_2753356,8.18402099609375,8.183907508850098,ok
LA_D_2753362,8.441889762878418,8.441229820251465,ok
LA_D_2753816,-11.647223472595215,-11.647521018981934,ok
LA_D_2756525,10.636234283447266,10.636431694030762,ok
LA_D_2756724,-15.169702529907227,-15.170665740966797,ok
LA_D_2757814,15.074941635131836,15.075373649597168,ok
LA_D_2757833,14.822242736816406,14.826377868652344,ok
LA_D_2759411,6.098996639251709,6.098960876464844,ok
LA_D_2759783,12.502524375915527,12.5042085647583,ok
LA_D_2761640,14.4992094039917,14.499855041503906,ok
LA_D_2761727,12.205788612365723,12.205789566040039,ok
LA_D_2761966,15.278573036193848,15.284886360168457,ok
LA_D_2762669,10.336374282836914,10.336888313293457,ok
LA_D_2762693,19.321813583374023,19.33066749572754,ok
LA_D_2763276,11.997538566589355,12.00228500366211,ok
LA_D_2766494,8.677637100219727,8.680784225463867,ok
LA_D_2768110,11.38812255859375,11.388198852539062,ok
LA_D_2769397,10.7785062789917,10.781014442443848,ok
LA_D_2769521,14.053067207336426,14.0574312210083,ok
LA_D_2771030,8.748758316040039,8.750222206115723,ok
LA_D_2771079,13.65398120880127,13.654253005981445,ok
LA_D_2772436,13.48990535736084,13.490129470825195,ok
LA_D_2772837,8.370166778564453,8.369138717651367,ok
LA_D_2773764,-14.735346794128418,-14.737865447998047,ok
LA_D_2774468,-13.534063339233398,-13.536859512329102,ok
LA_D_2775026,14.721151351928711,14.721142768859863,ok
LA_D_2776056,14.021113395690918,14.023564338684082,ok
LA_D_2776677,12.741077423095703,12.741622924804688,ok
LA_D_2777169,13.044342994689941,13.046404838562012,ok
LA_D_2777831,14.281272888183594,14.286032676696777,ok
LA_D_2780378,6.904506683349609,6.905188083648682,ok
LA_D_2783081,12.83908748626709,12.839335441589355,ok
LA_D_2783850,10.337504386901855,10.338764190673828,ok
LA_D_2784153,25.268606185913086,25.284347534179688,ok
LA_D_2786535,16.030960083007812,16.03284454345703,ok
LA_D_2786957,14.214371681213379,14.216683387756348,ok
LA_D_2787302,12.49028491973877,12.492587089538574,ok
LA_D_2789277,10.392596244812012,10.396422386169434,ok
LA_D_2791447,17.418777465820312,17.428274154663086,ok
LA_D_2791553,11.559063911437988,11.559479713439941,ok
LA_D_2792366,10.029794692993164,10.029960632324219,ok
LA_D_2793042,15.021202087402344,15.026121139526367,ok
LA_D_2793288,11.646424293518066,11.646486282348633,ok
LA_D_2794299,13.96007251739502,13.960265159606934,ok
LA_D_2795326,18.420541763305664,18.42075538635254,ok
LA_D_2796486,13.11461067199707,13.115530967712402,ok
LA_D_2796669,17.55257797241211,17.561208724975586,ok
LA_D_2797619,11.941461563110352,11.943840980529785,ok
LA_D_2797757,12.500378608703613,12.502886772155762,ok
LA_D_2798444,11.026698112487793,11.02672290802002,ok
LA_D_2798789,11.784082412719727,11.784757614135742,ok
LA_D_2799892,11.796788215637207,11.797407150268555,ok
LA_D_2800113,-13.729974746704102,-13.73514461517334,ok
LA_D_2800343,15.02868366241455,15.030203819274902,ok
LA_D_2800479,12.461212158203125,12.469944953918457,ok
LA_D_2805826,13.72706127166748,13.730669975280762,ok
LA_D_2806150,17.21491050720215,17.215572357177734,ok
LA_D_2807278,18.977502822875977,18.980146408081055,ok
LA_D_2807440,12.62214183807373,12.622929573059082,ok
LA_D_2808442,11.273137092590332,11.279335021972656,ok
LA_D_2808846,15.426565170288086,15.4284086227417,ok
LA_D_2809588,14.71853256225586,14.718460083007812,ok
LA_D_2810734,19.47335433959961,19.475515365600586,ok
LA_D_2811040,15.309101104736328,15.313319206237793,ok
LA_D_2811662,-16.9238224029541,-16.9256649017334,ok
LA_D_2812544,-15.226982116699219,-15.228198051452637,ok
LA_D_2812689,16.536237716674805,16.538118362426758,ok
LA_D_2813154,-7.654607772827148,-7.6547369956970215,ok
LA_D_2814875,12.69453239440918,12.694544792175293,ok
LA_D_2815191,12.717423439025879,12.718202590942383,ok
LA_D_2815461,15.613741874694824,15.613741874694824,ok
LA_D_2816042,15.696582794189453,15.702247619628906,ok
LA_D_2816289,11.830339431762695,11.831064224243164,ok
LA_D_2816308,9.987100601196289,9.98713207244873,ok
LA_D_2816765,-14.197444915771484,-14.199100494384766,ok
LA_D_2817557,-16.13116455078125,-16.131269454956055,ok
LA_D_2819105,13.442514419555664,13.442696571350098,ok
LA_D_2820525,14.328527450561523,14.33707046508789,ok
LA_D_2821637,12.670048713684082,12.671920776367188,ok
LA_D_2822470,11.348995208740234,11.34923267364502,ok
LA_D_2824576,15.668139457702637,15.670364379882812,ok
LA_D_2824820,-14.388869285583496,-14.396815299987793,ok
LA_D_2824952,15.653491973876953,15.656583786010742,ok
LA_D_2825662,11.779346466064453,11.779576301574707,ok
LA_D_2826776,18.501787185668945,18.50311279296875,ok
LA_D_2827159,13.965306282043457,13.965954780578613,ok
LA_D_2831303,13.373052597045898,13.373120307922363,ok
LA_D_2831646,13.67385482788086,13.690451622009277,ok
LA_D_2831844,7.357852458953857,7.358178615570068,ok
LA_D_2832141,-14.431982040405273,-14.432275772094727,ok
LA_D_2832394,18.363079071044922,18.367034912109375,ok
LA_D_2833236,7.180112361907959,7.179534435272217,ok
LA_D_2833762,12.547013282775879,12.547497749328613,ok
LA_D_2835194,13.160021781921387,13.159994125366211,ok
LA_D_2835573,19.83409881591797,19.845373153686523,ok
LA_D_2835735,8.851645469665527,8.8516263961792,ok
LA_D_2837203,21.35892677307129,21.360960006713867,ok
LA_D_2837325,11.721891403198242,11.723329544067383,ok
LA_D_2839838,15.235386848449707,15.235519409179688,ok
LA_D_2839913,-14.954174041748047,-14.954365730285645,ok
LA_D_2842063,-13.599169731140137,-13.59924602508545,ok
LA_D_2844602,9.205670356750488,9.206711769104004,ok
LA_D_2844735,-13.241935729980469,-13.242779731750488,ok
LA_D_2847323,11.852062225341797,11.85234546661377,ok
LA_D_2849155,8.278125762939453,8.277298927307129,ok
LA_D_2849994,11.755195617675781,11.756878852844238,ok
LA_D_2850234,17.019811630249023,17.021100997924805,ok
LA_D_2850456,7.359193801879883,7.359323978424072,ok
LA_D_2851293,13.685153007507324,13.6854829788208,ok
LA_D_2852000,-16.586219787597656,-16.587594985961914,ok
LA_D_2852714,15.028848648071289,15.042064666748047,ok
LA_D_2853583,14.105081558227539,14.106175422668457,ok
LA_D_2853662,20.204593658447266,20.207792282104492,ok
LA_D_2854193,17.11474609375,17.114770889282227,ok
LA_D_2854358,14.591872215270996,14.593064308166504,ok
LA_D_2854806,16.860353469848633,16.86281967163086,ok
LA_D_2855249,15.129679679870605,15.136479377746582,ok
LA_D_2856557,13.452018737792969,13.455399513244629,ok
LA_D_2859163,12.261940002441406,12.26414680480957,ok
LA_D_2859709,20.016504287719727,20.01908302307129,ok
LA_D_2860247,14.715705871582031,14.715975761413574,ok
LA_D_2860670,12.868020057678223,12.870973587036133,ok
LA_D_2861324,13.831741333007812,13.836220741271973,ok
LA_D_2861753,9.204231262207031,9.205218315124512,ok
LA_D_2862464,14.220600128173828,14.222033500671387,ok
LA_D_2862862,11.076465606689453,11.081177711486816,ok
LA_D_2863133,-12.314598083496094,-12.315279960632324,ok
LA_D_2863900,12.87533187866211,12.876133918762207,ok
LA_D_2864137,12.677186965942383,12.678887367248535,ok
LA_D_2864689,6.569703578948975,6.56988525390625,ok
LA_D_2866362,18.1202449798584,18.123445510864258,ok
LA_D_2866947,-11.499003410339355,-11.500632286071777,ok
LA_D_2866949,15.012337684631348,15.014573097229004,ok
LA_D_2867530,14.937419891357422,14.938421249389648,ok
LA_D_2868405,17.687170028686523,17.6905574798584,ok
LA_D_2868410,18.065561294555664,18.075265884399414,ok
LA_D_2868921,2.9552454948425293,2.9572911262512207,ok
LA_D_2869692,17.248350143432617,17.262203216552734,ok
LA_D_2869838,13.129053115844727,13.129023551940918,ok
LA_D_2870458,14.97197437286377,14.97286319732666,ok
LA_D_2870777,7.812849998474121,7.8134965896606445,ok
LA_D_2871536,8.166753768920898,8.16688346862793,ok
LA_D_2872359,13.95207691192627,13.952165603637695,ok
LA_D_2872772,9.858802795410156,9.861237525939941,ok
LA_D_2873975,18.029407501220703,18.030080795288086,ok
LA_D_2874104,15.376542091369629,15.381190299987793,ok
LA_D_2874107,13.702118873596191,13.70284366607666,ok
LA_D_2874951,19.244169235229492,19.255062103271484,ok
LA_D_2875270,20.907470703125,20.908126831054688,ok
LA_D_2876241,13.486040115356445,13.485915184020996,ok
LA_D_2876938,14.949877738952637,14.955714225769043,ok
LA_D_2877032,13.900673866271973,13.900989532470703,ok
LA_D_2877891,15.881014823913574,15.88761043548584,ok
LA_D_2878270,22.91813850402832,22.919687271118164,ok
LA_D_2878681,11.943425178527832,11.945454597473145,ok
LA_D_2878966,13.056992530822754,13.05734920501709,ok
LA_D_2879784,13.597822189331055,13.601584434509277,ok
LA_D_2879814,11.484375953674316,11.484335899353027,ok
LA_D_2880430,15.461987495422363,15.464805603027344,ok
LA_D_2880781,10.831351280212402,10.831589698791504,ok
LA_D_2881171,19.622037887573242,19.621736526489258,ok
LA_D_2881179,16.68863296508789,16.68906021118164,ok
LA_D_2882773,21.63892936706543,21.6390380859375,ok
LA_D_2883720,14.4970121383667,14.497004508972168,ok
LA_D_2884464,15.626462936401367,15.635245323181152,ok
LA_D_2884522,-10.993481636047363,-10.993755340576172,ok
LA_D_2884632,12.546697616577148,12.54780101776123,ok
LA_D_2885274,15.5936861038208,15.595269203186035,ok
LA_D_2885606,15.077244758605957,15.078812599182129,ok
LA_D_2886143,10.251893043518066,10.255061149597168,ok
LA_D_2887586,14.182890892028809,14.183987617492676,ok
LA_D_2887628,13.364054679870605,13.364729881286621,ok
LA_D_2888191,14.290709495544434,14.29207706451416,ok
LA_D_2888387,17.625402450561523,17.628103256225586,ok
LA_D_2888561,12.459068298339844,12.46036434173584,ok
LA_D_2888596,11.568615913391113,11.571267127990723,ok
LA_D_2888827,11.935873031616211,11.935975074768066,ok
LA_D_2888854,11.415841102600098,11.416583061218262,ok
LA_D_2889500,17.41909408569336,17.42081069946289,ok
LA_D_2889881,22.715009689331055,22.71503257751465,ok
LA_D_2890608,11.957107543945312,11.961180686950684,ok
LA_D_2892419,18.783939361572266,18.7852725982666,ok
LA_D_2893126,16.899547576904297,16.903566360473633,ok
LA_D_2895802,-14.787930488586426,-14.793726921081543,ok
LA_D_2895937,11.798330307006836,11.79843807220459,ok
LA_D_2895942,13.160344123840332,13.16191577911377,ok
LA_D_2896082,-9.929130554199219,-9.931890487670898,ok
LA_D_2896219,14.701249122619629,14.70325756072998,ok
LA_D_2896345,-11.261241912841797,-11.261992454528809,ok
LA_D_2897075,15.503296852111816,15.503289222717285,ok
LA_D_2899054,9.874221801757812,9.876311302185059,ok
LA_D_2901718,13.702836036682129,13.704255104064941,ok
LA_D_2902556,11.45626163482666,11.457061767578125,ok
LA_D_2903458,12.359480857849121,12.362920761108398,ok
LA_D_2905137,14.979292869567871,14.981884956359863,ok
LA_D_2905424,-11.57414722442627,-11.57435417175293,ok
LA_D_2906326,10.646903038024902,10.652095794677734,ok
LA_D_2906873,-9.310747146606445,-9.310925483703613,ok
LA_D_2907481,16.440231323242188,16.445941925048828,ok
LA_D_2907952,15.417712211608887,15.423002243041992,ok
LA_D_2908532,15.805676460266113,15.806373596191406,ok
LA_D_2909263,13.688725471496582,13.689030647277832,ok
LA_D_2909551,11.175802230834961,11.17694091796875,ok
LA_D_2910262,10.476459503173828,10.478516578674316,ok
LA_D_2912682,14.002050399780273,14.005095481872559,ok
LA_D_2914985,15.230085372924805,15.231650352478027,ok
LA_D_2915405,9.672367095947266,9.672574996948242,ok
LA_D_2915994,10.290642738342285,10.290663719177246,ok
LA_D_2916024,-12.699520111083984,-12.699612617492676,ok
LA_D_2916691,14.377406120300293,14.38289737701416,ok
LA_D_2917041,14.452591896057129,14.45748233795166,ok
LA_D_2918223,22.65782928466797,22.664369583129883,ok
LA_D_2919741,7.447948932647705,7.451085090637207,ok
LA_D_2920207,20.964494705200195,20.969518661499023,ok
LA_D_2920298,13.095996856689453,13.099796295166016,ok
LA_D_2920588,2.9683642387390137,2.96814227104187,ok
LA_D_2921930,15.669604301452637,15.674299240112305,ok
LA_D_2921952,15.271383285522461,15.271529197692871,ok
LA_D_2922852,13.517520904541016,13.518048286437988,ok
LA_D_2923426,-13.057263374328613,-13.05738353729248,ok
LA_D_2923476,14.236095428466797,14.23628044128418,ok
LA_D_2923622,14.091687202453613,14.09243106842041,ok
LA_D_2924504,-10.824302673339844,-10.825799942016602,ok
LA_D_2925315,16.48290252685547,16.49627113342285,ok
LA_D_2925498,18.225563049316406,18.230998992919922,ok
LA_D_2925553,14.803779602050781,14.8046236038208,ok
LA_D_2928032,18.984954833984375,18.985153198242188,ok
LA_D_2928444,19.68233299255371,19.703447341918945,ok
LA_D_2929910,17.16400718688965,17.166223526000977,ok
LA_D_2931790,14.981893539428711,14.983290672302246,ok
LA_D_2933176,14.032071113586426,14.03538990020752,ok
LA_D_2933330,18.47742462158203,18.47865104675293,ok
LA_D_2933367,16.376359939575195,16.376882553100586,ok
LA_D_2933402,14.767131805419922,14.7697172164917,ok
LA_D_2934273,15.317425727844238,15.318410873413086,ok
LA_D_2934981,-14.461703300476074,-14.46188735961914,ok
LA_D_2938296,13.224211692810059,13.224627494812012,ok
LA_D_2938883,10.211060523986816,10.211398124694824,ok
LA_D_2939024,16.190731048583984,16.1914005279541,ok
LA_D_2939086,22.094457626342773,22.097505569458008,ok
LA_D_2939133,16.87392807006836,16.87917137145996,ok
LA_D_2940135,15.950840950012207,15.95707893371582,ok
LA_D_2940539,15.791508674621582,15.801141738891602,ok
LA_D_2940992,6.8340654373168945,6.834590911865234,ok
LA_D_2941369,15.110335350036621,15.1117525100708,ok
LA_D_2942585,20.05245018005371,20.058889389038086,ok
LA_D_2943031,7.433941841125488,7.43428897857666,ok
LA_D_2943221,13.329456329345703,13.329689979553223,ok
LA_D_2943260,-13.406749725341797,-13.40976619720459,ok
LA_D_2943983,20.68185806274414,20.68491554260254,ok
LA_D_2945771,12.584611892700195,12.58635139465332,ok
LA_D_2946273,13.888489723205566,13.889242172241211,ok
LA_D_2946840,12.92508316040039,12.926591873168945,ok
LA_D_2946958,-10.560744285583496,-10.561053276062012,ok
LA_D_2948723,13.512786865234375,13.515158653259277,ok
LA_D_2949120,12.893617630004883,12.894370079040527,ok
LA_D_2949516,13.527605056762695,13.530374526977539,ok
LA_D_2950326,16.94091033935547,16.941162109375,ok
LA_D_2950518,17.76011085510254,17.764047622680664,ok
LA_D_2950820,9.294039726257324,9.29419994354248,ok
LA_D_2951507,10.466005325317383,10.4668607711792,ok
LA_D_2956552,13.92368221282959,13.927692413330078,ok
LA_D_2956834,13.730941772460938,13.733208656311035,ok
LA_D_2957996,14.723946571350098,14.727883338928223,ok
LA_D_2958095,13.630874633789062,13.632391929626465,ok
LA_D_2958099,15.728689193725586,15.72930908203125,ok
LA_D_2959609,20.74380874633789,20.749731063842773,ok
LA_D_2960332,14.975988388061523,14.976092338562012,ok
LA_D_2962271,14.159407615661621,14.161759376525879,ok
LA_D_2962430,14.950662612915039,14.95377254486084,ok
LA_D_2963867,10.802221298217773,10.806013107299805,ok
LA_D_2964456,16.44232177734375,16.443449020385742,ok
LA_D_2964886,13.52100658416748,13.523951530456543,ok
LA_D_2964992,12.775064468383789,12.776686668395996,ok
LA_D_2966111,11.554115295410156,11.554075241088867,ok
LA_D_2966463,15.990856170654297,15.992465019226074,ok
LA_D_2968040,18.53837013244629,18.5413818359375,ok
LA_D_2968176,19.04720687866211,19.048185348510742,ok
LA_D_2969521,12.28504753112793,12.286051750183105,ok
LA_D_2970295,12.252005577087402,12.252035140991211,ok
LA_D_2970964,15.298657417297363,15.299723625183105,ok
LA_D_2971299,17.19321060180664,17.194936752319336,ok
LA_D_2971908,13.630725860595703,13.634439468383789,ok
LA_D_2973882,11.61452865600586,11.6151704788208,ok
LA_D_2974704,13.878809928894043,13.878693580627441,ok
LA_D_2975584,14.502015113830566,14.503198623657227,ok
LA_D_2976553,-0.4712092876434326,-0.47125735878944397,ok
LA_D_2977005,-12.428581237792969,-12.441607475280762,ok
LA_D_2977245,9.182907104492188,9.184144020080566,ok
LA_D_2977454,16.590511322021484,16.591798782348633,ok
LA_D_2977725,18.22810935974121,18.228240966796875,ok
LA_D_2977892,-11.093788146972656,-11.094046592712402,ok
LA_D_2977895,19.164688110351562,19.166858673095703,ok
LA_D_2979011,-10.042704582214355,-10.042732238769531,ok
LA_D_2979369,11.868020057678223,11.86857795715332,ok
LA_D_2981298,18.364591598510742,18.365331649780273,ok
LA_D_2981561,9.12510871887207,9.12537956237793,ok
LA_D_2981790,18.71038246154785,18.715242385864258,ok
LA_D_2982066,19.647329330444336,19.683656692504883,ok
LA_D_2983374,13.491537094116211,13.494410514831543,ok
LA_D_2983401,15.316207885742188,15.319584846496582,ok
LA_D_2984362,15.161703109741211,15.165118217468262,ok
LA_D_2984512,20.88991355895996,20.89393424987793,ok
LA_D_2985114,12.45785903930664,12.462817192077637,ok
LA_D_2985329,13.663320541381836,13.666003227233887,ok
LA_D_2986383,15.234971046447754,15.236015319824219,ok
LA_D_2986907,11.958829879760742,11.965106010437012,ok
LA_D_2986975,14.532322883605957,14.532594680786133,ok
LA_D_2987481,15.3739595413208,15.374423027038574,ok
LA_D_2987509,15.364263534545898,15.367074012756348,ok
LA_D_2989479,-15.304437637329102,-15.306221961975098,ok
LA_D_2990184,10.597813606262207,10.597896575927734,ok
LA_D_2990459,13.676692008972168,13.683667182922363,ok
LA_D_2991252,11.676183700561523,11.677655220031738,ok
LA_D_2991667,-12.878914833068848,-12.884961128234863,ok
LA_D_2993148,16.046003341674805,16.04682159423828,ok
LA_D_2993864,17.316293716430664,17.31633758544922,ok
LA_D_2996584,-13.714401245117188,-13.717942237854004,ok
LA_D_2997155,15.3102388381958,15.31432819366455,ok
LA_D_2997217,13.346999168395996,13.34751033782959,ok
LA_D_2998083,10.258068084716797,10.258585929870605,ok
LA_D_2999032,13.96124267578125,13.96142578125,ok
LA_D_2999196,9.763726234436035,9.764395713806152,ok
LA_D_2999262,8.278375625610352,8.279179573059082,ok
LA_D_2999694,13.430601119995117,13.431408882141113,ok
LA_D_2999774,12.539695739746094,12.5409517288208,ok
LA_D_3003454,11.649824142456055,11.65050983428955,ok
LA_D_3004195,12.867551803588867,12.867605209350586,ok
LA_D_3004327,11.807821273803711,11.809000015258789,ok
LA_D_3004782,12.155447006225586,12.155770301818848,ok
LA_D_3004811,13.026025772094727,13.026785850524902,ok
LA_D_3004845,9.584141731262207,9.584183692932129,ok
LA_D_3005942,-14.220375061035156,-14.221273422241211,ok
LA_D_3006014,10.077643394470215,10.078795433044434,ok
LA_D_3007029,13.709352493286133,13.70932388305664,ok
LA_D_3007276,15.137139320373535,15.14858627319336,ok
LA_D_3009969,10.463808059692383,10.463790893554688,ok
LA_D_3010559,6.025368690490723,6.0254316329956055,ok
LA_D_3010789,15.966911315917969,15.969466209411621,ok
LA_D_3012833,14.407676696777344,14.412142753601074,ok
LA_D_3013009,7.798415184020996,7.802215576171875,ok
LA_D_3014327,15.21153450012207,15.211915016174316,ok
LA_D_3014451,15.92075252532959,15.92432975769043,ok
LA_D_3015288,19.252159118652344,19.25860023498535,ok
LA_D_3015558,14.388703346252441,14.389433860778809,ok
LA_D_3015714,17.83979606628418,17.842287063598633,ok
LA_D_3015735,4.972751617431641,4.977760314941406,ok
LA_D_3017121,11.778220176696777,11.780224800109863,ok
LA_D_3018635,-13.554893493652344,-13.5593900680542,ok
LA_D_3019114,5.967759132385254,5.96712589263916,ok
LA_D_3019929,13.572917938232422,13.575422286987305,ok
LA_D_3020621,8.49798583984375,8.497551918029785,ok
LA_D_3025684,-14.514436721801758,-14.515908241271973,ok
LA_D_3027137,12.427233695983887,12.428110122680664,ok
LA_D_3027433,9.538872718811035,9.545573234558105,ok
LA_D_3029021,-15.170255661010742,-15.170682907104492,ok
LA_D_3030929,5.635809421539307,5.636380672454834,ok
LA_D_3033254,10.05698013305664,10.056988716125488,ok
LA_D_3034938,14.679130554199219,14.681034088134766,ok
LA_D_3035741,21.310007095336914,21.315309524536133,ok
LA_D_3036760,14.873780250549316,14.873957633972168,ok
LA_D_3038261,14.659154891967773,14.663627624511719,ok
LA_D_3038598,15.769632339477539,15.770400047302246,ok
LA_D_3039018,15.73464298248291,15.73776912689209,ok
LA_D_3039122,13.893354415893555,13.897921562194824,ok
LA_D_3039159,15.651687622070312,15.65529727935791,ok
LA_D_3039424,-13.227932929992676,-13.229666709899902,ok
LA_D_3040572,13.12879753112793,13.130148887634277,ok
LA_D_3040717,14.02458667755127,14.024622917175293,ok
LA_D_3043536,19.19721221923828,19.203643798828125,ok
LA_D_3044379,-13.862319946289062,-13.862835884094238,ok
LA_D_3045712,16.858280181884766,16.861623764038086,ok
LA_D_3046025,13.75667667388916,13.75816822052002,ok
LA_D_3047959,14.675237655639648,14.675515174865723,ok
LA_D_3048061,15.499600410461426,15.50564956665039,ok
LA_D_3048577,23.459272384643555,23.468942642211914,ok
LA_D_3049487,15.040169715881348,15.043730735778809,ok
LA_D_3049880,14.767078399658203,14.76708984375,ok
LA_D_3049992,18.427696228027344,18.43068504333496,ok
LA_D_3050700,14.061586380004883,14.066457748413086,ok
LA_D_3051172,13.610002517700195,13.61463451385498,ok
LA_D_3051445,12.092482566833496,12.09426212310791,ok
LA_D_3051718,-13.440585136413574,-13.441329002380371,ok
LA_D_3051998,14.213397026062012,14.213250160217285,ok
LA_D_3053264,-13.823007583618164,-13.82434368133545,ok
LA_D_3053606,15.208895683288574,15.210442543029785,ok
LA_D_3054411,11.517306327819824,11.518719673156738,ok
LA_D_3054881,11.50296401977539,11.50344181060791,ok
LA_D_3055819,11.908289909362793,11.909388542175293,ok
LA_D_3056214,14.628447532653809,14.628583908081055,ok
LA_D_3057414,18.540607452392578,18.54396629333496,ok
LA_D_3057445,11.45015811920166,11.450532913208008,ok
LA_D_3057475,12.38790225982666,12.389120101928711,ok
LA_D_3057551,12.399685859680176,12.402615547180176,ok
LA_D_3057901,19.488765716552734,19.50102424621582,ok
LA_D_3059648,13.872373580932617,13.874726295471191,ok
LA_D_3060623,15.745529174804688,15.749184608459473,ok
LA_D_3061050,-12.503011703491211,-12.50369930267334,ok
LA_D_3061471,-3.0486059188842773,-3.049010753631592,ok
LA_D_3062025,-13.834300994873047,-13.836028099060059,ok
LA_D_3062235,13.942878723144531,13.944539070129395,ok
LA_D_3063506,12.962080955505371,12.963500022888184,ok
LA_D_3064595,-11.870409965515137,-11.871404647827148,ok
LA_D_3065072,15.292710304260254,15.293326377868652,ok
LA_D_3065174,10.726500511169434,10.72913932800293,ok
LA_D_3065517,13.285196304321289,13.285246849060059,ok
LA_D_3067742,20.56378746032715,20.564292907714844,ok
LA_D_3068570,13.783985137939453,13.788655281066895,ok
LA_D_3068710,13.469864845275879,13.471641540527344,ok
LA_D_3069822,15.47791862487793,15.480792045593262,ok
LA_D_3070334,10.027861595153809,10.029319763183594,ok
LA_D_3072540,16.505796432495117,16.510032653808594,ok
LA_D_3074985,-6.958071708679199,-6.959075450897217,ok
LA_D_3075008,13.504091262817383,13.504501342773438,ok
LA_D_3075527,13.663675308227539,13.667218208312988,ok
LA_D_3075580,-6.216621398925781,-6.217552185058594,ok
LA_D_3077475,14.328018188476562,14.328091621398926,ok
LA_D_3078454,14.614323616027832,14.615556716918945,ok
LA_D_3078486,17.229887008666992,17.23195457458496,ok
LA_D_3079418,17.2352294921875,17.23967170715332,ok
LA_D_3080108,-14.607009887695312,-14.611105918884277,ok
LA_D_3080340,18.678823471069336,18.68154525756836,ok
LA_D_3081705,11.466331481933594,11.466753959655762,ok
LA_D_3081777,11.768607139587402,11.768867492675781,ok
LA_D_3082988,10.539970397949219,10.549722671508789,ok
LA_D_3083417,17.631986618041992,17.632295608520508,ok
LA_D_3084091,14.565570831298828,14.56651782989502,ok
LA_D_3084288,16.8369083404541,16.84800148010254,ok
LA_D_3084702,-7.755786895751953,-7.767861843109131,ok
LA_D_3085915,14.315500259399414,14.318646430969238,ok
LA_D_3087285,8.612027168273926,8.612041473388672,ok
LA_D_3087310,19.37299156188965,19.3731689453125,ok
LA_D_3087575,12.881827354431152,12.887118339538574,ok
LA_D_3087684,18.923789978027344,18.927297592163086,ok
LA_D_3087814,14.387142181396484,14.394336700439453,ok
LA_D_3088084,10.68271541595459,10.682724952697754,ok
LA_D_3089498,14.263680458068848,14.26566219329834,ok
LA_D_3090097,13.613204002380371,13.613929748535156,ok
LA_D_3090466,16.586042404174805,16.597246170043945,ok
LA_D_3090583,12.2925386428833,12.293614387512207,ok
LA_D_3092472,15.89122486114502,15.899859428405762,ok
LA_D_3092700,13.535806655883789,13.543293952941895,ok
LA_D_3092822,17.945005416870117,17.950170516967773,ok
LA_D_3093185,17.023841857910156,17.030054092407227,ok
LA_D_3093534,12.959441184997559,12.96484661102295,ok
LA_D_3094177,4.642076015472412,4.642105579376221,ok
LA_D_3094249,17.072595596313477,17.08241844177246,ok
LA_D_3094853,14.182809829711914,14.183350563049316,ok
LA_D_3094874,17.88981056213379,17.89449691772461,ok
LA_D_3097956,14.703521728515625,14.7047758102417,ok
LA_D_3098960,13.412211418151855,13.41447639465332,ok
LA_D_3100616,-15.249805450439453,-15.251110076904297,ok
LA_D_3100634,9.549964904785156,9.550179481506348,ok
LA_D_3101356,14.71229362487793,14.714287757873535,ok
LA_D_3101861,16.86591911315918,16.86644172668457,ok
LA_D_3101866,9.687810897827148,9.687810897827148,ok
LA_D_3104226,14.277618408203125,14.278326988220215,ok
LA_D_3104504,19.38302993774414,19.388547897338867,ok
LA_D_3104950,20.548500061035156,20.555110931396484,ok
LA_D_3105314,17.685976028442383,17.7048397064209,ok
LA_D_3106011,15.036615371704102,15.038385391235352,ok
LA_D_3106089,13.731213569641113,13.732597351074219,ok
LA_D_3106372,8.34376049041748,8.344645500183105,ok
LA_D_3106519,15.563959121704102,15.573783874511719,ok
LA_D_3107692,14.61884880065918,14.626044273376465,ok
LA_D_3109173,12.435245513916016,12.436148643493652,ok
LA_D_3109309,14.035213470458984,14.038122177124023,ok
LA_D_3109683,11.007193565368652,11.0072603225708,ok
LA_D_3109792,12.986106872558594,12.990849494934082,ok
LA_D_3111133,10.596562385559082,10.597846031188965,ok
LA_D_3112339,14.033021926879883,14.035276412963867,ok
LA_D_3112824,10.887198448181152,10.889697074890137,ok
LA_D_3113300,10.72360610961914,10.72421932220459,ok
LA_D_3113314,0.9210158586502075,0.920356273651123,ok
LA_D_3113412,12.128107070922852,12.130431175231934,ok
LA_D_3113960,15.206734657287598,15.208954811096191,ok
LA_D_3114167,16.583097457885742,16.584760665893555,ok
LA_D_3114677,18.091611862182617,18.092206954956055,ok
LA_D_3114938,11.050346374511719,11.050366401672363,ok
LA_D_3115301,11.061665534973145,11.065999031066895,ok
LA_D_3115572,12.19153881072998,12.193625450134277,ok
LA_D_3115590,13.391225814819336,13.397089958190918,ok
LA_D_3115750,13.25273323059082,13.25212574005127,ok
LA_D_3116201,-14.350924491882324,-14.35348892211914,ok
LA_D_3116504,8.60793399810791,8.60804271697998,ok
LA_D_3116736,11.078372955322266,11.077901840209961,ok
LA_D_3117119,-13.109392166137695,-13.109593391418457,ok
LA_D_3117274,12.395256042480469,12.395256996154785,ok
LA_D_3117454,17.448957443237305,17.450410842895508,ok
LA_D_3117655,13.091794967651367,13.093123435974121,ok
LA_D_3118362,20.144248962402344,20.146631240844727,ok
LA_D_3118975,13.905317306518555,13.908429145812988,ok
LA_D_3119133,18.903366088867188,18.904020309448242,ok
LA_D_3119195,12.438484191894531,12.438387870788574,ok
LA_D_3119853,10.270462036132812,10.27049732208252,ok
LA_D_3121037,16.071720123291016,16.07533836364746,ok
LA_D_3121066,2.9545066356658936,2.9563403129577637,ok
LA_D_3122174,6.977165222167969,6.975051403045654,ok
LA_D_3122333,17.7822265625,17.82204818725586,ok
LA_D_3122510,-15.145461082458496,-15.146201133728027,ok
LA_D_3124216,14.256729125976562,14.25760555267334,ok
LA_D_3124251,-11.519906044006348,-11.520289421081543,ok
LA_D_3124864,18.113832473754883,18.114442825317383,ok
LA_D_3126147,13.200812339782715,13.201066017150879,ok
LA_D_3128008,16.020166397094727,16.023799896240234,ok
LA_D_3128163,16.323213577270508,16.324033737182617,ok
LA_D_3129767,12.583425521850586,12.583908081054688,ok
LA_D_3129833,16.38921356201172,16.38957405090332,ok
LA_D_3129993,13.418968200683594,13.420127868652344,ok
LA_D_3130241,11.696466445922852,11.701221466064453,ok
LA_D_3130414,12.356337547302246,12.357327461242676,ok
LA_D_3130678,12.758867263793945,12.759073257446289,ok
LA_D_3131527,17.296693801879883,17.300622940063477,ok
LA_D_3132921,11.639862060546875,11.639702796936035,ok
LA_D_3133562,17.553102493286133,17.555007934570312,ok
LA_D_3134629,10.462303161621094,10.466012001037598,ok
LA_D_3135599,9.909330368041992,9.909283638000488,ok
LA_D_3135627,16.463722229003906,16.46394920349121,ok
LA_D_3135628,13.104593276977539,13.105504035949707,ok
LA_D_3136384,16.738452911376953,16.740413665771484,ok
LA_D_3138020,12.460917472839355,12.46115779876709,ok
LA_D_3138080,8.359963417053223,8.359784126281738,ok
LA_D_3139557,14.960362434387207,14.964631080627441,ok
LA_D_3140567,13.124592781066895,13.130199432373047,ok
LA_D_3141028,13.78503704071045,13.785122871398926,ok
LA_D_3142727,14.55177116394043,14.552130699157715,ok
LA_D_3143593,14.287989616394043,14.28942584991455,ok
LA_D_3144395,10.343299865722656,10.343836784362793,ok
LA_D_3144485,15.08055591583252,15.082605361938477,ok
LA_D_3144528,18.216291427612305,18.220067977905273,ok
LA_D_3144655,9.912867546081543,9.914448738098145,ok
LA_D_3145865,14.796504020690918,14.796510696411133,ok
LA_D_3146791,14.413627624511719,14.42044448852539,ok
LA_D_3148237,18.301034927368164,18.308265686035156,ok
LA_D_3149229,15.233830451965332,15.235396385192871,ok
LA_D_3150054,15.863585472106934,15.871819496154785,ok
LA_D_3150169,12.057226181030273,12.064471244812012,ok
LA_D_3150235,-12.974825859069824,-12.97527027130127,ok
LA_D_3150295,11.980297088623047,11.98041820526123,ok
LA_D_3150574,18.71662712097168,18.721818923950195,ok
LA_D_3150612,15.1196870803833,15.120311737060547,ok
LA_D_3151652,12.856789588928223,12.859639167785645,ok
LA_D_3151881,15.716814041137695,15.719409942626953,ok
LA_D_3152954,16.08877944946289,16.09079933166504,ok
LA_D_3153050,8.914332389831543,8.914435386657715,ok
LA_D_3153699,15.091389656066895,15.095597267150879,ok
LA_D_3154368,-13.64236068725586,-13.64335823059082,ok
LA_D_3154837,15.246332168579102,15.246832847595215,ok
LA_D_3157175,20.082242965698242,20.08612823486328,ok
LA_D_3158494,8.340428352355957,8.34763240814209,ok
LA_D_3158600,13.455575942993164,13.45589542388916,ok
LA_D_3158608,14.551114082336426,14.551146507263184,ok
LA_D_3158956,13.048276901245117,13.05439567565918,ok
LA_D_3159204,16.14248275756836,16.142484664916992,ok
LA_D_3162269,14.924973487854004,14.927773475646973,ok
LA_D_3162441,17.462888717651367,17.46334457397461,ok
LA_D_3163081,14.764528274536133,14.774965286254883,ok
LA_D_3163255,-12.041358947753906,-12.0419340133667,ok
LA_D_3163751,17.311630249023438,17.311674118041992,ok
LA_D_3164806,14.198017120361328,14.198716163635254,ok
LA_D_3165659,10.786482810974121,10.787373542785645,ok
LA_D_3169361,20.19485855102539,20.198286056518555,ok
LA_D_3169410,-12.409154891967773,-12.411603927612305,ok
LA_D_3169991,17.030920028686523,17.031522750854492,ok
LA_D_3170323,1.677225947380066,1.6769570112228394,ok
LA_D_3170420,-14.117098808288574,-14.11894702911377,ok
LA_D_3171047,2.6932249069213867,2.6933364868164062,ok
LA_D_3171199,9.713547706604004,9.713740348815918,ok
LA_D_3171725,16.252696990966797,16.258310317993164,ok
LA_D_3173565,17.814136505126953,17.82133674621582,ok
LA_D_3174145,6.635930061340332,6.6464152336120605,ok
LA_D_3174960,12.038947105407715,12.058362007141113,ok
LA_D_3174998,-8.950798034667969,-8.960550308227539,ok
LA_D_3176069,12.530318260192871,12.53218936920166,ok
LA_D_3176378,9.224746704101562,9.224875450134277,ok
LA_D_3176946,17.99910545349121,18.001953125,ok
LA_D_3176978,13.804376602172852,13.805865287780762,ok
LA_D_3177701,11.514674186706543,11.51469898223877,ok
LA_D_3177863,16.798381805419922,16.799413681030273,ok
LA_D_3178726,12.02629566192627,12.034781455993652,ok
LA_D_3179260,15.005553245544434,15.008467674255371,ok
LA_D_3179309,16.4728946685791,16.474618911743164,ok
LA_D_3179337,15.110219955444336,15.111954689025879,ok
LA_D_3179951,12.949251174926758,12.95042896270752,ok
LA_D_3180081,13.635612487792969,13.639636039733887,ok
LA_D_3180411,15.02725601196289,15.029226303100586,ok
LA_D_3182064,9.587215423583984,9.590576171875,ok
LA_D_3183800,11.767560005187988,11.770451545715332,ok
LA_D_3184170,12.967795372009277,12.975290298461914,ok
LA_D_3184245,19.124948501586914,19.125410079956055,ok
LA_D_3184350,10.708984375,10.708966255187988,ok
LA_D_3184698,16.301509857177734,16.31084632873535,ok
LA_D_3186042,7.663799285888672,7.66368293762207,ok
LA_D_3186776,16.615699768066406,16.617027282714844,ok
LA_D_3187395,11.40709400177002,11.407496452331543,ok
LA_D_3188234,13.565276145935059,13.5689058303833,ok
LA_D_3189890,15.176925659179688,15.177462577819824,ok
LA_D_3192629,14.272126197814941,14.272149085998535,ok
LA_D_3193424,17.858154296875,17.858930587768555,ok
LA_D_3194286,-9.971722602844238,-9.97298526763916,ok
LA_D_3194587,18.164688110351562,18.1882266998291,ok
LA_D_3195295,15.819337844848633,15.825840950012207,ok
LA_D_3195614,22.03744125366211,22.042940139770508,ok
LA_D_3197490,13.317835807800293,13.318744659423828,ok
LA_D_3197569,12.429078102111816,12.429073333740234,ok
LA_D_3197572,16.411500930786133,16.41455841064453,ok
LA_D_3197929,15.775803565979004,15.778607368469238,ok
LA_D_3198087,-15.05339241027832,-15.05440616607666,ok
LA_D_3198381,13.93514633178711,13.937100410461426,ok
LA_D_3198699,14.736048698425293,14.737466812133789,ok
LA_D_3199021,16.067358016967773,16.069808959960938,ok
LA_D_3199741,11.773177146911621,11.77465534210205,ok
LA_D_3200206,16.20783042907715,16.209516525268555,ok
LA_D_3200727,19.78278160095215,19.78618049621582,ok
LA_D_3203561,17.189546585083008,17.19443130493164,ok
LA_D_3204150,9.79201602935791,9.792317390441895,ok
LA_D_3204366,11.11274528503418,11.113499641418457,ok
LA_D_3205024,7.923244953155518,7.924135684967041,ok
LA_D_3205671,-13.778495788574219,-13.779243469238281,ok
LA_D_3207501,16.58620834350586,16.58678436279297,ok
LA_D_3207833,15.329183578491211,15.331998825073242,ok
LA_D_3210739,-8.009117126464844,-8.009425163269043,ok
LA_D_3211269,14.377224922180176,14.378405570983887,ok
LA_D_3211293,18.548307418823242,18.55316925048828,ok
LA_D_3211435,-15.884902954101562,-15.88626766204834,ok
LA_D_3211572,16.528215408325195,16.528812408447266,ok
LA_D_3212454,13.138594627380371,13.142340660095215,ok
LA_D_3213386,14.063286781311035,14.063565254211426,ok
LA_D_3213920,18.201786041259766,18.20473289489746,ok
LA_D_3215318,12.181916236877441,12.182295799255371,ok
LA_D_3217329,13.783485412597656,13.786015510559082,ok
LA_D_3217409,16.237377166748047,16.238126754760742,ok
LA_D_3220081,12.9498872756958,12.950577735900879,ok
LA_D_3220337,15.236043930053711,15.236536979675293,ok
LA_D_3222129,16.401315689086914,16.40272331237793,ok
LA_D_3224671,-13.894674301147461,-13.89778995513916,ok
LA_D_3224812,9.43410873413086,9.434110641479492,ok
LA_D_3225529,13.791186332702637,13.793946266174316,ok
LA_D_3226074,14.648240089416504,14.649916648864746,ok
LA_D_3226693,15.58610725402832,15.588944435119629,ok
LA_D_3227446,16.621768951416016,16.62297248840332,ok
LA_D_3228132,20.131072998046875,20.131990432739258,ok
LA_D_3228176,10.924784660339355,10.927287101745605,ok
LA_D_3229118,13.781143188476562,13.782562255859375,ok
LA_D_3229215,-11.565072059631348,-11.565974235534668,ok
LA_D_3229435,13.934765815734863,13.934874534606934,ok
LA_D_3230643,17.918827056884766,17.92600440979004,ok
LA_D_3230806,15.57209587097168,15.57312297821045,ok
LA_D_3230838,15.119341850280762,15.124695777893066,ok
LA_D_3231093,16.341720581054688,16.34527587890625,ok
LA_D_3232132,5.989597797393799,5.9897308349609375,ok
LA_D_3232533,10.626014709472656,10.625996589660645,ok
LA_D_3233282,17.586153030395508,17.58753776550293,ok
LA_D_3233966,-14.306428909301758,-14.30686092376709,ok
LA_D_3239072,14.066709518432617,14.0720796585083,ok
LA_D_3241180,13.036314010620117,13.039978981018066,ok
LA_D_3242114,8.895493507385254,8.8954496383667,ok
LA_D_3242439,10.262154579162598,10.261722564697266,ok
LA_D_3242739,12.918905258178711,12.918976783752441,ok
LA_D_3243106,12.10623836517334,12.110745429992676,ok
LA_D_3243854,16.736881256103516,16.738040924072266,ok
LA_D_3244196,12.260496139526367,12.266345024108887,ok
LA_D_3244618,17.122129440307617,17.12696647644043,ok
LA_D_3244699,12.95686149597168,12.958209037780762,ok
LA_D_3245031,13.464706420898438,13.464859962463379,ok
LA_D_3246218,11.195488929748535,11.19905948638916,ok
LA_D_3247685,-13.624905586242676,-13.629467964172363,ok
LA_D_3248074,10.05845832824707,10.058459281921387,ok
LA_D_3248256,15.716073989868164,15.718634605407715,ok
LA_D_3248319,10.69624137878418,10.702303886413574,ok
LA_D_3248547,18.08026695251465,18.0803279876709,ok
LA_D_3249077,15.415616035461426,15.416884422302246,ok
LA_D_3249552,-12.520127296447754,-12.522926330566406,ok
LA_D_3250253,-14.569289207458496,-14.570660591125488,ok
LA_D_3250407,17.618017196655273,17.62326431274414,ok
LA_D_3250607,15.122820854187012,15.122800827026367,ok
LA_D_3250830,-14.447373390197754,-14.448983192443848,ok
LA_D_3251058,-16.861766815185547,-16.862642288208008,ok
LA_D_3251211,12.18630313873291,12.1864013671875,ok
LA_D_3251300,16.35248565673828,16.352441787719727,ok
LA_D_3253942,-12.185647010803223,-12.185689926147461,ok
LA_D_3254201,9.56126594543457,9.561227798461914,ok
LA_D_3255096,9.380806922912598,9.384708404541016,ok
LA_D_3255789,0.9318538308143616,0.9330589175224304,ok
LA_D_3256090,7.102702617645264,7.103257179260254,ok
LA_D_3256092,11.959734916687012,11.959555625915527,ok
LA_D_3257808,7.368850231170654,7.376070499420166,ok
LA_D_3258000,13.592796325683594,13.595088005065918,ok
LA_D_3258501,-13.386442184448242,-13.38880729675293,ok
LA_D_3259137,17.434226989746094,17.435380935668945,ok
LA_D_3260123,14.8644437789917,14.8849515914917,ok
LA_D_3260640,14.351699829101562,14.352436065673828,ok
LA_D_3260902,13.095587730407715,13.09570598602295,ok
LA_D_3261219,14.73732852935791,14.738117218017578,ok
LA_D_3262859,-9.887014389038086,-9.897086143493652,ok
LA_D_3263334,17.85070037841797,17.852096557617188,ok
LA_D_3263579,13.905186653137207,13.905940055847168,ok
LA_D_3264696,-12.969237327575684,-12.970155715942383,ok
LA_D_3266246,12.497076988220215,12.504805564880371,ok
LA_D_3266553,13.327404975891113,13.327643394470215,ok
LA_D_3268836,-10.271068572998047,-10.271964073181152,ok
LA_D_3269593,17.25058364868164,17.25297737121582,ok
LA_D_3273302,17.738595962524414,17.743703842163086,ok
LA_D_3273842,13.032486915588379,13.032696723937988,ok
LA_D_3274531,-15.684605598449707,-15.684897422790527,ok
LA_D_3274635,10.111647605895996,10.112616539001465,ok
LA_D_3275794,18.361562728881836,18.363014221191406,ok
LA_D_3276030,23.524301528930664,23.526124954223633,ok
LA_D_3276105,13.315706253051758,13.317219734191895,ok
LA_D_3276721,8.597789764404297,8.597514152526855,ok
LA_D_3278230,14.792729377746582,14.794261932373047,ok
LA_D_3280853,-13.950528144836426,-13.950818061828613,ok
LA_D_3281386,8.243821144104004,8.244224548339844,ok
LA_D_3282066,18.301679611206055,18.30507469177246,ok
LA_D_3282769,13.314126014709473,13.327683448791504,ok
LA_D_3283074,12.813504219055176,12.813612937927246,ok
LA_D_3284727,14.820600509643555,14.822720527648926,ok
LA_D_3284907,15.459127426147461,15.462625503540039,ok
LA_D_3285424,15.691823959350586,15.692864418029785,ok
LA_D_3285435,14.513615608215332,14.515881538391113,ok
LA_D_3286040,12.326037406921387,12.333649635314941,ok
LA_D_3287162,17.80463981628418,17.811819076538086,ok
LA_D_3290566,10.561712265014648,10.56192684173584,ok
LA_D_3292062,15.713953971862793,15.715632438659668,ok
LA_D_3292105,12.864090919494629,12.87012767791748,ok
LA_D_3292767,11.123102188110352,11.124428749084473,ok
LA_D_3294853,16.709102630615234,16.710084915161133,ok
LA_D_3294977,14.535880088806152,14.540324211120605,ok
LA_D_3295441,12.388547897338867,12.391213417053223,ok
LA_D_3295650,10.01163101196289,10.01163101196289,ok
LA_D_3298952,16.912479400634766,16.918825149536133,ok
LA_D_3301231,15.36644458770752,15.368544578552246,ok
LA_D_3301577,15.115410804748535,15.116519927978516,ok
LA_D_3302549,15.064626693725586,15.073187828063965,ok
LA_D_3303443,14.567150115966797,14.567355155944824,ok
LA_D_3305146,19.75714111328125,19.769947052001953,ok
LA_D_3305165,12.572568893432617,12.580471992492676,ok
LA_D_3306187,-13.665056228637695,-13.666998863220215,ok
LA_D_3307235,14.32286262512207,14.323363304138184,ok
LA_D_3307287,12.263650894165039,12.2639741897583,ok
LA_D_3307902,11.839713096618652,11.841408729553223,ok
LA_D_3309731,16.18524742126465,16.186769485473633,ok
LA_D_3310507,17.35088539123535,17.35106086730957,ok
LA_D_3312475,-14.979970932006836,-14.983057975769043,ok
LA_D_3312747,12.878151893615723,12.882122993469238,ok
LA_D_3313031,15.221009254455566,15.221489906311035,ok
LA_D_3313241,7.837320804595947,7.83759880065918,ok
LA_D_3313354,15.217867851257324,15.219891548156738,ok
LA_D_3313777,13.172924041748047,13.176907539367676,ok
LA_D_3314744,6.401974201202393,6.402127742767334,ok
LA_D_3317337,9.401015281677246,9.402076721191406,ok
LA_D_3317920,12.592904090881348,12.593138694763184,ok
LA_D_3318711,14.207474708557129,14.211146354675293,ok
LA_D_3319355,13.6019926071167,13.602112770080566,ok
LA_D_3319403,13.206133842468262,13.208687782287598,ok
LA_D_3320713,17.975244522094727,17.975515365600586,ok
LA_D_3321986,13.985295295715332,13.9852933883667,ok
LA_D_3323539,-12.244270324707031,-12.245444297790527,ok
LA_D_3325540,14.665722846984863,14.666769027709961,ok
LA_D_3325797,18.818702697753906,18.820772171020508,ok
LA_D_3325936,10.496489524841309,10.498703956604004,ok
LA_D_3327924,-15.046173095703125,-15.049229621887207,ok
LA_D_3329701,-12.269009590148926,-12.27087116241455,ok
LA_D_3329999,13.806328773498535,13.808533668518066,ok
LA_D_3331368,16.317651748657227,16.32145118713379,ok
LA_D_3331528,14.473099708557129,14.473251342773438,ok
LA_D_3331849,13.86511516571045,13.867744445800781,ok
LA_D_3332845,13.180665016174316,13.183287620544434,ok
LA_D_3333324,13.592366218566895,13.598586082458496,ok
LA_D_3334659,15.459546089172363,15.468487739562988,ok
LA_D_3334928,16.382783889770508,16.38346290588379,ok
LA_D_3335716,13.73897647857666,13.742866516113281,ok
LA_D_3336031,11.137907981872559,11.13985538482666,ok
LA_D_3336827,14.68507194519043,14.685996055603027,ok
LA_D_3337239,11.708415985107422,11.708481788635254,ok
LA_D_3337611,16.680410385131836,16.680927276611328,ok
LA_D_3339394,15.422679901123047,15.428393363952637,ok
LA_D_3341294,12.529836654663086,12.530926704406738,ok
LA_D_3341814,12.634349822998047,12.634322166442871,ok
LA_D_3342069,12.505905151367188,12.523734092712402,ok
LA_D_3342452,-6.554450511932373,-6.554612636566162,ok
LA_D_3342664,15.944533348083496,15.94497013092041,ok
LA_D_3346281,17.070812225341797,17.07082176208496,ok
LA_D_3346891,14.298859596252441,14.29969310760498,ok
LA_D_3347156,13.244108200073242,13.244168281555176,ok
LA_D_3347716,9.64193058013916,9.64462947845459,ok
LA_D_3347861,13.198067665100098,13.198738098144531,ok
LA_D_3348941,-13.546561241149902,-13.549050331115723,ok
LA_D_3349453,8.30968189239502,8.309637069702148,ok
LA_D_3349461,9.658828735351562,9.659818649291992,ok
LA_D_3349542,11.931227684020996,11.933349609375,ok
LA_D_3350240,4.890611171722412,4.890585422515869,ok
LA_D_3352586,12.369063377380371,12.369102478027344,ok
LA_D_3353739,19.488691329956055,19.49400520324707,ok
LA_D_3353973,18.469940185546875,18.469966888427734,ok
LA_D_3354359,12.177166938781738,12.185530662536621,ok
LA_D_3355874,15.658750534057617,15.66303539276123,ok
LA_D_3356308,15.358179092407227,15.358688354492188,ok
LA_D_3357328,16.325023651123047,16.32644271850586,ok
LA_D_3359713,8.52287769317627,8.5228853225708,ok
LA_D_3360066,13.50334358215332,13.513199806213379,ok
LA_D_3364219,11.538885116577148,11.538920402526855,ok
LA_D_3367868,19.367446899414062,19.367700576782227,ok
LA_D_3368030,12.76230525970459,12.764437675476074,ok
LA_D_3368444,16.36716651916504,16.372438430786133,ok
LA_D_3369365,13.162077903747559,13.162226676940918,ok
LA_D_3371337,15.508898735046387,15.512420654296875,ok
LA_D_3373017,-12.630133628845215,-12.631026268005371,ok
LA_D_3373431,-14.287185668945312,-14.292576789855957,ok
LA_D_3373606,16.3612003326416,16.36177635192871,ok
LA_D_3373830,17.061904907226562,17.069271087646484,ok
LA_D_3374460,12.681885719299316,12.682394981384277,ok
LA_D_3374782,16.06832504272461,16.068653106689453,ok
LA_D_3375546,8.833072662353516,8.835034370422363,ok
LA_D_3375685,8.652993202209473,8.653521537780762,ok
LA_D_3375994,13.115842819213867,13.11666202545166,ok
LA_D_3376676,15.536778450012207,15.538454055786133,ok
LA_D_3376846,17.427804946899414,17.43235206604004,ok
LA_D_3376856,17.752838134765625,17.763813018798828,ok
LA_D_3377038,21.5802059173584,21.583358764648438,ok
LA_D_3377698,-11.254880905151367,-11.271132469177246,ok
LA_D_3378402,9.410048484802246,9.409737586975098,ok
LA_D_3378615,10.7095308303833,10.710803031921387,ok
LA_D_3379000,11.408549308776855,11.4120454788208,ok
LA_D_3379127,15.863964080810547,15.863519668579102,ok
LA_D_3379278,17.453826904296875,17.4561767578125,ok
LA_D_3380409,17.730974197387695,17.73416519165039,ok
LA_D_3381862,14.421944618225098,14.423667907714844,ok
LA_D_3383046,14.648963928222656,14.651542663574219,ok
LA_D_3383198,-10.610125541687012,-10.610825538635254,ok
LA_D_3384993,11.40323543548584,11.409750938415527,ok
LA_D_3386014,11.436685562133789,11.437758445739746,ok
LA_D_3386727,18.485614776611328,18.485750198364258,ok
LA_D_3387666,15.48929500579834,15.491047859191895,ok
LA_D_3387918,14.0471830368042,14.05189037322998,ok
LA_D_3387937,12.56201457977295,12.563300132751465,ok
LA_D_3387945,13.259366989135742,13.260293960571289,ok
LA_D_3389603,12.853289604187012,12.853493690490723,ok
LA_D_3389737,-15.189469337463379,-15.190999031066895,ok
LA_D_3392617,13.30114459991455,13.301289558410645,ok
LA_D_3392778,10.56118106842041,10.561434745788574,ok
LA_D_3393465,15.206050872802734,15.210906028747559,ok
LA_D_3395278,13.044290542602539,13.045392036437988,ok
LA_D_3395368,18.081798553466797,18.08336639404297,ok
LA_D_3397208,-14.959554672241211,-14.96033000946045,ok
LA_D_3398271,13.786192893981934,13.786920547485352,ok
LA_D_3398607,11.517215728759766,11.51783275604248,ok
LA_D_3399535,13.62617301940918,13.626690864562988,ok
LA_D_3399790,-12.301511764526367,-12.305699348449707,ok
LA_D_3399798,6.667975425720215,6.668105602264404,ok
LA_D_3401079,20.492414474487305,20.49677085876465,ok
LA_D_3401398,17.19198226928711,17.192411422729492,ok
LA_D_3402273,14.196727752685547,14.198418617248535,ok
LA_D_3404722,13.600749969482422,13.600953102111816,ok
LA_D_3405582,10.386699676513672,10.387377738952637,ok
LA_D_3405832,-13.710038185119629,-13.71306324005127,ok
LA_D_3406247,-13.382539749145508,-13.383341789245605,ok
LA_D_3408202,19.464231491088867,19.466978073120117,ok
LA_D_3409145,-13.60069751739502,-13.601615905761719,ok
LA_D_3409583,16.92934226989746,16.939476013183594,ok
LA_D_3410467,14.468178749084473,14.472289085388184,ok
LA_D_3410479,-13.754746437072754,-13.756014823913574,ok
LA_D_3410619,10.60495662689209,10.604964256286621,ok
LA_D_3411132,11.808430671691895,11.80876350402832,ok
LA_D_3411825,12.831682205200195,12.83121395111084,ok
LA_D_3412324,15.260353088378906,15.26329517364502,ok
LA_D_3412330,14.505209922790527,14.507197380065918,ok
LA_D_3412517,16.155912399291992,16.160005569458008,ok
LA_D_3412736,16.301769256591797,16.302310943603516,ok
LA_D_3413740,15.567191123962402,15.568150520324707,ok
LA_D_3413905,16.11945343017578,16.123483657836914,ok
LA_D_3413908,15.928295135498047,15.929933547973633,ok
LA_D_3415474,12.732719421386719,12.734902381896973,ok
LA_D_3415789,15.848093032836914,15.850907325744629,ok
LA_D_3416276,4.280871868133545,4.280904293060303,ok
LA_D_3416456,13.097676277160645,13.114219665527344,ok
LA_D_3416535,11.696552276611328,11.696565628051758,ok
LA_D_3416825,5.189184665679932,5.190852642059326,ok
LA_D_3416934,16.93416404724121,16.937040328979492,ok
LA_D_3416978,16.358295440673828,16.368288040161133,ok
LA_D_3417657,14.461542129516602,14.462258338928223,ok
LA_D_3418140,18.678752899169922,18.683862686157227,ok
LA_D_3418220,14.849881172180176,14.851557731628418,ok
LA_D_3418840,10.280800819396973,10.283650398254395,ok
LA_D_3419658,14.372220039367676,14.381265640258789,ok
LA_D_3420388,17.57110023498535,17.57444190979004,ok
LA_D_3421085,16.468738555908203,16.48764991760254,ok
LA_D_3421613,16.145862579345703,16.146947860717773,ok
LA_D_3422355,15.284342765808105,15.28699779510498,ok
LA_D_3423664,19.888952255249023,19.89584732055664,ok
LA_D_3424068,9.119648933410645,9.119707107543945,ok
LA_D_3424949,12.789034843444824,12.789924621582031,ok
LA_D_3425507,12.292413711547852,12.292386054992676,ok
LA_D_3425732,14.064499855041504,14.067413330078125,ok
LA_D_3425851,15.290748596191406,15.296735763549805,ok
LA_D_3425869,12.35174560546875,12.351909637451172,ok
LA_D_3425893,9.905012130737305,9.908278465270996,ok
LA_D_3426729,15.404260635375977,15.405390739440918,ok
LA_D_3427278,18.0457820892334,18.050373077392578,ok
LA_D_3427328,18.99094581604004,18.99203872680664,ok
LA_D_3428449,11.742472648620605,11.743403434753418,ok
LA_D_3429746,10.252676963806152,10.255179405212402,ok
LA_D_3430397,11.989886283874512,11.989888191223145,ok
LA_D_3430677,18.14225196838379,18.14314079284668,ok
LA_D_3431144,15.572945594787598,15.577078819274902,ok
LA_D_3431472,12.464746475219727,12.465582847595215,ok
LA_D_3432100,13.736976623535156,13.737845420837402,ok
LA_D_3432834,18.79642105102539,18.80304527282715,ok
LA_D_3434212,13.202826499938965,13.204910278320312,ok
LA_D_3434819,15.029616355895996,15.035832405090332,ok
LA_D_3434821,10.464033126831055,10.465546607971191,ok
LA_D_3435616,14.022500991821289,14.02320671081543,ok
LA_D_3435721,20.761655807495117,20.776968002319336,ok
LA_D_3435784,16.038286209106445,16.038373947143555,ok
LA_D_3435957,15.356186866760254,15.35956859588623,ok
LA_D_3436742,15.996853828430176,16.005474090576172,ok
LA_D_3436779,24.240772247314453,24.258325576782227,ok
LA_D_3438062,12.01503849029541,12.023070335388184,ok
LA_D_3438542,9.270792007446289,9.27355670928955,ok
LA_D_3440131,-12.915632247924805,-12.915751457214355,ok
LA_D_3440449,8.365081787109375,8.365200996398926,ok
LA_D_3440841,15.40490436553955,15.410405158996582,ok
LA_D_3441226,13.192680358886719,13.192464828491211,ok
LA_D_3441390,16.473669052124023,16.473669052124023,ok
LA_D_3441965,4.0051069259643555,4.005041122436523,ok
LA_D_3442349,16.2833251953125,16.283655166625977,ok
LA_D_3443299,16.560367584228516,16.561399459838867,ok
LA_D_3443410,14.0907621383667,14.091633796691895,ok
LA_D_3443703,-14.6178560256958,-14.635358810424805,ok
LA_D_3444541,-13.98539924621582,-13.986231803894043,ok
LA_D_3444944,12.645943641662598,12.65080738067627,ok
LA_D_3445488,14.332572937011719,14.333330154418945,ok
LA_D_3445715,14.985398292541504,14.985672950744629,ok
LA_D_3446159,10.456027030944824,10.45940113067627,ok
LA_D_3446645,18.186298370361328,18.187456130981445,ok
LA_D_3448069,13.695176124572754,13.695712089538574,ok
LA_D_3449059,15.573953628540039,15.57583999633789,ok
LA_D_3449675,16.748903274536133,16.750816345214844,ok
LA_D_3449692,15.71339225769043,15.726716041564941,ok
LA_D_3450019,16.787830352783203,16.793912887573242,ok
LA_D_3450749,16.028278350830078,16.032541275024414,ok
LA_D_3451581,9.358978271484375,9.360397338867188,ok
LA_D_3452933,11.30080795288086,11.30302906036377,ok
LA_D_3453232,12.051648139953613,12.052409172058105,ok
LA_D_3457024,12.192129135131836,12.194628715515137,ok
LA_D_3457581,16.811037063598633,16.81404685974121,ok
LA_D_3457616,14.79512882232666,14.795727729797363,ok
LA_D_3459378,14.088029861450195,14.08821964263916,ok
LA_D_3460862,15.267309188842773,15.267367362976074,ok
LA_D_3461793,14.965536117553711,14.966731071472168,ok
LA_D_3461825,24.713279724121094,24.718175888061523,ok
LA_D_3461953,10.297101020812988,10.297005653381348,ok
LA_D_3464373,12.766708374023438,12.76854419708252,ok
LA_D_3465485,15.539216041564941,15.541841506958008,ok
LA_D_3465878,14.322379112243652,14.325396537780762,ok
LA_D_3466785,9.398072242736816,9.398648262023926,ok
LA_D_3467346,-14.230517387390137,-14.233668327331543,ok
LA_D_3467485,-12.830183029174805,-12.83290958404541,ok
LA_D_3468243,17.642671585083008,17.656545639038086,ok
LA_D_3468801,13.584144592285156,13.584458351135254,ok
LA_D_3469008,17.814260482788086,17.814556121826172,ok
LA_D_3470313,16.315935134887695,16.316869735717773,ok
LA_D_3470341,14.146799087524414,14.147786140441895,ok
LA_D_3472117,11.573822021484375,11.577071189880371,ok
LA_D_3472699,11.628131866455078,11.63375473022461,ok
LA_D_3472855,17.482807159423828,17.486942291259766,ok
LA_D_3473674,17.293554306030273,17.293933868408203,ok
LA_D_3474604,18.49498748779297,18.5007266998291,ok
LA_D_3475865,-14.113178253173828,-14.113598823547363,ok
LA_D_3476544,-9.957371711730957,-9.958139419555664,ok
LA_D_3476552,11.985020637512207,11.986454963684082,ok
LA_D_3476775,15.003626823425293,15.008709907531738,ok
LA_D_3476956,-13.452461242675781,-13.460610389709473,ok
LA_D_3477279,15.224063873291016,15.238344192504883,ok
LA_D_3478144,16.613597869873047,16.614782333374023,ok
LA_D_3479801,-15.227296829223633,-15.228608131408691,ok
LA_D_3481053,11.728078842163086,11.7283935546875,ok
LA_D_3481326,14.725358963012695,14.72536849975586,ok
LA_D_3481855,7.91110897064209,7.915861129760742,ok
LA_D_3481947,12.41368579864502,12.41439151763916,ok
LA_D_3482541,10.644372940063477,10.644246101379395,ok
LA_D_3482661,-11.90938663482666,-11.909520149230957,ok
LA_D_3483451,-14.550301551818848,-14.557576179504395,ok
LA_D_3484658,14.5491943359375,14.551172256469727,ok
LA_D_3485246,12.237507820129395,12.23786449432373,ok
LA_D_3486393,14.120071411132812,14.126612663269043,ok
LA_D_3487340,14.360481262207031,14.364789009094238,ok
LA_D_3490249,12.129199981689453,12.129237174987793,ok
LA_D_3490654,18.148773193359375,18.148778915405273,ok
LA_D_3492096,14.551621437072754,14.556355476379395,ok
LA_D_3492327,24.11599349975586,24.118314743041992,ok
LA_D_3494648,1.7562861442565918,1.756597876548767,ok
LA_D_3495106,14.3230562210083,14.331064224243164,ok
LA_D_3495418,11.074905395507812,11.075005531311035,ok
LA_D_3495463,11.290761947631836,11.29242992401123,ok
LA_D_3495466,19.065040588378906,19.073959350585938,ok
LA_D_3495492,15.140865325927734,15.14562702178955,ok
LA_D_3495507,12.22923469543457,12.229327201843262,ok
LA_D_3496116,13.768898963928223,13.769866943359375,ok
LA_D_3496241,7.227869987487793,7.227926254272461,ok
LA_D_3496584,19.13661766052246,19.137187957763672,ok
LA_D_3496658,16.252504348754883,16.253637313842773,ok
LA_D_3497818,9.98254680633545,9.98388671875,ok
LA_D_3497883,12.618063926696777,12.620354652404785,ok
LA_D_3498197,17.42643165588379,17.429569244384766,ok
LA_D_3498834,11.676384925842285,11.676941871643066,ok
LA_D_3499835,9.739751815795898,9.73993968963623,ok
LA_D_3499981,12.197810173034668,12.198307991027832,ok
LA_D_3501342,9.753795623779297,9.753539085388184,ok
LA_D_3504200,8.828064918518066,8.828461647033691,ok
LA_D_3504984,14.428589820861816,14.429710388183594,ok
LA_D_3506531,15.937324523925781,15.941221237182617,ok
LA_D_3506569,16.833885192871094,16.837759017944336,ok
LA_D_3507662,13.049003601074219,13.049052238464355,ok
LA_D_3507835,9.135396003723145,9.136612892150879,ok
LA_D_3508441,14.040101051330566,14.04254150390625,ok
LA_D_3508879,7.7656450271606445,7.765581130981445,ok
LA_D_3509644,15.699505805969238,15.706435203552246,ok
LA_D_3510395,14.197198867797852,14.19944953918457,ok
LA_D_3510615,16.47083854675293,16.470945358276367,ok
LA_D_3512251,9.616169929504395,9.617318153381348,ok
LA_D_3512316,16.104005813598633,16.10735511779785,ok
LA_D_3512336,16.234357833862305,16.234819412231445,ok
LA_D_3512887,13.574463844299316,13.578999519348145,ok
LA_D_3513335,-15.30362606048584,-15.305070877075195,ok
LA_D_3514242,-14.590907096862793,-14.605268478393555,ok
LA_D_3514513,12.184369087219238,12.18431568145752,ok
LA_D_3515006,16.15983009338379,16.159881591796875,ok
LA_D_3517587,15.620976448059082,15.622573852539062,ok
LA_D_3519840,-15.60009765625,-15.601582527160645,ok
LA_D_3522779,14.53602409362793,14.536540031433105,ok
LA_D_3522934,17.388505935668945,17.394428253173828,ok
LA_D_3523121,12.119465827941895,12.1198148727417,ok
LA_D_3523213,14.860745429992676,14.867231369018555,ok
LA_D_3524386,12.17293930053711,12.176603317260742,ok
LA_D_3525708,13.207788467407227,13.209450721740723,ok
LA_D_3526413,-12.517280578613281,-12.517403602600098,ok
LA_D_3526562,17.938833236694336,17.942724227905273,ok
LA_D_3527270,14.90495491027832,14.906872749328613,ok
LA_D_3527786,13.490973472595215,13.491475105285645,ok
LA_D_3529126,13.985174179077148,13.98762035369873,ok
LA_D_3529673,14.325294494628906,14.327718734741211,ok
LA_D_3533142,7.5325822830200195,7.532589912414551,ok
LA_D_3533489,14.300064086914062,14.30808162689209,ok
LA_D_3533916,10.143153190612793,10.143171310424805,ok
LA_D_3534463,20.296733856201172,20.297163009643555,ok
LA_D_3534602,10.022439956665039,10.022459030151367,ok
LA_D_3536394,3.6110970973968506,3.6110920906066895,ok
LA_D_3536487,12.775002479553223,12.78062915802002,ok
LA_D_3538356,10.764077186584473,10.764704704284668,ok
LA_D_3538677,17.025814056396484,17.027650833129883,ok
LA_D_3539484,12.212011337280273,12.212447166442871,ok
LA_D_3539811,15.055148124694824,15.057859420776367,ok
LA_D_3539892,15.201034545898438,15.203701972961426,ok
LA_D_3542619,-14.098325729370117,-14.100024223327637,ok
LA_D_3543093,15.488386154174805,15.48930835723877,ok
LA_D_3544844,15.278877258300781,15.287883758544922,ok
LA_D_3545477,10.066411972045898,10.068245887756348,ok
LA_D_3545859,14.6580810546875,14.65827465057373,ok
LA_D_3546305,9.474396705627441,9.474358558654785,ok
LA_D_3547035,-11.173748970031738,-11.174631118774414,ok
LA_D_3547584,19.748075485229492,19.750947952270508,ok
LA_D_3548300,14.684623718261719,14.68698787689209,ok
LA_D_3548515,-13.686225891113281,-13.686641693115234,ok
LA_D_3548689,14.261147499084473,14.262517929077148,ok
LA_D_3549897,13.175743103027344,13.175942420959473,ok
LA_D_3551244,12.307259559631348,12.309040069580078,ok
LA_D_3552234,15.70529556274414,15.70972728729248,ok
LA_D_3552805,5.497694969177246,5.503302574157715,ok
LA_D_3553006,14.003567695617676,14.003987312316895,ok
LA_D_3553429,14.11927604675293,14.120844841003418,ok
LA_D_3553483,14.78872013092041,14.78864574432373,ok
LA_D_3553967,18.197071075439453,18.21002769470215,ok
LA_D_3554651,12.320676803588867,12.324481964111328,ok
LA_D_3554660,20.786136627197266,20.792505264282227,ok
LA_D_3555076,16.70261001586914,16.70686912536621,ok
LA_D_3555349,11.799187660217285,11.801213264465332,ok
LA_D_3555723,15.881882667541504,15.883237838745117,ok
LA_D_3555810,9.341056823730469,9.34131145477295,ok
LA_D_3556001,14.790570259094238,14.793411254882812,ok
LA_D_3556561,15.605961799621582,15.60837459564209,ok
LA_D_3559270,-14.87188720703125,-14.881351470947266,ok
LA_D_3561784,13.829475402832031,13.833333969116211,ok
LA_D_3562009,14.229467391967773,14.232420921325684,ok
LA_D_3564164,-14.501758575439453,-14.504953384399414,ok
LA_D_3565165,28.858657836914062,28.883167266845703,ok
LA_D_3565303,18.60674285888672,18.610776901245117,ok
LA_D_3567404,15.404560089111328,15.405643463134766,ok
LA_D_3567520,16.648658752441406,16.664445877075195,ok
LA_D_3569726,16.857404708862305,16.86170196533203,ok
LA_D_3569824,-10.890667915344238,-10.891914367675781,ok
LA_D_3569855,17.6131534576416,17.613245010375977,ok
LA_D_3570749,-16.21722412109375,-16.218778610229492,ok
LA_D_3571070,16.445926666259766,16.45200538635254,ok
LA_D_3571216,15.655278205871582,15.658991813659668,ok
LA_D_3571681,15.972845077514648,15.9766845703125,ok
LA_D_3571831,13.423971176147461,13.424836158752441,ok
LA_D_3572777,15.311834335327148,15.313355445861816,ok
LA_D_3573085,13.301125526428223,13.301369667053223,ok
LA_D_3574020,15.424071311950684,15.427569389343262,ok
LA_D_3576459,-10.852848052978516,-10.853289604187012,ok
LA_D_3577801,-10.83415412902832,-10.834196090698242,ok
LA_D_3577998,18.108972549438477,18.10981559753418,ok
LA_D_3578253,10.871503829956055,10.874825477600098,ok
LA_D_3579076,18.197568893432617,18.19767189025879,ok
LA_D_3579245,15.731861114501953,15.732686042785645,ok
LA_D_3579781,-11.650969505310059,-11.651514053344727,ok
LA_D_3579823,11.647475242614746,11.647994041442871,ok
LA_D_3580620,11.806970596313477,11.81143569946289,ok
LA_D_3581277,5.411986351013184,5.41208028793335,ok
LA_D_3581963,16.010677337646484,16.013790130615234,ok
LA_D_3582263,10.719727516174316,10.719783782958984,ok
LA_D_3582380,9.614824295043945,9.614882469177246,ok
LA_D_3586862,10.340253829956055,10.341018676757812,ok
LA_D_3587612,19.774538040161133,19.77567481994629,ok
LA_D_3588547,16.10622787475586,16.110204696655273,ok
LA_D_3588628,15.401034355163574,15.401670455932617,ok
LA_D_3589247,14.415213584899902,14.416837692260742,ok
LA_D_3589383,13.969887733459473,13.97370433807373,ok
LA_D_3589733,18.73651885986328,18.737777709960938,ok
LA_D_3590829,16.9770565032959,16.986169815063477,ok
LA_D_3591261,19.066543579101562,19.075632095336914,ok
LA_D_3591679,13.63756275177002,13.640450477600098,ok
LA_D_3593160,9.669779777526855,9.670500755310059,ok
LA_D_3593928,16.49757957458496,16.497594833374023,ok
LA_D_3595174,11.315295219421387,11.316962242126465,ok
LA_D_3596015,-15.56868839263916,-15.570090293884277,ok
LA_D_3597531,12.261011123657227,12.262085914611816,ok
LA_D_3597601,14.951091766357422,14.95404052734375,ok
LA_D_3597738,17.61570167541504,17.617677688598633,ok
LA_D_3597947,9.291284561157227,9.295483589172363,ok
LA_D_3598081,9.737003326416016,9.737162590026855,ok
LA_D_3599443,-13.081666946411133,-13.0830659866333,ok
LA_D_3601430,-11.611977577209473,-11.617758750915527,ok
LA_D_3602669,13.328341484069824,13.333695411682129,ok
LA_D_3603256,11.337345123291016,11.341354370117188,ok
LA_D_3604214,14.111607551574707,14.111503601074219,ok
LA_D_3604610,-11.095551490783691,-11.095746994018555,ok
LA_D_3605046,11.104446411132812,11.104683876037598,ok
LA_D_3605088,15.647383689880371,15.64739990234375,ok
LA_D_3605726,10.196746826171875,10.198296546936035,ok
LA_D_3607289,-11.149670600891113,-11.151862144470215,ok
LA_D_3608535,9.838810920715332,9.838826179504395,ok
LA_D_3608783,12.272212982177734,12.272345542907715,ok
LA_D_3608947,11.284490585327148,11.289481163024902,ok
LA_D_3609505,16.291227340698242,16.29159164428711,ok
LA_D_3609977,-13.048871040344238,-13.049580574035645,ok
LA_D_3610743,13.607712745666504,13.609492301940918,ok
LA_D_3611170,15.076828956604004,15.077406883239746,ok
LA_D_3611237,16.52760124206543,16.529809951782227,ok
LA_D_3611560,11.539048194885254,11.53915023803711,ok
LA_D_3613644,12.173365592956543,12.174459457397461,ok
LA_D_3614881,16.296558380126953,16.297426223754883,ok
LA_D_3614949,16.19112777709961,16.192323684692383,ok
LA_D_3615500,13.150798797607422,13.151593208312988,ok
LA_D_3615708,11.593221664428711,11.593385696411133,ok
LA_D_3617105,16.77083396911621,16.773618698120117,ok
LA_D_3617321,13.33514404296875,13.33547306060791,ok
LA_D_3617757,18.616342544555664,18.616552352905273,ok
LA_D_3617770,14.132780075073242,14.134921073913574,ok
LA_D_3618771,14.545808792114258,14.545852661132812,ok
LA_D_3619292,16.96832847595215,16.971837997436523,ok
LA_D_3620817,12.177916526794434,12.1808443069458,ok
LA_D_3621506,11.3084135055542,11.311565399169922,ok
LA_D_3621540,11.727446556091309,11.732362747192383,ok
LA_D_3621915,11.60191822052002,11.601906776428223,ok
LA_D_3622353,15.97458267211914,15.980998039245605,ok
LA_D_3622835,-2.194666862487793,-2.1957030296325684,ok
LA_D_3623206,-13.964681625366211,-13.966251373291016,ok
LA_D_3623933,9.343914031982422,9.343926429748535,ok
LA_D_3626485,9.853434562683105,9.859383583068848,ok
LA_D_3626798,17.001907348632812,17.002140045166016,ok
LA_D_3627257,10.491066932678223,10.490351676940918,ok
LA_D_3629732,12.387887954711914,12.387957572937012,ok
LA_D_3630229,9.46517562866211,9.46558666229248,ok
LA_D_3630490,11.398458480834961,11.40058422088623,ok
LA_D_3631999,-10.846141815185547,-10.846375465393066,ok
LA_D_3634368,17.231294631958008,17.23351287841797,ok
LA_D_3634420,9.264039993286133,9.264459609985352,ok
LA_D_3634650,17.296159744262695,17.30095863342285,ok
LA_D_3635351,15.725203514099121,15.7288179397583,ok
LA_D_3635835,10.815963745117188,10.816266059875488,ok
LA_D_3636142,9.83365249633789,9.833916664123535,ok
LA_D_3637154,11.6850004196167,11.685625076293945,ok
LA_D_3639272,12.527876853942871,12.528275489807129,ok
LA_D_3639376,12.637249946594238,12.639180183410645,ok
LA_D_3639895,12.805875778198242,12.807374000549316,ok
LA_D_3641330,12.25375747680664,12.253779411315918,ok
LA_D_3642434,23.201244354248047,23.20234489440918,ok
LA_D_3643887,14.860493659973145,14.861549377441406,ok
LA_D_3645082,8.565217971801758,8.565282821655273,ok
LA_D_3645170,14.913485527038574,14.913799285888672,ok
LA_D_3646040,13.88498306274414,13.886322975158691,ok
LA_D_3646143,13.7293701171875,13.729691505432129,ok
LA_D_3648769,12.99231243133545,12.992571830749512,ok
LA_D_3649862,14.869166374206543,14.874388694763184,ok
LA_D_3651367,13.61727523803711,13.619349479675293,ok
LA_D_3652898,13.164450645446777,13.167038917541504,ok
LA_D_3653770,18.721681594848633,18.722862243652344,ok
LA_D_3654875,15.09700870513916,15.10782527923584,ok
LA_D_3655047,13.713905334472656,13.7151517868042,ok
LA_D_3655500,-15.143145561218262,-15.14371395111084,ok
LA_D_3655812,12.233160018920898,12.234583854675293,ok
LA_D_3658031,15.413649559020996,15.420720100402832,ok
LA_D_3659236,17.330501556396484,17.334394454956055,ok
LA_D_3660282,13.253592491149902,13.256245613098145,ok
LA_D_3662303,12.439057350158691,12.441031455993652,ok
LA_D_3662875,13.33249568939209,13.333353996276855,ok
LA_D_3663843,13.182466506958008,13.185266494750977,ok
LA_D_3664298,13.18705940246582,13.189136505126953,ok
LA_D_3664914,10.473941802978516,10.47392463684082,ok
LA_D_3666430,9.649332046508789,9.651065826416016,ok
LA_D_3666804,12.878067016601562,12.878412246704102,ok
LA_D_3666824,12.89395809173584,12.895357131958008,ok
LA_D_3668484,-13.36255931854248,-13.362577438354492,ok
LA_D_3668631,12.913909912109375,12.915602684020996,ok
LA_D_3668954,7.355926990509033,7.3576579093933105,ok
LA_D_3669578,-7.405298709869385,-7.405378818511963,ok
LA_D_3669836,17.206684112548828,17.21052360534668,ok
LA_D_3671059,11.12646770477295,11.127021789550781,ok
LA_D_3671184,13.761392593383789,13.766095161437988,ok
LA_D_3671224,17.780977249145508,17.781667709350586,ok
LA_D_3671795,13.216950416564941,13.21981143951416,ok
LA_D_3672445,16.394489288330078,16.3972225189209,ok
LA_D_3673082,13.446070671081543,13.447770118713379,ok
LA_D_3673596,15.609596252441406,15.610821723937988,ok
LA_D_3673803,10.190143585205078,10.190143585205078,ok
LA_D_3674440,11.296805381774902,11.29788875579834,ok
LA_D_3674534,13.499516487121582,13.499825477600098,ok
LA_D_3674928,12.171929359436035,12.174260139465332,ok
LA_D_3675542,16.959253311157227,16.96444320678711,ok
LA_D_3675685,14.685222625732422,14.686802864074707,ok
LA_D_3675957,15.744546890258789,15.749329566955566,ok
LA_D_3676772,10.331910133361816,10.33174991607666,ok
LA_D_3676923,11.099467277526855,11.105134010314941,ok
LA_D_3678117,9.983734130859375,9.983748435974121,ok
LA_D_3679086,14.344768524169922,14.347219467163086,ok
LA_D_3679618,19.158111572265625,19.159048080444336,ok
LA_D_3680733,12.288036346435547,12.288002967834473,ok
LA_D_3681485,14.837209701538086,14.838401794433594,ok
LA_D_3681599,15.405712127685547,15.410341262817383,ok
LA_D_3682065,11.967522621154785,11.970036506652832,ok
LA_D_3682613,12.592792510986328,12.592832565307617,ok
LA_D_3683215,15.376105308532715,15.378743171691895,ok
LA_D_3685390,16.519912719726562,16.521875381469727,ok
LA_D_3687327,11.297855377197266,11.303437232971191,ok
LA_D_3687811,19.009191513061523,19.018484115600586,ok
LA_D_3688613,16.11701774597168,16.122303009033203,ok
LA_D_3688837,18.286062240600586,18.29082489013672,ok
LA_D_3689048,12.802716255187988,12.808123588562012,ok
LA_D_3690604,7.985475540161133,7.9873785972595215,ok
LA_D_3691360,-13.797540664672852,-13.798975944519043,ok
LA_D_3691538,16.406038284301758,16.416358947753906,ok
LA_D_3691736,15.856616973876953,15.859162330627441,ok
LA_D_3691914,13.653353691101074,13.658034324645996,ok
LA_D_3694012,16.09783363342285,16.105003356933594,ok
LA_D_3694037,9.150826454162598,9.15229606628418,ok
LA_D_3694349,8.375160217285156,8.375215530395508,ok
LA_D_3695422,16.13970375061035,16.142202377319336,ok
LA_D_3695649,14.283464431762695,14.285714149475098,ok
LA_D_3697262,13.944640159606934,13.944951057434082,ok
LA_D_3698358,-13.835579872131348,-13.835820198059082,ok
LA_D_3700696,11.659076690673828,11.659893989562988,ok
LA_D_3701247,16.69875717163086,16.700517654418945,ok
LA_D_3703420,11.546435356140137,11.546756744384766,ok
LA_D_3703706,14.782445907592773,14.782649040222168,ok
LA_D_3703829,5.374363422393799,5.3746418952941895,ok
LA_D_3705070,17.4406681060791,17.445770263671875,ok
LA_D_3706083,-14.174663543701172,-14.175461769104004,ok
LA_D_3706159,11.78692626953125,11.788370132446289,ok
LA_D_3707430,14.616701126098633,14.620453834533691,ok
LA_D_3707499,14.458507537841797,14.460265159606934,ok
LA_D_3707801,15.276731491088867,15.279133796691895,ok
LA_D_3708116,14.38891315460205,14.391280174255371,ok
LA_D_3709016,13.268012046813965,13.26810073852539,ok
LA_D_3709912,15.35421371459961,15.357012748718262,ok
LA_D_3710720,15.223352432250977,15.223889350891113,ok
LA_D_3711375,13.440054893493652,13.44140625,ok
LA_D_3712672,15.298369407653809,15.302960395812988,ok
LA_D_3712860,16.883075714111328,16.890512466430664,ok
LA_D_3713460,14.957870483398438,14.95877456665039,ok
LA_D_3713639,14.545889854431152,14.556015968322754,ok
LA_D_3713729,12.44867992401123,12.449677467346191,ok
LA_D_3714587,15.042258262634277,15.042267799377441,ok
LA_D_3720476,10.83653736114502,10.8371000289917,ok
LA_D_3720743,10.920494079589844,10.921976089477539,ok
LA_D_3721304,11.429274559020996,11.42939281463623,ok
LA_D_3725212,16.066598892211914,16.077680587768555,ok
LA_D_3725938,8.047054290771484,8.047067642211914,ok
LA_D_3726596,18.654300689697266,18.659482955932617,ok
LA_D_3727464,8.431370735168457,8.431464195251465,ok
LA_D_3727622,17.952165603637695,17.95232391357422,ok
LA_D_3731175,-12.745808601379395,-12.749842643737793,ok
LA_D_3732490,14.85302734375,14.857283592224121,ok
LA_D_3732635,14.088359832763672,14.091039657592773,ok
LA_D_3733302,13.040266036987305,13.040511131286621,ok
LA_D_3733779,-10.811190605163574,-10.811911582946777,ok
LA_D_3734390,9.604652404785156,9.604687690734863,ok
LA_D_3736436,16.570207595825195,16.570266723632812,ok
LA_D_3736974,13.5704345703125,13.571516990661621,ok
LA_D_3737744,17.064722061157227,17.072067260742188,ok
LA_D_3738196,12.459488868713379,12.461600303649902,ok
LA_D_3740186,11.836125373840332,11.83717155456543,ok
LA_D_3740798,13.09754753112793,13.099102973937988,ok
LA_D_3741233,4.608766078948975,4.608886241912842,ok
LA_D_3741474,16.187681198120117,16.188175201416016,ok
LA_D_3741607,16.131074905395508,16.136314392089844,ok
LA_D_3741865,15.766815185546875,15.76810073852539,ok
LA_D_3742795,17.220256805419922,17.222196578979492,ok
LA_D_3743022,15.976792335510254,15.985060691833496,ok
LA_D_3743658,16.636930465698242,16.638729095458984,ok
LA_D_3744491,11.989814758300781,11.98987865447998,ok
LA_D_3745321,16.47134780883789,16.47319221496582,ok
LA_D_3746211,-14.115804672241211,-14.11757755279541,ok
LA_D_3746495,9.757671356201172,9.758023262023926,ok
LA_D_3746592,13.583280563354492,13.58500862121582,ok
LA_D_3746754,16.328563690185547,16.33119773864746,ok
LA_D_3747854,7.9770684242248535,7.977111339569092,ok
LA_D_3749584,21.283855438232422,21.290544509887695,ok
LA_D_3749655,15.274895668029785,15.274896621704102,ok
LA_D_3749921,15.026593208312988,15.0293550491333,ok
LA_D_3750214,11.323590278625488,11.325650215148926,ok
LA_D_3750321,11.053709030151367,11.053715705871582,ok
LA_D_3750938,5.271205902099609,5.272759914398193,ok
LA_D_3751177,13.540236473083496,13.54378604888916,ok
LA_D_3751233,11.997820854187012,12.002431869506836,ok
LA_D_3752691,10.609954833984375,10.610071182250977,ok
LA_D_3752882,15.59886360168457,15.60866641998291,ok
LA_D_3753443,15.560300827026367,15.56187629699707,ok
LA_D_3753747,19.338302612304688,19.339014053344727,ok
LA_D_3754318,15.734786987304688,15.734881401062012,ok
LA_D_3754369,11.361291885375977,11.363890647888184,ok
LA_D_3757923,12.930020332336426,12.931867599487305,ok
LA_D_3758904,15.155073165893555,15.155768394470215,ok
LA_D_3759608,15.08323860168457,15.087483406066895,ok
LA_D_3759918,16.47604751586914,16.4884090423584,ok
LA_D_3760422,10.98016357421875,10.981646537780762,ok
LA_D_3761372,13.615687370300293,13.61919116973877,ok
LA_D_3762414,10.183440208435059,10.183967590332031,ok
LA_D_3762985,16.24289894104004,16.243419647216797,ok
LA_D_3763099,9.344358444213867,9.346552848815918,ok
LA_D_3763362,11.004109382629395,11.004509925842285,ok
LA_D_3765509,1.4977915287017822,1.4961448907852173,ok
LA_D_3766019,8.866132736206055,8.86603832244873,ok
LA_D_3767360,14.219914436340332,14.2204008102417,ok
LA_D_3767648,15.852194786071777,15.853001594543457,ok
LA_D_3767704,15.818766593933105,15.82111644744873,ok
LA_D_3768058,6.327672004699707,6.326523780822754,ok
LA_D_3768185,14.86965274810791,14.874176979064941,ok
LA_D_3769543,9.601433753967285,9.601767539978027,ok
LA_D_3770674,-14.698307991027832,-14.701764106750488,ok
LA_D_3770745,16.638492584228516,16.639862060546875,ok
LA_D_3770754,16.654376983642578,16.655614852905273,ok
LA_D_3771019,16.149776458740234,16.157535552978516,ok
LA_D_3771563,10.83906078338623,10.839072227478027,ok
LA_D_3771602,13.924164772033691,13.924176216125488,ok
LA_D_3772496,16.323640823364258,16.325740814208984,ok
LA_D_3772573,13.697157859802246,13.700889587402344,ok
LA_D_3773329,15.770402908325195,15.775288581848145,ok
LA_D_3773558,11.23508358001709,11.234698295593262,ok
LA_D_3774026,18.680713653564453,18.688169479370117,ok
LA_D_3774137,-15.32190227508545,-15.326558113098145,ok
LA_D_3775288,11.583089828491211,11.589323997497559,ok
LA_D_3775667,12.92534065246582,12.92538833618164,ok
LA_D_3775817,10.503472328186035,10.504894256591797,ok
LA_D_3775896,8.32707405090332,8.327488899230957,ok
LA_D_3776249,12.442120552062988,12.442527770996094,ok
LA_D_3776327,15.045943260192871,15.047661781311035,ok
LA_D_3776414,-12.10966968536377,-12.110428810119629,ok
LA_D_3777012,15.773420333862305,15.774199485778809,ok
LA_D_3777358,11.837583541870117,11.83757495880127,ok
LA_D_3777433,18.225481033325195,18.232736587524414,ok
LA_D_3777702,12.560193061828613,12.561882972717285,ok
LA_D_3778535,14.986705780029297,14.988319396972656,ok
LA_D_3779051,13.336089134216309,13.34453296661377,ok
LA_D_3780178,12.418734550476074,12.418778419494629,ok
LA_D_3780481,13.596261024475098,13.601373672485352,ok
LA_D_3780562,16.72064781188965,16.728931427001953,ok
LA_D_3781670,-13.460102081298828,-13.460253715515137,ok
LA_D_3782076,19.052072525024414,19.05497932434082,ok
LA_D_3782739,18.3172550201416,18.319499969482422,ok
LA_D_3783520,16.14583396911621,16.146949768066406,ok
LA_D_3783864,15.276622772216797,15.278573036193848,ok
LA_D_3784534,10.765128135681152,10.768670082092285,ok
LA_D_3785236,15.261809349060059,15.263313293457031,ok
LA_D_3787070,-13.05880069732666,-13.060914039611816,ok
LA_D_3787257,17.886674880981445,17.888845443725586,ok
LA_D_3787464,-15.617526054382324,-15.618324279785156,ok
LA_D_3788427,16.32497215270996,16.348087310791016,ok
LA_D_3788624,15.80136489868164,15.810449600219727,ok
LA_D_3788675,16.721927642822266,16.722455978393555,ok
LA_D_3789724,14.146928787231445,14.151062965393066,ok
LA_D_3789801,15.505882263183594,15.507262229919434,ok
LA_D_3790568,14.820499420166016,14.823602676391602,ok
LA_D_3791494,16.971086502075195,16.97393226623535,ok
LA_D_3792366,15.674019813537598,15.674256324768066,ok
LA_D_3792397,-15.505626678466797,-15.51403522491455,ok
LA_D_3792583,13.053532600402832,13.057183265686035,ok
LA_D_3792705,7.553822994232178,7.553827285766602,ok
LA_D_3793172,19.122257232666016,19.13092613220215,ok
LA_D_3794623,14.496538162231445,14.497204780578613,ok
LA_D_3794629,13.167771339416504,13.169553756713867,ok
LA_D_3795179,17.715839385986328,17.724767684936523,ok
LA_D_3795570,10.566597938537598,10.567618370056152,ok
LA_D_3795890,10.569812774658203,10.57112979888916,ok
LA_D_3796498,-12.509974479675293,-12.514233589172363,ok
LA_D_3797749,-14.853055953979492,-14.865785598754883,ok
LA_D_3798024,8.428277969360352,8.427535057067871,ok
LA_D_3799314,19.513893127441406,19.514814376831055,ok
LA_D_3799415,7.9753313064575195,7.975334644317627,ok
LA_D_3799822,15.72369384765625,15.72377872467041,ok
LA_D_3802210,11.53841781616211,11.53842830657959,ok
LA_D_3802962,15.147521018981934,15.148923873901367,ok
LA_D_3803714,16.3443660736084,16.344345092773438,ok
LA_D_3803791,14.54786491394043,14.547982215881348,ok
LA_D_3804397,11.408273696899414,11.408358573913574,ok
LA_D_3805827,15.04794692993164,15.04776668548584,ok
LA_D_3806582,15.623294830322266,15.623281478881836,ok
LA_D_3807326,15.02713680267334,15.030167579650879,ok
LA_D_3808030,18.001354217529297,18.001325607299805,ok
LA_D_3810542,-11.038714408874512,-11.039566040039062,ok
LA_D_3811484,12.984880447387695,12.987116813659668,ok
LA_D_3811662,15.079601287841797,15.098731994628906,ok
LA_D_3813018,13.828747749328613,13.832887649536133,ok
LA_D_3814257,12.171343803405762,12.171534538269043,ok
LA_D_3814355,14.35385513305664,14.356978416442871,ok
LA_D_3814791,14.34926700592041,14.351176261901855,ok
LA_D_3815316,13.77463436126709,13.775103569030762,ok
LA_D_3815884,16.436670303344727,16.441715240478516,ok
LA_D_3819582,17.204891204833984,17.205862045288086,ok
LA_D_3820104,13.034855842590332,13.036734580993652,ok
LA_D_3820911,14.45555305480957,14.460655212402344,ok
LA_D_3821359,11.20358657836914,11.204352378845215,ok
LA_D_3822372,11.005047798156738,11.006945610046387,ok
LA_D_3822874,13.972214698791504,13.97255802154541,ok
LA_D_3823574,13.855399131774902,13.855417251586914,ok
LA_D_3823928,9.993653297424316,9.997796058654785,ok
LA_D_3825048,16.072040557861328,16.072080612182617,ok
LA_D_3825329,13.44322395324707,13.445233345031738,ok
LA_D_3826920,14.495189666748047,14.499826431274414,ok
LA_D_3827873,12.06428050994873,12.065339088439941,ok
LA_D_3828014,16.70055389404297,16.705974578857422,ok
LA_D_3828841,4.290986061096191,4.29088830947876,ok
LA_D_3828893,9.186710357666016,9.186978340148926,ok
LA_D_3829330,15.948298454284668,15.950146675109863,ok
LA_D_3830921,10.793233871459961,10.793054580688477,ok
LA_D_3831261,14.525750160217285,14.528964042663574,ok
LA_D_3831306,11.117432594299316,11.118467330932617,ok
LA_D_3833623,9.421767234802246,9.422268867492676,ok
LA_D_3834961,13.702425003051758,13.712035179138184,ok
LA_D_3835319,11.85424518585205,11.855219841003418,ok
LA_D_3837714,13.524673461914062,13.524685859680176,ok
LA_D_3838632,22.004165649414062,22.015520095825195,ok
LA_D_3840866,11.268362998962402,11.268288612365723,ok
LA_D_3843488,16.85439682006836,16.85642433166504,ok
LA_D_3843705,14.78068733215332,14.783905982971191,ok
LA_D_3843887,14.278934478759766,14.284595489501953,ok
LA_D_3845484,11.750417709350586,11.750567436218262,ok
LA_D_3847966,17.502368927001953,17.50739860534668,ok
LA_D_3848465,11.595398902893066,11.595906257629395,ok
LA_D_3848625,12.328551292419434,12.332042694091797,ok
LA_D_3849533,18.34557342529297,18.347047805786133,ok
LA_D_3850425,12.64312744140625,12.643855094909668,ok
LA_D_3851125,12.49240779876709,12.494621276855469,ok
LA_D_3851144,16.91571807861328,16.917781829833984,ok
LA_D_3851855,-12.24451732635498,-12.246993064880371,ok
LA_D_3851996,-13.230903625488281,-13.23194408416748,ok
LA_D_3852341,16.380380630493164,16.383989334106445,ok
LA_D_3852849,17.94965934753418,17.953643798828125,ok
LA_D_3854807,13.70269775390625,13.70346736907959,ok
LA_D_3855845,4.884855270385742,4.885384559631348,ok
LA_D_3857058,-13.92239761352539,-13.924601554870605,ok
LA_D_3857446,-14.63472843170166,-14.63968563079834,ok
LA_D_3857630,16.50157356262207,16.505876541137695,ok
LA_D_3858607,11.869104385375977,11.881714820861816,ok
LA_D_3859466,15.573013305664062,15.578412055969238,ok
LA_D_3860312,-8.266258239746094,-8.266341209411621,ok
LA_D_3860524,16.22032928466797,16.224872589111328,ok
LA_D_3861037,11.282936096191406,11.283510208129883,ok
LA_D_3861045,16.504528045654297,16.505468368530273,ok
LA_D_3861154,-8.155108451843262,-8.155157089233398,ok
LA_D_3862599,17.573015213012695,17.574777603149414,ok
LA_D_3862793,18.12799835205078,18.128597259521484,ok
LA_D_3862795,14.9833984375,14.985250473022461,ok
LA_D_3863318,13.489964485168457,13.491377830505371,ok
LA_D_3863951,12.762834548950195,12.763300895690918,ok
LA_D_3864419,15.319302558898926,15.337374687194824,ok
LA_D_3864495,14.211249351501465,14.214550971984863,ok
LA_D_3865981,10.3035249710083,10.304315567016602,ok
LA_D_3866941,9.96408462524414,9.973076820373535,ok
LA_D_3867494,12.337850570678711,12.338282585144043,ok
LA_D_3868002,16.069896697998047,16.073101043701172,ok
LA_D_3868258,16.37574005126953,16.379980087280273,ok
LA_D_3870318,17.862979888916016,17.865434646606445,ok
LA_D_3871798,15.095193862915039,15.098559379577637,ok
LA_D_3872770,11.491799354553223,11.491850852966309,ok
LA_D_3873126,14.572542190551758,14.572976112365723,ok
LA_D_3874085,11.979769706726074,11.983473777770996,ok
LA_D_3874710,13.181700706481934,13.18454647064209,ok
LA_D_3876769,9.03238296508789,9.033287048339844,ok
LA_D_3878527,13.920117378234863,13.920452117919922,ok
LA_D_3879195,13.626103401184082,13.628743171691895,ok
LA_D_3879227,12.071296691894531,12.072125434875488,ok
LA_D_3880845,14.356494903564453,14.361303329467773,ok
LA_D_3882685,17.104475021362305,17.10736656188965,ok
LA_D_3883337,13.921764373779297,13.922028541564941,ok
LA_D_3884249,12.71030044555664,12.711304664611816,ok
LA_D_3884845,14.863984107971191,14.872891426086426,ok
LA_D_3887131,16.781204223632812,16.787752151489258,ok
LA_D_3887452,-12.98852825164795,-12.988572120666504,ok
LA_D_3888719,14.366421699523926,14.3684663772583,ok
LA_D_3888968,17.006338119506836,17.00830078125,ok
LA_D_3890187,20.058055877685547,20.058252334594727,ok
LA_D_3890727,14.246984481811523,14.247594833374023,ok
LA_D_3891696,-16.192750930786133,-16.19352912902832,ok
LA_D_3892057,-11.489479064941406,-11.490023612976074,ok
LA_D_3893271,16.636865615844727,16.642362594604492,ok
LA_D_3895547,20.458839416503906,20.46134376525879,ok
LA_D_3895551,-12.613697052001953,-12.615949630737305,ok
LA_D_3896851,19.210927963256836,19.216602325439453,ok
LA_D_3898085,-12.310491561889648,-12.311753273010254,ok
LA_D_3898333,16.674907684326172,16.682865142822266,ok
LA_D_3898925,9.962614059448242,9.974276542663574,ok
LA_D_3901273,16.273487091064453,16.278223037719727,ok
LA_D_3902856,15.255433082580566,15.257893562316895,ok
LA_D_3903402,16.297183990478516,16.299850463867188,ok
LA_D_3905848,11.169054985046387,11.169129371643066,ok
LA_D_3907778,-12.536894798278809,-12.536921501159668,ok
LA_D_3908047,14.414090156555176,14.415549278259277,ok
LA_D_3909128,15.99988842010498,16.003629684448242,ok
LA_D_3911013,17.85972785949707,17.85978889465332,ok
LA_D_3912485,14.009414672851562,14.01241397857666,ok
LA_D_3913064,11.981494903564453,11.981772422790527,ok
LA_D_3913569,16.423612594604492,16.442026138305664,ok
LA_D_3913882,15.811253547668457,15.8119535446167,ok
LA_D_3914448,12.944509506225586,12.94543170928955,ok
LA_D_3914511,19.53376007080078,19.55304527282715,ok
LA_D_3914541,15.207733154296875,15.208648681640625,ok
LA_D_3914577,7.75246524810791,7.752472400665283,ok
LA_D_3914594,15.93392276763916,15.937868118286133,ok
LA_D_3914684,18.718576431274414,18.71879768371582,ok
LA_D_3915707,12.887735366821289,12.8886079788208,ok
LA_D_3916686,12.828783988952637,12.829310417175293,ok
LA_D_3917851,14.790329933166504,14.791522979736328,ok
LA_D_3918474,17.714466094970703,17.720199584960938,ok
LA_D_3921032,12.598875999450684,12.601790428161621,ok
LA_D_3921050,8.828717231750488,8.829078674316406,ok
LA_D_3922266,-12.099449157714844,-12.10461711883545,ok
LA_D_3924068,13.403876304626465,13.404014587402344,ok
LA_D_3924244,12.87148666381836,12.87317943572998,ok
LA_D_3928290,17.503171920776367,17.517290115356445,ok
LA_D_3928764,14.684745788574219,14.686814308166504,ok
LA_D_3928922,15.730969429016113,15.73399829864502,ok
LA_D_3929323,13.611037254333496,13.61108112335205,ok
LA_D_3930165,16.367828369140625,16.370180130004883,ok
LA_D_3930677,13.648730278015137,13.65137767791748,ok
LA_D_3931288,10.862247467041016,10.865077018737793,ok
LA_D_3931322,14.206572532653809,14.208168983459473,ok
LA_D_3931549,16.6267147064209,16.62738609313965,ok
LA_D_3931582,14.381275177001953,14.384576797485352,ok
LA_D_3932504,14.018704414367676,14.019617080688477,ok
LA_D_3933506,-13.066512107849121,-13.072107315063477,ok
LA_D_3934729,11.095770835876465,11.096829414367676,ok
LA_D_3935443,14.165971755981445,14.169193267822266,ok
LA_D_3937097,13.63210391998291,13.635279655456543,ok
LA_D_3937744,14.411394119262695,14.411749839782715,ok
LA_D_3939937,18.465545654296875,18.46689796447754,ok
LA_D_3940913,-11.09213638305664,-11.093942642211914,ok
LA_D_3941447,-11.846771240234375,-11.84778118133545,ok
LA_D_3942424,12.785874366760254,12.787123680114746,ok
LA_D_3942605,9.667572975158691,9.668185234069824,ok
LA_D_3942708,13.35775375366211,13.35921573638916,ok
LA_D_3942877,9.407291412353516,9.407930374145508,ok
LA_D_3943414,16.720247268676758,16.72370719909668,ok
LA_D_3943938,17.35689353942871,17.358049392700195,ok
LA_D_3945155,12.603254318237305,12.606287956237793,ok
LA_D_3945227,13.634968757629395,13.635870933532715,ok
LA_D_3945922,14.239879608154297,14.24841022491455,ok
LA_D_3946264,14.908820152282715,14.910737037658691,ok
LA_D_3947384,-1.8222872018814087,-1.8242427110671997,ok
LA_D_3947953,14.427165031433105,14.428444862365723,ok
LA_D_3949631,15.07836627960205,15.079410552978516,ok
LA_D_3949661,14.971650123596191,14.974478721618652,ok
LA_D_3951142,17.414382934570312,17.415071487426758,ok
LA_D_3951175,10.66525650024414,10.664875030517578,ok
LA_D_3952183,18.694828033447266,18.697736740112305,ok
LA_D_3954136,15.786324501037598,15.7924165725708,ok
LA_D_3956242,-12.727301597595215,-12.731633186340332,ok
LA_D_3956535,13.827240943908691,13.8295259475708,ok
LA_D_3957229,21.389404296875,21.411205291748047,ok
LA_D_3958057,12.69248104095459,12.694561958312988,ok
LA_D_3958645,11.101574897766113,11.108256340026855,ok
LA_D_3958701,13.77820873260498,13.780315399169922,ok
LA_D_3960353,11.957141876220703,11.958878517150879,ok
LA_D_3960616,12.664368629455566,12.66684341430664,ok
LA_D_3962973,18.419912338256836,18.43092918395996,ok
LA_D_3963572,19.070083618164062,19.073122024536133,ok
LA_D_3965345,19.220600128173828,19.229236602783203,ok
LA_D_3965995,16.324993133544922,16.327373504638672,ok
LA_D_3966698,11.659576416015625,11.659438133239746,ok
LA_D_3967203,-12.794344902038574,-12.79989242553711,ok
LA_D_3967616,15.910943984985352,15.91745662689209,ok
LA_D_3969544,12.413002014160156,12.413681983947754,ok
LA_D_3969914,13.53570556640625,13.537571907043457,ok
LA_D_3970121,9.937397956848145,9.938309669494629,ok
LA_D_3970673,16.389944076538086,16.395307540893555,ok
LA_D_3971945,-1.8894288539886475,-1.894114375114441,ok
LA_D_3971956,17.589418411254883,17.590959548950195,ok
LA_D_3975146,11.468988418579102,11.480931282043457,ok
LA_D_3975408,13.11801528930664,13.118887901306152,ok
LA_D_3975996,11.634004592895508,11.636523246765137,ok
LA_D_3977034,-15.268134117126465,-15.269204139709473,ok
LA_D_3977471,16.117971420288086,16.119752883911133,ok
LA_D_3977983,18.08277702331543,18.0828857421875,ok
LA_D_3979729,14.429831504821777,14.432269096374512,ok
LA_D_3980944,17.49660301208496,17.49851417541504,ok
LA_D_3981366,17.922231674194336,17.935503005981445,ok
LA_D_3981584,-15.156641960144043,-15.156811714172363,ok
LA_D_3981689,11.703207015991211,11.7035493850708,ok
LA_D_3983088,14.110833168029785,14.121317863464355,ok
LA_D_3983406,-16.761953353881836,-16.763662338256836,ok
LA_D_3983835,20.82819175720215,20.839637756347656,ok
LA_D_3983910,13.745330810546875,13.747540473937988,ok
LA_D_3984579,14.416586875915527,14.41872501373291,ok
LA_D_3986002,-11.066197395324707,-11.068196296691895,ok
LA_D_3989236,13.440977096557617,13.442425727844238,ok
LA_D_3989246,18.39786720275879,18.400991439819336,ok
LA_D_3989469,8.515422821044922,8.521600723266602,ok
LA_D_3991844,12.732690811157227,12.732796669006348,ok
LA_D_3991910,12.577006340026855,12.577945709228516,ok
LA_D_3995155,15.373125076293945,15.373892784118652,ok
LA_D_3996355,-13.112160682678223,-13.1143798828125,ok
LA_D_3999380,-11.595273971557617,-11.595696449279785,ok
LA_D_4002788,17.520950317382812,17.52322006225586,ok
LA_D_4002921,9.005970001220703,9.006401062011719,ok
LA_D_4003135,13.899094581604004,13.899415016174316,ok
LA_D_4004968,-15.312712669372559,-15.313102722167969,ok
LA_D_4005134,12.811446189880371,12.814374923706055,ok
LA_D_4005743,8.839323043823242,8.839568138122559,ok
LA_D_4005820,6.396914958953857,6.396953105926514,ok
LA_D_4007335,17.651519775390625,17.651771545410156,ok
LA_D_4007368,10.820639610290527,10.82087516784668,ok
LA_D_4007785,14.077564239501953,14.078764915466309,ok
LA_D_4008273,16.147001266479492,16.1471004486084,ok
LA_D_4008967,14.470667839050293,14.470908164978027,ok
LA_D_4011113,15.268272399902344,15.270160675048828,ok
LA_D_4011462,14.748579025268555,14.75085735321045,ok
LA_D_4013164,-14.59359073638916,-14.59392261505127,ok
LA_D_4013189,12.663491249084473,12.664437294006348,ok
LA_D_4014487,-12.838634490966797,-12.838799476623535,ok
LA_D_4014725,8.391511917114258,8.395543098449707,ok
LA_D_4014814,17.401369094848633,17.404253005981445,ok
LA_D_4015488,15.171515464782715,15.172932624816895,ok
LA_D_4016003,-10.303084373474121,-10.308509826660156,ok
LA_D_4016591,-13.216216087341309,-13.21757698059082,ok
LA_D_4016743,-13.777291297912598,-13.777426719665527,ok
LA_D_4018947,11.574817657470703,11.576573371887207,ok
LA_D_4019274,14.162819862365723,14.163715362548828,ok
LA_D_4019473,14.857353210449219,14.8609037399292,ok
LA_D_4019987,13.371535301208496,13.374346733093262,ok
LA_D_4020788,9.99040699005127,9.991808891296387,ok
LA_D_4020807,9.25850772857666,9.258831977844238,ok
LA_D_4021153,-15.650761604309082,-15.651188850402832,ok
LA_D_4021573,-12.403637886047363,-12.405123710632324,ok
LA_D_4021676,11.766142845153809,11.766509056091309,ok
LA_D_4021977,13.802397727966309,13.808852195739746,ok
LA_D_4022532,13.008389472961426,13.011146545410156,ok
LA_D_4024245,15.058893203735352,15.060470581054688,ok
LA_D_4024567,17.17640495300293,17.176889419555664,ok
LA_D_4024701,10.638984680175781,10.640097618103027,ok
LA_D_4025786,16.501901626586914,16.501859664916992,ok
LA_D_4026006,14.085105895996094,14.087924003601074,ok
LA_D_4026230,13.85459041595459,13.856040954589844,ok
LA_D_4026264,-9.66989803314209,-9.669988632202148,ok
LA_D_4026338,10.904607772827148,10.904444694519043,ok
LA_D_4027041,13.476842880249023,13.478765487670898,ok
LA_D_4027137,13.611639022827148,13.613778114318848,ok
LA_D_4028437,13.912635803222656,13.912673950195312,ok
LA_D_4029187,18.4674072265625,18.472810745239258,ok
LA_D_4029515,15.922708511352539,15.929274559020996,ok
LA_D_4029888,11.813567161560059,11.81728458404541,ok
LA_D_4030356,15.965131759643555,15.968961715698242,ok
LA_D_4031294,8.554001808166504,8.554039001464844,ok
LA_D_4031375,12.181551933288574,12.181614875793457,ok
LA_D_4033093,-14.22021770477295,-14.2222261428833,ok
LA_D_4033240,12.792899131774902,12.795013427734375,ok
LA_D_4033330,13.00143814086914,13.0070219039917,ok
LA_D_4033961,12.97375202178955,12.97716999053955,ok
LA_D_4035138,14.112014770507812,14.120939254760742,ok
LA_D_4036070,14.038701057434082,14.041382789611816,ok
LA_D_4037283,-14.512395858764648,-14.51467227935791,ok
LA_D_4037520,11.568035125732422,11.570403099060059,ok
LA_D_4037538,13.940284729003906,13.940460205078125,ok
LA_D_4037663,14.186202049255371,14.189175605773926,ok
LA_D_4038636,16.724775314331055,16.724910736083984,ok
LA_D_4039179,10.062945365905762,10.062962532043457,ok
LA_D_4039301,16.084545135498047,16.09213638305664,ok
LA_D_4039557,13.878642082214355,13.882964134216309,ok
LA_D_4039836,17.099241256713867,17.101999282836914,ok
LA_D_4042844,15.85143756866455,15.85204792022705,ok
LA_D_4042958,12.19460678100586,12.195826530456543,ok
LA_D_4043027,-12.891389846801758,-12.891819953918457,ok
LA_D_4043035,15.000941276550293,15.002249717712402,ok
LA_D_4043306,-16.821186065673828,-16.82132339477539,ok
LA_D_4044356,15.781176567077637,15.782801628112793,ok
LA_D_4044969,14.026830673217773,14.027754783630371,ok
LA_D_4045695,12.893736839294434,12.89435863494873,ok
LA_D_4046048,14.590910911560059,14.599702835083008,ok
LA_D_4046580,11.679344177246094,11.681805610656738,ok
LA_D_4046673,15.704475402832031,15.706814765930176,ok
LA_D_4046741,12.520916938781738,12.525762557983398,ok
LA_D_4046895,13.595827102661133,13.600459098815918,ok
LA_D_4046963,15.344139099121094,15.344173431396484,ok
LA_D_4048306,16.39345359802246,16.396581649780273,ok
LA_D_4048880,10.893575668334961,10.894874572753906,ok
LA_D_4051775,12.692995071411133,12.69304084777832,ok
LA_D_4052162,12.696928977966309,12.698395729064941,ok
LA_D_4052216,-14.590834617614746,-14.59284496307373,ok
LA_D_4052276,8.713676452636719,8.71374797821045,ok
LA_D_4052746,-13.418914794921875,-13.424735069274902,ok
LA_D_4055045,7.462850570678711,7.4632391929626465,ok
LA_D_4056923,12.997642517089844,12.999120712280273,ok
LA_D_4057142,-12.112374305725098,-12.112469673156738,ok
LA_D_4057176,18.573291778564453,18.60199546813965,ok
LA_D_4058412,17.110801696777344,17.110944747924805,ok
LA_D_4058547,12.31087589263916,12.311978340148926,ok
LA_D_4058844,17.786136627197266,17.79909324645996,ok
LA_D_4061704,12.174515724182129,12.175124168395996,ok
LA_D_4062551,8.999893188476562,9.0000638961792,ok
LA_D_4062752,13.629785537719727,13.631324768066406,ok
LA_D_4063282,13.096734046936035,13.099967956542969,ok
LA_D_4064599,12.536441802978516,12.537827491760254,ok
LA_D_4067176,11.594480514526367,11.594505310058594,ok
LA_D_4067593,10.294877052307129,10.294947624206543,ok
LA_D_4067852,15.080981254577637,15.086545944213867,ok
LA_D_4067937,16.357845306396484,16.35948371887207,ok
LA_D_4069031,21.164966583251953,21.173452377319336,ok
LA_D_4070411,8.603032112121582,8.603516578674316,ok
LA_D_4071164,15.03348159790039,15.033835411071777,ok
LA_D_4072040,3.8371903896331787,3.836984872817993,ok
LA_D_4073647,11.237349510192871,11.24019718170166,ok
LA_D_4073939,19.41012191772461,19.41567039489746,ok
LA_D_4074087,19.359771728515625,19.371334075927734,ok
LA_D_4074277,13.603532791137695,13.608176231384277,ok
LA_D_4075366,10.18626594543457,10.188499450683594,ok
LA_D_4075891,13.690120697021484,13.711228370666504,ok
LA_D_4075975,18.22937774658203,18.230012893676758,ok
LA_D_4076013,15.371301651000977,15.371509552001953,ok
LA_D_4076814,-12.097664833068848,-12.09805965423584,ok
LA_D_4076908,19.515771865844727,19.524866104125977,ok
LA_D_4079102,17.246261596679688,17.247844696044922,ok
LA_D_4079359,14.40507698059082,14.405145645141602,ok
LA_D_4080966,15.043059349060059,15.046363830566406,ok
LA_D_4081483,8.221761703491211,8.225918769836426,ok
LA_D_4082852,22.846925735473633,22.84779167175293,ok
LA_D_4083446,7.714057922363281,7.71332311630249,ok
LA_D_4083478,-15.1664400100708,-15.167581558227539,ok
LA_D_4083902,12.369763374328613,12.369908332824707,ok
LA_D_4084629,13.567548751831055,13.571098327636719,ok
LA_D_4085373,10.048150062561035,10.04842472076416,ok
LA_D_4085392,20.69972038269043,20.712934494018555,ok
LA_D_4087816,14.43151569366455,14.431723594665527,ok
LA_D_4088889,10.12472152709961,10.13144588470459,ok
LA_D_4089906,13.021010398864746,13.024596214294434,ok
LA_D_4091821,13.827509880065918,13.830184936523438,ok
LA_D_4091974,15.832810401916504,15.833823204040527,ok
LA_D_4093216,16.772727966308594,16.77686882019043,ok
LA_D_4094129,15.193068504333496,15.193461418151855,ok
LA_D_4095002,15.071209907531738,15.079645156860352,ok
LA_D_4095293,-9.919038772583008,-9.919787406921387,ok
LA_D_4095496,14.580808639526367,14.582449913024902,ok
LA_D_4096026,15.03145980834961,15.040592193603516,ok
LA_D_4099396,14.385008811950684,14.386714935302734,ok
LA_D_4099499,15.499381065368652,15.500242233276367,ok
LA_D_4099596,11.649715423583984,11.6506986618042,ok
LA_D_4101216,-14.315183639526367,-14.315326690673828,ok
LA_D_4101246,16.3185977935791,16.320981979370117,ok
LA_D_4102879,14.030155181884766,14.031542778015137,ok
LA_D_4103125,15.818382263183594,15.822983741760254,ok
LA_D_4103449,3.4465818405151367,3.4485909938812256,ok
LA_D_4104036,18.138700485229492,18.139204025268555,ok
LA_D_4104349,12.387012481689453,12.387099266052246,ok
LA_D_4105672,8.636486053466797,8.636645317077637,ok
LA_D_4106360,-14.986516952514648,-14.987763404846191,ok
LA_D_4107017,16.9060001373291,16.92255401611328,ok
LA_D_4107126,15.900885581970215,15.904500007629395,ok
LA_D_4107279,10.14397144317627,10.144364356994629,ok
LA_D_4108210,11.982975959777832,11.986311912536621,ok
LA_D_4108558,15.454249382019043,15.460139274597168,ok
LA_D_4108953,12.699939727783203,12.701691627502441,ok
LA_D_4110412,15.135231971740723,15.137425422668457,ok
LA_D_4110914,15.994999885559082,15.995146751403809,ok
LA_D_4111379,12.575608253479004,12.576876640319824,ok
LA_D_4113219,14.615216255187988,14.615848541259766,ok
LA_D_4113356,12.58713150024414,12.589137077331543,ok
LA_D_4113491,15.526881217956543,15.528289794921875,ok
LA_D_4114596,16.685604095458984,16.68644905090332,ok
LA_D_4116325,10.0802001953125,10.080206871032715,ok
LA_D_4116714,13.954334259033203,13.959704399108887,ok
LA_D_4117970,10.821043968200684,10.82172679901123,ok
LA_D_4119404,14.540989875793457,14.542019844055176,ok
LA_D_4119592,12.761157035827637,12.762665748596191,ok
LA_D_4121148,12.60367488861084,12.604022979736328,ok
LA_D_4121278,12.682073593139648,12.682156562805176,ok
LA_D_4121809,8.144779205322266,8.147004127502441,ok
LA_D_4122895,15.960358619689941,15.963227272033691,ok
LA_D_4123062,17.81072998046875,17.8118839263916,ok
LA_D_4123108,12.801749229431152,12.803220748901367,ok
LA_D_4123677,-14.174296379089355,-14.177566528320312,ok
LA_D_4123679,12.980576515197754,12.983139038085938,ok
LA_D_4124707,-13.875836372375488,-13.87621021270752,ok
LA_D_4127237,12.780131340026855,12.780314445495605,ok
LA_D_4127746,11.10735034942627,11.107016563415527,ok
LA_D_4128580,11.704124450683594,11.70582389831543,ok
LA_D_4128802,12.356721878051758,12.356807708740234,ok
LA_D_4130527,15.482063293457031,15.491183280944824,ok
LA_D_4131648,18.736635208129883,18.74532127380371,ok
LA_D_4131978,12.764223098754883,12.764233589172363,ok
LA_D_4132005,17.13789176940918,17.138887405395508,ok
LA_D_4134915,11.305511474609375,11.319695472717285,ok
LA_D_4135542,13.997336387634277,13.998286247253418,ok
LA_D_4136401,10.302300453186035,10.303483009338379,ok
LA_D_4137927,-6.238418102264404,-6.239429950714111,ok
LA_D_4140612,12.947543144226074,12.94910717010498,ok
LA_D_4140711,15.347134590148926,15.349258422851562,ok
LA_D_4140724,13.803170204162598,13.808124542236328,ok
LA_D_4141520,17.087940216064453,17.092565536499023,ok
LA_D_4142294,15.450732231140137,15.453168869018555,ok
LA_D_4142832,17.59046173095703,17.593032836914062,ok
LA_D_4143632,15.893049240112305,15.894892692565918,ok
LA_D_4143635,13.095986366271973,13.096184730529785,ok
LA_D_4144411,13.320869445800781,13.33561897277832,ok
LA_D_4146741,-12.674285888671875,-12.67576789855957,ok
LA_D_4148714,16.765926361083984,16.7664794921875,ok
LA_D_4148744,12.832160949707031,12.833313941955566,ok
LA_D_4148951,12.760062217712402,12.7658109664917,ok
LA_D_4149777,15.590165138244629,15.59047794342041,ok
LA_D_4150517,17.828214645385742,17.82927894592285,ok
LA_D_4151774,-13.863313674926758,-13.863757133483887,ok
LA_D_4153076,14.344976425170898,14.344998359680176,ok
LA_D_4154332,15.319526672363281,15.325921058654785,ok
LA_D_4154887,-11.111631393432617,-11.111716270446777,ok
LA_D_4155987,17.449594497680664,17.451007843017578,ok
LA_D_4156717,16.089902877807617,16.090360641479492,ok
LA_D_4156807,-14.106931686401367,-14.110945701599121,ok
LA_D_4157572,11.129992485046387,11.130378723144531,ok
LA_D_4157946,10.48818302154541,10.490986824035645,ok
LA_D_4158625,11.908614158630371,11.90952205657959,ok
LA_D_4158867,13.4174165725708,13.419142723083496,ok
LA_D_4160780,16.759811401367188,16.761281967163086,ok
LA_D_4160962,-12.915812492370605,-12.915881156921387,ok
LA_D_4162885,12.85903549194336,12.859373092651367,ok
LA_D_4163700,19.642784118652344,19.6453914642334,ok
LA_D_4163754,14.492467880249023,14.500194549560547,ok
LA_D_4164238,13.386032104492188,13.385869979858398,ok
LA_D_4164409,15.98239517211914,15.983586311340332,ok
LA_D_4164660,13.18736743927002,13.189471244812012,ok
LA_D_4164777,11.557230949401855,11.557246208190918,ok
LA_D_4165061,5.432285308837891,5.435033321380615,ok
LA_D_4166028,15.864553451538086,15.871861457824707,ok
LA_D_4166644,-15.042847633361816,-15.04333782196045,ok
LA_D_4167033,14.11792278289795,14.125544548034668,ok
LA_D_4167431,15.258341789245605,15.259712219238281,ok
LA_D_4168527,-11.193805694580078,-11.197712898254395,ok
LA_D_4169547,12.269088745117188,12.27640438079834,ok
LA_D_4171064,14.132896423339844,14.136163711547852,ok
LA_D_4171217,17.399185180664062,17.40325164794922,ok
LA_D_4171570,14.859184265136719,14.864070892333984,ok
LA_D_4171941,11.563789367675781,11.564351081848145,ok
LA_D_4172288,13.662464141845703,13.662758827209473,ok
LA_D_4173079,19.282758712768555,19.283870697021484,ok
LA_D_4174255,18.144023895263672,18.14972496032715,ok
LA_D_4174389,-13.75512409210205,-13.75537109375,ok
LA_D_4174420,-14.851346015930176,-14.852386474609375,ok
LA_D_4176167,12.394493103027344,12.39452838897705,ok
LA_D_4179863,11.845465660095215,11.847780227661133,ok
LA_D_4180382,12.066978454589844,12.067963600158691,ok
LA_D_4180571,6.599044322967529,6.597911357879639,ok
LA_D_4181398,14.807509422302246,14.80985164642334,ok
LA_D_4181484,13.668427467346191,13.668852806091309,ok
LA_D_4181824,8.795310974121094,8.795268058776855,ok
LA_D_4182338,18.986385345458984,18.991456985473633,ok
LA_D_4182510,13.521918296813965,13.523507118225098,ok
LA_D_4182578,14.975669860839844,14.981255531311035,ok
LA_D_4183063,14.264371871948242,14.26637077331543,ok
LA_D_4184441,12.575390815734863,12.57999038696289,ok
LA_D_4184582,9.923599243164062,9.925329208374023,ok
LA_D_4185000,13.788442611694336,13.791581153869629,ok
LA_D_4185259,12.840043067932129,12.840692520141602,ok
LA_D_4185261,11.438960075378418,11.439278602600098,ok
LA_D_4187195,20.246557235717773,20.246809005737305,ok
LA_D_4187375,13.254829406738281,13.254931449890137,ok
LA_D_4189838,14.629626274108887,14.630148887634277,ok
LA_D_4189888,15.527556419372559,15.530800819396973,ok
LA_D_4190213,12.241637229919434,12.241616249084473,ok
LA_D_4190797,15.350983619689941,15.353020668029785,ok
LA_D_4190801,16.13922119140625,16.139423370361328,ok
LA_D_4190863,17.976825714111328,17.976842880249023,ok
LA_D_4191166,16.612974166870117,16.61327362060547,ok
LA_D_4191537,16.264955520629883,16.266948699951172,ok
LA_D_4191582,13.162834167480469,13.163750648498535,ok
LA_D_4191752,14.024072647094727,14.02452278137207,ok
LA_D_4191826,10.72785472869873,10.728166580200195,ok
LA_D_4192008,15.580718994140625,15.58067512512207,ok
LA_D_4193632,14.586169242858887,14.59326457977295,ok
LA_D_4194240,16.659912109375,16.660367965698242,ok
LA_D_4195024,11.419027328491211,11.419817924499512,ok
LA_D_4195342,-16.91114616394043,-16.912174224853516,ok
LA_D_4195600,15.240530014038086,15.241056442260742,ok
LA_D_4196303,14.365142822265625,14.36545467376709,ok
LA_D_4196632,14.865376472473145,14.875603675842285,ok
LA_D_4196661,14.370522499084473,14.371294975280762,ok
LA_D_4196989,16.689441680908203,16.69068717956543,ok
LA_D_4197046,12.363313674926758,12.36343765258789,ok
LA_D_4198004,-12.410913467407227,-12.412192344665527,ok
LA_D_4198326,8.963091850280762,8.963313102722168,ok
LA_D_4198486,14.430343627929688,14.430920600891113,ok
LA_D_4198686,11.861678123474121,11.862175941467285,ok
LA_D_4199273,14.367238998413086,14.368399620056152,ok
LA_D_4199363,16.258665084838867,16.25992774963379,ok
LA_D_4200118,13.20805835723877,13.209351539611816,ok
LA_D_4200741,11.083820343017578,11.083830833435059,ok
LA_D_4200824,9.599411964416504,9.599371910095215,ok
LA_D_4200974,15.380802154541016,15.382119178771973,ok
LA_D_4201607,12.078849792480469,12.07915210723877,ok
LA_D_4202629,15.148177146911621,15.149033546447754,ok
LA_D_4203364,16.24439239501953,16.245006561279297,ok
LA_D_4203374,-9.509048461914062,-9.509174346923828,ok
LA_D_4203887,14.69249153137207,14.697561264038086,ok
LA_D_4204191,14.977897644042969,14.981535911560059,ok
LA_D_4204784,13.662230491638184,13.667728424072266,ok
LA_D_4205148,6.953763484954834,6.9537672996521,ok
LA_D_4205821,15.31538200378418,15.320740699768066,ok
LA_D_4206038,16.110380172729492,16.112150192260742,ok
LA_D_4206300,14.536378860473633,14.539671897888184,ok
LA_D_4206329,12.216440200805664,12.21706485748291,ok
LA_D_4206836,9.603313446044922,9.603354454040527,ok
LA_D_4206952,13.718278884887695,13.7251558303833,ok
LA_D_4207134,15.168024063110352,15.169933319091797,ok
LA_D_4208169,10.650837898254395,10.651764869689941,ok
LA_D_4208598,17.526844024658203,17.532306671142578,ok
LA_D_4210738,14.001946449279785,14.003207206726074,ok
LA_D_4213958,13.616382598876953,13.621264457702637,ok
LA_D_4216273,17.357707977294922,17.357818603515625,ok
LA_D_4218588,12.316747665405273,12.3167085647583,ok
LA_D_4221800,-12.018585205078125,-12.019092559814453,ok
LA_D_4223757,9.989665985107422,9.989581108093262,ok
LA_D_4224687,16.751808166503906,16.753652572631836,ok
LA_D_4225333,19.32229995727539,19.323156356811523,ok
LA_D_4225742,17.49359130859375,17.497194290161133,ok
LA_D_4226126,11.987996101379395,11.987707138061523,ok
LA_D_4228094,15.301655769348145,15.307211875915527,ok
LA_D_4228550,5.848708152770996,5.848752498626709,ok
LA_D_4228555,13.609930038452148,13.61168098449707,ok
LA_D_4230212,8.705799102783203,8.709246635437012,ok
LA_D_4231134,17.932180404663086,17.936960220336914,ok
LA_D_4231438,17.56824493408203,17.574647903442383,ok
LA_D_4231672,20.062894821166992,20.07101058959961,ok
LA_D_4232791,6.389028549194336,6.388045310974121,ok
LA_D_4232929,17.418975830078125,17.424226760864258,ok
LA_D_4234032,13.95945930480957,13.959906578063965,ok
LA_D_4234629,15.586930274963379,15.596212387084961,ok
LA_D_4235390,-14.605367660522461,-14.606673240661621,ok
LA_D_4236528,13.073164939880371,13.077338218688965,ok
LA_D_4236787,13.960795402526855,13.96352767944336,ok
LA_D_4239074,-15.32422161102295,-15.325427055358887,ok
LA_D_4239546,20.828733444213867,20.829275131225586,ok
LA_D_4239778,11.254708290100098,11.260575294494629,ok
LA_D_4239904,16.203474044799805,16.21632957458496,ok
LA_D_4240232,14.829920768737793,14.830560684204102,ok
LA_D_4240572,17.739770889282227,17.73981475830078,ok
LA_D_4241032,12.005816459655762,12.013532638549805,ok
LA_D_4243835,14.582779884338379,14.583789825439453,ok
LA_D_4246171,-17.338184356689453,-17.338876724243164,ok
LA_D_4246414,18.183870315551758,18.186208724975586,ok
LA_D_4246754,15.911972999572754,15.912040710449219,ok
LA_D_4246774,16.75651741027832,16.77073860168457,ok
LA_D_4246993,-7.506776809692383,-7.507964611053467,ok
LA_D_4248918,-14.2619047164917,-14.26290225982666,ok
LA_D_4249169,13.614168167114258,13.614460945129395,ok
LA_D_4249206,13.944321632385254,13.9475679397583,ok
LA_D_4249243,14.333060264587402,14.333697319030762,ok
LA_D_4249444,11.28896427154541,11.290738105773926,ok
LA_D_4250284,11.673487663269043,11.674568176269531,ok
LA_D_4251305,13.619315147399902,13.619368553161621,ok
LA_D_4253070,14.397472381591797,14.397530555725098,ok
LA_D_4253580,18.70425796508789,18.70775032043457,ok
LA_D_4254213,12.508440971374512,12.511307716369629,ok
LA_D_4254629,13.981449127197266,13.984421730041504,ok
LA_D_4255574,16.25432014465332,16.257904052734375,ok
LA_D_4256004,9.046035766601562,9.046172142028809,ok
LA_D_4256065,7.674361705780029,7.6772589683532715,ok
LA_D_4256903,12.947315216064453,12.947527885437012,ok
LA_D_4258777,14.563520431518555,14.564777374267578,ok
LA_D_4258858,16.080703735351562,16.086719512939453,ok
LA_D_4258977,16.314956665039062,16.314943313598633,ok
LA_D_4259040,14.846375465393066,14.846938133239746,ok
LA_D_4259794,16.68938636779785,16.70209312438965,ok
LA_D_4260004,15.124634742736816,15.126391410827637,ok
LA_D_4260320,15.965651512145996,15.969987869262695,ok
LA_D_4261339,14.606688499450684,14.608768463134766,ok
LA_D_4262014,13.302363395690918,13.30899715423584,ok
LA_D_4262940,13.315084457397461,13.31594181060791,ok
LA_D_4263760,15.192960739135742,15.19308090209961,ok
LA_D_4264656,14.21438980102539,14.214863777160645,ok
LA_D_4264923,11.749063491821289,11.752589225769043,ok
LA_D_4265472,13.045594215393066,13.045907020568848,ok
LA_D_4265541,10.041638374328613,10.04327392578125,ok
LA_D_4266524,16.019357681274414,16.021652221679688,ok
LA_D_4269476,13.613219261169434,13.613286972045898,ok
LA_D_4270306,10.025919914245605,10.030070304870605,ok
LA_D_4272619,13.192337989807129,13.19383716583252,ok
LA_D_4272960,14.70508861541748,14.705521583557129,ok
LA_D_4274327,14.507843971252441,14.51330852508545,ok
LA_D_4274975,-12.555927276611328,-12.556136131286621,ok
LA_D_4274981,9.071810722351074,9.071553230285645,ok
LA_D_4276883,13.327152252197266,13.329090118408203,ok
LA_D_4277166,19.910329818725586,19.91742515563965,ok
LA_D_4277377,13.230164527893066,13.231492042541504,ok
LA_D_4277712,14.844696998596191,14.847249031066895,ok
LA_D_4278889,15.414769172668457,15.416088104248047,ok
LA_D_4279179,11.982145309448242,11.983798027038574,ok
LA_D_4279522,-14.994599342346191,-14.997145652770996,ok
LA_D_4280433,14.339101791381836,14.341485023498535,ok
LA_D_4281656,11.86501693725586,11.868170738220215,ok
LA_D_4281667,16.515432357788086,16.51603889465332,ok
LA_D_4282533,12.303522109985352,12.304193496704102,ok
LA_D_4282724,-11.916016578674316,-11.916609764099121,ok
LA_D_4283190,21.394428253173828,21.416215896606445,ok
LA_D_4284194,8.420717239379883,8.420652389526367,ok
LA_D_4285827,18.689685821533203,18.689899444580078,ok
LA_D_4286664,11.235611915588379,11.235673904418945,ok
LA_D_4289169,13.550440788269043,13.55044937133789,ok
LA_D_4290017,16.100357055664062,16.10686683654785,ok
LA_D_4291104,10.811527252197266,10.813511848449707,ok
LA_D_4293112,-14.08216381072998,-14.083261489868164,ok
LA_D_4293326,13.363676071166992,13.36457633972168,ok
LA_D_4293774,15.430907249450684,15.433680534362793,ok
LA_D_4293805,14.908967971801758,14.911675453186035,ok
LA_D_4294751,15.468803405761719,15.47019100189209,ok
LA_D_4296133,13.750767707824707,13.750754356384277,ok
LA_D_4296893,17.09113883972168,17.095861434936523,ok
LA_D_4297095,16.66144371032715,16.667388916015625,ok
LA_D_4297354,15.037764549255371,15.045522689819336,ok
LA_D_4297667,15.139172554016113,15.145834922790527,ok
LA_D_4300523,17.502538681030273,17.504796981811523,ok
LA_D_4301521,9.901961326599121,9.902934074401855,ok
LA_D_4301954,9.9320650100708,9.932147026062012,ok
LA_D_4302088,10.93204402923584,10.93321704864502,ok
LA_D_4302254,17.187389373779297,17.193357467651367,ok
LA_D_4302814,16.370161056518555,16.372358322143555,ok
LA_D_4304225,12.619566917419434,12.61976146697998,ok
LA_D_4304868,-13.130992889404297,-13.13249397277832,ok
LA_D_4306636,10.026674270629883,10.026688575744629,ok
LA_D_4308561,15.015630722045898,15.022863388061523,ok
LA_D_4309122,14.072281837463379,14.073564529418945,ok
LA_D_4309636,16.847070693969727,16.84720802307129,ok
LA_D_4309711,-4.8601908683776855,-4.861242771148682,ok
LA_D_4311841,16.5692138671875,16.57109260559082,ok
LA_D_4311857,19.475997924804688,19.478580474853516,ok
LA_D_4315355,14.208703994750977,14.209609031677246,ok
LA_D_4318753,-11.747325897216797,-11.749024391174316,ok
LA_D_4319137,11.125360488891602,11.127143859863281,ok
LA_D_4320036,-3.6198620796203613,-3.6203079223632812,ok
LA_D_4320182,15.166197776794434,15.169312477111816,ok
LA_D_4321061,14.690987586975098,14.691112518310547,ok
LA_D_4322439,21.0513858795166,21.057756423950195,ok
LA_D_4322842,10.613404273986816,10.61337947845459,ok
LA_D_4324080,11.950440406799316,11.950596809387207,ok
LA_D_4324943,12.595290184020996,12.595672607421875,ok
LA_D_4326060,11.683218955993652,11.684450149536133,ok
LA_D_4326894,17.441425323486328,17.4451961517334,ok
LA_D_4329029,16.364933013916016,16.367727279663086,ok
LA_D_4330465,18.921762466430664,18.935195922851562,ok
LA_D_4330927,13.940892219543457,13.943205833435059,ok
LA_D_4331052,16.1102352142334,16.111669540405273,ok
LA_D_4332689,17.035720825195312,17.037919998168945,ok
LA_D_4332784,16.22586441040039,16.234336853027344,ok
LA_D_4333191,16.118743896484375,16.119766235351562,ok
LA_D_4333326,10.810629844665527,10.811440467834473,ok
LA_D_4335525,19.14311981201172,19.147836685180664,ok
LA_D_4335932,12.866125106811523,12.866433143615723,ok
LA_D_4337797,17.492280960083008,17.493410110473633,ok
LA_D_4338785,-14.472437858581543,-14.473860740661621,ok
LA_D_4338918,12.674790382385254,12.676460266113281,ok
LA_D_4339384,15.261263847351074,15.261652946472168,ok
LA_D_4339387,17.727380752563477,17.729116439819336,ok
LA_D_4339462,18.93326187133789,18.93564796447754,ok
LA_D_4339595,12.875450134277344,12.876587867736816,ok
LA_D_4339686,14.252214431762695,14.255463600158691,ok
LA_D_4339929,16.94747543334961,16.95842170715332,ok
LA_D_4340193,17.878271102905273,17.88148307800293,ok
LA_D_4341247,8.223258018493652,8.223361015319824,ok
LA_D_4341889,-12.619293212890625,-12.619413375854492,ok
LA_D_4342639,13.393621444702148,13.399321556091309,ok
LA_D_4342949,16.347164154052734,16.347856521606445,ok
LA_D_4343772,16.372201919555664,16.3760929107666,ok
LA_D_4344112,15.484640121459961,15.484589576721191,ok
LA_D_4344125,13.14936351776123,13.151611328125,ok
LA_D_4344547,13.505731582641602,13.508760452270508,ok
LA_D_4344561,13.913928031921387,13.922876358032227,ok
LA_D_4344587,13.928667068481445,13.929322242736816,ok
LA_D_4344989,12.343294143676758,12.345601081848145,ok
LA_D_4347397,12.975780487060547,12.979942321777344,ok
LA_D_4347644,11.688151359558105,11.688273429870605,ok
LA_D_4348250,17.061931610107422,17.063814163208008,ok
LA_D_4348413,4.890680313110352,4.890518665313721,ok
LA_D_4350243,9.662565231323242,9.666563034057617,ok
LA_D_4350271,-14.33306884765625,-14.333441734313965,ok
LA_D_4353332,11.130915641784668,11.13160228729248,ok
LA_D_4354056,-15.367770195007324,-15.37110424041748,ok
LA_D_4354832,14.985045433044434,14.985556602478027,ok
LA_D_4355155,14.88119125366211,14.882135391235352,ok
LA_D_4356104,14.207724571228027,14.209558486938477,ok
LA_D_4356541,-14.277565002441406,-14.279438972473145,ok
LA_D_4356737,16.543704986572266,16.54722023010254,ok
LA_D_4357087,14.269412994384766,14.27127742767334,ok
LA_D_4357332,13.303483963012695,13.30409049987793,ok
LA_D_4358018,14.920037269592285,14.92195987701416,ok
LA_D_4358026,17.447086334228516,17.44706916809082,ok
LA_D_4359265,6.268449306488037,6.271188735961914,ok
LA_D_4359700,9.880203247070312,9.881146430969238,ok
LA_D_4360961,7.942751884460449,7.943160533905029,ok
LA_D_4362724,18.933176040649414,18.940580368041992,ok
LA_D_4363125,13.722728729248047,13.72245979309082,ok
LA_D_4365682,12.062544822692871,12.062969207763672,ok
LA_D_4367665,-16.732383728027344,-16.734590530395508,ok
LA_D_4368080,16.99275779724121,16.998083114624023,ok
LA_D_4368585,11.332756042480469,11.33321475982666,ok
LA_D_4371142,-13.161964416503906,-13.163087844848633,ok
LA_D_4371820,14.675997734069824,14.67722225189209,ok
LA_D_4372021,6.61776876449585,6.617849826812744,ok
LA_D_4372323,13.715846061706543,13.720197677612305,ok
LA_D_4373476,8.904610633850098,8.90520191192627,ok
LA_D_4373860,14.185201644897461,14.18805980682373,ok
LA_D_4374868,16.8408203125,16.843019485473633,ok
LA_D_4375717,6.236429691314697,6.236571788787842,ok
LA_D_4375763,8.992608070373535,8.999342918395996,ok
LA_D_4376066,13.84126091003418,13.85104751586914,ok
LA_D_4377114,9.587050437927246,9.587116241455078,ok
LA_D_4378003,12.497759819030762,12.502518653869629,ok
LA_D_4378419,13.487361907958984,13.505986213684082,ok
LA_D_4382110,13.223372459411621,13.230382919311523,ok
LA_D_4382584,15.839010238647461,15.841168403625488,ok
LA_D_4382768,15.398841857910156,15.407049179077148,ok
LA_D_4384335,13.323505401611328,13.323847770690918,ok
LA_D_4385188,13.409467697143555,13.410751342773438,ok
LA_D_4385637,11.39737319946289,11.397675514221191,ok
LA_D_4386137,11.651718139648438,11.652094841003418,ok
LA_D_4386823,-14.103920936584473,-14.109135627746582,ok
LA_D_4387141,2.765350103378296,2.7643015384674072,ok
LA_D_4388836,13.36748218536377,13.369612693786621,ok
LA_D_4389304,11.383049011230469,11.383017539978027,ok
LA_D_4389927,13.45083236694336,13.461965560913086,ok
LA_D_4390516,7.842168807983398,7.841405868530273,ok
LA_D_4391860,8.237637519836426,8.239206314086914,ok
LA_D_4394367,17.130046844482422,17.135866165161133,ok
LA_D_4394399,15.499079704284668,15.508700370788574,ok
LA_D_4395658,12.487725257873535,12.48779582977295,ok
LA_D_4396214,12.088730812072754,12.08973217010498,ok
LA_D_4396892,14.321638107299805,14.3353853225708,ok
LA_D_4397003,16.585102081298828,16.58891487121582,ok
LA_D_4397064,13.443926811218262,13.444009780883789,ok
LA_D_4397256,13.774274826049805,13.778998374938965,ok
LA_D_4398059,13.36370849609375,13.363741874694824,ok
LA_D_4398399,14.494361877441406,14.494366645812988,ok
LA_D_4399191,17.500782012939453,17.501035690307617,ok
LA_D_4399431,15.429981231689453,15.438916206359863,ok
LA_D_4399466,11.584881782531738,11.586773872375488,ok
LA_D_4399522,-11.51617431640625,-11.516651153564453,ok
LA_D_4401526,10.087702751159668,10.087794303894043,ok
LA_D_4401633,-9.460219383239746,-9.460835456848145,ok
LA_D_4401901,12.41499137878418,12.415026664733887,ok
LA_D_4402259,14.289100646972656,14.290007591247559,ok
LA_D_4402495,13.488078117370605,13.490374565124512,ok
LA_D_4402714,-14.938834190368652,-14.939091682434082,ok
LA_D_4402866,16.621883392333984,16.62336540222168,ok
LA_D_4404330,13.706244468688965,13.706570625305176,ok
LA_D_4407003,13.96380615234375,13.964800834655762,ok
LA_D_4407357,14.165533065795898,14.166560173034668,ok
LA_D_4407498,15.197219848632812,15.197480201721191,ok
LA_D_4407872,12.01085376739502,12.013288497924805,ok
LA_D_4409009,17.434463500976562,17.43913459777832,ok
LA_D_4409637,11.919315338134766,11.919468879699707,ok
LA_D_4411229,20.446929931640625,20.452322006225586,ok
LA_D_4411557,9.25590991973877,9.25673770904541,ok
LA_D_4411643,13.569664001464844,13.581259727478027,ok
LA_D_4411754,-14.450615882873535,-14.45462417602539,ok
LA_D_4411966,10.375693321228027,10.376914978027344,ok
LA_D_4412539,12.193217277526855,12.193944931030273,ok
LA_D_4412972,16.22421646118164,16.23413848876953,ok
LA_D_4413908,15.457275390625,15.46462345123291,ok
LA_D_4414981,16.916526794433594,16.916751861572266,ok
LA_D_4415743,12.907466888427734,12.907998085021973,ok
LA_D_4416329,12.025443077087402,12.025837898254395,ok
LA_D_4416737,14.347979545593262,14.349818229675293,ok
LA_D_4418265,10.982548713684082,10.983048439025879,ok
LA_D_4418754,17.026996612548828,17.027851104736328,ok
LA_D_4419471,20.26774024963379,20.26993751525879,ok
LA_D_4421402,12.595685005187988,12.598173141479492,ok
LA_D_4421531,13.347557067871094,13.347275733947754,ok
LA_D_4422512,-10.692543983459473,-10.692839622497559,ok
LA_D_4427641,7.250139236450195,7.250762939453125,ok
LA_D_4427871,15.228955268859863,15.229270935058594,ok
LA_D_4429476,17.191938400268555,17.194948196411133,ok
LA_D_4430284,14.40363597869873,14.404539108276367,ok
LA_D_4430789,16.138471603393555,16.152084350585938,ok
LA_D_4432534,11.157984733581543,11.162318229675293,ok
LA_D_4432873,13.52098274230957,13.523170471191406,ok
LA_D_4433509,-11.854747772216797,-11.854817390441895,ok
LA_D_4434620,13.654315948486328,13.656928062438965,ok
LA_D_4434827,19.23287010192871,19.2379207611084,ok
LA_D_4436213,11.711409568786621,11.7116060256958,ok
LA_D_4436601,13.499939918518066,13.500118255615234,ok
LA_D_4437561,12.827924728393555,12.830900192260742,ok
LA_D_4437954,8.626067161560059,8.62636947631836,ok
LA_D_4438261,12.919331550598145,12.920771598815918,ok
LA_D_4438405,12.955560684204102,12.956809043884277,ok
LA_D_4440657,17.108325958251953,17.111648559570312,ok
LA_D_4441414,12.010777473449707,12.012961387634277,ok
LA_D_4441987,-8.703845977783203,-8.709208488464355,ok
LA_D_4442289,14.078263282775879,14.079930305480957,ok
LA_D_4442511,11.947062492370605,11.947379112243652,ok
LA_D_4445174,14.241594314575195,14.244223594665527,ok
LA_D_4445250,-14.413146018981934,-14.416194915771484,ok
LA_D_4446874,14.863363265991211,14.868765830993652,ok
LA_D_4447831,12.368237495422363,12.369072914123535,ok
LA_D_4448951,14.885558128356934,14.886805534362793,ok
LA_D_4448977,15.127477645874023,15.131195068359375,ok
LA_D_4449596,14.324607849121094,14.32551383972168,ok
LA_D_4450404,13.914785385131836,13.916552543640137,ok
LA_D_4451989,14.034811019897461,14.04035472869873,ok
LA_D_4452476,12.474091529846191,12.474761009216309,ok
LA_D_4452994,19.77642059326172,19.78327178955078,ok
LA_D_4453721,14.928170204162598,14.935271263122559,ok
LA_D_4453838,16.805776596069336,16.8070011138916,ok
LA_D_4455937,10.313441276550293,10.314055442810059,ok
LA_D_4457189,-2.7553281784057617,-2.7571346759796143,ok
LA_D_4458062,17.084243774414062,17.086362838745117,ok
LA_D_4458668,9.492258071899414,9.494452476501465,ok
LA_D_4459406,13.729043006896973,13.730786323547363,ok
LA_D_4459748,8.622967720031738,8.623236656188965,ok
LA_D_4459933,12.458962440490723,12.45918083190918,ok
LA_D_4460089,15.305131912231445,15.305829048156738,ok
LA_D_4460163,7.757564544677734,7.759073734283447,ok
LA_D_4461485,13.086665153503418,13.086699485778809,ok
LA_D_4462615,-12.790122985839844,-12.792184829711914,ok
LA_D_4463511,14.925570487976074,14.926989555358887,ok
LA_D_4463930,10.293081283569336,10.293108940124512,ok
LA_D_4464967,14.028268814086914,14.028264045715332,ok
LA_D_4467077,13.958988189697266,13.963162422180176,ok
LA_D_4467119,12.223023414611816,12.225285530090332,ok
LA_D_4468016,-13.269547462463379,-13.271876335144043,ok
LA_D_4469053,-15.660674095153809,-15.661187171936035,ok
LA_D_4469400,12.552486419677734,12.558344841003418,ok
LA_D_4469413,9.03231143951416,9.033612251281738,ok
LA_D_4471810,12.310846328735352,12.311291694641113,ok
LA_D_4472082,22.50107765197754,22.507137298583984,ok
LA_D_4472623,13.05785846710205,13.059173583984375,ok
LA_D_4472967,14.802184104919434,14.803196907043457,ok
LA_D_4474720,17.430248260498047,17.432580947875977,ok
LA_D_4475454,14.679315567016602,14.678857803344727,ok
LA_D_4475626,-13.075833320617676,-13.076162338256836,ok
LA_D_4476116,15.15068244934082,15.15131664276123,ok
LA_D_4476408,16.265737533569336,16.26620101928711,ok
LA_D_4477471,15.725035667419434,15.730301856994629,ok
LA_D_4481672,13.924420356750488,13.925703048706055,ok
LA_D_4482667,13.921279907226562,13.921486854553223,ok
LA_D_4483013,14.726397514343262,14.730504035949707,ok
LA_D_4484594,17.82756996154785,17.846824645996094,ok
LA_D_4485182,-6.189000606536865,-6.190023899078369,ok
LA_D_4485320,18.521493911743164,18.525978088378906,ok
LA_D_4485361,15.04428482055664,15.045584678649902,ok
LA_D_4485889,11.694014549255371,11.69457721710205,ok
LA_D_4486700,14.731754302978516,14.734198570251465,ok
LA_D_4487386,17.602354049682617,17.608217239379883,ok
LA_D_4487653,20.253849029541016,20.25443458557129,ok
LA_D_4487745,15.52950668334961,15.534817695617676,ok
LA_D_4487776,10.713562965393066,10.715271949768066,ok
LA_D_4488152,14.239712715148926,14.243433952331543,ok
LA_D_4488391,12.257966995239258,12.262494087219238,ok
LA_D_4488718,19.764774322509766,19.76774787902832,ok
LA_D_4488788,15.354710578918457,15.367002487182617,ok
LA_D_4488838,14.652494430541992,14.655782699584961,ok
LA_D_4489969,-15.501089096069336,-15.501504898071289,ok
LA_D_4490548,12.957958221435547,12.95913314819336,ok
LA_D_4491910,20.994815826416016,20.995180130004883,ok
LA_D_4492452,15.02495002746582,15.029467582702637,ok
LA_D_4492847,-3.1995959281921387,-3.2020645141601562,ok
LA_D_4494703,15.543156623840332,15.55630874633789,ok
LA_D_4496115,11.697687149047852,11.700004577636719,ok
LA_D_4497485,23.997983932495117,24.000972747802734,ok
LA_D_4498003,13.687178611755371,13.688572883605957,ok
LA_D_4499351,18.354524612426758,18.354646682739258,ok
LA_D_4499477,13.115999221801758,13.116193771362305,ok
LA_D_4500243,-13.176223754882812,-13.190658569335938,ok
LA_D_4502872,15.341835021972656,15.343916893005371,ok
LA_D_4504946,11.51022720336914,11.510692596435547,ok
LA_D_4505123,10.937810897827148,10.944144248962402,ok
LA_D_4505290,10.503121376037598,10.509594917297363,ok
LA_D_4505937,8.385488510131836,8.385454177856445,ok
LA_D_4506133,14.54142951965332,14.543720245361328,ok
LA_D_4506633,11.379634857177734,11.379881858825684,ok
LA_D_4507888,13.161252975463867,13.163335800170898,ok
LA_D_4509357,14.779354095458984,14.780207633972168,ok
LA_D_4510369,10.536744117736816,10.537066459655762,ok
LA_D_4511424,13.438329696655273,13.445493698120117,ok
LA_D_4512980,16.7038516998291,16.706653594970703,ok
LA_D_4513531,-12.658687591552734,-12.659533500671387,ok
LA_D_4514090,15.8096342086792,15.81564998626709,ok
LA_D_4514194,19.775487899780273,19.788320541381836,ok
LA_D_4515281,14.887712478637695,14.887755393981934,ok
LA_D_4516804,-14.395044326782227,-14.395586967468262,ok
LA_D_4516952,10.049920082092285,10.050032615661621,ok
LA_D_4518823,12.517647743225098,12.53111457824707,ok
LA_D_4519635,18.101030349731445,18.101795196533203,ok
LA_D_4520104,-12.926506996154785,-12.92798900604248,ok
LA_D_4522480,14.120025634765625,14.122319221496582,ok
LA_D_4523165,9.57569408416748,9.578128814697266,ok
LA_D_4524225,18.09454345703125,18.095422744750977,ok
LA_D_4526494,17.635894775390625,17.639060974121094,ok
LA_D_4526867,12.347538948059082,12.349578857421875,ok
LA_D_4527422,13.266815185546875,13.268342018127441,ok
LA_D_4527658,15.188888549804688,15.191191673278809,ok
LA_D_4528435,10.977829933166504,10.983918190002441,ok
LA_D_4529395,16.933809280395508,16.934648513793945,ok
LA_D_4529749,8.577880859375,8.580961227416992,ok
LA_D_4530249,11.504888534545898,11.504939079284668,ok
LA_D_4530450,-12.821222305297852,-12.82143497467041,ok
LA_D_4530557,11.341014862060547,11.34436321258545,ok
LA_D_4532710,12.151092529296875,12.153117179870605,ok
LA_D_4533373,12.028362274169922,12.031168937683105,ok
LA_D_4537572,11.753602027893066,11.75615406036377,ok
LA_D_4538385,12.702614784240723,12.704079627990723,ok
LA_D_4538751,14.680058479309082,14.681578636169434,ok
LA_D_4539356,11.954696655273438,11.957413673400879,ok
LA_D_4540134,14.189438819885254,14.189600944519043,ok
LA_D_4540166,-12.715728759765625,-12.71630573272705,ok
LA_D_4540622,16.863100051879883,16.864721298217773,ok
LA_D_4540896,15.79007625579834,15.79348373413086,ok
LA_D_4541749,14.057330131530762,14.074799537658691,ok
LA_D_4541793,10.60073471069336,10.600817680358887,ok
LA_D_4541895,17.56396484375,17.570837020874023,ok
LA_D_4542234,12.662690162658691,12.664437294006348,ok
LA_D_4542657,13.761954307556152,13.762541770935059,ok
LA_D_4542806,14.912028312683105,14.913504600524902,ok
LA_D_4542962,15.862944602966309,15.865129470825195,ok
LA_D_4543139,13.209090232849121,13.210921287536621,ok
LA_D_4544395,12.953857421875,12.962124824523926,ok
LA_D_4544796,13.765706062316895,13.765746116638184,ok
LA_D_4545053,16.472169876098633,16.480133056640625,ok
LA_D_4545082,12.679327964782715,12.679795265197754,ok
LA_D_4545884,13.195331573486328,13.203465461730957,ok
LA_D_4546481,-10.440108299255371,-10.441484451293945,ok
LA_D_4547626,14.134020805358887,14.136167526245117,ok
LA_D_4548556,13.900280952453613,13.9010648727417,ok
LA_D_4550388,14.755413055419922,14.758882522583008,ok
LA_D_4551336,-14.170056343078613,-14.17077350616455,ok
LA_D_4551409,11.361618995666504,11.36281681060791,ok
LA_D_4551639,14.686108589172363,14.699066162109375,ok
LA_D_4551946,12.798558235168457,12.801526069641113,ok
LA_D_4552327,-14.940849304199219,-14.949687957763672,ok
LA_D_4552584,14.918513298034668,14.919182777404785,ok
LA_D_4552742,18.747793197631836,18.753665924072266,ok
LA_D_4554165,12.626224517822266,12.626163482666016,ok
LA_D_4554509,14.168094635009766,14.1752347946167,ok
LA_D_4555408,14.349935531616211,14.35034465789795,ok
LA_D_4556349,13.445086479187012,13.449631690979004,ok
LA_D_4557906,17.431358337402344,17.431459426879883,ok
LA_D_4558500,8.362427711486816,8.362774848937988,ok
LA_D_4561179,16.670547485351562,16.67120361328125,ok
LA_D_4562728,10.181694030761719,10.182316780090332,ok
LA_D_4562819,14.572774887084961,14.572794914245605,ok
LA_D_4562820,17.94886589050293,17.950044631958008,ok
LA_D_4564375,14.324860572814941,14.325312614440918,ok
LA_D_4565223,15.13587474822998,15.141484260559082,ok
LA_D_4567317,13.679154396057129,13.678431510925293,ok
LA_D_4567649,16.44255828857422,16.442596435546875,ok
LA_D_4567671,15.399632453918457,15.40018367767334,ok
LA_D_4567965,12.63409423828125,12.634317398071289,ok
LA_D_4568975,10.494860649108887,10.496501922607422,ok
LA_D_4571818,-13.686031341552734,-13.692912101745605,ok
LA_D_4572219,12.611570358276367,12.613722801208496,ok
LA_D_4573144,15.792996406555176,15.79668140411377,ok
LA_D_4573581,14.19469928741455,14.197519302368164,ok
LA_D_4573944,11.615958213806152,11.616192817687988,ok
LA_D_4574274,-12.119975090026855,-12.120331764221191,ok
LA_D_4575411,15.543105125427246,15.54880142211914,ok
LA_D_4575624,18.140581130981445,18.141008377075195,ok
LA_D_4577893,14.237594604492188,14.2382173538208,ok
LA_D_4579960,18.42641830444336,18.434724807739258,ok
LA_D_4580301,-14.61087703704834,-14.613184928894043,ok
LA_D_4580639,18.9858341217041,18.985965728759766,ok
LA_D_4581451,7.783254623413086,7.78346061706543,ok
LA_D_4582769,17.897308349609375,17.91518211364746,ok
LA_D_4583096,12.239917755126953,12.24051570892334,ok
LA_D_4583777,11.13696002960205,11.138754844665527,ok
LA_D_4583809,11.735724449157715,11.735920906066895,ok
LA_D_4584142,10.191659927368164,10.195815086364746,ok
LA_D_4585046,10.5824613571167,10.582523345947266,ok
LA_D_4585137,14.916168212890625,14.91617488861084,ok
LA_D_4585435,12.682454109191895,12.689583778381348,ok
LA_D_4585593,16.530216217041016,16.53151512145996,ok
LA_D_4586638,15.299712181091309,15.308684349060059,ok
LA_D_4586853,-9.169988632202148,-9.17017650604248,ok
LA_D_4588355,14.578319549560547,14.58023452758789,ok
LA_D_4589187,13.181177139282227,13.182731628417969,ok
LA_D_4590771,15.292628288269043,15.29554271697998,ok
LA_D_4591057,12.42835521697998,12.432538032531738,ok
LA_D_4592786,23.39115333557129,23.406784057617188,ok
LA_D_4593106,12.471837997436523,12.47331714630127,ok
LA_D_4593298,14.434635162353516,14.451563835144043,ok
LA_D_4593541,9.76402759552002,9.76414966583252,ok
LA_D_4593675,15.535487174987793,15.536787986755371,ok
LA_D_4594870,13.806700706481934,13.80673599243164,ok
LA_D_4595256,13.745922088623047,13.74588394165039,ok
LA_D_4598556,13.81916332244873,13.820751190185547,ok
LA_D_4598678,10.539849281311035,10.540314674377441,ok
LA_D_4599014,10.749897956848145,10.75011157989502,ok
LA_D_4599790,20.080663681030273,20.08213233947754,ok
LA_D_4599849,18.23595428466797,18.237226486206055,ok
LA_D_4601171,11.094887733459473,11.09497356414795,ok
LA_D_4601520,12.36022663116455,12.36169147491455,ok
LA_D_4601616,10.90550422668457,10.90527057647705,ok
LA_D_4601843,12.783259391784668,12.783671379089355,ok
LA_D_4602617,12.214292526245117,12.216349601745605,ok
LA_D_4602795,12.519362449645996,12.519530296325684,ok
LA_D_4603625,-13.279234886169434,-13.279426574707031,ok
LA_D_4603798,14.025015830993652,14.027173042297363,ok
LA_D_4603886,16.470645904541016,16.4715576171875,ok
LA_D_4606355,15.012592315673828,15.014328956604004,ok
LA_D_4606442,-12.041000366210938,-12.054884910583496,ok
LA_D_4608336,16.8363094329834,16.839387893676758,ok
LA_D_4609401,12.416428565979004,12.416901588439941,ok
LA_D_4610013,15.644845962524414,15.648573875427246,ok
LA_D_4610210,13.904499053955078,13.906795501708984,ok
LA_D_4610422,13.938349723815918,13.943013191223145,ok
LA_D_4611322,15.53068733215332,15.533659934997559,ok
LA_D_4613712,9.185094833374023,9.18513011932373,ok
LA_D_4615442,15.242191314697266,15.247761726379395,ok
LA_D_4617063,13.1478853225708,13.149163246154785,ok
LA_D_4617565,13.864068984985352,13.866499900817871,ok
LA_D_4620892,-12.69468879699707,-12.695097923278809,ok
LA_D_4623751,16.848506927490234,16.851442337036133,ok
LA_D_4624019,2.313615322113037,2.3132567405700684,ok
LA_D_4626331,-11.201204299926758,-11.20159912109375,ok
LA_D_4626453,16.580995559692383,16.581253051757812,ok
LA_D_4626552,13.534881591796875,13.536837577819824,ok
LA_D_4627319,12.21854305267334,12.218629837036133,ok
LA_D_4627714,15.369660377502441,15.37357234954834,ok
LA_D_4628640,15.180184364318848,15.185052871704102,ok
LA_D_4629056,5.133308410644531,5.1333136558532715,ok
LA_D_4629979,14.487791061401367,14.487805366516113,ok
LA_D_4631033,14.592219352722168,14.59331226348877,ok
LA_D_4631627,12.667414665222168,12.667450904846191,ok
LA_D_4637561,11.136358261108398,11.137401580810547,ok
LA_D_4637943,15.976598739624023,15.981614112854004,ok
LA_D_4638718,15.451214790344238,15.454545021057129,ok
LA_D_4644831,-11.726640701293945,-11.72716236114502,ok
LA_D_4645660,-13.365968704223633,-13.36835765838623,ok
LA_D_4646934,-9.883993148803711,-9.886813163757324,ok
LA_D_4647613,16.408023834228516,16.414165496826172,ok
LA_D_4647964,14.698257446289062,14.699596405029297,ok
LA_D_4648402,5.218142986297607,5.216685771942139,ok
LA_D_4649265,20.21710205078125,20.218442916870117,ok
LA_D_4650704,14.25691032409668,14.258566856384277,ok
LA_D_4650788,13.163265228271484,13.16412353515625,ok
LA_D_4650858,16.045581817626953,16.068941116333008,ok
LA_D_4653523,10.591994285583496,10.593567848205566,ok
LA_D_4653609,14.02574634552002,14.026540756225586,ok
LA_D_4653724,14.106561660766602,14.109910011291504,ok
LA_D_4654776,13.472180366516113,13.472779273986816,ok
LA_D_4654807,16.158863067626953,16.16149139404297,ok
LA_D_4657076,12.125224113464355,12.125727653503418,ok
LA_D_4662010,13.681135177612305,13.683008193969727,ok
LA_D_4662308,12.8330717086792,12.833876609802246,ok
LA_D_4663919,-16.30523109436035,-16.30889892578125,ok
LA_D_4665317,9.554975509643555,9.555131912231445,ok
LA_D_4665366,17.743120193481445,17.746387481689453,ok
LA_D_4666647,-12.92064094543457,-12.923855781555176,ok
LA_D_4667621,-13.669707298278809,-13.680460929870605,ok
LA_D_4668049,14.392692565917969,14.395894050598145,ok
LA_D_4668862,19.102434158325195,19.104581832885742,ok
LA_D_4669726,9.044477462768555,9.048245429992676,ok
LA_D_4673693,16.047813415527344,16.0523738861084,ok
LA_D_4673712,15.036521911621094,15.042552947998047,ok
LA_D_4673891,14.339921951293945,14.340883255004883,ok
LA_D_4674363,13.917426109313965,13.920379638671875,ok
LA_D_4674650,-14.704136848449707,-14.716317176818848,ok
LA_D_4678507,14.941247940063477,14.941906929016113,ok
LA_D_4678519,10.227703094482422,10.228472709655762,ok
LA_D_4678659,20.315279006958008,20.319978713989258,ok
LA_D_4679930,14.536652565002441,14.537403106689453,ok
LA_D_4680031,11.17074203491211,11.17042064666748,ok
LA_D_4681179,10.578788757324219,10.5791654586792,ok
LA_D_4681486,14.273730278015137,14.277043342590332,ok
LA_D_4682422,13.143030166625977,13.143902778625488,ok
LA_D_4683194,10.686330795288086,10.687338829040527,ok
LA_D_4683975,8.619819641113281,8.62014102935791,ok
LA_D_4684075,12.782831192016602,12.783117294311523,ok
LA_D_4685405,12.456965446472168,12.462368965148926,ok
LA_D_4685861,16.54086685180664,16.544584274291992,ok
LA_D_4686116,9.152548789978027,9.156120300292969,ok
LA_D_4688262,9.287787437438965,9.28798770904541,ok
LA_D_4691600,19.735254287719727,19.736204147338867,ok
LA_D_4694664,13.11705493927002,13.117491722106934,ok
LA_D_4694886,12.36430835723877,12.364909172058105,ok
LA_D_4696311,16.335412979125977,16.341869354248047,ok
LA_D_4697088,16.3911075592041,16.397165298461914,ok
LA_D_4698298,13.555541038513184,13.557465553283691,ok
LA_D_4698419,-13.727574348449707,-13.728100776672363,ok
LA_D_4698607,14.685730934143066,14.694587707519531,ok
LA_D_4699301,15.249552726745605,15.250102043151855,ok
LA_D_4699456,15.532180786132812,15.53292465209961,ok
LA_D_4700200,14.200125694274902,14.20067310333252,ok
LA_D_4702053,13.855984687805176,13.85693073272705,ok
LA_D_4702125,11.95077133178711,11.951752662658691,ok
LA_D_4702864,16.045753479003906,16.06035614013672,ok
LA_D_4702964,8.15873908996582,8.162593841552734,ok
LA_D_4703340,-15.351225852966309,-15.370253562927246,ok
LA_D_4703894,13.856894493103027,13.857007026672363,ok
LA_D_4704078,14.000727653503418,14.000710487365723,ok
LA_D_4704993,10.538145065307617,10.538236618041992,ok
LA_D_4707076,16.421520233154297,16.429685592651367,ok
LA_D_4708179,13.155211448669434,13.156133651733398,ok
LA_D_4708202,9.72103500366211,9.721575736999512,ok
LA_D_4708436,15.298088073730469,15.315001487731934,ok
LA_D_4708516,13.506688117980957,13.50711727142334,ok
LA_D_4708806,9.664652824401855,9.66479206085205,ok
LA_D_4708858,10.171773910522461,10.172608375549316,ok
LA_D_4709234,11.082106590270996,11.082579612731934,ok
LA_D_4710439,15.251387596130371,15.25448989868164,ok
LA_D_4710772,14.110633850097656,14.11130142211914,ok
LA_D_4710912,12.949325561523438,12.95121955871582,ok
LA_D_4712578,15.9777193069458,15.978758811950684,ok
LA_D_4713595,12.506612777709961,12.511527061462402,ok
LA_D_4715249,13.956830024719238,13.957655906677246,ok
LA_D_4716316,17.562454223632812,17.563175201416016,ok
LA_D_4717087,-8.25940227508545,-8.25976276397705,ok
LA_D_4718173,11.455182075500488,11.45531940460205,ok
LA_D_4718710,12.639370918273926,12.641039848327637,ok
LA_D_4718837,11.645358085632324,11.64731502532959,ok
LA_D_4719420,10.43508529663086,10.434812545776367,ok
LA_D_4719892,13.684783935546875,13.685175895690918,ok
LA_D_4719986,12.601375579833984,12.60200023651123,ok
LA_D_4720755,15.431379318237305,15.435171127319336,ok
LA_D_4720854,13.787903785705566,13.78868293762207,ok
LA_D_4720930,14.512287139892578,14.513167381286621,ok
LA_D_4721136,9.974458694458008,9.9756498336792,ok
LA_D_4721344,14.092032432556152,14.092535018920898,ok
LA_D_4721356,19.7922306060791,19.793344497680664,ok
LA_D_4722011,15.537652969360352,15.539202690124512,ok
LA_D_4722555,12.781983375549316,12.78358268737793,ok
LA_D_4723086,-11.3721342086792,-11.374435424804688,ok
LA_D_4723558,-2.557335615158081,-2.557328701019287,ok
LA_D_4723647,-12.926867485046387,-12.928069114685059,ok
LA_D_4724411,15.649751663208008,15.657083511352539,ok
LA_D_4724496,17.29825782775879,17.300739288330078,ok
LA_D_4724979,14.703119277954102,14.704256057739258,ok
LA_D_4725187,10.506281852722168,10.507031440734863,ok
LA_D_4727143,15.462815284729004,15.463759422302246,ok
LA_D_4728446,13.419614791870117,13.421648025512695,ok
LA_D_4728531,3.112644910812378,3.112644910812378,ok
LA_D_4729804,14.825632095336914,14.826521873474121,ok
LA_D_4729932,12.186017036437988,12.186577796936035,ok
LA_D_4730109,15.861359596252441,15.86403751373291,ok
LA_D_4730111,19.75911521911621,19.762834548950195,ok
LA_D_4730310,13.428114891052246,13.428788185119629,ok
LA_D_4732324,15.673649787902832,15.675524711608887,ok
LA_D_4732747,17.05983543395996,17.066707611083984,ok
LA_D_4734716,12.450669288635254,12.45394229888916,ok
LA_D_4735638,14.929791450500488,14.958264350891113,ok
LA_D_4735766,7.915740489959717,7.916266441345215,ok
LA_D_4736001,11.455157279968262,11.469568252563477,ok
LA_D_4736119,14.795450210571289,14.801314353942871,ok
LA_D_4736521,18.685497283935547,18.6942138671875,ok
LA_D_4736721,13.591103553771973,13.592779159545898,ok
LA_D_4737267,16.370607376098633,16.375783920288086,ok
LA_D_4737764,10.504956245422363,10.5054292678833,ok
LA_D_4737822,13.468493461608887,13.469883918762207,ok
LA_D_4740253,11.51974868774414,11.522472381591797,ok
LA_D_4741663,10.240909576416016,10.240955352783203,ok
LA_D_4741755,14.860392570495605,14.863728523254395,ok
LA_D_4744246,16.929044723510742,16.935409545898438,ok
LA_D_4745476,13.01736831665039,13.022128105163574,ok
LA_D_4745806,5.289928436279297,5.289962291717529,ok
LA_D_4746243,11.600604057312012,11.600825309753418,ok
LA_D_4747124,6.396528720855713,6.397607326507568,ok
LA_D_4747651,13.088998794555664,13.089895248413086,ok
LA_D_4747773,10.479222297668457,10.479321479797363,ok
LA_D_4750966,10.561882972717285,10.56196117401123,ok
LA_D_4751390,5.83363151550293,5.833579063415527,ok
LA_D_4752694,15.449612617492676,15.451666831970215,ok
LA_D_4752880,7.559813022613525,7.559013843536377,ok
LA_D_4753739,12.083382606506348,12.08398151397705,ok
LA_D_4754875,15.053871154785156,15.056946754455566,ok
LA_D_4755066,11.083732604980469,11.089238166809082,ok
LA_D_4755303,17.539884567260742,17.54143714904785,ok
LA_D_4757475,-16.458972930908203,-16.45977783203125,ok
LA_D_4757865,14.328495979309082,14.328780174255371,ok
LA_D_4758316,20.89139747619629,20.891427993774414,ok
LA_D_4758741,9.033797264099121,9.036887168884277,ok
LA_D_4760053,17.301605224609375,17.30190086364746,ok
LA_D_4762105,6.802490711212158,6.8046393394470215,ok
LA_D_4762537,10.38370132446289,10.38692569732666,ok
LA_D_4763142,16.831758499145508,16.83739471435547,ok
LA_D_4763361,12.887871742248535,12.887894630432129,ok
LA_D_4764117,13.456356048583984,13.457833290100098,ok
LA_D_4765138,12.558856010437012,12.559002876281738,ok
LA_D_4765748,21.484512329101562,21.50977897644043,ok
LA_D_4765823,18.4424991607666,18.44637680053711,ok
LA_D_4766369,13.334697723388672,13.334978103637695,ok
LA_D_4766442,13.598475456237793,13.60122013092041,ok
LA_D_4766470,13.935384750366211,13.937051773071289,ok
LA_D_4766616,14.497312545776367,14.497918128967285,ok
LA_D_4766671,11.854023933410645,11.854523658752441,ok
LA_D_4767028,-15.180513381958008,-15.181973457336426,ok
LA_D_4767464,17.222023010253906,17.222929000854492,ok
LA_D_4767743,16.199159622192383,16.21122932434082,ok
LA_D_4767892,12.416543960571289,12.420552253723145,ok
LA_D_4768212,15.583892822265625,15.58729362487793,ok
LA_D_4768782,12.390321731567383,12.390341758728027,ok
LA_D_4768822,12.395355224609375,12.397459030151367,ok
LA_D_4769016,13.740323066711426,13.741963386535645,ok
LA_D_4769081,15.112934112548828,15.113957405090332,ok
LA_D_4769401,9.305130004882812,9.308283805847168,ok
LA_D_4770612,18.234577178955078,18.237092971801758,ok
LA_D_4770781,16.728219985961914,16.728532791137695,ok
LA_D_4770965,12.8287935256958,12.829012870788574,ok
LA_D_4771283,12.908464431762695,12.90919017791748,ok
LA_D_4771311,10.70803165435791,10.709321975708008,ok
LA_D_4771389,17.310083389282227,17.313634872436523,ok
LA_D_4771667,-16.31002426147461,-16.311107635498047,ok
LA_D_4771745,14.644250869750977,14.64555835723877,ok
LA_D_4771783,-13.754636764526367,-13.754770278930664,ok
LA_D_4772711,12.633563995361328,12.63438892364502,ok
LA_D_4773088,12.019789695739746,12.0214204788208,ok
LA_D_4774155,22.350980758666992,22.374971389770508,ok
LA_D_4774710,12.138331413269043,12.144129753112793,ok
LA_D_4776677,15.354920387268066,15.354996681213379,ok
LA_D_4776681,-14.931832313537598,-14.932125091552734,ok
LA_D_4777273,12.389232635498047,12.39077091217041,ok
LA_D_4777626,-13.230668067932129,-13.235687255859375,ok
LA_D_4777881,-13.159745216369629,-13.161778450012207,ok
LA_D_4778221,13.923140525817871,13.924102783203125,ok
LA_D_4781086,-13.912910461425781,-13.91616439819336,ok
LA_D_4784347,18.640798568725586,18.64966583251953,ok
LA_D_4784805,12.231640815734863,12.236550331115723,ok
LA_D_4784827,-2.581724166870117,-2.5838606357574463,ok
LA_D_4786059,15.479178428649902,15.480300903320312,ok
LA_D_4788201,12.801522254943848,12.80284309387207,ok
LA_D_4788415,14.15796947479248,14.15869426727295,ok
LA_D_4788531,14.395009994506836,14.398191452026367,ok
LA_D_4788913,11.463431358337402,11.468162536621094,ok
LA_D_4789511,13.363495826721191,13.364579200744629,ok
LA_D_4789758,14.315258026123047,14.3178071975708,ok
LA_D_4790022,14.670907974243164,14.673579216003418,ok
LA_D_4790311,17.68560028076172,17.6873836517334,ok
LA_D_4791058,16.107351303100586,16.109615325927734,ok
LA_D_4791127,15.19692611694336,15.197409629821777,ok
LA_D_4793229,11.21053695678711,11.21106243133545,ok
LA_D_4793285,19.203418731689453,19.204404830932617,ok
LA_D_4794184,9.616249084472656,9.617116928100586,ok
LA_D_4796345,11.778520584106445,11.78192138671875,ok
LA_D_4796348,16.99280548095703,16.993852615356445,ok
LA_D_4797304,12.516982078552246,12.520453453063965,ok
LA_D_4797830,16.72916030883789,16.72937774658203,ok
LA_D_4797934,11.82859992980957,11.831700325012207,ok
LA_D_4798662,13.89587116241455,13.8971586227417,ok
LA_D_4798963,17.433706283569336,17.44199562072754,ok
LA_D_4798984,13.487996101379395,13.491805076599121,ok
LA_D_4799307,15.176703453063965,15.178994178771973,ok
LA_D_4799572,15.253037452697754,15.25380802154541,ok
LA_D_4801414,17.683637619018555,17.687847137451172,ok
LA_D_4802475,18.032962799072266,18.033283233642578,ok
LA_D_4802794,16.875858306884766,16.8781795501709,ok
LA_D_4803902,-12.806649208068848,-12.809823036193848,ok
LA_D_4804270,10.55429744720459,10.55463695526123,ok
LA_D_4804886,9.951135635375977,9.951226234436035,ok
LA_D_4807296,-11.418994903564453,-11.420182228088379,ok
LA_D_4810605,13.372682571411133,13.372828483581543,ok
LA_D_4811625,-11.871170997619629,-11.872637748718262,ok
LA_D_4812481,7.949896812438965,7.954794406890869,ok
LA_D_4812719,14.630030632019043,14.638094902038574,ok
LA_D_4813001,15.39278793334961,15.396883964538574,ok
LA_D_4813446,11.317638397216797,11.318207740783691,ok
LA_D_4813520,-12.625518798828125,-12.625543594360352,ok
LA_D_4813945,12.056918144226074,12.057112693786621,ok
LA_D_4814402,6.893671989440918,6.898304462432861,ok
LA_D_4814981,12.005351066589355,12.00532341003418,ok
LA_D_4815856,15.237443923950195,15.23884105682373,ok
LA_D_4816070,17.460994720458984,17.47003173828125,ok
LA_D_4816127,-12.176259994506836,-12.176690101623535,ok
LA_D_4816769,11.01335334777832,11.013903617858887,ok
LA_D_4818528,-11.346848487854004,-11.347143173217773,ok
LA_D_4820874,9.817386627197266,9.817564010620117,ok
LA_D_4821411,-12.013642311096191,-12.013946533203125,ok
LA_D_4822832,14.10607624053955,14.106627464294434,ok
LA_D_4823498,15.393762588500977,15.405618667602539,ok
LA_D_4824323,13.436871528625488,13.456985473632812,ok
LA_D_4825371,11.867950439453125,11.868430137634277,ok
LA_D_4825555,11.00180721282959,11.002663612365723,ok
LA_D_4825650,9.237616539001465,9.238072395324707,ok
LA_D_4825873,10.615396499633789,10.616039276123047,ok
LA_D_4825879,19.628023147583008,19.629350662231445,ok
LA_D_4828615,13.741498947143555,13.743706703186035,ok
LA_D_4828901,-14.035086631774902,-14.041232109069824,ok
LA_D_4830541,8.479501724243164,8.479784965515137,ok
LA_D_4830591,11.620668411254883,11.62112045288086,ok
LA_D_4831370,11.42559814453125,11.426279067993164,ok
LA_D_4831551,16.414426803588867,16.414583206176758,ok
LA_D_4832159,14.71286678314209,14.714903831481934,ok
LA_D_4833484,13.373311996459961,13.373976707458496,ok
LA_D_4834228,-12.859546661376953,-12.860441207885742,ok
LA_D_4835735,11.522528648376465,11.523605346679688,ok
LA_D_4835906,14.601822853088379,14.603230476379395,ok
LA_D_4836452,13.734708786010742,13.7348051071167,ok
LA_D_4837193,14.619267463684082,14.624504089355469,ok
LA_D_4838177,15.311029434204102,15.31531810760498,ok
LA_D_4838987,14.631113052368164,14.631455421447754,ok
LA_D_4840993,17.086101531982422,17.086782455444336,ok
LA_D_4841921,17.954774856567383,17.958084106445312,ok
LA_D_4842833,10.780180931091309,10.780367851257324,ok
LA_D_4843399,13.034244537353516,13.035470008850098,ok
LA_D_4845159,14.802980422973633,14.806862831115723,ok
LA_D_4846038,15.632406234741211,15.63260555267334,ok
LA_D_4846158,11.319918632507324,11.324263572692871,ok
LA_D_4850290,16.978729248046875,16.98141098022461,ok
LA_D_4850598,17.649906158447266,17.675148010253906,ok
LA_D_4850913,14.987244606018066,14.988656044006348,ok
LA_D_4851492,14.947750091552734,14.948046684265137,ok
LA_D_4851657,16.181671142578125,16.185514450073242,ok
LA_D_4852037,13.361071586608887,13.362666130065918,ok
LA_D_4852255,6.24250602722168,6.243626117706299,ok
LA_D_4852798,17.411470413208008,17.417808532714844,ok
LA_D_4853863,8.373587608337402,8.376501083374023,ok
LA_D_4854280,14.023242950439453,14.027388572692871,ok
LA_D_4855092,13.530120849609375,13.534750938415527,ok
LA_D_4856350,17.318212509155273,17.31879234313965,ok
LA_D_4857699,13.675577163696289,13.67753791809082,ok
LA_D_4859174,11.400578498840332,11.404376029968262,ok
LA_D_4859889,10.196998596191406,10.199599266052246,ok
LA_D_4859938,12.6527738571167,12.655647277832031,ok
LA_D_4860045,16.7159423828125,16.72205924987793,ok
LA_D_4860228,11.999580383300781,12.005146980285645,ok
LA_D_4863244,12.11754035949707,12.117569923400879,ok
LA_D_4863395,12.0026216506958,12.00428295135498,ok
LA_D_4864665,17.765764236450195,17.76780128479004,ok
LA_D_4864976,16.611499786376953,16.61302375793457,ok
LA_D_4865380,24.53688621520996,24.541202545166016,ok
LA_D_4866981,-14.274235725402832,-14.276840209960938,ok
LA_D_4867067,-13.154223442077637,-13.160340309143066,ok
LA_D_4868270,17.302906036376953,17.30651092529297,ok
LA_D_4868553,18.802059173583984,18.803850173950195,ok
LA_D_4868564,16.232078552246094,16.233530044555664,ok
LA_D_4869707,15.58348560333252,15.585686683654785,ok
LA_D_4870195,15.62752914428711,15.630524635314941,ok
LA_D_4871022,12.357399940490723,12.357990264892578,ok
LA_D_4871506,14.636190414428711,14.637043952941895,ok
LA_D_4872589,15.243410110473633,15.246989250183105,ok
LA_D_4873396,13.216950416564941,13.217473030090332,ok
LA_D_4874226,17.32836151123047,17.32874870300293,ok
LA_D_4874503,6.6570329666137695,6.6572747230529785,ok
LA_D_4874621,12.759343147277832,12.759878158569336,ok
LA_D_4875350,13.848821640014648,13.85232925415039,ok
LA_D_4876121,-14.184069633483887,-14.184626579284668,ok
LA_D_4876159,11.80495548248291,11.806955337524414,ok
LA_D_4876374,10.303143501281738,10.303893089294434,ok
LA_D_4876945,10.55466365814209,10.554642677307129,ok
LA_D_4876965,14.490508079528809,14.490851402282715,ok
LA_D_4877447,10.593249320983887,10.59326457977295,ok
LA_D_4881980,13.881123542785645,13.887946128845215,ok
LA_D_4882385,12.780806541442871,12.783146858215332,ok
LA_D_4882560,9.275625228881836,9.275918960571289,ok
LA_D_4883594,16.036827087402344,16.044904708862305,ok
LA_D_4884481,13.953825950622559,13.955864906311035,ok
LA_D_4884741,12.614224433898926,12.614506721496582,ok
LA_D_4887466,18.213504791259766,18.215375900268555,ok
LA_D_4888486,10.498017311096191,10.49807071685791,ok
LA_D_4888907,14.461816787719727,14.464960098266602,ok
LA_D_4891515,11.924973487854004,11.925503730773926,ok
LA_D_4891582,17.691654205322266,17.692995071411133,ok
LA_D_4893333,17.584747314453125,17.586109161376953,ok
LA_D_4893461,17.51769256591797,17.521581649780273,ok
LA_D_4893544,13.607192993164062,13.610247611999512,ok
LA_D_4893596,14.450896263122559,14.454886436462402,ok
LA_D_4894198,-15.071663856506348,-15.075957298278809,ok
LA_D_4894754,14.20157241821289,14.20246696472168,ok
LA_D_4895062,12.793848991394043,12.79474925994873,ok
LA_D_4895511,18.09041404724121,18.09449005126953,ok
LA_D_4896823,12.677669525146484,12.677750587463379,ok
LA_D_4897076,-9.536258697509766,-9.54273509979248,ok
LA_D_4897222,13.97659683227539,13.9768705368042,ok
LA_D_4898740,13.126340866088867,13.13003921508789,ok
LA_D_4899370,12.000154495239258,12.001765251159668,ok
LA_D_4900313,14.683937072753906,14.698807716369629,ok
LA_D_4900323,14.178386688232422,14.178956985473633,ok
LA_D_4901474,17.082380294799805,17.083017349243164,ok
LA_D_4902826,21.766551971435547,21.769765853881836,ok
LA_D_4903304,-13.919164657592773,-13.919946670532227,ok
LA_D_4904641,15.384241104125977,15.384909629821777,ok
LA_D_4904642,13.46321964263916,13.465353965759277,ok
LA_D_4907345,13.542704582214355,13.543731689453125,ok
LA_D_4907389,14.681413650512695,14.683857917785645,ok
LA_D_4907676,6.136636257171631,6.135265350341797,ok
LA_D_4908581,13.517864227294922,13.5178804397583,ok
LA_D_4909030,15.206762313842773,15.2098970413208,ok
LA_D_4909565,14.479947090148926,14.481181144714355,ok
LA_D_4910268,15.891867637634277,15.892899513244629,ok
LA_D_4911106,13.872267723083496,13.87647533416748,ok
LA_D_4911711,14.660379409790039,14.66104793548584,ok
LA_D_4912137,15.011434555053711,15.014001846313477,ok
LA_D_4914250,17.728967666625977,17.730398178100586,ok
LA_D_4915280,17.133642196655273,17.134340286254883,ok
LA_D_4915395,15.886855125427246,15.887663841247559,ok
LA_D_4915695,13.42729377746582,13.42750072479248,ok
LA_D_4917895,-11.924904823303223,-11.925204277038574,ok
LA_D_4919668,11.662013053894043,11.666121482849121,ok
LA_D_4919685,13.663818359375,13.664233207702637,ok
LA_D_4919707,14.847400665283203,14.848362922668457,ok
LA_D_4919746,10.709667205810547,10.711514472961426,ok
LA_D_4920424,8.297442436218262,8.297450065612793,ok
LA_D_4920544,15.071866989135742,15.073853492736816,ok
LA_D_4921306,10.342656135559082,10.345946311950684,ok
LA_D_4921369,14.168384552001953,14.170029640197754,ok
LA_D_4922394,6.140648365020752,6.141024112701416,ok
LA_D_4923977,16.527931213378906,16.5379638671875,ok
LA_D_4924355,16.740642547607422,16.742464065551758,ok
LA_D_4925465,18.318828582763672,18.319543838500977,ok
LA_D_4925887,20.01470184326172,20.031476974487305,ok
LA_D_4927828,15.330644607543945,15.335290908813477,ok
LA_D_4928075,14.417186737060547,14.422557830810547,ok
LA_D_4928308,15.814974784851074,15.824223518371582,ok
LA_D_4929114,15.438230514526367,15.439959526062012,ok
LA_D_4929440,15.438966751098633,15.439162254333496,ok
LA_D_4929561,15.888843536376953,15.89257526397705,ok
LA_D_4929765,19.9028377532959,19.912925720214844,ok
LA_D_4929781,10.219059944152832,10.21937084197998,ok
LA_D_4931293,17.212739944458008,17.21468734741211,ok
LA_D_4931376,15.444061279296875,15.444011688232422,ok
LA_D_4931710,11.792228698730469,11.792253494262695,ok
LA_D_4932083,14.417299270629883,14.420092582702637,ok
LA_D_4933001,11.654897689819336,11.65566349029541,ok
LA_D_4933527,10.792951583862305,10.792983055114746,ok
LA_D_4934401,11.843487739562988,11.843485832214355,ok
LA_D_4935046,15.299638748168945,15.299607276916504,ok
LA_D_4935731,16.3221435546875,16.322107315063477,ok
LA_D_4935985,18.46828269958496,18.469690322875977,ok
LA_D_4936226,13.9043550491333,13.91110897064209,ok
LA_D_4938185,23.29758644104004,23.30318260192871,ok
LA_D_4938958,13.908210754394531,13.908629417419434,ok
LA_D_4938987,18.090234756469727,18.09238624572754,ok
LA_D_4939706,7.8478569984436035,7.846895217895508,ok
LA_D_4940984,14.490227699279785,14.490221977233887,ok
LA_D_4941783,11.675211906433105,11.677384376525879,ok
LA_D_4942826,12.111930847167969,12.117730140686035,ok
LA_D_4943612,15.95329761505127,15.963835716247559,ok
LA_D_4944706,14.293378829956055,14.295354843139648,ok
LA_D_4945608,-11.518936157226562,-11.519291877746582,ok
LA_D_4946274,14.803254127502441,14.80566120147705,ok
LA_D_4946335,17.88075065612793,17.887609481811523,ok
LA_D_4946717,14.477036476135254,14.480599403381348,ok
LA_D_4947147,-9.64334774017334,-9.64535140991211,ok
LA_D_4947156,12.93797492980957,12.939201354980469,ok
LA_D_4947786,12.969346046447754,12.969427108764648,ok
LA_D_4947818,16.046588897705078,16.04925537109375,ok
LA_D_4947939,12.591649055480957,12.596078872680664,ok
LA_D_4949629,13.696113586425781,13.696967124938965,ok
LA_D_4950221,15.179338455200195,15.188023567199707,ok
LA_D_4950294,13.737120628356934,13.737603187561035,ok
LA_D_4952066,13.75121021270752,13.751782417297363,ok
LA_D_4952493,-14.255841255187988,-14.257172584533691,ok
LA_D_4952907,13.752693176269531,13.754598617553711,ok
LA_D_4953037,12.435224533081055,12.436372756958008,ok
LA_D_4954651,12.495502471923828,12.49567699432373,ok
LA_D_4954842,16.751445770263672,16.752058029174805,ok
LA_D_4956039,12.016950607299805,12.026241302490234,ok
LA_D_4958833,15.671019554138184,15.67844009399414,ok
LA_D_4959035,9.005159378051758,9.006482124328613,ok
LA_D_4960294,12.115126609802246,12.115439414978027,ok
LA_D_4960326,10.801332473754883,10.801785469055176,ok
LA_D_4961315,-14.278636932373047,-14.279064178466797,ok
LA_D_4961502,15.645981788635254,15.64655590057373,ok
LA_D_4961527,11.097318649291992,11.096428871154785,ok
LA_D_4961829,8.096837043762207,8.099385261535645,ok
LA_D_4962492,-13.254721641540527,-13.2603178024292,ok
LA_D_4962965,14.755377769470215,14.756489753723145,ok
LA_D_4963074,16.81915855407715,16.820051193237305,ok
LA_D_4964036,13.614605903625488,13.617415428161621,ok
LA_D_4964260,-13.82017993927002,-13.82076358795166,ok
LA_D_4964309,16.244768142700195,16.251001358032227,ok
LA_D_4965816,9.314327239990234,9.318535804748535,ok
LA_D_4965981,10.720129013061523,10.720524787902832,ok
LA_D_4966032,15.539538383483887,15.541287422180176,ok
LA_D_4966083,-13.666738510131836,-13.66784381866455,ok
LA_D_4966175,13.881749153137207,13.889337539672852,ok
LA_D_4966242,16.985929489135742,16.991756439208984,ok
LA_D_4967942,20.117996215820312,20.123857498168945,ok
LA_D_4968305,-15.539297103881836,-15.540539741516113,ok
LA_D_4969607,-13.711467742919922,-13.713095664978027,ok
LA_D_4969859,-15.432856559753418,-15.433832168579102,ok
LA_D_4969991,12.495819091796875,12.49746036529541,ok
LA_D_4970282,14.516502380371094,14.51880168914795,ok
LA_D_4971078,-9.097552299499512,-9.098016738891602,ok
LA_D_4972385,14.067148208618164,14.068772315979004,ok
LA_D_4972782,9.043307304382324,9.043728828430176,ok
LA_D_4973412,-12.657021522521973,-12.665647506713867,ok
LA_D_4974078,10.803060531616211,10.802845001220703,ok
LA_D_4974659,14.201932907104492,14.204218864440918,ok
LA_D_4977098,11.068277359008789,11.068289756774902,ok
LA_D_4977329,-15.241875648498535,-15.243380546569824,ok
LA_D_4978565,16.197540283203125,16.199440002441406,ok
LA_D_4979134,13.951741218566895,13.953177452087402,ok
LA_D_4979175,12.21046257019043,12.210917472839355,ok
LA_D_4979666,8.650718688964844,8.650579452514648,ok
LA_D_4981603,18.685508728027344,18.68560028076172,ok
LA_D_4982133,13.117496490478516,13.11806583404541,ok
LA_D_4983313,14.325525283813477,14.328198432922363,ok
LA_D_4984003,13.947616577148438,13.950761795043945,ok
LA_D_4984074,13.216195106506348,13.217391014099121,ok
LA_D_4984317,12.289375305175781,12.289688110351562,ok
LA_D_4984754,12.416516304016113,12.419843673706055,ok
LA_D_4985773,13.883648872375488,13.889339447021484,ok
LA_D_4986715,14.204363822937012,14.20511531829834,ok
LA_D_4986753,16.3512020111084,16.351240158081055,ok
LA_D_4987822,10.942164421081543,10.942245483398438,ok
LA_D_4990292,14.366950035095215,14.368441581726074,ok
LA_D_4990575,13.205196380615234,13.205683708190918,ok
LA_D_4991294,16.561756134033203,16.561952590942383,ok
LA_D_4992364,-14.613810539245605,-14.61647891998291,ok
LA_D_4992474,19.650205612182617,19.650644302368164,ok
LA_D_4992708,16.851682662963867,16.855867385864258,ok
LA_D_4993211,10.287749290466309,10.293408393859863,ok
LA_D_4994552,12.33167839050293,12.332728385925293,ok
LA_D_4995063,13.30515193939209,13.305437088012695,ok
LA_D_4995679,13.892797470092773,13.895707130432129,ok
LA_D_4996496,14.997310638427734,14.999913215637207,ok
LA_D_4999216,16.77790641784668,16.783279418945312,ok
LA_D_4999305,14.753026008605957,14.753559112548828,ok
LA_D_5001469,14.791183471679688,14.792695045471191,ok
LA_D_5002979,10.047845840454102,10.049413681030273,ok
LA_D_5004092,15.255758285522461,15.260687828063965,ok
LA_D_5005167,14.576751708984375,14.578076362609863,ok
LA_D_5005646,13.614850044250488,13.617955207824707,ok
LA_D_5005973,13.21225357055664,13.216227531433105,ok
LA_D_5008093,16.82424545288086,16.82693099975586,ok
LA_D_5008157,10.307662963867188,10.307827949523926,ok
LA_D_5009375,12.875081062316895,12.875286102294922,ok
LA_D_5010817,9.373522758483887,9.377685546875,ok
LA_D_5011300,16.021595001220703,16.022991180419922,ok
LA_D_5011714,-15.38242244720459,-15.38393497467041,ok
LA_D_5012127,14.91511344909668,14.915451049804688,ok
LA_D_5012472,16.190271377563477,16.192468643188477,ok
LA_D_5013159,9.13463306427002,9.148962020874023,ok
LA_D_5013243,10.485006332397461,10.484984397888184,ok
LA_D_5013283,14.921711921691895,14.924492835998535,ok
LA_D_5014370,14.206683158874512,14.210051536560059,ok
LA_D_5016623,17.723920822143555,17.723310470581055,ok
LA_D_5017002,12.484155654907227,12.484265327453613,ok
LA_D_5017814,15.003523826599121,15.0040922164917,ok
LA_D_5018111,9.097671508789062,9.09812068939209,ok
LA_D_5018258,-11.694204330444336,-11.694831848144531,ok
LA_D_5018490,11.519498825073242,11.519965171813965,ok
LA_D_5018816,11.983514785766602,11.984253883361816,ok
LA_D_5018866,16.87672996520996,16.87775230407715,ok
LA_D_5021244,-12.398581504821777,-12.398665428161621,ok
LA_D_5023844,13.738228797912598,13.742827415466309,ok
LA_D_5026079,13.351654052734375,13.352742195129395,ok
LA_D_5026225,16.177976608276367,16.183752059936523,ok
LA_D_5026406,10.498515129089355,10.500763893127441,ok
LA_D_5026441,10.953444480895996,10.957115173339844,ok
LA_D_5026692,-13.333715438842773,-13.343338966369629,ok
LA_D_5026948,13.351736068725586,13.353558540344238,ok
LA_D_5028072,19.96592903137207,19.981273651123047,ok
LA_D_5028641,17.42340087890625,17.429349899291992,ok
LA_D_5028697,11.935210227966309,11.936549186706543,ok
LA_D_5029303,15.261184692382812,15.266161918640137,ok
LA_D_5029338,-7.4637017250061035,-7.465359210968018,ok
LA_D_5030185,17.55901527404785,17.56282615661621,ok
LA_D_5031248,13.67984390258789,13.686907768249512,ok
LA_D_5032508,16.383073806762695,16.386106491088867,ok
LA_D_5034046,17.853744506835938,17.854848861694336,ok
LA_D_5034203,11.197310447692871,11.19864559173584,ok
LA_D_5035533,8.928699493408203,8.928799629211426,ok
LA_D_5039819,13.122973442077637,13.123074531555176,ok
LA_D_5040114,11.999629020690918,12.001218795776367,ok
LA_D_5041256,11.678504943847656,11.67967700958252,ok
LA_D_5042622,14.425539016723633,14.425774574279785,ok
LA_D_5044120,16.567140579223633,16.573022842407227,ok
LA_D_5046909,13.378523826599121,13.382294654846191,ok
LA_D_5047683,5.88850212097168,5.889394283294678,ok
LA_D_5048362,17.050792694091797,17.05386734008789,ok
LA_D_5049280,15.159175872802734,15.160845756530762,ok
LA_D_5050513,10.815543174743652,10.81578254699707,ok
LA_D_5051331,17.9575252532959,17.95990753173828,ok
LA_D_5051597,16.3806209564209,16.38153839111328,ok
LA_D_5051791,12.235437393188477,12.240036964416504,ok
LA_D_5051913,14.714621543884277,14.716361999511719,ok
LA_D_5052184,12.867870330810547,12.869475364685059,ok
LA_D_5053631,19.814598083496094,19.8150577545166,ok
LA_D_5054258,17.277645111083984,17.27924156188965,ok
LA_D_5054541,10.83484172821045,10.834863662719727,ok
LA_D_5054607,13.026369094848633,13.027678489685059,ok
LA_D_5054904,-12.244269371032715,-12.2452974319458,ok
LA_D_5055165,22.54711151123047,22.55156707763672,ok
LA_D_5056218,-14.344362258911133,-14.345147132873535,ok
LA_D_5057705,10.097232818603516,10.097212791442871,ok
LA_D_5058489,13.881904602050781,13.889634132385254,ok
LA_D_5060788,13.850973129272461,13.8534574508667,ok
LA_D_5062241,13.121123313903809,13.135687828063965,ok
LA_D_5063604,11.729453086853027,11.730982780456543,ok
LA_D_5064398,13.353775024414062,13.356583595275879,ok
LA_D_5065135,13.956417083740234,13.961804389953613,ok
LA_D_5066173,14.587356567382812,14.5897216796875,ok
LA_D_5066427,12.68742847442627,12.694965362548828,ok
LA_D_5067087,17.693452835083008,17.694841384887695,ok
LA_D_5067184,12.076086044311523,12.076581001281738,ok
LA_D_5067930,13.49600887298584,13.496803283691406,ok
LA_D_5068271,10.659111022949219,10.663270950317383,ok
LA_D_5068352,18.33555030822754,18.33613395690918,ok
LA_D_5070212,10.929435729980469,10.928208351135254,ok
LA_D_5070679,13.64417552947998,13.644394874572754,ok
LA_D_5071457,11.847731590270996,11.84864330291748,ok
LA_D_5073015,6.359024524688721,6.359023571014404,ok
LA_D_5073126,15.858427047729492,15.858392715454102,ok
LA_D_5074328,15.315184593200684,15.3165922164917,ok
LA_D_5074906,12.092312812805176,12.096116065979004,ok
LA_D_5074932,13.10493278503418,13.105328559875488,ok
LA_D_5075029,-14.352765083312988,-14.354327201843262,ok
LA_D_5076123,14.94056224822998,14.944451332092285,ok
LA_D_5076610,17.366769790649414,17.36756706237793,ok
LA_D_5076674,9.557311058044434,9.558187484741211,ok
LA_D_5076694,18.359275817871094,18.362760543823242,ok
LA_D_5077584,8.91134262084961,8.912274360656738,ok
LA_D_5077681,14.018802642822266,14.0260591506958,ok
LA_D_5079558,10.23304271697998,10.235747337341309,ok
LA_D_5081966,13.514474868774414,13.514386177062988,ok
LA_D_5082258,14.033782005310059,14.03579044342041,ok
LA_D_5084830,14.176091194152832,14.184311866760254,ok
LA_D_5085425,11.272198677062988,11.272522926330566,ok
LA_D_5086729,12.273017883300781,12.274985313415527,ok
LA_D_5088369,13.766928672790527,13.767023086547852,ok
LA_D_5089751,12.746309280395508,12.746922492980957,ok
LA_D_5090421,-12.34403133392334,-12.3443021774292,ok
LA_D_5090531,14.625883102416992,14.629717826843262,ok
LA_D_5090551,14.763150215148926,14.765706062316895,ok
LA_D_5090608,19.365100860595703,19.36797523498535,ok
LA_D_5090803,-11.50922679901123,-11.5111665725708,ok
LA_D_5091510,7.75141716003418,7.7513747215271,ok
LA_D_5091691,16.2380428314209,16.239938735961914,ok
LA_D_5091760,14.69958782196045,14.701162338256836,ok
LA_D_5092098,14.970118522644043,14.973162651062012,ok
LA_D_5092272,15.055633544921875,15.05562973022461,ok
LA_D_5092434,18.18858528137207,18.19864273071289,ok
LA_D_5092533,13.891862869262695,13.895026206970215,ok
LA_D_5092940,15.949202537536621,15.951476097106934,ok
LA_D_5094867,15.47096061706543,15.473742485046387,ok
LA_D_5095193,16.357301712036133,16.364484786987305,ok
LA_D_5095523,12.81801700592041,12.820034980773926,ok
LA_D_5096284,12.412116050720215,12.412714004516602,ok
LA_D_5097555,15.008580207824707,15.021947860717773,ok
LA_D_5098281,12.433156967163086,12.433592796325684,ok
LA_D_5098442,17.488353729248047,17.496564865112305,ok
LA_D_5100182,17.368667602539062,17.373172760009766,ok
LA_D_5100382,9.091695785522461,9.097203254699707,ok
LA_D_5100813,17.170000076293945,17.170269012451172,ok
LA_D_5101551,13.397168159484863,13.39747142791748,ok
LA_D_5101720,8.166193008422852,8.170015335083008,ok
LA_D_5103356,19.360942840576172,19.365276336669922,ok
LA_D_5103566,12.212956428527832,12.21557331085205,ok
LA_D_5104907,10.757551193237305,10.756935119628906,ok
LA_D_5106469,8.792258262634277,8.796900749206543,ok
LA_D_5107192,15.318098068237305,15.318449974060059,ok
LA_D_5107868,12.698724746704102,12.69878101348877,ok
LA_D_5109502,15.313209533691406,15.321219444274902,ok
LA_D_5109561,16.341516494750977,16.344633102416992,ok
LA_D_5110293,15.227729797363281,15.228320121765137,ok
LA_D_5110992,-14.03261947631836,-14.033064842224121,ok
LA_D_5111401,23.46312141418457,23.47568130493164,ok
LA_D_5115596,11.38004207611084,11.383378028869629,ok
LA_D_5116527,11.598027229309082,11.600865364074707,ok
LA_D_5117145,10.183761596679688,10.18940544128418,ok
LA_D_5117623,16.67104721069336,16.670961380004883,ok
LA_D_5118097,16.362340927124023,16.36903953552246,ok
LA_D_5118215,17.007205963134766,17.009077072143555,ok
LA_D_5119493,11.208054542541504,11.20873737335205,ok
LA_D_5120421,13.24138069152832,13.241595268249512,ok
LA_D_5120726,14.137873649597168,14.137944221496582,ok
LA_D_5123725,12.741008758544922,12.741580963134766,ok
LA_D_5123844,15.684649467468262,15.686788558959961,ok
LA_D_5124586,13.293694496154785,13.293831825256348,ok
LA_D_5126554,15.340795516967773,15.341269493103027,ok
LA_D_5126998,6.307378768920898,6.308545112609863,ok
LA_D_5127521,10.746569633483887,10.746783256530762,ok
LA_D_5127607,17.68630027770996,17.69329833984375,ok
LA_D_5128111,16.377506256103516,16.380144119262695,ok
LA_D_5131261,12.56180191040039,12.565348625183105,ok
LA_D_5131724,8.778876304626465,8.778922080993652,ok
LA_D_5133121,14.039092063903809,14.042166709899902,ok
LA_D_5133384,10.900141716003418,10.901610374450684,ok
LA_D_5135042,-15.445178031921387,-15.44931697845459,ok
LA_D_5135623,10.304862022399902,10.30556583404541,ok
LA_D_5136094,14.732674598693848,14.731986999511719,ok
LA_D_5138201,16.211801528930664,16.21549415588379,ok
LA_D_5138851,15.573580741882324,15.574294090270996,ok
LA_D_5139344,13.050329208374023,13.052159309387207,ok
LA_D_5139863,21.161998748779297,21.167470932006836,ok
LA_D_5140041,17.28496551513672,17.286149978637695,ok
LA_D_5140118,14.33561897277832,14.336441040039062,ok
LA_D_5140508,15.77907943725586,15.782522201538086,ok
LA_D_5140773,13.391209602355957,13.391545295715332,ok
LA_D_5142081,14.990168571472168,14.996593475341797,ok
LA_D_5145079,12.91591739654541,12.916455268859863,ok
LA_D_5145753,16.023910522460938,16.02508544921875,ok
LA_D_5146064,-12.653688430786133,-12.672276496887207,ok
LA_D_5147678,12.862812042236328,12.862805366516113,ok
LA_D_5147912,14.608020782470703,14.61237907409668,ok
LA_D_5148813,17.669227600097656,17.670461654663086,ok
LA_D_5149214,7.666827201843262,7.671478748321533,ok
LA_D_5149734,17.58837127685547,17.58880043029785,ok
LA_D_5151081,20.371706008911133,20.372047424316406,ok
LA_D_5151616,13.925003051757812,13.926393508911133,ok
LA_D_5152377,16.567386627197266,16.571447372436523,ok
LA_D_5153538,11.398885726928711,11.398869514465332,ok
LA_D_5155418,10.754602432250977,10.758366584777832,ok
LA_D_5156009,9.98178482055664,9.981889724731445,ok
LA_D_5157129,16.218040466308594,16.21978759765625,ok
LA_D_5157517,17.443401336669922,17.443880081176758,ok
LA_D_5157632,11.320942878723145,11.324316024780273,ok
LA_D_5158638,-14.137009620666504,-14.145649909973145,ok
LA_D_5159936,14.573094367980957,14.57362174987793,ok
LA_D_5163083,10.988336563110352,10.988367080688477,ok
LA_D_5163761,19.705015182495117,19.717065811157227,ok
LA_D_5163985,14.854798316955566,14.85770320892334,ok
LA_D_5164039,11.993173599243164,11.993780136108398,ok
LA_D_5165049,14.791825294494629,14.800665855407715,ok
LA_D_5165259,19.544031143188477,19.544652938842773,ok
LA_D_5167234,8.36599349975586,8.367379188537598,ok
LA_D_5167361,13.0778169631958,13.07793140411377,ok
LA_D_5167363,14.789634704589844,14.791975975036621,ok
LA_D_5168716,14.08403205871582,14.096476554870605,ok
LA_D_5168787,9.957624435424805,9.968573570251465,ok
LA_D_5169731,20.188953399658203,20.189321517944336,ok
LA_D_5169953,15.038519859313965,15.043107032775879,ok
LA_D_5170331,15.20228099822998,15.20276927947998,ok
LA_D_5170428,16.491222381591797,16.494539260864258,ok
LA_D_5171645,14.78873348236084,14.793723106384277,ok
LA_D_5172398,18.147235870361328,18.15138816833496,ok
LA_D_5173528,13.850279808044434,13.850874900817871,ok
LA_D_5174000,16.224943161010742,16.225358963012695,ok
LA_D_5174186,14.289623260498047,14.290274620056152,ok
LA_D_5174430,-1.0419020652770996,-1.0437281131744385,ok
LA_D_5174566,10.401533126831055,10.402731895446777,ok
LA_D_5175082,12.247297286987305,12.24749755859375,ok
LA_D_5176156,12.056977272033691,12.057233810424805,ok
LA_D_5176173,15.086981773376465,15.092829704284668,ok
LA_D_5177326,19.338415145874023,19.34475326538086,ok
LA_D_5177748,12.991965293884277,12.992387771606445,ok
LA_D_5178524,15.851045608520508,15.85108757019043,ok
LA_D_5179475,8.725015640258789,8.725064277648926,ok
LA_D_5181153,13.494871139526367,13.498429298400879,ok
LA_D_5181684,21.498952865600586,21.500890731811523,ok
LA_D_5181769,14.188406944274902,14.189953804016113,ok
LA_D_5182268,9.56151008605957,9.561680793762207,ok
LA_D_5182772,14.087814331054688,14.088175773620605,ok
LA_D_5184277,11.868292808532715,11.873114585876465,ok
LA_D_5184417,13.988842964172363,13.98931884765625,ok
LA_D_5185723,10.760201454162598,10.760676383972168,ok
LA_D_5186676,12.574419021606445,12.574475288391113,ok
LA_D_5187334,8.027685165405273,8.027970314025879,ok
LA_D_5188638,15.297527313232422,15.301989555358887,ok
LA_D_5188766,14.423192977905273,14.424346923828125,ok
LA_D_5189187,12.418034553527832,12.417941093444824,ok
LA_D_5189335,13.895448684692383,13.89553165435791,ok
LA_D_5189947,15.735157012939453,15.754030227661133,ok
LA_D_5191461,17.633628845214844,17.637266159057617,ok
LA_D_5192013,15.37982177734375,15.38112735748291,ok
LA_D_5192033,12.134302139282227,12.137995719909668,ok
LA_D_5193343,17.277246475219727,17.277530670166016,ok
LA_D_5193473,9.428168296813965,9.428927421569824,ok
LA_D_5193544,15.207016944885254,15.210984230041504,ok
LA_D_5193789,14.704707145690918,14.706273078918457,ok
LA_D_5194683,16.540576934814453,16.540725708007812,ok
LA_D_5194904,12.356435775756836,12.367873191833496,ok
LA_D_5196563,16.128480911254883,16.13242530822754,ok
LA_D_5196907,16.674043655395508,16.675710678100586,ok
LA_D_5197000,-12.080268859863281,-12.089778900146484,ok
LA_D_5198588,14.396455764770508,14.405488014221191,ok
LA_D_5199048,13.35190200805664,13.373337745666504,ok
LA_D_5202763,18.73351287841797,18.739398956298828,ok
LA_D_5203690,19.271732330322266,19.271947860717773,ok
LA_D_5203733,-14.401447296142578,-14.404361724853516,ok
LA_D_5205569,12.881182670593262,12.881792068481445,ok
LA_D_5207545,17.14604377746582,17.147247314453125,ok
LA_D_5208898,17.164588928222656,17.166471481323242,ok
LA_D_5209189,17.50162696838379,17.50178337097168,ok
LA_D_5210678,14.247089385986328,14.251947402954102,ok
LA_D_5210752,13.861891746520996,13.86828899383545,ok
LA_D_5212385,18.925325393676758,18.925540924072266,ok
LA_D_5212614,-11.090188026428223,-11.093981742858887,ok
LA_D_5213207,16.468534469604492,16.468351364135742,ok
LA_D_5216313,17.13604736328125,17.137454986572266,ok
LA_D_5216508,12.789898872375488,12.796603202819824,ok
LA_D_5216823,14.027376174926758,14.030043601989746,ok
LA_D_5219734,15.313909530639648,15.315393447875977,ok
LA_D_5220475,11.771440505981445,11.779276847839355,ok
LA_D_5220521,14.36337947845459,14.363412857055664,ok
LA_D_5223490,13.627001762390137,13.63014030456543,ok
LA_D_5224129,-13.448798179626465,-13.452187538146973,ok
LA_D_5225846,11.136791229248047,11.13823413848877,ok
LA_D_5226379,-11.462895393371582,-11.463391304016113,ok
LA_D_5228503,16.11599349975586,16.11895179748535,ok
LA_D_5229682,14.70125961303711,14.701775550842285,ok
LA_D_5232139,13.294075965881348,13.294886589050293,ok
LA_D_5232800,16.448904037475586,16.452470779418945,ok
LA_D_5233239,13.348729133605957,13.352042198181152,ok
LA_D_5233431,16.313440322875977,16.31370735168457,ok
LA_D_5234713,13.069073677062988,13.069987297058105,ok
LA_D_5234827,14.196333885192871,14.213770866394043,ok
LA_D_5236165,15.116647720336914,15.121068000793457,ok
LA_D_5236557,12.26956558227539,12.274786949157715,ok
LA_D_5237899,7.953735828399658,7.953722953796387,ok
LA_D_5238266,12.443199157714844,12.447600364685059,ok
LA_D_5238810,17.868867874145508,17.876066207885742,ok
LA_D_5239066,16.656723022460938,16.65830421447754,ok
LA_D_5239525,16.384557723999023,16.386371612548828,ok
LA_D_5241214,13.642241477966309,13.643889427185059,ok
LA_D_5241744,13.875371932983398,13.875428199768066,ok
LA_D_5242419,18.20516014099121,18.206079483032227,ok
LA_D_5242519,14.92466926574707,14.927617073059082,ok
LA_D_5242820,-0.4115232527256012,-0.41170066595077515,ok
LA_D_5243479,14.901591300964355,14.906973838806152,ok
LA_D_5245223,10.826065063476562,10.82606029510498,ok
LA_D_5245987,-11.539312362670898,-11.542950630187988,ok
LA_D_5246094,15.251482963562012,15.25286865234375,ok
LA_D_5246193,10.96301555633545,10.967370986938477,ok
LA_D_5246247,13.770112991333008,13.77063274383545,ok
LA_D_5246528,10.500706672668457,10.502547264099121,ok
LA_D_5248127,-14.734341621398926,-14.735637664794922,ok
LA_D_5248372,-12.044572830200195,-12.046133041381836,ok
LA_D_5249364,11.986687660217285,11.987025260925293,ok
LA_D_5250042,-13.73327350616455,-13.734150886535645,ok
LA_D_5253806,15.586304664611816,15.586730003356934,ok
LA_D_5253814,15.164827346801758,15.165637969970703,ok
LA_D_5254267,20.1566219329834,20.16127586364746,ok
LA_D_5256245,13.801532745361328,13.801736831665039,ok
LA_D_5257176,14.436664581298828,14.439742088317871,ok
LA_D_5257381,9.513895034790039,9.516802787780762,ok
LA_D_5258807,13.654206275939941,13.655116081237793,ok
LA_D_5259851,14.775468826293945,14.778729438781738,ok
LA_D_5260084,-15.321514129638672,-15.32508659362793,ok
LA_D_5260994,12.216941833496094,12.218210220336914,ok
LA_D_5261718,13.800830841064453,13.801057815551758,ok
LA_D_5262166,9.357409477233887,9.357460975646973,ok
LA_D_5262821,-13.330110549926758,-13.33029842376709,ok
LA_D_5263011,9.726046562194824,9.72824764251709,ok
LA_D_5264948,12.353854179382324,12.361045837402344,ok
LA_D_5264996,20.76222801208496,20.76561164855957,ok
LA_D_5265768,12.112747192382812,12.11500072479248,ok
LA_D_5266068,16.650028228759766,16.65347671508789,ok
LA_D_5266850,-14.858413696289062,-14.858610153198242,ok
LA_D_5267572,10.426745414733887,10.426909446716309,ok
LA_D_5267968,12.102632522583008,12.10482120513916,ok
LA_D_5269027,12.82372760772705,12.829434394836426,ok
LA_D_5269386,19.116134643554688,19.13117027282715,ok
LA_D_5269652,9.779552459716797,9.779247283935547,ok
LA_D_5269881,14.87225341796875,14.876477241516113,ok
LA_D_5269911,16.91387939453125,16.91786003112793,ok
LA_D_5270228,16.199899673461914,16.209415435791016,ok
LA_D_5271094,9.62291431427002,9.624016761779785,ok
LA_D_5271956,11.169171333312988,11.172279357910156,ok
LA_D_5272211,12.09791374206543,12.098089218139648,ok
LA_D_5274055,8.885246276855469,8.88659381866455,ok
LA_D_5274812,12.830770492553711,12.830985069274902,ok
LA_D_5275494,14.96345043182373,14.965882301330566,ok
LA_D_5275946,12.074602127075195,12.076546669006348,ok
LA_D_5276027,15.136381149291992,15.143529891967773,ok
LA_D_5276746,14.737664222717285,14.738860130310059,ok
LA_D_5277162,10.771214485168457,10.771244049072266,ok
LA_D_5279500,14.519107818603516,14.52362060546875,ok
LA_D_5280085,16.297422409057617,16.30459213256836,ok
LA_D_5281076,15.418065071105957,15.422730445861816,ok
LA_D_5282749,9.461485862731934,9.468034744262695,ok
LA_D_5282843,12.464824676513672,12.465924263000488,ok
LA_D_5283786,13.00622844696045,13.006231307983398,ok
LA_D_5285009,8.911888122558594,8.911890983581543,ok
LA_D_5285039,10.934383392333984,10.935673713684082,ok
LA_D_5285268,13.205205917358398,13.210318565368652,ok
LA_D_5285970,11.572098731994629,11.580605506896973,ok
LA_D_5286510,14.404022216796875,14.407211303710938,ok
LA_D_5287056,17.032968521118164,17.033477783203125,ok
LA_D_5287350,8.699246406555176,8.699299812316895,ok
LA_D_5287819,15.2355318069458,15.236300468444824,ok
LA_D_5288785,11.246716499328613,11.24706745147705,ok
LA_D_5289575,20.64562225341797,20.650907516479492,ok
LA_D_5291143,15.901043891906738,15.907713890075684,ok
LA_D_5292647,10.316411972045898,10.31834888458252,ok
LA_D_5293338,10.109694480895996,10.10987377166748,ok
LA_D_5294224,1.5642213821411133,1.5634573698043823,ok
LA_D_5294929,13.59998607635498,13.602431297302246,ok
LA_D_5295482,1.6648190021514893,1.6670852899551392,ok
LA_D_5295577,10.49880599975586,10.49902057647705,ok
LA_D_5296414,9.367892265319824,9.368329048156738,ok
LA_D_5296519,21.556102752685547,21.559123992919922,ok
LA_D_5297304,14.885072708129883,14.885621070861816,ok
LA_D_5297443,15.414669036865234,15.417607307434082,ok
LA_D_5297638,12.702679634094238,12.702337265014648,ok
LA_D_5298731,13.081235885620117,13.082602500915527,ok
LA_D_5299238,9.185663223266602,9.185874938964844,ok
LA_D_5299709,9.791399955749512,9.790019035339355,ok
LA_D_5300130,12.404439926147461,12.405745506286621,ok
LA_D_5300881,13.82332992553711,13.823721885681152,ok
LA_D_5301172,15.028308868408203,15.030502319335938,ok
LA_D_5301983,19.452953338623047,19.45567512512207,ok
LA_D_5303302,14.34760570526123,14.350969314575195,ok
LA_D_5304792,11.214445114135742,11.217582702636719,ok
LA_D_5305086,15.607421875,15.607420921325684,ok
LA_D_5305473,13.809399604797363,13.812033653259277,ok
LA_D_5305767,9.19826602935791,9.198760986328125,ok
LA_D_5306498,13.01507568359375,13.02192211151123,ok
LA_D_5306960,12.699458122253418,12.70017147064209,ok
LA_D_5307600,14.962639808654785,14.962712287902832,ok
LA_D_5308008,8.465243339538574,8.465246200561523,ok
LA_D_5308188,10.751133918762207,10.751741409301758,ok
LA_D_5308230,17.542709350585938,17.54374122619629,ok
LA_D_5308766,15.029705047607422,15.029784202575684,ok
LA_D_5308866,20.52349281311035,20.534589767456055,ok
LA_D_5310517,14.467559814453125,14.467564582824707,ok
LA_D_5312245,13.689262390136719,13.698623657226562,ok
LA_D_5312350,-14.33238410949707,-14.333062171936035,ok
LA_D_5312607,-9.200203895568848,-9.200447082519531,ok
LA_D_5313766,15.754364013671875,15.761128425598145,ok
LA_D_5314825,15.658736228942871,15.660335540771484,ok
LA_D_5315354,15.617783546447754,15.619633674621582,ok
LA_D_5315391,10.144427299499512,10.144564628601074,ok
LA_D_5318221,15.432406425476074,15.438859939575195,ok
LA_D_5322570,17.313432693481445,17.313434600830078,ok
LA_D_5323011,14.886175155639648,14.894242286682129,ok
LA_D_5323426,15.869851112365723,15.870207786560059,ok
LA_D_5325527,10.314931869506836,10.315995216369629,ok
LA_D_5325697,14.964666366577148,14.967482566833496,ok
LA_D_5326644,10.717016220092773,10.71726131439209,ok
LA_D_5327408,10.931082725524902,10.931984901428223,ok
LA_D_5327544,16.254016876220703,16.2557373046875,ok
LA_D_5328469,12.016610145568848,12.016636848449707,ok
LA_D_5328894,13.907055854797363,13.907535552978516,ok
LA_D_5329061,12.491413116455078,12.492732048034668,ok
LA_D_5330155,13.556116104125977,13.563783645629883,ok
LA_D_5330416,8.421371459960938,8.42148208618164,ok
LA_D_5330909,15.464152336120605,15.465042114257812,ok
LA_D_5331264,-15.711641311645508,-15.716917037963867,ok
LA_D_5331428,11.776403427124023,11.778135299682617,ok
LA_D_5331450,12.88745403289795,12.89026927947998,ok
LA_D_5332246,8.30078411102295,8.302556037902832,ok
LA_D_5332359,-14.599408149719238,-14.599953651428223,ok
LA_D_5332565,9.488399505615234,9.48924446105957,ok
LA_D_5336165,13.040145874023438,13.04164981842041,ok
LA_D_5337300,12.156072616577148,12.160737037658691,ok
LA_D_5337439,17.42026710510254,17.425233840942383,ok
LA_D_5337615,3.351808547973633,3.3504998683929443,ok
LA_D_5338385,21.974912643432617,21.976993560791016,ok
LA_D_5339390,12.376995086669922,12.376975059509277,ok
LA_D_5341323,11.97724437713623,11.97661304473877,ok
LA_D_5341375,-12.337188720703125,-12.345114707946777,ok
LA_D_5341623,10.699384689331055,10.699772834777832,ok
LA_D_5341780,13.670928001403809,13.672977447509766,ok
LA_D_5343352,14.448716163635254,14.45045280456543,ok
LA_D_5345215,15.39211654663086,15.392444610595703,ok
LA_D_5345225,-14.420881271362305,-14.425045013427734,ok
LA_D_5345453,11.558577537536621,11.559179306030273,ok
LA_D_5346070,16.426862716674805,16.427812576293945,ok
LA_D_5348157,12.419193267822266,12.420737266540527,ok
LA_D_5349132,-14.40217399597168,-14.402796745300293,ok
LA_D_5349360,11.228288650512695,11.229229927062988,ok
LA_D_5349891,12.8247709274292,12.825658798217773,ok
LA_D_5350529,15.198088645935059,15.200809478759766,ok
LA_D_5350670,16.278438568115234,16.280454635620117,ok
LA_D_5355457,-15.534789085388184,-15.53516960144043,ok
LA_D_5356350,13.281283378601074,13.281250953674316,ok
LA_D_5357142,11.57109546661377,11.571260452270508,ok
LA_D_5357932,13.454564094543457,13.45862865447998,ok
LA_D_5358070,8.821837425231934,8.821420669555664,ok
LA_D_5358232,16.21413803100586,16.214263916015625,ok
LA_D_5359798,15.094874382019043,15.095152854919434,ok
LA_D_5359950,12.529119491577148,12.52949047088623,ok
LA_D_5360138,11.366888999938965,11.371726036071777,ok
LA_D_5362013,14.327549934387207,14.328214645385742,ok
LA_D_5362934,16.260286331176758,16.262374877929688,ok
LA_D_5363458,15.137718200683594,15.143797874450684,ok
LA_D_5364410,-5.120984077453613,-5.121333599090576,ok
LA_D_5366058,16.382455825805664,16.382488250732422,ok
LA_D_5368042,15.297822952270508,15.298697471618652,ok
LA_D_5369394,7.654698371887207,7.654726505279541,ok
LA_D_5370145,15.68397331237793,15.685050010681152,ok
LA_D_5371276,8.513042449951172,8.51537799835205,ok
LA_D_5372592,14.511849403381348,14.529448509216309,ok
LA_D_5374725,13.870015144348145,13.87040901184082,ok
LA_D_5377943,20.742422103881836,20.79588508605957,ok
LA_D_5378463,16.990158081054688,16.994802474975586,ok
LA_D_5379068,18.502344131469727,18.50394630432129,ok
LA_D_5379360,11.949992179870605,11.95338249206543,ok
LA_D_5380020,11.69441032409668,11.694478034973145,ok
LA_D_5380614,9.276179313659668,9.276326179504395,ok
LA_D_5381315,12.561541557312012,12.56264877319336,ok
LA_D_5381358,20.285964965820312,20.305387496948242,ok
LA_D_5382385,15.557001113891602,15.558125495910645,ok
LA_D_5383174,-13.436103820800781,-13.442133903503418,ok
LA_D_5383636,15.168082237243652,15.170038223266602,ok
LA_D_5383844,12.883151054382324,12.883444786071777,ok
LA_D_5384145,16.103757858276367,16.108320236206055,ok
LA_D_5384475,15.57872486114502,15.582762718200684,ok
LA_D_5384711,12.05582046508789,12.056351661682129,ok
LA_D_5385507,14.132752418518066,14.138154029846191,ok
LA_D_5386489,10.698515892028809,10.70015811920166,ok
LA_D_5389869,12.699063301086426,12.708453178405762,ok
LA_D_5390706,17.594066619873047,17.594308853149414,ok
LA_D_5391312,15.197225570678711,15.19775390625,ok
LA_D_5392108,13.839151382446289,13.844225883483887,ok
LA_D_5392234,14.239067077636719,14.242741584777832,ok
LA_D_5392292,17.011131286621094,17.011629104614258,ok
LA_D_5392790,14.68701171875,14.690206527709961,ok
LA_D_5393942,17.301637649536133,17.301626205444336,ok
LA_D_5393982,12.4874849319458,12.487452507019043,ok
LA_D_5394100,16.799198150634766,16.802688598632812,ok
LA_D_5394501,17.61896324157715,17.622953414916992,ok
LA_D_5395822,15.229503631591797,15.2343168258667,ok
LA_D_5396149,20.118757247924805,20.123849868774414,ok
LA_D_5396174,12.707402229309082,12.707697868347168,ok
LA_D_5396335,11.613227844238281,11.614830017089844,ok
LA_D_5396397,11.884055137634277,11.884456634521484,ok
LA_D_5397319,-12.874105453491211,-12.874442100524902,ok
LA_D_5397434,18.110374450683594,18.114973068237305,ok
LA_D_5398194,13.064861297607422,13.066939353942871,ok
LA_D_5398887,18.629133224487305,18.632909774780273,ok
LA_D_5399074,14.199020385742188,14.201619148254395,ok
LA_D_5399266,15.245047569274902,15.24559497833252,ok
LA_D_5399865,12.96634578704834,12.969538688659668,ok
LA_D_5400157,13.953575134277344,13.956134796142578,ok
LA_D_5400630,18.632951736450195,18.63907814025879,ok
LA_D_5400787,12.21132755279541,12.211393356323242,ok
LA_D_5401230,10.318422317504883,10.320395469665527,ok
LA_D_5402017,14.271467208862305,14.276683807373047,ok
LA_D_5402192,18.073726654052734,18.089006423950195,ok
LA_D_5402252,14.206866264343262,14.207435607910156,ok
LA_D_5402646,7.5805439949035645,7.579577445983887,ok
LA_D_5404416,9.458366394042969,9.459117889404297,ok
LA_D_5404458,16.562803268432617,16.57171058654785,ok
LA_D_5405376,18.58332633972168,18.58790397644043,ok
LA_D_5406274,16.190439224243164,16.18937110900879,ok
LA_D_5407356,15.392173767089844,15.393397331237793,ok
LA_D_5407463,11.928194999694824,11.928412437438965,ok
LA_D_5409509,15.895648002624512,15.897854804992676,ok
LA_D_5409547,9.781715393066406,9.781726837158203,ok
LA_D_5410675,18.05974578857422,18.06138801574707,ok
LA_D_5411425,7.564530372619629,7.566216468811035,ok
LA_D_5411434,-14.870899200439453,-14.871796607971191,ok
LA_D_5411748,-12.588794708251953,-12.59435749053955,ok
LA_D_5412347,15.088577270507812,15.094563484191895,ok
LA_D_5412628,21.525726318359375,21.53147315979004,ok
LA_D_5413087,15.245401382446289,15.250823974609375,ok
LA_D_5414308,11.859745025634766,11.864709854125977,ok
LA_D_5416414,6.147697448730469,6.147698402404785,ok
LA_D_5416674,-15.296762466430664,-15.297174453735352,ok
LA_D_5416891,12.446561813354492,12.448493957519531,ok
LA_D_5419620,8.519281387329102,8.519220352172852,ok
LA_D_5420932,16.024763107299805,16.026052474975586,ok
LA_D_5421212,24.34868049621582,24.357213973999023,ok
LA_D_5422337,18.29389190673828,18.300668716430664,ok
LA_D_5422570,12.574267387390137,12.579623222351074,ok
LA_D_5424592,15.480074882507324,15.48256778717041,ok
LA_D_5425829,-14.57974910736084,-14.58372974395752,ok
LA_D_5426906,20.185087203979492,20.20265007019043,ok
LA_D_5427352,16.910781860351562,16.91253089904785,ok
LA_D_5427426,15.613945960998535,15.616515159606934,ok
LA_D_5427830,13.045949935913086,13.047788619995117,ok
LA_D_5427856,12.504393577575684,12.505457878112793,ok
LA_D_5428077,14.808635711669922,14.809460639953613,ok
LA_D_5428590,11.433465957641602,11.43388557434082,ok
LA_D_5429622,12.394338607788086,12.400206565856934,ok
LA_D_5430038,13.034747123718262,13.037007331848145,ok
LA_D_5430421,11.545364379882812,11.545567512512207,ok
LA_D_5431156,-14.560583114624023,-14.561111450195312,ok
LA_D_5431286,14.005772590637207,14.005853652954102,ok
LA_D_5432198,15.264966011047363,15.264701843261719,ok
LA_D_5432736,14.420645713806152,14.427327156066895,ok
LA_D_5433558,9.238953590393066,9.239142417907715,ok
LA_D_5433599,12.79166030883789,12.794161796569824,ok
LA_D_5434948,14.991019248962402,14.996270179748535,ok
LA_D_5435340,15.831530570983887,15.831802368164062,ok
LA_D_5435996,16.596345901489258,16.598501205444336,ok
LA_D_5437115,11.992104530334473,11.995237350463867,ok
LA_D_5437717,12.872808456420898,12.873047828674316,ok
LA_D_5438251,-12.188129425048828,-12.194226264953613,ok
LA_D_5439819,16.10968017578125,16.113508224487305,ok
LA_D_5441022,12.438191413879395,12.439465522766113,ok
LA_D_5441203,12.655680656433105,12.658568382263184,ok
LA_D_5441778,-13.694308280944824,-13.694600105285645,ok
LA_D_5442160,17.117897033691406,17.117956161499023,ok
LA_D_5442437,13.78785228729248,13.790515899658203,ok
LA_D_5443022,14.304388046264648,14.30868148803711,ok
LA_D_5444967,15.003949165344238,15.006625175476074,ok
LA_D_5445370,10.434850692749023,10.43724536895752,ok
LA_D_5445641,-13.014573097229004,-13.016640663146973,ok
LA_D_5448101,9.768277168273926,9.768045425415039,ok
LA_D_5448251,15.9763822555542,15.985014915466309,ok
LA_D_5448474,9.836128234863281,9.836173057556152,ok
LA_D_5449899,15.304396629333496,15.305537223815918,ok
LA_D_5450646,15.979055404663086,15.98009967803955,ok
LA_D_5450980,16.4499568939209,16.4499568939209,ok
LA_D_5451234,16.897281646728516,16.89879035949707,ok
LA_D_5451855,14.227303504943848,14.247278213500977,ok
LA_D_5452047,10.689085960388184,10.68961238861084,ok
LA_D_5452596,19.371070861816406,19.37322425842285,ok
LA_D_5452800,14.061893463134766,14.061766624450684,ok
LA_D_5453267,15.404964447021484,15.406706809997559,ok
LA_D_5453346,14.684961318969727,14.685669898986816,ok
LA_D_5453395,13.954244613647461,13.955431938171387,ok
LA_D_5453401,9.539306640625,9.541523933410645,ok
LA_D_5453991,13.179369926452637,13.183928489685059,ok
LA_D_5454156,14.111737251281738,14.111726760864258,ok
LA_D_5454408,15.659261703491211,15.66055965423584,ok
LA_D_5455243,14.008232116699219,14.012347221374512,ok
LA_D_5455456,13.41765308380127,13.418654441833496,ok
LA_D_5455958,12.87926959991455,12.88049602508545,ok
LA_D_5456457,12.958874702453613,12.964879989624023,ok
LA_D_5456485,11.336658477783203,11.336688995361328,ok
LA_D_5456536,10.70849895477295,10.7085599899292,ok
LA_D_5457188,10.089111328125,10.08910083770752,ok
LA_D_5458074,15.940879821777344,15.941006660461426,ok
LA_D_5458288,13.032782554626465,13.034693717956543,ok
LA_D_5458900,13.45022964477539,13.450297355651855,ok
LA_D_5459095,13.940608978271484,13.944904327392578,ok
LA_D_5462805,13.208133697509766,13.21211051940918,ok
LA_D_5462959,13.948599815368652,13.94922161102295,ok
LA_D_5463025,10.679313659667969,10.68171215057373,ok
LA_D_5463411,-14.092840194702148,-14.092948913574219,ok
LA_D_5463444,-12.52578353881836,-12.529805183410645,ok
LA_D_5463700,14.603195190429688,14.604092597961426,ok
LA_D_5464038,14.470525741577148,14.47170352935791,ok
LA_D_5464792,12.308084487915039,12.308747291564941,ok
LA_D_5465575,14.877747535705566,14.880654335021973,ok
LA_D_5465758,19.196136474609375,19.197900772094727,ok
LA_D_5466886,14.879562377929688,14.882353782653809,ok
LA_D_5467345,-13.706015586853027,-13.706578254699707,ok
LA_D_5467548,17.268632888793945,17.279573440551758,ok
LA_D_5467780,13.961225509643555,13.962417602539062,ok
LA_D_5470214,13.48408031463623,13.495284080505371,ok
LA_D_5470881,14.756710052490234,14.75674819946289,ok
LA_D_5471746,12.137931823730469,12.139623641967773,ok
LA_D_5472216,6.314997673034668,6.314983367919922,ok
LA_D_5472358,16.53244972229004,16.53388023376465,ok
LA_D_5472628,12.285786628723145,12.292693138122559,ok
LA_D_5473083,9.339173316955566,9.339217185974121,ok
LA_D_5473316,12.564072608947754,12.567090034484863,ok
LA_D_5474605,14.779139518737793,14.782532691955566,ok
LA_D_5474661,15.11470890045166,15.120553016662598,ok
LA_D_5475290,7.24929666519165,7.251900672912598,ok
LA_D_5475950,-13.445649147033691,-13.448993682861328,ok
LA_D_5476324,15.181449890136719,15.183587074279785,ok
LA_D_5476791,9.180699348449707,9.18093204498291,ok
LA_D_5476884,16.772769927978516,16.77369499206543,ok
LA_D_5478028,13.273618698120117,13.27381420135498,ok
LA_D_5479621,10.241804122924805,10.242325782775879,ok
LA_D_5480395,17.159137725830078,17.167190551757812,ok
LA_D_5481003,16.32139778137207,16.332809448242188,ok
LA_D_5481956,17.373502731323242,17.373586654663086,ok
LA_D_5482180,13.411822319030762,13.413469314575195,ok
LA_D_5483705,12.737871170043945,12.740379333496094,ok
LA_D_5483730,12.527332305908203,12.529736518859863,ok
LA_D_5484649,14.713504791259766,14.716670989990234,ok
LA_D_5485139,13.999313354492188,14.005172729492188,ok
LA_D_5485515,6.119194984436035,6.12099027633667,ok
LA_D_5486513,19.379072189331055,19.380762100219727,ok
LA_D_5486734,14.903685569763184,14.908574104309082,ok
LA_D_5486800,21.941389083862305,21.950801849365234,ok
LA_D_5487218,13.532958030700684,13.53331470489502,ok
LA_D_5487740,2.2882118225097656,2.2894210815429688,ok
LA_D_5488860,11.43429183959961,11.434391021728516,ok
LA_D_5488938,12.601577758789062,12.605538368225098,ok
LA_D_5490153,15.964164733886719,15.968999862670898,ok
LA_D_5490168,16.95374298095703,16.967008590698242,ok
LA_D_5490332,13.236735343933105,13.236736297607422,ok
LA_D_5490757,-12.581013679504395,-12.581438064575195,ok
LA_D_5490947,12.277153968811035,12.283446311950684,ok
LA_D_5491412,18.467266082763672,18.469249725341797,ok
LA_D_5492356,14.641704559326172,14.648015975952148,ok
LA_D_5493977,12.238454818725586,12.238776206970215,ok
LA_D_5495040,-14.161861419677734,-14.171160697937012,ok
LA_D_5495669,19.289608001708984,19.292360305786133,ok
LA_D_5496756,13.61208438873291,13.615588188171387,ok
LA_D_5497034,-14.301976203918457,-14.302367210388184,ok
LA_D_5498432,11.462794303894043,11.46526050567627,ok
LA_D_5502210,12.68529987335205,12.68783187866211,ok
LA_D_5502506,-12.329562187194824,-12.330626487731934,ok
LA_D_5502789,13.521748542785645,13.528483390808105,ok
LA_D_5503012,-14.372115135192871,-14.375494956970215,ok
LA_D_5503083,12.171121597290039,12.172636985778809,ok
LA_D_5503291,7.347657680511475,7.347779750823975,ok
LA_D_5504182,14.79511833190918,14.795063018798828,ok
LA_D_5505351,13.506796836853027,13.507311820983887,ok
LA_D_5505879,21.728313446044922,21.737913131713867,ok
LA_D_5506307,12.850052833557129,12.850594520568848,ok
LA_D_5506813,17.76897430419922,17.775392532348633,ok
LA_D_5507210,-14.676911354064941,-14.678014755249023,ok
LA_D_5507848,14.738414764404297,14.739161491394043,ok
LA_D_5507926,12.107138633728027,12.107904434204102,ok
LA_D_5508990,13.931224822998047,13.932833671569824,ok
LA_D_5509643,14.914721488952637,14.923039436340332,ok
LA_D_5510010,9.92992115020752,9.930106163024902,ok
LA_D_5510532,13.644754409790039,13.648146629333496,ok
LA_D_5511445,9.05546760559082,9.055763244628906,ok
LA_D_5512289,-12.772665023803711,-12.773214340209961,ok
LA_D_5512449,10.936293601989746,10.939242362976074,ok
LA_D_5513082,-14.335001945495605,-14.335461616516113,ok
LA_D_5514319,12.60550308227539,12.60977840423584,ok
LA_D_5514689,21.0860652923584,21.086063385009766,ok
LA_D_5515164,10.92226505279541,10.926318168640137,ok
LA_D_5517898,11.339055061340332,11.33922290802002,ok
LA_D_5518780,16.008346557617188,16.01215171813965,ok
LA_D_5519117,15.118683815002441,15.123215675354004,ok
LA_D_5519425,14.451742172241211,14.456854820251465,ok
LA_D_5519522,19.275636672973633,19.27638816833496,ok
LA_D_5521568,-13.555588722229004,-13.557005882263184,ok
LA_D_5522142,8.842891693115234,8.842970848083496,ok
LA_D_5523423,18.610904693603516,18.61094856262207,ok
LA_D_5524814,22.78791046142578,22.79007339477539,ok
LA_D_5525120,15.896505355834961,15.89699649810791,ok
LA_D_5525422,18.77329444885254,18.777664184570312,ok
LA_D_5529065,12.192070007324219,12.198569297790527,ok
LA_D_5529080,11.847285270690918,11.84762191772461,ok
LA_D_5531013,13.45772647857666,13.457791328430176,ok
LA_D_5531293,13.583131790161133,13.584050178527832,ok
LA_D_5531330,8.837285995483398,8.837516784667969,ok
LA_D_5532057,16.339115142822266,16.364307403564453,ok
LA_D_5532100,12.10148811340332,12.101860046386719,ok
LA_D_5534887,16.4599609375,16.484384536743164,ok
LA_D_5535805,12.148833274841309,12.149136543273926,ok
LA_D_5536552,14.640422821044922,14.643064498901367,ok
LA_D_5538242,23.43695831298828,23.452579498291016,ok
LA_D_5539101,15.640336990356445,15.642983436584473,ok
LA_D_5539912,16.610416412353516,16.612401962280273,ok
LA_D_5541379,-13.706275939941406,-13.71118450164795,ok
LA_D_5542976,19.85416030883789,19.85764503479004,ok
LA_D_5543089,10.833130836486816,10.837129592895508,ok
LA_D_5545146,-15.738924026489258,-15.739882469177246,ok
LA_D_5545619,14.867884635925293,14.894176483154297,ok
LA_D_5546624,13.751137733459473,13.752389907836914,ok
LA_D_5548039,11.730937004089355,11.7335786819458,ok
LA_D_5548468,11.460060119628906,11.46004867553711,ok
LA_D_5549134,17.288124084472656,17.290565490722656,ok
LA_D_5549592,14.678049087524414,14.679938316345215,ok
LA_D_5549868,16.690895080566406,16.69189453125,ok
LA_D_5550880,17.664199829101562,17.664440155029297,ok
LA_D_5551594,17.18606185913086,17.191377639770508,ok
LA_D_5551945,17.694089889526367,17.695791244506836,ok
LA_D_5552740,14.248039245605469,14.249283790588379,ok
LA_D_5553386,13.693699836730957,13.697044372558594,ok
LA_D_5553767,10.482454299926758,10.48302173614502,ok
LA_D_5554206,9.212722778320312,9.213186264038086,ok
LA_D_5554788,20.799081802368164,20.816972732543945,ok
LA_D_5556633,5.923429012298584,5.929781913757324,ok
LA_D_5558097,11.278887748718262,11.280379295349121,ok
LA_D_5558598,18.82278823852539,18.8257999420166,ok
LA_D_5560002,9.445202827453613,9.445775032043457,ok
LA_D_5561180,17.12712287902832,17.127166748046875,ok
LA_D_5561293,-14.09433364868164,-14.0961275100708,ok
LA_D_5563808,15.01310920715332,15.015281677246094,ok
LA_D_5565540,14.09346866607666,14.099488258361816,ok
LA_D_5565973,15.626986503601074,15.632607460021973,ok
LA_D_5567251,-10.952351570129395,-10.954558372497559,ok
LA_D_5567412,11.952652931213379,11.95262622833252,ok
LA_D_5567932,7.768937587738037,7.771701335906982,ok
LA_D_5568300,13.848989486694336,13.850050926208496,ok
LA_D_5569369,10.269783020019531,10.270362854003906,ok
LA_D_5570032,15.278922080993652,15.28093433380127,ok
LA_D_5570541,10.382472038269043,10.38249683380127,ok
LA_D_5571629,14.08371639251709,14.083712577819824,ok
LA_D_5571676,16.83477210998535,16.835853576660156,ok
LA_D_5572271,16.31578254699707,16.315954208374023,ok
LA_D_5572324,15.977814674377441,15.978842735290527,ok
LA_D_5572661,12.1613187789917,12.161347389221191,ok
LA_D_5574112,7.898016452789307,7.904565811157227,ok
LA_D_5574945,11.64374828338623,11.643686294555664,ok
LA_D_5576148,14.880006790161133,14.882780075073242,ok
LA_D_5576532,17.31292724609375,17.32340431213379,ok
LA_D_5579170,17.654306411743164,17.66263198852539,ok
LA_D_5579476,9.485662460327148,9.48598861694336,ok
LA_D_5580217,12.286563873291016,12.290812492370605,ok
LA_D_5580783,7.192270278930664,7.1939263343811035,ok
LA_D_5583563,12.767247200012207,12.767251968383789,ok
LA_D_5583898,12.857148170471191,12.862580299377441,ok
LA_D_5584723,13.459429740905762,13.461174964904785,ok
LA_D_5584734,15.766203880310059,15.766973495483398,ok
LA_D_5586056,11.62138557434082,11.624768257141113,ok
LA_D_5586705,16.392499923706055,16.393136978149414,ok
LA_D_5586813,9.508228302001953,9.508234977722168,ok
LA_D_5588765,-9.959040641784668,-9.96313762664795,ok
LA_D_5592106,15.932062149047852,15.935195922851562,ok
LA_D_5592383,14.344184875488281,14.345597267150879,ok
LA_D_5592740,17.428180694580078,17.43244171142578,ok
LA_D_5593819,18.242979049682617,18.253206253051758,ok
LA_D_5594622,14.6538724899292,14.654295921325684,ok
LA_D_5594965,13.533309936523438,13.5372953414917,ok
LA_D_5596835,12.634634971618652,12.634745597839355,ok
LA_D_5596855,16.18768310546875,16.18788719177246,ok
LA_D_5596917,13.527507781982422,13.528342247009277,ok
LA_D_5597058,14.900059700012207,14.904258728027344,ok
LA_D_5597072,12.357756614685059,12.359199523925781,ok
LA_D_5597126,10.459410667419434,10.464391708374023,ok
LA_D_5598437,9.739884376525879,9.743090629577637,ok
LA_D_5599035,11.636194229125977,11.637237548828125,ok
LA_D_5599281,15.904829978942871,15.905928611755371,ok
LA_D_5600729,18.470945358276367,18.482046127319336,ok
LA_D_5601935,15.706480026245117,15.717432022094727,ok
LA_D_5602174,7.276607513427734,7.278873920440674,ok
LA_D_5602437,11.63586139678955,11.635995864868164,ok
LA_D_5605656,14.447158813476562,14.448298454284668,ok
LA_D_5606948,16.180709838867188,16.18114471435547,ok
LA_D_5607232,14.727263450622559,14.731358528137207,ok
LA_D_5609165,17.685550689697266,17.686033248901367,ok
LA_D_5609423,16.682199478149414,16.686376571655273,ok
LA_D_5610125,13.765877723693848,13.768712043762207,ok
LA_D_5610893,6.4771952629089355,6.477237224578857,ok
LA_D_5611461,14.924904823303223,14.928162574768066,ok
LA_D_5611885,14.384207725524902,14.386297225952148,ok
LA_D_5612664,13.464387893676758,13.469285011291504,ok
LA_D_5612758,13.949212074279785,13.952813148498535,ok
LA_D_5613224,14.103094100952148,14.10469913482666,ok
LA_D_5613500,11.698408126831055,11.698552131652832,ok
LA_D_5613820,19.309524536132812,19.315263748168945,ok
LA_D_5614245,11.561535835266113,11.5619478225708,ok
LA_D_5614406,15.25876522064209,15.259391784667969,ok
LA_D_5615493,9.920218467712402,9.920232772827148,ok
LA_D_5616692,15.52581787109375,15.530081748962402,ok
LA_D_5617123,15.181120872497559,15.187429428100586,ok
LA_D_5617907,14.278712272644043,14.279438972473145,ok
LA_D_5621016,-0.9099137783050537,-0.9102758765220642,ok
LA_D_5621269,12.63787841796875,12.638452529907227,ok
LA_D_5621483,13.31722354888916,13.323486328125,ok
LA_D_5621900,14.759539604187012,14.761719703674316,ok
LA_D_5622630,13.255643844604492,13.256844520568848,ok
LA_D_5623014,15.3406400680542,15.34167194366455,ok
LA_D_5623022,8.175260543823242,8.17517375946045,ok
LA_D_5623559,-10.683216094970703,-10.683232307434082,ok
LA_D_5624531,14.700678825378418,14.703490257263184,ok
LA_D_5624856,14.45064640045166,14.452122688293457,ok
LA_D_5626492,21.116649627685547,21.121023178100586,ok
LA_D_5626564,15.570294380187988,15.571626663208008,ok
LA_D_5627177,11.18824291229248,11.190407752990723,ok
LA_D_5627497,19.71332550048828,19.72344207763672,ok
LA_D_5629187,7.1417694091796875,7.14312219619751,ok
LA_D_5629796,11.453523635864258,11.454541206359863,ok
LA_D_5630768,15.617143630981445,15.617274284362793,ok
LA_D_5631323,14.548972129821777,14.552948951721191,ok
LA_D_5631357,15.518765449523926,15.520757675170898,ok
LA_D_5631850,-12.8333740234375,-12.834463119506836,ok
LA_D_5633647,9.02183723449707,9.025954246520996,ok
LA_D_5634985,19.762958526611328,19.774539947509766,ok
LA_D_5635914,14.50359058380127,14.50629711151123,ok
LA_D_5636069,-14.36741828918457,-14.376191139221191,ok
LA_D_5637114,14.160893440246582,14.162487983703613,ok
LA_D_5637928,14.769501686096191,14.774048805236816,ok
LA_D_5637979,13.800384521484375,13.80067253112793,ok
LA_D_5639347,12.965919494628906,12.965993881225586,ok
LA_D_5639584,15.252617835998535,15.265356063842773,ok
LA_D_5642763,14.243910789489746,14.246167182922363,ok
LA_D_5643163,12.81631851196289,12.816338539123535,ok
LA_D_5644446,7.60787296295166,7.607875823974609,ok
LA_D_5646610,9.077829360961914,9.078587532043457,ok
LA_D_5647135,15.165876388549805,15.169074058532715,ok
LA_D_5647328,18.763824462890625,18.775968551635742,ok
LA_D_5647508,6.028054237365723,6.038471698760986,ok
LA_D_5648484,2.5334713459014893,2.5336976051330566,ok
LA_D_5651240,-13.475183486938477,-13.489480972290039,ok
LA_D_5651896,15.146958351135254,15.151482582092285,ok
LA_D_5652503,15.247288703918457,15.251835823059082,ok
LA_D_5653979,16.904552459716797,16.906484603881836,ok
LA_D_5654315,-6.755359172821045,-6.76552152633667,ok
LA_D_5654371,10.700519561767578,10.701668739318848,ok
LA_D_5654375,12.662613868713379,12.663124084472656,ok
LA_D_5655417,13.054901123046875,13.055766105651855,ok
LA_D_5656124,14.956090927124023,14.96052074432373,ok
LA_D_5657749,17.78183937072754,17.79262351989746,ok
LA_D_5657789,19.178781509399414,19.190767288208008,ok
LA_D_5658047,10.483527183532715,10.486322402954102,ok
LA_D_5659751,13.468873023986816,13.47124195098877,ok
LA_D_5660127,15.578214645385742,15.578299522399902,ok
LA_D_5661104,14.228325843811035,14.237397193908691,ok
LA_D_5661640,17.09775161743164,17.100557327270508,ok
LA_D_5661698,14.152406692504883,14.152669906616211,ok
LA_D_5662897,18.025562286376953,18.0330867767334,ok
LA_D_5663851,11.755208015441895,11.757006645202637,ok
LA_D_5664870,-14.637164115905762,-14.637733459472656,ok
LA_D_5665100,21.54752540588379,21.553686141967773,ok
LA_D_5665194,-14.952141761779785,-14.954215049743652,ok
LA_D_5668161,16.238733291625977,16.240259170532227,ok
LA_D_5669124,18.242904663085938,18.257640838623047,ok
LA_D_5671767,10.264354705810547,10.264532089233398,ok
LA_D_5673312,19.207006454467773,19.21094512939453,ok
LA_D_5673334,11.668560981750488,11.66894245147705,ok
LA_D_5673436,-12.573944091796875,-12.57444953918457,ok
LA_D_5673630,3.925522804260254,3.9259674549102783,ok
LA_D_5674798,10.999128341674805,11.005249977111816,ok
LA_D_5676897,-14.475663185119629,-14.47797966003418,ok
LA_D_5677611,6.090346813201904,6.089701175689697,ok
LA_D_5679192,11.94921875,11.950568199157715,ok
LA_D_5679699,15.844927787780762,15.844976425170898,ok
LA_D_5680161,14.542930603027344,14.546971321105957,ok
LA_D_5680395,12.70580005645752,12.707610130310059,ok
LA_D_5681705,13.49438762664795,13.496237754821777,ok
LA_D_5682188,15.95126724243164,15.955910682678223,ok
LA_D_5682398,17.612449645996094,17.62025260925293,ok
LA_D_5682639,13.909958839416504,13.911894798278809,ok
LA_D_5683175,14.342705726623535,14.34507942199707,ok
LA_D_5684092,14.966572761535645,14.967906951904297,ok
LA_D_5684697,4.238903999328613,4.23863410949707,ok
LA_D_5685369,16.275259017944336,16.27705192565918,ok
LA_D_5685998,12.020383834838867,12.023625373840332,ok
LA_D_5687626,9.375740051269531,9.37740421295166,ok
LA_D_5689198,14.465237617492676,14.465665817260742,ok
LA_D_5689576,13.604671478271484,13.605511665344238,ok
LA_D_5690287,14.818741798400879,14.821242332458496,ok
LA_D_5690727,17.220409393310547,17.221328735351562,ok
LA_D_5691072,-13.19601058959961,-13.196525573730469,ok
LA_D_5691372,13.483013153076172,13.485957145690918,ok
LA_D_5691756,7.515744686126709,7.5157341957092285,ok
LA_D_5693207,13.22236156463623,13.222811698913574,ok
LA_D_5693331,17.85082244873047,17.85086441040039,ok
LA_D_5695559,13.84992504119873,13.852184295654297,ok
LA_D_5695682,14.960444450378418,14.960844993591309,ok
LA_D_5695691,-13.230321884155273,-13.23131275177002,ok
LA_D_5697626,14.055425643920898,14.055602073669434,ok
LA_D_5697939,12.855324745178223,12.855517387390137,ok
LA_D_5697969,16.172475814819336,16.1726016998291,ok
LA_D_5698259,23.306655883789062,23.308198928833008,ok
LA_D_5698379,-12.726729393005371,-12.732880592346191,ok
LA_D_5699257,14.695241928100586,14.696976661682129,ok
LA_D_5699731,0.47754815220832825,0.47657477855682373,ok
LA_D_5700704,12.075752258300781,12.076881408691406,ok
LA_D_5702239,15.45036792755127,15.451430320739746,ok
LA_D_5702258,13.961750030517578,13.96274471282959,ok
LA_D_5702698,18.29443359375,18.297657012939453,ok
LA_D_5704173,11.656476020812988,11.656623840332031,ok
LA_D_5706448,13.179088592529297,13.179433822631836,ok
LA_D_5706472,17.89998435974121,17.90226936340332,ok
LA_D_5710236,21.077041625976562,21.082334518432617,ok
LA_D_5710259,11.8372802734375,11.837292671203613,ok
LA_D_5710714,12.254767417907715,12.255293846130371,ok
LA_D_5711305,16.0306453704834,16.036399841308594,ok
LA_D_5711351,8.014530181884766,8.013875961303711,ok
LA_D_5712427,13.722234725952148,13.722230911254883,ok
LA_D_5712604,14.208782196044922,14.209352493286133,ok
LA_D_5712684,-16.45565414428711,-16.45609474182129,ok
LA_D_5712950,16.2069034576416,16.208202362060547,ok
LA_D_5713062,12.834189414978027,12.837041854858398,ok
LA_D_5713417,14.286157608032227,14.295045852661133,ok
LA_D_5713865,17.385841369628906,17.39177703857422,ok
LA_D_5714169,13.966495513916016,13.96942138671875,ok
LA_D_5715212,8.92254638671875,8.922696113586426,ok
LA_D_5715402,17.65757942199707,17.6602725982666,ok
LA_D_5716651,18.381153106689453,18.38215446472168,ok
LA_D_5716855,13.286283493041992,13.287177085876465,ok
LA_D_5717327,16.024539947509766,16.029027938842773,ok
LA_D_5718984,17.249204635620117,17.251888275146484,ok
LA_D_5719323,-8.764507293701172,-8.764816284179688,ok
LA_D_5719332,12.311203002929688,12.313509941101074,ok
LA_D_5721193,12.992476463317871,12.993905067443848,ok
LA_D_5723098,12.857853889465332,12.8674955368042,ok
LA_D_5723608,10.50793743133545,10.507901191711426,ok
LA_D_5723701,5.824746131896973,5.82483434677124,ok
LA_D_5724728,-14.205373764038086,-14.208491325378418,ok
LA_D_5724957,15.806463241577148,15.806714057922363,ok
LA_D_5725878,-8.482192039489746,-8.482882499694824,ok
LA_D_5726307,15.894375801086426,15.897065162658691,ok
LA_D_5726814,12.97274398803711,12.972723960876465,ok
LA_D_5727251,17.76119041442871,17.762866973876953,ok
LA_D_5728642,18.231035232543945,18.236825942993164,ok
LA_D_5729926,14.004446029663086,14.004690170288086,ok
LA_D_5730320,23.333477020263672,23.341835021972656,ok
LA_D_5731221,11.538019180297852,11.539597511291504,ok
LA_D_5731514,9.690471649169922,9.691149711608887,ok
LA_D_5732035,17.60274314880371,17.60358238220215,ok
LA_D_5732655,18.272415161132812,18.27286720275879,ok
LA_D_5733338,16.376482009887695,16.38191795349121,ok
LA_D_5734083,14.390822410583496,14.399020195007324,ok
LA_D_5734480,-15.000481605529785,-15.001263618469238,ok
LA_D_5734535,14.188557624816895,14.190518379211426,ok
LA_D_5735487,16.40340232849121,16.40878677368164,ok
LA_D_5735559,17.663774490356445,17.667295455932617,ok
LA_D_5735922,21.509017944335938,21.521081924438477,ok
LA_D_5736677,19.74571418762207,19.753236770629883,ok
LA_D_5736694,16.379314422607422,16.388099670410156,ok
LA_D_5737035,16.9198055267334,16.921321868896484,ok
LA_D_5737273,20.757354736328125,20.7587890625,ok
LA_D_5737796,13.196776390075684,13.199429512023926,ok
LA_D_5737966,12.640138626098633,12.640128135681152,ok
LA_D_5738684,14.526728630065918,14.527861595153809,ok
LA_D_5738833,13.069930076599121,13.069973945617676,ok
LA_D_5741681,18.21175765991211,18.21175193786621,ok
LA_D_5742424,12.842933654785156,12.844182014465332,ok
LA_D_5742561,16.950420379638672,16.95278549194336,ok
LA_D_5742661,11.569717407226562,11.569930076599121,ok
LA_D_5743533,10.465267181396484,10.465288162231445,ok
LA_D_5743745,15.84278392791748,15.844482421875,ok
LA_D_5744723,20.58253288269043,20.607755661010742,ok
LA_D_5746789,16.0235595703125,16.028738021850586,ok
LA_D_5747580,-13.139970779418945,-13.142050743103027,ok
LA_D_5747601,15.963736534118652,15.9678955078125,ok
LA_D_5748042,12.966416358947754,12.9681978225708,ok
LA_D_5751531,12.160858154296875,12.162476539611816,ok
LA_D_5751891,17.735803604125977,17.738801956176758,ok
LA_D_5752206,16.471548080444336,16.482812881469727,ok
LA_D_5752437,14.899384498596191,14.911913871765137,ok
LA_D_5752916,13.259812355041504,13.260064125061035,ok
LA_D_5754462,14.912206649780273,14.916041374206543,ok
LA_D_5755154,13.134854316711426,13.135586738586426,ok
LA_D_5755194,12.8721284866333,12.873000144958496,ok
LA_D_5755628,18.448530197143555,18.449007034301758,ok
LA_D_5756079,14.269913673400879,14.277409553527832,ok
LA_D_5758976,-13.605711936950684,-13.608968734741211,ok
LA_D_5759383,-11.686628341674805,-11.689330101013184,ok
LA_D_5760810,12.864485740661621,12.864521980285645,ok
LA_D_5761294,1.734266996383667,1.7369592189788818,ok
LA_D_5761885,18.345001220703125,18.365148544311523,ok
LA_D_5763453,-3.733354091644287,-3.736574649810791,ok
LA_D_5763793,11.116761207580566,11.119889259338379,ok
LA_D_5765155,15.024015426635742,15.031203269958496,ok
LA_D_5765277,9.110546112060547,9.11142635345459,ok
LA_D_5765948,12.085516929626465,12.087929725646973,ok
LA_D_5767805,18.619369506835938,18.62805938720703,ok
LA_D_5769133,-12.870200157165527,-12.871872901916504,ok
LA_D_5769169,12.852250099182129,12.852316856384277,ok
LA_D_5769309,19.10785484313965,19.10883903503418,ok
LA_D_5770185,-13.972938537597656,-13.976054191589355,ok
LA_D_5770424,8.104887962341309,8.104952812194824,ok
LA_D_5771160,12.789761543273926,12.79105281829834,ok
LA_D_5772488,18.26116371154785,18.26676368713379,ok
LA_D_5774345,9.318229675292969,9.319055557250977,ok
LA_D_5774989,-14.6016845703125,-14.603654861450195,ok
LA_D_5776830,17.822303771972656,17.8238525390625,ok
LA_D_5779022,10.68661117553711,10.686575889587402,ok
LA_D_5779977,-8.551494598388672,-8.55190658569336,ok
LA_D_5781241,11.733132362365723,11.737192153930664,ok
LA_D_5781617,9.919363021850586,9.919404029846191,ok
LA_D_5782359,12.506230354309082,12.508454322814941,ok
LA_D_5786164,12.507680892944336,12.507678031921387,ok
LA_D_5786237,-12.231162071228027,-12.232243537902832,ok
LA_D_5788523,12.515684127807617,12.515707015991211,ok
LA_D_5788830,12.756877899169922,12.759005546569824,ok
LA_D_5789585,18.788972854614258,18.794553756713867,ok
LA_D_5789727,13.048251152038574,13.048781394958496,ok
LA_D_5790394,-3.714989185333252,-3.717738628387451,ok
LA_D_5790567,-10.373108863830566,-10.376206398010254,ok
LA_D_5791316,14.96057415008545,14.968810081481934,ok
LA_D_5791423,10.559773445129395,10.56379222869873,ok
LA_D_5792148,11.442748069763184,11.443018913269043,ok
LA_D_5793111,11.316386222839355,11.316451072692871,ok
LA_D_5794620,-14.973763465881348,-14.97815227508545,ok
LA_D_5795353,9.771586418151855,9.77193546295166,ok
LA_D_5796246,-14.273923873901367,-14.274920463562012,ok
LA_D_5796502,16.349699020385742,16.358781814575195,ok
LA_D_5798590,16.560989379882812,16.561857223510742,ok
LA_D_5799657,15.450998306274414,15.453170776367188,ok
LA_D_5800550,15.891282081604004,15.896391868591309,ok
LA_D_5800838,9.203839302062988,9.203890800476074,ok
LA_D_5800896,16.330211639404297,16.331968307495117,ok
LA_D_5801020,17.952165603637695,17.95393180847168,ok
LA_D_5802664,15.021780014038086,15.023646354675293,ok
LA_D_5803007,15.454744338989258,15.456144332885742,ok
LA_D_5803857,13.293272972106934,13.295634269714355,ok
LA_D_5804847,12.775033950805664,12.778433799743652,ok
LA_D_5805227,15.860166549682617,15.863730430603027,ok
LA_D_5805258,15.32972240447998,15.332026481628418,ok
LA_D_5805679,9.895455360412598,9.898863792419434,ok
LA_D_5806432,15.919490814208984,15.925835609436035,ok
LA_D_5806611,-9.86213207244873,-9.862449645996094,ok
LA_D_5808200,0.604526937007904,0.6050028204917908,ok
LA_D_5809176,15.081009864807129,15.082852363586426,ok
LA_D_5809254,-12.637432098388672,-12.649374961853027,ok
LA_D_5810774,12.009154319763184,12.012595176696777,ok
LA_D_5811636,13.901564598083496,13.905732154846191,ok
LA_D_5812356,10.802224159240723,10.80366039276123,ok
LA_D_5813568,15.5300874710083,15.537787437438965,ok
LA_D_5814298,14.883769989013672,14.885281562805176,ok
LA_D_5815871,10.902584075927734,10.904881477355957,ok
LA_D_5815879,11.929430961608887,11.930323600769043,ok
LA_D_5817478,17.567935943603516,17.570951461791992,ok
LA_D_5817787,5.413671493530273,5.414975166320801,ok
LA_D_5818741,18.344623565673828,18.345518112182617,ok
LA_D_5819339,15.303496360778809,15.304438591003418,ok
LA_D_5819741,12.458078384399414,12.45827865600586,ok
LA_D_5820637,9.542698860168457,9.54271411895752,ok
LA_D_5821269,14.232675552368164,14.233023643493652,ok
LA_D_5822388,3.8028502464294434,3.8029279708862305,ok
LA_D_5822586,12.274271011352539,12.27442455291748,ok
LA_D_5824362,14.586338996887207,14.58847713470459,ok
LA_D_5824879,23.894344329833984,23.912771224975586,ok
LA_D_5824998,-10.0335054397583,-10.035942077636719,ok
LA_D_5825167,17.169649124145508,17.171937942504883,ok
LA_D_5825711,-12.836535453796387,-12.83741283416748,ok
LA_D_5826732,11.685420036315918,11.685324668884277,ok
LA_D_5826748,11.875866889953613,11.876226425170898,ok
LA_D_5827420,9.64339542388916,9.643460273742676,ok
LA_D_5828981,13.492454528808594,13.493258476257324,ok
LA_D_5830215,16.846073150634766,16.847347259521484,ok
LA_D_5830923,20.030170440673828,20.032024383544922,ok
LA_D_5831724,16.883934020996094,16.886444091796875,ok
LA_D_5832271,16.074960708618164,16.076221466064453,ok
LA_D_5832702,14.982047080993652,14.982952117919922,ok
LA_D_5833231,-15.665702819824219,-15.666549682617188,ok
LA_D_5834045,15.918132781982422,15.918456077575684,ok
LA_D_5834157,-14.32610034942627,-14.333346366882324,ok
LA_D_5834232,19.526817321777344,19.53150749206543,ok
LA_D_5834246,11.546630859375,11.551777839660645,ok
LA_D_5834907,11.759875297546387,11.76573657989502,ok
LA_D_5835778,12.557165145874023,12.558074951171875,ok
LA_D_5835948,13.131392478942871,13.132058143615723,ok
LA_D_5836628,13.808317184448242,13.808876991271973,ok
LA_D_5837845,13.728964805603027,13.729289054870605,ok
LA_D_5838098,16.587974548339844,16.588706970214844,ok
LA_D_5838500,17.97768783569336,17.97852897644043,ok
LA_D_5838540,-13.176608085632324,-13.177374839782715,ok
LA_D_5839530,15.212565422058105,15.213187217712402,ok
LA_D_5839621,6.92161750793457,6.922220230102539,ok
LA_D_5840187,12.087650299072266,12.08935260772705,ok
LA_D_5841055,10.076845169067383,10.076881408691406,ok
LA_D_5841267,-15.177058219909668,-15.17746639251709,ok
LA_D_5841342,15.869609832763672,15.87193489074707,ok
LA_D_5841697,11.808856010437012,11.80932331085205,ok
LA_D_5842927,10.883214950561523,10.886009216308594,ok
LA_D_5844214,6.887205123901367,6.886940956115723,ok
LA_D_5844846,10.804932594299316,10.804930686950684,ok
LA_D_5845529,16.884891510009766,16.886409759521484,ok
LA_D_5846104,-12.539961814880371,-12.54197883605957,ok
LA_D_5847069,15.472236633300781,15.475089073181152,ok
LA_D_5847801,13.434054374694824,13.437362670898438,ok
LA_D_5848108,13.970244407653809,13.970555305480957,ok
LA_D_5849098,12.922896385192871,12.934075355529785,ok
LA_D_5849476,15.149185180664062,15.153412818908691,ok
LA_D_5849620,12.437826156616211,12.439933776855469,ok
LA_D_5850460,10.973344802856445,10.973910331726074,ok
LA_D_5851479,18.63266944885254,18.638349533081055,ok
LA_D_5853595,12.076055526733398,12.076920509338379,ok
LA_D_5854092,12.41909122467041,12.419602394104004,ok
LA_D_5854347,13.069903373718262,13.070331573486328,ok
LA_D_5854712,12.046902656555176,12.0526704788208,ok
LA_D_5855173,11.221489906311035,11.223639488220215,ok
LA_D_5855679,17.795246124267578,17.79695701599121,ok
LA_D_5856383,8.343073844909668,8.343159675598145,ok
LA_D_5856426,14.962326049804688,14.962555885314941,ok
LA_D_5856691,12.966306686401367,12.972859382629395,ok
LA_D_5857128,14.493205070495605,14.495246887207031,ok
LA_D_5858013,9.852181434631348,9.852593421936035,ok
LA_D_5858787,9.390913963317871,9.389994621276855,ok
LA_D_5858893,11.285579681396484,11.288553237915039,ok
LA_D_5859057,14.123560905456543,14.124940872192383,ok
LA_D_5861399,12.822025299072266,12.822041511535645,ok
LA_D_5861749,12.637665748596191,12.637551307678223,ok
LA_D_5863016,12.61661434173584,12.618420600891113,ok
LA_D_5863611,-11.839097023010254,-11.840458869934082,ok
LA_D_5863762,13.502168655395508,13.502906799316406,ok
LA_D_5865733,13.5536527633667,13.553658485412598,ok
LA_D_5866255,17.987445831298828,17.991212844848633,ok
LA_D_5866849,11.220675468444824,11.220831871032715,ok
LA_D_5866992,16.125518798828125,16.126962661743164,ok
LA_D_5867269,7.907255172729492,7.907264709472656,ok
LA_D_5867393,13.875040054321289,13.876032829284668,ok
LA_D_5868407,-13.130910873413086,-13.131087303161621,ok
LA_D_5869640,17.66786766052246,17.66991424560547,ok
LA_D_5870140,14.240629196166992,14.242538452148438,ok
LA_D_5871349,13.754537582397461,13.754668235778809,ok
LA_D_5871402,16.789857864379883,16.796356201171875,ok
LA_D_5871485,18.363506317138672,18.365327835083008,ok
LA_D_5872598,17.327369689941406,17.33668327331543,ok
LA_D_5873514,9.315311431884766,9.315311431884766,ok
LA_D_5873604,15.74991226196289,15.75145149230957,ok
LA_D_5873758,11.518937110900879,11.522448539733887,ok
LA_D_5873832,16.06595230102539,16.06633186340332,ok
LA_D_5874054,10.765144348144531,10.765742301940918,ok
LA_D_5874196,14.50711727142334,14.510405540466309,ok
LA_D_5874425,12.304245948791504,12.305472373962402,ok
LA_D_5875439,16.405479431152344,16.406497955322266,ok
LA_D_5875499,15.523151397705078,15.52596664428711,ok
LA_D_5875987,13.941391944885254,13.944381713867188,ok
LA_D_5876621,16.177352905273438,16.178266525268555,ok
LA_D_5878266,16.88764762878418,16.890884399414062,ok
LA_D_5878616,13.67918586730957,13.679965019226074,ok
LA_D_5879570,-14.15841007232666,-14.163750648498535,ok
LA_D_5880856,14.41609001159668,14.417275428771973,ok
LA_D_5881167,12.938579559326172,12.940086364746094,ok
LA_D_5881442,10.946969032287598,10.947016716003418,ok
LA_D_5882342,14.56943130493164,14.575782775878906,ok
LA_D_5882834,11.06631851196289,11.067842483520508,ok
LA_D_5884456,11.746868133544922,11.748295783996582,ok
LA_D_5885239,13.157964706420898,13.159377098083496,ok
LA_D_5886832,12.852560997009277,12.852961540222168,ok
LA_D_5887076,13.740316390991211,13.740482330322266,ok
LA_D_5888899,9.366480827331543,9.366612434387207,ok
LA_D_5889135,15.683876037597656,15.68885326385498,ok
LA_D_5889358,20.919326782226562,20.923734664916992,ok
LA_D_5889397,11.403583526611328,11.404326438903809,ok
LA_D_5890209,10.990365028381348,10.990376472473145,ok
LA_D_5890290,12.146231651306152,12.147547721862793,ok
LA_D_5891155,14.998364448547363,15.000611305236816,ok
LA_D_5891453,-12.163615226745605,-12.167162895202637,ok
LA_D_5891869,15.946919441223145,15.946904182434082,ok
LA_D_5893651,13.420517921447754,13.420671463012695,ok
LA_D_5893732,16.116317749023438,16.127294540405273,ok
LA_D_5894140,8.239062309265137,8.239209175109863,ok
LA_D_5895018,15.325650215148926,15.32542896270752,ok
LA_D_5895216,15.604866981506348,15.607292175292969,ok
LA_D_5897281,17.084503173828125,17.084745407104492,ok
LA_D_5897721,15.651037216186523,15.661815643310547,ok
LA_D_5897761,12.980470657348633,12.98117446899414,ok
LA_D_5898202,8.766727447509766,8.76686954498291,ok
LA_D_5898234,-12.946657180786133,-12.94725513458252,ok
LA_D_5899377,8.007213592529297,8.007120132446289,ok
LA_D_5899837,12.14893627166748,12.149560928344727,ok
LA_D_5900756,12.452657699584961,12.452666282653809,ok
LA_D_5901105,12.704652786254883,12.706761360168457,ok
LA_D_5901190,16.782684326171875,16.784151077270508,ok
LA_D_5901525,13.933470726013184,13.934532165527344,ok
LA_D_5902939,16.196613311767578,16.202688217163086,ok
LA_D_5903262,14.407099723815918,14.409219741821289,ok
LA_D_5903873,-10.753730773925781,-10.755359649658203,ok
LA_D_5905554,14.366989135742188,14.375617027282715,ok
LA_D_5905737,10.868903160095215,10.871659278869629,ok
LA_D_5907805,14.229636192321777,14.23862361907959,ok
LA_D_5908876,15.624533653259277,15.626177787780762,ok
LA_D_5909772,13.7015962600708,13.703999519348145,ok
LA_D_5909916,14.964323997497559,14.97636890411377,ok
LA_D_5909998,18.813623428344727,18.817934036254883,ok
LA_D_5910081,14.648268699645996,14.648920059204102,ok
LA_D_5911892,9.361235618591309,9.360940933227539,ok
LA_D_5912421,14.849126815795898,14.851438522338867,ok
LA_D_5913608,15.189485549926758,15.190808296203613,ok
LA_D_5914226,12.354443550109863,12.355424880981445,ok
LA_D_5914572,15.460899353027344,15.461323738098145,ok
LA_D_5915443,16.956802368164062,16.9597225189209,ok
LA_D_5915454,14.093667984008789,14.096453666687012,ok
LA_D_5917934,15.818879127502441,15.820039749145508,ok
LA_D_5918137,9.263200759887695,9.26359748840332,ok
LA_D_5918268,13.687302589416504,13.689587593078613,ok
LA_D_5918480,13.906513214111328,13.914664268493652,ok
LA_D_5918498,14.942167282104492,14.943655967712402,ok
LA_D_5919154,13.538132667541504,13.53954792022705,ok
LA_D_5921230,13.453349113464355,13.460402488708496,ok
LA_D_5921937,15.226226806640625,15.226813316345215,ok
LA_D_5922375,14.41052532196045,14.41334342956543,ok
LA_D_5924199,9.061086654663086,9.06118106842041,ok
LA_D_5925557,-11.537827491760254,-11.54149055480957,ok
LA_D_5925659,-11.682924270629883,-11.682995796203613,ok
LA_D_5926059,9.918985366821289,9.918652534484863,ok
LA_D_5926484,17.879304885864258,17.87940788269043,ok
LA_D_5927325,12.800135612487793,12.801003456115723,ok
LA_D_5927388,-14.865913391113281,-14.867770195007324,ok
LA_D_5927782,22.63777732849121,22.6401309967041,ok
LA_D_5929796,3.943554639816284,3.9424545764923096,ok
LA_D_5930167,14.29508113861084,14.298717498779297,ok
LA_D_5931137,16.401769638061523,16.40683937072754,ok
LA_D_5931445,18.012052536010742,18.025041580200195,ok
LA_D_5931696,12.045440673828125,12.04589557647705,ok
LA_D_5932598,10.99101448059082,10.991026878356934,ok
LA_D_5932613,-11.854228973388672,-11.86330509185791,ok
LA_D_5932720,8.446263313293457,8.446398735046387,ok
LA_D_5934154,15.338591575622559,15.339103698730469,ok
LA_D_5934239,13.230788230895996,13.234808921813965,ok
LA_D_5934426,-15.366796493530273,-15.367571830749512,ok
LA_D_5934440,7.646775722503662,7.647580623626709,ok
LA_D_5935284,16.214380264282227,16.215391159057617,ok
LA_D_5936355,8.935918807983398,8.93607234954834,ok
LA_D_5937021,9.16089153289795,9.174055099487305,ok
LA_D_5937369,9.452951431274414,9.453070640563965,ok
LA_D_5938241,15.886589050292969,15.888077735900879,ok
LA_D_5939156,15.356836318969727,15.35970687866211,ok
LA_D_5940165,15.357458114624023,15.358736991882324,ok
LA_D_5940340,7.890011310577393,7.895413875579834,ok
LA_D_5940767,15.80754566192627,15.833686828613281,ok
LA_D_5940824,22.449604034423828,22.45140266418457,ok
LA_D_5944292,10.343405723571777,10.344473838806152,ok
LA_D_5945248,23.3435001373291,23.352828979492188,ok
LA_D_5945817,6.969913482666016,6.969940662384033,ok
LA_D_5947257,-14.370657920837402,-14.37398910522461,ok
LA_D_5948278,18.140926361083984,18.14177131652832,ok
LA_D_5948925,10.736621856689453,10.741074562072754,ok
LA_D_5950523,16.57998275756836,16.583621978759766,ok
LA_D_5952548,-7.727791786193848,-7.729123115539551,ok
LA_D_5952895,12.369794845581055,12.37415885925293,ok
LA_D_5953510,16.687707901000977,16.694684982299805,ok
LA_D_5953565,14.243830680847168,14.244902610778809,ok
LA_D_5954148,11.591742515563965,11.591948509216309,ok
LA_D_5954862,15.609939575195312,15.610730171203613,ok
LA_D_5955756,15.776806831359863,15.77699089050293,ok
LA_D_5957373,14.081327438354492,14.083048820495605,ok
LA_D_5958463,18.5501651763916,18.552900314331055,ok
LA_D_5958767,15.470458030700684,15.471697807312012,ok
LA_D_5959072,12.481295585632324,12.481297492980957,ok
LA_D_5959728,12.738813400268555,12.738425254821777,ok
LA_D_5960315,8.785080909729004,8.785310745239258,ok
LA_D_5960511,11.2954740524292,11.29549503326416,ok
LA_D_5961259,16.944602966308594,16.945587158203125,ok
LA_D_5961603,13.486035346984863,13.486771583557129,ok
LA_D_5961859,17.86504554748535,17.86656379699707,ok
LA_D_5962580,-14.439189910888672,-14.442460060119629,ok
LA_D_5962786,10.554959297180176,10.561101913452148,ok
LA_D_5965400,9.999120712280273,9.999104499816895,ok
LA_D_5965871,15.40074348449707,15.400514602661133,ok
LA_D_5966088,12.319435119628906,12.322213172912598,ok
LA_D_5966111,12.860750198364258,12.860833168029785,ok
LA_D_5966896,14.044716835021973,14.046721458435059,ok
LA_D_5967483,5.640181541442871,5.643685817718506,ok
LA_D_5968191,14.137903213500977,14.14184856414795,ok
LA_D_5970267,12.581976890563965,12.586338996887207,ok
LA_D_5972086,-5.755831241607666,-5.755879878997803,ok
LA_D_5972627,-14.478255271911621,-14.478772163391113,ok
LA_D_5972830,15.483867645263672,15.48408031463623,ok
LA_D_5973374,11.223587989807129,11.225486755371094,ok
LA_D_5974398,15.84900188446045,15.849547386169434,ok
LA_D_5974456,21.396181106567383,21.401948928833008,ok
LA_D_5974545,13.071819305419922,13.07254695892334,ok
LA_D_5975736,17.802030563354492,17.808748245239258,ok
LA_D_5975960,17.24697494506836,17.248411178588867,ok
LA_D_5977520,17.808666229248047,17.811769485473633,ok
LA_D_5981243,18.651287078857422,18.655479431152344,ok
LA_D_5981705,13.121432304382324,13.128767967224121,ok
LA_D_5982804,14.079019546508789,14.080798149108887,ok
LA_D_5985415,13.537487030029297,13.53740406036377,ok
LA_D_5985635,17.13779067993164,17.140871047973633,ok
LA_D_5986166,13.792332649230957,13.792468070983887,ok
LA_D_5986701,14.263222694396973,14.263598442077637,ok
LA_D_5989901,15.906004905700684,15.908745765686035,ok
LA_D_5991498,15.668780326843262,15.669995307922363,ok
LA_D_5991520,15.121940612792969,15.125800132751465,ok
LA_D_5991891,13.609660148620605,13.612513542175293,ok
LA_D_5992495,9.099903106689453,9.106101036071777,ok
LA_D_5996371,12.72260856628418,12.72373104095459,ok
LA_D_5997151,15.181649208068848,15.183298110961914,ok
LA_D_5998708,18.678909301757812,18.686796188354492,ok
LA_D_6000442,12.033087730407715,12.03542709350586,ok
LA_D_6000471,17.298494338989258,17.299814224243164,ok
LA_D_6001078,15.992947578430176,15.99642276763916,ok
LA_D_6001607,14.008482933044434,14.008885383605957,ok
LA_D_6001731,15.851272583007812,15.852537155151367,ok
LA_D_6002746,19.22172737121582,19.227216720581055,ok
LA_D_6003803,12.685400009155273,12.686235427856445,ok
LA_D_6004306,13.36418342590332,13.365939140319824,ok
LA_D_6004323,12.608220100402832,12.609716415405273,ok
LA_D_6004959,15.916996955871582,15.918601036071777,ok
LA_D_6005916,-14.148097038269043,-14.148283958435059,ok
LA_D_6008941,-11.225137710571289,-11.232792854309082,ok
LA_D_6009636,15.421571731567383,15.430032730102539,ok
LA_D_6011658,14.166654586791992,14.1669282913208,ok
LA_D_6013126,-11.662346839904785,-11.662423133850098,ok
LA_D_6013665,17.348779678344727,17.363176345825195,ok
LA_D_6013990,15.417762756347656,15.422711372375488,ok
LA_D_6015629,19.68817138671875,19.690752029418945,ok
LA_D_6016215,-3.164921283721924,-3.1659631729125977,ok
LA_D_6016576,22.17073631286621,22.177547454833984,ok
LA_D_6017131,17.446575164794922,17.454565048217773,ok
LA_D_6018250,10.342536926269531,10.349730491638184,ok
LA_D_6018972,12.179877281188965,12.180113792419434,ok
LA_D_6019558,14.442281723022461,14.450063705444336,ok
LA_D_6020080,16.938589096069336,16.940778732299805,ok
LA_D_6020277,8.056098937988281,8.057361602783203,ok
LA_D_6020756,8.135834693908691,8.135926246643066,ok
LA_D_6021297,15.013763427734375,15.01771068572998,ok
LA_D_6021341,11.14163589477539,11.142102241516113,ok
LA_D_6022629,-1.9398491382598877,-1.9439376592636108,ok
LA_D_6022964,13.686939239501953,13.688142776489258,ok
LA_D_6023359,16.22655487060547,16.246047973632812,ok
LA_D_6024993,11.383038520812988,11.383488655090332,ok
LA_D_6025730,10.370261192321777,10.370718955993652,ok
LA_D_6026070,16.006093978881836,16.00807762145996,ok
LA_D_6026073,17.095401763916016,17.109981536865234,ok
LA_D_6027499,14.30478286743164,14.31116771697998,ok
LA_D_6027798,-14.887393951416016,-14.892374992370605,ok
LA_D_6028528,14.204577445983887,14.213053703308105,ok
LA_D_6028756,11.850757598876953,11.850852012634277,ok
LA_D_6029420,15.44924259185791,15.452472686767578,ok
LA_D_6032630,-15.613845825195312,-15.617024421691895,ok
LA_D_6032690,17.736148834228516,17.7402286529541,ok
LA_D_6033416,14.458662986755371,14.45949649810791,ok
LA_D_6035078,6.501053810119629,6.501608371734619,ok
LA_D_6035108,14.26539134979248,14.278890609741211,ok
LA_D_6036733,14.144342422485352,14.148207664489746,ok
LA_D_6037279,15.100150108337402,15.100595474243164,ok
LA_D_6038131,16.317041397094727,16.321142196655273,ok
LA_D_6038912,13.995762825012207,13.996163368225098,ok
LA_D_6039051,13.05738353729248,13.057449340820312,ok
LA_D_6040176,7.413743019104004,7.419169902801514,ok
LA_D_6043277,-6.825221061706543,-6.825594425201416,ok
LA_D_6043519,-14.835674285888672,-14.836596488952637,ok
LA_D_6045245,18.195707321166992,18.19808578491211,ok
LA_D_6046406,-16.036474227905273,-16.036733627319336,ok
LA_D_6046443,11.833653450012207,11.833168983459473,ok
LA_D_6047115,10.970625877380371,10.970866203308105,ok
LA_D_6048851,11.760425567626953,11.76069164276123,ok
LA_D_6049791,14.074678421020508,14.075911521911621,ok
LA_D_6051475,14.422423362731934,14.425068855285645,ok
LA_D_6052126,14.273919105529785,14.278996467590332,ok
LA_D_6052360,14.717963218688965,14.729860305786133,ok
LA_D_6052530,20.333229064941406,20.3461971282959,ok
LA_D_6053770,15.252033233642578,15.25987434387207,ok
LA_D_6054337,12.37429428100586,12.374539375305176,ok
LA_D_6055459,9.157980918884277,9.160405158996582,ok
LA_D_6056258,10.455130577087402,10.457266807556152,ok
LA_D_6059094,18.72977066040039,18.732633590698242,ok
LA_D_6060308,4.959656238555908,4.959670543670654,ok
LA_D_6060748,13.931727409362793,13.932488441467285,ok
LA_D_6060780,15.160118103027344,15.161595344543457,ok
LA_D_6062114,18.574764251708984,18.58464241027832,ok
LA_D_6062316,9.051554679870605,9.051581382751465,ok
LA_D_6063219,13.859009742736816,13.866134643554688,ok
LA_D_6064218,-14.60118579864502,-14.604859352111816,ok
LA_D_6064341,8.582048416137695,8.583456993103027,ok
LA_D_6065429,8.465576171875,8.465680122375488,ok
LA_D_6068075,-13.57581615447998,-13.577165603637695,ok
LA_D_6070172,13.769031524658203,13.770792961120605,ok
LA_D_6071593,14.678007125854492,14.678349494934082,ok
LA_D_6073207,17.15911293029785,17.16196632385254,ok
LA_D_6073354,-15.930561065673828,-15.931445121765137,ok
LA_D_6073856,19.347299575805664,19.34861183166504,ok
LA_D_6078000,10.046148300170898,10.048829078674316,ok
LA_D_6078362,14.405390739440918,14.40792179107666,ok
LA_D_6078371,13.958822250366211,13.962702751159668,ok
LA_D_6079595,14.768332481384277,14.769804000854492,ok
LA_D_6079609,11.408661842346191,11.410311698913574,ok
LA_D_6080461,19.023530960083008,19.02606201171875,ok
LA_D_6081377,16.010425567626953,16.01054573059082,ok
LA_D_6081678,-4.933267116546631,-4.933460712432861,ok
LA_D_6083224,12.989048957824707,12.989059448242188,ok
LA_D_6084356,15.23834228515625,15.239768028259277,ok
LA_D_6084402,10.85982608795166,10.860570907592773,ok
LA_D_6084753,13.21451473236084,13.216161727905273,ok
LA_D_6085002,-7.151834964752197,-7.151925086975098,ok
LA_D_6085681,9.735711097717285,9.737133979797363,ok
LA_D_6086453,14.730732917785645,14.732314109802246,ok
LA_D_6087767,14.288987159729004,14.291213035583496,ok
LA_D_6087781,12.700871467590332,12.70468521118164,ok
LA_D_6088761,15.65953254699707,15.659417152404785,ok
LA_D_6090760,16.399681091308594,16.406938552856445,ok
LA_D_6091182,9.791221618652344,9.791285514831543,ok
LA_D_6092752,-12.317096710205078,-12.31726360321045,ok
LA_D_6093121,11.412153244018555,11.423952102661133,ok
LA_D_6093454,15.827641487121582,15.829297065734863,ok
LA_D_6093649,15.215387344360352,15.215500831604004,ok
LA_D_6095686,16.06309700012207,16.06913185119629,ok
LA_D_6096386,16.112232208251953,16.113588333129883,ok
LA_D_6096734,17.536861419677734,17.53752326965332,ok
LA_D_6097312,15.531877517700195,15.534095764160156,ok
LA_D_6097465,16.624401092529297,16.626068115234375,ok
LA_D_6097564,16.879013061523438,16.879396438598633,ok
LA_D_6098242,11.736127853393555,11.736603736877441,ok
LA_D_6099244,18.01979637145996,18.020795822143555,ok
LA_D_6100016,7.919037342071533,7.919121742248535,ok
LA_D_6103118,14.95383358001709,14.964163780212402,ok
LA_D_6103320,17.81157112121582,17.811582565307617,ok
LA_D_6105321,11.599458694458008,11.599732398986816,ok
LA_D_6105514,11.632795333862305,11.633481979370117,ok
LA_D_6105901,13.14207649230957,13.142241477966309,ok
LA_D_6107290,13.310382843017578,13.310738563537598,ok
LA_D_6108925,16.773841857910156,16.784120559692383,ok
LA_D_6111501,13.052289009094238,13.054570198059082,ok
LA_D_6112086,10.177117347717285,10.177205085754395,ok
LA_D_6112353,12.988919258117676,12.989083290100098,ok
LA_D_6113422,17.187929153442383,17.190052032470703,ok
LA_D_6113648,17.380474090576172,17.390148162841797,ok
LA_D_6113830,8.704658508300781,8.716297149658203,ok
LA_D_6113951,16.553932189941406,16.55925941467285,ok
LA_D_6114748,15.951613426208496,15.953126907348633,ok
LA_D_6115335,13.552667617797852,13.55642032623291,ok
LA_D_6115657,14.431245803833008,14.431707382202148,ok
LA_D_6115922,14.970213890075684,14.972176551818848,ok
LA_D_6116293,9.549012184143066,9.551800727844238,ok
LA_D_6116905,11.357243537902832,11.357953071594238,ok
LA_D_6117748,-14.36282730102539,-14.367103576660156,ok
LA_D_6120066,16.773380279541016,16.77761459350586,ok
LA_D_6120152,-14.106738090515137,-14.106823921203613,ok
LA_D_6121156,13.676934242248535,13.679171562194824,ok
LA_D_6123683,13.263327598571777,13.263919830322266,ok
LA_D_6124016,17.308879852294922,17.313953399658203,ok
LA_D_6124472,15.359131813049316,15.360686302185059,ok
LA_D_6124905,-14.34152889251709,-14.349764823913574,ok
LA_D_6125461,18.52547836303711,18.525888442993164,ok
LA_D_6126827,8.68290901184082,8.68294620513916,ok
LA_D_6127252,13.060484886169434,13.060752868652344,ok
LA_D_6127270,14.588238716125488,14.593352317810059,ok
LA_D_6127324,10.729257583618164,10.728997230529785,ok
LA_D_6127867,12.099101066589355,12.099196434020996,ok
LA_D_6128648,8.370538711547852,8.37072467803955,ok
LA_D_6129031,14.424574851989746,14.425056457519531,ok
LA_D_6129214,11.896599769592285,11.899090766906738,ok
LA_D_6131631,14.632158279418945,14.632097244262695,ok
LA_D_6131696,10.878294944763184,10.878703117370605,ok
LA_D_6132532,17.823949813842773,17.82472801208496,ok
LA_D_6135335,10.201095581054688,10.2023344039917,ok
LA_D_6135553,18.168367385864258,18.178442001342773,ok
LA_D_6136274,12.245936393737793,12.247119903564453,ok
LA_D_6137322,14.95495891571045,14.959612846374512,ok
LA_D_6138007,17.384538650512695,17.384708404541016,ok
LA_D_6138839,-12.585501670837402,-12.58891773223877,ok
LA_D_6141449,17.713830947875977,17.713972091674805,ok
LA_D_6143159,14.063569068908691,14.065048217773438,ok
LA_D_6143239,13.548263549804688,13.549628257751465,ok
LA_D_6143596,15.268694877624512,15.270779609680176,ok
LA_D_6145108,20.918481826782227,20.919458389282227,ok
LA_D_6145523,9.731343269348145,9.731489181518555,ok
LA_D_6146856,14.074239730834961,14.079218864440918,ok
LA_D_6147694,15.816011428833008,15.818260192871094,ok
LA_D_6151616,15.037673950195312,15.040264129638672,ok
LA_D_6153129,13.504347801208496,13.5045804977417,ok
LA_D_6153465,16.592239379882812,16.594995498657227,ok
LA_D_6153562,12.577954292297363,12.578807830810547,ok
LA_D_6153919,12.122872352600098,12.123604774475098,ok
LA_D_6153942,-6.92194128036499,-6.921948432922363,ok
LA_D_6154657,19.259374618530273,19.267534255981445,ok
LA_D_6154971,12.900900840759277,12.904022216796875,ok
LA_D_6155558,3.7252631187438965,3.7253804206848145,ok
LA_D_6156090,-7.770374298095703,-7.770391941070557,ok
LA_D_6157715,11.949566841125488,11.95573902130127,ok
LA_D_6159317,11.90652847290039,11.906096458435059,ok
LA_D_6160000,-2.0313305854797363,-2.0313515663146973,ok
LA_D_6160245,15.839488983154297,15.841534614562988,ok
LA_D_6161090,17.910091400146484,17.91766929626465,ok
LA_D_6161483,15.688530921936035,15.69540786743164,ok
LA_D_6162323,14.804037094116211,14.809709548950195,ok
LA_D_6162330,13.662067413330078,13.662056922912598,ok
LA_D_6164377,11.30875015258789,11.309903144836426,ok
LA_D_6164680,8.745097160339355,8.747052192687988,ok
LA_D_6165178,13.177458763122559,13.178021430969238,ok
LA_D_6165551,16.51600456237793,16.518924713134766,ok
LA_D_6165815,11.969409942626953,11.969564437866211,ok
LA_D_6165860,7.809219837188721,7.809387683868408,ok
LA_D_6166462,11.146759033203125,11.148405075073242,ok
LA_D_6166673,14.537946701049805,14.538872718811035,ok
LA_D_6167979,13.757548332214355,13.758360862731934,ok
LA_D_6168336,14.517477989196777,14.51828384399414,ok
LA_D_6168688,12.808592796325684,12.808573722839355,ok
LA_D_6168902,9.109360694885254,9.109359741210938,ok
LA_D_6171374,13.067439079284668,13.07227611541748,ok
LA_D_6171581,14.76341438293457,14.769233703613281,ok
LA_D_6172873,21.742603302001953,21.765968322753906,ok
LA_D_6174114,11.171998023986816,11.175406455993652,ok
LA_D_6174345,15.638596534729004,15.639296531677246,ok
LA_D_6175023,8.430487632751465,8.432364463806152,ok
LA_D_6176750,13.53636646270752,13.539186477661133,ok
LA_D_6177242,12.975560188293457,12.97878360748291,ok
LA_D_6177458,15.141925811767578,15.14534854888916,ok
LA_D_6178175,17.303258895874023,17.308317184448242,ok
LA_D_6178691,6.03306770324707,6.035836696624756,ok
LA_D_6178956,-13.833553314208984,-13.834053993225098,ok
LA_D_6179226,17.558897018432617,17.566598892211914,ok
LA_D_6179252,13.391460418701172,13.392882347106934,ok
LA_D_6180201,12.652840614318848,12.655003547668457,ok
LA_D_6181747,14.043214797973633,14.044018745422363,ok
LA_D_6181877,17.431224822998047,17.43414878845215,ok
LA_D_6183125,14.976265907287598,14.977667808532715,ok
LA_D_6183356,-16.18418312072754,-16.18885612487793,ok
LA_D_6184039,3.081476926803589,3.0824050903320312,ok
LA_D_6184612,17.240053176879883,17.240381240844727,ok
LA_D_6185674,15.212200164794922,15.214802742004395,ok
LA_D_6185691,11.764823913574219,11.764870643615723,ok
LA_D_6186728,16.517972946166992,16.518980026245117,ok
LA_D_6187174,17.23662567138672,17.23661231994629,ok
LA_D_6187512,15.442947387695312,15.448749542236328,ok
LA_D_6188881,14.268486976623535,14.268322944641113,ok
LA_D_6188980,14.790106773376465,14.795364379882812,ok
LA_D_6190533,13.442057609558105,13.442206382751465,ok
LA_D_6192145,20.767831802368164,20.7804012298584,ok
LA_D_6192792,15.344257354736328,15.344505310058594,ok
LA_D_6193524,15.533271789550781,15.533405303955078,ok
LA_D_6194235,15.526853561401367,15.527389526367188,ok
LA_D_6194442,20.233623504638672,20.24197769165039,ok
LA_D_6196078,13.918229103088379,13.918684959411621,ok
LA_D_6197060,16.50032615661621,16.503084182739258,ok
LA_D_6197341,14.73495101928711,14.736002922058105,ok
LA_D_6197535,16.599056243896484,16.60065269470215,ok
LA_D_6197862,11.463482856750488,11.463591575622559,ok
LA_D_6197886,12.901758193969727,12.901768684387207,ok
LA_D_6198361,14.674033164978027,14.674373626708984,ok
LA_D_6198746,-17.3304386138916,-17.330768585205078,ok
LA_D_6201103,11.551321983337402,11.552431106567383,ok
LA_D_6201251,16.976409912109375,16.97798728942871,ok
LA_D_6201607,13.943461418151855,13.944119453430176,ok
LA_D_6202447,16.768203735351562,16.770124435424805,ok
LA_D_6203299,15.267860412597656,15.28100872039795,ok
LA_D_6203431,13.486289978027344,13.49158000946045,ok
LA_D_6203837,17.225671768188477,17.227294921875,ok
LA_D_6206158,12.613561630249023,12.613943099975586,ok
LA_D_6207345,-14.49520206451416,-14.50125789642334,ok
LA_D_6208335,12.400084495544434,12.400097846984863,ok
LA_D_6208485,13.74767017364502,13.7556734085083,ok
LA_D_6208799,12.125858306884766,12.127982139587402,ok
LA_D_6209989,17.503536224365234,17.506059646606445,ok
LA_D_6209992,8.67819881439209,8.678252220153809,ok
LA_D_6210440,14.91138744354248,14.912711143493652,ok
LA_D_6210490,15.712648391723633,15.719523429870605,ok
LA_D_6211090,16.196266174316406,16.19849967956543,ok
LA_D_6211330,-12.048819541931152,-12.049895286560059,ok
LA_D_6211901,20.841981887817383,20.8420467376709,ok
LA_D_6211991,9.75366497039795,9.753825187683105,ok
LA_D_6212648,14.67720890045166,14.679466247558594,ok
LA_D_6212794,15.23537826538086,15.23834228515625,ok
LA_D_6214703,14.491341590881348,14.502039909362793,ok
LA_D_6214749,7.843833923339844,7.843883991241455,ok
LA_D_6215452,14.614631652832031,14.621566772460938,ok
LA_D_6216331,8.167490005493164,8.168905258178711,ok
LA_D_6218509,12.570025444030762,12.56957721710205,ok
LA_D_6218929,11.0849027633667,11.090568542480469,ok
LA_D_6220807,15.915657997131348,15.919054985046387,ok
LA_D_6222247,17.73918342590332,17.7464542388916,ok
LA_D_6222475,12.510754585266113,12.517269134521484,ok
LA_D_6223286,-12.830756187438965,-12.831330299377441,ok
LA_D_6223774,18.054792404174805,18.05725860595703,ok
LA_D_6224605,14.352803230285645,14.352824211120605,ok
LA_D_6226652,21.908710479736328,21.917020797729492,ok
LA_D_6226707,18.943849563598633,18.946250915527344,ok
LA_D_6227080,17.61029624938965,17.6113224029541,ok
LA_D_6228522,13.649282455444336,13.649279594421387,ok
LA_D_6230272,10.879904747009277,10.880143165588379,ok
LA_D_6230736,9.977272987365723,9.977931022644043,ok
LA_D_6231603,12.885643005371094,12.885491371154785,ok
LA_D_6231724,14.900707244873047,14.903107643127441,ok
LA_D_6233911,9.88198184967041,9.884427070617676,ok
LA_D_6234671,9.223557472229004,9.225654602050781,ok
LA_D_6235468,14.224502563476562,14.227402687072754,ok
LA_D_6236753,-10.477425575256348,-10.47810173034668,ok
LA_D_6237040,14.104487419128418,14.106917381286621,ok
LA_D_6238446,16.537147521972656,16.53738784790039,ok
LA_D_6239873,16.158334732055664,16.159696578979492,ok
LA_D_6241133,10.495820045471191,10.49703311920166,ok
LA_D_6241209,16.482881546020508,16.486326217651367,ok
LA_D_6241521,16.344757080078125,16.34560203552246,ok
LA_D_6241916,14.30294418334961,14.30358600616455,ok
LA_D_6242242,10.736948013305664,10.7374906539917,ok
LA_D_6243690,14.315168380737305,14.31484603881836,ok
LA_D_6244463,12.745064735412598,12.745140075683594,ok
LA_D_6244693,14.590898513793945,14.595475196838379,ok
LA_D_6245298,13.704974174499512,13.70555591583252,ok
LA_D_6246305,11.547054290771484,11.549090385437012,ok
LA_D_6246382,19.658044815063477,19.67579460144043,ok
LA_D_6247219,7.622171401977539,7.6250128746032715,ok
LA_D_6250024,12.082979202270508,12.086897850036621,ok
LA_D_6251984,12.603557586669922,12.604607582092285,ok
LA_D_6252124,-8.348762512207031,-8.348864555358887,ok
LA_D_6252209,15.509827613830566,15.5107421875,ok
LA_D_6252325,8.565410614013672,8.565779685974121,ok
LA_D_6252373,20.4416561126709,20.461368560791016,ok
LA_D_6253995,13.127538681030273,13.13265323638916,ok
LA_D_6254318,-15.017409324645996,-15.019196510314941,ok
LA_D_6255539,15.877959251403809,15.880784034729004,ok
LA_D_6256464,11.007925987243652,11.01060962677002,ok
LA_D_6256706,12.335027694702148,12.337895393371582,ok
LA_D_6256750,11.718764305114746,11.7197265625,ok
LA_D_6259884,16.431806564331055,16.43406867980957,ok
LA_D_6262512,2.951068162918091,2.950110673904419,ok
LA_D_6262648,10.939722061157227,10.93977165222168,ok
LA_D_6263129,-13.712102890014648,-13.714900016784668,ok
LA_D_6264639,16.333948135375977,16.33521270751953,ok
LA_D_6264742,15.435613632202148,15.435694694519043,ok
LA_D_6264799,15.662020683288574,15.662943840026855,ok
LA_D_6264877,14.799271583557129,14.809334754943848,ok
LA_D_6264911,16.682048797607422,16.689451217651367,ok
LA_D_6265877,14.866301536560059,14.866997718811035,ok
LA_D_6266806,-10.634553909301758,-10.63498592376709,ok
LA_D_6267621,13.364607810974121,13.365755081176758,ok
LA_D_6268154,13.541775703430176,13.542309761047363,ok
LA_D_6268296,14.977486610412598,14.978639602661133,ok
LA_D_6270673,7.035478115081787,7.0369343757629395,ok
LA_D_6270876,10.6041898727417,10.603850364685059,ok
LA_D_6270919,14.992659568786621,14.99339485168457,ok
LA_D_6271904,16.73601722717285,16.743696212768555,ok
LA_D_6271997,16.53416633605957,16.53614616394043,ok
LA_D_6272018,10.740689277648926,10.741374015808105,ok
LA_D_6273410,8.9379243850708,8.947272300720215,ok
LA_D_6273504,13.7057523727417,13.7091703414917,ok
LA_D_6275031,18.529020309448242,18.532594680786133,ok
LA_D_6276774,12.511329650878906,12.512124061584473,ok
LA_D_6276971,15.246150970458984,15.247973442077637,ok
LA_D_6278890,18.444347381591797,18.44487953186035,ok
LA_D_6279022,18.93990707397461,18.947025299072266,ok
LA_D_6280073,11.321229934692383,11.323619842529297,ok
LA_D_6280436,12.556145668029785,12.558016777038574,ok
LA_D_6280709,-13.022197723388672,-13.027602195739746,ok
LA_D_6280736,19.076587677001953,19.077604293823242,ok
LA_D_6281576,16.06011199951172,16.061552047729492,ok
LA_D_6282556,13.604767799377441,13.606193542480469,ok
LA_D_6283174,12.585558891296387,12.587078094482422,ok
LA_D_6284910,12.818120002746582,12.820381164550781,ok
LA_D_6285068,9.365631103515625,9.36593246459961,ok
LA_D_6287077,14.922758102416992,14.9278564453125,ok
LA_D_6287239,-9.606801986694336,-9.607215881347656,ok
LA_D_6288186,20.042781829833984,20.045358657836914,ok
LA_D_6288557,-15.947629928588867,-15.952754974365234,ok
LA_D_6288787,-14.777689933776855,-14.780610084533691,ok
LA_D_6289317,-14.937459945678711,-14.941224098205566,ok
LA_D_6289788,-14.437994956970215,-14.44591999053955,ok
LA_D_6290153,12.658978462219238,12.661578178405762,ok
LA_D_6290294,11.862286567687988,11.86652660369873,ok
LA_D_6290952,14.172248840332031,14.17337417602539,ok
LA_D_6291610,11.787973403930664,11.78805160522461,ok
LA_D_6291738,-14.058130264282227,-14.058320045471191,ok
LA_D_6292198,-12.386224746704102,-12.38912296295166,ok
LA_D_6292340,14.478426933288574,14.479409217834473,ok
LA_D_6292396,13.08974838256836,13.091578483581543,ok
LA_D_6293152,9.52501392364502,9.525174140930176,ok
LA_D_6293245,13.00694465637207,13.00730037689209,ok
LA_D_6293545,16.100753784179688,16.104450225830078,ok
LA_D_6293563,11.593716621398926,11.59723949432373,ok
LA_D_6295513,11.95242977142334,11.956432342529297,ok
LA_D_6295904,13.307250022888184,13.307497024536133,ok
LA_D_6298403,12.979873657226562,12.983939170837402,ok
LA_D_6298541,16.11604881286621,16.116304397583008,ok
LA_D_6300071,11.971177101135254,11.971549034118652,ok
LA_D_6301347,3.8171160221099854,3.8180904388427734,ok
LA_D_6301940,13.123712539672852,13.123858451843262,ok
LA_D_6302480,-14.238812446594238,-14.23963451385498,ok
LA_D_6302669,13.287318229675293,13.291668891906738,ok
LA_D_6303671,11.279415130615234,11.280047416687012,ok
LA_D_6304222,-13.142772674560547,-13.152815818786621,ok
LA_D_6304781,11.243340492248535,11.244685173034668,ok
LA_D_6305298,14.992961883544922,14.99366569519043,ok
LA_D_6305743,12.233399391174316,12.233485221862793,ok
LA_D_6306641,10.197364807128906,10.198089599609375,ok
LA_D_6307445,14.009638786315918,14.010157585144043,ok
LA_D_6308295,-13.068453788757324,-13.072953224182129,ok
LA_D_6308947,13.513952255249023,13.514815330505371,ok
LA_D_6309997,9.11480712890625,9.11541748046875,ok
LA_D_6310267,-13.406696319580078,-13.408915519714355,ok
LA_D_6310412,9.319229125976562,9.319270133972168,ok
LA_D_6311046,-14.629871368408203,-14.631749153137207,ok
LA_D_6314728,12.924734115600586,12.924927711486816,ok
LA_D_6315394,12.49616527557373,12.496140480041504,ok
LA_D_6315906,13.854180335998535,13.85607624053955,ok
LA_D_6316102,14.893657684326172,14.895112037658691,ok
LA_D_6316118,12.6571044921875,12.657586097717285,ok
LA_D_6316498,24.460121154785156,24.46387481689453,ok
LA_D_6316737,12.807872772216797,12.810263633728027,ok
LA_D_6317931,17.425518035888672,17.430959701538086,ok
LA_D_6319262,16.83342742919922,16.833646774291992,ok
LA_D_6320458,5.918682098388672,5.9182257652282715,ok
LA_D_6320996,13.559103012084961,13.562870979309082,ok
LA_D_6321029,14.69397258758545,14.6957368850708,ok
LA_D_6321182,13.766074180603027,13.766572952270508,ok
LA_D_6321273,14.928740501403809,14.9346923828125,ok
LA_D_6322158,13.98624324798584,13.986405372619629,ok
LA_D_6322470,17.884822845458984,17.88849449157715,ok
LA_D_6323705,8.549639701843262,8.549727439880371,ok
LA_D_6324927,-15.149664878845215,-15.150134086608887,ok
LA_D_6325680,-13.342947006225586,-13.352639198303223,ok
LA_D_6325916,12.648763656616211,12.649415969848633,ok
LA_D_6326082,7.808990955352783,7.8098554611206055,ok
LA_D_6327399,18.665748596191406,18.665788650512695,ok
LA_D_6328554,9.452881813049316,9.455138206481934,ok
LA_D_6331537,11.459511756896973,11.460064888000488,ok
LA_D_6332738,17.27659034729004,17.28372573852539,ok
LA_D_6333127,19.45831298828125,19.46495246887207,ok
LA_D_6333663,10.187536239624023,10.187833786010742,ok
LA_D_6335322,13.879358291625977,13.881619453430176,ok
LA_D_6335987,14.664789199829102,14.668992042541504,ok
LA_D_6337308,13.174558639526367,13.17590045928955,ok
LA_D_6338190,10.617895126342773,10.617901802062988,ok
LA_D_6338424,10.898272514343262,10.898691177368164,ok
LA_D_6338534,15.117313385009766,15.119348526000977,ok
LA_D_6338898,-12.95726203918457,-12.960171699523926,ok
LA_D_6339525,8.656230926513672,8.659879684448242,ok
LA_D_6341314,11.204998970031738,11.207880973815918,ok
LA_D_6341396,17.735990524291992,17.739545822143555,ok
LA_D_6343112,16.081960678100586,16.08271598815918,ok
LA_D_6343657,7.169666767120361,7.172810077667236,ok
LA_D_6343761,-3.907240390777588,-3.90718412399292,ok
LA_D_6344509,14.279050827026367,14.282123565673828,ok
LA_D_6345029,13.215206146240234,13.215943336486816,ok
LA_D_6345131,21.014265060424805,21.028684616088867,ok
LA_D_6345168,15.177932739257812,15.181073188781738,ok
LA_D_6345960,17.041553497314453,17.042415618896484,ok
LA_D_6346160,10.796292304992676,10.798173904418945,ok
LA_D_6346227,11.534717559814453,11.534897804260254,ok
LA_D_6346837,12.920280456542969,12.924363136291504,ok
LA_D_6347250,16.61759376525879,16.61761474609375,ok
LA_D_6349894,13.849995613098145,13.850415229797363,ok
LA_D_6350034,16.170063018798828,16.1690731048584,ok
LA_D_6350241,16.59096336364746,16.59657859802246,ok
LA_D_6351813,14.866935729980469,14.86740493774414,ok
LA_D_6351880,12.067131042480469,12.06801700592041,ok
LA_D_6352712,16.289941787719727,16.294981002807617,ok
LA_D_6353064,10.235221862792969,10.23588752746582,ok
LA_D_6353632,13.71483039855957,13.719122886657715,ok
LA_D_6353813,14.331758499145508,14.334935188293457,ok
LA_D_6354373,10.629721641540527,10.631205558776855,ok
LA_D_6355954,11.876501083374023,11.877507209777832,ok
LA_D_6356896,12.226177215576172,12.229134559631348,ok
LA_D_6359460,11.7369384765625,11.74465274810791,ok
LA_D_6359496,14.098793029785156,14.10018253326416,ok
LA_D_6361022,18.89862060546875,18.900094985961914,ok
LA_D_6361258,12.212349891662598,12.216009140014648,ok
LA_D_6362359,16.935585021972656,16.935697555541992,ok
LA_D_6363189,12.858222961425781,12.860692977905273,ok
LA_D_6363274,8.912196159362793,8.914237022399902,ok
LA_D_6364752,10.951159477233887,10.951659202575684,ok
LA_D_6365603,12.969721794128418,12.972919464111328,ok
LA_D_6366232,13.116238594055176,13.116920471191406,ok
LA_D_6366738,10.656457901000977,10.657898902893066,ok
LA_D_6367142,15.338062286376953,15.343063354492188,ok
LA_D_6367157,-13.048830032348633,-13.065217018127441,ok
LA_D_6367384,15.077311515808105,15.077563285827637,ok
LA_D_6367650,14.637908935546875,14.643224716186523,ok
LA_D_6368049,-4.376148223876953,-4.379786014556885,ok
LA_D_6368816,14.186929702758789,14.193744659423828,ok
LA_D_6368871,14.896090507507324,14.897449493408203,ok
LA_D_6368988,12.747121810913086,12.747374534606934,ok
LA_D_6369142,14.477620124816895,14.483059883117676,ok
LA_D_6369227,13.583636283874512,13.585219383239746,ok
LA_D_6369583,-15.771533012390137,-15.774199485778809,ok
LA_D_6371255,16.533771514892578,16.539453506469727,ok
LA_D_6371287,15.114206314086914,15.117027282714844,ok
LA_D_6371872,12.313252449035645,12.313801765441895,ok
LA_D_6372376,10.953265190124512,10.953315734863281,ok
LA_D_6373060,5.219654560089111,5.219235420227051,ok
LA_D_6373288,8.395649909973145,8.395598411560059,ok
LA_D_6374273,13.918926239013672,13.919283866882324,ok
LA_D_6374661,17.023792266845703,17.033105850219727,ok
LA_D_6375943,12.022749900817871,12.02377986907959,ok
LA_D_6376974,11.880327224731445,11.88166332244873,ok
LA_D_6378566,14.143732070922852,14.153660774230957,ok
LA_D_6378781,10.812779426574707,10.812560081481934,ok
LA_D_6379069,17.110979080200195,17.117595672607422,ok
LA_D_6379116,14.505029678344727,14.505284309387207,ok
LA_D_6379274,10.975587844848633,10.976483345031738,ok
LA_D_6379749,11.7747163772583,11.779068946838379,ok
LA_D_6380070,14.659753799438477,14.66183090209961,ok
LA_D_6380295,-11.46451473236084,-11.46484375,ok
LA_D_6382055,-6.512398719787598,-6.513699054718018,ok
LA_D_6383543,9.85102367401123,9.850194931030273,ok
LA_D_6383686,18.113813400268555,18.113788604736328,ok
LA_D_6383761,15.069921493530273,15.07077407836914,ok
LA_D_6387199,12.224185943603516,12.225666999816895,ok
LA_D_6388120,17.793684005737305,17.79523277282715,ok
LA_D_6388231,12.30722427368164,12.307286262512207,ok
LA_D_6390103,12.077430725097656,12.077486991882324,ok
LA_D_6390760,10.641237258911133,10.641247749328613,ok
LA_D_6391228,15.324057579040527,15.325663566589355,ok
LA_D_6391278,13.121769905090332,13.12304401397705,ok
LA_D_6392613,14.649057388305664,14.649611473083496,ok
LA_D_6393543,15.449252128601074,15.451111793518066,ok
LA_D_6396489,18.891586303710938,18.905900955200195,ok
LA_D_6397450,16.57469367980957,16.577234268188477,ok
LA_D_6400478,14.674017906188965,14.675660133361816,ok
LA_D_6401176,19.045392990112305,19.04630470275879,ok
LA_D_6401440,10.243191719055176,10.24498462677002,ok
LA_D_6401566,19.08864974975586,19.09185218811035,ok
LA_D_6401633,12.819272994995117,12.820540428161621,ok
LA_D_6404209,15.545555114746094,15.55115032196045,ok
LA_D_6404620,12.828145980834961,12.832842826843262,ok
LA_D_6405087,10.855210304260254,10.860209465026855,ok
LA_D_6405665,7.598879337310791,7.599625110626221,ok
LA_D_6407177,16.73392105102539,16.749038696289062,ok
LA_D_6407830,18.403366088867188,18.404159545898438,ok
LA_D_6408762,17.496417999267578,17.500043869018555,ok
LA_D_6409431,13.056914329528809,13.05960750579834,ok
LA_D_6409786,4.709803104400635,4.709875583648682,ok
LA_D_6409900,21.268829345703125,21.271013259887695,ok
LA_D_6410108,13.270743370056152,13.270783424377441,ok
LA_D_6411224,12.08659553527832,12.087546348571777,ok
LA_D_6411228,13.42813777923584,13.431963920593262,ok
LA_D_6413013,16.96773910522461,16.97104835510254,ok
LA_D_6413397,6.688172817230225,6.689057350158691,ok
LA_D_6413462,14.580872535705566,14.581400871276855,ok
LA_D_6414092,14.374028205871582,14.377131462097168,ok
LA_D_6415614,18.377025604248047,18.379276275634766,ok
LA_D_6415971,9.669496536254883,9.669596672058105,ok
LA_D_6417597,13.462124824523926,13.462528228759766,ok
LA_D_6418577,-11.389387130737305,-11.393315315246582,ok
LA_D_6419157,5.760339260101318,5.7601518630981445,ok
LA_D_6419449,20.8695011138916,20.86966896057129,ok
LA_D_6421601,8.95061206817627,8.95069408416748,ok
LA_D_6422582,16.068418502807617,16.071775436401367,ok
LA_D_6423308,13.97411060333252,13.974812507629395,ok
LA_D_6423611,12.9666748046875,12.970202445983887,ok
LA_D_6424034,17.110443115234375,17.12544059753418,ok
LA_D_6424276,14.547148704528809,14.552291870117188,ok
LA_D_6424715,17.76816749572754,17.76896095275879,ok
LA_D_6425717,20.513288497924805,20.519784927368164,ok
LA_D_6425908,13.208261489868164,13.214472770690918,ok
LA_D_6426866,15.288989067077637,15.292376518249512,ok
LA_D_6427369,7.500280380249023,7.500723361968994,ok
LA_D_6428297,14.606744766235352,14.609349250793457,ok
LA_D_6428957,17.024887084960938,17.030349731445312,ok
LA_D_6430063,19.96291160583496,19.972475051879883,ok
LA_D_6431120,13.124051094055176,13.132637977600098,ok
LA_D_6431288,14.438311576843262,14.440812110900879,ok
LA_D_6431658,15.460535049438477,15.464446067810059,ok
LA_D_6431886,11.579635620117188,11.579737663269043,ok
LA_D_6432124,14.567926406860352,14.574175834655762,ok
LA_D_6434161,14.364398002624512,14.364699363708496,ok
LA_D_6434711,15.908895492553711,15.911230087280273,ok
LA_D_6434721,13.634251594543457,13.635170936584473,ok
LA_D_6435266,14.321260452270508,14.330449104309082,ok
LA_D_6435582,-13.883803367614746,-13.886383056640625,ok
LA_D_6439502,15.181404113769531,15.184440612792969,ok
LA_D_6439730,-2.728353500366211,-2.7286651134490967,ok
LA_D_6440445,16.820589065551758,16.821462631225586,ok
LA_D_6440826,10.215184211730957,10.215347290039062,ok
LA_D_6441885,8.264078140258789,8.268447875976562,ok
LA_D_6442014,-6.584811210632324,-6.584897518157959,ok
LA_D_6442890,13.235270500183105,13.236769676208496,ok
LA_D_6443383,11.525222778320312,11.525744438171387,ok
LA_D_6443649,-11.807235717773438,-11.808782577514648,ok
LA_D_6444033,14.717988967895508,14.728083610534668,ok
LA_D_6444125,12.071990966796875,12.072676658630371,ok
LA_D_6445561,10.613691329956055,10.616013526916504,ok
LA_D_6445749,14.593539237976074,14.594863891601562,ok
LA_D_6445884,15.611949920654297,15.613738059997559,ok
LA_D_6446002,14.478646278381348,14.491080284118652,ok
LA_D_6446521,7.428666591644287,7.4297003746032715,ok
LA_D_6446759,-1.0917668342590332,-1.0927399396896362,ok
LA_D_6447251,9.194400787353516,9.196812629699707,ok
LA_D_6449816,14.18768310546875,14.194558143615723,ok
LA_D_6450264,10.621317863464355,10.624438285827637,ok
LA_D_6450379,14.64277172088623,14.643101692199707,ok
LA_D_6451106,9.081692695617676,9.081502914428711,ok
LA_D_6452637,13.558103561401367,13.55964183807373,ok
LA_D_6454321,15.562582015991211,15.566489219665527,ok
LA_D_6454374,9.141669273376465,9.141879081726074,ok
LA_D_6455155,19.786869049072266,19.78785514831543,ok
LA_D_6457597,15.943496704101562,15.945630073547363,ok
LA_D_6458120,21.82620620727539,21.826345443725586,ok
LA_D_6458272,-12.0165376663208,-12.022228240966797,ok
LA_D_6458836,9.919785499572754,9.92062759399414,ok
LA_D_6460049,-13.204758644104004,-13.208273887634277,ok
LA_D_6461042,17.78559112548828,17.8007869720459,ok
LA_D_6462722,15.93385124206543,15.936854362487793,ok
LA_D_6462902,16.415851593017578,16.41623878479004,ok
LA_D_6462905,16.131656646728516,16.13509750366211,ok
LA_D_6462998,9.683304786682129,9.683304786682129,ok
LA_D_6463589,14.396706581115723,14.397039413452148,ok
LA_D_6464994,16.491649627685547,16.498125076293945,ok
LA_D_6465758,11.767849922180176,11.768083572387695,ok
LA_D_6468405,18.147958755493164,18.15488624572754,ok
LA_D_6468412,14.605721473693848,14.616186141967773,ok
LA_D_6468524,14.304963111877441,14.326390266418457,ok
LA_D_6469029,14.90296745300293,14.905289649963379,ok
LA_D_6469406,12.666328430175781,12.671183586120605,ok
LA_D_6469647,14.917563438415527,14.925089836120605,ok
LA_D_6470899,15.638655662536621,15.643742561340332,ok
LA_D_6471870,-0.738357424736023,-0.7397090196609497,ok
LA_D_6472939,17.40644645690918,17.40848159790039,ok
LA_D_6474102,16.803293228149414,16.80385398864746,ok
LA_D_6474531,11.843809127807617,11.846173286437988,ok
LA_D_6474870,11.517644882202148,11.52253246307373,ok
LA_D_6475261,-11.273094177246094,-11.274344444274902,ok
LA_D_6475497,14.038281440734863,14.040131568908691,ok
LA_D_6475624,14.726554870605469,14.727974891662598,ok
LA_D_6477172,22.492361068725586,22.50712776184082,ok
LA_D_6477185,11.33130168914795,11.333380699157715,ok
LA_D_6478753,-8.807520866394043,-8.807872772216797,ok
LA_D_6479435,17.3454532623291,17.347745895385742,ok
LA_D_6479457,-14.028691291809082,-14.032151222229004,ok
LA_D_6479825,15.800569534301758,15.808440208435059,ok
LA_D_6480348,-12.186637878417969,-12.186923027038574,ok
LA_D_6480457,11.786653518676758,11.79226016998291,ok
LA_D_6480551,-14.241991996765137,-14.243269920349121,ok
LA_D_6482383,11.696806907653809,11.699548721313477,ok
LA_D_6484471,14.006690979003906,14.00731372833252,ok
LA_D_6484577,15.625250816345215,15.625711441040039,ok
LA_D_6485701,13.859317779541016,13.859753608703613,ok
LA_D_6486723,16.602920532226562,16.604936599731445,ok
LA_D_6486980,9.735207557678223,9.734557151794434,ok
LA_D_6487009,15.558841705322266,15.55959415435791,ok
LA_D_6487170,9.668000221252441,9.668303489685059,ok
LA_D_6487933,-14.978499412536621,-14.983646392822266,ok
LA_D_6489536,12.387460708618164,12.390629768371582,ok
LA_D_6490097,16.596193313598633,16.598087310791016,ok
LA_D_6492056,-12.325516700744629,-12.329812049865723,ok
LA_D_6493011,14.477417945861816,14.478255271911621,ok
LA_D_6495207,13.060123443603516,13.063899993896484,ok
LA_D_6495668,11.075201988220215,11.075186729431152,ok
LA_D_6495848,-4.677923679351807,-4.682011127471924,ok
LA_D_6497525,16.669466018676758,16.670066833496094,ok
LA_D_6497583,12.85428237915039,12.8556547164917,ok
LA_D_6497625,-8.519145011901855,-8.520197868347168,ok
LA_D_6497646,13.797353744506836,13.801426887512207,ok
LA_D_6498637,12.369915008544922,12.370473861694336,ok
LA_D_6499586,14.450068473815918,14.452186584472656,ok
LA_D_6499603,-12.478973388671875,-12.479754447937012,ok
LA_D_6499728,16.188730239868164,16.1887264251709,ok
LA_D_6499924,18.695798873901367,18.69956398010254,ok
LA_D_6502358,11.498345375061035,11.499146461486816,ok
LA_D_6502735,15.238560676574707,15.242424964904785,ok
LA_D_6502976,-8.115290641784668,-8.116181373596191,ok
LA_D_6503475,-12.243542671203613,-12.24451732635498,ok
LA_D_6506104,11.882161140441895,11.884322166442871,ok
LA_D_6506607,14.731134414672852,14.733675003051758,ok
LA_D_6506972,15.136162757873535,15.140640258789062,ok
LA_D_6506973,13.615107536315918,13.617415428161621,ok
LA_D_6506991,10.484076499938965,10.485320091247559,ok
LA_D_6509120,14.000551223754883,14.004232406616211,ok
LA_D_6509189,-13.705683708190918,-13.70905590057373,ok
LA_D_6511162,10.868168830871582,10.868782043457031,ok
LA_D_6511574,14.20532512664795,14.210186004638672,ok
LA_D_6511989,-13.633184432983398,-13.633343696594238,ok
LA_D_6513609,12.185846328735352,12.185907363891602,ok
LA_D_6514590,16.424962997436523,16.425235748291016,ok
LA_D_6514670,15.459400177001953,15.460070610046387,ok
LA_D_6515358,13.574287414550781,13.574965476989746,ok
LA_D_6515867,-12.666553497314453,-12.66672134399414,ok
LA_D_6516261,13.391915321350098,13.39582633972168,ok
LA_D_6516523,10.895989418029785,10.897533416748047,ok
LA_D_6516575,16.33503532409668,16.3363094329834,ok
LA_D_6516814,17.192106246948242,17.19258689880371,ok
LA_D_6517273,17.540279388427734,17.54196548461914,ok
LA_D_6517455,8.036799430847168,8.036803245544434,ok
LA_D_6517704,9.499748229980469,9.500406265258789,ok
LA_D_6518159,-9.537802696228027,-9.537871360778809,ok
LA_D_6518794,14.25460147857666,14.255290031433105,ok
LA_D_6520063,16.97688102722168,16.97889518737793,ok
LA_D_6520436,10.236029624938965,10.236130714416504,ok
LA_D_6520929,8.592694282531738,8.592668533325195,ok
LA_D_6520984,-14.124157905578613,-14.126494407653809,ok
LA_D_6521320,15.27623176574707,15.27785587310791,ok
LA_D_6522313,11.424762725830078,11.42481517791748,ok
LA_D_6522419,11.663564682006836,11.664921760559082,ok
LA_D_6525071,15.914359092712402,15.930208206176758,ok
LA_D_6525234,15.059905052185059,15.060017585754395,ok
LA_D_6525320,13.30081844329834,13.303102493286133,ok
LA_D_6525457,20.514511108398438,20.52730369567871,ok
LA_D_6526168,9.612324714660645,9.61242389678955,ok
LA_D_6526664,13.243083000183105,13.247578620910645,ok
LA_D_6529379,-8.988409042358398,-8.990208625793457,ok
LA_D_6530169,19.411808013916016,19.414907455444336,ok
LA_D_6531960,18.658323287963867,18.661834716796875,ok
LA_D_6532301,13.042710304260254,13.041340827941895,ok
LA_D_6532619,17.969337463378906,17.96940803527832,ok
LA_D_6532972,10.819738388061523,10.8299560546875,ok
LA_D_6536882,10.807408332824707,10.80772876739502,ok
LA_D_6537903,10.748387336730957,10.7485990524292,ok
LA_D_6539878,-12.823948860168457,-12.824601173400879,ok
LA_D_6540535,13.321573257446289,13.322226524353027,ok
LA_D_6542740,12.605866432189941,12.61889934539795,ok
LA_D_6542878,12.891101837158203,12.89574146270752,ok
LA_D_6544888,18.679012298583984,18.68925666809082,ok
LA_D_6545121,11.908381462097168,11.908495903015137,ok
LA_D_6546081,14.787728309631348,14.790719985961914,ok
LA_D_6547198,16.744747161865234,16.7465877532959,ok
LA_D_6547607,12.897765159606934,12.902792930603027,ok
LA_D_6547828,9.505671501159668,9.506842613220215,ok
LA_D_6547919,13.893121719360352,13.893315315246582,ok
LA_D_6548234,15.696200370788574,15.69959545135498,ok
LA_D_6549159,-15.647246360778809,-15.655879974365234,ok
LA_D_6549373,-13.970890045166016,-13.972046852111816,ok
LA_D_6550208,14.913386344909668,14.915499687194824,ok
LA_D_6550883,13.891125679016113,13.892437934875488,ok
LA_D_6551202,14.236207008361816,14.237211227416992,ok
LA_D_6551642,11.789212226867676,11.790112495422363,ok
LA_D_6551713,14.441216468811035,14.444443702697754,ok
LA_D_6553554,9.801161766052246,9.805766105651855,ok
LA_D_6553908,14.281399726867676,14.282320976257324,ok
LA_D_6554548,15.3180570602417,15.3207426071167,ok
LA_D_6556225,8.771068572998047,8.77099895477295,ok
LA_D_6556306,10.452366828918457,10.454060554504395,ok
LA_D_6556577,9.739693641662598,9.745813369750977,ok
LA_D_6557355,12.807987213134766,12.80945110321045,ok
LA_D_6558890,-13.127904891967773,-13.129884719848633,ok
LA_D_6561538,-12.938844680786133,-12.939428329467773,ok
LA_D_6563482,16.135311126708984,16.137062072753906,ok
LA_D_6564975,10.819169044494629,10.819161415100098,ok
LA_D_6565562,11.770715713500977,11.770857810974121,ok
LA_D_6566671,19.913959503173828,19.922155380249023,ok
LA_D_6567387,18.80030059814453,18.80036735534668,ok
LA_D_6567611,11.302650451660156,11.306791305541992,ok
LA_D_6568047,17.70443344116211,17.705299377441406,ok
LA_D_6568052,15.625261306762695,15.627022743225098,ok
LA_D_6568071,-15.8128662109375,-15.814878463745117,ok
LA_D_6568228,16.32016944885254,16.321044921875,ok
LA_D_6569285,9.05711841583252,9.05831241607666,ok
LA_D_6570628,-15.490382194519043,-15.492077827453613,ok
LA_D_6572116,17.05257797241211,17.055456161499023,ok
LA_D_6573061,14.713704109191895,14.71461009979248,ok
LA_D_6574060,9.540397644042969,9.541089057922363,ok
LA_D_6575341,14.785432815551758,14.787060737609863,ok
LA_D_6575380,13.649974822998047,13.650389671325684,ok
LA_D_6575610,16.01100730895996,16.01204490661621,ok
LA_D_6575860,11.216076850891113,11.218329429626465,ok
LA_D_6576940,13.27114486694336,13.272492408752441,ok
LA_D_6577158,14.663277626037598,14.66512393951416,ok
LA_D_6577591,11.938491821289062,11.94061279296875,ok
LA_D_6578659,-14.754582405090332,-14.756686210632324,ok
LA_D_6579134,14.22159481048584,14.22455883026123,ok
LA_D_6579479,13.97723388671875,13.979188919067383,ok
LA_D_6579719,20.423547744750977,20.4239559173584,ok
LA_D_6582126,14.377182006835938,14.378693580627441,ok
LA_D_6582780,12.869231224060059,12.870341300964355,ok
LA_D_6585381,13.709613800048828,13.710749626159668,ok
LA_D_6585774,16.905424118041992,16.906097412109375,ok
LA_D_6586128,16.995908737182617,16.9979305267334,ok
LA_D_6587165,12.39391803741455,12.395979881286621,ok
LA_D_6588379,16.532615661621094,16.542003631591797,ok
LA_D_6588865,16.156911849975586,16.16060447692871,ok
LA_D_6589534,16.948467254638672,16.949113845825195,ok
LA_D_6589944,12.002979278564453,12.004227638244629,ok
LA_D_6590996,15.399087905883789,15.40042781829834,ok
LA_D_6591249,13.520421981811523,13.521098136901855,ok
LA_D_6593008,14.06063175201416,14.06184196472168,ok
LA_D_6593011,11.802163124084473,11.804722785949707,ok
LA_D_6593270,-15.80114459991455,-15.802811622619629,ok
LA_D_6593636,22.282228469848633,22.291460037231445,ok
LA_D_6594747,15.221990585327148,15.223679542541504,ok
LA_D_6594807,7.211601734161377,7.211895942687988,ok
LA_D_6595610,16.28059196472168,16.321535110473633,ok
LA_D_6596114,17.17064666748047,17.174488067626953,ok
LA_D_6596613,16.99195671081543,16.996641159057617,ok
LA_D_6596958,16.54837989807129,16.550065994262695,ok
LA_D_6597050,13.304120063781738,13.319825172424316,ok
LA_D_6597204,16.27873992919922,16.281370162963867,ok
LA_D_6597330,14.112737655639648,14.119267463684082,ok
LA_D_6597750,12.906129837036133,12.907727241516113,ok
LA_D_6598354,-15.476916313171387,-15.478296279907227,ok
LA_D_6598826,10.669743537902832,10.670488357543945,ok
LA_D_6598988,11.653021812438965,11.655434608459473,ok
LA_D_6599019,14.730886459350586,14.733000755310059,ok
LA_D_6599233,11.019862174987793,11.02397346496582,ok
LA_D_6599356,10.178803443908691,10.184828758239746,ok
LA_D_6600446,14.682831764221191,14.684266090393066,ok
LA_D_6600800,13.701676368713379,13.705313682556152,ok
LA_D_6600823,13.505011558532715,13.50854778289795,ok
LA_D_6601160,13.162798881530762,13.16310977935791,ok
LA_D_6602571,13.785250663757324,13.78848648071289,ok
LA_D_6603047,11.386238098144531,11.391715049743652,ok
LA_D_6603638,9.944547653198242,9.94462776184082,ok
LA_D_6603822,11.800288200378418,11.801667213439941,ok
LA_D_6604093,10.35960865020752,10.35922622680664,ok
LA_D_6604594,13.983716011047363,13.984564781188965,ok
LA_D_6606092,16.88043785095215,16.88091468811035,ok
LA_D_6606839,15.564399719238281,15.567815780639648,ok
LA_D_6607748,7.375494003295898,7.3890299797058105,ok
LA_D_6609032,5.698078632354736,5.698770999908447,ok
LA_D_6609619,11.902153968811035,11.902298927307129,ok
LA_D_6609902,15.399028778076172,15.402375221252441,ok
LA_D_6609968,-3.8065707683563232,-3.8074982166290283,ok
LA_D_6610656,12.449976921081543,12.454377174377441,ok
LA_D_6612387,13.094839096069336,13.09643268585205,ok
LA_D_6612646,16.366825103759766,16.370243072509766,ok
LA_D_6613069,10.904598236083984,10.907118797302246,ok
LA_D_6613848,14.559374809265137,14.566314697265625,ok
LA_D_6614217,10.595848083496094,10.595871925354004,ok
LA_D_6614329,-13.397649765014648,-13.403660774230957,ok
LA_D_6616471,14.604875564575195,14.606340408325195,ok
LA_D_6617994,-11.690122604370117,-11.696819305419922,ok
LA_D_6619464,11.73865032196045,11.738911628723145,ok
LA_D_6620261,12.351815223693848,12.3524169921875,ok
LA_D_6620544,14.152335166931152,14.161497116088867,ok
LA_D_6621246,10.30344295501709,10.30501651763916,ok
LA_D_6621753,20.081531524658203,20.082788467407227,ok
LA_D_6622164,16.389850616455078,16.391332626342773,ok
LA_D_6622348,-14.506386756896973,-14.514622688293457,ok
LA_D_6623102,-13.891746520996094,-13.892550468444824,ok
LA_D_6623501,13.850226402282715,13.850478172302246,ok
LA_D_6623727,13.316821098327637,13.318005561828613,ok
LA_D_6623812,13.946568489074707,13.948234558105469,ok
LA_D_6624176,13.46373176574707,13.465632438659668,ok
LA_D_6624488,14.103148460388184,14.108455657958984,ok
LA_D_6624621,-10.210309028625488,-10.210585594177246,ok
LA_D_6625374,17.823028564453125,17.823408126831055,ok
LA_D_6625840,11.631338119506836,11.633105278015137,ok
LA_D_6626817,-14.188726425170898,-14.189563751220703,ok
LA_D_6626918,15.98231315612793,15.983394622802734,ok
LA_D_6627213,9.44861125946045,9.454400062561035,ok
LA_D_6629886,16.336362838745117,16.337804794311523,ok
LA_D_6631414,18.21141242980957,18.215734481811523,ok
LA_D_6633566,12.663971900939941,12.667506217956543,ok
LA_D_6634201,15.770641326904297,15.772583961486816,ok
LA_D_6634413,12.505531311035156,12.508320808410645,ok
LA_D_6634897,13.445137977600098,13.445464134216309,ok
LA_D_6635685,13.25878620147705,13.258855819702148,ok
LA_D_6636415,14.38216495513916,14.385210037231445,ok
LA_D_6636661,-11.19099235534668,-11.19229793548584,ok
LA_D_6637850,17.48406410217285,17.485538482666016,ok
LA_D_6638128,18.9810791015625,18.982954025268555,ok
LA_D_6639964,8.12918758392334,8.129812240600586,ok
LA_D_6640384,9.209477424621582,9.209641456604004,ok
LA_D_6640572,24.594512939453125,24.598615646362305,ok
LA_D_6642454,-11.898054122924805,-11.900629997253418,ok
LA_D_6642673,10.721358299255371,10.732898712158203,ok
LA_D_6642678,14.874554634094238,14.879737854003906,ok
LA_D_6644343,10.184947967529297,10.186464309692383,ok
LA_D_6646870,17.604501724243164,17.60529899597168,ok
LA_D_6648074,12.896966934204102,12.897303581237793,ok
LA_D_6648419,20.329418182373047,20.331663131713867,ok
LA_D_6649816,10.5274076461792,10.531038284301758,ok
LA_D_6649982,16.368974685668945,16.369495391845703,ok
LA_D_6650126,-13.207468032836914,-13.210015296936035,ok
LA_D_6650483,10.477142333984375,10.479752540588379,ok
LA_D_6650700,6.143405437469482,6.143373012542725,ok
LA_D_6651726,11.708951950073242,11.709240913391113,ok
LA_D_6653512,19.588497161865234,19.5932674407959,ok
LA_D_6653711,15.31279468536377,15.319427490234375,ok
LA_D_6654217,9.332507133483887,9.332515716552734,ok
LA_D_6654690,10.221220970153809,10.224263191223145,ok
LA_D_6655563,12.454442977905273,12.459269523620605,ok
LA_D_6656541,17.820331573486328,17.825775146484375,ok
LA_D_6659622,-13.549952507019043,-13.551522254943848,ok
LA_D_6660188,16.6724910736084,16.673112869262695,ok
LA_D_6660220,22.2021541595459,22.211183547973633,ok
LA_D_6661592,14.787610054016113,14.788220405578613,ok
LA_D_6662010,10.674830436706543,10.684014320373535,ok
LA_D_6662518,13.377185821533203,13.379096031188965,ok
LA_D_6663132,16.97646141052246,16.979501724243164,ok
LA_D_6663729,7.584755897521973,7.584768772125244,ok
LA_D_6665426,16.37083625793457,16.371171951293945,ok
LA_D_6666039,14.65865707397461,14.66231632232666,ok
LA_D_6666182,14.97575855255127,14.979273796081543,ok
LA_D_6666840,17.45519256591797,17.459688186645508,ok
LA_D_6668024,-13.30715274810791,-13.308493614196777,ok
LA_D_6669051,17.73079490661621,17.737258911132812,ok
LA_D_6669736,-15.565712928771973,-15.5674467086792,ok
LA_D_6670902,13.064395904541016,13.067239761352539,ok
LA_D_6670965,20.106962203979492,20.11335563659668,ok
LA_D_6671443,17.973384857177734,17.973535537719727,ok
LA_D_6672152,12.601399421691895,12.60237979888916,ok
LA_D_6672477,-12.250930786132812,-12.256625175476074,ok
LA_D_6675849,15.238133430480957,15.238672256469727,ok
LA_D_6676522,14.277303695678711,14.281855583190918,ok
LA_D_6677490,11.125365257263184,11.127089500427246,ok
LA_D_6677818,13.619477272033691,13.621600151062012,ok
LA_D_6678773,12.884005546569824,12.890236854553223,ok
LA_D_6678932,13.011445999145508,13.013398170471191,ok
LA_D_6680138,-8.611632347106934,-8.611757278442383,ok
LA_D_6681675,11.727468490600586,11.72750186920166,ok
LA_D_6681710,-12.67926025390625,-12.685310363769531,ok
LA_D_6682281,11.645780563354492,11.64709758758545,ok
LA_D_6682326,10.407386779785156,10.407470703125,ok
LA_D_6685036,8.973681449890137,8.979930877685547,ok
LA_D_6688232,15.848021507263184,15.850035667419434,ok
LA_D_6688724,10.58814811706543,10.589102745056152,ok
LA_D_6689023,12.68609619140625,12.689444541931152,ok
LA_D_6689857,18.0378475189209,18.0433292388916,ok
LA_D_6690982,17.067893981933594,17.067970275878906,ok
LA_D_6690990,14.01891040802002,14.021924018859863,ok
LA_D_6691154,16.57735252380371,16.57745361328125,ok
LA_D_6691337,13.202971458435059,13.203309059143066,ok
LA_D_6692133,19.554292678833008,19.555238723754883,ok
LA_D_6692719,16.494020462036133,16.494035720825195,ok
LA_D_6692967,17.129499435424805,17.1340274810791,ok
LA_D_6693898,13.154925346374512,13.157038688659668,ok
LA_D_6694820,13.64868450164795,13.649134635925293,ok
LA_D_6695161,11.924997329711914,11.925082206726074,ok
LA_D_6695214,6.487483978271484,6.489654064178467,ok
LA_D_6695450,14.820221900939941,14.823689460754395,ok
LA_D_6695615,17.389205932617188,17.3935489654541,ok
LA_D_6696204,15.620640754699707,15.623018264770508,ok
LA_D_6696589,14.959298133850098,14.960238456726074,ok
LA_D_6697232,11.683331489562988,11.685101509094238,ok
LA_D_6697944,15.059995651245117,15.060432434082031,ok
LA_D_6698865,12.270366668701172,12.270464897155762,ok
LA_D_6699665,13.81495189666748,13.81879711151123,ok
LA_D_6701963,-15.323943138122559,-15.325252532958984,ok
LA_D_6704472,-15.652993202209473,-15.655203819274902,ok
LA_D_6704901,11.722840309143066,11.72322940826416,ok
LA_D_6706248,11.794013977050781,11.796120643615723,ok
LA_D_6707722,13.658780097961426,13.671406745910645,ok
LA_D_6708714,15.30904769897461,15.3141450881958,ok
LA_D_6709571,13.162625312805176,13.162693977355957,ok
LA_D_6710142,14.249128341674805,14.25096607208252,ok
LA_D_6710195,11.64700698852539,11.645659446716309,ok
LA_D_6710328,-16.090028762817383,-16.090587615966797,ok
LA_D_6710971,14.593491554260254,14.5942964553833,ok
LA_D_6711029,9.910314559936523,9.91048526763916,ok
LA_D_6711434,-14.682112693786621,-14.682212829589844,ok
LA_D_6712579,11.330541610717773,11.331108093261719,ok
LA_D_6713264,19.78224754333496,19.783550262451172,ok
LA_D_6716159,-15.503890037536621,-15.504168510437012,ok
LA_D_6716178,16.34233856201172,16.348024368286133,ok
LA_D_6716544,11.141186714172363,11.141377449035645,ok
LA_D_6716819,17.173280715942383,17.18109893798828,ok
LA_D_6717375,-13.922724723815918,-13.927214622497559,ok
LA_D_6717508,17.600088119506836,17.601627349853516,ok
LA_D_6717975,15.327775001525879,15.327912330627441,ok
LA_D_6718237,-13.841240882873535,-13.843850135803223,ok
LA_D_6719368,14.150641441345215,14.150994300842285,ok
LA_D_6721591,14.31318473815918,14.31801700592041,ok
LA_D_6721785,15.15955638885498,15.161344528198242,ok
LA_D_6722285,12.737253189086914,12.737533569335938,ok
LA_D_6723637,9.733070373535156,9.733292579650879,ok
LA_D_6725130,15.907377243041992,15.91170883178711,ok
LA_D_6726447,11.374011993408203,11.377833366394043,ok
LA_D_6727952,12.5460205078125,12.548285484313965,ok
LA_D_6728041,12.596318244934082,12.600258827209473,ok
LA_D_6728141,-13.372115135192871,-13.372854232788086,ok
LA_D_6729690,15.781974792480469,15.788249015808105,ok
LA_D_6733057,11.15485954284668,11.155499458312988,ok
LA_D_6733844,7.489321231842041,7.489414691925049,ok
LA_D_6734401,8.867629051208496,8.871930122375488,ok
LA_D_6734573,14.481585502624512,14.482523918151855,ok
LA_D_6736028,-14.349352836608887,-14.351052284240723,ok
LA_D_6736452,13.441884994506836,13.44293212890625,ok
LA_D_6736813,7.979979038238525,7.980081081390381,ok
LA_D_6738457,9.409463882446289,9.411253929138184,ok
LA_D_6738889,18.026527404785156,18.027727127075195,ok
LA_D_6740610,14.291031837463379,14.294407844543457,ok
LA_D_6741986,-12.510625839233398,-12.510794639587402,ok
LA_D_6742117,15.134028434753418,15.135697364807129,ok
LA_D_6742661,13.356528282165527,13.357258796691895,ok
LA_D_6742796,16.907957077026367,16.908212661743164,ok
LA_D_6743141,17.125940322875977,17.127851486206055,ok
LA_D_6743274,11.661211013793945,11.664790153503418,ok
LA_D_6744596,12.78105354309082,12.782099723815918,ok
LA_D_6747363,19.169849395751953,19.17443084716797,ok
LA_D_6747561,10.662718772888184,10.663751602172852,ok
LA_D_6748543,15.83963394165039,15.84046745300293,ok
LA_D_6748977,20.844993591308594,20.84975242614746,ok
LA_D_6749090,12.791577339172363,12.795430183410645,ok
LA_D_6749101,-10.843789100646973,-10.845138549804688,ok
LA_D_6751659,16.248788833618164,16.2544002532959,ok
LA_D_6751883,16.905010223388672,16.919771194458008,ok
LA_D_6752187,8.288130760192871,8.288866996765137,ok
LA_D_6752719,16.33659553527832,16.336650848388672,ok
LA_D_6754663,12.349154472351074,12.35326862335205,ok
LA_D_6754774,16.923410415649414,16.92469596862793,ok
LA_D_6756999,14.670215606689453,14.670205116271973,ok
LA_D_6757692,-12.215598106384277,-12.217108726501465,ok
LA_D_6757990,18.43385124206543,18.44184112548828,ok
LA_D_6759383,14.07115364074707,14.072632789611816,ok
LA_D_6759403,15.405487060546875,15.411686897277832,ok
LA_D_6760408,11.506963729858398,11.50863265991211,ok
LA_D_6762250,8.853928565979004,8.857928276062012,ok
LA_D_6762877,10.275238990783691,10.2796630859375,ok
LA_D_6763784,9.348222732543945,9.348282814025879,ok
LA_D_6765632,17.678110122680664,17.682382583618164,ok
LA_D_6766548,18.38764190673828,18.38897705078125,ok
LA_D_6767586,17.228158950805664,17.235485076904297,ok
LA_D_6767763,17.548938751220703,17.549854278564453,ok
LA_D_6767768,7.235232830047607,7.239102840423584,ok
LA_D_6768042,12.60054874420166,12.607465744018555,ok
LA_D_6768434,16.041351318359375,16.0419979095459,ok
LA_D_6770649,17.481651306152344,17.48815155029297,ok
LA_D_6771345,14.86952018737793,14.869826316833496,ok
LA_D_6773067,12.847433090209961,12.847672462463379,ok
LA_D_6773995,13.05345344543457,13.053523063659668,ok
LA_D_6776598,11.89947509765625,11.899836540222168,ok
LA_D_6776653,13.538514137268066,13.540586471557617,ok
LA_D_6777944,9.016706466674805,9.01755428314209,ok
LA_D_6779692,12.860631942749023,12.862393379211426,ok
LA_D_6780816,15.26516056060791,15.266805648803711,ok
LA_D_6781568,10.514793395996094,10.514408111572266,ok
LA_D_6784610,15.112259864807129,15.112961769104004,ok
LA_D_6785127,15.837996482849121,15.842145919799805,ok
LA_D_6786099,15.0469970703125,15.048967361450195,ok
LA_D_6787599,10.895125389099121,10.895228385925293,ok
LA_D_6788465,17.135725021362305,17.14012336730957,ok
LA_D_6788782,10.622541427612305,10.62478256225586,ok
LA_D_6789571,14.721041679382324,14.720080375671387,ok
LA_D_6791229,15.018515586853027,15.028397560119629,ok
LA_D_6793108,15.549835205078125,15.570137023925781,ok
LA_D_6793210,14.582496643066406,14.583724975585938,ok
LA_D_6794210,8.226580619812012,8.229683876037598,ok
LA_D_6795264,-14.581785202026367,-14.58642864227295,ok
LA_D_6795503,16.73052978515625,16.73345947265625,ok
LA_D_6795908,15.415253639221191,15.417136192321777,ok
LA_D_6797923,16.210025787353516,16.21010398864746,ok
LA_D_6798093,10.271214485168457,10.271662712097168,ok
LA_D_6798242,14.175692558288574,14.177693367004395,ok
LA_D_6798609,13.939990997314453,13.94161319732666,ok
LA_D_6799496,-14.553406715393066,-14.557738304138184,ok
LA_D_6801331,14.997124671936035,14.99996566772461,ok
LA_D_6802049,12.588420867919922,12.589954376220703,ok
LA_D_6802153,11.607999801635742,11.608342170715332,ok
LA_D_6802172,17.294071197509766,17.31013298034668,ok
LA_D_6804587,6.466274738311768,6.4657440185546875,ok
LA_D_6805723,14.020698547363281,14.021416664123535,ok
LA_D_6806656,15.910690307617188,15.912842750549316,ok
LA_D_6806823,14.311482429504395,14.314824104309082,ok
LA_D_6806988,14.158550262451172,14.15855884552002,ok
LA_D_6807774,14.060184478759766,14.060975074768066,ok
LA_D_6807841,5.0303473472595215,5.033266544342041,ok
LA_D_6809474,14.478127479553223,14.479046821594238,ok
LA_D_6810036,12.700737953186035,12.705981254577637,ok
LA_D_6810679,16.67600440979004,16.676958084106445,ok
LA_D_6810732,-13.06424617767334,-13.064362525939941,ok
LA_D_6810969,12.781258583068848,12.783992767333984,ok
LA_D_6811737,10.467623710632324,10.46773624420166,ok
LA_D_6812624,15.928658485412598,15.938719749450684,ok
LA_D_6813136,13.849464416503906,13.849798202514648,ok
LA_D_6813740,13.320295333862305,13.323840141296387,ok
LA_D_6813990,8.315438270568848,8.31591510772705,ok
LA_D_6814264,10.473590850830078,10.473694801330566,ok
LA_D_6814636,16.979101181030273,16.993154525756836,ok
LA_D_6816441,15.218695640563965,15.232933044433594,ok
LA_D_6818615,10.794193267822266,10.79419994354248,ok
LA_D_6820465,9.165667533874512,9.167084693908691,ok
LA_D_6821250,10.257390975952148,10.257389068603516,ok
LA_D_6821909,-11.811861991882324,-11.812738418579102,ok
LA_D_6822464,3.1256251335144043,3.1256308555603027,ok
LA_D_6822833,12.870522499084473,12.870610237121582,ok
LA_D_6824022,-11.416555404663086,-11.417263984680176,ok
LA_D_6825223,7.381247043609619,7.385046482086182,ok
LA_D_6826053,14.242242813110352,14.242444038391113,ok
LA_D_6826884,17.676855087280273,17.681379318237305,ok
LA_D_6826887,13.742897033691406,13.745469093322754,ok
LA_D_6827798,10.493417739868164,10.493358612060547,ok
LA_D_6828209,14.035849571228027,14.047700881958008,ok
LA_D_6828979,14.913249969482422,14.913610458374023,ok
LA_D_6830532,7.137145042419434,7.137094497680664,ok
LA_D_6830608,16.13153648376465,16.13294219970703,ok
LA_D_6832377,13.175582885742188,13.176361083984375,ok
LA_D_6832697,9.336111068725586,9.336380958557129,ok
LA_D_6832953,12.567998886108398,12.569493293762207,ok
LA_D_6834540,16.91158676147461,16.917795181274414,ok
LA_D_6834652,18.262096405029297,18.26475715637207,ok
LA_D_6835954,11.40213680267334,11.402297019958496,ok
LA_D_6836003,-15.296279907226562,-15.302934646606445,ok
LA_D_6837161,12.893527030944824,12.901217460632324,ok
LA_D_6837499,13.849077224731445,13.852060317993164,ok
LA_D_6838627,13.405669212341309,13.406432151794434,ok
LA_D_6840108,13.302600860595703,13.302559852600098,ok
LA_D_6840556,14.898509979248047,14.900328636169434,ok
LA_D_6840690,12.592727661132812,12.592730522155762,ok
LA_D_6840971,17.295852661132812,17.296268463134766,ok
LA_D_6841789,-10.860784530639648,-10.861159324645996,ok
LA_D_6842136,-15.601076126098633,-15.605663299560547,ok
LA_D_6842546,10.560087203979492,10.561274528503418,ok
LA_D_6843205,-11.076512336730957,-11.077073097229004,ok
LA_D_6843468,-14.50841999053955,-14.50874137878418,ok
LA_D_6844056,11.777952194213867,11.778327941894531,ok
LA_D_6844450,15.682615280151367,15.68530559539795,ok
LA_D_6845080,12.522187232971191,12.5247163772583,ok
LA_D_6846040,18.57744026184082,18.57843017578125,ok
LA_D_6846115,14.842141151428223,14.841630935668945,ok
LA_D_6846914,11.261526107788086,11.261521339416504,ok
LA_D_6847229,12.993834495544434,12.995104789733887,ok
LA_D_6849663,17.062440872192383,17.063867568969727,ok
LA_D_6851421,14.66722297668457,14.676953315734863,ok
LA_D_6851877,15.309615135192871,15.312578201293945,ok
LA_D_6852175,10.65880298614502,10.660822868347168,ok
LA_D_6852390,12.379425048828125,12.381808280944824,ok
LA_D_6852869,5.537440299987793,5.537251949310303,ok
LA_D_6853671,17.552553176879883,17.5526065826416,ok
LA_D_6854275,17.559432983398438,17.566286087036133,ok
LA_D_6855752,17.513593673706055,17.533151626586914,ok
LA_D_6858597,17.007404327392578,17.007421493530273,ok
LA_D_6858810,16.63498306274414,16.639644622802734,ok
LA_D_6859973,13.798502922058105,13.800154685974121,ok
LA_D_6860124,11.97350025177002,11.979107856750488,ok
LA_D_6861811,14.404253959655762,14.413043022155762,ok
LA_D_6862159,16.377262115478516,16.377714157104492,ok
LA_D_6862553,16.025894165039062,16.03268814086914,ok
LA_D_6863055,4.989518642425537,4.989527225494385,ok
LA_D_6863380,12.351950645446777,12.352372169494629,ok
LA_D_6863957,9.317784309387207,9.31794261932373,ok
LA_D_6864087,23.381824493408203,23.38524055480957,ok
LA_D_6864236,-7.640229225158691,-7.6412129402160645,ok
LA_D_6865799,9.822551727294922,9.822747230529785,ok
LA_D_6865911,13.140786170959473,13.141186714172363,ok
LA_D_6866603,19.604108810424805,19.604551315307617,ok
LA_D_6868021,16.42317008972168,16.42778205871582,ok
LA_D_6868445,12.462374687194824,12.462820053100586,ok
LA_D_6868998,-12.622422218322754,-12.625168800354004,ok
LA_D_6869232,15.359564781188965,15.359662055969238,ok
LA_D_6870040,14.59433650970459,14.595330238342285,ok
LA_D_6870125,12.78235149383545,12.782374382019043,ok
LA_D_6871726,10.915328025817871,10.917640686035156,ok
LA_D_6872655,10.658622741699219,10.663640022277832,ok
LA_D_6874210,8.435980796813965,8.4371919631958,ok
LA_D_6874297,-13.11008071899414,-13.112338066101074,ok
LA_D_6875907,14.624767303466797,14.626961708068848,ok
LA_D_6876630,-14.92376708984375,-14.928583145141602,ok
LA_D_6876959,18.419729232788086,18.421463012695312,ok
LA_D_6877026,7.69735050201416,7.697226047515869,ok
LA_D_6878638,12.795796394348145,12.796425819396973,ok
LA_D_6878756,9.931364059448242,9.932916641235352,ok
LA_D_6879359,9.569360733032227,9.569991111755371,ok
LA_D_6880419,14.819432258605957,14.820716857910156,ok
LA_D_6882166,16.517459869384766,16.519092559814453,ok
LA_D_6884110,15.089909553527832,15.09530258178711,ok
LA_D_6884626,6.884831428527832,6.884770393371582,ok
LA_D_6886878,15.077750205993652,15.07866382598877,ok
LA_D_6887218,13.351164817810059,13.353400230407715,ok
LA_D_6890596,19.26534652709961,19.26535415649414,ok
LA_D_6890842,15.853852272033691,15.855774879455566,ok
LA_D_6890939,16.493812561035156,16.496694564819336,ok
LA_D_6892152,18.949501037597656,18.951101303100586,ok
LA_D_6892674,15.951949119567871,15.953242301940918,ok
LA_D_6893250,12.604525566101074,12.606162071228027,ok
LA_D_6893706,15.566988945007324,15.567572593688965,ok
LA_D_6895177,8.52886962890625,8.528931617736816,ok
LA_D_6897891,14.04626750946045,14.050056457519531,ok
LA_D_6898133,10.732633590698242,10.733874320983887,ok
LA_D_6898383,13.60361099243164,13.604132652282715,ok
LA_D_6899810,17.354677200317383,17.354936599731445,ok
LA_D_6900371,7.697488784790039,7.697500228881836,ok
LA_D_6901051,17.461240768432617,17.463075637817383,ok
LA_D_6902611,15.295014381408691,15.295750617980957,ok
LA_D_6902833,14.278427124023438,14.281033515930176,ok
LA_D_6903594,11.812410354614258,11.813122749328613,ok
LA_D_6903687,13.935676574707031,13.935928344726562,ok
LA_D_6903783,12.314335823059082,12.317341804504395,ok
LA_D_6904064,12.5846586227417,12.585081100463867,ok
LA_D_6904176,9.800741195678711,9.800599098205566,ok
LA_D_6905344,8.389128684997559,8.389081001281738,ok
LA_D_6906792,15.737391471862793,15.73878002166748,ok
LA_D_6908091,-14.43313217163086,-14.435060501098633,ok
LA_D_6908205,10.840632438659668,10.845969200134277,ok
LA_D_6908815,12.813328742980957,12.816546440124512,ok
LA_D_6909580,19.50349235534668,19.50493812561035,ok
LA_D_6910092,12.567816734313965,12.576872825622559,ok
LA_D_6911238,18.434663772583008,18.437541961669922,ok
LA_D_6913174,12.989351272583008,12.990617752075195,ok
LA_D_6913240,-13.729350090026855,-13.729961395263672,ok
LA_D_6913633,15.58987808227539,15.593074798583984,ok
LA_D_6913699,16.7955379486084,16.80381965637207,ok
LA_D_6914532,8.256646156311035,8.256767272949219,ok
LA_D_6914760,7.732938289642334,7.733989715576172,ok
LA_D_6919214,8.307046890258789,8.307330131530762,ok
LA_D_6920274,10.904193878173828,10.904309272766113,ok
LA_D_6920360,13.212981224060059,13.21414566040039,ok
LA_D_6920856,9.777599334716797,9.780783653259277,ok
LA_D_6920891,12.78542709350586,12.785871505737305,ok
LA_D_6921099,18.258089065551758,18.259614944458008,ok
LA_D_6921684,-13.282485008239746,-13.288762092590332,ok
LA_D_6921859,11.291128158569336,11.291617393493652,ok
LA_D_6923831,14.301620483398438,14.30538272857666,ok
LA_D_6923993,15.899405479431152,15.90307331085205,ok
LA_D_6924353,11.760189056396484,11.76094913482666,ok
LA_D_6925004,11.451763153076172,11.455151557922363,ok
LA_D_6925745,14.737886428833008,14.739381790161133,ok
LA_D_6925836,9.811431884765625,9.811553001403809,ok
LA_D_6927348,16.03043556213379,16.039161682128906,ok
LA_D_6927495,16.928848266601562,16.93107795715332,ok
LA_D_6928296,12.419971466064453,12.4209623336792,ok
LA_D_6928395,14.220792770385742,14.221392631530762,ok
LA_D_6928429,15.185105323791504,15.186856269836426,ok
LA_D_6930111,12.146589279174805,12.147193908691406,ok
LA_D_6930733,13.52069091796875,13.520962715148926,ok
LA_D_6931090,13.723583221435547,13.724505424499512,ok
LA_D_6931606,11.857431411743164,11.857550621032715,ok
LA_D_6931611,-12.62924575805664,-12.629959106445312,ok
LA_D_6931896,9.340302467346191,9.343008995056152,ok
LA_D_6932984,10.592360496520996,10.592927932739258,ok
LA_D_6933658,13.228845596313477,13.229790687561035,ok
LA_D_6934200,14.279094696044922,14.27997875213623,ok
LA_D_6935031,-14.50424861907959,-14.506340026855469,ok
LA_D_6935294,18.73265838623047,18.73470115661621,ok
LA_D_6935657,14.619708061218262,14.62170124053955,ok
LA_D_6936162,-15.322608947753906,-15.331677436828613,ok
LA_D_6936838,16.701854705810547,16.701860427856445,ok
LA_D_6936936,11.659024238586426,11.661327362060547,ok
LA_D_6937056,13.377097129821777,13.3778715133667,ok
LA_D_6937150,12.765542984008789,12.765795707702637,ok
LA_D_6937285,14.9320068359375,14.934377670288086,ok
LA_D_6937667,8.27916431427002,8.279181480407715,ok
LA_D_6938301,-12.235803604125977,-12.236037254333496,ok
LA_D_6938657,15.313977241516113,15.319750785827637,ok
LA_D_6939541,-11.966570854187012,-11.974791526794434,ok
LA_D_6940521,14.884453773498535,14.886940956115723,ok
LA_D_6942448,11.637917518615723,11.638400077819824,ok
LA_D_6943274,14.99793815612793,14.99820613861084,ok
LA_D_6945296,8.605155944824219,8.605305671691895,ok
LA_D_6945696,14.026867866516113,14.027917861938477,ok
LA_D_6946419,13.40241813659668,13.407317161560059,ok
LA_D_6946644,16.152297973632812,16.156545639038086,ok
LA_D_6946995,12.919083595275879,12.920723915100098,ok
LA_D_6947289,12.23285961151123,12.242851257324219,ok
LA_D_6947953,13.475970268249512,13.476174354553223,ok
LA_D_6947992,12.37949275970459,12.379652976989746,ok
LA_D_6948051,17.395923614501953,17.398727416992188,ok
LA_D_6948552,14.177627563476562,14.18371868133545,ok
LA_D_6949687,9.648724555969238,9.649248123168945,ok
LA_D_6950600,6.010147571563721,6.009714126586914,ok
LA_D_6951006,15.49813175201416,15.49865436553955,ok
LA_D_6952781,16.848379135131836,16.85056495666504,ok
LA_D_6953406,15.654548645019531,15.657425880432129,ok
LA_D_6953783,12.993247985839844,12.993468284606934,ok
LA_D_6954064,14.442240715026855,14.442564010620117,ok
LA_D_6954164,12.614049911499023,12.615766525268555,ok
LA_D_6954213,13.376961708068848,13.382184028625488,ok
LA_D_6956269,13.162969589233398,13.164840698242188,ok
LA_D_6957117,17.0328369140625,17.043794631958008,ok
LA_D_6957283,14.38133716583252,14.385210037231445,ok
LA_D_6960999,16.963254928588867,16.96363639831543,ok
LA_D_6961697,12.556711196899414,12.557175636291504,ok
LA_D_6962147,16.184534072875977,16.19004249572754,ok
LA_D_6962233,15.743389129638672,15.745097160339355,ok
LA_D_6963143,4.970654010772705,4.970878601074219,ok
LA_D_6963297,14.429241180419922,14.436001777648926,ok
LA_D_6963411,-14.372802734375,-14.378323554992676,ok
LA_D_6963530,-11.681230545043945,-11.681305885314941,ok
LA_D_6965307,9.133395195007324,9.133193969726562,ok
LA_D_6965493,16.478967666625977,16.4793643951416,ok
LA_D_6965771,18.88013458251953,18.887054443359375,ok
LA_D_6966164,12.715132713317871,12.715518951416016,ok
LA_D_6966577,20.542652130126953,20.55757713317871,ok
LA_D_6966943,7.017042636871338,7.020193576812744,ok
LA_D_6967013,19.622825622558594,19.624385833740234,ok
LA_D_6968726,19.986541748046875,19.9926700592041,ok
LA_D_6970550,16.783824920654297,16.784198760986328,ok
LA_D_6970983,15.805096626281738,15.806830406188965,ok
LA_D_6971538,15.525781631469727,15.526237487792969,ok
LA_D_6971712,11.68855094909668,11.68940258026123,ok
LA_D_6973097,10.731290817260742,10.732521057128906,ok
LA_D_6973797,11.300331115722656,11.300737380981445,ok
LA_D_6975418,17.276079177856445,17.281892776489258,ok
LA_D_6975465,13.325668334960938,13.327049255371094,ok
LA_D_6976547,7.494961261749268,7.495639324188232,ok
LA_D_6978333,15.600478172302246,15.603224754333496,ok
LA_D_6978904,13.664594650268555,13.667182922363281,ok
LA_D_6979806,14.875426292419434,14.876222610473633,ok
LA_D_6980166,-16.25497055053711,-16.25571632385254,ok
LA_D_6982355,11.309152603149414,11.309410095214844,ok
LA_D_6983240,7.261537075042725,7.2624831199646,ok
LA_D_6984588,11.408738136291504,11.408805847167969,ok
LA_D_6984595,-14.858760833740234,-14.86069393157959,ok
LA_D_6985192,12.153268814086914,12.1539945602417,ok
LA_D_6985201,15.586531639099121,15.586735725402832,ok
LA_D_6987202,10.492449760437012,10.49348258972168,ok
LA_D_6988249,13.038890838623047,13.041190147399902,ok
LA_D_6989506,-13.951432228088379,-13.958416938781738,ok
LA_D_6990164,9.79936695098877,9.799600601196289,ok
LA_D_6990804,18.246746063232422,18.247941970825195,ok
LA_D_6991662,7.057783126831055,7.060153484344482,ok
LA_D_6993157,9.042683601379395,9.042571067810059,ok
LA_D_6994349,-14.913578987121582,-14.918131828308105,ok
LA_D_6998107,15.319664001464844,15.321325302124023,ok
LA_D_6998182,18.27056312561035,18.278100967407227,ok
LA_D_7005622,14.690988540649414,14.700762748718262,ok
LA_D_7008532,14.689515113830566,14.691363334655762,ok
LA_D_7008788,12.78742504119873,12.787755966186523,ok
LA_D_7009736,11.22607421875,11.227320671081543,ok
LA_D_7009859,9.48326587677002,9.483436584472656,ok
LA_D_7010911,11.138686180114746,11.141777992248535,ok
LA_D_7012203,12.979463577270508,12.979979515075684,ok
LA_D_7015167,19.28499984741211,19.285470962524414,ok
LA_D_7015174,-16.020803451538086,-16.023557662963867,ok
LA_D_7015244,14.52828311920166,14.528399467468262,ok
LA_D_7015832,15.816298484802246,15.817204475402832,ok
LA_D_7016609,14.90980339050293,14.909893035888672,ok
LA_D_7016944,15.689285278320312,15.692063331604004,ok
LA_D_7016945,15.40461540222168,15.405869483947754,ok
LA_D_7017711,16.181365966796875,16.181875228881836,ok
LA_D_7018313,15.457261085510254,15.457385063171387,ok
LA_D_7018339,14.196706771850586,14.19702434539795,ok
LA_D_7021156,17.72242546081543,17.724763870239258,ok
LA_D_7021627,14.286649703979492,14.28791618347168,ok
LA_D_7021859,17.500263214111328,17.500825881958008,ok
LA_D_7023105,8.782367706298828,8.787185668945312,ok
LA_D_7023167,12.722456932067871,12.723479270935059,ok
LA_D_7024538,15.437252044677734,15.43734073638916,ok
LA_D_7026375,14.48949909210205,14.489577293395996,ok
LA_D_7026875,11.360044479370117,11.363167762756348,ok
LA_D_7028251,22.412460327148438,22.421966552734375,ok
LA_D_7029392,-2.016019105911255,-2.016019105911255,ok
LA_D_7030186,18.103477478027344,18.104997634887695,ok
LA_D_7030273,14.400069236755371,14.40420913696289,ok
LA_D_7030281,-15.439875602722168,-15.442351341247559,ok
LA_D_7030824,15.5584135055542,15.56303596496582,ok
LA_D_7030836,18.78631591796875,18.786651611328125,ok
LA_D_7031080,5.387479782104492,5.388441562652588,ok
LA_D_7031306,11.25886058807373,11.260443687438965,ok
LA_D_7031958,18.982147216796875,18.982240676879883,ok
LA_D_7033344,16.464670181274414,16.467409133911133,ok
LA_D_7034096,16.499475479125977,16.503087997436523,ok
LA_D_7034755,11.27088451385498,11.271450996398926,ok
LA_D_7035349,-13.56737995147705,-13.568161964416504,ok
LA_D_7035543,11.376893043518066,11.380064964294434,ok
LA_D_7036071,11.509361267089844,11.51073169708252,ok
LA_D_7037337,13.073019981384277,13.074912071228027,ok
LA_D_7038318,6.763533592224121,6.764400005340576,ok
LA_D_7038523,12.434288024902344,12.43697452545166,ok
LA_D_7038606,19.36724090576172,19.370588302612305,ok
LA_D_7039023,12.689395904541016,12.692212104797363,ok
LA_D_7039466,-15.122191429138184,-15.124493598937988,ok
LA_D_7039777,10.833827018737793,10.835760116577148,ok
LA_D_7039816,14.49960994720459,14.500889778137207,ok
LA_D_7040526,13.236702919006348,13.238783836364746,ok
LA_D_7040833,17.43075180053711,17.431562423706055,ok
LA_D_7040973,16.58300018310547,16.5850887298584,ok
LA_D_7041179,17.152982711791992,17.15349006652832,ok
LA_D_7041352,10.09461498260498,10.095559120178223,ok
LA_D_7041661,13.501885414123535,13.502652168273926,ok
LA_D_7043000,15.797429084777832,15.816978454589844,ok
LA_D_7043976,15.724706649780273,15.732452392578125,ok
LA_D_7044931,8.443111419677734,8.450640678405762,ok
LA_D_7045141,3.3177998065948486,3.3176422119140625,ok
LA_D_7045415,10.881224632263184,10.881260871887207,ok
LA_D_7045724,12.23091983795166,12.232739448547363,ok
LA_D_7045833,13.833422660827637,13.834345817565918,ok
LA_D_7049162,17.862754821777344,17.866064071655273,ok
LA_D_7051341,10.647302627563477,10.649221420288086,ok
LA_D_7051804,13.41454029083252,13.418838500976562,ok
LA_D_7052154,15.411399841308594,15.412323951721191,ok
LA_D_7052613,9.023087501525879,9.023337364196777,ok
LA_D_7053102,9.027738571166992,9.027764320373535,ok
LA_D_7053354,11.775596618652344,11.778108596801758,ok
LA_D_7054436,15.823034286499023,15.823925971984863,ok
LA_D_7057190,-13.701671600341797,-13.703940391540527,ok
LA_D_7057633,14.28666877746582,14.2897310256958,ok
LA_D_7058822,17.57734489440918,17.580707550048828,ok
LA_D_7059463,9.668712615966797,9.675204277038574,ok
LA_D_7061416,13.850345611572266,13.850391387939453,ok
LA_D_7063095,13.67239761352539,13.674363136291504,ok
LA_D_7063172,7.964988708496094,7.964482307434082,ok
LA_D_7063977,15.607467651367188,15.607500076293945,ok
LA_D_7064077,13.431174278259277,13.431361198425293,ok
LA_D_7064323,13.13688850402832,13.137114524841309,ok
LA_D_7065014,16.316627502441406,16.32781410217285,ok
LA_D_7065500,6.009314060211182,6.009326934814453,ok
LA_D_7066186,11.015385627746582,11.017254829406738,ok
LA_D_7066954,15.315868377685547,15.332396507263184,ok
LA_D_7066960,-16.508195877075195,-16.510818481445312,ok
LA_D_7067028,9.467961311340332,9.472114562988281,ok
LA_D_7067333,-11.56700611114502,-11.567152976989746,ok
LA_D_7068182,16.31123924255371,16.314027786254883,ok
LA_D_7070716,15.301138877868652,15.303542137145996,ok
LA_D_7072258,11.305560111999512,11.30893611907959,ok
LA_D_7073678,-4.422300815582275,-4.425787448883057,ok
LA_D_7076522,14.445941925048828,14.44990062713623,ok
LA_D_7080605,15.261697769165039,15.262773513793945,ok
LA_D_7080978,16.21689224243164,16.219860076904297,ok
LA_D_7081771,-15.225489616394043,-15.227299690246582,ok
LA_D_7081849,16.636274337768555,16.639986038208008,ok
LA_D_7082816,21.565532684326172,21.567806243896484,ok
LA_D_7083288,12.810853958129883,12.811125755310059,ok
LA_D_7083969,7.380138874053955,7.388466835021973,ok
LA_D_7084497,16.7530574798584,16.757661819458008,ok
LA_D_7086357,19.217832565307617,19.22295379638672,ok
LA_D_7086639,13.931939125061035,13.93514347076416,ok
LA_D_7086814,14.305349349975586,14.30722713470459,ok
LA_D_7087327,14.51931381225586,14.520081520080566,ok
LA_D_7088669,12.716147422790527,12.716142654418945,ok
LA_D_7089929,-10.26429557800293,-10.269577026367188,ok
LA_D_7090148,12.814068794250488,12.81505298614502,ok
LA_D_7090657,-12.53515338897705,-12.537402153015137,ok
LA_D_7091196,15.919760704040527,15.924504280090332,ok
LA_D_7091662,12.987878799438477,12.98897647857666,ok
LA_D_7092291,14.225462913513184,14.22636604309082,ok
LA_D_7092752,14.908185958862305,14.908246040344238,ok
LA_D_7094041,10.864033699035645,10.864818572998047,ok
LA_D_7094796,12.197151184082031,12.198674201965332,ok
LA_D_7096240,12.752047538757324,12.75429916381836,ok
LA_D_7096314,13.6392183303833,13.64205265045166,ok
LA_D_7097009,12.2398099899292,12.245023727416992,ok
LA_D_7097361,14.712058067321777,14.71186637878418,ok
LA_D_7098546,14.614296913146973,14.615165710449219,ok
LA_D_7100095,13.151257514953613,13.15124797821045,ok
LA_D_7100242,13.126113891601562,13.130834579467773,ok
LA_D_7100478,10.33706283569336,10.337080955505371,ok
LA_D_7100790,16.68151092529297,16.695959091186523,ok
LA_D_7101123,13.49494743347168,13.501588821411133,ok
LA_D_7103223,14.439465522766113,14.443140983581543,ok
LA_D_7104527,15.733442306518555,15.735098838806152,ok
LA_D_7107466,7.4024529457092285,7.401649475097656,ok
LA_D_7109251,12.588252067565918,12.594511985778809,ok
LA_D_7109771,15.852638244628906,15.85302448272705,ok
LA_D_7109981,-16.888248443603516,-16.891157150268555,ok
LA_D_7110669,-15.145461082458496,-15.145598411560059,ok
LA_D_7111174,13.145760536193848,13.152840614318848,ok
LA_D_7112224,16.91586685180664,16.9161434173584,ok
LA_D_7112267,14.153145790100098,14.174312591552734,ok
LA_D_7112692,12.590356826782227,12.59119701385498,ok
LA_D_7112975,10.09719467163086,10.09760570526123,ok
LA_D_7112988,11.56885814666748,11.569108009338379,ok
LA_D_7113087,12.960065841674805,12.963578224182129,ok
LA_D_7114007,12.438328742980957,12.438355445861816,ok
LA_D_7114213,17.492372512817383,17.506322860717773,ok
LA_D_7114977,-14.440441131591797,-14.441876411437988,ok
LA_D_7115178,15.466609954833984,15.467631340026855,ok
LA_D_7115973,15.154438018798828,15.163506507873535,ok
LA_D_7116605,17.478931427001953,17.48366928100586,ok
LA_D_7117158,17.28996467590332,17.292966842651367,ok
LA_D_7119255,15.699231147766113,15.710529327392578,ok
LA_D_7119606,12.509639739990234,12.511143684387207,ok
LA_D_7120164,8.745570182800293,8.745393753051758,ok
LA_D_7120318,11.408807754516602,11.412898063659668,ok
LA_D_7120364,13.957656860351562,13.960101127624512,ok
LA_D_7120378,12.83378791809082,12.833823204040527,ok
LA_D_7121049,12.37083625793457,12.371535301208496,ok
LA_D_7122184,-12.408050537109375,-12.408891677856445,ok
LA_D_7122312,12.546053886413574,12.54934024810791,ok
LA_D_7123142,11.17832088470459,11.180207252502441,ok
LA_D_7123406,-11.295562744140625,-11.29674243927002,ok
LA_D_7124167,17.942380905151367,17.94544792175293,ok
LA_D_7124239,16.05154037475586,16.053239822387695,ok
LA_D_7125605,17.478729248046875,17.48773193359375,ok
LA_D_7125815,15.927695274353027,15.932999610900879,ok
LA_D_7126476,19.105863571166992,19.105609893798828,ok
LA_D_7126534,15.868834495544434,15.871237754821777,ok
LA_D_7127082,16.423137664794922,16.423463821411133,ok
LA_D_7127633,14.742597579956055,14.745824813842773,ok
LA_D_7129621,12.399133682250977,12.39920425415039,ok
LA_D_7129774,11.81113052368164,11.811161994934082,ok
LA_D_7130070,-13.911419868469238,-13.911656379699707,ok
LA_D_7130454,11.006388664245605,11.007355690002441,ok
LA_D_7130895,19.982744216918945,19.982797622680664,ok
LA_D_7133142,18.518312454223633,18.52523422241211,ok
LA_D_7135015,14.806168556213379,14.80561351776123,ok
LA_D_7135654,14.21014404296875,14.218144416809082,ok
LA_D_7137953,11.624232292175293,11.627191543579102,ok
LA_D_7137971,14.455340385437012,14.455541610717773,ok
LA_D_7138607,14.724973678588867,14.725322723388672,ok
LA_D_7138620,16.870159149169922,16.871450424194336,ok
LA_D_7139438,15.30405330657959,15.307557106018066,ok
LA_D_7139553,-12.135921478271484,-12.136239051818848,ok
LA_D_7139694,21.640151977539062,21.640911102294922,ok
LA_D_7139855,16.038742065429688,16.040607452392578,ok
LA_D_7139969,11.835723876953125,11.836091041564941,ok
LA_D_7140664,14.145121574401855,14.14555549621582,ok
LA_D_7141763,12.832411766052246,12.833088874816895,ok
LA_D_7141905,20.60684585571289,20.611265182495117,ok
LA_D_7142124,17.79203224182129,17.796266555786133,ok
LA_D_7143938,17.83663558959961,17.837446212768555,ok
LA_D_7145015,12.304832458496094,12.320551872253418,ok
LA_D_7145643,10.257856369018555,10.258084297180176,ok
LA_D_7147745,15.861247062683105,15.861729621887207,ok
LA_D_7148219,13.151588439941406,13.152474403381348,ok
LA_D_7149026,9.819711685180664,9.819336891174316,ok
LA_D_7149435,17.84270477294922,17.855207443237305,ok
LA_D_7149695,11.38560676574707,11.386469841003418,ok
LA_D_7151621,14.182670593261719,14.183717727661133,ok
LA_D_7152817,-15.914859771728516,-15.917502403259277,ok
LA_D_7153247,16.039569854736328,16.04498291015625,ok
LA_D_7153518,17.38653564453125,17.392824172973633,ok
LA_D_7154160,13.889572143554688,13.89008617401123,ok
LA_D_7154479,-13.05324935913086,-13.053610801696777,ok
LA_D_7154683,12.181443214416504,12.181456565856934,ok
LA_D_7157816,6.528955459594727,6.529259204864502,ok
LA_D_7160142,13.324617385864258,13.325114250183105,ok
LA_D_7160537,12.248271942138672,12.252345085144043,ok
LA_D_7160972,-1.4624241590499878,-1.463039755821228,ok
LA_D_7162317,-15.579521179199219,-15.581355094909668,ok
LA_D_7164376,-14.470226287841797,-14.47126293182373,ok
LA_D_7164827,16.24413299560547,16.247446060180664,ok
LA_D_7165623,11.735677719116211,11.737455368041992,ok
LA_D_7165792,11.46318244934082,11.46492862701416,ok
LA_D_7166280,14.33505630493164,14.339548110961914,ok
LA_D_7166669,11.499907493591309,11.500643730163574,ok
LA_D_7166738,7.138754367828369,7.138691425323486,ok
LA_D_7166843,21.548809051513672,21.554121017456055,ok
LA_D_7167124,17.5819149017334,17.582639694213867,ok
LA_D_7167134,12.467056274414062,12.471702575683594,ok
LA_D_7168411,12.69089412689209,12.695374488830566,ok
LA_D_7169168,9.378724098205566,9.37939739227295,ok
LA_D_7169217,16.372758865356445,16.37826156616211,ok
LA_D_7170139,11.49191665649414,11.5018949508667,ok
LA_D_7170458,9.262330055236816,9.26250171661377,ok
LA_D_7170607,11.896424293518066,11.898701667785645,ok
LA_D_7170608,15.96624755859375,15.969748497009277,ok
LA_D_7170620,14.440408706665039,14.447397232055664,ok
LA_D_7171461,4.952613353729248,4.951414585113525,ok
LA_D_7172075,14.143526077270508,14.146400451660156,ok
LA_D_7173210,6.0336408615112305,6.03603982925415,ok
LA_D_7173433,16.258811950683594,16.268918991088867,ok
LA_D_7173940,14.920642852783203,14.921518325805664,ok
LA_D_7174232,17.65992546081543,17.66172218322754,ok
LA_D_7175689,15.153626441955566,15.156529426574707,ok
LA_D_7175704,12.635309219360352,12.635372161865234,ok
LA_D_7176031,16.497798919677734,16.502065658569336,ok
LA_D_7176078,15.748592376708984,15.751164436340332,ok
LA_D_7178248,7.6807050704956055,7.681451320648193,ok
LA_D_7179358,15.072254180908203,15.074556350708008,ok
LA_D_7179593,-13.707533836364746,-13.70776081085205,ok
LA_D_7180447,15.342545509338379,15.349635124206543,ok
LA_D_7181044,1.9970935583114624,1.9968358278274536,ok
LA_D_7182532,16.523578643798828,16.532794952392578,ok
LA_D_7183546,11.974285125732422,11.974806785583496,ok
LA_D_7183894,20.328779220581055,20.331369400024414,ok
LA_D_7186069,19.305070877075195,19.306339263916016,ok
LA_D_7186648,12.792215347290039,12.7921781539917,ok
LA_D_7187188,14.258394241333008,14.25886058807373,ok
LA_D_7187563,11.709742546081543,11.712281227111816,ok
LA_D_7187597,14.018560409545898,14.019163131713867,ok
LA_D_7187720,17.655935287475586,17.663719177246094,ok
LA_D_7188227,13.004687309265137,13.013640403747559,ok
LA_D_7189280,-15.693140983581543,-15.693567276000977,ok
LA_D_7189435,12.500438690185547,12.502972602844238,ok
LA_D_7189804,10.780261993408203,10.781234741210938,ok
LA_D_7190406,13.445694923400879,13.445748329162598,ok
LA_D_7190581,16.580867767333984,16.585535049438477,ok
LA_D_7191599,10.171314239501953,10.171280860900879,ok
LA_D_7191759,11.126066207885742,11.12794017791748,ok
LA_D_7191859,17.07783317565918,17.094486236572266,ok
LA_D_7192041,14.844693183898926,14.846413612365723,ok
LA_D_7192415,12.596209526062012,12.597402572631836,ok
LA_D_7193344,13.27856731414795,13.283130645751953,ok
LA_D_7194141,16.524307250976562,16.53384017944336,ok
LA_D_7194672,14.331082344055176,14.33182144165039,ok
LA_D_7194718,13.804389953613281,13.80489444732666,ok
LA_D_7194931,12.430573463439941,12.433744430541992,ok
LA_D_7196231,16.068777084350586,16.069028854370117,ok
LA_D_7196635,13.51672649383545,13.517584800720215,ok
LA_D_7197317,7.607172966003418,7.606712818145752,ok
LA_D_7199102,15.078113555908203,15.086349487304688,ok
LA_D_7200372,13.708438873291016,13.713047981262207,ok
LA_D_7200480,-5.711968421936035,-5.714759349822998,ok
LA_D_7200791,-13.779617309570312,-13.78154182434082,ok
LA_D_7201438,13.754573822021484,13.758941650390625,ok
LA_D_7201951,11.833897590637207,11.838379859924316,ok
LA_D_7203605,-9.630990028381348,-9.633857727050781,ok
LA_D_7204569,-13.840459823608398,-13.84972858428955,ok
LA_D_7205018,16.348344802856445,16.35268783569336,ok
LA_D_7205609,11.332776069641113,11.336241722106934,ok
LA_D_7206552,11.660893440246582,11.661723136901855,ok
LA_D_7207516,7.601832866668701,7.601961612701416,ok
LA_D_7207798,-6.3769917488098145,-6.377308368682861,ok
LA_D_7209731,12.26521110534668,12.265135765075684,ok
LA_D_7209780,12.5670804977417,12.568242073059082,ok
LA_D_7210071,16.306074142456055,16.310216903686523,ok
LA_D_7211753,13.691621780395508,13.691390991210938,ok
LA_D_7212540,8.127927780151367,8.128544807434082,ok
LA_D_7212590,14.739127159118652,14.7393217086792,ok
LA_D_7213885,-12.750783920288086,-12.757551193237305,ok
LA_D_7215553,3.7997632026672363,3.8006889820098877,ok
LA_D_7215783,13.978642463684082,13.980056762695312,ok
LA_D_7218456,10.256542205810547,10.257126808166504,ok
LA_D_7218513,15.557316780090332,15.557503700256348,ok
LA_D_7219075,18.46375274658203,18.47234344482422,ok
LA_D_7219088,13.419173240661621,13.419662475585938,ok
LA_D_7219426,-5.032026290893555,-5.032130718231201,ok
LA_D_7219660,10.874822616577148,10.875029563903809,ok
LA_D_7219959,16.580713272094727,16.582212448120117,ok
LA_D_7220382,15.821401596069336,15.823637962341309,ok
LA_D_7222508,14.851449966430664,14.851451873779297,ok
LA_D_7223284,12.713068008422852,12.716561317443848,ok
LA_D_7224171,12.815445899963379,12.815685272216797,ok
LA_D_7224568,4.728020668029785,4.728105068206787,ok
LA_D_7225053,14.351478576660156,14.35122013092041,ok
LA_D_7225338,9.752829551696777,9.752982139587402,ok
LA_D_7225984,15.07268238067627,15.072331428527832,ok
LA_D_7226739,15.5824613571167,15.585577011108398,ok
LA_D_7227396,10.336365699768066,10.337813377380371,ok
LA_D_7228303,12.195488929748535,12.199847221374512,ok
LA_D_7229041,14.027129173278809,14.029922485351562,ok
LA_D_7229340,13.77302360534668,13.773306846618652,ok
LA_D_7230566,-15.41313648223877,-15.41785717010498,ok
LA_D_7230852,15.950179100036621,15.951440811157227,ok
LA_D_7233780,16.62101936340332,16.626352310180664,ok
LA_D_7234016,14.739181518554688,14.740058898925781,ok
LA_D_7234278,15.319965362548828,15.321525573730469,ok
LA_D_7235373,-14.85205364227295,-14.854555130004883,ok
LA_D_7235672,17.04087257385254,17.04186248779297,ok
LA_D_7237488,20.5441837310791,20.545488357543945,ok
LA_D_7237811,25.038564682006836,25.04241943359375,ok
LA_D_7238018,-14.815855979919434,-14.816123962402344,ok
LA_D_7241809,19.4993953704834,19.5018253326416,ok
LA_D_7244876,13.163498878479004,13.175436973571777,ok
LA_D_7245573,9.253459930419922,9.256150245666504,ok
LA_D_7246488,14.829880714416504,14.830269813537598,ok
LA_D_7248069,11.344888687133789,11.34620189666748,ok
LA_D_7248953,15.474703788757324,15.476839065551758,ok
LA_D_7249074,16.73179054260254,16.74323081970215,ok
LA_D_7249552,10.177711486816406,10.182282447814941,ok
LA_D_7250780,15.646868705749512,15.648985862731934,ok
LA_D_7253146,-13.1355619430542,-13.136322975158691,ok
LA_D_7253310,10.127827644348145,10.128010749816895,ok
LA_D_7253817,11.619710922241211,11.619744300842285,ok
LA_D_7254011,12.95124340057373,12.955283164978027,ok
LA_D_7254050,15.578426361083984,15.585214614868164,ok
LA_D_7254378,25.082191467285156,25.090665817260742,ok
LA_D_7255005,-14.317665100097656,-14.324742317199707,ok
LA_D_7255755,15.869895935058594,15.87475872039795,ok
LA_D_7256748,12.64804744720459,12.650468826293945,ok
LA_D_7257796,13.443476676940918,13.44360065460205,ok
LA_D_7260355,16.200428009033203,16.202396392822266,ok
LA_D_7261120,-8.92759895324707,-8.929308891296387,ok
LA_D_7261537,12.085719108581543,12.085999488830566,ok
LA_D_7261761,12.158106803894043,12.162751197814941,ok
LA_D_7262716,15.160701751708984,15.16529369354248,ok
LA_D_7262720,12.409894943237305,12.410551071166992,ok
LA_D_7263188,16.48995590209961,16.493505477905273,ok
LA_D_7263401,16.946298599243164,16.946359634399414,ok
LA_D_7264686,12.570721626281738,12.57139778137207,ok
LA_D_7265371,13.21151351928711,13.212305068969727,ok
LA_D_7267402,-9.424556732177734,-9.426900863647461,ok
LA_D_7269077,14.757177352905273,14.759603500366211,ok
LA_D_7269587,9.271754264831543,9.273077964782715,ok
LA_D_7270074,-17.01510238647461,-17.01713752746582,ok
LA_D_7271587,-14.301202774047852,-14.303338050842285,ok
LA_D_7272412,15.074862480163574,15.074960708618164,ok
LA_D_7273712,15.256155014038086,15.259112358093262,ok
LA_D_7273954,9.418889999389648,9.419029235839844,ok
LA_D_7274330,9.774468421936035,9.774757385253906,ok
LA_D_7277373,-13.675600051879883,-13.676883697509766,ok
LA_D_7277920,14.492302894592285,14.492400169372559,ok
LA_D_7277959,12.870177268981934,12.870165824890137,ok
LA_D_7278311,17.72396469116211,17.727373123168945,ok
LA_D_7278858,9.966413497924805,9.966585159301758,ok
LA_D_7279265,15.078339576721191,15.079781532287598,ok
LA_D_7279410,7.7586493492126465,7.7586798667907715,ok
LA_D_7281015,10.737911224365234,10.742138862609863,ok
LA_D_7281159,15.033509254455566,15.039045333862305,ok
LA_D_7282044,8.197343826293945,8.197989463806152,ok
LA_D_7283308,11.713213920593262,11.715168952941895,ok
LA_D_7283586,14.445687294006348,14.446202278137207,ok
LA_D_7284760,18.014545440673828,18.017202377319336,ok
LA_D_7284920,9.634763717651367,9.63488483428955,ok
LA_D_7285246,15.2965087890625,15.310080528259277,ok
LA_D_7286535,11.977036476135254,11.980517387390137,ok
LA_D_7288605,20.920591354370117,20.922746658325195,ok
LA_D_7288713,12.202820777893066,12.2028169631958,ok
LA_D_7289124,17.660781860351562,17.670244216918945,ok
LA_D_7289423,12.001203536987305,12.002470016479492,ok
LA_D_7289655,8.635990142822266,8.635970115661621,ok
LA_D_7290012,19.74469757080078,19.745141983032227,ok
LA_D_7290138,20.57035255432129,20.570280075073242,ok
LA_D_7290285,14.867119789123535,14.869568824768066,ok
LA_D_7293816,9.933609962463379,9.937355995178223,ok
LA_D_7294059,10.453514099121094,10.45714282989502,ok
LA_D_7295722,18.2768497467041,18.28118324279785,ok
LA_D_7296201,11.137133598327637,11.1365966796875,ok
LA_D_7297087,12.275699615478516,12.275642395019531,ok
LA_D_7297385,15.014121055603027,15.014615058898926,ok
LA_D_7297643,16.861919403076172,16.866716384887695,ok
LA_D_7298083,11.364707946777344,11.370920181274414,ok
LA_D_7298541,10.57061767578125,10.57103157043457,ok
LA_D_7298589,12.817660331726074,12.823334693908691,ok
LA_D_7299439,16.18717384338379,16.205148696899414,ok
LA_D_7299514,-11.875190734863281,-11.87728500366211,ok
LA_D_7299706,7.019648551940918,7.019848823547363,ok
LA_D_7299749,14.593016624450684,14.593542098999023,ok
LA_D_7300406,10.678753852844238,10.679317474365234,ok
LA_D_7300764,11.70595645904541,11.707444190979004,ok
LA_D_7302282,10.830696105957031,10.835346221923828,ok
LA_D_7302367,14.45737361907959,14.459824562072754,ok
LA_D_7302757,15.865525245666504,15.867595672607422,ok
LA_D_7302765,10.431973457336426,10.437220573425293,ok
LA_D_7304634,-10.597180366516113,-10.599745750427246,ok
LA_D_7306507,12.385897636413574,12.3875093460083,ok
LA_D_7307287,18.101369857788086,18.103281021118164,ok
LA_D_7307702,16.27384376525879,16.2742862701416,ok
LA_D_7308100,18.2911319732666,18.3033390045166,ok
LA_D_7308358,8.102005958557129,8.102055549621582,ok
LA_D_7310490,7.754091262817383,7.753986358642578,ok
LA_D_7312402,10.01304817199707,10.014998435974121,ok
LA_D_7312535,10.665749549865723,10.667786598205566,ok
LA_D_7312592,20.029645919799805,20.0366268157959,ok
LA_D_7312870,18.556047439575195,18.565950393676758,ok
LA_D_7313112,11.784083366394043,11.784321784973145,ok
LA_D_7313906,12.208505630493164,12.210516929626465,ok
LA_D_7314322,-11.054530143737793,-11.054769515991211,ok
LA_D_7314849,13.500130653381348,13.500149726867676,ok
LA_D_7317360,17.705371856689453,17.708343505859375,ok
LA_D_7317597,11.24419116973877,11.24426555633545,ok
LA_D_7318854,10.170644760131836,10.170654296875,ok
LA_D_7319497,-13.8695650100708,-13.874350547790527,ok
LA_D_7320269,12.565080642700195,12.565815925598145,ok
LA_D_7321136,17.83932113647461,17.843242645263672,ok
LA_D_7322306,10.517333984375,10.51922607421875,ok
LA_D_7322960,11.551939964294434,11.557936668395996,ok
LA_D_7324285,-11.800288200378418,-11.801074028015137,ok
LA_D_7325586,11.94371509552002,11.945611953735352,ok
LA_D_7325649,11.350909233093262,11.357892036437988,ok
LA_D_7326976,14.495318412780762,14.496355056762695,ok
LA_D_7328344,9.836006164550781,9.8366060256958,ok
LA_D_7328872,14.171321868896484,14.172404289245605,ok
LA_D_7330298,12.90352725982666,12.903985023498535,ok
LA_D_7331566,15.08873176574707,15.08980655670166,ok
LA_D_7331654,13.165724754333496,13.166600227355957,ok
LA_D_7332066,14.117745399475098,14.119805335998535,ok
LA_D_7333250,12.642542839050293,12.642719268798828,ok
LA_D_7333352,-10.663347244262695,-10.664971351623535,ok
LA_D_7334119,8.200810432434082,8.200823783874512,ok
LA_D_7334607,11.911046028137207,11.912035942077637,ok
LA_D_7336188,13.389092445373535,13.389557838439941,ok
LA_D_7336955,13.415392875671387,13.417487144470215,ok
LA_D_7337126,15.723931312561035,15.726290702819824,ok
LA_D_7337279,23.488094329833984,23.48993492126465,ok
LA_D_7337689,11.373624801635742,11.373696327209473,ok
LA_D_7338327,9.295968055725098,9.297234535217285,ok
LA_D_7339440,15.837069511413574,15.841058731079102,ok
LA_D_7339762,-10.948769569396973,-10.949156761169434,ok
LA_D_7339843,14.428895950317383,14.430407524108887,ok
LA_D_7342043,10.625908851623535,10.626568794250488,ok
LA_D_7342694,8.438472747802734,8.439248085021973,ok
LA_D_7342764,11.829070091247559,11.829136848449707,ok
LA_D_7343331,13.584063529968262,13.585721015930176,ok
LA_D_7343735,16.225751876831055,16.227169036865234,ok
LA_D_7346067,9.956034660339355,9.959052085876465,ok
LA_D_7346604,7.076686859130859,7.079883098602295,ok
LA_D_7346965,8.794366836547852,8.794650077819824,ok
LA_D_7347549,13.932238578796387,13.932153701782227,ok
LA_D_7350895,13.309988021850586,13.31118106842041,ok
LA_D_7352908,13.070886611938477,13.072522163391113,ok
LA_D_7354898,16.046916961669922,16.04819679260254,ok
LA_D_7355156,12.545283317565918,12.54633617401123,ok
LA_D_7355507,16.507596969604492,16.50779914855957,ok
LA_D_7355604,13.09194278717041,13.095011711120605,ok
LA_D_7355945,10.580607414245605,10.580660820007324,ok
LA_D_7357609,12.700806617736816,12.703049659729004,ok
LA_D_7359047,19.706783294677734,19.71080207824707,ok
LA_D_7359378,14.608200073242188,14.610417366027832,ok
LA_D_7360950,13.093384742736816,13.100800514221191,ok
LA_D_7361566,-13.212512016296387,-13.214173316955566,ok
LA_D_7362645,10.126562118530273,10.128355026245117,ok
LA_D_7363059,13.914159774780273,13.91409683227539,ok
LA_D_7363405,12.803277015686035,12.80331039428711,ok
LA_D_7363496,14.173894882202148,14.174107551574707,ok
LA_D_7363764,-14.794711112976074,-14.805521965026855,ok
LA_D_7365945,14.055563926696777,14.05713176727295,ok
LA_D_7366011,11.121010780334473,11.122147560119629,ok
LA_D_7367187,16.196517944335938,16.198057174682617,ok
LA_D_7367873,14.931760787963867,14.934200286865234,ok
LA_D_7368554,11.702766418457031,11.70494556427002,ok
LA_D_7368744,12.361547470092773,12.374951362609863,ok
LA_D_7368863,17.609806060791016,17.612699508666992,ok
LA_D_7369444,13.307933807373047,13.308598518371582,ok
LA_D_7370306,-9.156868934631348,-9.160712242126465,ok
LA_D_7370520,-6.322296619415283,-6.323875904083252,ok
LA_D_7372276,10.084860801696777,10.084749221801758,ok
LA_D_7373220,15.344395637512207,15.344902992248535,ok
LA_D_7373443,14.360020637512207,14.36208438873291,ok
LA_D_7373652,16.74557876586914,16.7480411529541,ok
LA_D_7373710,11.739145278930664,11.739516258239746,ok
LA_D_7374784,12.140877723693848,12.141209602355957,ok
LA_D_7375499,11.901829719543457,11.902445793151855,ok
LA_D_7375840,17.13510513305664,17.148523330688477,ok
LA_D_7377187,7.414818286895752,7.414758682250977,ok
LA_D_7380127,13.640425682067871,13.641398429870605,ok
LA_D_7380433,11.09282398223877,11.09343147277832,ok
LA_D_7380582,-15.124800682067871,-15.129948616027832,ok
LA_D_7380667,10.09229850769043,10.092623710632324,ok
LA_D_7380699,17.710981369018555,17.716367721557617,ok
LA_D_7382039,19.335145950317383,19.360328674316406,ok
LA_D_7382673,18.75156021118164,18.754358291625977,ok
LA_D_7382692,12.724042892456055,12.724029541015625,ok
LA_D_7383133,15.159808158874512,15.162641525268555,ok
LA_D_7383463,9.630306243896484,9.630290031433105,ok
LA_D_7383599,-11.237969398498535,-11.238184928894043,ok
LA_D_7385274,-15.282378196716309,-15.288098335266113,ok
LA_D_7385727,11.295426368713379,11.295331001281738,ok
LA_D_7386222,11.277613639831543,11.278159141540527,ok
LA_D_7388625,10.323747634887695,10.324210166931152,ok
LA_D_7388723,12.568717956542969,12.568333625793457,ok
LA_D_7389015,13.312493324279785,13.312369346618652,ok
LA_D_7390522,14.66038990020752,14.661758422851562,ok
LA_D_7391591,-14.403882026672363,-14.405702590942383,ok
LA_D_7392383,16.609712600708008,16.61617088317871,ok
LA_D_7393779,15.857699394226074,15.859792709350586,ok
LA_D_7394528,14.884031295776367,14.885581016540527,ok
LA_D_7394757,-8.486351013183594,-8.486760139465332,ok
LA_D_7394778,15.071622848510742,15.074077606201172,ok
LA_D_7395153,21.330965042114258,21.33791160583496,ok
LA_D_7395983,13.183138847351074,13.183130264282227,ok
LA_D_7398116,11.883094787597656,11.884787559509277,ok
LA_D_7398349,13.349889755249023,13.352276802062988,ok
LA_D_7398714,12.939205169677734,12.94011402130127,ok
LA_D_7399269,11.373383522033691,11.377860069274902,ok
LA_D_7399969,15.440364837646484,15.44092845916748,ok
LA_D_7400680,-14.48223876953125,-14.483585357666016,ok
LA_D_7401877,12.058001518249512,12.058552742004395,ok
LA_D_7401894,15.610570907592773,15.613337516784668,ok
LA_D_7401919,11.683396339416504,11.683491706848145,ok
LA_D_7402503,7.954119682312012,7.95454740524292,ok
LA_D_7403376,14.913987159729004,14.91711711883545,ok
LA_D_7404557,14.462505340576172,14.465543746948242,ok
LA_D_7404738,15.48060131072998,15.482317924499512,ok
LA_D_7406865,11.19784927368164,11.1981782913208,ok
LA_D_7407432,-2.9794530868530273,-2.9802398681640625,ok
LA_D_7408100,-10.155876159667969,-10.157113075256348,ok
LA_D_7408392,10.123283386230469,10.123443603515625,ok
LA_D_7409252,17.51726722717285,17.519914627075195,ok
LA_D_7410620,12.460102081298828,12.461466789245605,ok
LA_D_7410931,13.838434219360352,13.843657493591309,ok
LA_D_7411008,11.0625638961792,11.062499046325684,ok
LA_D_7411256,14.935173988342285,14.945391654968262,ok
LA_D_7412100,12.051881790161133,12.054558753967285,ok
LA_D_7414510,15.88766098022461,15.887764930725098,ok
LA_D_7415426,18.748960494995117,18.750675201416016,ok
LA_D_7415755,16.557809829711914,16.561756134033203,ok
LA_D_7415932,13.23610782623291,13.240620613098145,ok
LA_D_7418362,16.369081497192383,16.37023162841797,ok
LA_D_7418963,13.53957748413086,13.539770126342773,ok
LA_D_7419811,7.686455249786377,7.686455726623535,ok
LA_D_7420352,12.564319610595703,12.56912612915039,ok
LA_D_7420382,9.401185989379883,9.402104377746582,ok
LA_D_7421260,17.964258193969727,17.96954917907715,ok
LA_D_7421536,16.053010940551758,16.057769775390625,ok
LA_D_7421940,13.351051330566406,13.351408958435059,ok
LA_D_7421972,15.507420539855957,15.511897087097168,ok
LA_D_7422802,14.745944023132324,14.758330345153809,ok
LA_D_7423342,-14.107584953308105,-14.109236717224121,ok
LA_D_7424751,14.77824592590332,14.778657913208008,ok
LA_D_7425009,12.755057334899902,12.755439758300781,ok
LA_D_7425122,17.436412811279297,17.44234275817871,ok
LA_D_7427303,16.300037384033203,16.30079460144043,ok
LA_D_7428513,-13.884891510009766,-13.888425827026367,ok
LA_D_7428865,16.54973602294922,16.553789138793945,ok
LA_D_7429028,20.898393630981445,20.8991641998291,ok
LA_D_7430270,13.471023559570312,13.472643852233887,ok
LA_D_7430660,11.296879768371582,11.296784400939941,ok
LA_D_7430939,14.376801490783691,14.383292198181152,ok
LA_D_7431648,15.50066089630127,15.500466346740723,ok
LA_D_7431998,15.203807830810547,15.204071044921875,ok
LA_D_7433900,15.393147468566895,15.394030570983887,ok
LA_D_7434265,12.755282402038574,12.757802963256836,ok
LA_D_7435327,14.493494033813477,14.494690895080566,ok
LA_D_7436720,14.051445960998535,14.055436134338379,ok
LA_D_7438016,9.15841007232666,9.158185958862305,ok
LA_D_7439452,13.346988677978516,13.349593162536621,ok
LA_D_7440074,15.044886589050293,15.045353889465332,ok
LA_D_7440389,14.062307357788086,14.06469440460205,ok
LA_D_7442253,15.9917573928833,15.99518871307373,ok
LA_D_7442269,9.525514602661133,9.525519371032715,ok
LA_D_7444518,14.540885925292969,14.546156883239746,ok
LA_D_7445146,15.379415512084961,15.383804321289062,ok
LA_D_7445946,23.920818328857422,23.92849349975586,ok
LA_D_7446128,15.32900619506836,15.332101821899414,ok
LA_D_7447795,13.75941276550293,13.759429931640625,ok
LA_D_7448493,9.820758819580078,9.821200370788574,ok
LA_D_7448540,10.073630332946777,10.077363014221191,ok
LA_D_7449021,16.537513732910156,16.539613723754883,ok
LA_D_7449236,-13.944750785827637,-13.944844245910645,ok
LA_D_7450739,-14.490486145019531,-14.49203872680664,ok
LA_D_7451179,10.503417015075684,10.5054292678833,ok
LA_D_7451276,-12.441555976867676,-12.443913459777832,ok
LA_D_7451358,12.776190757751465,12.781508445739746,ok
LA_D_7451364,-9.385626792907715,-9.38722038269043,ok
LA_D_7452217,17.691104888916016,17.69675064086914,ok
LA_D_7453123,16.59099006652832,16.59929084777832,ok
LA_D_7453706,7.509458065032959,7.508686065673828,ok
LA_D_7454687,10.182510375976562,10.184708595275879,ok
LA_D_7455119,-10.140669822692871,-10.147873878479004,ok
LA_D_7456275,15.169358253479004,15.170169830322266,ok
LA_D_7457091,12.711939811706543,12.71609878540039,ok
LA_D_7459319,13.103759765625,13.11085033416748,ok
LA_D_7460094,14.046635627746582,14.048800468444824,ok
LA_D_7460902,-12.79117202758789,-12.79118537902832,ok
LA_D_7461756,14.905698776245117,14.906733512878418,ok
LA_D_7464280,14.798588752746582,14.800925254821777,ok
LA_D_7464417,14.665363311767578,14.666522026062012,ok
LA_D_7464682,-15.45793342590332,-15.458513259887695,ok
LA_D_7464906,11.283773422241211,11.284451484680176,ok
LA_D_7466640,9.564762115478516,9.56533145904541,ok
LA_D_7466992,18.605226516723633,18.608646392822266,ok
LA_D_7467158,-11.521276473999023,-11.5215482711792,ok
LA_D_7467696,-13.998065948486328,-13.998580932617188,ok
LA_D_7467996,16.677122116088867,16.68419075012207,ok
LA_D_7468306,17.06546974182129,17.06795310974121,ok
LA_D_7468708,15.056366920471191,15.057333946228027,ok
LA_D_7468954,12.661134719848633,12.661206245422363,ok
LA_D_7469397,13.449870109558105,13.452254295349121,ok
LA_D_7470679,12.910248756408691,12.91074275970459,ok
LA_D_7471232,15.393403053283691,15.402909278869629,ok
LA_D_7471560,-14.48392105102539,-14.48728084564209,ok
LA_D_7472227,13.839398384094238,13.840088844299316,ok
LA_D_7473056,20.058666229248047,20.065664291381836,ok
LA_D_7473191,-14.389641761779785,-14.391790390014648,ok
LA_D_7473280,12.585046768188477,12.58518123626709,ok
LA_D_7473607,15.161332130432129,15.161438941955566,ok
LA_D_7473728,12.87002944946289,12.870058059692383,ok
LA_D_7476328,12.70108699798584,12.70169734954834,ok
LA_D_7477006,19.944286346435547,19.946712493896484,ok
LA_D_7478232,8.557432174682617,8.557509422302246,ok
LA_D_7479337,11.39199447631836,11.392001152038574,ok
LA_D_7479581,14.338576316833496,14.338767051696777,ok
LA_D_7479660,16.06075668334961,16.06086540222168,ok
LA_D_7480369,5.64954137802124,5.649556636810303,ok
LA_D_7480903,-6.481523036956787,-6.481895923614502,ok
LA_D_7481545,14.058152198791504,14.059406280517578,ok
LA_D_7481774,17.016395568847656,17.01933479309082,ok
LA_D_7481984,12.860976219177246,12.861865043640137,ok
LA_D_7482285,6.947606086730957,6.947684288024902,ok
LA_D_7482753,11.442142486572266,11.44239330291748,ok
LA_D_7484463,22.392433166503906,22.393091201782227,ok
LA_D_7484552,15.458142280578613,15.460943222045898,ok
LA_D_7484636,12.860543251037598,12.860905647277832,ok
LA_D_7484913,15.755789756774902,15.75578498840332,ok
LA_D_7485630,-13.791051864624023,-13.792572975158691,ok
LA_D_7486320,13.473276138305664,13.476601600646973,ok
LA_D_7487831,14.696468353271484,14.700505256652832,ok
LA_D_7489647,14.418630599975586,14.420671463012695,ok
LA_D_7489677,10.811406135559082,10.812027931213379,ok
LA_D_7490527,11.258272171020508,11.259292602539062,ok
LA_D_7491481,16.952219009399414,16.955354690551758,ok
LA_D_7491886,16.024730682373047,16.024900436401367,ok
LA_D_7493620,11.949475288391113,11.95090103149414,ok
LA_D_7493894,6.054896354675293,6.0548834800720215,ok
LA_D_7496196,-11.184610366821289,-11.185559272766113,ok
LA_D_7496841,8.181707382202148,8.18200397491455,ok
LA_D_7499183,14.104761123657227,14.106650352478027,ok
LA_D_7500473,15.144796371459961,15.146903038024902,ok
LA_D_7501132,14.595800399780273,14.597514152526855,ok
LA_D_7501222,13.966324806213379,13.967534065246582,ok
LA_D_7502624,14.580581665039062,14.581674575805664,ok
LA_D_7503562,14.57668399810791,14.577052116394043,ok
LA_D_7503637,14.279377937316895,14.27940845489502,ok
LA_D_7504069,12.309901237487793,12.310656547546387,ok
LA_D_7504343,10.60273551940918,10.60278034210205,ok
LA_D_7504762,10.980993270874023,10.984968185424805,ok
LA_D_7506025,14.047525405883789,14.052590370178223,ok
LA_D_7506195,19.33340072631836,19.34816551208496,ok
LA_D_7506627,16.63068389892578,16.631006240844727,ok
LA_D_7508544,25.805540084838867,25.810733795166016,ok
LA_D_7509263,14.927698135375977,14.928622245788574,ok
LA_D_7509663,-12.9104642868042,-12.911835670471191,ok
LA_D_7510202,-13.102749824523926,-13.110337257385254,ok
LA_D_7510219,9.130667686462402,9.130963325500488,ok
LA_D_7510776,17.411428451538086,17.41228675842285,ok
LA_D_7510866,18.590892791748047,18.593915939331055,ok
LA_D_7511640,10.608672142028809,10.608840942382812,ok
LA_D_7512294,-10.269856452941895,-10.270905494689941,ok
LA_D_7512399,15.445232391357422,15.452932357788086,ok
LA_D_7516190,14.396011352539062,14.396973609924316,ok
LA_D_7519102,12.849813461303711,12.850359916687012,ok
LA_D_7519937,15.859692573547363,15.860589027404785,ok
LA_D_7519959,13.847177505493164,13.847660064697266,ok
LA_D_7520064,10.357451438903809,10.364624977111816,ok
LA_D_7520400,16.88104248046875,16.884033203125,ok
LA_D_7520496,11.941224098205566,11.94225025177002,ok
LA_D_7521790,14.535618782043457,14.53780746459961,ok
LA_D_7522278,12.784412384033203,12.78571605682373,ok
LA_D_7523717,14.33222770690918,14.332262992858887,ok
LA_D_7524440,14.037347793579102,14.039166450500488,ok
LA_D_7524908,14.570961952209473,14.571585655212402,ok
LA_D_7525010,15.325997352600098,15.326817512512207,ok
LA_D_7525091,16.08526039123535,16.095441818237305,ok
LA_D_7525244,18.379873275756836,18.380815505981445,ok
LA_D_7525926,-12.055231094360352,-12.05739688873291,ok
LA_D_7526293,10.443563461303711,10.44423770904541,ok
LA_D_7526777,9.549241065979004,9.550673484802246,ok
LA_D_7528137,13.946717262268066,13.948492050170898,ok
LA_D_7529258,14.235950469970703,14.253247261047363,ok
LA_D_7529532,16.414196014404297,16.41901206970215,ok
LA_D_7530789,-14.937336921691895,-14.937851905822754,ok
LA_D_7532592,18.107561111450195,18.108606338500977,ok
LA_D_7533258,7.584726810455322,7.58323860168457,ok
LA_D_7533494,17.777456283569336,17.777292251586914,ok
LA_D_7535260,10.081902503967285,10.090481758117676,ok
LA_D_7535853,12.864226341247559,12.864912033081055,ok
LA_D_7536394,8.462590217590332,8.464495658874512,ok
LA_D_7536401,16.01827621459961,16.018619537353516,ok
LA_D_7536830,18.770105361938477,18.777490615844727,ok
LA_D_7537666,15.124306678771973,15.126015663146973,ok
LA_D_7537886,14.621938705444336,14.623692512512207,ok
LA_D_7538760,15.466148376464844,15.466324806213379,ok
LA_D_7540473,13.614638328552246,13.61491584777832,ok
LA_D_7541122,10.88854694366455,10.892521858215332,ok
LA_D_7542569,-13.144842147827148,-13.14509105682373,ok
LA_D_7543704,15.742838859558105,15.743340492248535,ok
LA_D_7543928,13.002676963806152,13.005316734313965,ok
LA_D_7544809,13.301767349243164,13.301946640014648,ok
LA_D_7546312,17.782623291015625,17.785673141479492,ok
LA_D_7546610,12.493175506591797,12.494441032409668,ok
LA_D_7547533,16.61456871032715,16.623056411743164,ok
LA_D_7549839,13.439435005187988,13.43934154510498,ok
LA_D_7550546,-14.312966346740723,-14.31550121307373,ok
LA_D_7550549,9.709789276123047,9.709980964660645,ok
LA_D_7550680,13.122735023498535,13.124436378479004,ok
LA_D_7551227,11.988262176513672,11.9884672164917,ok
LA_D_7551589,10.543835639953613,10.54652214050293,ok
LA_D_7551987,19.2969970703125,19.297903060913086,ok
LA_D_7552298,14.568584442138672,14.569499969482422,ok
LA_D_7552379,12.966104507446289,12.96838092803955,ok
LA_D_7554584,16.013530731201172,16.01422119140625,ok
LA_D_7554684,16.760757446289062,16.761178970336914,ok
LA_D_7555845,14.131431579589844,14.133170127868652,ok
LA_D_7555962,12.874367713928223,12.874463081359863,ok
LA_D_7556397,-12.400064468383789,-12.400187492370605,ok
LA_D_7557700,14.381617546081543,14.382146835327148,ok
LA_D_7558312,16.38119888305664,16.387203216552734,ok
LA_D_7558612,11.10976791381836,11.110507011413574,ok
LA_D_7559932,15.233044624328613,15.233858108520508,ok
LA_D_7560065,5.788669586181641,5.7890944480896,ok
LA_D_7560590,-13.632240295410156,-13.633057594299316,ok
LA_D_7560677,17.143497467041016,17.146631240844727,ok
LA_D_7560734,11.062483787536621,11.0628080368042,ok
LA_D_7562190,-13.140931129455566,-13.14244556427002,ok
LA_D_7562908,13.656220436096191,13.656990051269531,ok
LA_D_7562913,15.42530632019043,15.426008224487305,ok
LA_D_7563022,14.72509765625,14.728803634643555,ok
LA_D_7563550,16.57316017150879,16.575666427612305,ok
LA_D_7563714,17.332233428955078,17.334232330322266,ok
LA_D_7564052,12.294611930847168,12.296732902526855,ok
LA_D_7564617,16.290424346923828,16.292606353759766,ok
LA_D_7564800,14.009648323059082,14.012142181396484,ok
LA_D_7565415,13.367815971374512,13.36900806427002,ok
LA_D_7566925,-14.662571907043457,-14.667685508728027,ok
LA_D_7567281,11.075834274291992,11.076460838317871,ok
LA_D_7567334,11.38749885559082,11.388994216918945,ok
LA_D_7567821,9.767876625061035,9.768162727355957,ok
LA_D_7568059,8.080178260803223,8.080328941345215,ok
LA_D_7568962,13.13591480255127,13.135998725891113,ok
LA_D_7569481,14.46409797668457,14.464025497436523,ok
LA_D_7570554,-12.996514320373535,-12.996525764465332,ok
LA_D_7570899,-16.167007446289062,-16.1672306060791,ok
LA_D_7571658,11.123820304870605,11.12486743927002,ok
LA_D_7572295,12.401833534240723,12.401905059814453,ok
LA_D_7573124,14.96377182006836,14.96446418762207,ok
LA_D_7573833,14.851154327392578,14.851552963256836,ok
LA_D_7574071,11.48472785949707,11.484801292419434,ok
LA_D_7574255,16.535863876342773,16.540159225463867,ok
LA_D_7575592,12.54108715057373,12.541635513305664,ok
LA_D_7575803,13.795223236083984,13.803945541381836,ok
LA_D_7575877,13.930466651916504,13.931206703186035,ok
LA_D_7576905,14.375571250915527,14.37818431854248,ok
LA_D_7577366,16.811450958251953,16.815370559692383,ok
LA_D_7577850,17.962635040283203,17.968172073364258,ok
LA_D_7579833,12.359779357910156,12.36899471282959,ok
LA_D_7579942,11.050071716308594,11.05019474029541,ok
LA_D_7581183,10.706266403198242,10.706891059875488,ok
LA_D_7584788,15.927434921264648,15.92740535736084,ok
LA_D_7585893,15.425759315490723,15.429858207702637,ok
LA_D_7587942,18.10012435913086,18.104646682739258,ok
LA_D_7588199,15.630377769470215,15.636284828186035,ok
LA_D_7588214,5.235133171081543,5.234852313995361,ok
LA_D_7588829,15.084162712097168,15.09179401397705,ok
LA_D_7588911,16.64324378967285,16.644460678100586,ok
LA_D_7590299,5.875118255615234,5.874755382537842,ok
LA_D_7591062,12.213823318481445,12.219433784484863,ok
LA_D_7591549,18.567598342895508,18.572145462036133,ok
LA_D_7592898,7.645941257476807,7.647196292877197,ok
LA_D_7594892,-14.126736640930176,-14.127087593078613,ok
LA_D_7595396,20.118898391723633,20.1224308013916,ok
LA_D_7595937,13.20539379119873,13.205537796020508,ok
LA_D_7596547,18.890714645385742,18.89191246032715,ok
LA_D_7596579,-12.329151153564453,-12.330757141113281,ok
LA_D_7596619,-15.03261947631836,-15.035085678100586,ok
LA_D_7597147,13.991031646728516,13.992898941040039,ok
LA_D_7598446,18.097196578979492,18.098350524902344,ok
LA_D_7599548,12.655242919921875,12.657240867614746,ok
LA_D_7599571,17.321550369262695,17.322832107543945,ok
LA_D_7599610,11.211524963378906,11.21336555480957,ok
LA_D_7600381,-9.234057426452637,-9.234208106994629,ok
LA_D_7601827,14.21639347076416,14.218339920043945,ok
LA_D_7603558,15.522927284240723,15.52628231048584,ok
LA_D_7603562,13.246661186218262,13.2471342086792,ok
LA_D_7604548,12.754596710205078,12.760258674621582,ok
LA_D_7604669,12.900139808654785,12.90368366241455,ok
LA_D_7605047,-12.225920677185059,-12.227887153625488,ok
LA_D_7605675,15.151002883911133,15.15463638305664,ok
LA_D_7605953,-12.30621337890625,-12.306214332580566,ok
LA_D_7606081,12.469513893127441,12.470280647277832,ok
LA_D_7606254,14.145163536071777,14.146918296813965,ok
LA_D_7607538,11.842147827148438,11.842925071716309,ok
LA_D_7607582,9.329028129577637,9.32990550994873,ok
LA_D_7608424,14.896854400634766,14.899432182312012,ok
LA_D_7608750,14.47509765625,14.47516918182373,ok
LA_D_7608776,13.039349555969238,13.040748596191406,ok
LA_D_7611234,16.602659225463867,16.6051082611084,ok
LA_D_7611530,10.113187789916992,10.113143920898438,ok
LA_D_7611990,-14.10023021697998,-14.10478687286377,ok
LA_D_7612992,14.938844680786133,14.94305419921875,ok
LA_D_7613584,14.768598556518555,14.772600173950195,ok
LA_D_7614264,9.841047286987305,9.841826438903809,ok
LA_D_7614468,10.144326210021973,10.144478797912598,ok
LA_D_7614935,12.170310020446777,12.17502212524414,ok
LA_D_7615134,10.271793365478516,10.272604942321777,ok
LA_D_7616056,14.1834716796875,14.184269905090332,ok
LA_D_7616531,12.636279106140137,12.636279106140137,ok
LA_D_7616866,13.601306915283203,13.60405445098877,ok
LA_D_7618520,5.767387390136719,5.767582416534424,ok
LA_D_7618637,-13.554707527160645,-13.56252670288086,ok
LA_D_7618965,11.517868995666504,11.517939567565918,ok
LA_D_7620039,11.52225399017334,11.523026466369629,ok
LA_D_7620311,9.927498817443848,9.927553176879883,ok
LA_D_7621816,11.501426696777344,11.502394676208496,ok
LA_D_7622887,14.026697158813477,14.036303520202637,ok
LA_D_7623214,9.76921272277832,9.769275665283203,ok
LA_D_7623757,16.781715393066406,16.78394889831543,ok
LA_D_7625011,18.274429321289062,18.274839401245117,ok
LA_D_7625238,17.136913299560547,17.137741088867188,ok
LA_D_7626133,19.102848052978516,19.10417366027832,ok
LA_D_7626873,10.437739372253418,10.437980651855469,ok
LA_D_7627638,16.037084579467773,16.03902244567871,ok
LA_D_7627669,12.562478065490723,12.562514305114746,ok
LA_D_7628095,18.408061981201172,18.41292381286621,ok
LA_D_7628615,9.443272590637207,9.446944236755371,ok
LA_D_7628970,15.866475105285645,15.869210243225098,ok
LA_D_7629070,13.159496307373047,13.159621238708496,ok
LA_D_7629200,16.06532859802246,16.067546844482422,ok
LA_D_7630499,13.931085586547852,13.93138599395752,ok
LA_D_7631811,13.066887855529785,13.067195892333984,ok
LA_D_7632057,8.161142349243164,8.162232398986816,ok
LA_D_7632221,15.451387405395508,15.458962440490723,ok
LA_D_7634407,11.62874698638916,11.631470680236816,ok
LA_D_7635520,16.768096923828125,16.77155876159668,ok
LA_D_7635942,11.777652740478516,11.77895450592041,ok
LA_D_7640331,16.51203155517578,16.512468338012695,ok
LA_D_7640908,10.200693130493164,10.20101547241211,ok
LA_D_7640990,-14.30785846710205,-14.310853004455566,ok
LA_D_7641113,14.369678497314453,14.370647430419922,ok
LA_D_7641447,13.822537422180176,13.822915077209473,ok
LA_D_7643557,17.080533981323242,17.082138061523438,ok
LA_D_7643772,14.21483039855957,14.215192794799805,ok
LA_D_7643858,6.261977195739746,6.263679504394531,ok
LA_D_7643950,14.80990219116211,14.810724258422852,ok
LA_D_7644072,14.065993309020996,14.067313194274902,ok
LA_D_7644378,14.910540580749512,14.911587715148926,ok
LA_D_7645542,14.238100051879883,14.240119934082031,ok
LA_D_7647218,16.435211181640625,16.442663192749023,ok
LA_D_7647812,-15.570334434509277,-15.571586608886719,ok
LA_D_7647841,16.345876693725586,16.34673500061035,ok
LA_D_7647923,16.9373722076416,16.937898635864258,ok
LA_D_7650371,14.683085441589355,14.701491355895996,ok
LA_D_7651024,16.35334587097168,16.353771209716797,ok
LA_D_7651671,-10.696730613708496,-10.697501182556152,ok
LA_D_7652023,13.121954917907715,13.126997947692871,ok
LA_D_7655235,17.858280181884766,17.858640670776367,ok
LA_D_7655266,10.1409912109375,10.140862464904785,ok
LA_D_7655279,13.006132125854492,13.007157325744629,ok
LA_D_7655377,13.792882919311523,13.7930269241333,ok
LA_D_7655527,14.92064094543457,14.920641899108887,ok
LA_D_7656709,9.819074630737305,9.819158554077148,ok
LA_D_7656827,16.332277297973633,16.34316062927246,ok
LA_D_7657304,16.66674041748047,16.667951583862305,ok
LA_D_7659039,18.45962905883789,18.462087631225586,ok
LA_D_7659121,18.018356323242188,18.019006729125977,ok
LA_D_7660152,18.91440773010254,18.918426513671875,ok
LA_D_7660511,18.017230987548828,18.018613815307617,ok
LA_D_7660720,9.758390426635742,9.75844669342041,ok
LA_D_7661091,12.945693969726562,12.946473121643066,ok
LA_D_7661298,13.921916007995605,13.923274993896484,ok
LA_D_7661318,10.655595779418945,10.656412124633789,ok
LA_D_7661904,14.61210823059082,14.613448143005371,ok
LA_D_7662648,15.661321640014648,15.662094116210938,ok
LA_D_7663034,17.99601173400879,18.005687713623047,ok
LA_D_7663086,10.883018493652344,10.882840156555176,ok
LA_D_7663996,9.327588081359863,9.328100204467773,ok
LA_D_7664409,15.766470909118652,15.769083023071289,ok
LA_D_7664602,13.54409408569336,13.545982360839844,ok
LA_D_7664721,11.842670440673828,11.848333358764648,ok
LA_D_7664865,16.42461585998535,16.44148826599121,ok
LA_D_7665160,15.760826110839844,15.761597633361816,ok
LA_D_7666735,17.918224334716797,17.922149658203125,ok
LA_D_7667125,16.942134857177734,16.94230079650879,ok
LA_D_7667637,13.698596954345703,13.700860023498535,ok
LA_D_7668402,11.802988052368164,11.808480262756348,ok
LA_D_7669397,15.029452323913574,15.030327796936035,ok
LA_D_7670870,12.848408699035645,12.851134300231934,ok
LA_D_7672778,9.952547073364258,9.956232070922852,ok
LA_D_7673323,7.244215488433838,7.245119571685791,ok
LA_D_7674419,13.804680824279785,13.818734169006348,ok
LA_D_7674620,19.442197799682617,19.44224739074707,ok
LA_D_7675126,13.469919204711914,13.47056770324707,ok
LA_D_7677736,14.106424331665039,14.109519004821777,ok
LA_D_7678069,16.38408851623535,16.385663986206055,ok
LA_D_7678162,18.277055740356445,18.28118896484375,ok
LA_D_7679169,-13.397823333740234,-13.398457527160645,ok
LA_D_7679219,19.495269775390625,19.49532699584961,ok
LA_D_7679395,15.7814359664917,15.781363487243652,ok
LA_D_7679781,14.777416229248047,14.777424812316895,ok
LA_D_7680436,10.33378791809082,10.333998680114746,ok
LA_D_7680881,18.37948989868164,18.381601333618164,ok
LA_D_7681644,15.098919868469238,15.098322868347168,ok
LA_D_7681851,15.378321647644043,15.38417911529541,ok
LA_D_7682953,-13.542989730834961,-13.546772956848145,ok
LA_D_7683536,17.970470428466797,17.977680206298828,ok
LA_D_7684667,15.187864303588867,15.192334175109863,ok
LA_D_7684971,16.652156829833984,16.65929412841797,ok
LA_D_7685864,14.86973762512207,14.869518280029297,ok
LA_D_7687575,17.636474609375,17.64154624938965,ok
LA_D_7688135,16.04977035522461,16.056785583496094,ok
LA_D_7689936,17.139150619506836,17.145784378051758,ok
LA_D_7690544,11.332984924316406,11.334117889404297,ok
LA_D_7690918,12.483154296875,12.485121726989746,ok
LA_D_7691716,12.500229835510254,12.507412910461426,ok
LA_D_7692183,10.943543434143066,10.944724082946777,ok
LA_D_7693345,16.992549896240234,16.996248245239258,ok
LA_D_7693912,7.909673690795898,7.909179210662842,ok
LA_D_7694154,16.78888511657715,16.78993797302246,ok
LA_D_7694213,18.66010856628418,18.667192459106445,ok
LA_D_7697515,13.280695915222168,13.28459358215332,ok
LA_D_7698637,16.358827590942383,16.360475540161133,ok
LA_D_7702151,14.113669395446777,14.113694190979004,ok
LA_D_7702883,14.346516609191895,14.346795082092285,ok
LA_D_7703631,16.551246643066406,16.554288864135742,ok
LA_D_7704331,12.05960750579834,12.059698104858398,ok
LA_D_7704814,15.57404899597168,15.578782081604004,ok
LA_D_7704954,-14.9981689453125,-14.999390602111816,ok
LA_D_7705939,14.582220077514648,14.585282325744629,ok
LA_D_7705946,13.032139778137207,13.034550666809082,ok
LA_D_7707569,14.514263153076172,14.514719009399414,ok
LA_D_7707754,-12.611674308776855,-12.61281681060791,ok
LA_D_7708338,16.17924690246582,16.182836532592773,ok
LA_D_7711223,16.893753051757812,16.901214599609375,ok
LA_D_7711351,9.04909896850586,9.051538467407227,ok
LA_D_7711976,7.7779412269592285,7.778136253356934,ok
LA_D_7712763,14.443432807922363,14.44530963897705,ok
LA_D_7712887,17.06585121154785,17.093767166137695,ok
LA_D_7712944,11.674263000488281,11.674936294555664,ok
LA_D_7714440,16.191360473632812,16.197132110595703,ok
LA_D_7717790,13.103806495666504,13.103628158569336,ok
LA_D_7718050,-13.243454933166504,-13.243725776672363,ok
LA_D_7718079,-12.437408447265625,-12.439742088317871,ok
LA_D_7718364,-11.46717357635498,-11.467270851135254,ok
LA_D_7719213,13.561585426330566,13.569785118103027,ok
LA_D_7720126,-14.420653343200684,-14.426712036132812,ok
LA_D_7720647,15.06193733215332,15.068253517150879,ok
LA_D_7721121,13.637567520141602,13.637794494628906,ok
LA_D_7721167,13.697918891906738,13.701373100280762,ok
LA_D_7723211,16.02235221862793,16.023080825805664,ok
LA_D_7723352,15.533746719360352,15.533719062805176,ok
LA_D_7724545,12.900533676147461,12.900641441345215,ok
LA_D_7724772,-12.876575469970703,-12.877144813537598,ok
LA_D_7725114,13.303009033203125,13.305248260498047,ok
LA_D_7726114,-10.865252494812012,-10.866406440734863,ok
LA_D_7728140,12.804166793823242,12.80420207977295,ok
LA_D_7731461,21.312454223632812,21.314037322998047,ok
LA_D_7731909,-15.152985572814941,-15.15539264678955,ok
LA_D_7733072,17.083126068115234,17.082679748535156,ok
LA_D_7733474,12.681211471557617,12.68631649017334,ok
LA_D_7734402,11.133475303649902,11.133437156677246,ok
LA_D_7734687,16.36296844482422,16.396879196166992,ok
LA_D_7735219,13.558492660522461,13.57254695892334,ok
LA_D_7735847,13.787092208862305,13.793061256408691,ok
LA_D_7736037,15.370174407958984,15.375298500061035,ok
LA_D_7736331,14.655618667602539,14.661513328552246,ok
LA_D_7736435,15.916431427001953,15.917255401611328,ok
LA_D_7736497,13.513575553894043,13.515474319458008,ok
LA_D_7736692,17.137964248657227,17.140989303588867,ok
LA_D_7738175,10.1150541305542,10.116695404052734,ok
LA_D_7738182,10.152410507202148,10.154789924621582,ok
LA_D_7738912,14.736910820007324,14.739439010620117,ok
LA_D_7739036,10.795961380004883,10.796125411987305,ok
LA_D_7740163,13.807682991027832,13.811273574829102,ok
LA_D_7740262,18.97469711303711,18.977436065673828,ok
LA_D_7741491,16.176651000976562,16.178247451782227,ok
LA_D_7742306,14.835765838623047,14.837010383605957,ok
LA_D_7742793,12.365867614746094,12.374136924743652,ok
LA_D_7743189,8.766069412231445,8.766556739807129,ok
LA_D_7743470,13.219769477844238,13.225936889648438,ok
LA_D_7744376,12.889739990234375,12.890213966369629,ok
LA_D_7745862,13.549652099609375,13.551016807556152,ok
LA_D_7747702,9.987106323242188,9.987424850463867,ok
LA_D_7748160,22.36544418334961,22.366483688354492,ok
LA_D_7748254,13.973127365112305,13.975558280944824,ok
LA_D_7748381,26.42292594909668,26.425203323364258,ok
LA_D_7748502,10.256979942321777,10.257916450500488,ok
LA_D_7748664,14.96613597869873,14.968256950378418,ok
LA_D_7750101,12.140889167785645,12.143880844116211,ok
LA_D_7750113,14.373433113098145,14.374307632446289,ok
LA_D_7750829,15.685952186584473,15.687503814697266,ok
LA_D_7752556,9.657255172729492,9.658001899719238,ok
LA_D_7753521,-14.205846786499023,-14.211491584777832,ok
LA_D_7753669,10.808014869689941,10.808045387268066,ok
LA_D_7754957,10.945737838745117,10.945788383483887,ok
LA_D_7755104,17.811283111572266,17.811494827270508,ok
LA_D_7756238,14.5523099899292,14.552790641784668,ok
LA_D_7757055,10.229816436767578,10.230021476745605,ok
LA_D_7757173,13.567298889160156,13.572782516479492,ok
LA_D_7759688,13.521571159362793,13.521965026855469,ok
LA_D_7760363,11.755120277404785,11.755101203918457,ok
LA_D_7760476,14.411725997924805,14.412371635437012,ok
LA_D_7760578,-14.628730773925781,-14.63283920288086,ok
LA_D_7760924,9.546823501586914,9.54727554321289,ok
LA_D_7761946,16.23470687866211,16.23818016052246,ok
LA_D_7763323,13.21955394744873,13.219231605529785,ok
LA_D_7763354,12.111632347106934,12.111786842346191,ok
LA_D_7763874,9.562410354614258,9.563508033752441,ok
LA_D_7764203,9.91096019744873,9.915974617004395,ok
LA_D_7764747,12.494871139526367,12.499045372009277,ok
LA_D_7765088,-15.834508895874023,-15.835871696472168,ok
LA_D_7765457,14.614667892456055,14.616270065307617,ok
LA_D_7766550,12.790419578552246,12.790860176086426,ok
LA_D_7766576,15.207565307617188,15.210055351257324,ok
LA_D_7768185,3.851048231124878,3.8509786128997803,ok
LA_D_7768286,13.99146556854248,13.998710632324219,ok
LA_D_7769275,11.166768074035645,11.167552947998047,ok
LA_D_7769896,14.480497360229492,14.480692863464355,ok
LA_D_7770558,13.279779434204102,13.28134822845459,ok
LA_D_7771073,17.30529022216797,17.318761825561523,ok
LA_D_7771621,15.041413307189941,15.044751167297363,ok
LA_D_7772478,9.957615852355957,9.9612398147583,ok
LA_D_7772523,17.17537498474121,17.178525924682617,ok
LA_D_7772989,18.571651458740234,18.57612419128418,ok
LA_D_7773434,8.508159637451172,8.509642601013184,ok
LA_D_7773540,16.456350326538086,16.456798553466797,ok
LA_D_7773583,19.850738525390625,19.85230827331543,ok
LA_D_7773769,14.667011260986328,14.667852401733398,ok
LA_D_7774259,15.155978202819824,15.158581733703613,ok
LA_D_7774318,14.071444511413574,14.07115364074707,ok
LA_D_7774346,12.829493522644043,12.836058616638184,ok
LA_D_7775067,14.454327583312988,14.45616340637207,ok
LA_D_7775116,13.081811904907227,13.085556030273438,ok
LA_D_7775830,15.717269897460938,15.718202590942383,ok
LA_D_7775873,14.99831485748291,15.004755973815918,ok
LA_D_7780225,12.768144607543945,12.768450736999512,ok
LA_D_7783081,11.224456787109375,11.22484302520752,ok
LA_D_7783250,-14.422658920288086,-14.42307186126709,ok
LA_D_7783288,-11.732192993164062,-11.737946510314941,ok
LA_D_7783712,-15.121838569641113,-15.127878189086914,ok
LA_D_7784081,15.72835922241211,15.729206085205078,ok
LA_D_7784356,14.886324882507324,14.891509056091309,ok
LA_D_7784995,19.46141815185547,19.465970993041992,ok
LA_D_7785816,19.03925132751465,19.050031661987305,ok
LA_D_7786100,15.71001148223877,15.710246086120605,ok
LA_D_7789202,13.023314476013184,13.03077220916748,ok
LA_D_7789272,5.449069976806641,5.4496636390686035,ok
LA_D_7789532,14.651721954345703,14.654160499572754,ok
LA_D_7790850,-16.272502899169922,-16.276052474975586,ok
LA_D_7792362,10.871954917907715,10.874608039855957,ok
LA_D_7792652,14.012626647949219,14.012993812561035,ok
LA_D_7792788,12.155230522155762,12.155316352844238,ok
LA_D_7793474,17.41141128540039,17.4157772064209,ok
LA_D_7793940,15.007484436035156,15.008086204528809,ok
LA_D_7794367,12.351375579833984,12.35346508026123,ok
LA_D_7794776,13.964876174926758,13.969630241394043,ok
LA_D_7795388,13.411890029907227,13.413549423217773,ok
LA_D_7795831,12.657793998718262,12.663022994995117,ok
LA_D_7796753,-15.349733352661133,-15.350762367248535,ok
LA_D_7796964,13.88560676574707,13.88562297821045,ok
LA_D_7798691,14.723649024963379,14.724017143249512,ok
LA_D_7799234,14.864028930664062,14.86746883392334,ok
LA_D_7800026,8.886953353881836,8.887149810791016,ok
LA_D_7800270,16.236127853393555,16.24065589904785,ok
LA_D_7801572,4.096194267272949,4.0973687171936035,ok
LA_D_7803058,19.089954376220703,19.09004783630371,ok
LA_D_7803358,14.739195823669434,14.73918342590332,ok
LA_D_7803428,14.066854476928711,14.067212104797363,ok
LA_D_7803538,13.822720527648926,13.830784797668457,ok
LA_D_7804582,15.971090316772461,15.971091270446777,ok
LA_D_7804785,14.871944427490234,14.873610496520996,ok
LA_D_7805571,7.551875591278076,7.552186965942383,ok
LA_D_7806158,12.730293273925781,12.731104850769043,ok
LA_D_7806943,13.995769500732422,14.000887870788574,ok
LA_D_7808217,16.917497634887695,16.921998977661133,ok
LA_D_7809381,13.276305198669434,13.277925491333008,ok
LA_D_7810138,11.322986602783203,11.32313060760498,ok
LA_D_7810535,11.612106323242188,11.616495132446289,ok
LA_D_7812846,15.684138298034668,15.687755584716797,ok
LA_D_7813172,12.154333114624023,12.158156394958496,ok
LA_D_7813228,-10.529787063598633,-10.52993106842041,ok
LA_D_7813614,23.270727157592773,23.28251838684082,ok
LA_D_7815618,15.006117820739746,15.008340835571289,ok
LA_D_7821144,17.89093780517578,17.898536682128906,ok
LA_D_7821302,14.162274360656738,14.16242790222168,ok
LA_D_7822260,-14.970697402954102,-14.973870277404785,ok
LA_D_7822867,11.917016983032227,11.917439460754395,ok
LA_D_7823248,11.745914459228516,11.745902061462402,ok
LA_D_7823985,18.462175369262695,18.463668823242188,ok
LA_D_7824275,11.379960060119629,11.3803129196167,ok
LA_D_7824549,14.147880554199219,14.148622512817383,ok
LA_D_7824709,10.366348266601562,10.367562294006348,ok
LA_D_7825070,16.930755615234375,16.930660247802734,ok
LA_D_7826604,16.175067901611328,16.17679786682129,ok
LA_D_7827911,11.962288856506348,11.964186668395996,ok
LA_D_7828554,16.167144775390625,16.16901206970215,ok
LA_D_7828929,15.615654945373535,15.619002342224121,ok
LA_D_7829453,15.094229698181152,15.096278190612793,ok
LA_D_7831531,13.379134178161621,13.380037307739258,ok
LA_D_7832705,17.649320602416992,17.65428924560547,ok
LA_D_7833173,10.912149429321289,10.916903495788574,ok
LA_D_7833826,21.263952255249023,21.26620864868164,ok
LA_D_7834333,11.265098571777344,11.266865730285645,ok
LA_D_7834454,15.481758117675781,15.493420600891113,ok
LA_D_7836235,14.02553939819336,14.024778366088867,ok
LA_D_7836755,11.140480995178223,11.144381523132324,ok
LA_D_7836916,-4.473219394683838,-4.4738450050354,ok
LA_D_7836942,17.121389389038086,17.126209259033203,ok
LA_D_7837262,18.322927474975586,18.325471878051758,ok
LA_D_7839744,18.33375358581543,18.335378646850586,ok
LA_D_7840753,13.869895935058594,13.86989688873291,ok
LA_D_7841911,-16.43680763244629,-16.438838958740234,ok
LA_D_7843372,16.751230239868164,16.754131317138672,ok
LA_D_7843877,10.614317893981934,10.61544418334961,ok
LA_D_7845355,14.141952514648438,14.161069869995117,ok
LA_D_7845923,15.323395729064941,15.324262619018555,ok
LA_D_7847128,17.51081657409668,17.51776695251465,ok
LA_D_7852940,13.879847526550293,13.88448429107666,ok
LA_D_7853660,18.959819793701172,18.959962844848633,ok
LA_D_7853908,12.12875747680664,12.128729820251465,ok
LA_D_7855371,11.848274230957031,11.848467826843262,ok
LA_D_7856417,13.976434707641602,13.976840019226074,ok
LA_D_7858202,10.660536766052246,10.663286209106445,ok
LA_D_7858791,12.976160049438477,12.979565620422363,ok
LA_D_7860380,2.990903854370117,2.9925434589385986,ok
LA_D_7861602,17.169828414916992,17.173952102661133,ok
LA_D_7862876,17.582618713378906,17.58485221862793,ok
LA_D_7863446,11.117795944213867,11.117596626281738,ok
LA_D_7863940,11.110281944274902,11.110767364501953,ok
LA_D_7864167,17.12690544128418,17.13201904296875,ok
LA_D_7865378,12.173514366149902,12.175995826721191,ok
LA_D_7866293,16.122730255126953,16.12358856201172,ok
LA_D_7866849,-6.18388557434082,-6.1887383460998535,ok
LA_D_7870160,-15.430635452270508,-15.434017181396484,ok
LA_D_7870262,18.305465698242188,18.307308197021484,ok
LA_D_7870469,17.847122192382812,17.846948623657227,ok
LA_D_7871009,-15.701623916625977,-15.704010963439941,ok
LA_D_7871600,9.480596542358398,9.482067108154297,ok
LA_D_7872579,14.588208198547363,14.58834171295166,ok
LA_D_7874275,-13.120129585266113,-13.122905731201172,ok
LA_D_7874436,14.431997299194336,14.436259269714355,ok
LA_D_7877117,14.93881893157959,14.93903636932373,ok
LA_D_7878130,14.936328887939453,14.938316345214844,ok
LA_D_7878150,8.754875183105469,8.755356788635254,ok
LA_D_7879955,-11.754953384399414,-11.756088256835938,ok
LA_D_7880514,15.12796401977539,15.128787994384766,ok
LA_D_7880553,10.825989723205566,10.826319694519043,ok
LA_D_7882779,12.514639854431152,12.519038200378418,ok
LA_D_7882957,14.276725769042969,14.27673625946045,ok
LA_D_7883377,-11.036961555480957,-11.037928581237793,ok
LA_D_7883460,14.574992179870605,14.577988624572754,ok
LA_D_7884675,15.50852108001709,15.510218620300293,ok
LA_D_7887063,17.964195251464844,17.964521408081055,ok
LA_D_7887508,16.642507553100586,16.644166946411133,ok
LA_D_7888661,9.019426345825195,9.019574165344238,ok
LA_D_7890490,8.465377807617188,8.468528747558594,ok
LA_D_7891516,20.38567352294922,20.386428833007812,ok
LA_D_7891639,15.586518287658691,15.591660499572754,ok
LA_D_7891889,16.71932601928711,16.72279167175293,ok
LA_D_7892017,12.502738952636719,12.504094123840332,ok
LA_D_7893531,12.247391700744629,12.247541427612305,ok
LA_D_7893603,9.897073745727539,9.897833824157715,ok
LA_D_7894097,13.687769889831543,13.68836498260498,ok
LA_D_7895930,20.424108505249023,20.444530487060547,ok
LA_D_7895951,11.836283683776855,11.83631420135498,ok
LA_D_7896930,15.012297630310059,15.019474983215332,ok
LA_D_7898281,17.169797897338867,17.173311233520508,ok
LA_D_7900629,14.919551849365234,14.924077987670898,ok
LA_D_7901021,-16.40992546081543,-16.410985946655273,ok
LA_D_7901168,13.70513916015625,13.72236442565918,ok
LA_D_7901390,12.621973037719727,12.622184753417969,ok
LA_D_7901552,13.839765548706055,13.840760231018066,ok
LA_D_7901691,14.06265926361084,14.066073417663574,ok
LA_D_7903297,14.682418823242188,14.682233810424805,ok
LA_D_7903763,17.702613830566406,17.72062110900879,ok
LA_D_7904161,15.138136863708496,15.139801979064941,ok
LA_D_7904343,14.700340270996094,14.701431274414062,ok
LA_D_7905314,12.788931846618652,12.789813995361328,ok
LA_D_7905993,12.821002006530762,12.822243690490723,ok
LA_D_7906477,12.721586227416992,12.724696159362793,ok
LA_D_7906665,12.946189880371094,12.94899845123291,ok
LA_D_7906750,15.697543144226074,15.698196411132812,ok
LA_D_7907328,14.663788795471191,14.66669750213623,ok
LA_D_7907493,11.984786033630371,11.992186546325684,ok
LA_D_7907871,14.995065689086914,14.997611045837402,ok
LA_D_7909240,15.071122169494629,15.079729080200195,ok
LA_D_7910632,17.717357635498047,17.718963623046875,ok
LA_D_7912035,15.696359634399414,15.708053588867188,ok
LA_D_7912198,14.20866870880127,14.216228485107422,ok
LA_D_7912208,12.498801231384277,12.500597953796387,ok
LA_D_7915757,16.42867088317871,16.4443302154541,ok
LA_D_7916323,9.882378578186035,9.887063980102539,ok
LA_D_7918457,16.192916870117188,16.20983123779297,ok
LA_D_7918811,15.233514785766602,15.235219955444336,ok
LA_D_7919147,13.212471961975098,13.213852882385254,ok
LA_D_7919190,-13.500239372253418,-13.502272605895996,ok
LA_D_7920014,10.991199493408203,10.995392799377441,ok
LA_D_7920083,17.145254135131836,17.15130043029785,ok
LA_D_7920196,5.271155834197998,5.271941184997559,ok
LA_D_7922506,11.665745735168457,11.667107582092285,ok
LA_D_7922604,17.399513244628906,17.40217399597168,ok
LA_D_7922711,12.497431755065918,12.497403144836426,ok
LA_D_7925481,16.173816680908203,16.174692153930664,ok
LA_D_7927430,15.517016410827637,15.520371437072754,ok
LA_D_7928225,7.20912504196167,7.209540843963623,ok
LA_D_7930498,13.981874465942383,13.984001159667969,ok
LA_D_7931400,17.531999588012695,17.535669326782227,ok
LA_D_7931644,12.07817554473877,12.078240394592285,ok
LA_D_7932133,12.195090293884277,12.195969581604004,ok
LA_D_7932134,17.327322006225586,17.364717483520508,ok
LA_D_7932767,14.569380760192871,14.576106071472168,ok
LA_D_7933136,14.58010482788086,14.581559181213379,ok
LA_D_7933208,-13.958688735961914,-13.95949935913086,ok
LA_D_7934417,13.902939796447754,13.904175758361816,ok
LA_D_7936437,11.779620170593262,11.779669761657715,ok
LA_D_7937424,14.939793586730957,14.942778587341309,ok
LA_D_7937903,18.722742080688477,18.723024368286133,ok
LA_D_7938162,10.895627975463867,10.896331787109375,ok
LA_D_7939810,16.223867416381836,16.224882125854492,ok
LA_D_7940727,8.407601356506348,8.408355712890625,ok
LA_D_7941843,18.056533813476562,18.07050132751465,ok
LA_D_7942115,13.40906047821045,13.411396980285645,ok
LA_D_7944594,16.65945053100586,16.662599563598633,ok
LA_D_7944625,-8.558342933654785,-8.562819480895996,ok
LA_D_7945750,15.910204887390137,15.920329093933105,ok
LA_D_7946330,16.848413467407227,16.854215621948242,ok
LA_D_7947630,12.683338165283203,12.686086654663086,ok
LA_D_7948287,17.78591537475586,17.789819717407227,ok
LA_D_7949260,11.518646240234375,11.519792556762695,ok
LA_D_7950517,12.304916381835938,12.3071870803833,ok
LA_D_7952081,17.703203201293945,17.705472946166992,ok
LA_D_7953159,13.350329399108887,13.353468894958496,ok
LA_D_7953344,15.989005088806152,15.990340232849121,ok
LA_D_7953471,12.527593612670898,12.529446601867676,ok
LA_D_7954147,9.123251914978027,9.123015403747559,ok
LA_D_7954380,18.310871124267578,18.31495475769043,ok
LA_D_7955580,13.895484924316406,13.896750450134277,ok
LA_D_7957109,11.393118858337402,11.395761489868164,ok
LA_D_7957211,-12.179502487182617,-12.183287620544434,ok
LA_D_7957664,9.7765474319458,9.778254508972168,ok
LA_D_7958457,12.073760032653809,12.074167251586914,ok
LA_D_7958461,7.266368389129639,7.268183708190918,ok
LA_D_7959836,12.412717819213867,12.41418743133545,ok
LA_D_7960499,7.896575927734375,7.897453308105469,ok
LA_D_7961471,11.9745454788208,11.974814414978027,ok
LA_D_7962163,16.013084411621094,16.015283584594727,ok
LA_D_7963921,18.938434600830078,18.945262908935547,ok
LA_D_7964973,14.689787864685059,14.696321487426758,ok
LA_D_7965379,7.420933246612549,7.4214887619018555,ok
LA_D_7965716,14.58791732788086,14.58864974975586,ok
LA_D_7967827,9.708952903747559,9.709447860717773,ok
LA_D_7969154,17.967811584472656,17.975858688354492,ok
LA_D_7969869,18.022340774536133,18.02524757385254,ok
LA_D_7970013,14.35328483581543,14.357878684997559,ok
LA_D_7970494,9.320239067077637,9.322054862976074,ok
LA_D_7970984,19.30475425720215,19.319185256958008,ok
LA_D_7971494,15.035985946655273,15.040128707885742,ok
LA_D_7972028,18.09389305114746,18.094980239868164,ok
LA_D_7972252,14.283344268798828,14.28557300567627,ok
LA_D_7972724,-14.276473999023438,-14.278251647949219,ok
LA_D_7973047,12.245598793029785,12.251749992370605,ok
LA_D_7973088,10.901747703552246,10.90363597869873,ok
LA_D_7973788,14.09837532043457,14.100682258605957,ok
LA_D_7974481,11.694098472595215,11.69432544708252,ok
LA_D_7974536,-14.728142738342285,-14.731114387512207,ok
LA_D_7974697,11.605615615844727,11.606793403625488,ok
LA_D_7975085,14.740948677062988,14.747342109680176,ok
LA_D_7977077,14.969061851501465,14.970050811767578,ok
LA_D_7977320,14.871570587158203,14.874772071838379,ok
LA_D_7978065,7.0198822021484375,7.019929885864258,ok
LA_D_7979163,12.227375984191895,12.22783374786377,ok
LA_D_7979281,19.599878311157227,19.600431442260742,ok
LA_D_7979297,15.343201637268066,15.347525596618652,ok
LA_D_7979905,13.43871021270752,13.438812255859375,ok
LA_D_7980033,15.066581726074219,15.069436073303223,ok
LA_D_7981282,14.937897682189941,14.951533317565918,ok
LA_D_7982514,-14.360692977905273,-14.36180591583252,ok
LA_D_7984251,16.010631561279297,16.010456085205078,ok
LA_D_7984768,15.383516311645508,15.385287284851074,ok
LA_D_7984933,14.8792085647583,14.881267547607422,ok
LA_D_7985250,13.587990760803223,13.5943021774292,ok
LA_D_7985410,8.910770416259766,8.911232948303223,ok
LA_D_7986044,16.189035415649414,16.19028663635254,ok
LA_D_7986305,16.701997756958008,16.703948974609375,ok
LA_D_7988938,16.595430374145508,16.602998733520508,ok
LA_D_7989171,11.000587463378906,11.001448631286621,ok
LA_D_7989607,-12.23606014251709,-12.236332893371582,ok
LA_D_7989855,23.26992416381836,23.290586471557617,ok
LA_D_7990145,13.33591079711914,13.343811988830566,ok
LA_D_7990767,7.462220191955566,7.465904712677002,ok
LA_D_7991093,14.10762882232666,14.109721183776855,ok
LA_D_7992518,23.602495193481445,23.607439041137695,ok
LA_D_7993138,22.153013229370117,22.17877769470215,ok
LA_D_7993478,15.609893798828125,15.610716819763184,ok
LA_D_7994905,11.344260215759277,11.345233917236328,ok
LA_D_7994992,10.964798927307129,10.966145515441895,ok
LA_D_7995508,16.00185775756836,16.005634307861328,ok
LA_D_7995545,7.926563739776611,7.933538436889648,ok
LA_D_7995659,17.99361228942871,17.99753761291504,ok
LA_D_7996201,12.439273834228516,12.441128730773926,ok
LA_D_7996866,11.896320343017578,11.89687442779541,ok
LA_D_7996904,9.435564994812012,9.435576438903809,ok
LA_D_7997330,19.162973403930664,19.165685653686523,ok
LA_D_7998693,9.30023193359375,9.300619125366211,ok
LA_D_7999736,17.01581573486328,17.018468856811523,ok
LA_D_8000547,17.822784423828125,17.82895851135254,ok
LA_D_8001922,12.59005355834961,12.59106159210205,ok
LA_D_8002093,7.825961589813232,7.8321003913879395,ok
LA_D_8002427,16.3537654876709,16.355344772338867,ok
LA_D_8002591,13.672467231750488,13.673069953918457,ok
LA_D_8003757,14.827282905578613,14.827733039855957,ok
LA_D_8003982,8.280266761779785,8.280060768127441,ok
LA_D_8006078,20.938392639160156,20.94037437438965,ok
LA_D_8006339,-14.363941192626953,-14.364245414733887,ok
LA_D_8006888,14.660787582397461,14.675471305847168,ok
LA_D_8008375,12.834304809570312,12.835395812988281,ok
LA_D_8008446,11.978391647338867,11.982682228088379,ok
LA_D_8010160,16.53232192993164,16.543067932128906,ok
LA_D_8011201,11.492694854736328,11.496140480041504,ok
LA_D_8012683,12.442865371704102,12.44909954071045,ok
LA_D_8014808,11.009937286376953,11.009432792663574,ok
LA_D_8015998,18.25346565246582,18.261240005493164,ok
LA_D_8018834,13.81921100616455,13.82083797454834,ok
LA_D_8019379,13.1842041015625,13.184897422790527,ok
LA_D_8020367,11.095885276794434,11.09813404083252,ok
LA_D_8022264,13.605295181274414,13.61104965209961,ok
LA_D_8022584,18.185211181640625,18.18596076965332,ok
LA_D_8022699,11.877747535705566,11.882651329040527,ok
LA_D_8023557,9.636178970336914,9.636762619018555,ok
LA_D_8024787,20.04969596862793,20.050004959106445,ok
LA_D_8025687,15.439346313476562,15.441454887390137,ok
LA_D_8026429,16.347694396972656,16.347909927368164,ok
LA_D_8027836,14.165745735168457,14.168493270874023,ok
LA_D_8028295,9.7561674118042,9.757730484008789,ok
LA_D_8028589,15.484644889831543,15.485745429992676,ok
LA_D_8029129,6.707489013671875,6.70832633972168,ok
LA_D_8029227,-11.459614753723145,-11.460399627685547,ok
LA_D_8029513,13.20487117767334,13.204888343811035,ok
LA_D_8030349,15.406805992126465,15.41140079498291,ok
LA_D_8030557,14.260237693786621,14.26717472076416,ok
LA_D_8031870,-15.545318603515625,-15.554986000061035,ok
LA_D_8033621,-14.998466491699219,-15.001740455627441,ok
LA_D_8035203,13.666922569274902,13.676373481750488,ok
LA_D_8035288,10.640305519104004,10.640568733215332,ok
LA_D_8035773,8.473248481750488,8.473443031311035,ok
LA_D_8037199,-14.433100700378418,-14.433527946472168,ok
LA_D_8037358,-12.102441787719727,-12.102680206298828,ok
LA_D_8037458,6.5969061851501465,6.596956729888916,ok
LA_D_8037537,12.836098670959473,12.836926460266113,ok
LA_D_8038151,13.72634506225586,13.731406211853027,ok
LA_D_8039108,2.5790185928344727,2.5793659687042236,ok
LA_D_8039247,14.458776473999023,14.4592866897583,ok
LA_D_8042295,13.323637962341309,13.324957847595215,ok
LA_D_8042846,-12.199592590332031,-12.200173377990723,ok
LA_D_8043080,-15.505027770996094,-15.506341934204102,ok
LA_D_8043094,8.275259971618652,8.277359962463379,ok
LA_D_8044665,18.198829650878906,18.20237922668457,ok
LA_D_8045100,11.723726272583008,11.724970817565918,ok
LA_D_8045695,11.525671005249023,11.526822090148926,ok
LA_D_8046608,5.796697616577148,5.797426223754883,ok
LA_D_8047166,12.972969055175781,12.974400520324707,ok
LA_D_8047998,17.446630477905273,17.448293685913086,ok
LA_D_8048204,9.296496391296387,9.295648574829102,ok
LA_D_8048240,9.586542129516602,9.58829402923584,ok
LA_D_8048655,8.035541534423828,8.03671932220459,ok
LA_D_8050534,10.120742797851562,10.120682716369629,ok
LA_D_8051414,14.499297142028809,14.500741958618164,ok
LA_D_8051595,9.198943138122559,9.206028938293457,ok
LA_D_8052049,10.477025032043457,10.477046012878418,ok
LA_D_8052749,15.461498260498047,15.465631484985352,ok
LA_D_8055872,-17.2845516204834,-17.288747787475586,ok
LA_D_8055923,15.521039009094238,15.528409004211426,ok
LA_D_8056679,14.614740371704102,14.619418144226074,ok
LA_D_8056722,11.50023078918457,11.500383377075195,ok
LA_D_8056974,14.679227828979492,14.68032169342041,ok
LA_D_8057316,7.451934814453125,7.452238082885742,ok
LA_D_8058106,14.692717552185059,14.6939058303833,ok
LA_D_8059988,10.378303527832031,10.378644943237305,ok
LA_D_8060077,10.891800880432129,10.892361640930176,ok
LA_D_8061400,-15.010461807250977,-15.011981964111328,ok
LA_D_8062342,15.95079517364502,15.952681541442871,ok
LA_D_8063128,16.24517059326172,16.246362686157227,ok
LA_D_8063205,15.416396141052246,15.417193412780762,ok
LA_D_8063814,17.49491310119629,17.495283126831055,ok
LA_D_8063853,12.236217498779297,12.236224174499512,ok
LA_D_8066346,13.14907455444336,13.15601634979248,ok
LA_D_8068169,14.566819190979004,14.56743335723877,ok
LA_D_8069387,16.036388397216797,16.037126541137695,ok
LA_D_8069736,11.007773399353027,11.012272834777832,ok
LA_D_8070544,14.499089241027832,14.505549430847168,ok
LA_D_8071214,17.124652862548828,17.134441375732422,ok
LA_D_8072455,18.267648696899414,18.269399642944336,ok
LA_D_8073022,15.711737632751465,15.713879585266113,ok
LA_D_8073420,16.589590072631836,16.59281349182129,ok
LA_D_8073490,-12.419792175292969,-12.420199394226074,ok
LA_D_8075316,11.3342866897583,11.33460807800293,ok
LA_D_8075381,10.30569076538086,10.309054374694824,ok
LA_D_8075963,11.492532730102539,11.495158195495605,ok
LA_D_8076309,-13.510592460632324,-13.513081550598145,ok
LA_D_8076373,14.948994636535645,14.948994636535645,ok
LA_D_8076419,7.94743013381958,7.948585033416748,ok
LA_D_8076714,11.081944465637207,11.082072257995605,ok
LA_D_8076909,14.921732902526855,14.924015998840332,ok
LA_D_8076952,13.90788745880127,13.910292625427246,ok
LA_D_8077226,12.398519515991211,12.400391578674316,ok
LA_D_8077642,17.584590911865234,17.589405059814453,ok
LA_D_8078382,-11.173684120178223,-11.175674438476562,ok
LA_D_8080127,9.327033042907715,9.327187538146973,ok
LA_D_8086346,13.704265594482422,13.704665184020996,ok
LA_D_8087903,13.079729080200195,13.079718589782715,ok
LA_D_8088423,14.4218111038208,14.425963401794434,ok
LA_D_8088848,14.866089820861816,14.870218276977539,ok
LA_D_8089053,11.735152244567871,11.735513687133789,ok
LA_D_8089175,-5.050620079040527,-5.051364421844482,ok
LA_D_8090102,16.81447410583496,16.81686782836914,ok
LA_D_8090443,20.19608497619629,20.196170806884766,ok
LA_D_8091175,14.380749702453613,14.38228702545166,ok
LA_D_8091393,14.79850959777832,14.79857349395752,ok
LA_D_8091742,15.964703559875488,15.9719820022583,ok
LA_D_8091794,15.794126510620117,15.794774055480957,ok
LA_D_8092331,13.536107063293457,13.543244361877441,ok
LA_D_8093378,17.861724853515625,17.863269805908203,ok
LA_D_8094005,10.562056541442871,10.562146186828613,ok
LA_D_8094196,17.863300323486328,17.86647605895996,ok
LA_D_8094886,10.303390502929688,10.303229331970215,ok
LA_D_8095844,15.910158157348633,15.912217140197754,ok
LA_D_8096872,14.540915489196777,14.545186996459961,ok
LA_D_8097725,12.405606269836426,12.405585289001465,ok
LA_D_8099371,11.109637260437012,11.111108779907227,ok
LA_D_8099511,10.678688049316406,10.678643226623535,ok
LA_D_8099861,12.643401145935059,12.645241737365723,ok
LA_D_8100525,16.661787033081055,16.66829490661621,ok
LA_D_8100591,-12.771774291992188,-12.772658348083496,ok
LA_D_8102825,13.029529571533203,13.032281875610352,ok
LA_D_8103199,7.847278594970703,7.846757411956787,ok
LA_D_8103595,15.9441499710083,15.94771671295166,ok
LA_D_8103599,-14.141278266906738,-14.1445894241333,ok
LA_D_8106710,9.275445938110352,9.276846885681152,ok
LA_D_8106755,15.335387229919434,15.335719108581543,ok
LA_D_8107336,10.586474418640137,10.587541580200195,ok
LA_D_8108711,12.065756797790527,12.06618881225586,ok
LA_D_8108942,16.087297439575195,16.091054916381836,ok
LA_D_8110188,14.761758804321289,14.762886047363281,ok
LA_D_8111494,18.955141067504883,18.96527671813965,ok
LA_D_8111703,16.07402992248535,16.075054168701172,ok
LA_D_8112113,12.765460968017578,12.766547203063965,ok
LA_D_8113228,11.898202896118164,11.903891563415527,ok
LA_D_8113627,12.445897102355957,12.449421882629395,ok
LA_D_8113820,15.084090232849121,15.091121673583984,ok
LA_D_8113827,11.958639144897461,11.959596633911133,ok
LA_D_8114334,12.540667533874512,12.540837287902832,ok
LA_D_8115137,13.42711067199707,13.4271821975708,ok
LA_D_8115280,16.308305740356445,16.308639526367188,ok
LA_D_8116083,2.8882648944854736,2.8879809379577637,ok
LA_D_8116371,8.506674766540527,8.509809494018555,ok
LA_D_8116593,14.775527954101562,14.776239395141602,ok
LA_D_8116629,14.311921119689941,14.314927101135254,ok
LA_D_8117597,14.685870170593262,14.685925483703613,ok
LA_D_8117787,-13.733855247497559,-13.742814064025879,ok
LA_D_8117889,14.60251522064209,14.603116035461426,ok
LA_D_8118074,-15.451940536499023,-15.456870079040527,ok
LA_D_8118167,3.790654420852661,3.7969913482666016,ok
LA_D_8118910,15.600807189941406,15.601012229919434,ok
LA_D_8120238,9.694811820983887,9.694944381713867,ok
LA_D_8121898,14.689552307128906,14.692337036132812,ok
LA_D_8122140,16.623762130737305,16.625356674194336,ok
LA_D_8123213,16.60693359375,16.6075382232666,ok
LA_D_8125219,15.364374160766602,15.365311622619629,ok
LA_D_8125961,17.15460777282715,17.1546573638916,ok
LA_D_8126031,13.412725448608398,13.41341495513916,ok
LA_D_8126226,15.750978469848633,15.751411437988281,ok
LA_D_8126437,-14.215408325195312,-14.222387313842773,ok
LA_D_8126699,12.129244804382324,12.132216453552246,ok
LA_D_8127049,11.748141288757324,11.751055717468262,ok
LA_D_8128338,8.116250991821289,8.116131782531738,ok
LA_D_8128439,15.32705020904541,15.329354286193848,ok
LA_D_8128480,11.962374687194824,11.962738990783691,ok
LA_D_8128482,16.085582733154297,16.091907501220703,ok
LA_D_8128760,10.222126960754395,10.221907615661621,ok
LA_D_8130173,-8.689602851867676,-8.701970100402832,ok
LA_D_8130384,15.705876350402832,15.706637382507324,ok
LA_D_8131208,11.353948593139648,11.354758262634277,ok
LA_D_8133720,14.371149063110352,14.373608589172363,ok
LA_D_8135380,15.668774604797363,15.669222831726074,ok
LA_D_8136728,17.23725700378418,17.245616912841797,ok
LA_D_8137767,14.452705383300781,14.456067085266113,ok
LA_D_8137810,16.664709091186523,16.667272567749023,ok
LA_D_8138035,19.667661666870117,19.669736862182617,ok
LA_D_8138165,15.790878295898438,15.79947280883789,ok
LA_D_8138478,16.51071548461914,16.53424835205078,ok
LA_D_8138691,13.23038387298584,13.230813026428223,ok
LA_D_8140249,15.635332107543945,15.641929626464844,ok
LA_D_8141415,15.985636711120605,15.990077018737793,ok
LA_D_8141901,9.833663940429688,9.835570335388184,ok
LA_D_8142373,-15.443938255310059,-15.444275856018066,ok
LA_D_8142949,12.772675514221191,12.773329734802246,ok
LA_D_8143487,14.03581428527832,14.038619041442871,ok
LA_D_8145413,14.077289581298828,14.0778226852417,ok
LA_D_8145529,12.198895454406738,12.20482349395752,ok
LA_D_8145979,12.992851257324219,12.993691444396973,ok
LA_D_8146012,1.7157443761825562,1.7164193391799927,ok
LA_D_8146146,17.27349090576172,17.28483009338379,ok
LA_D_8147163,-3.208909273147583,-3.2134666442871094,ok
LA_D_8147839,15.16722297668457,15.168065071105957,ok
LA_D_8149667,6.508087635040283,6.508422374725342,ok
LA_D_8152318,25.00913429260254,25.035371780395508,ok
LA_D_8155157,12.117725372314453,12.123595237731934,ok
LA_D_8155318,-14.477669715881348,-14.478472709655762,ok
LA_D_8156106,15.82003402709961,15.821122169494629,ok
LA_D_8156558,14.587838172912598,14.588334083557129,ok
LA_D_8159037,18.22101402282715,18.221010208129883,ok
LA_D_8160527,12.82043743133545,12.820775985717773,ok
LA_D_8161159,-15.368385314941406,-15.368925094604492,ok
LA_D_8161190,11.311808586120605,11.314838409423828,ok
LA_D_8161346,9.623602867126465,9.623600006103516,ok
LA_D_8161836,-15.449856758117676,-15.452360153198242,ok
LA_D_8161949,12.504002571105957,12.504456520080566,ok
LA_D_8162284,16.843595504760742,16.844282150268555,ok
LA_D_8162971,17.06953239440918,17.07293128967285,ok
LA_D_8164002,14.70468807220459,14.710416793823242,ok
LA_D_8165556,9.450847625732422,9.453141212463379,ok
LA_D_8167480,19.381799697875977,19.384801864624023,ok
LA_D_8167492,12.10869026184082,12.108777046203613,ok
LA_D_8168206,-10.309669494628906,-10.30996036529541,ok
LA_D_8169185,19.473121643066406,19.47499656677246,ok
LA_D_8169310,21.687185287475586,21.69269371032715,ok
LA_D_8169401,15.903149604797363,15.90375804901123,ok
LA_D_8169593,16.54964828491211,16.553922653198242,ok
LA_D_8169706,12.494186401367188,12.498050689697266,ok
LA_D_8170828,13.359678268432617,13.360207557678223,ok
LA_D_8170962,12.178378105163574,12.178589820861816,ok
LA_D_8171758,17.419321060180664,17.422163009643555,ok
LA_D_8172272,16.274301528930664,16.28672218322754,ok
LA_D_8172352,0.586611270904541,0.5856293439865112,ok
LA_D_8172970,10.989763259887695,10.989644050598145,ok
LA_D_8173305,12.513509750366211,12.51426887512207,ok
LA_D_8173717,7.512753486633301,7.513050079345703,ok
LA_D_8173750,14.794159889221191,14.79703426361084,ok
LA_D_8174334,16.3632869720459,16.370708465576172,ok
LA_D_8174656,16.072853088378906,16.074047088623047,ok
LA_D_8174725,-14.184210777282715,-14.18801212310791,ok
LA_D_8175426,14.519634246826172,14.520140647888184,ok
LA_D_8176963,17.10030746459961,17.106586456298828,ok
LA_D_8177576,19.32323455810547,19.33348846435547,ok
LA_D_8179191,-13.65877914428711,-13.66097640991211,ok
LA_D_8181591,19.11763572692871,19.121484756469727,ok
LA_D_8181617,17.115558624267578,17.117399215698242,ok
LA_D_8181944,13.334720611572266,13.336538314819336,ok
LA_D_8182095,13.289827346801758,13.292302131652832,ok
LA_D_8182963,10.47968864440918,10.479809761047363,ok
LA_D_8183218,15.081954002380371,15.084880828857422,ok
LA_D_8183682,11.695982933044434,11.69877815246582,ok
LA_D_8183756,16.698097229003906,16.698060989379883,ok
LA_D_8184153,15.26452350616455,15.264693260192871,ok
LA_D_8185311,14.8523530960083,14.855080604553223,ok
LA_D_8187108,12.882017135620117,12.883966445922852,ok
LA_D_8187236,14.835592269897461,14.83577823638916,ok
LA_D_8187801,-13.591777801513672,-13.602072715759277,ok
LA_D_8189332,12.783743858337402,12.783682823181152,ok
LA_D_8191193,5.726091384887695,5.726083278656006,ok
LA_D_8191353,14.201313018798828,14.201590538024902,ok
LA_D_8191875,16.611480712890625,16.610122680664062,ok
LA_D_8192015,18.670103073120117,18.677446365356445,ok
LA_D_8192047,-13.505306243896484,-13.505727767944336,ok
LA_D_8193062,19.4271297454834,19.42863655090332,ok
LA_D_8195070,17.893491744995117,17.898218154907227,ok
LA_D_8197154,-15.522640228271484,-15.523259162902832,ok
LA_D_8197390,14.601638793945312,14.606894493103027,ok
LA_D_8197963,13.587074279785156,13.588851928710938,ok
LA_D_8198807,13.398508071899414,13.400025367736816,ok
LA_D_8198887,18.275999069213867,18.278324127197266,ok
LA_D_8199055,17.07195472717285,17.080081939697266,ok
LA_D_8200105,19.261220932006836,19.265504837036133,ok
LA_D_8200506,16.745784759521484,16.747289657592773,ok
LA_D_8201742,13.437623023986816,13.43761157989502,ok
LA_D_8202140,18.256303787231445,18.256649017333984,ok
LA_D_8203772,8.723092079162598,8.723776817321777,ok
LA_D_8203916,9.99368953704834,9.994921684265137,ok
LA_D_8204811,15.56227970123291,15.567216873168945,ok
LA_D_8205041,12.56334400177002,12.563443183898926,ok
LA_D_8205467,7.4673662185668945,7.468817710876465,ok
LA_D_8205767,13.555303573608398,13.555936813354492,ok
LA_D_8206665,13.01703929901123,13.017308235168457,ok
LA_D_8208840,8.720821380615234,8.723299980163574,ok
LA_D_8208934,11.91805648803711,11.919167518615723,ok
LA_D_8210004,8.421116828918457,8.42302131652832,ok
LA_D_8210054,-12.647570610046387,-12.648482322692871,ok
LA_D_8210164,-16.185346603393555,-16.188871383666992,ok
LA_D_8213309,12.0681734085083,12.070182800292969,ok
LA_D_8214303,-14.380435943603516,-14.383598327636719,ok
LA_D_8214679,-12.417682647705078,-12.424576759338379,ok
LA_D_8214776,11.820152282714844,11.822710990905762,ok
LA_D_8216112,17.47386932373047,17.482189178466797,ok
LA_D_8217131,13.180232048034668,13.184883117675781,ok
LA_D_8217709,14.440230369567871,14.440309524536133,ok
LA_D_8218322,11.537999153137207,11.538578033447266,ok
LA_D_8220161,19.038848876953125,19.043928146362305,ok
LA_D_8220439,13.328219413757324,13.329362869262695,ok
LA_D_8220866,-13.314992904663086,-13.318918228149414,ok
LA_D_8221506,14.00042724609375,14.001581192016602,ok
LA_D_8221856,13.652864456176758,13.654451370239258,ok
LA_D_8222020,-16.3228702545166,-16.324609756469727,ok
LA_D_8222053,6.759539604187012,6.760176181793213,ok
LA_D_8222620,-15.396621704101562,-15.397773742675781,ok
LA_D_8222801,11.085243225097656,11.086784362792969,ok
LA_D_8223331,14.057051658630371,14.059737205505371,ok
LA_D_8223817,11.594515800476074,11.598732948303223,ok
LA_D_8224117,15.83826732635498,15.840535163879395,ok
LA_D_8224626,13.648222923278809,13.648385047912598,ok
LA_D_8226027,13.821125030517578,13.821761131286621,ok
LA_D_8226217,10.05310344696045,10.055964469909668,ok
LA_D_8228250,14.608807563781738,14.610297203063965,ok
LA_D_8228939,15.013379096984863,15.014018058776855,ok
LA_D_8228955,15.710515022277832,15.712874412536621,ok
LA_D_8229090,15.442300796508789,15.445317268371582,ok
LA_D_8229496,16.350635528564453,16.35100555419922,ok
LA_D_8231246,15.08716869354248,15.087651252746582,ok
LA_D_8233417,17.362947463989258,17.364940643310547,ok
LA_D_8233626,13.940937042236328,13.943243980407715,ok
LA_D_8234296,8.97268295288086,8.972655296325684,ok
LA_D_8235144,-11.846856117248535,-11.847662925720215,ok
LA_D_8237075,-14.382099151611328,-14.382304191589355,ok
LA_D_8238983,13.271207809448242,13.272927284240723,ok
LA_D_8239123,-13.32229232788086,-13.322591781616211,ok
LA_D_8239585,13.754047393798828,13.755915641784668,ok
LA_D_8240404,12.463601112365723,12.4674654006958,ok
LA_D_8241189,13.818476676940918,13.82319450378418,ok
LA_D_8242715,14.680961608886719,14.68386173248291,ok
LA_D_8243334,15.806390762329102,15.806405067443848,ok
LA_D_8243405,12.02197551727295,12.022350311279297,ok
LA_D_8243419,15.093008041381836,15.093525886535645,ok
LA_D_8243640,14.676623344421387,14.676785469055176,ok
LA_D_8243797,16.287996292114258,16.291309356689453,ok
LA_D_8244804,20.546518325805664,20.550533294677734,ok
LA_D_8244933,8.985636711120605,8.987689018249512,ok
LA_D_8245412,17.175275802612305,17.17576026916504,ok
LA_D_8246386,18.39923858642578,18.40082359313965,ok
LA_D_8247746,14.019782066345215,14.022236824035645,ok
LA_D_8248087,13.503511428833008,13.50442886352539,ok
LA_D_8248529,16.986820220947266,16.988950729370117,ok
LA_D_8249434,15.678542137145996,15.681754112243652,ok
LA_D_8249675,15.3125638961792,15.318940162658691,ok
LA_D_8250257,13.955099105834961,13.955408096313477,ok
LA_D_8250392,13.101563453674316,13.102349281311035,ok
LA_D_8250953,14.09483814239502,14.094861030578613,ok
LA_D_8252368,4.5928635597229,4.602052211761475,ok
LA_D_8256584,11.140220642089844,11.140528678894043,ok
LA_D_8257354,17.43019676208496,17.435483932495117,ok
LA_D_8257425,15.467331886291504,15.468154907226562,ok
LA_D_8257669,14.197463989257812,14.20232105255127,ok
LA_D_8258080,13.53024673461914,13.530423164367676,ok
LA_D_8258450,7.010408878326416,7.010021686553955,ok
LA_D_8258459,11.039435386657715,11.043177604675293,ok
LA_D_8259778,9.59756088256836,9.59883975982666,ok
LA_D_8259798,14.350725173950195,14.353273391723633,ok
LA_D_8260717,15.206663131713867,15.209174156188965,ok
LA_D_8260762,-14.653191566467285,-14.653746604919434,ok
LA_D_8261063,14.898704528808594,14.905213356018066,ok
LA_D_8261443,16.721519470214844,16.72547149658203,ok
LA_D_8261853,15.628479957580566,15.639294624328613,ok
LA_D_8261899,16.052579879760742,16.054224014282227,ok
LA_D_8261981,6.013727188110352,6.013733386993408,ok
LA_D_8262471,14.364027976989746,14.366093635559082,ok
LA_D_8262652,14.18190860748291,14.1832914352417,ok
LA_D_8263001,12.723068237304688,12.723397254943848,ok
LA_D_8263452,-10.590243339538574,-10.590925216674805,ok
LA_D_8264187,13.755345344543457,13.755768775939941,ok
LA_D_8264531,15.613253593444824,15.613715171813965,ok
LA_D_8264863,14.388223648071289,14.400009155273438,ok
LA_D_8265007,12.516212463378906,12.5164794921875,ok
LA_D_8265432,16.66512680053711,16.67475700378418,ok
LA_D_8266174,19.834489822387695,19.839365005493164,ok
LA_D_8267794,13.912267684936523,13.912689208984375,ok
LA_D_8268288,12.97160530090332,12.971782684326172,ok
LA_D_8269720,13.324015617370605,13.324101448059082,ok
LA_D_8270285,9.319320678710938,9.319069862365723,ok
LA_D_8270568,7.451353073120117,7.451572418212891,ok
LA_D_8270674,12.961091995239258,12.96749496459961,ok
LA_D_8270902,-13.810230255126953,-13.814169883728027,ok
LA_D_8271340,15.168730735778809,15.170783996582031,ok
LA_D_8271714,14.006098747253418,14.006916999816895,ok
LA_D_8272979,13.101784706115723,13.101784706115723,ok
LA_D_8274833,-12.691901206970215,-12.696789741516113,ok
LA_D_8276399,11.318662643432617,11.322715759277344,ok
LA_D_8277450,10.750263214111328,10.75163459777832,ok
LA_D_8279014,13.984962463378906,13.985125541687012,ok
LA_D_8281201,16.971616744995117,16.972314834594727,ok
LA_D_8281902,16.474817276000977,16.477266311645508,ok
LA_D_8282334,13.444902420043945,13.446806907653809,ok
LA_D_8283203,14.122978210449219,14.127727508544922,ok
LA_D_8283567,10.845296859741211,10.84546184539795,ok
LA_D_8283819,11.940062522888184,11.940627098083496,ok
LA_D_8284400,12.144328117370605,12.147631645202637,ok
LA_D_8284460,9.857926368713379,9.863885879516602,ok
LA_D_8284994,-13.084345817565918,-13.086897850036621,ok
LA_D_8285076,14.910825729370117,14.911521911621094,ok
LA_D_8285541,17.106897354125977,17.108718872070312,ok
LA_D_8285739,10.023994445800781,10.02584171295166,ok
LA_D_8286094,11.567238807678223,11.56788158416748,ok
LA_D_8286400,14.222007751464844,14.221854209899902,ok
LA_D_8287063,9.246915817260742,9.246914863586426,ok
LA_D_8288732,-14.482850074768066,-14.483606338500977,ok
LA_D_8289522,-10.44173812866211,-10.444321632385254,ok
LA_D_8289729,-14.224261283874512,-14.22744083404541,ok
LA_D_8291086,16.975046157836914,16.97911262512207,ok
LA_D_8291737,15.066423416137695,15.066667556762695,ok
LA_D_8292706,14.898446083068848,14.901673316955566,ok
LA_D_8297100,-6.224639892578125,-6.225584983825684,ok
LA_D_8297660,10.827372550964355,10.82805347442627,ok
LA_D_8299676,15.71960163116455,15.721306800842285,ok
LA_D_8299781,8.152567863464355,8.155563354492188,ok
LA_D_8300528,12.365885734558105,12.367027282714844,ok
LA_D_8301954,21.0715274810791,21.09591293334961,ok
LA_D_8302640,-15.166597366333008,-15.167553901672363,ok
LA_D_8302698,14.745837211608887,14.751827239990234,ok
LA_D_8304989,8.766047477722168,8.766576766967773,ok
LA_D_8305381,19.859272003173828,19.8665714263916,ok
LA_D_8308097,18.009647369384766,18.012521743774414,ok
LA_D_8308855,16.803171157836914,16.80405616760254,ok
LA_D_8309750,16.81410026550293,16.820634841918945,ok
LA_D_8309783,17.018238067626953,17.021196365356445,ok
LA_D_8310080,10.827653884887695,10.827569961547852,ok
LA_D_8310930,14.623627662658691,14.623812675476074,ok
LA_D_8311323,16.68727684020996,16.69048500061035,ok
LA_D_8312564,13.177764892578125,13.184502601623535,ok
LA_D_8313277,16.17367935180664,16.174833297729492,ok
LA_D_8313425,12.063030242919922,12.063265800476074,ok
LA_D_8313645,-7.224982738494873,-7.225002765655518,ok
LA_D_8314448,-13.038445472717285,-13.041407585144043,ok
LA_D_8314649,10.921326637268066,10.920882225036621,ok
LA_D_8315307,10.229313850402832,10.230006217956543,ok
LA_D_8315403,13.099475860595703,13.09990406036377,ok
LA_D_8316071,15.757975578308105,15.76156234741211,ok
LA_D_8316696,19.174854278564453,19.201053619384766,ok
LA_D_8317011,16.30589485168457,16.313989639282227,ok
LA_D_8317813,17.299455642700195,17.29985237121582,ok
LA_D_8318381,12.68844985961914,12.691141128540039,ok
LA_D_8318742,10.286235809326172,10.286739349365234,ok
LA_D_8318899,-13.861538887023926,-13.863101959228516,ok
LA_D_8320443,17.686885833740234,17.69318962097168,ok
LA_D_8321387,14.338815689086914,14.339791297912598,ok
LA_D_8321453,19.48935317993164,19.495588302612305,ok
LA_D_8321562,16.465789794921875,16.467172622680664,ok
LA_D_8322084,13.304008483886719,13.303890228271484,ok
LA_D_8322404,7.932191848754883,7.932226181030273,ok
LA_D_8322431,13.850081443786621,13.852554321289062,ok
LA_D_8322502,15.850443840026855,15.850451469421387,ok
LA_D_8322509,16.27773094177246,16.2827205657959,ok
LA_D_8322984,7.784243106842041,7.785495758056641,ok
LA_D_8323372,22.785951614379883,22.78948402404785,ok
LA_D_8325357,13.26736068725586,13.268900871276855,ok
LA_D_8328324,12.74520492553711,12.74689769744873,ok
LA_D_8328358,15.661445617675781,15.665505409240723,ok
LA_D_8328368,15.0895357131958,15.090219497680664,ok
LA_D_8329201,0.728648841381073,0.7280569076538086,ok
LA_D_8332272,16.419824600219727,16.4221134185791,ok
LA_D_8332415,14.97586441040039,14.979246139526367,ok
LA_D_8333263,7.5986809730529785,7.598710536956787,ok
LA_D_8333710,13.074543952941895,13.075516700744629,ok
LA_D_8335083,9.912230491638184,9.914618492126465,ok
LA_D_8335202,10.958822250366211,10.958797454833984,ok
LA_D_8335993,9.425548553466797,9.42579174041748,ok
LA_D_8336903,12.40027904510498,12.403714179992676,ok
LA_D_8337861,13.499380111694336,13.506065368652344,ok
LA_D_8338088,14.845428466796875,14.845452308654785,ok
LA_D_8338331,16.915279388427734,16.915586471557617,ok
LA_D_8338896,18.42040252685547,18.426984786987305,ok
LA_D_8339674,17.946630477905273,17.953405380249023,ok
LA_D_8340325,15.199599266052246,15.200970649719238,ok
LA_D_8340433,-13.001592636108398,-13.001923561096191,ok
LA_D_8340873,14.371612548828125,14.372787475585938,ok
LA_D_8341574,16.05116081237793,16.053306579589844,ok
LA_D_8341752,10.965289115905762,10.968796730041504,ok
LA_D_8342451,17.012371063232422,17.01356315612793,ok
LA_D_8343646,6.9722580909729,6.977594375610352,ok
LA_D_8344568,15.959450721740723,15.962270736694336,ok
LA_D_8344962,9.068532943725586,9.068614959716797,ok
LA_D_8345800,12.6267671585083,12.631248474121094,ok
LA_D_8346348,13.086529731750488,13.089336395263672,ok
LA_D_8347056,6.731739044189453,6.733917713165283,ok
LA_D_8348255,12.178448677062988,12.185973167419434,ok
LA_D_8348470,14.470688819885254,14.472098350524902,ok
LA_D_8348783,9.862135887145996,9.862395286560059,ok
LA_D_8348784,10.829510688781738,10.829819679260254,ok
LA_D_8350907,13.264276504516602,13.277776718139648,ok
LA_D_8350950,14.932716369628906,14.933072090148926,ok
LA_D_8351401,13.906352043151855,13.907754898071289,ok
LA_D_8352186,19.04561996459961,19.04573631286621,ok
LA_D_8353342,15.489212036132812,15.492112159729004,ok
LA_D_8353917,10.600687026977539,10.601794242858887,ok
LA_D_8355334,2.9356157779693604,2.935690402984619,ok
LA_D_8355933,11.788832664489746,11.790316581726074,ok
LA_D_8355987,14.588190078735352,14.589924812316895,ok
LA_D_8357910,11.339756965637207,11.340351104736328,ok
LA_D_8358692,16.6407413482666,16.640743255615234,ok
LA_D_8358881,14.519815444946289,14.519957542419434,ok
LA_D_8359118,9.267191886901855,9.267105102539062,ok
LA_D_8359755,7.535575866699219,7.536518573760986,ok
LA_D_8361609,11.753047943115234,11.752800941467285,ok
LA_D_8362045,8.197578430175781,8.19756031036377,ok
LA_D_8362355,15.278850555419922,15.2822847366333,ok
LA_D_8362390,16.97537612915039,16.983060836791992,ok
LA_D_8362861,11.636029243469238,11.637508392333984,ok
LA_D_8362912,19.975006103515625,19.991472244262695,ok
LA_D_8363627,12.352278709411621,12.357433319091797,ok
LA_D_8364571,14.245267868041992,14.255291938781738,ok
LA_D_8364730,8.656900405883789,8.658234596252441,ok
LA_D_8364986,13.320734024047852,13.320799827575684,ok
LA_D_8365194,-14.794926643371582,-14.797381401062012,ok
LA_D_8365489,10.584869384765625,10.584914207458496,ok
LA_D_8366444,15.429813385009766,15.431108474731445,ok
LA_D_8366884,14.913246154785156,14.915671348571777,ok
LA_D_8367470,11.994902610778809,11.99585247039795,ok
LA_D_8367768,15.931251525878906,15.931406021118164,ok
LA_D_8367777,10.769545555114746,10.769713401794434,ok
LA_D_8367897,14.051082611083984,14.051653861999512,ok
LA_D_8367907,17.024372100830078,17.027753829956055,ok
LA_D_8368027,12.757805824279785,12.7579984664917,ok
LA_D_8371178,-13.7992525100708,-13.809895515441895,ok
LA_D_8371769,14.460049629211426,14.462885856628418,ok
LA_D_8372141,20.042112350463867,20.054723739624023,ok
LA_D_8372696,15.28479290008545,15.289200782775879,ok
LA_D_8373517,17.04792594909668,17.050283432006836,ok
LA_D_8373522,16.172393798828125,16.17402458190918,ok
LA_D_8374831,14.032869338989258,14.033768653869629,ok
LA_D_8374952,18.311281204223633,18.31096076965332,ok
LA_D_8375726,10.41484260559082,10.415133476257324,ok
LA_D_8376156,17.463136672973633,17.466535568237305,ok
LA_D_8376351,14.378408432006836,14.388596534729004,ok
LA_D_8377469,12.286710739135742,12.286709785461426,ok
LA_D_8377834,11.838418006896973,11.841137886047363,ok
LA_D_8377841,9.025884628295898,9.026023864746094,ok
LA_D_8378530,13.894916534423828,13.896718978881836,ok
LA_D_8379770,7.989449501037598,7.990961074829102,ok
LA_D_8380344,14.765644073486328,14.767838478088379,ok
LA_D_8380959,12.933737754821777,12.939555168151855,ok
LA_D_8381871,12.484322547912598,12.484408378601074,ok
LA_D_8382417,14.385626792907715,14.387362480163574,ok
LA_D_8383254,11.08669662475586,11.095001220703125,ok
LA_D_8384015,9.25097942352295,9.251748085021973,ok
LA_D_8386102,12.144999504089355,12.14551067352295,ok
LA_D_8388061,12.531817436218262,12.53342056274414,ok
LA_D_8389167,15.48299789428711,15.489483833312988,ok
LA_D_8391101,15.745583534240723,15.74790096282959,ok
LA_D_8392731,13.68316650390625,13.686604499816895,ok
LA_D_8394417,-13.976332664489746,-13.97967529296875,ok
LA_D_8395121,15.067087173461914,15.073890686035156,ok
LA_D_8397551,-15.144726753234863,-15.146146774291992,ok
LA_D_8398091,13.015549659729004,13.016249656677246,ok
LA_D_8400810,14.79412841796875,14.794240951538086,ok
LA_D_8400994,12.678121566772461,12.678204536437988,ok
LA_D_8404295,10.680095672607422,10.680630683898926,ok
LA_D_8406853,18.614717483520508,18.619003295898438,ok
LA_D_8407147,14.788803100585938,14.79114818572998,ok
LA_D_8407252,14.188935279846191,14.191994667053223,ok
LA_D_8407555,17.445568084716797,17.446741104125977,ok
LA_D_8408532,13.831649780273438,13.839489936828613,ok
LA_D_8408912,15.096152305603027,15.096266746520996,ok
LA_D_8411616,11.942133903503418,11.944781303405762,ok
LA_D_8412208,10.617744445800781,10.617935180664062,ok
LA_D_8412543,14.500643730163574,14.503066062927246,ok
LA_D_8413012,13.55783462524414,13.56104564666748,ok
LA_D_8413105,-16.38467788696289,-16.38636589050293,ok
LA_D_8417277,14.0127592086792,14.014677047729492,ok
LA_D_8417993,18.326976776123047,18.33225440979004,ok
LA_D_8418152,15.20750617980957,15.208847045898438,ok
LA_D_8418326,18.14956283569336,18.14969825744629,ok
LA_D_8418660,17.255496978759766,17.258581161499023,ok
LA_D_8420931,18.458213806152344,18.45867347717285,ok
LA_D_8423289,8.196763038635254,8.197253227233887,ok
LA_D_8424157,12.544590950012207,12.549145698547363,ok
LA_D_8425884,19.095396041870117,19.10804557800293,ok
LA_D_8426461,-14.577876091003418,-14.581703186035156,ok
LA_D_8426999,22.88258171081543,22.884105682373047,ok
LA_D_8427353,19.047094345092773,19.049665451049805,ok
LA_D_8428519,15.824723243713379,15.828653335571289,ok
LA_D_8429218,12.94480037689209,12.946510314941406,ok
LA_D_8429648,15.470074653625488,15.470855712890625,ok
LA_D_8429827,-13.612975120544434,-13.61305046081543,ok
LA_D_8431362,11.404165267944336,11.405837059020996,ok
LA_D_8432686,12.634058952331543,12.634629249572754,ok
LA_D_8433898,-15.706497192382812,-15.708821296691895,ok
LA_D_8434044,17.38068389892578,17.385690689086914,ok
LA_D_8434051,9.256783485412598,9.257036209106445,ok
LA_D_8435642,13.428276062011719,13.438750267028809,ok
LA_D_8436519,9.500073432922363,9.507967948913574,ok
LA_D_8437828,13.655281066894531,13.655670166015625,ok
LA_D_8438420,13.862515449523926,13.862576484680176,ok
LA_D_8438549,13.745903015136719,13.74743938446045,ok
LA_D_8439511,12.539125442504883,12.54189395904541,ok
LA_D_8440240,16.806238174438477,16.80996322631836,ok
LA_D_8440843,-8.795449256896973,-8.795671463012695,ok
LA_D_8441069,10.54451847076416,10.546748161315918,ok
LA_D_8441935,14.806269645690918,14.80817985534668,ok
LA_D_8442443,15.23757553100586,15.242409706115723,ok
LA_D_8445701,11.354499816894531,11.355156898498535,ok
LA_D_8445966,13.966462135314941,13.96926212310791,ok
LA_D_8446758,17.19342613220215,17.204328536987305,ok
LA_D_8447480,11.929940223693848,11.935011863708496,ok
LA_D_8447703,11.667202949523926,11.669793128967285,ok
LA_D_8450248,17.848806381225586,17.851118087768555,ok
LA_D_8450378,19.30780601501465,19.3090763092041,ok
LA_D_8450426,14.756200790405273,14.758118629455566,ok
LA_D_8450502,14.373372077941895,14.379429817199707,ok
LA_D_8450719,18.484363555908203,18.48439598083496,ok
LA_D_8452415,14.465902328491211,14.468464851379395,ok
LA_D_8453487,15.983563423156738,15.983759880065918,ok
LA_D_8453540,9.783207893371582,9.7850980758667,ok
LA_D_8454223,14.72719955444336,14.729127883911133,ok
LA_D_8454906,10.907819747924805,10.908220291137695,ok
LA_D_8455214,16.056604385375977,16.05787467956543,ok
LA_D_8456039,11.467303276062012,11.467310905456543,ok
LA_D_8456544,10.06177043914795,10.071537971496582,ok
LA_D_8457237,11.875643730163574,11.876424789428711,ok
LA_D_8457325,-12.44699764251709,-12.448643684387207,ok
LA_D_8458426,12.3862943649292,12.388055801391602,ok
LA_D_8459341,15.191401481628418,15.196450233459473,ok
LA_D_8461185,13.487896919250488,13.489296913146973,ok
LA_D_8461526,8.317850112915039,8.31779956817627,ok
LA_D_8461949,-5.018495559692383,-5.01912260055542,ok
LA_D_8463046,14.026350975036621,14.030171394348145,ok
LA_D_8463562,13.442731857299805,13.443194389343262,ok
LA_D_8464147,21.169015884399414,21.18279266357422,ok
LA_D_8464223,12.734513282775879,12.73470401763916,ok
LA_D_8465207,18.466516494750977,18.473127365112305,ok
LA_D_8465272,13.995035171508789,13.995606422424316,ok
LA_D_8465947,12.65029525756836,12.652549743652344,ok
LA_D_8467187,10.509237289428711,10.50925064086914,ok
LA_D_8467523,14.123351097106934,14.126450538635254,ok
LA_D_8467738,11.621343612670898,11.63247013092041,ok
LA_D_8467991,11.43160629272461,11.431647300720215,ok
LA_D_8468180,15.262568473815918,15.262923240661621,ok
LA_D_8468186,17.577716827392578,17.58110237121582,ok
LA_D_8468652,13.437121391296387,13.443737983703613,ok
LA_D_8470242,13.962434768676758,13.964346885681152,ok
LA_D_8470269,13.77793025970459,13.777935981750488,ok
LA_D_8471747,14.367768287658691,14.367989540100098,ok
LA_D_8472714,16.359424591064453,16.3594970703125,ok
LA_D_8473267,-12.20101547241211,-12.202869415283203,ok
LA_D_8473774,13.525835037231445,13.527915000915527,ok
LA_D_8473995,15.445873260498047,15.45253849029541,ok
LA_D_8474115,16.775516510009766,16.77547836303711,ok
LA_D_8476350,12.667327880859375,12.66992473602295,ok
LA_D_8478346,16.35403060913086,16.357873916625977,ok
LA_D_8479165,18.007020950317383,18.00702476501465,ok
LA_D_8479815,18.00174331665039,18.00421714782715,ok
LA_D_8480078,10.16763973236084,10.168862342834473,ok
LA_D_8480524,13.090032577514648,13.092202186584473,ok
LA_D_8481340,11.190530776977539,11.195114135742188,ok
LA_D_8481565,15.779129028320312,15.795443534851074,ok
LA_D_8481884,15.555654525756836,15.556289672851562,ok
LA_D_8482059,9.561294555664062,9.562195777893066,ok
LA_D_8482703,5.036293983459473,5.037807941436768,ok
LA_D_8482937,16.25889778137207,16.25892448425293,ok
LA_D_8483290,13.017609596252441,13.018302917480469,ok
LA_D_8483715,16.532438278198242,16.536880493164062,ok
LA_D_8484861,14.937342643737793,14.939474105834961,ok
LA_D_8485138,12.646422386169434,12.654393196105957,ok
LA_D_8486261,12.158223152160645,12.160067558288574,ok
LA_D_8486455,11.089499473571777,11.092105865478516,ok
LA_D_8487209,9.902588844299316,9.904213905334473,ok
LA_D_8488988,15.39618968963623,15.396662712097168,ok
LA_D_8489512,-9.906017303466797,-9.906876564025879,ok
LA_D_8491201,14.186058044433594,14.18822956085205,ok
LA_D_8491532,15.956880569458008,15.957281112670898,ok
LA_D_8492975,8.441691398620605,8.441771507263184,ok
LA_D_8493833,14.088638305664062,14.088767051696777,ok
LA_D_8494207,14.623100280761719,14.623875617980957,ok
LA_D_8494760,-10.285881996154785,-10.286602973937988,ok
LA_D_8495231,13.645600318908691,13.647002220153809,ok
LA_D_8496632,15.829044342041016,15.830911636352539,ok
LA_D_8497674,13.019920349121094,13.021294593811035,ok
LA_D_8498981,-13.284602165222168,-13.2893705368042,ok
LA_D_8499403,16.898500442504883,16.910184860229492,ok
LA_D_8499637,11.32513427734375,11.330219268798828,ok
LA_D_8500724,12.308530807495117,12.309136390686035,ok
LA_D_8501026,14.60110092163086,14.604355812072754,ok
LA_D_8501151,16.008453369140625,16.01182746887207,ok
LA_D_8503023,13.911584854125977,13.913692474365234,ok
LA_D_8503024,-11.185406684875488,-11.185578346252441,ok
LA_D_8504769,13.67005443572998,13.676680564880371,ok
LA_D_8504805,13.423335075378418,13.42624568939209,ok
LA_D_8505001,20.605146408081055,20.607608795166016,ok
LA_D_8505020,11.091513633728027,11.091769218444824,ok
LA_D_8507903,15.632537841796875,15.634886741638184,ok
LA_D_8508542,11.968071937561035,11.969149589538574,ok
LA_D_8509642,19.84724235534668,19.8546085357666,ok
LA_D_8509720,16.553863525390625,16.5538387298584,ok
LA_D_8510601,11.403685569763184,11.404854774475098,ok
LA_D_8511318,10.017629623413086,10.017474174499512,ok
LA_D_8511483,11.024802207946777,11.026083946228027,ok
LA_D_8511990,15.028889656066895,15.031190872192383,ok
LA_D_8512598,14.972857475280762,14.973332405090332,ok
LA_D_8514719,17.394197463989258,17.394851684570312,ok
LA_D_8514801,17.76479148864746,17.766305923461914,ok
LA_D_8515733,9.342779159545898,9.342799186706543,ok
LA_D_8516589,-9.13215160369873,-9.132396697998047,ok
LA_D_8516649,12.250389099121094,12.250737190246582,ok
LA_D_8519084,12.929938316345215,12.935379981994629,ok
LA_D_8519166,18.910114288330078,18.9129695892334,ok
LA_D_8519635,12.142683982849121,12.143407821655273,ok
LA_D_8520152,23.68939781188965,23.713401794433594,ok
LA_D_8520696,13.825784683227539,13.826355934143066,ok
LA_D_8521403,15.717375755310059,15.719705581665039,ok
LA_D_8522617,14.671602249145508,14.6807222366333,ok
LA_D_8522922,9.942754745483398,9.942809104919434,ok
LA_D_8523307,19.236064910888672,19.23756980895996,ok
LA_D_8524503,6.058363437652588,6.058098316192627,ok
LA_D_8524530,9.309834480285645,9.309839248657227,ok
LA_D_8524573,16.769306182861328,16.770830154418945,ok
LA_D_8524883,11.59934139251709,11.60810375213623,ok
LA_D_8524946,9.277856826782227,9.280867576599121,ok
LA_D_8524990,13.66077709197998,13.662127494812012,ok
LA_D_8525388,10.913866996765137,10.91696834564209,ok
LA_D_8527611,10.072179794311523,10.072219848632812,ok
LA_D_8528202,15.65379524230957,15.672481536865234,ok
LA_D_8529268,16.159543991088867,16.163549423217773,ok
LA_D_8529541,14.406865119934082,14.418062210083008,ok
LA_D_8530159,17.18208885192871,17.189878463745117,ok
LA_D_8530524,12.714682579040527,12.716094017028809,ok
LA_D_8530635,15.738502502441406,15.74201488494873,ok
LA_D_8531203,17.407350540161133,17.417381286621094,ok
LA_D_8533998,18.45220184326172,18.455129623413086,ok
LA_D_8534191,10.1091947555542,10.112847328186035,ok
LA_D_8534416,13.744900703430176,13.747211456298828,ok
LA_D_8534526,12.93286418914795,12.933965682983398,ok
LA_D_8535380,15.96932315826416,15.970649719238281,ok
LA_D_8536051,11.559659957885742,11.559488296508789,ok
LA_D_8537544,11.41321086883545,11.413233757019043,ok
LA_D_8537694,13.225186347961426,13.227639198303223,ok
LA_D_8538675,16.610876083374023,16.61115264892578,ok
LA_D_8539612,17.57380485534668,17.577726364135742,ok
LA_D_8539634,16.12555694580078,16.126981735229492,ok
LA_D_8539674,13.227054595947266,13.2276029586792,ok
LA_D_8540229,13.033767700195312,13.033818244934082,ok
LA_D_8540397,12.342581748962402,12.34444522857666,ok
LA_D_8540770,12.575482368469238,12.577606201171875,ok
LA_D_8541205,13.811602592468262,13.81160831451416,ok
LA_D_8542121,8.781197547912598,8.784184455871582,ok
LA_D_8543293,11.748836517333984,11.753364562988281,ok
LA_D_8543737,13.379073143005371,13.379849433898926,ok
LA_D_8543878,23.99633026123047,23.99861717224121,ok
LA_D_8544546,-4.615593910217285,-4.617935657501221,ok
LA_D_8544570,16.045177459716797,16.046836853027344,ok
LA_D_8544644,18.29949378967285,18.301023483276367,ok
LA_D_8545409,14.876725196838379,14.880478858947754,ok
LA_D_8545660,14.799995422363281,14.802321434020996,ok
LA_D_8546068,15.040094375610352,15.047602653503418,ok
LA_D_8546378,12.979310989379883,12.987797737121582,ok
LA_D_8546481,14.997884750366211,14.999856948852539,ok
LA_D_8546655,13.842899322509766,13.846701622009277,ok
LA_D_8548417,16.89325523376465,16.894041061401367,ok
LA_D_8549144,-12.984503746032715,-12.985291481018066,ok
LA_D_8549576,17.394540786743164,17.395530700683594,ok
LA_D_8549945,12.769007682800293,12.769073486328125,ok
LA_D_8550381,9.787224769592285,9.78754711151123,ok
LA_D_8552142,16.918392181396484,16.92352294921875,ok
LA_D_8552859,11.636628150939941,11.637480735778809,ok
LA_D_8553650,-13.710620880126953,-13.711812019348145,ok
LA_D_8555156,16.3665714263916,16.36721420288086,ok
LA_D_8555387,5.639937400817871,5.638772010803223,ok
LA_D_8555530,15.110241889953613,15.11417293548584,ok
LA_D_8556216,15.692139625549316,15.696016311645508,ok
LA_D_8557721,13.149595260620117,13.154632568359375,ok
LA_D_8558362,14.12136173248291,14.12253475189209,ok
LA_D_8558988,12.298638343811035,12.301168441772461,ok
LA_D_8559605,14.659061431884766,14.662569999694824,ok
LA_D_8560239,13.358038902282715,13.358296394348145,ok
LA_D_8560313,8.080309867858887,8.081506729125977,ok
LA_D_8561006,15.45163345336914,15.45163631439209,ok
LA_D_8561401,17.11343002319336,17.115095138549805,ok
LA_D_8561841,17.64446449279785,17.64967155456543,ok
LA_D_8562559,14.208036422729492,14.21275806427002,ok
LA_D_8563620,7.97218132019043,7.974337100982666,ok
LA_D_8565229,12.488512992858887,12.497231483459473,ok
LA_D_8565833,14.094863891601562,14.094799995422363,ok
LA_D_8567575,15.086222648620605,15.086686134338379,ok
LA_D_8568451,-13.845973014831543,-13.846726417541504,ok
LA_D_8568773,10.307857513427734,10.308642387390137,ok
LA_D_8569086,16.54738426208496,16.5493221282959,ok
LA_D_8569313,10.652040481567383,10.656855583190918,ok
LA_D_8572188,15.94808292388916,15.948403358459473,ok
LA_D_8572375,-15.54613208770752,-15.548283576965332,ok
LA_D_8573686,18.750181198120117,18.75368309020996,ok
LA_D_8573818,14.038875579833984,14.039052963256836,ok
LA_D_8575854,11.462471008300781,11.464402198791504,ok
LA_D_8576496,13.237523078918457,13.2423677444458,ok
LA_D_8576711,13.684062004089355,13.692670822143555,ok
LA_D_8576937,14.087528228759766,14.09050464630127,ok
LA_D_8577756,-15.150572776794434,-15.151193618774414,ok
LA_D_8578970,14.962302207946777,14.962713241577148,ok
LA_D_8582039,-3.028855562210083,-3.02911376953125,ok
LA_D_8582209,15.105049133300781,15.109084129333496,ok
LA_D_8582702,18.226764678955078,18.232807159423828,ok
LA_D_8582931,16.7928524017334,16.793838500976562,ok
LA_D_8583087,12.358306884765625,12.367447853088379,ok
LA_D_8584336,13.274312973022461,13.278183937072754,ok
LA_D_8584532,13.616117477416992,13.617146492004395,ok
LA_D_8586128,12.138890266418457,12.144062995910645,ok
LA_D_8586602,15.433430671691895,15.433902740478516,ok
LA_D_8587705,11.99574089050293,11.996466636657715,ok
LA_D_8588899,15.912543296813965,15.913969993591309,ok
LA_D_8590984,21.268600463867188,21.26934242248535,ok
LA_D_8591429,-11.426834106445312,-11.428435325622559,ok
LA_D_8591446,12.41457462310791,12.414685249328613,ok
LA_D_8591522,16.065608978271484,16.06585693359375,ok
LA_D_8592787,11.80936050415039,11.80942440032959,ok
LA_D_8593631,20.095195770263672,20.100496292114258,ok
LA_D_8593660,14.592211723327637,14.596674919128418,ok
LA_D_8593699,14.647726058959961,14.649617195129395,ok
LA_D_8594051,-15.69865608215332,-15.699262619018555,ok
LA_D_8594091,12.317137718200684,12.317544937133789,ok
LA_D_8594594,7.2700347900390625,7.270028591156006,ok
LA_D_8594927,13.862892150878906,13.867830276489258,ok
LA_D_8595379,10.852514266967773,10.87429141998291,ok
LA_D_8595477,14.8402738571167,14.843453407287598,ok
LA_D_8595493,17.965177536010742,17.97023582458496,ok
LA_D_8595981,11.466606140136719,11.466647148132324,ok
LA_D_8596240,-14.053183555603027,-14.053380966186523,ok
LA_D_8596396,15.437369346618652,15.439416885375977,ok
LA_D_8599184,12.862982749938965,12.86428165435791,ok
LA_D_8600039,-14.968205451965332,-14.97529125213623,ok
LA_D_8601811,19.628137588500977,19.63673210144043,ok
LA_D_8604395,13.616787910461426,13.62110424041748,ok
LA_D_8604643,14.101609230041504,14.105435371398926,ok
LA_D_8605221,12.087549209594727,12.08859920501709,ok
LA_D_8605887,12.133247375488281,12.133559226989746,ok
LA_D_8605975,17.019794464111328,17.024518966674805,ok
LA_D_8606381,13.217314720153809,13.218149185180664,ok
LA_D_8607094,15.779763221740723,15.781428337097168,ok
LA_D_8608217,15.193540573120117,15.19463062286377,ok
LA_D_8609217,16.7460880279541,16.7528018951416,ok
LA_D_8609765,12.01661205291748,12.021315574645996,ok
LA_D_8610307,12.58846378326416,12.58885669708252,ok
LA_D_8610426,1.8895574808120728,1.8887485265731812,ok
LA_D_8611140,8.361454010009766,8.363654136657715,ok
LA_D_8611156,15.237650871276855,15.23913860321045,ok
LA_D_8612035,16.19153594970703,16.19876480102539,ok
LA_D_8612905,16.43473243713379,16.437288284301758,ok
LA_D_8613483,10.746376991271973,10.747967720031738,ok
LA_D_8614682,17.145910263061523,17.148141860961914,ok
LA_D_8614773,4.965228080749512,4.96851110458374,ok
LA_D_8617115,17.053783416748047,17.05425453186035,ok
LA_D_8617247,15.332494735717773,15.332928657531738,ok
LA_D_8618689,11.742463111877441,11.742395401000977,ok
LA_D_8619253,13.853254318237305,13.854047775268555,ok
LA_D_8619260,15.611736297607422,15.615200996398926,ok
LA_D_8620622,-9.790283203125,-9.79116439819336,ok
LA_D_8621322,-12.027860641479492,-12.030303001403809,ok
LA_D_8622815,14.889140129089355,14.890043258666992,ok
LA_D_8623253,13.186352729797363,13.192131996154785,ok
LA_D_8623607,-14.294900894165039,-14.29518985748291,ok
LA_D_8624407,14.622011184692383,14.624417304992676,ok
LA_D_8624575,9.957474708557129,9.957613945007324,ok
LA_D_8628343,19.774967193603516,19.782400131225586,ok
LA_D_8628678,16.762123107910156,16.76300621032715,ok
LA_D_8629864,5.424079418182373,5.427018642425537,ok
LA_D_8629908,8.89375114440918,8.89537525177002,ok
LA_D_8630262,15.370630264282227,15.375658988952637,ok
LA_D_8630312,3.7749149799346924,3.7760419845581055,ok
LA_D_8630528,14.116687774658203,14.12302303314209,ok
LA_D_8630942,18.995607376098633,18.99689292907715,ok
LA_D_8631402,17.030733108520508,17.030759811401367,ok
LA_D_8632099,14.744731903076172,14.745431900024414,ok
LA_D_8632409,18.268754959106445,18.26899528503418,ok
LA_D_8634956,5.467092037200928,5.46703577041626,ok
LA_D_8635185,12.429292678833008,12.43019962310791,ok
LA_D_8636461,7.523444175720215,7.5290303230285645,ok
LA_D_8637140,14.023006439208984,14.034651756286621,ok
LA_D_8637288,-14.482051849365234,-14.482918739318848,ok
LA_D_8638488,12.930548667907715,12.933440208435059,ok
LA_D_8638660,13.695746421813965,13.698419570922852,ok
LA_D_8640715,14.654964447021484,14.655343055725098,ok
LA_D_8641456,10.883173942565918,10.889280319213867,ok
LA_D_8641916,8.799844741821289,8.799851417541504,ok
LA_D_8644251,15.527138710021973,15.528809547424316,ok
LA_D_8646520,8.810528755187988,8.811591148376465,ok
LA_D_8646930,18.267026901245117,18.269380569458008,ok
LA_D_8647491,14.092721939086914,14.096292495727539,ok
LA_D_8648680,18.124197006225586,18.127201080322266,ok
LA_D_8648848,10.245307922363281,10.246914863586426,ok
LA_D_8649631,15.333857536315918,15.334819793701172,ok
LA_D_8651248,13.792320251464844,13.793182373046875,ok
LA_D_8652135,17.096582412719727,17.102163314819336,ok
LA_D_8653066,15.730378150939941,15.733170509338379,ok
LA_D_8653096,15.409751892089844,15.410584449768066,ok
LA_D_8653522,13.22887134552002,13.230062484741211,ok
LA_D_8653634,14.654330253601074,14.657177925109863,ok
LA_D_8653799,15.087206840515137,15.092024803161621,ok
LA_D_8655169,12.985557556152344,12.985543251037598,ok
LA_D_8655268,12.015082359313965,12.015259742736816,ok
LA_D_8655539,22.089595794677734,22.092241287231445,ok
LA_D_8655642,16.36806869506836,16.369647979736328,ok
LA_D_8656237,18.863801956176758,18.863706588745117,ok
LA_D_8656739,16.39708137512207,16.397144317626953,ok
LA_D_8657095,14.218092918395996,14.21817684173584,ok
LA_D_8657393,16.237051010131836,16.24381446838379,ok
LA_D_8658531,14.09463882446289,14.097691535949707,ok
LA_D_8659185,15.193906784057617,15.197108268737793,ok
LA_D_8659693,9.891974449157715,9.89442253112793,ok
LA_D_8660630,13.395904541015625,13.396662712097168,ok
LA_D_8661283,14.54128646850586,14.542206764221191,ok
LA_D_8663431,15.048491477966309,15.055134773254395,ok
LA_D_8663831,17.71291732788086,17.71291732788086,ok
LA_D_8664408,13.687549591064453,13.688374519348145,ok
LA_D_8665250,17.041118621826172,17.053232192993164,ok
LA_D_8666902,15.242164611816406,15.24882984161377,ok
LA_D_8667202,14.18836498260498,14.190853118896484,ok
LA_D_8667287,15.623103141784668,15.62396240234375,ok
LA_D_8667308,12.994317054748535,12.995732307434082,ok
LA_D_8668147,13.371005058288574,13.374741554260254,ok
LA_D_8669407,17.657835006713867,17.65799331665039,ok
LA_D_8670754,18.488805770874023,18.4986572265625,ok
LA_D_8671896,-10.25698471069336,-10.257548332214355,ok
LA_D_8672392,14.138994216918945,14.139580726623535,ok
LA_D_8672684,-7.2253947257995605,-7.225488185882568,ok
LA_D_8672699,4.737480640411377,4.7352142333984375,ok
LA_D_8674026,7.452353477478027,7.452332973480225,ok
LA_D_8674039,15.25299072265625,15.255452156066895,ok
LA_D_8674678,18.267803192138672,18.2797908782959,ok
LA_D_8675337,13.072460174560547,13.074167251586914,ok
LA_D_8675351,14.384734153747559,14.385071754455566,ok
LA_D_8675909,18.69774627685547,18.69795036315918,ok
LA_D_8676372,20.453563690185547,20.453166961669922,ok
LA_D_8676464,11.751436233520508,11.751504898071289,ok
LA_D_8677181,13.611408233642578,13.613109588623047,ok
LA_D_8678171,11.703598022460938,11.703871726989746,ok
LA_D_8678189,15.122457504272461,15.123428344726562,ok
LA_D_8678410,17.997968673706055,18.002071380615234,ok
LA_D_8678708,7.842677593231201,7.843110084533691,ok
LA_D_8679609,17.472963333129883,17.485780715942383,ok
LA_D_8679905,-8.892388343811035,-8.892547607421875,ok
LA_D_8680505,10.505377769470215,10.505749702453613,ok
LA_D_8682135,9.680997848510742,9.681010246276855,ok
LA_D_8682238,13.126297950744629,13.127655029296875,ok
LA_D_8682472,16.1602725982666,16.16029930114746,ok
LA_D_8683301,17.120981216430664,17.12256622314453,ok
LA_D_8683829,17.273296356201172,17.274518966674805,ok
LA_D_8684186,16.353862762451172,16.356229782104492,ok
LA_D_8686775,9.147249221801758,9.14710521697998,ok
LA_D_8686912,9.630967140197754,9.63158893585205,ok
LA_D_8689278,13.943999290466309,13.947579383850098,ok
LA_D_8689583,14.65050220489502,14.650606155395508,ok
LA_D_8690110,16.04313087463379,16.043455123901367,ok
LA_D_8691113,15.1368989944458,15.154532432556152,ok
LA_D_8692089,15.909509658813477,15.911903381347656,ok
LA_D_8692948,-14.687171936035156,-14.690070152282715,ok
LA_D_8693010,14.910624504089355,14.911809921264648,ok
LA_D_8693204,18.59807777404785,18.59917640686035,ok
LA_D_8693858,15.982683181762695,15.986737251281738,ok
LA_D_8696046,-13.426891326904297,-13.428704261779785,ok
LA_D_8696545,13.44125747680664,13.441333770751953,ok
LA_D_8697162,13.966995239257812,13.96717357635498,ok
LA_D_8697996,-14.126863479614258,-14.129528999328613,ok
LA_D_8698219,12.462601661682129,12.462946891784668,ok
LA_D_8699272,14.499155044555664,14.502310752868652,ok
LA_D_8700986,7.586833953857422,7.587106704711914,ok
LA_D_8701190,16.07365608215332,16.0771541595459,ok
LA_D_8702097,14.898791313171387,14.89970874786377,ok
LA_D_8702563,9.316524505615234,9.316701889038086,ok
LA_D_8704593,14.961943626403809,14.968095779418945,ok
LA_D_8704675,16.626710891723633,16.626880645751953,ok
LA_D_8704829,17.389179229736328,17.394245147705078,ok
LA_D_8705688,15.836548805236816,15.839555740356445,ok
LA_D_8705922,-15.035057067871094,-15.035822868347168,ok
LA_D_8708656,14.248315811157227,14.249588966369629,ok
LA_D_8708922,22.19258689880371,22.194839477539062,ok
LA_D_8710691,14.346774101257324,14.349469184875488,ok
LA_D_8711337,15.796433448791504,15.797966003417969,ok
LA_D_8712202,13.795944213867188,13.799426078796387,ok
LA_D_8712827,12.221108436584473,12.222487449645996,ok
LA_D_8713797,16.4105167388916,16.41261100769043,ok
LA_D_8713999,14.632661819458008,14.637330055236816,ok
LA_D_8715195,12.47700023651123,12.477057456970215,ok
LA_D_8715386,15.466471672058105,15.474342346191406,ok
LA_D_8715868,-11.900016784667969,-11.901169776916504,ok
LA_D_8716948,13.81611442565918,13.816128730773926,ok
LA_D_8718165,17.9739933013916,17.97598648071289,ok
LA_D_8718179,17.509199142456055,17.513525009155273,ok
LA_D_8718669,15.819604873657227,15.82088565826416,ok
LA_D_8719230,13.762528419494629,13.7628173828125,ok
LA_D_8719759,13.01905345916748,13.019852638244629,ok
LA_D_8720226,19.057275772094727,19.06610870361328,ok
LA_D_8720385,13.18403434753418,13.187241554260254,ok
LA_D_8721312,10.862192153930664,10.862915992736816,ok
LA_D_8723456,16.256610870361328,16.25873374938965,ok
LA_D_8723788,12.132013320922852,12.132064819335938,ok
LA_D_8724279,14.469562530517578,14.472448348999023,ok
LA_D_8724573,15.243478775024414,15.24569320678711,ok
LA_D_8724597,14.48631477355957,14.48715591430664,ok
LA_D_8724645,15.756126403808594,15.760371208190918,ok
LA_D_8726013,10.960030555725098,10.961308479309082,ok
LA_D_8726741,11.112049102783203,11.112574577331543,ok
LA_D_8726806,16.517316818237305,16.51772117614746,ok
LA_D_8728321,14.667675971984863,14.670159339904785,ok
LA_D_8728415,15.684599876403809,15.684694290161133,ok
LA_D_8728622,12.09450912475586,12.09885311126709,ok
LA_D_8729192,13.688054084777832,13.695429801940918,ok
LA_D_8729734,14.497757911682129,14.497773170471191,ok
LA_D_8729758,-13.308110237121582,-13.309388160705566,ok
LA_D_8732000,15.79721736907959,15.797492980957031,ok
LA_D_8732956,14.990496635437012,14.991424560546875,ok
LA_D_8733004,14.252934455871582,14.256803512573242,ok
LA_D_8733315,10.475543022155762,10.478325843811035,ok
LA_D_8735190,18.862037658691406,18.86376190185547,ok
LA_D_8735979,15.187690734863281,15.187714576721191,ok
LA_D_8736080,14.835622787475586,14.836161613464355,ok
LA_D_8736114,11.04939079284668,11.049647331237793,ok
LA_D_8736560,15.280720710754395,15.280816078186035,ok
LA_D_8736662,17.180444717407227,17.185575485229492,ok
LA_D_8737458,13.743062019348145,13.74488353729248,ok
LA_D_8737709,11.14838695526123,11.152894020080566,ok
LA_D_8738176,16.151687622070312,16.156021118164062,ok
LA_D_8739986,13.087629318237305,13.088288307189941,ok
LA_D_8742351,13.504490852355957,13.506609916687012,ok
LA_D_8743472,14.148035049438477,14.14834976196289,ok
LA_D_8744543,16.332048416137695,16.336103439331055,ok
LA_D_8745130,-13.808591842651367,-13.809344291687012,ok
LA_D_8745732,13.207756996154785,13.2157621383667,ok
LA_D_8747095,12.120283126831055,12.12588882446289,ok
LA_D_8749378,-11.941169738769531,-11.942927360534668,ok
LA_D_8749920,13.101716995239258,13.102262496948242,ok
LA_D_8750902,10.669378280639648,10.670978546142578,ok
LA_D_8752359,10.67423152923584,10.68121337890625,ok
LA_D_8752569,13.565728187561035,13.567387580871582,ok
LA_D_8753292,19.239429473876953,19.2413387298584,ok
LA_D_8753814,11.877102851867676,11.878103256225586,ok
LA_D_8754324,10.55755615234375,10.5606689453125,ok
LA_D_8754795,15.405591011047363,15.405985832214355,ok
LA_D_8755311,2.0555434226989746,2.055870532989502,ok
LA_D_8756797,17.67342758178711,17.67561149597168,ok
LA_D_8756941,9.63730525970459,9.637848854064941,ok
LA_D_8758676,16.465801239013672,16.4661808013916,ok
LA_D_8758724,12.142314910888672,12.143762588500977,ok
LA_D_8759407,-14.358118057250977,-14.358160972595215,ok
LA_D_8759603,7.2956647872924805,7.295673370361328,ok
LA_D_8759658,11.186046600341797,11.187596321105957,ok
LA_D_8762609,15.764530181884766,15.770445823669434,ok
LA_D_8763399,12.288351058959961,12.2940092086792,ok
LA_D_8763624,15.742502212524414,15.742842674255371,ok
LA_D_8763928,11.155698776245117,11.157065391540527,ok
LA_D_8763956,12.220244407653809,12.220895767211914,ok
LA_D_8764151,9.79460334777832,9.795878410339355,ok
LA_D_8764534,16.42060661315918,16.422908782958984,ok
LA_D_8764848,13.86866569519043,13.87042236328125,ok
LA_D_8765013,15.349323272705078,15.350334167480469,ok
LA_D_8765813,10.445908546447754,10.447070121765137,ok
LA_D_8765991,-15.178749084472656,-15.179207801818848,ok
LA_D_8766017,10.074987411499023,10.075193405151367,ok
LA_D_8766024,13.339166641235352,13.340624809265137,ok
LA_D_8767583,-12.684972763061523,-12.685269355773926,ok
LA_D_8767671,-13.785745620727539,-13.793991088867188,ok
LA_D_8769232,11.555988311767578,11.555464744567871,ok
LA_D_8770785,16.755895614624023,16.756488800048828,ok
LA_D_8770826,18.71831703186035,18.729881286621094,ok
LA_D_8771564,15.403179168701172,15.404376029968262,ok
LA_D_8772966,14.633740425109863,14.637560844421387,ok
LA_D_8773029,-11.190165519714355,-11.191847801208496,ok
LA_D_8773329,-14.04345989227295,-14.045267105102539,ok
LA_D_8773895,12.80712890625,12.808079719543457,ok
LA_D_8775447,11.409482955932617,11.409781455993652,ok
LA_D_8779034,13.32252311706543,13.322660446166992,ok
LA_D_8780503,11.677241325378418,11.678400993347168,ok
LA_D_8780884,13.196137428283691,13.198686599731445,ok
LA_D_8781931,15.165075302124023,15.170434951782227,ok
LA_D_8783109,14.032740592956543,14.035133361816406,ok
LA_D_8783507,11.900981903076172,11.901043891906738,ok
LA_D_8787336,13.747599601745605,13.748604774475098,ok
LA_D_8788079,16.112924575805664,16.1157169342041,ok
LA_D_8788142,8.151103973388672,8.15149211883545,ok
LA_D_8788165,14.337016105651855,14.34288215637207,ok
LA_D_8788522,15.312426567077637,15.3256254196167,ok
LA_D_8789190,15.398458480834961,15.400467872619629,ok
LA_D_8790703,13.449849128723145,13.455025672912598,ok
LA_D_8791163,4.247130870819092,4.247067451477051,ok
LA_D_8791416,11.557016372680664,11.560076713562012,ok
LA_D_8791449,12.25006103515625,12.255773544311523,ok
LA_D_8792267,12.50577163696289,12.505982398986816,ok
LA_D_8792663,15.304656982421875,15.305562973022461,ok
LA_D_8794217,7.104537010192871,7.1051788330078125,ok
LA_D_8795367,13.638209342956543,13.639836311340332,ok
LA_D_8795592,13.633613586425781,13.633914947509766,ok
LA_D_8796891,12.4331693649292,12.4331636428833,ok
LA_D_8798580,16.22262954711914,16.22418785095215,ok
LA_D_8798927,15.166494369506836,15.166977882385254,ok
LA_D_8800120,16.730030059814453,16.731203079223633,ok
LA_D_8800518,12.940767288208008,12.944662094116211,ok
LA_D_8801530,9.607864379882812,9.60897159576416,ok
LA_D_8801720,13.126760482788086,13.127335548400879,ok
LA_D_8804146,15.404654502868652,15.404936790466309,ok
LA_D_8805955,13.762389183044434,13.76305866241455,ok
LA_D_8806017,-13.133329391479492,-13.133599281311035,ok
LA_D_8808510,14.516955375671387,14.522007942199707,ok
LA_D_8808516,13.100225448608398,13.10229778289795,ok
LA_D_8808929,15.493376731872559,15.493996620178223,ok
LA_D_8808969,16.918628692626953,16.923980712890625,ok
LA_D_8809106,15.177157402038574,15.178986549377441,ok
LA_D_8811306,16.263896942138672,16.273799896240234,ok
LA_D_8811548,12.020354270935059,12.02248477935791,ok
LA_D_8811694,13.214883804321289,13.215795516967773,ok
LA_D_8812811,10.963184356689453,10.964224815368652,ok
LA_D_8813745,11.731661796569824,11.73219108581543,ok
LA_D_8814451,13.448516845703125,13.455218315124512,ok
LA_D_8814488,-13.816845893859863,-13.81985855102539,ok
LA_D_8815079,15.043914794921875,15.045661926269531,ok
LA_D_8815720,13.561799049377441,13.56269645690918,ok
LA_D_8816193,16.036388397216797,16.039138793945312,ok
LA_D_8816902,13.596435546875,13.598580360412598,ok
LA_D_8817691,11.284075736999512,11.286369323730469,ok
LA_D_8818969,18.39288902282715,18.40559959411621,ok
LA_D_8820030,15.767285346984863,15.767396926879883,ok
LA_D_8820413,15.081554412841797,15.083300590515137,ok
LA_D_8821044,11.908045768737793,11.908036231994629,ok
LA_D_8821382,11.412274360656738,11.41256046295166,ok
LA_D_8824981,13.910798072814941,13.914653778076172,ok
LA_D_8825208,10.757057189941406,10.7598237991333,ok
LA_D_8826150,15.177067756652832,15.178875923156738,ok
LA_D_8826258,9.440476417541504,9.439895629882812,ok
LA_D_8827374,14.404001235961914,14.404563903808594,ok
LA_D_8829199,13.387063026428223,13.3881254196167,ok
LA_D_8829502,16.697851181030273,16.698301315307617,ok
LA_D_8829832,14.506736755371094,14.50866985321045,ok
LA_D_8830433,12.454110145568848,12.456733703613281,ok
LA_D_8830828,-9.111981391906738,-9.114362716674805,ok
LA_D_8831382,14.099053382873535,14.099093437194824,ok
LA_D_8832311,14.907636642456055,14.915507316589355,ok
LA_D_8832584,13.587505340576172,13.590989112854004,ok
LA_D_8832719,16.011022567749023,16.012908935546875,ok
LA_D_8833531,16.13943862915039,16.142187118530273,ok
LA_D_8833581,18.0888671875,18.09148597717285,ok
LA_D_8833920,11.807609558105469,11.808133125305176,ok
LA_D_8833933,6.495632648468018,6.497036933898926,ok
LA_D_8836257,-12.68958568572998,-12.69472599029541,ok
LA_D_8838589,15.823512077331543,15.826774597167969,ok
LA_D_8840072,20.373918533325195,20.384933471679688,ok
LA_D_8840275,13.101090431213379,13.105122566223145,ok
LA_D_8841412,17.149917602539062,17.161773681640625,ok
LA_D_8842630,16.4768009185791,16.479578018188477,ok
LA_D_8842633,13.593070030212402,13.595136642456055,ok
LA_D_8844357,-15.288545608520508,-15.293519020080566,ok
LA_D_8844443,14.585346221923828,14.588598251342773,ok
LA_D_8845360,13.15019702911377,13.154955863952637,ok
LA_D_8846056,9.257551193237305,9.257519721984863,ok
LA_D_8846893,19.29119300842285,19.2921199798584,ok
LA_D_8847601,14.901538848876953,14.905535697937012,ok
LA_D_8848529,13.71407699584961,13.715478897094727,ok
LA_D_8849846,17.47320556640625,17.474897384643555,ok
LA_D_8850840,14.161676406860352,14.164291381835938,ok
LA_D_8850937,13.995979309082031,14.000260353088379,ok
LA_D_8851647,13.678472518920898,13.679608345031738,ok
LA_D_8852103,16.037059783935547,16.03806495666504,ok
LA_D_8852535,18.052165985107422,18.05401611328125,ok
LA_D_8852748,17.45742416381836,17.46157455444336,ok
LA_D_8853078,14.987890243530273,14.990703582763672,ok
LA_D_8858217,9.445319175720215,9.445390701293945,ok
LA_D_8861570,11.520296096801758,11.520349502563477,ok
LA_D_8861762,15.476022720336914,15.480467796325684,ok
LA_D_8862440,20.88409423828125,20.886178970336914,ok
LA_D_8862614,16.168821334838867,16.168970108032227,ok
LA_D_8863380,-12.10830020904541,-12.112698554992676,ok
LA_D_8863596,11.393646240234375,11.393927574157715,ok
LA_D_8864927,11.666513442993164,11.667624473571777,ok
LA_D_8865823,13.318239212036133,13.319252014160156,ok
LA_D_8866287,7.429823875427246,7.429142475128174,ok
LA_D_8866986,14.024484634399414,14.03207778930664,ok
LA_D_8867068,13.367496490478516,13.367548942565918,ok
LA_D_8868121,12.40261173248291,12.404301643371582,ok
LA_D_8868214,12.825983047485352,12.83229923248291,ok
LA_D_8868497,11.143423080444336,11.143453598022461,ok
LA_D_8869402,15.52660083770752,15.528596878051758,ok
LA_D_8870358,20.296018600463867,20.301198959350586,ok
LA_D_8870403,17.136205673217773,17.138208389282227,ok
LA_D_8870926,9.808923721313477,9.811553001403809,ok
LA_D_8871382,12.682363510131836,12.682311058044434,ok
LA_D_8871469,14.436798095703125,14.43719482421875,ok
LA_D_8871612,10.008238792419434,10.010753631591797,ok
LA_D_8871719,15.892383575439453,15.894354820251465,ok
LA_D_8873375,16.4943904876709,16.497583389282227,ok
LA_D_8874300,12.113389015197754,12.117475509643555,ok
LA_D_8875562,13.002827644348145,13.006003379821777,ok
LA_D_8875680,7.526905536651611,7.527108192443848,ok
LA_D_8875770,13.055241584777832,13.059208869934082,ok
LA_D_8875774,11.674445152282715,11.680028915405273,ok
LA_D_8875939,18.21320915222168,18.220659255981445,ok
LA_D_8876728,3.513753890991211,3.5155181884765625,ok
LA_D_8877909,15.668848991394043,15.674415588378906,ok
LA_D_8878315,10.022270202636719,10.025704383850098,ok
LA_D_8878321,12.171882629394531,12.172185897827148,ok
LA_D_8878567,6.906681537628174,6.907179832458496,ok
LA_D_8878573,14.809247970581055,14.80983829498291,ok
LA_D_8878659,10.35916519165039,10.359603881835938,ok
LA_D_8879292,-14.628238677978516,-14.628451347351074,ok
LA_D_8879769,18.484676361083984,18.488855361938477,ok
LA_D_8879962,20.666139602661133,20.67011070251465,ok
LA_D_8880043,15.663305282592773,15.666277885437012,ok
LA_D_8880302,-14.928106307983398,-14.936676025390625,ok
LA_D_8880932,15.153470993041992,15.161816596984863,ok
LA_D_8881042,7.57769775390625,7.57769775390625,ok
LA_D_8881354,12.652849197387695,12.653410911560059,ok
LA_D_8882807,15.710205078125,15.713997840881348,ok
LA_D_8884919,11.745527267456055,11.746562004089355,ok
LA_D_8886611,14.16850471496582,14.171667098999023,ok
LA_D_8888903,13.44865608215332,13.450922966003418,ok
LA_D_8889202,16.11383819580078,16.12056541442871,ok
LA_D_8889390,14.04515552520752,14.046320915222168,ok
LA_D_8890877,10.286813735961914,10.286893844604492,ok
LA_D_8890967,13.888813972473145,13.892451286315918,ok
LA_D_8891088,16.084552764892578,16.087995529174805,ok
LA_D_8891307,12.988347053527832,12.990811347961426,ok
LA_D_8891814,18.06157112121582,18.062397003173828,ok
LA_D_8892690,12.801580429077148,12.802448272705078,ok
LA_D_8892958,17.96282196044922,17.96360206604004,ok
LA_D_8893730,19.394620895385742,19.39665985107422,ok
LA_D_8894641,8.4912109375,8.491877555847168,ok
LA_D_8894648,14.75674819946289,14.757840156555176,ok
LA_D_8895696,11.683367729187012,11.684181213378906,ok
LA_D_8896610,11.648333549499512,11.653998374938965,ok
LA_D_8899399,-10.293336868286133,-10.294424057006836,ok
LA_D_8900733,10.153453826904297,10.15743637084961,ok
LA_D_8903895,13.665098190307617,13.66591739654541,ok
LA_D_8904858,13.296698570251465,13.297195434570312,ok
LA_D_8905681,15.606916427612305,15.632100105285645,ok
LA_D_8905956,20.951509475708008,20.95771598815918,ok
LA_D_8906850,12.653631210327148,12.653427124023438,ok
LA_D_8907825,14.800053596496582,14.800060272216797,ok
LA_D_8908261,12.713082313537598,12.713277816772461,ok
LA_D_8909496,22.02061653137207,22.039030075073242,ok
LA_D_8909861,-12.468647956848145,-12.470147132873535,ok
LA_D_8910316,12.284090042114258,12.285721778869629,ok
LA_D_8910822,13.607645988464355,13.607736587524414,ok
LA_D_8911190,14.226786613464355,14.230888366699219,ok
LA_D_8911365,11.408114433288574,11.40898609161377,ok
LA_D_8911591,14.758235931396484,14.762105941772461,ok
LA_D_8912596,15.331531524658203,15.332097053527832,ok
LA_D_8912899,17.13864517211914,17.1441593170166,ok
LA_D_8912964,2.4847164154052734,2.4867496490478516,ok
LA_D_8914938,9.02632999420166,9.027897834777832,ok
LA_D_8915463,13.639105796813965,13.649147033691406,ok
LA_D_8916939,12.145608901977539,12.146382331848145,ok
LA_D_8918981,13.826313972473145,13.831011772155762,ok
LA_D_8920232,18.16848373413086,18.170591354370117,ok
LA_D_8922428,13.482823371887207,13.485318183898926,ok
LA_D_8923139,12.757725715637207,12.761320114135742,ok
LA_D_8923373,11.764753341674805,11.765286445617676,ok
LA_D_8923577,14.820140838623047,14.823100090026855,ok
LA_D_8923789,14.56185531616211,14.56411361694336,ok
LA_D_8924553,-7.5584025382995605,-7.560108661651611,ok
LA_D_8925094,16.591075897216797,16.599523544311523,ok
LA_D_8925211,12.253952980041504,12.253959655761719,ok
LA_D_8925628,18.420886993408203,18.42582893371582,ok
LA_D_8926504,13.934748649597168,13.937378883361816,ok
LA_D_8928209,6.967716693878174,6.968660831451416,ok
LA_D_8929588,11.357284545898438,11.357571601867676,ok
LA_D_8930242,15.504359245300293,15.50558853149414,ok
LA_D_8930518,16.97067642211914,16.980867385864258,ok
LA_D_8931062,15.610967636108398,15.610682487487793,ok
LA_D_8931596,-15.337886810302734,-15.340415000915527,ok
LA_D_8932667,13.571064949035645,13.571553230285645,ok
LA_D_8932992,11.785340309143066,11.78700065612793,ok
LA_D_8933531,19.61065101623535,19.61887550354004,ok
LA_D_8933570,-14.59470272064209,-14.597479820251465,ok
LA_D_8934450,14.215971946716309,14.2166748046875,ok
LA_D_8934774,14.263227462768555,14.267794609069824,ok
LA_D_8934893,12.966379165649414,12.968536376953125,ok
LA_D_8936540,-13.716265678405762,-13.720349311828613,ok
LA_D_8937390,14.068551063537598,14.068604469299316,ok
LA_D_8937760,11.561844825744629,11.562009811401367,ok
LA_D_8939040,14.77180290222168,14.772010803222656,ok
LA_D_8939153,9.537398338317871,9.540996551513672,ok
LA_D_8940296,11.856019973754883,11.857396125793457,ok
LA_D_8940643,17.044174194335938,17.046293258666992,ok
LA_D_8940981,3.327148199081421,3.3277587890625,ok
LA_D_8941037,10.576620101928711,10.576714515686035,ok
LA_D_8941942,17.443782806396484,17.4478702545166,ok
LA_D_8942125,-11.370380401611328,-11.379050254821777,ok
LA_D_8942973,13.831746101379395,13.832831382751465,ok
LA_D_8943651,14.966702461242676,14.970850944519043,ok
LA_D_8944425,15.381697654724121,15.38375186920166,ok
LA_D_8944675,13.876046180725098,13.883143424987793,ok
LA_D_8947789,18.551273345947266,18.553884506225586,ok
LA_D_8947861,-14.307026863098145,-14.308222770690918,ok
LA_D_8948710,15.609880447387695,15.618352890014648,ok
LA_D_8950385,14.492082595825195,14.494272232055664,ok
LA_D_8950647,15.894891738891602,15.897149085998535,ok
LA_D_8950993,15.294816970825195,15.30643367767334,ok
LA_D_8951313,17.87602424621582,17.875871658325195,ok
LA_D_8952306,-10.73459529876709,-10.735054969787598,ok
LA_D_8954865,17.056846618652344,17.05999183654785,ok
LA_D_8954954,11.659090042114258,11.659273147583008,ok
LA_D_8955970,13.449210166931152,13.4513578414917,ok
LA_D_8956992,11.057995796203613,11.058032989501953,ok
LA_D_8957132,13.216607093811035,13.217174530029297,ok
LA_D_8957701,13.181455612182617,13.181700706481934,ok
LA_D_8957959,13.851799011230469,13.85163688659668,ok
LA_D_8958398,12.25169849395752,12.25125789642334,ok
LA_D_8958444,17.231229782104492,17.24825096130371,ok
LA_D_8959959,8.085693359375,8.086772918701172,ok
LA_D_8960097,12.935063362121582,12.935284614562988,ok
LA_D_8960736,13.135787963867188,13.137924194335938,ok
LA_D_8961138,13.263968467712402,13.26701545715332,ok
LA_D_8961195,16.339988708496094,16.34086799621582,ok
LA_D_8961621,10.01648998260498,10.016683578491211,ok
LA_D_8961930,18.37965202331543,18.38410758972168,ok
LA_D_8962012,6.60401725769043,6.60404634475708,ok
LA_D_8964132,9.670464515686035,9.669951438903809,ok
LA_D_8964874,13.207487106323242,13.210978507995605,ok
LA_D_8965622,11.702170372009277,11.705389976501465,ok
LA_D_8967078,15.80988883972168,15.811460494995117,ok
LA_D_8967930,12.588733673095703,12.590543746948242,ok
LA_D_8969618,17.071788787841797,17.07404899597168,ok
LA_D_8971601,16.798831939697266,16.81223487854004,ok
LA_D_8971968,6.429494857788086,6.429497241973877,ok
LA_D_8974858,14.524618148803711,14.530631065368652,ok
LA_D_8975234,21.184688568115234,21.2109432220459,ok
LA_D_8975798,13.651498794555664,13.652082443237305,ok
LA_D_8976318,15.684622764587402,15.685023307800293,ok
LA_D_8976620,-12.597336769104004,-12.606040000915527,ok
LA_D_8978448,-12.448968887329102,-12.452738761901855,ok
LA_D_8978560,-13.790302276611328,-13.790934562683105,ok
LA_D_8979245,16.472545623779297,16.472137451171875,ok
LA_D_8980393,-14.877767562866211,-14.87974739074707,ok
LA_D_8980613,15.53575325012207,15.537546157836914,ok
LA_D_8983296,16.13290786743164,16.135046005249023,ok
LA_D_8983751,12.287945747375488,12.289748191833496,ok
LA_D_8983810,9.859729766845703,9.861003875732422,ok
LA_D_8986360,-13.735953330993652,-13.737391471862793,ok
LA_D_8986682,18.95311164855957,18.953264236450195,ok
LA_D_8986725,9.318527221679688,9.320148468017578,ok
LA_D_8987632,15.499794960021973,15.500420570373535,ok
LA_D_8987674,10.460044860839844,10.460737228393555,ok
LA_D_8987827,19.41930389404297,19.421110153198242,ok
LA_D_8988479,11.119296073913574,11.128029823303223,ok
LA_D_8988605,20.147674560546875,20.148805618286133,ok
LA_D_8989585,-9.959026336669922,-9.963589668273926,ok
LA_D_8991753,14.520471572875977,14.52270221710205,ok
LA_D_8991799,8.858137130737305,8.858353614807129,ok
LA_D_8992743,15.61063289642334,15.613686561584473,ok
LA_D_8992776,11.184662818908691,11.186468124389648,ok
LA_D_8992901,10.800614356994629,10.801694869995117,ok
LA_D_8993681,-16.39912986755371,-16.400667190551758,ok
LA_D_8994328,15.072955131530762,15.07568359375,ok
LA_D_8995264,-0.2231919765472412,-0.22408419847488403,ok
LA_D_8995647,-12.731193542480469,-12.732661247253418,ok
LA_D_8997256,9.7073335647583,9.70760440826416,ok
LA_D_8998352,14.303853988647461,14.306319236755371,ok
LA_D_8998915,15.968820571899414,15.970279693603516,ok
LA_D_8998984,15.23363971710205,15.235692024230957,ok
LA_D_9000151,11.589021682739258,11.590067863464355,ok
LA_D_9001681,14.519139289855957,14.51933479309082,ok
LA_D_9002788,10.75741958618164,10.759113311767578,ok
LA_D_9005051,8.355196952819824,8.355469703674316,ok
LA_D_9005941,13.116950035095215,13.117258071899414,ok
LA_D_9006149,14.139747619628906,14.14144229888916,ok
LA_D_9007860,17.565847396850586,17.583690643310547,ok
LA_D_9008937,13.390771865844727,13.39149284362793,ok
LA_D_9011396,14.410130500793457,14.41074275970459,ok
LA_D_9011511,14.060023307800293,14.060465812683105,ok
LA_D_9012249,15.602457046508789,15.605463027954102,ok
LA_D_9012367,13.82236099243164,13.824584007263184,ok
LA_D_9013901,12.614168167114258,12.614999771118164,ok
LA_D_9014300,15.357695579528809,15.358460426330566,ok
LA_D_9014425,12.693708419799805,12.693798065185547,ok
LA_D_9017623,19.240760803222656,19.246278762817383,ok
LA_D_9018221,9.953495979309082,9.953842163085938,ok
LA_D_9020589,15.393508911132812,15.394124031066895,ok
LA_D_9021893,14.913049697875977,14.929244995117188,ok
LA_D_9022054,14.526739120483398,14.529281616210938,ok
LA_D_9023318,17.01739501953125,17.02248764038086,ok
LA_D_9025240,16.24945068359375,16.252836227416992,ok
LA_D_9026344,17.053152084350586,17.05447769165039,ok
LA_D_9026390,10.803282737731934,10.803439140319824,ok
LA_D_9027095,-12.674965858459473,-12.677170753479004,ok
LA_D_9030143,9.07444953918457,9.074254035949707,ok
LA_D_9032192,16.16520881652832,16.169099807739258,ok
LA_D_9033630,17.479970932006836,17.48193359375,ok
LA_D_9035942,-6.208662033081055,-6.208710193634033,ok
LA_D_9036300,9.822728157043457,9.831999778747559,ok
LA_D_9036585,11.4658784866333,11.467334747314453,ok
LA_D_9036703,8.094342231750488,8.094647407531738,ok
LA_D_9037892,18.345487594604492,18.3487606048584,ok
LA_D_9038073,16.596546173095703,16.59971046447754,ok
LA_D_9039108,9.653034210205078,9.653909683227539,ok
LA_D_9039340,14.54718017578125,14.552932739257812,ok
LA_D_9039771,-13.96660327911377,-13.967538833618164,ok
LA_D_9040314,9.640932083129883,9.640853881835938,ok
LA_D_9040602,-15.287555694580078,-15.291139602661133,ok
LA_D_9042048,16.01194953918457,16.01401138305664,ok
LA_D_9042253,-14.004542350769043,-14.005430221557617,ok
LA_D_9043636,19.830595016479492,19.830995559692383,ok
LA_D_9044209,13.071571350097656,13.07653522491455,ok
LA_D_9045200,10.919404983520508,10.92056655883789,ok
LA_D_9045570,14.813478469848633,14.81400203704834,ok
LA_D_9048413,11.265795707702637,11.266936302185059,ok
LA_D_9048737,13.62648868560791,13.626618385314941,ok
LA_D_9049736,16.909744262695312,16.9106388092041,ok
LA_D_9050106,12.531593322753906,12.532166481018066,ok
LA_D_9051356,15.830765724182129,15.834073066711426,ok
LA_D_9053095,14.857362747192383,14.857823371887207,ok
LA_D_9053096,10.008038520812988,10.008157730102539,ok
LA_D_9053193,12.349935531616211,12.355466842651367,ok
LA_D_9053763,16.647274017333984,16.648906707763672,ok
LA_D_9055271,12.586909294128418,12.588753700256348,ok
LA_D_9058027,14.722935676574707,14.726367950439453,ok
LA_D_9058492,20.130775451660156,20.13309097290039,ok
LA_D_9058869,16.420364379882812,16.420507431030273,ok
LA_D_9059259,11.045904159545898,11.045945167541504,ok
LA_D_9059452,19.869606018066406,19.87876319885254,ok
LA_D_9062081,-13.909712791442871,-13.911015510559082,ok
LA_D_9063622,12.095025062561035,12.09543514251709,ok
LA_D_9064394,11.333280563354492,11.333329200744629,ok
LA_D_9065595,3.5534980297088623,3.5541815757751465,ok
LA_D_9065762,-12.12956428527832,-12.131197929382324,ok
LA_D_9066461,18.3623104095459,18.36604881286621,ok
LA_D_9066739,16.018617630004883,16.0200138092041,ok
LA_D_9067610,16.875944137573242,16.87617301940918,ok
LA_D_9068099,17.117652893066406,17.118410110473633,ok
LA_D_9071072,15.350048065185547,15.350249290466309,ok
LA_D_9072602,14.650185585021973,14.652294158935547,ok
LA_D_9073444,14.586786270141602,14.587837219238281,ok
LA_D_9073905,15.651267051696777,15.654489517211914,ok
LA_D_9074375,15.682395935058594,15.685894012451172,ok
LA_D_9075341,14.105472564697266,14.1144380569458,ok
LA_D_9076677,-13.488779067993164,-13.488876342773438,ok
LA_D_9076744,13.109038352966309,13.110186576843262,ok
LA_D_9077132,14.817693710327148,14.817890167236328,ok
LA_D_9077999,18.253917694091797,18.254322052001953,ok
LA_D_9080371,-13.553056716918945,-13.554458618164062,ok
LA_D_9080415,10.897668838500977,10.900161743164062,ok
LA_D_9081617,15.506272315979004,15.508049964904785,ok
LA_D_9082501,19.092424392700195,19.092527389526367,ok
LA_D_9085002,21.53336524963379,21.543163299560547,ok
LA_D_9086230,11.455330848693848,11.457868576049805,ok
LA_D_9086287,13.064650535583496,13.066568374633789,ok
LA_D_9091046,9.819050788879395,9.819049835205078,ok
LA_D_9091774,-14.607329368591309,-14.608257293701172,ok
LA_D_9092108,13.901383399963379,13.902016639709473,ok
LA_D_9092221,20.136512756347656,20.13657569885254,ok
LA_D_9092413,19.925840377807617,19.931848526000977,ok
LA_D_9092875,13.312349319458008,13.312652587890625,ok
LA_D_9093007,11.761250495910645,11.761641502380371,ok
LA_D_9094488,18.952802658081055,18.95766258239746,ok
LA_D_9094713,17.166322708129883,17.168188095092773,ok
LA_D_9095089,16.75200653076172,16.752195358276367,ok
LA_D_9095164,-11.159317016601562,-11.160508155822754,ok
LA_D_9095485,14.225757598876953,14.226277351379395,ok
LA_D_9095874,7.2383809089660645,7.242026329040527,ok
LA_D_9096004,11.701105117797852,11.702714920043945,ok
LA_D_9096116,15.16102409362793,15.16141414642334,ok
LA_D_9096187,11.452008247375488,11.452364921569824,ok
LA_D_9097473,10.811826705932617,10.813946723937988,ok
LA_D_9098375,12.613058090209961,12.6144380569458,ok
LA_D_9098847,13.238371849060059,13.238369941711426,ok
LA_D_9101305,13.971842765808105,13.97253131866455,ok
LA_D_9101643,14.437064170837402,14.439981460571289,ok
LA_D_9103728,15.526585578918457,15.529233932495117,ok
LA_D_9105267,12.849869728088379,12.850346565246582,ok
LA_D_9105293,20.35572052001953,20.36566734313965,ok
LA_D_9106136,16.73291015625,16.733051300048828,ok
LA_D_9106315,13.3756742477417,13.378186225891113,ok
LA_D_9107569,13.073325157165527,13.07337474822998,ok
LA_D_9109666,14.575223922729492,14.575539588928223,ok
LA_D_9109915,17.625823974609375,17.625883102416992,ok
LA_D_9111429,14.871275901794434,14.874845504760742,ok
LA_D_9112845,13.581823348999023,13.583069801330566,ok
LA_D_9113299,-13.018609046936035,-13.019393920898438,ok
LA_D_9113588,-8.781427383422852,-8.782660484313965,ok
LA_D_9115231,17.101207733154297,17.103492736816406,ok
LA_D_9115338,13.896003723144531,13.8986234664917,ok
LA_D_9115565,1.336442232131958,1.3377577066421509,ok
LA_D_9117374,-15.090568542480469,-15.0921049118042,ok
LA_D_9117562,12.66252613067627,12.662732124328613,ok
LA_D_9118224,14.781753540039062,14.787239074707031,ok
LA_D_9118659,-13.550145149230957,-13.553386688232422,ok
LA_D_9119095,13.39525032043457,13.396774291992188,ok
LA_D_9119177,11.443587303161621,11.445956230163574,ok
LA_D_9120091,12.16218090057373,12.164462089538574,ok
LA_D_9120425,16.853281021118164,16.853479385375977,ok
LA_D_9121380,13.459364891052246,13.461718559265137,ok
LA_D_9121718,15.42762279510498,15.427712440490723,ok
LA_D_9122016,12.296012878417969,12.29746150970459,ok
LA_D_9122088,9.41496467590332,9.417183876037598,ok
LA_D_9122497,11.683960914611816,11.685507774353027,ok
LA_D_9123838,12.302653312683105,12.302979469299316,ok
LA_D_9125336,10.459416389465332,10.46094799041748,ok
LA_D_9125966,-15.23481559753418,-15.237658500671387,ok
LA_D_9126409,-14.584012031555176,-14.58569049835205,ok
LA_D_9127001,11.553008079528809,11.554118156433105,ok
LA_D_9127411,19.11174964904785,19.12210464477539,ok
LA_D_9129067,17.5731201171875,17.592546463012695,ok
LA_D_9129216,14.370728492736816,14.373662948608398,ok
LA_D_9131105,17.951026916503906,17.956804275512695,ok
LA_D_9131527,13.659703254699707,13.661112785339355,ok
LA_D_9132728,12.943373680114746,12.946006774902344,ok
LA_D_9133128,14.959576606750488,14.961968421936035,ok
LA_D_9133444,-14.916977882385254,-14.91795825958252,ok
LA_D_9134485,13.69677734375,13.699397087097168,ok
LA_D_9135294,-12.50115966796875,-12.501280784606934,ok
LA_D_9135528,14.122549057006836,14.122929573059082,ok
LA_D_9136883,17.964780807495117,17.967687606811523,ok
LA_D_9137331,-14.806697845458984,-14.807364463806152,ok
LA_D_9138868,12.29580307006836,12.295992851257324,ok
LA_D_9138892,9.428569793701172,9.428915977478027,ok
LA_D_9140494,14.541324615478516,14.545931816101074,ok
LA_D_9140619,16.46102523803711,16.461393356323242,ok
LA_D_9144289,8.718864440917969,8.718132972717285,ok
LA_D_9144406,18.61876678466797,18.620943069458008,ok
LA_D_9146484,-13.861781120300293,-13.866508483886719,ok
LA_D_9146864,15.12324047088623,15.122779846191406,ok
LA_D_9147299,15.21442985534668,15.214542388916016,ok
LA_D_9147825,15.649188995361328,15.660714149475098,ok
LA_D_9148057,21.130109786987305,21.135154724121094,ok
LA_D_9148724,13.922636032104492,13.925508499145508,ok
LA_D_9149364,13.864975929260254,13.867846488952637,ok
LA_D_9149883,11.987903594970703,11.995305061340332,ok
LA_D_9150782,14.396965026855469,14.40330696105957,ok
LA_D_9151278,11.276241302490234,11.278797149658203,ok
LA_D_9151418,18.85985565185547,18.864788055419922,ok
LA_D_9152403,6.727714538574219,6.7280168533325195,ok
LA_D_9153269,13.844490051269531,13.846115112304688,ok
LA_D_9154948,15.539443016052246,15.541817665100098,ok
LA_D_9155834,17.049705505371094,17.05161476135254,ok
LA_D_9156038,6.592479705810547,6.5940260887146,ok
LA_D_9156390,15.243342399597168,15.245503425598145,ok
LA_D_9158496,20.72711181640625,20.727956771850586,ok
LA_D_9159389,18.596309661865234,18.597795486450195,ok
LA_D_9159860,13.150833129882812,13.152607917785645,ok
LA_D_9159907,-15.262001991271973,-15.262430191040039,ok
LA_D_9160139,12.84304141998291,12.843058586120605,ok
LA_D_9160310,-14.056361198425293,-14.057454109191895,ok
LA_D_9160362,13.63244342803955,13.632670402526855,ok
LA_D_9160621,12.366342544555664,12.380906105041504,ok
LA_D_9160943,13.025135040283203,13.027100563049316,ok
LA_D_9161942,10.596148490905762,10.596230506896973,ok
LA_D_9162612,11.317282676696777,11.317277908325195,ok
LA_D_9163803,14.53834056854248,14.542658805847168,ok
LA_D_9165189,15.388214111328125,15.388612747192383,ok
LA_D_9165269,12.149590492248535,12.151320457458496,ok
LA_D_9165454,14.514546394348145,14.515384674072266,ok
LA_D_9167206,-13.287799835205078,-13.287816047668457,ok
LA_D_9167498,14.6763916015625,14.686060905456543,ok
LA_D_9167860,11.38615608215332,11.386319160461426,ok
LA_D_9170505,16.38691520690918,16.390161514282227,ok
LA_D_9170533,15.864035606384277,15.864533424377441,ok
LA_D_9170546,18.196502685546875,18.197057723999023,ok
LA_D_9170640,13.70197582244873,13.702733993530273,ok
LA_D_9170829,12.85832405090332,12.860264778137207,ok
LA_D_9171276,13.398118019104004,13.40117359161377,ok
LA_D_9172298,-13.031952857971191,-13.032105445861816,ok
LA_D_9172994,17.513158798217773,17.513410568237305,ok
LA_D_9173096,14.964014053344727,14.969297409057617,ok
LA_D_9173264,14.42951488494873,14.429911613464355,ok
LA_D_9173342,14.105281829833984,14.11021614074707,ok
LA_D_9173640,12.692479133605957,12.699488639831543,ok
LA_D_9173760,14.31046199798584,14.314949035644531,ok
LA_D_9174169,13.749167442321777,13.750836372375488,ok
LA_D_9174943,11.51268196105957,11.514363288879395,ok
LA_D_9175079,13.117993354797363,13.12231731414795,ok
LA_D_9175542,8.787484169006348,8.787619590759277,ok
LA_D_9175790,20.2492618560791,20.25404930114746,ok
LA_D_9176089,9.693058013916016,9.693097114562988,ok
LA_D_9178334,11.330753326416016,11.331681251525879,ok
LA_D_9178466,14.929120063781738,14.929770469665527,ok
LA_D_9178575,13.538680076599121,13.539302825927734,ok
LA_D_9178673,14.151897430419922,14.152995109558105,ok
LA_D_9180251,4.537990093231201,4.538924694061279,ok
LA_D_9180824,17.520801544189453,17.520862579345703,ok
LA_D_9182085,12.514729499816895,12.514688491821289,ok
LA_D_9183395,-14.900379180908203,-14.902222633361816,ok
LA_D_9183719,11.419086456298828,11.420121192932129,ok
LA_D_9184655,-11.388911247253418,-11.4025297164917,ok
LA_D_9189588,15.163459777832031,15.16326904296875,ok
LA_D_9189777,11.960687637329102,11.961237907409668,ok
LA_D_9191160,14.210447311401367,14.211135864257812,ok
LA_D_9192418,13.391812324523926,13.399649620056152,ok
LA_D_9192772,14.105628967285156,14.107069969177246,ok
LA_D_9193020,15.356675148010254,15.359295845031738,ok
LA_D_9194593,14.512483596801758,14.519265174865723,ok
LA_D_9195548,14.596535682678223,14.599996566772461,ok
LA_D_9196227,13.850557327270508,13.853354454040527,ok
LA_D_9196257,4.246658802032471,4.2455878257751465,ok
LA_D_9196271,18.636260986328125,18.636655807495117,ok
LA_D_9197432,9.398069381713867,9.401050567626953,ok
LA_D_9197542,17.696805953979492,17.696924209594727,ok
LA_D_9198030,13.525891304016113,13.525921821594238,ok
LA_D_9199194,12.310323715209961,12.310995101928711,ok
LA_D_9200045,-13.269289016723633,-13.27259349822998,ok
LA_D_9201990,16.076629638671875,16.08037757873535,ok
LA_D_9202951,13.906888008117676,13.910886764526367,ok
LA_D_9203142,17.32870864868164,17.33257484436035,ok
LA_D_9204208,20.76289176940918,20.778759002685547,ok
LA_D_9206015,14.118539810180664,14.1192626953125,ok
LA_D_9206035,9.642853736877441,9.643229484558105,ok
LA_D_9207502,11.24522876739502,11.247010231018066,ok
LA_D_9208964,13.448641777038574,13.449732780456543,ok
LA_D_9209018,16.35881805419922,16.362281799316406,ok
LA_D_9209406,10.993398666381836,10.993496894836426,ok
LA_D_9209591,-13.28156852722168,-13.281684875488281,ok
LA_D_9210275,11.30501937866211,11.305583000183105,ok
LA_D_9212778,14.049139022827148,14.051093101501465,ok
LA_D_9216190,13.816251754760742,13.816069602966309,ok
LA_D_9217255,15.051179885864258,15.051366806030273,ok
LA_D_9217605,15.829087257385254,15.829571723937988,ok
LA_D_9218689,16.777706146240234,16.79383659362793,ok
LA_D_9219265,14.015711784362793,14.016165733337402,ok
LA_D_9220018,15.46733283996582,15.468794822692871,ok
LA_D_9222077,15.780406951904297,15.783163070678711,ok
LA_D_9222686,13.678404808044434,13.682257652282715,ok
LA_D_9223694,17.066709518432617,17.0716552734375,ok
LA_D_9224096,-13.53960132598877,-13.54131031036377,ok
LA_D_9224359,9.172499656677246,9.172507286071777,ok
LA_D_9225299,15.915648460388184,15.916243553161621,ok
LA_D_9226269,17.639183044433594,17.643945693969727,ok
LA_D_9230787,15.839007377624512,15.855843544006348,ok
LA_D_9231954,12.832169532775879,12.834310531616211,ok
LA_D_9232895,17.50482177734375,17.506576538085938,ok
LA_D_9233372,18.112642288208008,18.118301391601562,ok
LA_D_9233697,16.808673858642578,16.813188552856445,ok
LA_D_9235322,10.612882614135742,10.614776611328125,ok
LA_D_9236613,18.47359848022461,18.47588348388672,ok
LA_D_9237935,15.35137939453125,15.352669715881348,ok
LA_D_9238403,11.615830421447754,11.618020057678223,ok
LA_D_9238588,9.638404846191406,9.638407707214355,ok
LA_D_9238626,11.617177963256836,11.618204116821289,ok
LA_D_9240035,-14.22353458404541,-14.23641300201416,ok
LA_D_9240337,14.887417793273926,14.888326644897461,ok
LA_D_9241229,-13.6041841506958,-13.607220649719238,ok
LA_D_9241230,13.510542869567871,13.513263702392578,ok
LA_D_9241530,-14.326438903808594,-14.327752113342285,ok
LA_D_9241694,15.878117561340332,15.882781982421875,ok
LA_D_9242112,16.42343521118164,16.42768669128418,ok
LA_D_9242631,13.520707130432129,13.523587226867676,ok
LA_D_9242976,19.97560691833496,19.992082595825195,ok
LA_D_9244255,13.03022575378418,13.03122615814209,ok
LA_D_9244478,17.348228454589844,17.348222732543945,ok
LA_D_9246417,12.889059066772461,12.890667915344238,ok
LA_D_9247963,10.49527645111084,10.495601654052734,ok
LA_D_9248076,14.697127342224121,14.701011657714844,ok
LA_D_9248232,17.140975952148438,17.147390365600586,ok
LA_D_9249528,16.663515090942383,16.66506004333496,ok
LA_D_9249738,13.977499961853027,13.979244232177734,ok
LA_D_9250654,10.694097518920898,10.694247245788574,ok
LA_D_9251632,13.192360877990723,13.193031311035156,ok
LA_D_9251833,15.399901390075684,15.400153160095215,ok
LA_D_9254137,14.86209774017334,14.863404273986816,ok
LA_D_9254481,16.797285079956055,16.79883575439453,ok
LA_D_9255229,15.993929862976074,15.999247550964355,ok
LA_D_9257320,14.209844589233398,14.21562385559082,ok
LA_D_9257491,7.221219539642334,7.221141815185547,ok
LA_D_9258278,11.140570640563965,11.14525318145752,ok
LA_D_9259569,11.867236137390137,11.871103286743164,ok
LA_D_9260902,-13.927228927612305,-13.928400993347168,ok
LA_D_9261139,14.539335250854492,14.540457725524902,ok
LA_D_9262171,12.951817512512207,12.952462196350098,ok
LA_D_9262825,13.012109756469727,13.013813972473145,ok
LA_D_9264205,14.309131622314453,14.310861587524414,ok
LA_D_9264408,16.269624710083008,16.272613525390625,ok
LA_D_9265361,13.89358139038086,13.89554500579834,ok
LA_D_9266618,9.278489112854004,9.279339790344238,ok
LA_D_9266761,18.08248519897461,18.08625602722168,ok
LA_D_9269691,17.29003143310547,17.290428161621094,ok
LA_D_9270152,14.522749900817871,14.5300931930542,ok
LA_D_9271439,15.844016075134277,15.844803810119629,ok
LA_D_9272509,-11.328402519226074,-11.330307960510254,ok
LA_D_9272636,-15.028817176818848,-15.03023624420166,ok
LA_D_9273017,14.540273666381836,14.540385246276855,ok
LA_D_9274099,11.018117904663086,11.021207809448242,ok
LA_D_9274326,12.683390617370605,12.686348915100098,ok
LA_D_9274477,12.847846984863281,12.848372459411621,ok
LA_D_9275415,10.688895225524902,10.69013500213623,ok
LA_D_9275744,18.757408142089844,18.764591217041016,ok
LA_D_9275774,16.566625595092773,16.567258834838867,ok
LA_D_9277522,16.949234008789062,16.95380210876465,ok
LA_D_9278101,14.135080337524414,14.135820388793945,ok
LA_D_9278326,18.74041748046875,18.74372673034668,ok
LA_D_9278460,14.274603843688965,14.27542495727539,ok
LA_D_9278655,12.49732780456543,12.49765396118164,ok
LA_D_9279366,11.983412742614746,11.983528137207031,ok
LA_D_9281005,10.679824829101562,10.680137634277344,ok
LA_D_9281870,11.945748329162598,11.945746421813965,ok
LA_D_9284758,13.439842224121094,13.44039535522461,ok
LA_D_9287127,14.390618324279785,14.396956443786621,ok
LA_D_9287624,10.200935363769531,10.201167106628418,ok
LA_D_9288877,16.18964385986328,16.193729400634766,ok
LA_D_9289055,16.739633560180664,16.7442626953125,ok
LA_D_9289260,13.53271198272705,13.535238265991211,ok
LA_D_9289288,16.685848236083984,16.688955307006836,ok
LA_D_9289511,14.400094985961914,14.405682563781738,ok
LA_D_9289629,12.045733451843262,12.048286437988281,ok
LA_D_9290170,10.843527793884277,10.84354305267334,ok
LA_D_9291135,10.754764556884766,10.754929542541504,ok
LA_D_9291930,13.810505867004395,13.810505867004395,ok
LA_D_9292862,17.5214786529541,17.52358055114746,ok
LA_D_9294766,16.189241409301758,16.191062927246094,ok
LA_D_9295080,-11.189583778381348,-11.190849304199219,ok
LA_D_9295289,14.301416397094727,14.306048393249512,ok
LA_D_9295689,13.541763305664062,13.543620109558105,ok
LA_D_9297011,13.428118705749512,13.429808616638184,ok
LA_D_9297479,14.440184593200684,14.440494537353516,ok
LA_D_9298211,21.708044052124023,21.708467483520508,ok
LA_D_9298303,14.500628471374512,14.502007484436035,ok
LA_D_9299077,13.555747985839844,13.555756568908691,ok
LA_D_9299686,-7.862000942230225,-7.862001419067383,ok
LA_D_9300277,-14.984414100646973,-14.984728813171387,ok
LA_D_9301345,17.410762786865234,17.4118595123291,ok
LA_D_9301839,16.767656326293945,16.78333282470703,ok
LA_D_9302376,9.67380428314209,9.674583435058594,ok
LA_D_9303374,13.394072532653809,13.396273612976074,ok
LA_D_9304099,-14.141016006469727,-14.142304420471191,ok
LA_D_9304694,11.944928169250488,11.94839096069336,ok
LA_D_9304826,14.669708251953125,14.675211906433105,ok
LA_D_9305104,12.879354476928711,12.881186485290527,ok
LA_D_9305138,11.188813209533691,11.190972328186035,ok
LA_D_9305482,17.855009078979492,17.855426788330078,ok
LA_D_9305654,12.911195755004883,12.916027069091797,ok
LA_D_9306659,12.0552396774292,12.056870460510254,ok
LA_D_9308388,14.979474067687988,14.980311393737793,ok
LA_D_9308715,19.511096954345703,19.513334274291992,ok
LA_D_9310262,16.42660140991211,16.4339656829834,ok
LA_D_9311350,-15.835983276367188,-15.837162971496582,ok
LA_D_9314069,12.687125205993652,12.689797401428223,ok
LA_D_9314868,12.560680389404297,12.560879707336426,ok
LA_D_9314884,14.175562858581543,14.182548522949219,ok
LA_D_9315635,15.818131446838379,15.820748329162598,ok
LA_D_9316058,16.426179885864258,16.42743492126465,ok
LA_D_9318857,14.928461074829102,14.928938865661621,ok
LA_D_9319228,11.612276077270508,11.612332344055176,ok
LA_D_9319381,-7.492986679077148,-7.499034881591797,ok
LA_D_9320180,14.422211647033691,14.42938232421875,ok
LA_D_9321322,9.166829109191895,9.168585777282715,ok
LA_D_9321479,11.390044212341309,11.391785621643066,ok
LA_D_9322246,14.836478233337402,14.841524124145508,ok
LA_D_9323100,14.674863815307617,14.676127433776855,ok
LA_D_9323815,-14.3765869140625,-14.386005401611328,ok
LA_D_9323962,16.61944580078125,16.619861602783203,ok
LA_D_9325156,9.606297492980957,9.607049942016602,ok
LA_D_9325392,19.11433982849121,19.114328384399414,ok
LA_D_9326060,15.528847694396973,15.532069206237793,ok
LA_D_9327413,12.415850639343262,12.416021347045898,ok
LA_D_9327657,16.741294860839844,16.743379592895508,ok
LA_D_9330492,-12.18889045715332,-12.19235897064209,ok
LA_D_9331853,16.568267822265625,16.571226119995117,ok
LA_D_9332950,15.190384864807129,15.191654205322266,ok
LA_D_9333859,13.39285945892334,13.393301963806152,ok
LA_D_9334540,14.68566608428955,14.700395584106445,ok
LA_D_9334822,18.961225509643555,18.968700408935547,ok
LA_D_9335121,16.215871810913086,16.216920852661133,ok
LA_D_9335130,13.068456649780273,13.074166297912598,ok
LA_D_9335232,15.338061332702637,15.339597702026367,ok
LA_D_9335272,14.622389793395996,14.628169059753418,ok
LA_D_9335831,11.575366973876953,11.5756254196167,ok
LA_D_9336302,12.192028045654297,12.192017555236816,ok
LA_D_9337299,18.863779067993164,18.867334365844727,ok
LA_D_9338745,14.04841136932373,14.052153587341309,ok
LA_D_9341282,16.36271095275879,16.369365692138672,ok
LA_D_9342188,10.79216480255127,10.792283058166504,ok
LA_D_9344368,18.756486892700195,18.760679244995117,ok
LA_D_9345488,17.715469360351562,17.728818893432617,ok
LA_D_9346841,14.402921676635742,14.403117179870605,ok
LA_D_9346947,16.99207305908203,16.993024826049805,ok
LA_D_9347002,12.666013717651367,12.667572021484375,ok
LA_D_9347638,21.22528839111328,21.22641372680664,ok
LA_D_9347930,8.06383991241455,8.063857078552246,ok
LA_D_9348134,12.237756729125977,12.24010944366455,ok
LA_D_9348889,-13.78766918182373,-13.794093132019043,ok
LA_D_9349907,16.56022834777832,16.562870025634766,ok
LA_D_9350649,18.792285919189453,18.80135154724121,ok
LA_D_9351259,15.988072395324707,15.994498252868652,ok
LA_D_9351516,18.072673797607422,18.07606315612793,ok
LA_D_9351540,13.459543228149414,13.460906028747559,ok
LA_D_9351714,13.34322738647461,13.34323787689209,ok
LA_D_9351920,11.593244552612305,11.598076820373535,ok
LA_D_9352288,9.837847709655762,9.843705177307129,ok
LA_D_9352302,11.870884895324707,11.870545387268066,ok
LA_D_9352339,14.559340476989746,14.561469078063965,ok
LA_D_9353876,24.214502334594727,24.217622756958008,ok
LA_D_9354813,15.161481857299805,15.163623809814453,ok
LA_D_9354882,14.007850646972656,14.008814811706543,ok
LA_D_9355453,9.874138832092285,9.874199867248535,ok
LA_D_9356917,11.689407348632812,11.69143009185791,ok
LA_D_9359637,-14.782303810119629,-14.785656929016113,ok
LA_D_9360287,11.5459566116333,11.549918174743652,ok
LA_D_9361389,17.742633819580078,17.744829177856445,ok
LA_D_9361903,6.045699119567871,6.045845985412598,ok
LA_D_9362624,15.037946701049805,15.040665626525879,ok
LA_D_9363151,7.328431129455566,7.3299360275268555,ok
LA_D_9363652,14.321828842163086,14.324427604675293,ok
LA_D_9363698,15.779755592346191,15.779772758483887,ok
LA_D_9363937,15.796279907226562,15.798508644104004,ok
LA_D_9365960,14.641033172607422,14.640982627868652,ok
LA_D_9366152,16.79080581665039,16.793672561645508,ok
LA_D_9366582,-15.527337074279785,-15.529521942138672,ok
LA_D_9366624,13.372145652770996,13.374162673950195,ok
LA_D_9366756,15.500751495361328,15.500731468200684,ok
LA_D_9366858,11.545641899108887,11.563926696777344,ok
LA_D_9367260,17.34653091430664,17.349449157714844,ok
LA_D_9367691,17.54952621459961,17.549592971801758,ok
LA_D_9369162,14.611991882324219,14.614100456237793,ok
LA_D_9370304,9.082977294921875,9.083125114440918,ok
LA_D_9372553,13.646096229553223,13.65156078338623,ok
LA_D_9374494,17.253381729125977,17.25360679626465,ok
LA_D_9374684,-14.141186714172363,-14.142342567443848,ok
LA_D_9374690,17.8953857421875,17.8953914642334,ok
LA_D_9374784,8.81685733795166,8.81679630279541,ok
LA_D_9375118,10.057531356811523,10.060542106628418,ok
LA_D_9376184,15.00493049621582,15.004778861999512,ok
LA_D_9376797,18.03205680847168,18.04543113708496,ok
LA_D_9378704,14.158533096313477,14.163602828979492,ok
LA_D_9379842,14.147196769714355,14.14736557006836,ok
LA_D_9382127,14.187300682067871,14.194947242736816,ok
LA_D_9382297,14.237804412841797,14.243446350097656,ok
LA_D_9382979,-12.59369945526123,-12.594695091247559,ok
LA_D_9383850,19.975332260131836,19.99393653869629,ok
LA_D_9384056,10.31833553314209,10.318686485290527,ok
LA_D_9384507,16.572952270507812,16.574926376342773,ok
LA_D_9386142,14.086382865905762,14.086264610290527,ok
LA_D_9386777,12.768815994262695,12.768887519836426,ok
LA_D_9387976,15.507129669189453,15.50721263885498,ok
LA_D_9388333,19.634057998657227,19.642789840698242,ok
LA_D_9389017,10.234115600585938,10.234223365783691,ok
LA_D_9390591,15.272322654724121,15.275809288024902,ok
LA_D_9391009,12.317221641540527,12.327330589294434,ok
LA_D_9391403,9.900726318359375,9.900750160217285,ok
LA_D_9392796,14.802858352661133,14.80335521697998,ok
LA_D_9392816,14.458508491516113,14.458550453186035,ok
LA_D_9393077,10.4363431930542,10.436348915100098,ok
LA_D_9394624,15.717438697814941,15.719755172729492,ok
LA_D_9395081,14.092683792114258,14.092926979064941,ok
LA_D_9395082,8.451510429382324,8.451865196228027,ok
LA_D_9395844,10.560921669006348,10.561103820800781,ok
LA_D_9397829,15.774435997009277,15.776803016662598,ok
LA_D_9399713,8.734313011169434,8.734362602233887,ok
LA_D_9399909,12.457427978515625,12.460138320922852,ok
LA_D_9400890,18.03562355041504,18.0386905670166,ok
LA_D_9401339,16.005592346191406,16.00857162475586,ok
LA_D_9402940,10.85926628112793,10.864169120788574,ok
LA_D_9403264,16.077022552490234,16.08263397216797,ok
LA_D_9406043,12.593657493591309,12.595842361450195,ok
LA_D_9406266,-15.22675895690918,-15.228860855102539,ok
LA_D_9406480,12.685763359069824,12.689282417297363,ok
LA_D_9407131,15.458099365234375,15.458151817321777,ok
LA_D_9407742,10.989130020141602,10.989508628845215,ok
LA_D_9408059,-11.33619213104248,-11.338839530944824,ok
LA_D_9410296,15.55290412902832,15.552742004394531,ok
LA_D_9410329,10.849847793579102,10.849385261535645,ok
LA_D_9410996,11.177406311035156,11.179886817932129,ok
LA_D_9411191,12.704846382141113,12.705328941345215,ok
LA_D_9414131,12.99866008758545,13.00312614440918,ok
LA_D_9416941,13.461287498474121,13.461870193481445,ok
LA_D_9417900,-12.68030071258545,-12.68046760559082,ok
LA_D_9419011,13.967119216918945,13.971356391906738,ok
LA_D_9419297,12.71900749206543,12.720063209533691,ok
LA_D_9421383,10.670713424682617,10.670772552490234,ok
LA_D_9421514,11.514237403869629,11.516678810119629,ok
LA_D_9422436,-1.023938775062561,-1.0246309041976929,ok
LA_D_9423080,-12.785903930664062,-12.786028861999512,ok
LA_D_9424343,17.728487014770508,17.728487014770508,ok
LA_D_9424568,19.54595184326172,19.546497344970703,ok
LA_D_9424845,16.648025512695312,16.65555763244629,ok
LA_D_9425296,15.235809326171875,15.235831260681152,ok
LA_D_9425366,14.022078514099121,14.024426460266113,ok
LA_D_9425889,1.8230618238449097,1.8234697580337524,ok
LA_D_9428145,13.050507545471191,13.052433967590332,ok
LA_D_9428728,16.450441360473633,16.45428466796875,ok
LA_D_9429220,3.345283031463623,3.3460521697998047,ok
LA_D_9429683,13.423431396484375,13.425349235534668,ok
LA_D_9429831,13.664789199829102,13.66912841796875,ok
LA_D_9429971,13.00016975402832,13.001812934875488,ok
LA_D_9430144,14.576008796691895,14.57630443572998,ok
LA_D_9430378,14.113598823547363,14.116127967834473,ok
LA_D_9430536,16.1557559967041,16.155860900878906,ok
LA_D_9430632,13.8366117477417,13.846549034118652,ok
LA_D_9430687,5.289351940155029,5.289034366607666,ok
LA_D_9431218,9.893345832824707,9.893223762512207,ok
LA_D_9433165,-12.295463562011719,-12.296507835388184,ok
LA_D_9435140,7.938693523406982,7.938597202301025,ok
LA_D_9435141,8.51890754699707,8.522680282592773,ok
LA_D_9436350,7.648016452789307,7.6480712890625,ok
LA_D_9436692,8.15687370300293,8.161356925964355,ok
LA_D_9436918,17.357091903686523,17.356590270996094,ok
LA_D_9437172,11.859959602355957,11.864852905273438,ok
LA_D_9437346,15.873324394226074,15.87598705291748,ok
LA_D_9437643,14.89869213104248,14.900728225708008,ok
LA_D_9438113,21.110944747924805,21.114959716796875,ok
LA_D_9438939,16.484798431396484,16.486724853515625,ok
LA_D_9439087,15.540895462036133,15.543787956237793,ok
LA_D_9439129,12.595641136169434,12.59620189666748,ok
LA_D_9439860,13.849424362182617,13.873549461364746,ok
LA_D_9440328,12.78991985321045,12.79276180267334,ok
LA_D_9441585,-15.577203750610352,-15.57852840423584,ok
LA_D_9442040,15.824262619018555,15.825786590576172,ok
LA_D_9444024,16.99301528930664,16.993083953857422,ok
LA_D_9445699,14.162296295166016,14.162970542907715,ok
LA_D_9446553,8.791213989257812,8.791558265686035,ok
LA_D_9448997,16.254608154296875,16.261014938354492,ok
LA_D_9449347,12.157256126403809,12.157258033752441,ok
LA_D_9449718,5.786144733428955,5.7861223220825195,ok
LA_D_9450925,14.750762939453125,14.753788948059082,ok
LA_D_9451365,-6.892024993896484,-6.89210844039917,ok
LA_D_9451389,10.937583923339844,10.938931465148926,ok
LA_D_9451445,14.579360961914062,14.580731391906738,ok
LA_D_9452798,16.605188369750977,16.60723876953125,ok
LA_D_9454983,18.812223434448242,18.82758140563965,ok
LA_D_9455279,5.911218166351318,5.91354513168335,ok
LA_D_9455460,10.953667640686035,10.955662727355957,ok
LA_D_9456431,15.921663284301758,15.923020362854004,ok
LA_D_9456525,12.479936599731445,12.47961711883545,ok
LA_D_9456791,13.407352447509766,13.407513618469238,ok
LA_D_9457616,16.27910804748535,16.286314010620117,ok
LA_D_9457668,17.891191482543945,17.896364212036133,ok
LA_D_9457760,12.400513648986816,12.401214599609375,ok
LA_D_9458312,15.838549613952637,15.839173316955566,ok
LA_D_9458567,-5.393828392028809,-5.393983364105225,ok
LA_D_9458801,6.966284275054932,6.971597671508789,ok
LA_D_9459944,16.545673370361328,16.545883178710938,ok
LA_D_9460035,15.873740196228027,15.877147674560547,ok
LA_D_9460191,11.593029022216797,11.59416675567627,ok
LA_D_9460592,-12.37104320526123,-12.3745698928833,ok
LA_D_9461387,13.51242446899414,13.512141227722168,ok
LA_D_9462148,14.527853965759277,14.529118537902832,ok
LA_D_9462251,13.04038143157959,13.04227352142334,ok
LA_D_9462541,14.41220474243164,14.413769721984863,ok
LA_D_9465062,9.85301399230957,9.853266716003418,ok
LA_D_9465126,20.237529754638672,20.241931915283203,ok
LA_D_9465829,5.053543567657471,5.057806491851807,ok
LA_D_9467702,7.279573917388916,7.279586315155029,ok
LA_D_9467977,12.11351490020752,12.115019798278809,ok
LA_D_9468171,15.722224235534668,15.723319053649902,ok
LA_D_9468782,16.149505615234375,16.162052154541016,ok
LA_D_9469645,15.838661193847656,15.840839385986328,ok
LA_D_9469817,11.229243278503418,11.233053207397461,ok
LA_D_9469910,14.919753074645996,14.92085075378418,ok
LA_D_9470738,11.730854988098145,11.731720924377441,ok
LA_D_9471952,-15.654287338256836,-15.656778335571289,ok
LA_D_9472346,11.084513664245605,11.085386276245117,ok
LA_D_9473113,13.75933837890625,13.760138511657715,ok
LA_D_9474750,15.771166801452637,15.771395683288574,ok
LA_D_9475102,-14.11660099029541,-14.117023468017578,ok
LA_D_9477146,11.373589515686035,11.377013206481934,ok
LA_D_9477633,18.634212493896484,18.6442813873291,ok
LA_D_9478484,9.745203971862793,9.748233795166016,ok
LA_D_9478492,15.665334701538086,15.666081428527832,ok
LA_D_9478591,10.549925804138184,10.550481796264648,ok
LA_D_9480023,-13.826727867126465,-13.82700252532959,ok
LA_D_9481030,11.654914855957031,11.655491828918457,ok
LA_D_9481908,18.540668487548828,18.544178009033203,ok
LA_D_9482946,15.464320182800293,15.464425086975098,ok
LA_D_9486157,10.808117866516113,10.808316230773926,ok
LA_D_9486751,15.5756254196167,15.578346252441406,ok
LA_D_9486895,11.210982322692871,11.213523864746094,ok
LA_D_9487961,-15.293635368347168,-15.299052238464355,ok
LA_D_9488774,11.849061965942383,11.849806785583496,ok
LA_D_9489571,9.79233169555664,9.792536735534668,ok
LA_D_9489838,4.65677547454834,4.656862258911133,ok
LA_D_9490122,15.09817123413086,15.099299430847168,ok
LA_D_9491192,17.63503646850586,17.64469337463379,ok
LA_D_9491341,20.706989288330078,20.714967727661133,ok
LA_D_9492240,12.469440460205078,12.469573020935059,ok
LA_D_9492715,11.500823974609375,11.501458168029785,ok
LA_D_9493111,12.764302253723145,12.764609336853027,ok
LA_D_9493572,12.847967147827148,12.848331451416016,ok
LA_D_9495235,13.90511703491211,13.913081169128418,ok
LA_D_9496441,-11.297219276428223,-11.303948402404785,ok
LA_D_9497637,14.357128143310547,14.359732627868652,ok
LA_D_9498483,12.53604507446289,12.538557052612305,ok
LA_D_9499149,17.85419273376465,17.863492965698242,ok
LA_D_9499849,15.799371719360352,15.800485610961914,ok
LA_D_9500158,11.025272369384766,11.02558422088623,ok
LA_D_9500692,16.327743530273438,16.331626892089844,ok
LA_D_9502258,-13.331657409667969,-13.342086791992188,ok
LA_D_9502397,13.152530670166016,13.152970314025879,ok
LA_D_9502607,11.041258811950684,11.043536186218262,ok
LA_D_9502718,14.995963096618652,14.997371673583984,ok
LA_D_9504862,15.202528953552246,15.206056594848633,ok
LA_D_9505564,8.50113582611084,8.501118659973145,ok
LA_D_9505772,14.280651092529297,14.282790184020996,ok
LA_D_9506213,15.76258373260498,15.7640962600708,ok
LA_D_9506978,9.547890663146973,9.547896385192871,ok
LA_D_9507060,12.497594833374023,12.500214576721191,ok
LA_D_9508570,-13.259942054748535,-13.260323524475098,ok
LA_D_9509498,13.660972595214844,13.66301441192627,ok
LA_D_9512174,-14.248525619506836,-14.249214172363281,ok
LA_D_9513156,-12.420666694641113,-12.421692848205566,ok
LA_D_9514185,15.25200080871582,15.286847114562988,ok
LA_D_9515513,6.79337215423584,6.794191360473633,ok
LA_D_9516537,13.888442993164062,13.895469665527344,ok
LA_D_9517355,11.380277633666992,11.384878158569336,ok
LA_D_9517810,18.052154541015625,18.053434371948242,ok
LA_D_9520076,18.561567306518555,18.566495895385742,ok
LA_D_9520422,20.3013858795166,20.3044376373291,ok
LA_D_9520709,20.129451751708984,20.130659103393555,ok
LA_D_9521538,13.194734573364258,13.196478843688965,ok
LA_D_9523504,-14.501042366027832,-14.502062797546387,ok
LA_D_9523755,17.21261215209961,17.212621688842773,ok
LA_D_9523778,12.016973495483398,12.017195701599121,ok
LA_D_9525782,14.097376823425293,14.105286598205566,ok
LA_D_9525819,19.48330307006836,19.48871421813965,ok
LA_D_9526073,11.513206481933594,11.51572322845459,ok
LA_D_9526782,15.761783599853516,15.764222145080566,ok
LA_D_9526919,14.155644416809082,14.15584945678711,ok
LA_D_9528207,13.493267059326172,13.506085395812988,ok
LA_D_9528402,7.907883644104004,7.908141613006592,ok
LA_D_9529199,14.504715919494629,14.507061004638672,ok
LA_D_9530100,13.281261444091797,13.281268119812012,ok
LA_D_9530210,11.4560546875,11.457283973693848,ok
LA_D_9531450,-12.365090370178223,-12.368195533752441,ok
LA_D_9533572,12.20101547241211,12.202441215515137,ok
LA_D_9535689,13.477095603942871,13.478943824768066,ok
LA_D_9535722,3.1731839179992676,3.1730198860168457,ok
LA_D_9537226,13.217576026916504,13.219161033630371,ok
LA_D_9537289,14.422350883483887,14.430962562561035,ok
LA_D_9538442,9.43458080291748,9.436700820922852,ok
LA_D_9540047,14.396757125854492,14.397662162780762,ok
LA_D_9546041,13.38846492767334,13.388520240783691,ok
LA_D_9548811,15.114970207214355,15.11740779876709,ok
LA_D_9548980,12.605340957641602,12.605237007141113,ok
LA_D_9549420,12.679656028747559,12.680583953857422,ok
LA_D_9549607,-15.794729232788086,-15.799702644348145,ok
LA_D_9549616,17.248943328857422,17.26113510131836,ok
LA_D_9550638,11.10091495513916,11.101587295532227,ok
LA_D_9551181,14.123821258544922,14.127580642700195,ok
LA_D_9551821,16.24361801147461,16.243738174438477,ok
LA_D_9551852,11.82822322845459,11.829941749572754,ok
LA_D_9552029,10.181936264038086,10.184854507446289,ok
LA_D_9552252,12.14159870147705,12.142241477966309,ok
LA_D_9553311,18.362855911254883,18.363401412963867,ok
LA_D_9553419,10.754159927368164,10.754260063171387,ok
LA_D_9554132,-13.6763916015625,-13.679665565490723,ok
LA_D_9556143,20.46626853942871,20.47446060180664,ok
LA_D_9556871,15.50890827178955,15.50951099395752,ok
LA_D_9557117,-13.883705139160156,-13.884278297424316,ok
LA_D_9557863,10.364354133605957,10.364349365234375,ok
LA_D_9559894,18.32551383972168,18.3259334564209,ok
LA_D_9560177,13.901607513427734,13.902085304260254,ok
LA_D_9560631,13.882095336914062,13.883269309997559,ok
LA_D_9561057,-11.01125717163086,-11.011622428894043,ok
LA_D_9562015,11.554826736450195,11.555449485778809,ok
LA_D_9562412,16.713916778564453,16.71397590637207,ok
LA_D_9562489,16.052867889404297,16.054609298706055,ok
LA_D_9563138,15.28862476348877,15.293450355529785,ok
LA_D_9566347,16.35335350036621,16.35353660583496,ok
LA_D_9566824,13.468835830688477,13.469526290893555,ok
LA_D_9567593,-16.016223907470703,-16.018699645996094,ok
LA_D_9567658,12.804637908935547,12.806082725524902,ok
LA_D_9568708,16.09158706665039,16.095069885253906,ok
LA_D_9568749,-12.282322883605957,-12.282596588134766,ok
LA_D_9571982,14.018538475036621,14.019274711608887,ok
LA_D_9572182,10.245759963989258,10.246488571166992,ok
LA_D_9573200,14.722603797912598,14.723532676696777,ok
LA_D_9577103,11.67926025390625,11.680224418640137,ok
LA_D_9578667,13.218438148498535,13.219328880310059,ok
LA_D_9579813,21.25543785095215,21.2879581451416,ok
LA_D_9579816,11.939494132995605,11.939996719360352,ok
LA_D_9580426,-12.282957077026367,-12.288437843322754,ok
LA_D_9581294,15.946998596191406,15.951154708862305,ok
LA_D_9581321,15.804168701171875,15.806602478027344,ok
LA_D_9581870,14.918022155761719,14.919148445129395,ok
LA_D_9582133,10.713089942932129,10.716301918029785,ok
LA_D_9582158,14.774954795837402,14.7780179977417,ok
LA_D_9582658,12.217414855957031,12.221726417541504,ok
LA_D_9582754,10.436395645141602,10.438517570495605,ok
LA_D_9583786,18.03754234313965,18.039440155029297,ok
LA_D_9584747,13.405029296875,13.405756950378418,ok
LA_D_9584769,16.626304626464844,16.627233505249023,ok
LA_D_9585648,13.097638130187988,13.097607612609863,ok
LA_D_9585808,14.375653266906738,14.378622055053711,ok
LA_D_9585951,11.579527854919434,11.579740524291992,ok
LA_D_9587443,13.797135353088379,13.811878204345703,ok
LA_D_9588548,14.242913246154785,14.242955207824707,ok
LA_D_9588984,20.462100982666016,20.473905563354492,ok
LA_D_9589501,17.224811553955078,17.22690773010254,ok
LA_D_9594281,12.641432762145996,12.64632511138916,ok
LA_D_9594600,14.997451782226562,15.004673957824707,ok
LA_D_9594921,16.580839157104492,16.590511322021484,ok
LA_D_9596234,3.0594515800476074,3.05875825881958,ok
LA_D_9596640,17.191429138183594,17.194189071655273,ok
LA_D_9596658,9.561963081359863,9.562138557434082,ok
LA_D_9597218,13.641434669494629,13.642056465148926,ok
LA_D_9600050,9.40546703338623,9.40794849395752,ok
LA_D_9600169,15.145004272460938,15.14844799041748,ok
LA_D_9600380,6.092520236968994,6.092650890350342,ok
LA_D_9602909,11.271055221557617,11.27292537689209,ok
LA_D_9603070,15.865788459777832,15.87232494354248,ok
LA_D_9603314,17.86227798461914,17.862821578979492,ok
LA_D_9603327,18.709102630615234,18.70966339111328,ok
LA_D_9603838,6.304874420166016,6.304948329925537,ok
LA_D_9604838,15.294696807861328,15.29695987701416,ok
LA_D_9604966,14.269158363342285,14.269695281982422,ok
LA_D_9605437,8.296749114990234,8.29818344116211,ok
LA_D_9605797,13.655073165893555,13.66862964630127,ok
LA_D_9606397,10.58009147644043,10.58056640625,ok
LA_D_9608815,16.1377010345459,16.14677619934082,ok
LA_D_9609174,16.697832107543945,16.698978424072266,ok
LA_D_9611936,10.417677879333496,10.417587280273438,ok
LA_D_9614451,19.480018615722656,19.48157501220703,ok
LA_D_9615736,11.161972045898438,11.161978721618652,ok
LA_D_9616032,15.864830017089844,15.865134239196777,ok
LA_D_9616817,20.27753257751465,20.277841567993164,ok
LA_D_9618467,14.82194995880127,14.822098731994629,ok
LA_D_9619214,19.583486557006836,19.596967697143555,ok
LA_D_9620140,10.772208213806152,10.7722749710083,ok
LA_D_9621176,11.293306350708008,11.294072151184082,ok
LA_D_9623720,-13.941479682922363,-13.9428129196167,ok
LA_D_9623958,15.561918258666992,15.566146850585938,ok
LA_D_9625091,12.74587631225586,12.747519493103027,ok
LA_D_9626068,14.052799224853516,14.053053855895996,ok
LA_D_9626571,12.777238845825195,12.777212142944336,ok
LA_D_9626758,15.765678405761719,15.770003318786621,ok
LA_D_9627075,10.338505744934082,10.338496208190918,ok
LA_D_9627529,15.506545066833496,15.507880210876465,ok
LA_D_9628041,16.348939895629883,16.351869583129883,ok
LA_D_9633618,12.80919361114502,12.810456275939941,ok
LA_D_9633851,17.07499122619629,17.07648277282715,ok
LA_D_9634003,8.777654647827148,8.781259536743164,ok
LA_D_9634838,12.016704559326172,12.01701545715332,ok
LA_D_9635044,8.35374641418457,8.359234809875488,ok
LA_D_9635349,8.841553688049316,8.843987464904785,ok
LA_D_9635881,13.73983097076416,13.741009712219238,ok
LA_D_9636629,13.922087669372559,13.922911643981934,ok
LA_D_9636836,16.11367416381836,16.1136474609375,ok
LA_D_9637098,10.063578605651855,10.063623428344727,ok
LA_D_9638872,15.460594177246094,15.461387634277344,ok
LA_D_9641365,12.648959159851074,12.65548324584961,ok
LA_D_9641985,15.256477355957031,15.261926651000977,ok
LA_D_9642534,16.20383071899414,16.205020904541016,ok
LA_D_9642537,18.917680740356445,18.92407989501953,ok
LA_D_9642966,12.792703628540039,12.795989036560059,ok
LA_D_9643063,13.852746963500977,13.853093147277832,ok
LA_D_9643639,15.249765396118164,15.251051902770996,ok
LA_D_9643751,16.95730209350586,16.95864486694336,ok
LA_D_9643872,15.339781761169434,15.343388557434082,ok
LA_D_9643882,24.471147537231445,24.47777557373047,ok
LA_D_9644491,19.091615676879883,19.093250274658203,ok
LA_D_9645223,14.645233154296875,14.651389122009277,ok
LA_D_9645639,17.803552627563477,17.80946922302246,ok
LA_D_9646150,11.272595405578613,11.273791313171387,ok
LA_D_9646445,13.308836936950684,13.311286926269531,ok
LA_D_9646573,15.1071138381958,15.107695579528809,ok
LA_D_9646701,12.201321601867676,12.201911926269531,ok
LA_D_9646783,14.167017936706543,14.168457984924316,ok
LA_D_9648082,13.01013469696045,13.011187553405762,ok
LA_D_9648319,12.876408576965332,12.876603126525879,ok
LA_D_9649054,9.644169807434082,9.645506858825684,ok
LA_D_9649342,15.060349464416504,15.063721656799316,ok
LA_D_9650472,12.400711059570312,12.403579711914062,ok
LA_D_9652293,14.790754318237305,14.79166316986084,ok
LA_D_9652883,14.909016609191895,14.91006851196289,ok
LA_D_9654133,14.588752746582031,14.589472770690918,ok
LA_D_9654253,14.325170516967773,14.325102806091309,ok
LA_D_9654635,7.554234981536865,7.554318428039551,ok
LA_D_9655429,11.375876426696777,11.378125190734863,ok
LA_D_9657295,14.70621109008789,14.707074165344238,ok
LA_D_9657561,11.08607292175293,11.086176872253418,ok
LA_D_9658574,15.300654411315918,15.305142402648926,ok
LA_D_9659279,12.903687477111816,12.905996322631836,ok
LA_D_9660901,13.293546676635742,13.295681953430176,ok
LA_D_9661949,14.300633430480957,14.30311393737793,ok
LA_D_9662465,17.854293823242188,17.85930061340332,ok
LA_D_9662606,13.756103515625,13.757739067077637,ok
LA_D_9662796,16.98944091796875,16.990060806274414,ok
LA_D_9663298,13.709799766540527,13.710306167602539,ok
LA_D_9663682,16.117921829223633,16.123445510864258,ok
LA_D_9663907,14.465126037597656,14.466513633728027,ok
LA_D_9663993,13.570344924926758,13.575804710388184,ok
LA_D_9664656,-16.374860763549805,-16.3763427734375,ok
LA_D_9664872,17.064659118652344,17.066463470458984,ok
LA_D_9665377,15.588933944702148,15.593605995178223,ok
LA_D_9666900,15.554031372070312,15.554880142211914,ok
LA_D_9667586,16.21868324279785,16.23765754699707,ok
LA_D_9668611,-12.425934791564941,-12.426172256469727,ok
LA_D_9670204,11.885533332824707,11.885872840881348,ok
LA_D_9670462,15.693724632263184,15.70287799835205,ok
LA_D_9672147,13.13386058807373,13.138863563537598,ok
LA_D_9672169,16.979433059692383,16.979904174804688,ok
LA_D_9672244,13.49502944946289,13.49590015411377,ok
LA_D_9672991,10.565178871154785,10.565764427185059,ok
LA_D_9674319,15.867137908935547,15.869311332702637,ok
LA_D_9676279,11.908857345581055,11.90888786315918,ok
LA_D_9676445,-12.739554405212402,-12.739838600158691,ok
LA_D_9676810,12.24705982208252,12.247204780578613,ok
LA_D_9678259,10.557392120361328,10.55726432800293,ok
LA_D_9678415,12.809243202209473,12.809351921081543,ok
LA_D_9678633,15.549250602722168,15.551447868347168,ok
LA_D_9685224,11.114646911621094,11.117341995239258,ok
LA_D_9685348,-15.727678298950195,-15.728687286376953,ok
LA_D_9685772,16.784942626953125,16.785921096801758,ok
LA_D_9685992,17.27219009399414,17.271997451782227,ok
LA_D_9686807,13.851118087768555,13.864624977111816,ok
LA_D_9686838,4.172586441040039,4.172781467437744,ok
LA_D_9686921,15.088013648986816,15.08830738067627,ok
LA_D_9687836,13.271903991699219,13.276068687438965,ok
LA_D_9688839,15.668903350830078,15.669025421142578,ok
LA_D_9689602,15.964162826538086,15.968093872070312,ok
LA_D_9693082,17.80668830871582,17.810056686401367,ok
LA_D_9694196,10.14510440826416,10.145148277282715,ok
LA_D_9694827,13.597264289855957,13.598785400390625,ok
LA_D_9695420,12.928800582885742,12.930569648742676,ok
LA_D_9695805,13.940224647521973,13.941113471984863,ok
LA_D_9696008,12.147737503051758,12.147944450378418,ok
LA_D_9696470,12.697178840637207,12.699273109436035,ok
LA_D_9697274,9.70556640625,9.707971572875977,ok
LA_D_9697323,16.34912109375,16.350624084472656,ok
LA_D_9698818,11.976775169372559,11.97870922088623,ok
LA_D_9699074,19.112878799438477,19.11372184753418,ok
LA_D_9699768,12.406877517700195,12.412116050720215,ok
LA_D_9700666,-14.695362091064453,-14.695571899414062,ok
LA_D_9701184,10.999884605407715,11.003642082214355,ok
LA_D_9701451,19.48331069946289,19.483434677124023,ok
LA_D_9701877,14.590739250183105,14.592759132385254,ok
LA_D_9704240,15.035380363464355,15.03563117980957,ok
LA_D_9706008,14.84550952911377,14.845773696899414,ok
LA_D_9708825,16.393495559692383,16.3936824798584,ok
LA_D_9708860,21.579845428466797,21.586593627929688,ok
LA_D_9708909,15.076529502868652,15.078804969787598,ok
LA_D_9709000,17.679059982299805,17.679147720336914,ok
LA_D_9710466,9.164552688598633,9.164080619812012,ok
LA_D_9710580,14.141085624694824,14.145852088928223,ok
LA_D_9711707,11.846494674682617,11.848998069763184,ok
LA_D_9711980,6.9405741691589355,6.940584659576416,ok
LA_D_9712952,13.940774917602539,13.945320129394531,ok
LA_D_9714161,15.498311042785645,15.50197982788086,ok
LA_D_9715092,13.899673461914062,13.900161743164062,ok
LA_D_9716462,15.278887748718262,15.2788724899292,ok
LA_D_9716895,-14.27788257598877,-14.278414726257324,ok
LA_D_9717176,13.710830688476562,13.711380958557129,ok
LA_D_9718892,11.579827308654785,11.580248832702637,ok
LA_D_9719597,15.356707572937012,15.35695743560791,ok
LA_D_9721837,11.489990234375,11.490267753601074,ok
LA_D_9721880,12.75503921508789,12.758440971374512,ok
LA_D_9722220,15.129077911376953,15.130448341369629,ok
LA_D_9723269,26.10396385192871,26.11844253540039,ok
LA_D_9723493,-13.110687255859375,-13.11075496673584,ok
LA_D_9723855,18.04107093811035,18.047103881835938,ok
LA_D_9724620,15.475354194641113,15.476176261901855,ok
LA_D_9724900,10.392911911010742,10.3937406539917,ok
LA_D_9726070,13.703754425048828,13.703859329223633,ok
LA_D_9728117,19.045860290527344,19.045915603637695,ok
LA_D_9728878,15.315540313720703,15.319504737854004,ok
LA_D_9728978,15.500283241271973,15.502859115600586,ok
LA_D_9729287,14.097816467285156,14.114298820495605,ok
LA_D_9729483,17.842565536499023,17.853763580322266,ok
LA_D_9729864,14.513920783996582,14.516209602355957,ok
LA_D_9730987,12.605911254882812,12.61058521270752,ok
LA_D_9731339,14.896790504455566,14.89777660369873,ok
LA_D_9731600,12.113299369812012,12.1159029006958,ok
LA_D_9731820,12.897934913635254,12.902149200439453,ok
LA_D_9731844,21.74629020690918,21.783552169799805,ok
LA_D_9732180,18.874713897705078,18.880250930786133,ok
LA_D_9732198,13.808720588684082,13.811182975769043,ok
LA_D_9732268,12.228730201721191,12.231163024902344,ok
LA_D_9732908,11.383511543273926,11.385415077209473,ok
LA_D_9733347,16.463823318481445,16.463945388793945,ok
LA_D_9733678,12.92131233215332,12.921558380126953,ok
LA_D_9734224,13.799379348754883,13.800766944885254,ok
LA_D_9734297,18.05531120300293,18.056867599487305,ok
LA_D_9735127,14.866443634033203,14.869616508483887,ok
LA_D_9735207,18.28522491455078,18.2924747467041,ok
LA_D_9735621,11.845914840698242,11.846471786499023,ok
LA_D_9735662,12.90243148803711,12.902813911437988,ok
LA_D_9736602,11.101348876953125,11.1027193069458,ok
LA_D_9737680,12.23913288116455,12.247048377990723,ok
LA_D_9737719,-13.638382911682129,-13.638559341430664,ok
LA_D_9738587,13.596212387084961,13.5990629196167,ok
LA_D_9739074,16.871814727783203,16.87249183654785,ok
LA_D_9739801,13.944199562072754,13.945267677307129,ok
LA_D_9740097,17.559694290161133,17.565216064453125,ok
LA_D_9741299,14.76616382598877,14.767682075500488,ok
LA_D_9743828,14.980208396911621,14.981388092041016,ok
LA_D_9744441,14.4205904006958,14.422560691833496,ok
LA_D_9745303,10.67857837677002,10.679217338562012,ok
LA_D_9747113,12.484907150268555,12.486666679382324,ok
LA_D_9747140,9.475058555603027,9.477291107177734,ok
LA_D_9747652,14.528077125549316,14.531805038452148,ok
LA_D_9748213,16.833208084106445,16.836734771728516,ok
LA_D_9749510,12.138611793518066,12.138858795166016,ok
LA_D_9750223,-11.902503967285156,-11.90350341796875,ok
LA_D_9751462,15.031344413757324,15.031983375549316,ok
LA_D_9751873,13.788007736206055,13.79422378540039,ok
LA_D_9752133,14.580129623413086,14.580758094787598,ok
LA_D_9752146,-15.281248092651367,-15.281569480895996,ok
LA_D_9753113,16.769737243652344,16.772319793701172,ok
LA_D_9754579,14.6780424118042,14.679220199584961,ok
LA_D_9754615,12.229020118713379,12.229048728942871,ok
LA_D_9755028,11.77306842803955,11.773831367492676,ok
LA_D_9755271,14.73487663269043,14.735750198364258,ok
LA_D_9756685,11.364458084106445,11.364477157592773,ok
LA_D_9758147,-14.306896209716797,-14.311009407043457,ok
LA_D_9758752,9.706631660461426,9.707711219787598,ok
LA_D_9759074,13.51268196105957,13.516918182373047,ok
LA_D_9759473,14.292834281921387,14.300469398498535,ok
LA_D_9761317,14.096478462219238,14.100729942321777,ok
LA_D_9763964,11.531721115112305,11.532602310180664,ok
LA_D_9764249,12.75129508972168,12.751568794250488,ok
LA_D_9764287,8.874295234680176,8.875114440917969,ok
LA_D_9765329,17.79701042175293,17.79874610900879,ok
LA_D_9765860,12.284868240356445,12.285348892211914,ok
LA_D_9767258,16.58811378479004,16.590993881225586,ok
LA_D_9767344,14.893206596374512,14.894576072692871,ok
LA_D_9768291,14.150091171264648,14.15116024017334,ok
LA_D_9769587,9.3942289352417,9.396465301513672,ok
LA_D_9769935,10.561266899108887,10.561284065246582,ok
LA_D_9770193,12.158975601196289,12.170515060424805,ok
LA_D_9770836,13.070111274719238,13.0703125,ok
LA_D_9773809,8.933381080627441,8.93397045135498,ok
LA_D_9774174,14.896409034729004,14.898327827453613,ok
LA_D_9774358,11.515321731567383,11.515457153320312,ok
LA_D_9774744,14.441706657409668,14.44193172454834,ok
LA_D_9774871,18.84927749633789,18.853506088256836,ok
LA_D_9774959,14.625019073486328,14.631697654724121,ok
LA_D_9775592,12.9185209274292,12.921202659606934,ok
LA_D_9777627,12.307169914245605,12.30945110321045,ok
LA_D_9777735,12.0301513671875,12.029899597167969,ok
LA_D_9779319,14.475017547607422,14.476285934448242,ok
LA_D_9779377,12.858197212219238,12.860934257507324,ok
LA_D_9779978,12.858134269714355,12.863459587097168,ok
LA_D_9780696,-12.558396339416504,-12.558621406555176,ok
LA_D_9781045,13.359977722167969,13.363411903381348,ok
LA_D_9782269,-11.565042495727539,-11.565491676330566,ok
LA_D_9783307,17.593080520629883,17.597030639648438,ok
LA_D_9783743,18.093759536743164,18.095441818237305,ok
LA_D_9784167,13.824207305908203,13.824223518371582,ok
LA_D_9784942,15.071825981140137,15.076397895812988,ok
LA_D_9785421,14.228360176086426,14.228829383850098,ok
LA_D_9786409,16.352197647094727,16.352375030517578,ok
LA_D_9786796,7.9950175285339355,7.997398853302002,ok
LA_D_9787469,13.731220245361328,13.7313871383667,ok
LA_D_9788709,12.053308486938477,12.053911209106445,ok
LA_D_9789005,12.090371131896973,12.092157363891602,ok
LA_D_9790131,13.17656135559082,13.178244590759277,ok
LA_D_9791741,14.377479553222656,14.379717826843262,ok
LA_D_9793079,13.882720947265625,13.883136749267578,ok
LA_D_9793796,17.134113311767578,17.14929962158203,ok
LA_D_9794955,13.003243446350098,13.00401782989502,ok
LA_D_9795514,14.310286521911621,14.314688682556152,ok
LA_D_9795685,12.736076354980469,12.73621940612793,ok
LA_D_9798074,9.738110542297363,9.73851490020752,ok
LA_D_9798672,13.876401901245117,13.879363059997559,ok
LA_D_9800072,11.63548755645752,11.63571548461914,ok
LA_D_9801638,7.2069926261901855,7.2070512771606445,ok
LA_D_9801886,17.6298828125,17.6302433013916,ok
LA_D_9802861,13.863473892211914,13.865850448608398,ok
LA_D_9803207,13.790596961975098,13.792662620544434,ok
LA_D_9804348,13.974676132202148,13.974677085876465,ok
LA_D_9805942,8.751168251037598,8.751974105834961,ok
LA_D_9806222,15.12944507598877,15.138579368591309,ok
LA_D_9806272,12.603958129882812,12.625923156738281,ok
LA_D_9806570,17.64775276184082,17.648653030395508,ok
LA_D_9808110,13.283184051513672,13.28369426727295,ok
LA_D_9808634,19.32297706604004,19.326404571533203,ok
LA_D_9809223,14.8493070602417,14.84990406036377,ok
LA_D_9809504,8.007088661193848,8.007259368896484,ok
LA_D_9810869,18.239627838134766,18.239748001098633,ok
LA_D_9810987,15.479841232299805,15.480799674987793,ok
LA_D_9812523,3.328646659851074,3.327479362487793,ok
LA_D_9812702,-2.906487464904785,-2.907005548477173,ok
LA_D_9812727,13.776864051818848,13.777650833129883,ok
LA_D_9813759,12.692889213562012,12.692768096923828,ok
LA_D_9813801,16.064979553222656,16.066213607788086,ok
LA_D_9814205,13.648143768310547,13.654483795166016,ok
LA_D_9815062,14.11032772064209,14.111200332641602,ok
LA_D_9815112,14.479214668273926,14.485030174255371,ok
LA_D_9815485,15.021921157836914,15.026734352111816,ok
LA_D_9816404,10.979913711547852,10.980448722839355,ok
LA_D_9818011,13.424034118652344,13.429579734802246,ok
LA_D_9818781,2.2822914123535156,2.28143310546875,ok
LA_D_9819662,10.927255630493164,10.929518699645996,ok
LA_D_9819790,11.76506233215332,11.766125679016113,ok
LA_D_9819813,6.439857482910156,6.439929485321045,ok
LA_D_9820486,1.1476362943649292,1.1479188203811646,ok
LA_D_9820995,19.21758460998535,19.222341537475586,ok
LA_D_9821371,8.96828556060791,8.968217849731445,ok
LA_D_9821680,12.388520240783691,12.390167236328125,ok
LA_D_9821908,-12.735453605651855,-12.736268997192383,ok
LA_D_9824861,17.147933959960938,17.148900985717773,ok
LA_D_9825451,13.101489067077637,13.101649284362793,ok
LA_D_9826388,12.273283958435059,12.273995399475098,ok
LA_D_9826800,8.387417793273926,8.387025833129883,ok
LA_D_9827463,11.888181686401367,11.888348579406738,ok
LA_D_9828928,16.49721908569336,16.49733543395996,ok
LA_D_9829234,10.913658142089844,10.914863586425781,ok
LA_D_9829627,14.946870803833008,14.946864128112793,ok
LA_D_9830830,15.148640632629395,15.150727272033691,ok
LA_D_9831077,18.25485610961914,18.260025024414062,ok
LA_D_9831804,9.388378143310547,9.388567924499512,ok
LA_D_9834151,17.219892501831055,17.22121810913086,ok
LA_D_9834938,-14.42651081085205,-14.427657127380371,ok
LA_D_9835448,14.934835433959961,14.93587589263916,ok
LA_D_9836225,15.578780174255371,15.580376625061035,ok
LA_D_9836992,10.150886535644531,10.15100383758545,ok
LA_D_9837343,12.809000015258789,12.809605598449707,ok
LA_D_9838599,8.880023002624512,8.879995346069336,ok
LA_D_9840935,16.471424102783203,16.474210739135742,ok
LA_D_9841321,-13.738058090209961,-13.739086151123047,ok
LA_D_9841488,14.55644702911377,14.560441017150879,ok
LA_D_9841709,16.894514083862305,16.895475387573242,ok
LA_D_9841868,-14.837729454040527,-14.841897010803223,ok
LA_D_9842180,15.98691177368164,15.989640235900879,ok
LA_D_9843427,-4.617575645446777,-4.619103908538818,ok
LA_D_9843659,14.93518352508545,14.935638427734375,ok
LA_D_9845352,20.015018463134766,20.016141891479492,ok
LA_D_9847737,17.36215591430664,17.364608764648438,ok
LA_D_9848935,15.593551635742188,15.5992431640625,ok
LA_D_9849984,12.138175964355469,12.13896369934082,ok
LA_D_9850214,9.281197547912598,9.282271385192871,ok
LA_D_9851124,12.368438720703125,12.3705415725708,ok
LA_D_9851827,-0.6718761324882507,-0.6736290454864502,ok
LA_D_9853601,10.927081108093262,10.92737865447998,ok
LA_D_9856117,15.465106964111328,15.466490745544434,ok
LA_D_9856127,-14.785293579101562,-14.800028800964355,ok
LA_D_9858647,12.8198823928833,12.82022476196289,ok
LA_D_9859179,14.08536434173584,14.086353302001953,ok
LA_D_9860564,16.536649703979492,16.542455673217773,ok
LA_D_9861473,13.7880277633667,13.79569149017334,ok
LA_D_9862938,14.786627769470215,14.78851318359375,ok
LA_D_9863362,14.063112258911133,14.064133644104004,ok
LA_D_9863423,14.762735366821289,14.770877838134766,ok
LA_D_9864113,-12.256729125976562,-12.256731986999512,ok
LA_D_9864384,15.957696914672852,15.962923049926758,ok
LA_D_9864516,12.139205932617188,12.139233589172363,ok
LA_D_9864602,5.056373119354248,5.056648254394531,ok
LA_D_9864604,13.23381519317627,13.234267234802246,ok
LA_D_9865644,18.069835662841797,18.070966720581055,ok
LA_D_9871071,14.88696575164795,14.890129089355469,ok
LA_D_9871744,15.18098258972168,15.181654930114746,ok
LA_D_9871974,13.62269401550293,13.622891426086426,ok
LA_D_9872046,12.632450103759766,12.632487297058105,ok
LA_D_9872925,16.951717376708984,16.96891975402832,ok
LA_D_9873135,16.79747200012207,16.798641204833984,ok
LA_D_9874897,-14.73384952545166,-14.735064506530762,ok
LA_D_9875362,-6.8369975090026855,-6.83964204788208,ok
LA_D_9876012,16.40738868713379,16.409778594970703,ok
LA_D_9877194,-12.513055801391602,-12.51380443572998,ok
LA_D_9877979,16.615684509277344,16.61812973022461,ok
LA_D_9878419,13.371530532836914,13.373835563659668,ok
LA_D_9878596,9.453329086303711,9.458313941955566,ok
LA_D_9879056,12.279094696044922,12.279728889465332,ok
LA_D_9880830,10.328781127929688,10.333815574645996,ok
LA_D_9881093,12.227938652038574,12.228407859802246,ok
LA_D_9881103,10.931561470031738,10.933027267456055,ok
LA_D_9883591,-14.774986267089844,-14.777047157287598,ok
LA_D_9883916,20.461883544921875,20.464542388916016,ok
LA_D_9885280,11.931864738464355,11.934269905090332,ok
LA_D_9885320,16.514341354370117,16.522804260253906,ok
LA_D_9885994,16.62343978881836,16.627201080322266,ok
LA_D_9887916,9.857699394226074,9.859272956848145,ok
LA_D_9887992,11.686128616333008,11.68639087677002,ok
LA_D_9888091,17.393884658813477,17.39679527282715,ok
LA_D_9888937,15.196906089782715,15.202242851257324,ok
LA_D_9890472,8.661260604858398,8.663372039794922,ok
LA_D_9891140,-13.847284317016602,-13.847427368164062,ok
LA_D_9891231,13.325418472290039,13.327231407165527,ok
LA_D_9891401,12.219672203063965,12.220179557800293,ok
LA_D_9892838,8.636921882629395,8.637208938598633,ok
LA_D_9893649,13.208219528198242,13.215670585632324,ok
LA_D_9895494,12.693435668945312,12.694684028625488,ok
LA_D_9895969,15.354520797729492,15.356661796569824,ok
LA_D_9896805,17.2468318939209,17.250139236450195,ok
LA_D_9896820,16.949323654174805,16.952953338623047,ok
LA_D_9897142,-12.940361976623535,-12.942021369934082,ok
LA_D_9897238,13.41334342956543,13.413552284240723,ok
LA_D_9897452,-13.061715126037598,-13.062962532043457,ok
LA_D_9899632,-15.141335487365723,-15.14499568939209,ok
LA_D_9899652,12.714000701904297,12.714011192321777,ok
LA_D_9900338,16.908254623413086,16.90911293029785,ok
LA_D_9900800,12.989784240722656,12.991276741027832,ok
LA_D_9902676,12.534710884094238,12.540831565856934,ok
LA_D_9902848,21.04946517944336,21.058252334594727,ok
LA_D_9902912,15.243240356445312,15.245765686035156,ok
LA_D_9903321,13.380682945251465,13.384480476379395,ok
LA_D_9904324,14.087921142578125,14.091226577758789,ok
LA_D_9904500,12.906906127929688,12.907979965209961,ok
LA_D_9904837,18.454936981201172,18.45478630065918,ok
LA_D_9906100,17.842628479003906,17.845125198364258,ok
LA_D_9906845,17.308090209960938,17.31452751159668,ok
LA_D_9907101,15.87351131439209,15.876670837402344,ok
LA_D_9907979,7.870943069458008,7.879287242889404,ok
LA_D_9910047,10.036524772644043,10.037518501281738,ok
LA_D_9911052,14.660388946533203,14.662046432495117,ok
LA_D_9911836,14.557936668395996,14.558915138244629,ok
LA_D_9912384,18.168476104736328,18.170639038085938,ok
LA_D_9912829,13.073266983032227,13.075987815856934,ok
LA_D_9913955,15.866732597351074,15.874876976013184,ok
LA_D_9913960,19.352367401123047,19.365978240966797,ok
LA_D_9914048,10.145401000976562,10.1477689743042,ok
LA_D_9914359,16.84257698059082,16.84744644165039,ok
LA_D_9914468,13.955790519714355,13.961338996887207,ok
LA_D_9915418,9.977331161499023,9.977700233459473,ok
LA_D_9915722,15.754725456237793,15.756779670715332,ok
LA_D_9916763,12.710516929626465,12.710917472839355,ok
LA_D_9917104,-12.772520065307617,-12.772950172424316,ok
LA_D_9918437,14.115690231323242,14.11804485321045,ok
LA_D_9918902,14.37718391418457,14.380709648132324,ok
LA_D_9920299,15.940202713012695,15.942534446716309,ok
LA_D_9920694,15.06583023071289,15.06707763671875,ok
LA_D_9922230,15.16576099395752,15.165974617004395,ok
LA_D_9924653,15.446213722229004,15.448872566223145,ok
LA_D_9924906,-14.55506706237793,-14.55729866027832,ok
LA_D_9925424,11.219199180603027,11.220844268798828,ok
LA_D_9925458,12.034623146057129,12.035135269165039,ok
LA_D_9926375,18.481061935424805,18.48700523376465,ok
LA_D_9926903,14.125641822814941,14.127254486083984,ok
LA_D_9927048,15.691943168640137,15.693268775939941,ok
LA_D_9928370,12.634811401367188,12.635472297668457,ok
LA_D_9928428,13.287503242492676,13.288285255432129,ok
LA_D_9928764,18.953121185302734,18.9539852142334,ok
LA_D_9929271,18.35820198059082,18.36949348449707,ok
LA_D_9930274,22.5260009765625,22.535940170288086,ok
LA_D_9930304,14.044438362121582,14.046881675720215,ok
LA_D_9930845,10.195793151855469,10.1958589553833,ok
LA_D_9931389,13.936644554138184,13.942641258239746,ok
LA_D_9931770,13.9440279006958,13.948708534240723,ok
LA_D_9934126,20.458650588989258,20.46416664123535,ok
LA_D_9934410,17.630584716796875,17.63092803955078,ok
LA_D_9934703,14.284626007080078,14.285049438476562,ok
LA_D_9935431,17.144088745117188,17.144601821899414,ok
LA_D_9935628,14.9509859085083,14.954840660095215,ok
LA_D_9936597,-8.410444259643555,-8.41112232208252,ok
LA_D_9936826,14.551219940185547,14.55397891998291,ok
LA_D_9936838,12.97108268737793,12.97482967376709,ok
LA_D_9936972,17.84882354736328,17.850767135620117,ok
LA_D_9937573,8.482455253601074,8.484522819519043,ok
LA_D_9942200,14.334641456604004,14.335784912109375,ok
LA_D_9942206,11.218541145324707,11.218535423278809,ok
LA_D_9942874,-14.860018730163574,-14.861903190612793,ok
LA_D_9943041,6.444919586181641,6.445028781890869,ok
LA_D_9945037,9.869051933288574,9.869756698608398,ok
LA_D_9945483,12.742426872253418,12.742426872253418,ok
LA_D_9945997,-14.896160125732422,-14.896380424499512,ok
LA_D_9946370,14.972453117370605,14.972881317138672,ok
LA_D_9947625,3.1241707801818848,3.1241793632507324,ok
LA_D_9947726,16.69061279296875,16.690670013427734,ok
LA_D_9948190,15.510637283325195,15.510869979858398,ok
LA_D_9948386,18.163082122802734,18.163585662841797,ok
LA_D_9949656,10.47868824005127,10.478657722473145,ok
LA_D_9950933,14.293195724487305,14.29454517364502,ok
LA_D_9951013,20.400041580200195,20.40693473815918,ok
LA_D_9951144,16.706912994384766,16.710664749145508,ok
LA_D_9951278,14.511247634887695,14.51250171661377,ok
LA_D_9951429,21.572172164916992,21.577756881713867,ok
LA_D_9952661,10.823877334594727,10.824167251586914,ok
LA_D_9953005,18.526165008544922,18.52591896057129,ok
LA_D_9953476,-14.320150375366211,-14.329626083374023,ok
LA_D_9953593,9.946261405944824,9.946911811828613,ok
LA_D_9953716,17.050212860107422,17.054189682006836,ok
LA_D_9953809,13.084041595458984,13.08665657043457,ok
LA_D_9954765,14.483192443847656,14.483478546142578,ok
LA_D_9955162,15.690781593322754,15.693342208862305,ok
LA_D_9955848,8.569402694702148,8.569985389709473,ok
LA_D_9955936,11.044012069702148,11.044267654418945,ok
LA_D_9957063,15.828218460083008,15.828492164611816,ok
LA_D_9958640,11.05642318725586,11.057649612426758,ok
LA_D_9960293,14.095537185668945,14.100786209106445,ok
LA_D_9960664,-15.249329566955566,-15.258705139160156,ok
LA_D_9961107,12.924432754516602,12.924725532531738,ok
LA_D_9962097,10.18259334564209,10.184882164001465,ok
LA_D_9962189,15.85642147064209,15.858857154846191,ok
LA_D_9963628,15.436840057373047,15.442147254943848,ok
LA_D_9963998,14.72185230255127,14.731616020202637,ok
LA_D_9965004,16.13521957397461,16.13895606994629,ok
LA_D_9965111,10.927395820617676,10.928498268127441,ok
LA_D_9965439,-15.011526107788086,-15.012197494506836,ok
LA_D_9965502,10.862356185913086,10.864947319030762,ok
LA_D_9966094,-15.340423583984375,-15.341370582580566,ok
LA_D_9967058,10.753044128417969,10.76209545135498,ok
LA_D_9967133,10.400154113769531,10.400171279907227,ok
LA_D_9967406,16.24769401550293,16.251134872436523,ok
LA_D_9967530,-1.2658299207687378,-1.2664316892623901,ok
LA_D_9968504,15.244683265686035,15.246149063110352,ok
LA_D_9971231,14.556835174560547,14.564881324768066,ok
LA_D_9972110,16.195632934570312,16.207077026367188,ok
LA_D_9972716,10.250266075134277,10.25339412689209,ok
LA_D_9973328,13.332634925842285,13.332539558410645,ok
LA_D_9975936,15.76169204711914,15.76227855682373,ok
LA_D_9977363,17.491905212402344,17.491992950439453,ok
LA_D_9977384,11.464284896850586,11.466368675231934,ok
LA_D_9977709,15.423827171325684,15.424631118774414,ok
LA_D_9978941,13.354107856750488,13.355729103088379,ok
LA_D_9979102,15.616727828979492,15.626764297485352,ok
LA_D_9979957,-13.115922927856445,-13.119002342224121,ok
LA_D_9980325,14.639431953430176,14.640713691711426,ok
LA_D_9980740,-14.724969863891602,-14.72885799407959,ok
LA_D_9980947,17.54616928100586,17.54689598083496,ok
LA_D_9982040,13.105836868286133,13.110138893127441,ok
LA_D_9982181,14.731512069702148,14.731633186340332,ok
LA_D_9982535,10.734166145324707,10.734173774719238,ok
LA_D_9982743,13.102355003356934,13.108853340148926,ok
LA_D_9983276,-7.944252967834473,-7.94451904296875,ok
LA_D_9985005,15.995686531066895,15.997546195983887,ok
LA_D_9985382,14.332321166992188,14.334364891052246,ok
LA_D_9985507,17.36229133605957,17.365514755249023,ok
LA_D_9985554,15.85447883605957,15.855734825134277,ok
LA_D_9986772,16.540870666503906,16.546058654785156,ok
LA_D_9987872,16.782367706298828,16.785173416137695,ok
LA_D_9987878,17.26163101196289,17.26344108581543,ok
LA_D_9988164,15.195255279541016,15.195298194885254,ok
LA_D_9988500,17.31557846069336,17.317459106445312,ok
LA_D_9989022,14.511153221130371,14.511478424072266,ok
LA_D_9989304,13.23351001739502,13.235668182373047,ok
LA_D_9991348,17.659404754638672,17.667753219604492,ok
LA_D_9991657,15.426892280578613,15.435713768005371,ok
LA_D_9991828,11.687294960021973,11.690839767456055,ok
LA_D_9992731,15.763737678527832,15.767181396484375,ok
LA_D_9992816,5.931117534637451,5.930574417114258,ok
LA_D_9993251,17.480525970458984,17.480539321899414,ok
LA_D_9993800,18.83208465576172,18.831899642944336,ok
LA_D_9994046,16.298471450805664,16.29861831665039,ok
LA_D_9995517,14.017666816711426,14.018041610717773,ok
LA_D_9995817,15.17371654510498,15.17715072631836,ok
LA_D_9996165,8.632518768310547,8.632894515991211,ok
LA_D_9996570,-13.501888275146484,-13.505122184753418,ok
LA_D_9997585,12.945371627807617,12.94560718536377,ok
LA_D_9997701,-13.20968246459961,-13.21129322052002,ok
LA_D_9998252,16.066755294799805,16.06694221496582,ok
LA_D_9999204,24.568771362304688,24.590314865112305,ok
LA_D_9999760,17.349658966064453,17.35930824279785,ok
