sample_id,score,score_before,status
LA_D_1000752,17.148426055908203,17.14924430847168,ok
LA_D_1001095,18.21967124938965,18.22501564025879,ok
LA_D_1002626,17.668611526489258,17.85240364074707,ok
LA_D_1003797,11.144099235534668,11.144251823425293,ok
LA_D_1004406,12.516758918762207,12.521462440490723,ok
LA_D_1004774,15.110565185546875,15.154146194458008,ok
LA_D_1005471,16.57211685180664,16.67106819152832,ok
LA_D_1006586,12.368851661682129,12.370701789855957,ok
LA_D_1007975,16.283090591430664,16.306955337524414,ok
LA_D_1008673,16.50950050354004,16.50992774963379,ok
LA_D_1008834,4.261703968048096,4.258453369140625,ok
LA_D_1010205,18.15930938720703,18.178455352783203,ok
LA_D_1011897,8.408720970153809,8.420750617980957,ok
LA_D_1012999,15.09001350402832,15.103781700134277,ok
LA_D_1013553,17.775270462036133,17.787458419799805,ok
LA_D_1013596,14.2437162399292,14.321237564086914,ok
LA_D_1013783,13.179787635803223,13.248013496398926,ok
LA_D_1013810,9.316319465637207,9.316515922546387,ok
LA_D_1016296,12.41384220123291,12.42104721069336,ok
LA_D_1016922,17.19938087463379,17.2188663482666,ok
LA_D_1018598,10.302913665771484,10.34887981414795,ok
LA_D_1020087,11.58914566040039,11.758955955505371,ok
LA_D_1021287,17.567846298217773,17.79640769958496,ok
LA_D_1024033,14.048555374145508,14.053730964660645,ok
LA_D_1024326,13.636405944824219,13.669021606445312,ok
LA_D_1024541,9.990705490112305,10.004532814025879,ok
LA_D_1025356,8.468690872192383,8.468756675720215,ok
LA_D_1025927,12.039924621582031,12.112359046936035,ok
LA_D_1026545,11.331522941589355,11.337446212768555,ok
LA_D_1026868,-15.09234619140625,-15.256339073181152,ok
LA_D_1027036,13.927552223205566,13.934157371520996,ok
LA_D_1027039,7.779425621032715,7.8049540519714355,ok
LA_D_1028482,11.172476768493652,11.192694664001465,ok
LA_D_1029401,15.517822265625,15.571846961975098,ok
LA_D_1029623,12.016845703125,12.038634300231934,ok
LA_D_1029785,18.91495132446289,18.998584747314453,ok
LA_D_1030270,17.81683921813965,17.883766174316406,ok
LA_D_1030640,16.781522750854492,17.03963851928711,ok
LA_D_1031151,17.588085174560547,17.61789894104004,ok
LA_D_1031999,18.55916976928711,18.579992294311523,ok
LA_D_1032197,14.280718803405762,14.289200782775879,ok
LA_D_1032757,11.792835235595703,11.792060852050781,ok
LA_D_1033225,13.009761810302734,13.015423774719238,ok
LA_D_1034329,12.1207857131958,12.132346153259277,ok
LA_D_1035474,16.664175033569336,16.814390182495117,ok
LA_D_1035695,15.864506721496582,15.89665699005127,ok
LA_D_1035911,13.592520713806152,13.633045196533203,ok
LA_D_1036594,8.677011489868164,8.660126686096191,ok
LA_D_1036986,10.35067367553711,10.35146427154541,ok
LA_D_1038888,13.175299644470215,13.18172550201416,ok
LA_D_1039057,16.331995010375977,16.352922439575195,ok
LA_D_1039305,14.148500442504883,14.15041732788086,ok
LA_D_1039528,12.878592491149902,13.036442756652832,ok
LA_D_1041845,17.111196517944336,17.13187599182129,ok
LA_D_1042553,17.59169578552246,17.71312141418457,ok
LA_D_1043824,13.235143661499023,13.282238960266113,ok
LA_D_1044414,4.175547122955322,4.176223278045654,ok
LA_D_1044924,10.843938827514648,10.8444242477417,ok
LA_D_1046296,16.10797119140625,16.108720779418945,ok
LA_D_1048234,18.934293746948242,18.999584197998047,ok
LA_D_1049366,12.722246170043945,12.76229476928711,ok
LA_D_1050286,13.921189308166504,13.917381286621094,ok
LA_D_1050709,14.969015121459961,14.982995986938477,ok
LA_D_1051032,14.934016227722168,14.98344898223877,ok
LA_D_1053530,15.041169166564941,15.068269729614258,ok
LA_D_1054205,13.467849731445312,13.490626335144043,ok
LA_D_1054239,13.271295547485352,13.340431213378906,ok
LA_D_1054756,9.751142501831055,9.752970695495605,ok
LA_D_1055238,10.833971977233887,10.834656715393066,ok
LA_D_1055758,14.931767463684082,14.961773872375488,ok
LA_D_1056838,14.496891975402832,14.50565242767334,ok
LA_D_1056844,14.463884353637695,14.524682998657227,ok
LA_D_1057680,15.054644584655762,15.08508014678955,ok
LA_D_1058167,15.651531219482422,15.782773971557617,ok
LA_D_1058697,11.344545364379883,11.401300430297852,ok
LA_D_1058790,10.46509838104248,10.465080261230469,ok
LA_D_1059373,15.588871002197266,15.603156089782715,ok
LA_D_1060354,16.650392532348633,16.716779708862305,ok
LA_D_1060968,-14.08321762084961,-14.16535472869873,ok
LA_D_1060987,14.963807106018066,15.084105491638184,ok
LA_D_1061499,6.23585844039917,6.235745429992676,ok
LA_D_1063236,14.399147033691406,14.52198314666748,ok
LA_D_1063280,13.68338680267334,13.835619926452637,ok
LA_D_1063719,12.100099563598633,12.105759620666504,ok
LA_D_1064949,13.913663864135742,13.954194068908691,ok
LA_D_1065306,13.277673721313477,13.287110328674316,ok
LA_D_1066396,11.814286231994629,11.885754585266113,ok
LA_D_1068250,12.946486473083496,12.998154640197754,ok
LA_D_1069983,12.071781158447266,12.08871841430664,ok
LA_D_1070584,13.882582664489746,13.88492488861084,ok
LA_D_1070779,12.68836498260498,12.727230072021484,ok
LA_D_1071291,14.274150848388672,14.410667419433594,ok
LA_D_1071356,11.07433032989502,11.075606346130371,ok
LA_D_1073474,11.871247291564941,11.870305061340332,ok
LA_D_1074040,13.476225852966309,13.483194351196289,ok
LA_D_1074364,16.215978622436523,16.248517990112305,ok
LA_D_1074980,13.162806510925293,13.237847328186035,ok
LA_D_1075128,15.937561988830566,16.039813995361328,ok
LA_D_1075190,12.704486846923828,12.708048820495605,ok
LA_D_1075455,12.024624824523926,12.125203132629395,ok
LA_D_1076068,14.841333389282227,14.927684783935547,ok
LA_D_1078241,15.665583610534668,15.690084457397461,ok
LA_D_1078299,13.322585105895996,13.325045585632324,ok
LA_D_1079091,12.32453441619873,12.331494331359863,ok
LA_D_1080524,20.883100509643555,20.959081649780273,ok
LA_D_1081164,17.277799606323242,17.29380989074707,ok
LA_D_1082871,16.14995002746582,16.15375518798828,ok
LA_D_1083406,17.68433952331543,17.78764533996582,ok
LA_D_1084356,-13.998896598815918,-14.01225471496582,ok
LA_D_1084765,10.927826881408691,10.929410934448242,ok
LA_D_1084804,9.3157958984375,9.324458122253418,ok
LA_D_1084880,11.950103759765625,11.955658912658691,ok
LA_D_1085566,11.152186393737793,11.151970863342285,ok
LA_D_1085765,12.38959789276123,12.3914155960083,ok
LA_D_1086391,-13.996827125549316,-14.03549575805664,ok
LA_D_1088314,12.512109756469727,12.52438735961914,ok
LA_D_1088370,14.042119026184082,14.086424827575684,ok
LA_D_1088929,14.228394508361816,14.24323558807373,ok
LA_D_1088963,15.30338191986084,15.49117374420166,ok
LA_D_1089922,16.650136947631836,16.742616653442383,ok
LA_D_1091308,14.611287117004395,14.696308135986328,ok
LA_D_1091601,9.09035873413086,9.0931978225708,ok
LA_D_1091851,17.381591796875,17.528459548950195,ok
LA_D_1092890,14.774545669555664,14.794026374816895,ok
LA_D_1093350,16.32183837890625,16.43214225769043,ok
LA_D_1094179,13.511434555053711,13.522791862487793,ok
LA_D_1094379,14.423715591430664,14.52854061126709,ok
LA_D_1094871,17.318561553955078,17.319364547729492,ok
LA_D_1096227,11.62918472290039,11.649523735046387,ok
LA_D_1097191,14.58975887298584,14.594466209411621,ok
LA_D_1098936,16.527332305908203,16.542070388793945,ok
LA_D_1099173,13.569526672363281,13.627413749694824,ok
LA_D_1099405,15.993117332458496,15.997599601745605,ok
LA_D_1099638,8.370153427124023,8.381489753723145,ok
LA_D_1099657,13.360628128051758,13.395895957946777,ok
LA_D_1101351,-12.816121101379395,-12.825535774230957,ok
LA_D_1105378,10.8958158493042,10.950160026550293,ok
LA_D_1105489,-11.295791625976562,-11.312247276306152,ok
LA_D_1106906,9.122231483459473,9.13175106048584,ok
LA_D_1107234,11.364925384521484,11.366349220275879,ok
LA_D_1108281,18.02324676513672,18.09206199645996,ok
LA_D_1108377,14.943780899047852,14.98226261138916,ok
LA_D_1108768,12.634672164916992,12.661706924438477,ok
LA_D_1110227,15.628725051879883,15.687532424926758,ok
LA_D_1110769,9.008922576904297,9.009297370910645,ok
LA_D_1111073,14.35916519165039,14.39814281463623,ok
LA_D_1111626,11.48936653137207,11.585420608520508,ok
LA_D_1114039,15.566701889038086,15.967728614807129,ok
LA_D_1114144,8.679354667663574,8.678070068359375,ok
LA_D_1117567,19.574865341186523,19.611635208129883,ok
LA_D_1118794,11.581217765808105,11.62904167175293,ok
LA_D_1121887,-13.7251558303833,-13.736403465270996,ok
LA_D_1123453,18.61489486694336,18.615407943725586,ok
LA_D_1123562,14.029759407043457,14.051555633544922,ok
LA_D_1123614,-6.519071578979492,-6.593749523162842,ok
LA_D_1124968,12.547418594360352,12.549870491027832,ok
LA_D_1126775,13.692378997802734,13.701752662658691,ok
LA_D_1126907,-13.888199806213379,-13.937859535217285,ok
LA_D_1127112,12.474128723144531,12.495985984802246,ok
LA_D_1128845,14.764487266540527,14.781828880310059,ok
LA_D_1129909,-14.17924976348877,-14.186861991882324,ok
LA_D_1130470,-13.872684478759766,-13.876276969909668,ok
LA_D_1131563,13.600431442260742,13.63278579711914,ok
LA_D_1132076,15.796514511108398,15.797879219055176,ok
LA_D_1133069,-11.492236137390137,-11.521954536437988,ok
LA_D_1133168,-13.288087844848633,-13.296636581420898,ok
LA_D_1134137,16.851783752441406,16.909719467163086,ok
LA_D_1135743,17.505535125732422,17.509140014648438,ok
LA_D_1135973,13.805477142333984,13.884732246398926,ok
LA_D_1136030,11.780357360839844,11.780381202697754,ok
LA_D_1136051,14.343239784240723,14.374823570251465,ok
LA_D_1137303,17.88878631591797,17.895349502563477,ok
LA_D_1138529,10.277666091918945,10.290814399719238,ok
LA_D_1138581,14.592207908630371,14.58483600616455,ok
LA_D_1139572,15.836974143981934,15.838226318359375,ok
LA_D_1139754,15.717642784118652,15.750910758972168,ok
LA_D_1140227,14.596354484558105,14.604907035827637,ok
LA_D_1140789,10.70824909210205,10.712106704711914,ok
LA_D_1141118,15.313519477844238,15.315211296081543,ok
LA_D_1141551,13.047900199890137,13.055951118469238,ok
LA_D_1141794,11.470142364501953,11.536935806274414,ok
LA_D_1142092,5.440418720245361,5.450655460357666,ok
LA_D_1144247,13.20953369140625,13.244674682617188,ok
LA_D_1144692,13.948976516723633,13.957444190979004,ok
LA_D_1145856,18.66717529296875,18.674646377563477,ok
LA_D_1146557,14.755603790283203,14.78136157989502,ok
LA_D_1146602,18.502138137817383,18.57352066040039,ok
LA_D_1147582,17.384986877441406,17.468843460083008,ok
LA_D_1149633,11.494742393493652,11.504799842834473,ok
LA_D_1150140,8.739543914794922,8.74134635925293,ok
LA_D_1150161,14.382243156433105,14.457096099853516,ok
LA_D_1151622,11.15213680267334,11.168810844421387,ok
LA_D_1152601,14.22082805633545,14.243515968322754,ok
LA_D_1152692,-14.820911407470703,-14.898885726928711,ok
LA_D_1153840,14.17899227142334,14.219887733459473,ok
LA_D_1156906,-12.77224063873291,-12.773587226867676,ok
LA_D_1157084,23.052072525024414,23.054235458374023,ok
LA_D_1158203,9.960707664489746,9.974199295043945,ok
LA_D_1158260,16.246366500854492,16.48607063293457,ok
LA_D_1158428,10.178844451904297,10.178048133850098,ok
LA_D_1158489,12.137632369995117,12.143858909606934,ok
LA_D_1158837,-14.089308738708496,-14.111876487731934,ok
LA_D_1159197,10.394688606262207,10.464705467224121,ok
LA_D_1161040,16.068666458129883,16.079538345336914,ok
LA_D_1161800,-10.025854110717773,-10.054994583129883,ok
LA_D_1162280,13.865011215209961,13.952227592468262,ok
LA_D_1163392,11.219573020935059,11.259211540222168,ok
LA_D_1165345,14.853883743286133,14.994166374206543,ok
LA_D_1165413,16.17250633239746,16.33516502380371,ok
LA_D_1167294,11.987018585205078,12.002232551574707,ok
LA_D_1167437,9.97447681427002,10.023064613342285,ok
LA_D_1168046,14.85730266571045,14.99622631072998,ok
LA_D_1168201,16.503814697265625,16.541025161743164,ok
LA_D_1168433,13.83460807800293,13.9131441116333,ok
LA_D_1169125,19.09222984313965,19.102102279663086,ok
LA_D_1169636,14.113029479980469,14.182852745056152,ok
LA_D_1170726,16.167524337768555,16.19587516784668,ok
LA_D_1171425,14.804533004760742,14.832764625549316,ok
LA_D_1171849,11.350607872009277,11.352641105651855,ok
LA_D_1171974,11.591752052307129,11.594325065612793,ok
LA_D_1173044,12.18773365020752,12.189376831054688,ok
LA_D_1173972,14.769355773925781,14.808586120605469,ok
LA_D_1176249,17.06747055053711,17.169584274291992,ok
LA_D_1176474,12.753499984741211,12.758687973022461,ok
LA_D_1177616,12.805479049682617,12.869634628295898,ok
LA_D_1179000,18.71698570251465,18.717172622680664,ok
LA_D_1179445,11.782251358032227,11.795417785644531,ok
LA_D_1179745,8.100855827331543,8.102690696716309,ok
LA_D_1179848,-14.600743293762207,-14.638764381408691,ok
LA_D_1179946,14.35554027557373,14.376090049743652,ok
LA_D_1181336,11.242914199829102,11.310140609741211,ok
LA_D_1181772,16.188013076782227,16.21237564086914,ok
LA_D_1183162,16.798696517944336,16.841279983520508,ok
LA_D_1185426,14.001396179199219,14.484633445739746,ok
LA_D_1185773,11.959473609924316,12.016249656677246,ok
LA_D_1187262,12.44994068145752,12.504538536071777,ok
LA_D_1190139,16.65213394165039,16.676239013671875,ok
LA_D_1190183,10.373472213745117,10.400586128234863,ok
LA_D_1191562,8.964808464050293,9.08622932434082,ok
LA_D_1192749,17.622785568237305,17.643877029418945,ok
LA_D_1193402,15.611004829406738,15.64195442199707,ok
LA_D_1195197,13.589569091796875,13.66133975982666,ok
LA_D_1195873,11.5624361038208,11.573269844055176,ok
LA_D_1197810,10.954597473144531,11.030482292175293,ok
LA_D_1198374,11.06473159790039,11.06546688079834,ok
LA_D_1199369,14.921801567077637,14.925349235534668,ok
LA_D_1200542,6.022254943847656,6.025057792663574,ok
LA_D_1202021,15.516068458557129,15.549981117248535,ok
LA_D_1203854,13.751445770263672,13.76014232635498,ok
LA_D_1206907,22.286096572875977,22.443490982055664,ok
LA_D_1208604,14.457124710083008,14.46145248413086,ok
LA_D_1208937,17.951974868774414,18.251554489135742,ok
LA_D_1208939,15.33809757232666,15.351859092712402,ok
LA_D_1210958,12.125595092773438,12.168147087097168,ok
LA_D_1211631,14.624126434326172,14.653636932373047,ok
LA_D_1212385,13.97557258605957,13.982795715332031,ok
LA_D_1212670,14.776168823242188,14.798493385314941,ok
LA_D_1214950,-15.1998291015625,-15.29776668548584,ok
LA_D_1216436,16.550142288208008,16.568069458007812,ok
LA_D_1216735,13.560227394104004,13.57044506072998,ok
LA_D_1217069,9.575715065002441,9.608717918395996,ok
LA_D_1217312,10.034260749816895,10.078834533691406,ok
LA_D_1217579,9.738692283630371,9.73857593536377,ok
LA_D_1218270,12.565181732177734,12.568849563598633,ok
LA_D_1218618,22.940900802612305,22.991613388061523,ok
LA_D_1218955,10.855575561523438,10.879857063293457,ok
LA_D_1219091,12.45391845703125,12.477477073669434,ok
LA_D_1219751,12.228167533874512,12.251370429992676,ok
LA_D_1221102,10.791704177856445,10.793566703796387,ok
LA_D_1225629,15.606942176818848,15.68437385559082,ok
LA_D_1226093,17.441349029541016,17.468591690063477,ok
LA_D_1226919,17.06735610961914,17.350053787231445,ok
LA_D_1229238,16.78254508972168,16.833833694458008,ok
LA_D_1230447,13.472335815429688,13.510029792785645,ok
LA_D_1230972,13.692794799804688,13.690277099609375,ok
LA_D_1232140,14.567782402038574,14.670195579528809,ok
LA_D_1232279,12.758809089660645,12.810452461242676,ok
LA_D_1232613,-13.620882987976074,-13.648110389709473,ok
LA_D_1233766,15.19233226776123,15.351170539855957,ok
LA_D_1234829,-13.363815307617188,-13.458596229553223,ok
LA_D_1235041,18.830902099609375,18.830913543701172,ok
LA_D_1235148,15.186522483825684,15.233705520629883,ok
LA_D_1235211,15.840215682983398,15.87756633758545,ok
LA_D_1235306,12.690951347351074,12.69348430633545,ok
LA_D_1236459,20.842479705810547,20.946012496948242,ok
LA_D_1237480,12.787784576416016,12.821133613586426,ok
LA_D_1238201,17.229991912841797,17.297954559326172,ok
LA_D_1238696,-15.613364219665527,-15.697839736938477,ok
LA_D_1239007,14.612955093383789,14.632292747497559,ok
LA_D_1239715,-13.698771476745605,-13.709720611572266,ok
LA_D_1240959,13.2476806640625,13.25034236907959,ok
LA_D_1240976,-15.103515625,-15.127213478088379,ok
LA_D_1242157,15.575157165527344,15.6221342086792,ok
LA_D_1243162,12.99643325805664,13.008744239807129,ok
LA_D_1243570,16.82147979736328,16.833097457885742,ok
LA_D_1244678,11.884839057922363,11.886465072631836,ok
LA_D_1244860,14.283060073852539,14.281871795654297,ok
LA_D_1245164,9.883440017700195,9.899423599243164,ok
LA_D_1245233,16.503732681274414,16.53520393371582,ok
LA_D_1245336,17.023160934448242,17.039159774780273,ok
LA_D_1246046,15.787081718444824,15.797552108764648,ok
LA_D_1246251,13.36495304107666,13.388627052307129,ok
LA_D_1246607,-14.091862678527832,-14.107481002807617,ok
LA_D_1247325,12.495842933654785,12.498045921325684,ok
LA_D_1248209,11.791229248046875,11.804444313049316,ok
LA_D_1248476,15.260115623474121,15.29113483428955,ok
LA_D_1248515,12.172956466674805,12.177388191223145,ok
LA_D_1248870,13.748612403869629,13.756576538085938,ok
LA_D_1249012,9.918548583984375,9.92419719696045,ok
LA_D_1249064,1.1347033977508545,1.0691514015197754,ok
LA_D_1249114,18.174041748046875,18.21051597595215,ok
LA_D_1249536,11.181476593017578,11.19777774810791,ok
LA_D_1250618,12.865145683288574,12.88046932220459,ok
LA_D_1251682,13.850028038024902,13.922704696655273,ok
LA_D_1251939,13.779030799865723,13.782275199890137,ok
LA_D_1252524,16.585195541381836,16.699935913085938,ok
LA_D_1252608,14.30219554901123,14.321431159973145,ok
LA_D_1252766,18.930728912353516,18.997976303100586,ok
LA_D_1252794,11.27785873413086,11.279370307922363,ok
LA_D_1253043,14.189544677734375,14.263533592224121,ok
LA_D_1253703,10.343544960021973,10.4465970993042,ok
LA_D_1254455,10.483393669128418,10.484551429748535,ok
LA_D_1256001,10.714207649230957,10.736720085144043,ok
LA_D_1258579,14.901939392089844,14.952220916748047,ok
LA_D_1261551,18.722820281982422,18.85187339782715,ok
LA_D_1261801,9.205045700073242,9.203120231628418,ok
LA_D_1262462,14.285118103027344,14.293127059936523,ok
LA_D_1264445,9.17133903503418,9.288654327392578,ok
LA_D_1264718,16.540246963500977,16.591352462768555,ok
LA_D_1264748,12.150094985961914,12.19133472442627,ok
LA_D_1265133,12.262206077575684,12.295527458190918,ok
LA_D_1266897,10.254412651062012,10.25446891784668,ok
LA_D_1267039,11.739618301391602,11.768583297729492,ok
LA_D_1268493,18.0698184967041,18.160268783569336,ok
LA_D_1270677,15.965968132019043,16.019453048706055,ok
LA_D_1271468,13.217018127441406,13.219267845153809,ok
LA_D_1272181,10.768073081970215,10.788128852844238,ok
LA_D_1274077,13.828696250915527,13.860333442687988,ok
LA_D_1274207,12.446864128112793,12.456178665161133,ok
LA_D_1274554,12.353082656860352,12.361956596374512,ok
LA_D_1274657,14.700111389160156,14.701225280761719,ok
LA_D_1275044,-13.433808326721191,-13.503193855285645,ok
LA_D_1277538,12.099777221679688,12.109219551086426,ok
LA_D_1279220,16.310848236083984,16.417312622070312,ok
LA_D_1279578,18.075679779052734,18.112045288085938,ok
LA_D_1279699,11.381707191467285,11.386270523071289,ok
LA_D_1280356,12.319198608398438,12.327862739562988,ok
LA_D_1281123,13.32595443725586,13.346142768859863,ok
LA_D_1281285,17.61790657043457,17.617969512939453,ok
LA_D_1281551,11.090779304504395,11.200695991516113,ok
LA_D_1281736,10.941963195800781,10.952561378479004,ok
LA_D_1281950,-14.077237129211426,-14.12190055847168,ok
LA_D_1285017,14.290185928344727,14.290818214416504,ok
LA_D_1286132,10.898984909057617,10.901510238647461,ok
LA_D_1286897,15.539624214172363,15.56589126586914,ok
LA_D_1287394,9.474414825439453,9.476317405700684,ok
LA_D_1287631,11.615328788757324,11.613320350646973,ok
LA_D_1287658,14.334275245666504,14.342781066894531,ok
LA_D_1288217,-10.635956764221191,-10.644434928894043,ok
LA_D_1290079,13.121862411499023,13.118531227111816,ok
LA_D_1290431,18.391244888305664,18.465848922729492,ok
LA_D_1291101,14.290329933166504,14.398448944091797,ok
LA_D_1292315,14.212224960327148,14.230169296264648,ok
LA_D_1292781,13.891946792602539,13.894372940063477,ok
LA_D_1292895,12.834720611572266,12.8272066116333,ok
LA_D_1293149,7.931280136108398,7.976617336273193,ok
LA_D_1294054,18.329790115356445,18.346893310546875,ok
LA_D_1296374,12.482728004455566,12.528558731079102,ok
LA_D_1296597,15.613692283630371,15.758211135864258,ok
LA_D_1297520,13.0087308883667,13.116175651550293,ok
LA_D_1297559,15.937718391418457,16.005998611450195,ok
LA_D_1298257,11.331117630004883,11.37431812286377,ok
LA_D_1299938,11.191668510437012,11.20181941986084,ok
LA_D_1300135,14.39220142364502,14.436724662780762,ok
LA_D_1300558,-14.11770248413086,-14.19630241394043,ok
LA_D_1301234,-9.0166654586792,-9.021610260009766,ok
LA_D_1301398,19.837902069091797,19.938220977783203,ok
LA_D_1301495,5.791119575500488,5.795135974884033,ok
LA_D_1302934,15.611058235168457,15.632448196411133,ok
LA_D_1303621,13.14421558380127,13.18515682220459,ok
LA_D_1304734,13.666851997375488,13.716784477233887,ok
LA_D_1306387,-13.008903503417969,-13.01137638092041,ok
LA_D_1306634,10.918575286865234,10.917967796325684,ok
LA_D_1307022,13.077235221862793,13.090718269348145,ok
LA_D_1307113,8.360648155212402,8.36267375946045,ok
LA_D_1307115,16.04950523376465,16.15495491027832,ok
LA_D_1307361,14.58266830444336,14.664338111877441,ok
LA_D_1307590,14.629631996154785,14.62975788116455,ok
LA_D_1307948,-5.382054805755615,-5.401275157928467,ok
LA_D_1310219,16.752031326293945,16.785308837890625,ok
LA_D_1310938,15.614429473876953,15.63037395477295,ok
LA_D_1312652,20.187379837036133,20.194318771362305,ok
LA_D_1313431,-12.135886192321777,-12.151350975036621,ok
LA_D_1314415,15.111995697021484,15.112296104431152,ok
LA_D_1314423,16.225648880004883,16.24098777770996,ok
LA_D_1316973,12.667441368103027,12.665083885192871,ok
LA_D_1317099,21.015703201293945,21.108585357666016,ok
LA_D_1317561,16.238550186157227,16.24246597290039,ok
LA_D_1318978,10.86943531036377,10.88379955291748,ok
LA_D_1321608,12.874295234680176,12.90311336517334,ok
LA_D_1322656,13.95887565612793,13.985396385192871,ok
LA_D_1323117,7.946896076202393,7.947128772735596,ok
LA_D_1323454,-14.1804838180542,-14.238961219787598,ok
LA_D_1324369,12.33570671081543,12.374345779418945,ok
LA_D_1325941,12.347570419311523,12.34664535522461,ok
LA_D_1326697,16.219547271728516,16.221426010131836,ok
LA_D_1326907,14.82671070098877,14.848966598510742,ok
LA_D_1328151,13.72887897491455,13.741704940795898,ok
LA_D_1329749,18.33939552307129,18.377859115600586,ok
LA_D_1330250,19.559371948242188,19.751218795776367,ok
LA_D_1330775,-13.988330841064453,-14.000469207763672,ok
LA_D_1332227,12.69007396697998,12.754546165466309,ok
LA_D_1334666,11.352608680725098,11.356945991516113,ok
LA_D_1335445,-13.53968620300293,-13.54247760772705,ok
LA_D_1335533,13.853590965270996,13.970685005187988,ok
LA_D_1336221,-14.786346435546875,-14.843413352966309,ok
LA_D_1336509,16.82453727722168,16.829164505004883,ok
LA_D_1337359,17.492267608642578,18.085126876831055,ok
LA_D_1339977,11.832958221435547,11.833020210266113,ok
LA_D_1340170,11.068315505981445,11.073057174682617,ok
LA_D_1341967,16.848562240600586,16.887990951538086,ok
LA_D_1343070,13.157295227050781,13.164884567260742,ok
LA_D_1343353,15.434867858886719,15.447257995605469,ok
LA_D_1343882,9.729141235351562,9.73772144317627,ok
LA_D_1345745,16.323823928833008,16.378459930419922,ok
LA_D_1345832,11.145305633544922,11.177535057067871,ok
LA_D_1348104,11.801471710205078,11.80477237701416,ok
LA_D_1348124,11.731541633605957,11.77370834350586,ok
LA_D_1348512,15.682552337646484,15.702872276306152,ok
LA_D_1350597,10.190810203552246,10.205347061157227,ok
LA_D_1351069,8.06488037109375,8.07751750946045,ok
LA_D_1351175,15.328890800476074,15.351316452026367,ok
LA_D_1351546,6.178136825561523,6.1908979415893555,ok
LA_D_1351703,14.524786949157715,14.553369522094727,ok
LA_D_1352656,17.558876037597656,17.980607986450195,ok
LA_D_1353894,-13.797064781188965,-13.816988945007324,ok
LA_D_1354096,13.433866500854492,13.459359169006348,ok
LA_D_1354354,14.987283706665039,15.00085163116455,ok
LA_D_1354501,14.040589332580566,14.05521297454834,ok
LA_D_1355058,-11.714859008789062,-11.733065605163574,ok
LA_D_1356036,14.44531536102295,14.44959545135498,ok
LA_D_1357016,14.130684852600098,14.13793659210205,ok
LA_D_1358422,18.169099807739258,18.390888214111328,ok
LA_D_1358556,11.725821495056152,11.793118476867676,ok
LA_D_1359166,16.434446334838867,16.55861473083496,ok
LA_D_1359304,11.711677551269531,11.781351089477539,ok
LA_D_1360070,12.568102836608887,12.711390495300293,ok
LA_D_1361369,12.321044921875,12.323529243469238,ok
LA_D_1361417,-16.477895736694336,-16.488168716430664,ok
LA_D_1361600,14.420121192932129,14.430685043334961,ok
LA_D_1361818,17.297582626342773,17.321176528930664,ok
LA_D_1362199,17.86760902404785,17.869321823120117,ok
LA_D_1363243,-12.568647384643555,-12.622241020202637,ok
LA_D_1363364,7.486748218536377,7.4887261390686035,ok
LA_D_1364216,21.716182708740234,21.97406005859375,ok
LA_D_1364611,-12.439033508300781,-12.49117660522461,ok
LA_D_1365321,12.507269859313965,12.5083589553833,ok
LA_D_1365588,16.550254821777344,16.60400390625,ok
LA_D_1366391,19.376676559448242,19.473081588745117,ok
LA_D_1368280,-15.977212905883789,-16.002079010009766,ok
LA_D_1368657,13.034396171569824,13.05802059173584,ok
LA_D_1368692,16.2258243560791,16.25758171081543,ok
LA_D_1369463,16.104215621948242,16.152372360229492,ok
LA_D_1369901,11.169295310974121,11.16917610168457,ok
LA_D_1371588,14.947528839111328,15.009970664978027,ok
LA_D_1371818,13.15181827545166,13.174927711486816,ok
LA_D_1373736,11.790742874145508,11.79108715057373,ok
LA_D_1374363,-13.729863166809082,-13.780028343200684,ok
LA_D_1375085,9.540803909301758,9.546635627746582,ok
LA_D_1375735,14.554222106933594,14.55770206451416,ok
LA_D_1376887,12.799824714660645,12.799524307250977,ok
LA_D_1377906,18.0559024810791,18.208078384399414,ok
LA_D_1378109,11.095130920410156,11.095622062683105,ok
LA_D_1378776,10.845309257507324,10.8485746383667,ok
LA_D_1379062,11.087739944458008,11.10811996459961,ok
LA_D_1380231,-13.714690208435059,-13.724846839904785,ok
LA_D_1382194,14.801468849182129,14.848222732543945,ok
LA_D_1382825,19.845075607299805,19.994733810424805,ok
LA_D_1382969,18.330326080322266,18.436031341552734,ok
LA_D_1384414,14.131770133972168,14.132670402526855,ok
LA_D_1385838,14.58085823059082,14.628966331481934,ok
LA_D_1385978,12.11109447479248,12.116862297058105,ok
LA_D_1386774,14.802947044372559,14.80617904663086,ok
LA_D_1388138,12.875308990478516,12.88491153717041,ok
LA_D_1389698,-12.72475528717041,-12.747183799743652,ok
LA_D_1390523,13.42221736907959,13.441195487976074,ok
LA_D_1391132,5.227105617523193,5.2379326820373535,ok
LA_D_1391969,14.805869102478027,14.847281455993652,ok
LA_D_1391982,-10.649054527282715,-10.75162410736084,ok
LA_D_1393294,5.412153244018555,5.413211345672607,ok
LA_D_1393609,12.870833396911621,12.87231159210205,ok
LA_D_1393870,15.033535957336426,15.111298561096191,ok
LA_D_1394044,15.633828163146973,15.955710411071777,ok
LA_D_1394305,9.637330055236816,9.65450668334961,ok
LA_D_1394492,15.710145950317383,15.715084075927734,ok
LA_D_1396590,15.082773208618164,15.096120834350586,ok
LA_D_1396790,12.39242935180664,12.413064956665039,ok
LA_D_1397703,16.928903579711914,16.949499130249023,ok
LA_D_1398743,7.5729780197143555,7.558709621429443,ok
LA_D_1401409,16.66868019104004,16.6872501373291,ok
LA_D_1401933,17.450286865234375,17.497621536254883,ok
LA_D_1402046,21.13185691833496,21.18230628967285,ok
LA_D_1402940,15.947287559509277,15.949517250061035,ok
LA_D_1403762,-10.054215431213379,-10.129847526550293,ok
LA_D_1404026,13.56796932220459,13.62759780883789,ok
LA_D_1405812,12.431196212768555,12.469378471374512,ok
LA_D_1406745,12.273843765258789,12.287964820861816,ok
LA_D_1406948,15.84650707244873,15.926888465881348,ok
LA_D_1408290,19.246688842773438,19.254762649536133,ok
LA_D_1409799,8.603264808654785,8.623077392578125,ok
LA_D_1409881,15.658411026000977,15.690306663513184,ok
LA_D_1410704,-9.282496452331543,-9.283242225646973,ok
LA_D_1412270,15.933436393737793,16.08049964904785,ok
LA_D_1412369,8.306906700134277,8.307038307189941,ok
LA_D_1412552,-13.272046089172363,-13.295666694641113,ok
LA_D_1412931,13.653792381286621,13.678168296813965,ok
LA_D_1413701,11.49819278717041,11.506094932556152,ok
LA_D_1414224,17.45861053466797,17.474946975708008,ok
LA_D_1414287,12.11904525756836,12.150486946105957,ok
LA_D_1414826,12.355175971984863,12.368451118469238,ok
LA_D_1414919,17.003602981567383,17.02329444885254,ok
LA_D_1415528,10.832630157470703,10.832503318786621,ok
LA_D_1415728,11.244126319885254,11.243738174438477,ok
LA_D_1416022,17.070833206176758,17.099645614624023,ok
LA_D_1416122,15.384639739990234,15.557575225830078,ok
LA_D_1416969,10.94288158416748,10.959508895874023,ok
LA_D_1417565,13.815037727355957,13.856648445129395,ok
LA_D_1418549,17.664350509643555,17.725194931030273,ok
LA_D_1418965,13.832100868225098,13.858887672424316,ok
LA_D_1419364,9.460456848144531,9.471911430358887,ok
LA_D_1419526,12.494300842285156,12.511687278747559,ok
LA_D_1420574,18.7819766998291,18.85959815979004,ok
LA_D_1422129,6.757676124572754,6.756099224090576,ok
LA_D_1423006,-6.976895809173584,-6.9896135330200195,ok
LA_D_1424372,12.764843940734863,12.827543258666992,ok
LA_D_1424811,15.96198558807373,15.96500301361084,ok
LA_D_1425046,15.29867172241211,15.307608604431152,ok
LA_D_1426011,13.271193504333496,13.350305557250977,ok
LA_D_1427018,13.249154090881348,13.263564109802246,ok
LA_D_1427618,14.485075950622559,14.532868385314941,ok
LA_D_1427710,-14.889512062072754,-14.890751838684082,ok
LA_D_1428381,13.175968170166016,13.180472373962402,ok
LA_D_1429979,12.765227317810059,12.80681037902832,ok
LA_D_1432668,15.710115432739258,15.746682167053223,ok
LA_D_1433046,18.151601791381836,18.367525100708008,ok
LA_D_1433061,11.222558975219727,11.274287223815918,ok
LA_D_1433129,17.913759231567383,17.911840438842773,ok
LA_D_1433873,12.455728530883789,12.47673225402832,ok
LA_D_1434547,20.86985969543457,21.048343658447266,ok
LA_D_1434551,16.711299896240234,16.7797908782959,ok
LA_D_1434780,15.534597396850586,15.696764945983887,ok
LA_D_1434936,11.433158874511719,11.466374397277832,ok
LA_D_1435647,13.71066665649414,13.71126651763916,ok
LA_D_1436004,13.693431854248047,13.694214820861816,ok
LA_D_1438615,-13.155397415161133,-13.243966102600098,ok
LA_D_1438742,12.683493614196777,12.694849967956543,ok
LA_D_1440229,12.34667682647705,12.382725715637207,ok
LA_D_1440908,17.45501708984375,17.469717025756836,ok
LA_D_1441701,18.419601440429688,18.419702529907227,ok
LA_D_1442792,15.434167861938477,15.475811958312988,ok
LA_D_1443809,13.255389213562012,13.299323081970215,ok
LA_D_1444623,17.186124801635742,17.280498504638672,ok
LA_D_1445468,-10.006356239318848,-10.022178649902344,ok
LA_D_1447056,15.007866859436035,15.029773712158203,ok
LA_D_1447238,3.749840259552002,3.7515556812286377,ok
LA_D_1447250,19.068403244018555,19.300508499145508,ok
LA_D_1447776,20.94643783569336,21.011701583862305,ok
LA_D_1448869,14.158815383911133,14.163283348083496,ok
LA_D_1449303,9.607637405395508,9.60462474822998,ok
LA_D_1451466,7.099244594573975,7.111172199249268,ok
LA_D_1452937,17.226613998413086,17.235445022583008,ok
LA_D_1453864,17.429452896118164,17.511802673339844,ok
LA_D_1454955,13.972786903381348,13.981698036193848,ok
LA_D_1454984,14.908642768859863,14.947258949279785,ok
LA_D_1459201,16.377639770507812,16.402246475219727,ok
LA_D_1459300,10.90388011932373,10.91303825378418,ok
LA_D_1459930,-10.932259559631348,-11.139734268188477,ok
LA_D_1461015,15.374491691589355,15.389616966247559,ok
LA_D_1461462,14.400390625,14.424025535583496,ok
LA_D_1461530,8.72805118560791,8.751507759094238,ok
LA_D_1461752,12.572125434875488,12.574615478515625,ok
LA_D_1462484,-12.986841201782227,-13.03128433227539,ok
LA_D_1462556,16.65729331970215,16.94130516052246,ok
LA_D_1463624,16.32241439819336,16.348779678344727,ok
LA_D_1463958,9.713155746459961,9.713227272033691,ok
LA_D_1463984,12.337890625,12.341099739074707,ok
LA_D_1464997,15.961000442504883,15.994162559509277,ok
LA_D_1467819,14.678274154663086,14.728650093078613,ok
LA_D_1468044,11.677560806274414,11.683274269104004,ok
LA_D_1468408,17.0987548828125,17.164112091064453,ok
LA_D_1469404,-8.949074745178223,-8.962323188781738,ok
LA_D_1469415,12.477307319641113,12.477007865905762,ok
LA_D_1471187,11.920571327209473,11.933112144470215,ok
LA_D_1471595,15.271272659301758,15.29760456085205,ok
LA_D_1472284,12.608951568603516,12.612792015075684,ok
LA_D_1472719,16.70256805419922,16.731718063354492,ok
LA_D_1473255,-6.278773784637451,-6.281048774719238,ok
LA_D_1473361,9.553342819213867,9.551337242126465,ok
LA_D_1475296,13.900390625,13.90971851348877,ok
LA_D_1476062,9.49158763885498,9.511237144470215,ok
LA_D_1476819,12.87938117980957,12.945497512817383,ok
LA_D_1477090,12.1223783493042,12.23752498626709,ok
LA_D_1477768,15.153470039367676,15.169862747192383,ok
LA_D_1478351,16.090898513793945,16.11823844909668,ok
LA_D_1479514,16.038631439208984,16.05850601196289,ok
LA_D_1479561,8.826823234558105,8.835912704467773,ok
LA_D_1479871,13.690275192260742,13.699332237243652,ok
LA_D_1480186,-0.8431093692779541,-0.8603401780128479,ok
LA_D_1481057,-12.76192569732666,-12.785107612609863,ok
LA_D_1481205,10.935343742370605,10.939875602722168,ok
LA_D_1481335,-12.006400108337402,-12.040898323059082,ok
LA_D_1481725,14.851354598999023,15.096827507019043,ok
LA_D_1482068,9.121637344360352,9.159241676330566,ok
LA_D_1482998,-14.920005798339844,-14.957488059997559,ok
LA_D_1483054,15.481097221374512,15.514492988586426,ok
LA_D_1483493,-12.798299789428711,-12.82358455657959,ok
LA_D_1483498,12.756876945495605,12.820959091186523,ok
LA_D_1483761,8.913795471191406,8.957884788513184,ok
LA_D_1484616,14.484015464782715,14.493428230285645,ok
LA_D_1484758,15.184693336486816,15.275327682495117,ok
LA_D_1485960,12.695666313171387,12.720844268798828,ok
LA_D_1485983,14.39205551147461,14.464627265930176,ok
LA_D_1487457,12.092612266540527,12.10239028930664,ok
LA_D_1488314,17.940763473510742,17.945032119750977,ok
LA_D_1488449,-14.31814193725586,-14.446829795837402,ok
LA_D_1488756,16.7675724029541,16.809396743774414,ok
LA_D_1494418,-13.614542007446289,-13.667496681213379,ok
LA_D_1495117,13.44240951538086,13.443169593811035,ok
LA_D_1495339,16.71451187133789,16.76946449279785,ok
LA_D_1496491,17.982118606567383,18.008577346801758,ok
LA_D_1496754,15.801122665405273,15.943490028381348,ok
LA_D_1497236,10.411721229553223,10.433791160583496,ok
LA_D_1498058,14.677599906921387,14.70740032196045,ok
LA_D_1499350,15.231950759887695,15.227385520935059,ok
LA_D_1500385,-13.968101501464844,-13.973736763000488,ok
LA_D_1500993,-14.6585111618042,-14.70718002319336,ok
LA_D_1502443,12.891331672668457,12.90315055847168,ok
LA_D_1502852,15.669922828674316,15.670032501220703,ok
LA_D_1503604,-14.431897163391113,-14.438421249389648,ok
LA_D_1504502,16.772802352905273,16.838600158691406,ok
LA_D_1506183,14.488907814025879,14.501181602478027,ok
LA_D_1506235,10.200616836547852,10.208565711975098,ok
LA_D_1506631,13.85078239440918,13.85839557647705,ok
LA_D_1507549,14.612521171569824,14.620513916015625,ok
LA_D_1509117,13.909979820251465,13.93563461303711,ok
LA_D_1509923,16.33864974975586,16.3586368560791,ok
LA_D_1509962,14.896924018859863,14.94621467590332,ok
LA_D_1510431,12.085012435913086,12.223288536071777,ok
LA_D_1511574,18.813196182250977,18.837488174438477,ok
LA_D_1512564,10.12263011932373,10.128907203674316,ok
LA_D_1512979,15.351618766784668,15.403023719787598,ok
LA_D_1513681,16.406248092651367,16.436649322509766,ok
LA_D_1513725,-15.550436973571777,-15.619857788085938,ok
LA_D_1514602,10.119665145874023,10.137372016906738,ok
LA_D_1516617,13.685187339782715,13.692408561706543,ok
LA_D_1517144,17.032243728637695,17.048572540283203,ok
LA_D_1517231,-12.657620429992676,-12.751896858215332,ok
LA_D_1518141,17.598384857177734,17.60500144958496,ok
LA_D_1518174,12.020511627197266,12.039554595947266,ok
LA_D_1519187,10.98566722869873,11.014471054077148,ok
LA_D_1519237,-13.303391456604004,-13.322150230407715,ok
LA_D_1519429,10.352174758911133,10.46550464630127,ok
LA_D_1520589,14.927116394042969,15.024123191833496,ok
LA_D_1520617,16.01671600341797,16.058528900146484,ok
LA_D_1520830,-15.298734664916992,-15.322943687438965,ok
LA_D_1521999,14.304327011108398,14.342489242553711,ok
LA_D_1522185,17.223257064819336,17.303043365478516,ok
LA_D_1522579,5.617697715759277,5.610440731048584,ok
LA_D_1523141,20.516565322875977,20.55008888244629,ok
LA_D_1523180,-12.299471855163574,-12.314946174621582,ok
LA_D_1523483,-11.774800300598145,-11.779566764831543,ok
LA_D_1523689,18.79063606262207,18.814224243164062,ok
LA_D_1526424,15.99378490447998,15.992737770080566,ok
LA_D_1526816,17.01953125,17.09287452697754,ok
LA_D_1526842,17.343217849731445,17.385786056518555,ok
LA_D_1527493,15.373002052307129,15.37269115447998,ok
LA_D_1527843,19.209047317504883,19.325651168823242,ok
LA_D_1528176,12.387080192565918,12.418844223022461,ok
LA_D_1528364,13.033515930175781,13.037759780883789,ok
LA_D_1528504,12.994524955749512,13.008305549621582,ok
LA_D_1528709,12.548392295837402,12.548720359802246,ok
LA_D_1529378,9.841032028198242,9.88688850402832,ok
LA_D_1529875,15.64066219329834,15.677411079406738,ok
LA_D_1530620,12.750740051269531,12.750702857971191,ok
LA_D_1531184,19.51065444946289,19.586406707763672,ok
LA_D_1531229,12.901124000549316,12.902825355529785,ok
LA_D_1533857,14.773893356323242,14.805540084838867,ok
LA_D_1534651,13.910351753234863,13.96147632598877,ok
LA_D_1534693,9.726366996765137,9.726397514343262,ok
LA_D_1534909,17.27479362487793,17.61695671081543,ok
LA_D_1534944,11.620473861694336,11.62412166595459,ok
LA_D_1535343,10.262009620666504,10.2620210647583,ok
LA_D_1535464,14.606672286987305,14.734511375427246,ok
LA_D_1538546,13.65949535369873,13.684712409973145,ok
LA_D_1539089,12.281285285949707,12.299872398376465,ok
LA_D_1539250,14.42701244354248,14.43478012084961,ok
LA_D_1539541,17.431604385375977,17.4511775970459,ok
LA_D_1540639,18.521833419799805,18.6055965423584,ok
LA_D_1541008,5.353478908538818,5.405989170074463,ok
LA_D_1541459,13.844350814819336,13.849553108215332,ok
LA_D_1541519,-12.61673355102539,-12.662590980529785,ok
LA_D_1541976,11.483290672302246,11.4871826171875,ok
LA_D_1543611,15.747321128845215,15.7556734085083,ok
LA_D_1544054,8.908599853515625,8.959333419799805,ok
LA_D_1544533,11.424800872802734,11.441828727722168,ok
LA_D_1544944,17.160470962524414,17.211994171142578,ok
LA_D_1546363,11.867573738098145,11.88027286529541,ok
LA_D_1546478,10.6224946975708,10.722715377807617,ok
LA_D_1548278,10.76689624786377,10.812888145446777,ok
LA_D_1549509,19.957704544067383,19.957637786865234,ok
LA_D_1551137,18.609825134277344,18.65349769592285,ok
LA_D_1555028,17.529075622558594,17.536609649658203,ok
LA_D_1555301,13.998736381530762,14.061814308166504,ok
LA_D_1555695,14.870112419128418,14.875007629394531,ok
LA_D_1555757,16.750816345214844,16.7518367767334,ok
LA_D_1555842,11.400825500488281,11.412215232849121,ok
LA_D_1556162,10.167825698852539,10.166441917419434,ok
LA_D_1556595,0.9640559554100037,0.9577754735946655,ok
LA_D_1556777,16.750337600708008,16.78557777404785,ok
LA_D_1557405,16.997846603393555,17.022645950317383,ok
LA_D_1557675,5.417325496673584,5.416520118713379,ok
LA_D_1557737,13.132946014404297,13.16603946685791,ok
LA_D_1558714,-13.304742813110352,-13.333976745605469,ok
LA_D_1559429,13.17237377166748,13.17973518371582,ok
LA_D_1560273,-11.940157890319824,-11.960522651672363,ok
LA_D_1560491,11.85347843170166,11.854373931884766,ok
LA_D_1561479,17.437265396118164,17.518260955810547,ok
LA_D_1561860,10.24357795715332,10.242025375366211,ok
LA_D_1561911,16.106563568115234,16.113149642944336,ok
LA_D_1562732,-16.312885284423828,-16.326417922973633,ok
LA_D_1563071,16.8028621673584,16.82575035095215,ok
LA_D_1564452,12.572832107543945,12.65644359588623,ok
LA_D_1565390,-13.564440727233887,-13.583308219909668,ok
LA_D_1566347,17.69230842590332,17.73809242248535,ok
LA_D_1566398,7.355633735656738,7.405563831329346,ok
LA_D_1566542,16.09069061279297,16.106006622314453,ok
LA_D_1567126,-13.900627136230469,-13.912781715393066,ok
LA_D_1567712,13.699535369873047,13.6995267868042,ok
LA_D_1568497,12.103001594543457,12.103282928466797,ok
LA_D_1569257,15.77523422241211,15.77684211730957,ok
LA_D_1570710,21.68538475036621,21.95475196838379,ok
LA_D_1571595,4.776795864105225,4.819360256195068,ok
LA_D_1571783,11.693785667419434,11.693882942199707,ok
LA_D_1572003,14.206487655639648,14.24030590057373,ok
LA_D_1573404,13.81536865234375,13.822087287902832,ok
LA_D_1574269,11.751741409301758,11.754082679748535,ok
LA_D_1574961,14.313905715942383,14.559237480163574,ok
LA_D_1574963,13.79731559753418,13.795964241027832,ok
LA_D_1576565,15.48940658569336,15.530230522155762,ok
LA_D_1577587,12.31035041809082,12.430099487304688,ok
LA_D_1580544,16.19634437561035,16.19571304321289,ok
LA_D_1580841,13.833423614501953,13.881855010986328,ok
LA_D_1581342,12.969332695007324,12.98704719543457,ok
LA_D_1581762,12.672994613647461,12.718033790588379,ok
LA_D_1583428,12.174432754516602,12.17849063873291,ok
LA_D_1588604,14.407770156860352,14.558817863464355,ok
LA_D_1589222,14.856012344360352,14.893038749694824,ok
LA_D_1589359,23.348735809326172,23.350587844848633,ok
LA_D_1590758,13.323715209960938,13.32392406463623,ok
LA_D_1591743,13.930967330932617,14.018078804016113,ok
LA_D_1592559,8.524412155151367,8.531916618347168,ok
LA_D_1593502,14.839388847351074,14.897706985473633,ok
LA_D_1594784,13.854778289794922,13.962608337402344,ok
LA_D_1594826,12.043122291564941,12.042906761169434,ok
LA_D_1596158,16.216781616210938,16.221622467041016,ok
LA_D_1596779,14.218803405761719,14.247888565063477,ok
LA_D_1598405,20.881498336791992,21.0438289642334,ok
LA_D_1600156,14.0113525390625,14.02534008026123,ok
LA_D_1600157,17.947004318237305,17.96917152404785,ok
LA_D_1600216,21.120195388793945,21.134563446044922,ok
LA_D_1601494,12.540411949157715,12.558838844299316,ok
LA_D_1601648,9.748434066772461,9.748080253601074,ok
LA_D_1601789,14.34741497039795,14.405146598815918,ok
LA_D_1601833,17.42353057861328,17.441774368286133,ok
LA_D_1602771,14.036147117614746,14.110474586486816,ok
LA_D_1603312,12.389655113220215,12.398544311523438,ok
LA_D_1604831,13.518486976623535,13.53337574005127,ok
LA_D_1604925,14.717907905578613,14.725374221801758,ok
LA_D_1606599,16.406539916992188,16.47321128845215,ok
LA_D_1607104,-12.395601272583008,-12.529473304748535,ok
LA_D_1607262,17.574474334716797,17.792747497558594,ok
LA_D_1607304,19.426345825195312,19.435415267944336,ok
LA_D_1608588,11.08601188659668,11.086165428161621,ok
LA_D_1608931,12.34279727935791,12.409453392028809,ok
LA_D_1609520,11.61641788482666,11.626208305358887,ok
LA_D_1609660,11.271124839782715,11.274683952331543,ok
LA_D_1611025,12.784342765808105,12.845691680908203,ok
LA_D_1611108,16.50196647644043,16.602270126342773,ok
LA_D_1611581,13.705742835998535,13.707376480102539,ok
LA_D_1611993,14.95025634765625,14.96553897857666,ok
LA_D_1612620,14.998820304870605,15.055008888244629,ok
LA_D_1613798,10.561386108398438,10.599164009094238,ok
LA_D_1613851,14.252655982971191,14.31604290008545,ok
LA_D_1613936,18.30508804321289,18.350778579711914,ok
LA_D_1614382,14.461106300354004,14.469274520874023,ok
LA_D_1614845,17.108688354492188,17.165971755981445,ok
LA_D_1615516,12.16218090057373,12.219206809997559,ok
LA_D_1616093,18.785404205322266,18.88532829284668,ok
LA_D_1621509,17.038299560546875,17.23687171936035,ok
LA_D_1622941,9.314127922058105,9.325175285339355,ok
LA_D_1623705,10.561014175415039,10.56576156616211,ok
LA_D_1623783,10.667155265808105,10.697381019592285,ok
LA_D_1624895,11.60946273803711,11.648761749267578,ok
LA_D_1625102,13.648143768310547,13.762232780456543,ok
LA_D_1628180,12.708197593688965,12.794187545776367,ok
LA_D_1629379,15.352559089660645,15.44003677368164,ok
LA_D_1630527,13.930153846740723,13.937691688537598,ok
LA_D_1632847,13.104270935058594,13.161940574645996,ok
LA_D_1635246,16.09564781188965,16.15737533569336,ok
LA_D_1637491,16.784530639648438,16.823869705200195,ok
LA_D_1637629,14.416850090026855,14.45621395111084,ok
LA_D_1637646,15.04970645904541,15.094765663146973,ok
LA_D_1638692,16.191387176513672,16.214385986328125,ok
LA_D_1639348,15.518730163574219,15.550141334533691,ok
LA_D_1639860,14.080188751220703,14.083220481872559,ok
LA_D_1639891,14.699601173400879,14.70090389251709,ok
LA_D_1640383,9.568877220153809,9.568713188171387,ok
LA_D_1640497,-12.94681453704834,-12.948564529418945,ok
LA_D_1643538,8.620292663574219,8.620491981506348,ok
LA_D_1644764,-14.082502365112305,-14.102500915527344,ok
LA_D_1645531,6.657674312591553,6.6798272132873535,ok
LA_D_1646097,15.199468612670898,15.289626121520996,ok
LA_D_1648141,17.9317684173584,17.97958755493164,ok
LA_D_1648291,-15.357558250427246,-15.412840843200684,ok
LA_D_1649885,15.918973922729492,16.010478973388672,ok
LA_D_1649887,11.153593063354492,11.153599739074707,ok
LA_D_1649895,14.496692657470703,14.49726390838623,ok
LA_D_1652776,17.2296085357666,17.335020065307617,ok
LA_D_1653412,12.427094459533691,12.420062065124512,ok
LA_D_1654772,16.79363250732422,16.83087730407715,ok
LA_D_1655634,9.051328659057617,9.0488920211792,ok
LA_D_1656978,11.03653335571289,11.040921211242676,ok
LA_D_1657707,13.498778343200684,13.524816513061523,ok
LA_D_1658555,15.210698127746582,15.22143268585205,ok
LA_D_1659148,14.076148986816406,14.086421012878418,ok
LA_D_1659731,12.33367919921875,12.40027141571045,ok
LA_D_1659955,15.190105438232422,15.244978904724121,ok
LA_D_1660121,14.312042236328125,14.332136154174805,ok
LA_D_1662448,13.79301643371582,13.868891716003418,ok
LA_D_1664055,17.779842376708984,17.798791885375977,ok
LA_D_1664425,14.050877571105957,14.05428695678711,ok
LA_D_1664915,15.005785942077637,15.062796592712402,ok
LA_D_1667962,9.758978843688965,9.767842292785645,ok
LA_D_1669057,12.08856201171875,12.090327262878418,ok
LA_D_1670207,13.914166450500488,13.919339179992676,ok
LA_D_1673360,12.452910423278809,12.46639347076416,ok
LA_D_1674536,19.050703048706055,19.07866859436035,ok
LA_D_1675550,14.309905052185059,14.33435344696045,ok
LA_D_1675990,13.46224594116211,13.489801406860352,ok
LA_D_1677234,8.620647430419922,8.643874168395996,ok
LA_D_1677598,13.369074821472168,13.440613746643066,ok
LA_D_1677846,12.4055757522583,12.463689804077148,ok
LA_D_1678096,5.39532470703125,5.414397716522217,ok
LA_D_1678967,9.090757369995117,9.093993186950684,ok
LA_D_1680060,16.687015533447266,16.756439208984375,ok
LA_D_1680201,-13.64936351776123,-13.655049324035645,ok
LA_D_1683013,13.025975227355957,13.148774147033691,ok
LA_D_1683892,7.535179615020752,7.547609806060791,ok
LA_D_1684010,11.773704528808594,11.816990852355957,ok
LA_D_1685139,14.818161010742188,14.828886985778809,ok
LA_D_1685766,14.274893760681152,14.320926666259766,ok
LA_D_1685863,14.620859146118164,14.675293922424316,ok
LA_D_1686743,-12.110759735107422,-12.23416805267334,ok
LA_D_1689082,-11.41561222076416,-11.429059028625488,ok
LA_D_1689302,12.557960510253906,12.557754516601562,ok
LA_D_1691193,16.908479690551758,16.939271926879883,ok
LA_D_1693615,14.723093032836914,14.770294189453125,ok
LA_D_1693970,10.956338882446289,10.957459449768066,ok
LA_D_1694092,9.061295509338379,9.068395614624023,ok
LA_D_1694389,18.658863067626953,18.658626556396484,ok
LA_D_1697322,12.16356086730957,12.180195808410645,ok
LA_D_1697663,14.239801406860352,14.242110252380371,ok
LA_D_1699200,15.291458129882812,15.292186737060547,ok
LA_D_1699219,10.270824432373047,10.270638465881348,ok
LA_D_1702355,15.611371040344238,15.627028465270996,ok
LA_D_1702527,14.738272666931152,14.78344440460205,ok
LA_D_1702824,12.076135635375977,12.076964378356934,ok
LA_D_1702942,13.529563903808594,13.53458023071289,ok
LA_D_1703167,10.645031929016113,10.645848274230957,ok
LA_D_1705054,16.256128311157227,16.271007537841797,ok
LA_D_1705349,19.8864803314209,19.90597152709961,ok
LA_D_1706159,13.69216251373291,13.71240234375,ok
LA_D_1707779,9.373823165893555,9.380642890930176,ok
LA_D_1708689,13.032085418701172,13.037220001220703,ok
LA_D_1711559,-11.513545989990234,-11.52553653717041,ok
LA_D_1711564,16.634567260742188,16.67335319519043,ok
LA_D_1711747,14.689892768859863,14.689451217651367,ok
LA_D_1712120,17.585031509399414,17.598905563354492,ok
LA_D_1713212,10.812947273254395,10.834511756896973,ok
LA_D_1714449,16.272789001464844,16.314367294311523,ok
LA_D_1715749,8.877386093139648,8.896851539611816,ok
LA_D_1715778,8.834447860717773,8.835257530212402,ok
LA_D_1715794,13.678129196166992,13.682666778564453,ok
LA_D_1715922,14.353642463684082,14.387990951538086,ok
LA_D_1716033,-12.990092277526855,-13.109643936157227,ok
LA_D_1716656,17.760757446289062,17.857378005981445,ok
LA_D_1717085,16.928367614746094,16.96101188659668,ok
LA_D_1719951,11.450091361999512,11.451079368591309,ok
LA_D_1720015,16.34956932067871,16.363466262817383,ok
LA_D_1721527,-15.255338668823242,-15.331747055053711,ok
LA_D_1722779,-9.14552116394043,-9.214005470275879,ok
LA_D_1723025,8.380051612854004,8.37950325012207,ok
LA_D_1723129,10.189367294311523,10.189776420593262,ok
LA_D_1723393,16.523191452026367,16.538633346557617,ok
LA_D_1725328,12.863659858703613,12.923527717590332,ok
LA_D_1725588,17.849506378173828,17.87060546875,ok
LA_D_1725718,12.119978904724121,12.121806144714355,ok
LA_D_1725978,15.346661567687988,15.406847953796387,ok
LA_D_1728557,12.862363815307617,12.864197731018066,ok
LA_D_1728757,18.67963981628418,18.76787757873535,ok
LA_D_1728920,9.988936424255371,9.990020751953125,ok
LA_D_1730959,-13.761392593383789,-13.77110767364502,ok
LA_D_1731771,13.21330738067627,13.22884464263916,ok
LA_D_1732607,11.746896743774414,11.777009010314941,ok
LA_D_1732752,-13.981430053710938,-13.98739242553711,ok
LA_D_1733065,11.773324012756348,11.807427406311035,ok
LA_D_1733253,13.647522926330566,13.740020751953125,ok
LA_D_1733691,-13.01575756072998,-13.02185344696045,ok
LA_D_1734049,14.839865684509277,14.840357780456543,ok
LA_D_1734325,13.891592025756836,13.911906242370605,ok
LA_D_1734430,15.155681610107422,15.1752290725708,ok
LA_D_1736286,-15.075601577758789,-15.092483520507812,ok
LA_D_1738100,14.323901176452637,14.334400177001953,ok
LA_D_1738251,11.490234375,11.490866661071777,ok
LA_D_1738651,19.2885799407959,19.40742301940918,ok
LA_D_1743004,15.0670804977417,15.172595024108887,ok
LA_D_1743744,4.384502410888672,4.3876142501831055,ok
LA_D_1744737,9.600127220153809,9.614038467407227,ok
LA_D_1746170,16.228504180908203,16.30585289001465,ok
LA_D_1751728,6.199250221252441,6.186825275421143,ok
LA_D_1751782,11.893232345581055,11.90362548828125,ok
LA_D_1751918,12.156420707702637,12.159419059753418,ok
LA_D_1755243,13.01793098449707,13.018303871154785,ok
LA_D_1755482,15.318137168884277,15.349932670593262,ok
LA_D_1755776,17.36936378479004,17.387529373168945,ok
LA_D_1757134,11.584139823913574,11.616846084594727,ok
LA_D_1757843,13.35122013092041,13.370755195617676,ok
LA_D_1758018,4.359360694885254,4.360987186431885,ok
LA_D_1758405,11.795133590698242,11.818652153015137,ok
LA_D_1758957,16.050052642822266,16.055315017700195,ok
LA_D_1759608,15.922647476196289,15.92293643951416,ok
LA_D_1760472,-12.096938133239746,-12.106521606445312,ok
LA_D_1763710,16.544754028320312,16.55719757080078,ok
LA_D_1764251,17.734403610229492,17.755598068237305,ok
LA_D_1764443,10.275396347045898,10.350529670715332,ok
LA_D_1765969,14.651717185974121,14.870243072509766,ok
LA_D_1766425,12.068766593933105,12.082991600036621,ok
LA_D_1767120,12.138612747192383,12.145600318908691,ok
LA_D_1767206,12.160865783691406,12.174300193786621,ok
LA_D_1767230,17.098793029785156,17.23552703857422,ok
LA_D_1768067,16.3023738861084,16.332504272460938,ok
LA_D_1768591,16.75510597229004,16.79756736755371,ok
LA_D_1768659,13.18482494354248,13.184809684753418,ok
LA_D_1770174,-12.980539321899414,-13.055731773376465,ok
LA_D_1770638,10.169941902160645,10.19880199432373,ok
LA_D_1771272,11.95728588104248,12.07601261138916,ok
LA_D_1772083,15.50378131866455,15.64387035369873,ok
LA_D_1772237,-14.809500694274902,-14.833819389343262,ok
LA_D_1772977,13.206371307373047,13.211485862731934,ok
LA_D_1773079,12.540806770324707,12.548018455505371,ok
LA_D_1775541,18.525447845458984,18.556102752685547,ok
LA_D_1776073,11.458930015563965,11.504759788513184,ok
LA_D_1776380,15.75294303894043,15.849780082702637,ok
LA_D_1777002,14.177855491638184,14.182352066040039,ok
LA_D_1777158,10.838701248168945,10.942386627197266,ok
LA_D_1778489,15.669689178466797,15.699615478515625,ok
LA_D_1778690,11.789161682128906,11.828316688537598,ok
LA_D_1778772,11.600196838378906,11.570175170898438,ok
LA_D_1778872,13.475122451782227,13.477961540222168,ok
LA_D_1780000,10.356632232666016,10.348994255065918,ok
LA_D_1780523,11.113954544067383,11.117098808288574,ok
LA_D_1782967,14.345489501953125,14.347752571105957,ok
LA_D_1783037,18.808528900146484,18.9333553314209,ok
LA_D_1783287,18.2203311920166,18.253686904907227,ok
LA_D_1783574,16.88380241394043,16.93866539001465,ok
LA_D_1783942,12.440839767456055,12.457250595092773,ok
LA_D_1786331,13.820379257202148,13.856409072875977,ok
LA_D_1786730,-11.093759536743164,-11.124011039733887,ok
LA_D_1788098,14.31571102142334,14.355989456176758,ok
LA_D_1789894,12.720658302307129,12.739971160888672,ok
LA_D_1789917,17.226537704467773,17.278209686279297,ok
LA_D_1792373,13.534965515136719,13.553204536437988,ok
LA_D_1793186,14.677230834960938,14.70979118347168,ok
LA_D_1794906,14.676937103271484,14.684296607971191,ok
LA_D_1796445,-15.55557632446289,-15.56758975982666,ok
LA_D_1797576,15.969929695129395,16.076372146606445,ok
LA_D_1798555,14.959179878234863,14.963457107543945,ok
LA_D_1798838,12.813285827636719,12.829047203063965,ok
LA_D_1798881,14.652488708496094,14.70479679107666,ok
LA_D_1799143,12.477286338806152,12.494638442993164,ok
LA_D_1799775,12.069208145141602,12.070096015930176,ok
LA_D_1800659,15.191390037536621,15.220495223999023,ok
LA_D_1802495,15.760753631591797,15.773750305175781,ok
LA_D_1803008,-13.031557083129883,-13.242860794067383,ok
LA_D_1803165,15.295397758483887,15.313570022583008,ok
LA_D_1804384,13.590434074401855,13.638439178466797,ok
LA_D_1805177,-15.919361114501953,-15.926575660705566,ok
LA_D_1805483,-14.799466133117676,-14.830301284790039,ok
LA_D_1805502,10.97522258758545,10.975983619689941,ok
LA_D_1805739,-13.157011032104492,-13.189440727233887,ok
LA_D_1805963,16.769859313964844,16.779735565185547,ok
LA_D_1808507,10.80835247039795,10.825729370117188,ok
LA_D_1808956,10.487129211425781,10.574111938476562,ok
LA_D_1809307,14.468276977539062,14.48627758026123,ok
LA_D_1811445,9.770915031433105,9.770217895507812,ok
LA_D_1811965,15.100831985473633,15.117486000061035,ok
LA_D_1811978,13.492741584777832,13.502158164978027,ok
LA_D_1812094,11.847955703735352,11.848997116088867,ok
LA_D_1812623,-12.040886878967285,-12.123103141784668,ok
LA_D_1812724,15.589797973632812,15.593253135681152,ok
LA_D_1812831,15.009815216064453,15.028554916381836,ok
LA_D_1813321,13.865021705627441,13.865124702453613,ok
LA_D_1813906,12.046547889709473,12.082844734191895,ok
LA_D_1815265,11.481893539428711,11.529866218566895,ok
LA_D_1816644,11.167013168334961,11.166863441467285,ok
LA_D_1818653,13.092527389526367,13.102349281311035,ok
LA_D_1820743,11.28730297088623,11.326549530029297,ok
LA_D_1821879,8.232637405395508,8.246468544006348,ok
LA_D_1822549,11.696910858154297,11.751677513122559,ok
LA_D_1823585,9.995881080627441,10.002296447753906,ok
LA_D_1824180,-14.702956199645996,-14.716740608215332,ok
LA_D_1824827,3.837139844894409,3.838108777999878,ok
LA_D_1828356,20.01065444946289,20.063629150390625,ok
LA_D_1830470,9.035160064697266,9.035202980041504,ok
LA_D_1830521,14.535841941833496,14.557066917419434,ok
LA_D_1830846,13.227313041687012,13.232748985290527,ok
LA_D_1831145,14.895773887634277,14.931527137756348,ok
LA_D_1832937,16.075756072998047,16.104536056518555,ok
LA_D_1833652,-12.818371772766113,-12.82934284210205,ok
LA_D_1834815,16.029062271118164,16.059009552001953,ok
LA_D_1834958,15.682764053344727,15.690995216369629,ok
LA_D_1836171,12.658851623535156,12.699292182922363,ok
LA_D_1836354,13.251559257507324,13.405037879943848,ok
LA_D_1838028,10.313353538513184,10.317215919494629,ok
LA_D_1838386,1.225534200668335,1.2006491422653198,ok
LA_D_1838534,12.82444953918457,12.852716445922852,ok
LA_D_1840120,14.780644416809082,14.781144142150879,ok
LA_D_1841254,9.680098533630371,9.687117576599121,ok
LA_D_1841439,17.336551666259766,17.41364288330078,ok
LA_D_1842165,11.57236099243164,11.59530258178711,ok
LA_D_1842516,13.298582077026367,13.292744636535645,ok
LA_D_1842990,-13.477062225341797,-13.513602256774902,ok
LA_D_1844495,15.996073722839355,15.998948097229004,ok
LA_D_1844563,20.380126953125,20.430463790893555,ok
LA_D_1845069,11.329926490783691,11.35009479522705,ok
LA_D_1845654,16.67108726501465,16.715686798095703,ok
LA_D_1846103,16.267200469970703,16.323486328125,ok
LA_D_1846916,10.850455284118652,10.888688087463379,ok
LA_D_1847073,14.558960914611816,14.566533088684082,ok
LA_D_1847944,20.39219093322754,20.434511184692383,ok
LA_D_1848103,12.845808029174805,12.864014625549316,ok
LA_D_1848165,12.028149604797363,12.030932426452637,ok
LA_D_1848349,13.139609336853027,13.140519142150879,ok
LA_D_1849915,15.184300422668457,15.254561424255371,ok
LA_D_1850987,16.533666610717773,16.64432144165039,ok
LA_D_1851336,13.366065979003906,13.36867904663086,ok
LA_D_1853446,15.74561595916748,15.764439582824707,ok
LA_D_1853731,14.292825698852539,14.298253059387207,ok
LA_D_1854905,16.836109161376953,16.92209815979004,ok
LA_D_1855851,11.314152717590332,11.312603950500488,ok
LA_D_1855940,11.608186721801758,11.61092472076416,ok
LA_D_1856189,14.103941917419434,14.104171752929688,ok
LA_D_1856497,16.19089698791504,16.201711654663086,ok
LA_D_1858151,13.649243354797363,13.7388334274292,ok
LA_D_1858381,14.552507400512695,14.596993446350098,ok
LA_D_1859048,-11.948830604553223,-11.987482070922852,ok
LA_D_1860065,17.993261337280273,18.02393913269043,ok
LA_D_1860158,11.079763412475586,11.213910102844238,ok
LA_D_1860197,14.475096702575684,14.553160667419434,ok
LA_D_1861262,15.663818359375,15.729684829711914,ok
LA_D_1862965,11.681209564208984,11.686573028564453,ok
LA_D_1863131,9.514575958251953,9.501470565795898,ok
LA_D_1863279,20.632173538208008,20.838544845581055,ok
LA_D_1863901,14.8235445022583,14.824727058410645,ok
LA_D_1864294,13.093733787536621,13.119153022766113,ok
LA_D_1864612,16.771940231323242,16.78460693359375,ok
LA_D_1864652,13.955032348632812,14.025968551635742,ok
LA_D_1865763,16.920333862304688,16.929738998413086,ok
LA_D_1866166,14.172002792358398,14.175713539123535,ok
LA_D_1866244,13.91666030883789,13.972456932067871,ok
LA_D_1867335,11.2080659866333,11.208319664001465,ok
LA_D_1868045,16.982263565063477,17.032733917236328,ok
LA_D_1870030,14.553445816040039,14.661818504333496,ok
LA_D_1870684,13.041254997253418,13.139573097229004,ok
LA_D_1870741,12.710391998291016,12.722309112548828,ok
LA_D_1871223,17.385883331298828,17.54949951171875,ok
LA_D_1871635,22.402896881103516,22.403470993041992,ok
LA_D_1872618,17.104257583618164,17.165197372436523,ok
LA_D_1872772,13.49621868133545,13.51248836517334,ok
LA_D_1873473,13.414291381835938,13.461524963378906,ok
LA_D_1874001,15.493837356567383,15.55617618560791,ok
LA_D_1874557,15.262962341308594,15.304265975952148,ok
LA_D_1874896,12.608827590942383,12.647040367126465,ok
LA_D_1876225,10.257225036621094,10.258264541625977,ok
LA_D_1876360,14.924317359924316,14.963364601135254,ok
LA_D_1877105,-17.104080200195312,-17.137746810913086,ok
LA_D_1877141,14.33353042602539,14.351202964782715,ok
LA_D_1877966,15.598877906799316,15.625470161437988,ok
LA_D_1878310,14.372605323791504,14.37533950805664,ok
LA_D_1879539,16.208311080932617,16.333744049072266,ok
LA_D_1880286,13.234871864318848,13.239977836608887,ok
LA_D_1881500,15.931891441345215,16.04401969909668,ok
LA_D_1881643,19.867881774902344,19.927427291870117,ok
LA_D_1881724,-14.50670337677002,-14.541352272033691,ok
LA_D_1882065,-11.543232917785645,-11.544313430786133,ok
LA_D_1882691,11.977725982666016,11.979281425476074,ok
LA_D_1884569,8.678386688232422,8.677947044372559,ok
LA_D_1884725,10.82170295715332,10.837298393249512,ok
LA_D_1885115,-12.31473159790039,-12.330615997314453,ok
LA_D_1885226,13.317831993103027,13.364978790283203,ok
LA_D_1886178,17.766571044921875,17.784273147583008,ok
LA_D_1886400,14.620549201965332,14.685843467712402,ok
LA_D_1889595,10.684823036193848,10.704216957092285,ok
LA_D_1889615,13.804163932800293,13.845703125,ok
LA_D_1889727,16.219594955444336,16.248950958251953,ok
LA_D_1890878,17.2974796295166,17.390336990356445,ok
LA_D_1891787,13.311563491821289,13.317925453186035,ok
LA_D_1892568,4.479156970977783,4.488832950592041,ok
LA_D_1893758,16.484663009643555,16.542043685913086,ok
LA_D_1893786,16.889631271362305,16.928071975708008,ok
LA_D_1894103,9.268660545349121,9.282071113586426,ok
LA_D_1895153,9.850994110107422,9.857739448547363,ok
LA_D_1895274,-14.39684009552002,-14.48013687133789,ok
LA_D_1896433,17.253833770751953,17.303647994995117,ok
LA_D_1897056,9.990697860717773,10.042830467224121,ok
LA_D_1897148,4.690774917602539,4.686019420623779,ok
LA_D_1897326,10.818652153015137,10.83267879486084,ok
LA_D_1897752,14.184406280517578,14.22144603729248,ok
LA_D_1898207,-14.488100051879883,-14.502580642700195,ok
LA_D_1898947,12.545374870300293,12.598113059997559,ok
LA_D_1899250,15.73356819152832,15.769834518432617,ok
LA_D_1899277,11.450690269470215,11.46052074432373,ok
LA_D_1900218,14.116782188415527,14.138884544372559,ok
LA_D_1901077,12.091943740844727,12.091788291931152,ok
LA_D_1903761,14.850000381469727,14.877673149108887,ok
LA_D_1904462,12.832422256469727,12.877349853515625,ok
LA_D_1904999,14.103200912475586,14.126734733581543,ok
LA_D_1905761,18.846181869506836,18.894418716430664,ok
LA_D_1906480,14.673476219177246,14.684907913208008,ok
LA_D_1907062,15.320494651794434,15.34341049194336,ok
LA_D_1907731,17.649003982543945,17.719511032104492,ok
LA_D_1907831,14.53575325012207,14.658502578735352,ok
LA_D_1909708,12.733017921447754,12.743741035461426,ok
LA_D_1909993,13.054679870605469,13.123339653015137,ok
LA_D_1911374,15.59636116027832,15.759749412536621,ok
LA_D_1911980,15.947769165039062,16.016584396362305,ok
LA_D_1915163,16.12369728088379,16.16318702697754,ok
LA_D_1915883,16.570615768432617,16.574949264526367,ok
LA_D_1915992,15.683399200439453,15.699668884277344,ok
LA_D_1916885,14.468674659729004,14.494647979736328,ok
LA_D_1917155,11.809247016906738,11.809883117675781,ok
LA_D_1917753,10.10521411895752,10.121047019958496,ok
LA_D_1918445,-12.198328018188477,-12.3412446975708,ok
LA_D_1918819,12.101889610290527,12.10204792022705,ok
LA_D_1918968,16.081499099731445,16.09770965576172,ok
LA_D_1919505,14.672221183776855,14.686857223510742,ok
LA_D_1920639,12.698394775390625,12.717425346374512,ok
LA_D_1921825,16.22262954711914,16.250558853149414,ok
LA_D_1921890,17.715864181518555,17.7376708984375,ok
LA_D_1921938,14.597744941711426,14.606656074523926,ok
LA_D_1922621,12.919699668884277,12.935396194458008,ok
LA_D_1922892,17.851516723632812,17.94352149963379,ok
LA_D_1924724,16.79973030090332,16.81529998779297,ok
LA_D_1924915,11.735818862915039,11.745200157165527,ok
LA_D_1925258,15.649872779846191,15.652236938476562,ok
LA_D_1925587,13.195581436157227,13.195638656616211,ok
LA_D_1927087,13.285012245178223,13.331411361694336,ok
LA_D_1928274,11.230937957763672,11.301852226257324,ok
LA_D_1929031,19.390853881835938,19.451736450195312,ok
LA_D_1930073,16.10561752319336,16.130640029907227,ok
LA_D_1930138,-9.256331443786621,-9.518111228942871,ok
LA_D_1930356,16.66447639465332,16.767122268676758,ok
LA_D_1930859,11.967172622680664,11.998021125793457,ok
LA_D_1932009,16.30930519104004,16.313064575195312,ok
LA_D_1932089,23.560516357421875,23.581663131713867,ok
LA_D_1933165,16.486099243164062,16.62728500366211,ok
LA_D_1934985,15.437586784362793,15.45190143585205,ok
LA_D_1935532,13.154467582702637,13.177203178405762,ok
LA_D_1935726,11.845584869384766,11.861132621765137,ok
LA_D_1936614,14.406229019165039,14.414597511291504,ok
LA_D_1939610,18.64379119873047,18.697956085205078,ok
LA_D_1940050,15.647358894348145,15.6716947555542,ok
LA_D_1941143,4.5355634689331055,4.572505950927734,ok
LA_D_1941384,17.341333389282227,17.35542869567871,ok
LA_D_1943080,15.601200103759766,15.650607109069824,ok
LA_D_1943271,10.579731941223145,10.587320327758789,ok
LA_D_1943277,11.663196563720703,11.735306739807129,ok
LA_D_1943421,25.676795959472656,25.818897247314453,ok
LA_D_1944808,20.453859329223633,20.476205825805664,ok
LA_D_1945994,17.189624786376953,17.246469497680664,ok
LA_D_1946747,12.111701965332031,12.118597984313965,ok
LA_D_1948572,18.204504013061523,18.242002487182617,ok
LA_D_1948580,6.993755340576172,6.998198986053467,ok
LA_D_1949008,12.127138137817383,12.135741233825684,ok
LA_D_1952217,14.078088760375977,14.083856582641602,ok
LA_D_1952275,12.773945808410645,12.777297973632812,ok
LA_D_1953575,11.067286491394043,11.077275276184082,ok
LA_D_1953786,14.344744682312012,14.361784934997559,ok
LA_D_1953828,13.21204948425293,13.26423168182373,ok
LA_D_1953933,11.486210823059082,11.514578819274902,ok
LA_D_1954043,22.62767791748047,22.670045852661133,ok
LA_D_1954275,11.204550743103027,11.253250122070312,ok
LA_D_1954410,-14.028707504272461,-14.052041053771973,ok
LA_D_1955179,12.866127014160156,12.875733375549316,ok
LA_D_1955572,13.872163772583008,13.96618366241455,ok
LA_D_1957667,15.776152610778809,15.793845176696777,ok
LA_D_1958672,14.302750587463379,14.38158130645752,ok
LA_D_1959435,11.418570518493652,11.42056655883789,ok
LA_D_1959983,11.021227836608887,11.030537605285645,ok
LA_D_1962163,13.434616088867188,13.463761329650879,ok
LA_D_1962374,19.677352905273438,19.748226165771484,ok
LA_D_1962948,12.138014793395996,12.14500904083252,ok
LA_D_1964458,14.5662260055542,14.577485084533691,ok
LA_D_1964638,-9.285089492797852,-9.32880687713623,ok
LA_D_1965512,10.655627250671387,10.663192749023438,ok
LA_D_1966095,19.504024505615234,19.534940719604492,ok
LA_D_1966347,16.23280143737793,16.238985061645508,ok
LA_D_1966690,13.39676570892334,13.422322273254395,ok
LA_D_1966794,14.689788818359375,14.712214469909668,ok
LA_D_1968546,16.99468994140625,17.106334686279297,ok
LA_D_1968679,18.631086349487305,18.632465362548828,ok
LA_D_1969568,-14.664514541625977,-14.717373847961426,ok
LA_D_1969657,16.64511489868164,16.645286560058594,ok
LA_D_1971465,14.300152778625488,14.300501823425293,ok
LA_D_1971987,8.777114868164062,8.797240257263184,ok
LA_D_1972495,10.720345497131348,10.770028114318848,ok
LA_D_1972557,15.614461898803711,15.6177396774292,ok
LA_D_1974894,19.255102157592773,19.34792709350586,ok
LA_D_1975267,15.633575439453125,15.720102310180664,ok
LA_D_1975386,11.97856616973877,12.045204162597656,ok
LA_D_1975814,13.798964500427246,13.836530685424805,ok
LA_D_1975824,16.12490463256836,16.144086837768555,ok
LA_D_1975835,14.007172584533691,14.030354499816895,ok
LA_D_1975844,12.203662872314453,12.218647003173828,ok
LA_D_1976284,15.153613090515137,15.270895004272461,ok
LA_D_1976624,11.637110710144043,11.639128684997559,ok
LA_D_1976814,12.211790084838867,12.217198371887207,ok
LA_D_1977942,13.920989990234375,13.922598838806152,ok
LA_D_1979046,12.087311744689941,12.08887767791748,ok
LA_D_1980534,-13.945534706115723,-13.97162914276123,ok
LA_D_1980562,17.66777992248535,17.703208923339844,ok
LA_D_1982159,-8.0332670211792,-8.052496910095215,ok
LA_D_1982638,10.06456184387207,10.079719543457031,ok
LA_D_1983415,-11.877169609069824,-11.880244255065918,ok
LA_D_1984025,18.35426139831543,18.40852165222168,ok
LA_D_1984425,16.664920806884766,16.7174015045166,ok
LA_D_1984995,-11.164109230041504,-11.186299324035645,ok
LA_D_1985162,14.597372055053711,14.723607063293457,ok
LA_D_1985217,13.863912582397461,13.881982803344727,ok
LA_D_1985278,12.040427207946777,12.050949096679688,ok
LA_D_1985982,11.74383544921875,11.748741149902344,ok
LA_D_1986382,13.43324089050293,13.450586318969727,ok
LA_D_1988141,11.715054512023926,11.725091934204102,ok
LA_D_1988690,8.25403118133545,8.254046440124512,ok
LA_D_1989443,12.260613441467285,12.291655540466309,ok
LA_D_1990270,9.221139907836914,9.223393440246582,ok
LA_D_1991616,12.227476119995117,12.231374740600586,ok
LA_D_1992569,11.067102432250977,11.069554328918457,ok
LA_D_1993921,14.15758228302002,14.286101341247559,ok
LA_D_1994320,11.174294471740723,11.18061351776123,ok
LA_D_1994966,14.98074722290039,14.992091178894043,ok
LA_D_1995660,18.837278366088867,18.848369598388672,ok
LA_D_1996500,14.479429244995117,14.699646949768066,ok
LA_D_1997529,-13.985103607177734,-13.986237525939941,ok
LA_D_1998989,15.486459732055664,15.494516372680664,ok
LA_D_1999219,13.187314987182617,13.190114974975586,ok
LA_D_1999238,13.598854064941406,13.617408752441406,ok
LA_D_1999944,10.58067512512207,10.584707260131836,ok
LA_D_2000093,12.628293991088867,12.683924674987793,ok
LA_D_2000640,15.279006958007812,15.288400650024414,ok
LA_D_2000885,15.991177558898926,16.069517135620117,ok
LA_D_2002365,-11.613194465637207,-11.62239933013916,ok
LA_D_2002433,11.125524520874023,11.125772476196289,ok
LA_D_2002669,15.039546012878418,15.09723949432373,ok
LA_D_2002767,12.72530460357666,12.727816581726074,ok
LA_D_2003609,11.3599214553833,11.388890266418457,ok
LA_D_2004905,9.90632438659668,9.96357250213623,ok
LA_D_2005065,23.151803970336914,23.40570831298828,ok
LA_D_2005388,13.49936294555664,13.525152206420898,ok
LA_D_2006600,14.263243675231934,14.274850845336914,ok
LA_D_2006815,9.751102447509766,9.760209083557129,ok
LA_D_2007184,10.699971199035645,10.699884414672852,ok
LA_D_2007901,12.249141693115234,12.283649444580078,ok
LA_D_2008956,17.825912475585938,17.846460342407227,ok
LA_D_2009306,15.269116401672363,15.292856216430664,ok
LA_D_2010593,13.640521049499512,13.665757179260254,ok
LA_D_2010812,10.576138496398926,10.57607364654541,ok
LA_D_2011219,12.086053848266602,12.152344703674316,ok
LA_D_2013632,10.54340648651123,10.569537162780762,ok
LA_D_2016158,15.604815483093262,15.664806365966797,ok
LA_D_2017057,15.057659149169922,15.068690299987793,ok
LA_D_2017083,13.953383445739746,13.99206829071045,ok
LA_D_2017160,12.19109058380127,12.200752258300781,ok
LA_D_2017198,19.078060150146484,19.11821174621582,ok
LA_D_2017678,15.704048156738281,15.716748237609863,ok
LA_D_2018219,18.54644775390625,18.57667350769043,ok
LA_D_2018291,12.51546859741211,12.545132637023926,ok
LA_D_2019341,13.493817329406738,13.549409866333008,ok
LA_D_2020279,20.282238006591797,20.4608211517334,ok
LA_D_2020535,17.199861526489258,17.22563362121582,ok
LA_D_2021379,18.380168914794922,18.388940811157227,ok
LA_D_2021657,14.323625564575195,14.356945991516113,ok
LA_D_2021939,11.596062660217285,11.599896430969238,ok
LA_D_2022501,12.769110679626465,12.811766624450684,ok
LA_D_2022777,19.246965408325195,19.249658584594727,ok
LA_D_2025064,19.806211471557617,19.807815551757812,ok
LA_D_2026077,13.45203685760498,13.467896461486816,ok
LA_D_2026367,6.421897888183594,6.419283390045166,ok
LA_D_2026758,9.728894233703613,9.757674217224121,ok
LA_D_2028337,9.89062786102295,9.953332901000977,ok
LA_D_2028395,12.20804500579834,12.230134963989258,ok
LA_D_2031125,20.32546615600586,20.395689010620117,ok
LA_D_2031889,15.238214492797852,15.281078338623047,ok
LA_D_2032120,14.445401191711426,14.454012870788574,ok
LA_D_2033572,21.227807998657227,21.30378532409668,ok
LA_D_2033794,15.623022079467773,15.626662254333496,ok
LA_D_2034813,10.460576057434082,10.46119213104248,ok
LA_D_2035158,-14.843138694763184,-14.861288070678711,ok
LA_D_2035624,12.436294555664062,12.443350791931152,ok
LA_D_2036773,11.272411346435547,11.272430419921875,ok
LA_D_2038901,14.810968399047852,14.818353652954102,ok
LA_D_2039768,14.685157775878906,14.697511672973633,ok
LA_D_2039939,16.165483474731445,16.199583053588867,ok
LA_D_2039988,10.896254539489746,10.903778076171875,ok
LA_D_2040882,15.852230072021484,15.880596160888672,ok
LA_D_2040913,11.970898628234863,11.970993995666504,ok
LA_D_2041511,1.9843634366989136,1.9635511636734009,ok
LA_D_2042101,12.27989673614502,12.301590919494629,ok
LA_D_2042102,10.74838638305664,10.76145076751709,ok
LA_D_2042650,9.95309829711914,9.961045265197754,ok
LA_D_2042770,12.0834321975708,12.098654747009277,ok
LA_D_2044088,-13.393731117248535,-13.431407928466797,ok
LA_D_2044181,7.642826557159424,7.66461706161499,ok
LA_D_2045409,13.392090797424316,13.43649959564209,ok
LA_D_2045790,12.734333992004395,12.742568016052246,ok
LA_D_2045953,15.078485488891602,15.085915565490723,ok
LA_D_2046470,14.12111759185791,14.167824745178223,ok
LA_D_2046924,25.860036849975586,25.993492126464844,ok
LA_D_2047498,15.796276092529297,15.884529113769531,ok
LA_D_2049288,14.222371101379395,14.251984596252441,ok
LA_D_2049455,17.842130661010742,17.883359909057617,ok
LA_D_2049968,13.663034439086914,13.776366233825684,ok
LA_D_2050794,16.400623321533203,16.44972801208496,ok
LA_D_2051517,15.79399585723877,15.80316162109375,ok
LA_D_2051572,13.808688163757324,13.81705379486084,ok
LA_D_2052113,14.68778133392334,14.700575828552246,ok
LA_D_2052144,14.461862564086914,14.464218139648438,ok
LA_D_2052753,14.80305290222168,14.815468788146973,ok
LA_D_2053527,-13.235095024108887,-13.29421329498291,ok
LA_D_2053681,11.516986846923828,11.51926326751709,ok
LA_D_2054506,15.151110649108887,15.153623580932617,ok
LA_D_2054654,-2.4644815921783447,-2.4804601669311523,ok
LA_D_2058787,13.99022102355957,14.027955055236816,ok
LA_D_2058872,13.556809425354004,13.565528869628906,ok
LA_D_2059102,14.196967124938965,14.205259323120117,ok
LA_D_2059452,13.408498764038086,13.476771354675293,ok
LA_D_2062744,-7.619569778442383,-7.657756328582764,ok
LA_D_2062974,16.492815017700195,16.49876594543457,ok
LA_D_2063490,15.41471004486084,15.423720359802246,ok
LA_D_2063669,-11.988099098205566,-12.039313316345215,ok
LA_D_2064600,12.442639350891113,12.458817481994629,ok
LA_D_2064757,10.79150104522705,10.804699897766113,ok
LA_D_2065272,19.420705795288086,19.52452278137207,ok
LA_D_2065981,18.60764503479004,18.67293357849121,ok
LA_D_2067864,14.941518783569336,14.950003623962402,ok
LA_D_2069465,5.06915283203125,5.073670864105225,ok
LA_D_2069946,13.065133094787598,13.072699546813965,ok
LA_D_2070148,10.417201042175293,10.416963577270508,ok
LA_D_2071557,14.995651245117188,15.033585548400879,ok
LA_D_2073559,9.215306282043457,9.236212730407715,ok
LA_D_2074154,13.556912422180176,13.580343246459961,ok
LA_D_2074516,6.493738174438477,6.49232816696167,ok
LA_D_2074827,16.523784637451172,16.613479614257812,ok
LA_D_2077190,11.544657707214355,11.550311088562012,ok
LA_D_2077413,11.088079452514648,11.101988792419434,ok
LA_D_2078394,18.19693946838379,18.214418411254883,ok
LA_D_2079731,12.252033233642578,12.278695106506348,ok
LA_D_2079819,14.935779571533203,14.94566535949707,ok
LA_D_2080320,14.556840896606445,14.70113754272461,ok
LA_D_2081014,10.448381423950195,10.46033763885498,ok
LA_D_2081259,15.082771301269531,15.081584930419922,ok
LA_D_2081459,12.226094245910645,12.29001522064209,ok
LA_D_2082270,18.59795379638672,18.613529205322266,ok
LA_D_2082295,-13.5977201461792,-13.678292274475098,ok
LA_D_2083098,11.758574485778809,11.768218040466309,ok
LA_D_2084084,13.528617858886719,13.530512809753418,ok
LA_D_2085012,15.287816047668457,15.291662216186523,ok
LA_D_2085166,11.839469909667969,11.855957984924316,ok
LA_D_2085656,16.197813034057617,16.254478454589844,ok
LA_D_2086920,8.31160831451416,8.311774253845215,ok
LA_D_2087494,12.187801361083984,12.193358421325684,ok
LA_D_2087690,11.141136169433594,11.148359298706055,ok
LA_D_2088943,13.864155769348145,13.87341022491455,ok
LA_D_2092684,14.736193656921387,14.802035331726074,ok
LA_D_2093247,10.674504280090332,10.67456340789795,ok
LA_D_2094262,10.146076202392578,10.291743278503418,ok
LA_D_2095392,-12.548605918884277,-12.576165199279785,ok
LA_D_2096892,-12.150918006896973,-12.170331001281738,ok
LA_D_2097045,13.838415145874023,13.874506950378418,ok
LA_D_2097283,12.689608573913574,12.699212074279785,ok
LA_D_2097438,10.663121223449707,10.68458366394043,ok
LA_D_2097600,12.281182289123535,12.31091022491455,ok
LA_D_2100372,15.724689483642578,15.759808540344238,ok
LA_D_2101345,13.745646476745605,13.815686225891113,ok
LA_D_2101566,10.908866882324219,10.952977180480957,ok
LA_D_2103093,14.11163330078125,14.13868236541748,ok
LA_D_2103518,18.181434631347656,18.246170043945312,ok
LA_D_2103653,17.526689529418945,17.53705596923828,ok
LA_D_2103892,13.905970573425293,14.031929016113281,ok
LA_D_2104324,11.610682487487793,11.634719848632812,ok
LA_D_2104365,13.408682823181152,13.41310977935791,ok
LA_D_2104529,14.615293502807617,14.633004188537598,ok
LA_D_2105580,-13.522581100463867,-13.52391242980957,ok
LA_D_2106652,11.27005672454834,11.28425121307373,ok
LA_D_2106919,16.639034271240234,16.640893936157227,ok
LA_D_2107075,11.495600700378418,11.49851131439209,ok
LA_D_2107954,14.02247428894043,14.028826713562012,ok
LA_D_2108357,17.24579620361328,17.26468849182129,ok
LA_D_2109062,-10.795647621154785,-10.992122650146484,ok
LA_D_2110432,11.564638137817383,11.572481155395508,ok
LA_D_2111041,14.341071128845215,14.395060539245605,ok
LA_D_2111647,13.315816879272461,13.356971740722656,ok
LA_D_2111682,7.898280620574951,8.010146141052246,ok
LA_D_2111881,10.120231628417969,10.121810913085938,ok
LA_D_2112026,18.718111038208008,18.73343276977539,ok
LA_D_2113515,16.24205207824707,16.244091033935547,ok
LA_D_2113565,16.692026138305664,16.6923770904541,ok
LA_D_2113716,4.145776271820068,4.149781703948975,ok
LA_D_2115009,8.981504440307617,8.989802360534668,ok
LA_D_2115072,14.418611526489258,14.434930801391602,ok
LA_D_2117591,12.676319122314453,12.82625675201416,ok
LA_D_2117812,18.0424861907959,18.104015350341797,ok
LA_D_2118489,13.141593933105469,13.181055068969727,ok
LA_D_2118778,14.49071216583252,14.549430847167969,ok
LA_D_2118848,11.59209156036377,11.635947227478027,ok
LA_D_2120805,13.765179634094238,13.767291069030762,ok
LA_D_2121556,16.29567527770996,16.33097267150879,ok
LA_D_2123475,16.073190689086914,16.0987491607666,ok
LA_D_2123885,13.29688549041748,13.317248344421387,ok
LA_D_2124188,15.77961254119873,15.866448402404785,ok
LA_D_2124468,13.429021835327148,13.478466033935547,ok
LA_D_2125183,10.806854248046875,10.806914329528809,ok
LA_D_2126341,11.212838172912598,11.232858657836914,ok
LA_D_2126762,9.95836067199707,9.97290325164795,ok
LA_D_2127486,13.866046905517578,13.880293846130371,ok
LA_D_2128440,14.582337379455566,14.605464935302734,ok
LA_D_2128519,18.005884170532227,18.03092384338379,ok
LA_D_2128991,17.269996643066406,17.317956924438477,ok
LA_D_2129319,11.784066200256348,11.786182403564453,ok
LA_D_2129411,14.066912651062012,14.09721851348877,ok
LA_D_2130196,15.178083419799805,15.192008018493652,ok
LA_D_2130605,-14.437431335449219,-14.4622220993042,ok
LA_D_2131399,14.049178123474121,14.050317764282227,ok
LA_D_2133031,9.210485458374023,9.229823112487793,ok
LA_D_2135966,2.9123055934906006,2.914997100830078,ok
LA_D_2135991,23.627321243286133,23.682435989379883,ok
LA_D_2136240,22.14348793029785,22.28499412536621,ok
LA_D_2136816,13.562823295593262,13.569329261779785,ok
LA_D_2136896,9.158058166503906,9.197548866271973,ok
LA_D_2137133,11.592543601989746,11.591221809387207,ok
LA_D_2138850,18.50811004638672,18.545774459838867,ok
LA_D_2140164,16.046411514282227,16.13761329650879,ok
LA_D_2140323,-13.80587100982666,-13.817293167114258,ok
LA_D_2140441,20.088584899902344,20.096506118774414,ok
LA_D_2140627,15.29698371887207,15.330817222595215,ok
LA_D_2140638,13.854303359985352,13.882798194885254,ok
LA_D_2141097,14.333785057067871,14.360821723937988,ok
LA_D_2142744,18.655494689941406,18.66357421875,ok
LA_D_2143384,-11.501503944396973,-11.505187034606934,ok
LA_D_2143588,12.264643669128418,12.311919212341309,ok
LA_D_2143625,19.890832901000977,19.89537811279297,ok
LA_D_2143803,16.526906967163086,16.529687881469727,ok
LA_D_2144689,15.810749053955078,15.84097957611084,ok
LA_D_2145419,15.319662094116211,15.333831787109375,ok
LA_D_2146476,14.080044746398926,14.080906867980957,ok
LA_D_2147894,18.414615631103516,18.42082405090332,ok
LA_D_2151951,11.54495620727539,11.559835433959961,ok
LA_D_2152100,13.055097579956055,13.072285652160645,ok
LA_D_2153291,11.40063762664795,11.415127754211426,ok
LA_D_2153758,15.051276206970215,15.060173988342285,ok
LA_D_2156580,13.154170989990234,13.163960456848145,ok
LA_D_2156985,-14.97304630279541,-14.977701187133789,ok
LA_D_2157831,13.140493392944336,13.200222969055176,ok
LA_D_2158229,15.359840393066406,15.394696235656738,ok
LA_D_2159690,9.013514518737793,9.04675579071045,ok
LA_D_2159915,18.43096923828125,18.534940719604492,ok
LA_D_2160169,13.225451469421387,13.26534366607666,ok
LA_D_2161419,18.870197296142578,18.8789005279541,ok
LA_D_2161752,11.719191551208496,11.759333610534668,ok
LA_D_2161760,12.198882102966309,12.200590133666992,ok
LA_D_2161873,18.197322845458984,18.25050926208496,ok
LA_D_2162549,16.468164443969727,16.51624298095703,ok
LA_D_2165495,13.014756202697754,13.030417442321777,ok
LA_D_2165611,18.167621612548828,18.200464248657227,ok
LA_D_2166570,10.555416107177734,10.57106876373291,ok
LA_D_2166742,10.957605361938477,10.962220191955566,ok
LA_D_2166764,11.707271575927734,11.711915969848633,ok
LA_D_2171727,12.161437034606934,12.295681953430176,ok
LA_D_2173227,9.297558784484863,9.302153587341309,ok
LA_D_2173475,14.288949012756348,14.338067054748535,ok
LA_D_2173667,11.693194389343262,11.72721004486084,ok
LA_D_2174187,12.486801147460938,12.565756797790527,ok
LA_D_2175694,8.023879051208496,8.061577796936035,ok
LA_D_2176634,15.316680908203125,15.35827922821045,ok
LA_D_2177055,15.562305450439453,15.67194938659668,ok
LA_D_2177921,13.371138572692871,13.401503562927246,ok
LA_D_2178723,-7.209306716918945,-7.223867893218994,ok
LA_D_2178889,16.0438175201416,16.042715072631836,ok
LA_D_2179611,10.29464054107666,10.311639785766602,ok
LA_D_2180694,14.25553035736084,14.27049446105957,ok
LA_D_2182436,11.979904174804688,11.986769676208496,ok
LA_D_2183037,14.037246704101562,14.040202140808105,ok
LA_D_2184401,14.982812881469727,14.9941987991333,ok
LA_D_2184798,16.279855728149414,16.30057144165039,ok
LA_D_2185134,15.223969459533691,15.241565704345703,ok
LA_D_2185899,17.218915939331055,17.34128761291504,ok
LA_D_2187760,17.396806716918945,17.681489944458008,ok
LA_D_2187904,15.04261589050293,15.045835494995117,ok
LA_D_2188246,-14.872329711914062,-14.892805099487305,ok
LA_D_2188344,15.108003616333008,15.152852058410645,ok
LA_D_2188353,11.667057037353516,11.666234970092773,ok
LA_D_2189504,18.291339874267578,18.2948055267334,ok
LA_D_2189641,16.1998291015625,16.260854721069336,ok
LA_D_2193624,18.483413696289062,18.540977478027344,ok
LA_D_2193916,13.043891906738281,13.062325477600098,ok
LA_D_2195201,14.684947967529297,14.702648162841797,ok
LA_D_2195251,15.9530611038208,15.97802448272705,ok
LA_D_2195595,16.829666137695312,16.84647560119629,ok
LA_D_2195628,14.5978364944458,14.65110969543457,ok
LA_D_2195736,8.837663650512695,8.846256256103516,ok
LA_D_2195770,10.65632152557373,10.661669731140137,ok
LA_D_2196548,15.242176055908203,15.34831714630127,ok
LA_D_2196978,13.634587287902832,13.635819435119629,ok
LA_D_2197132,9.660666465759277,9.69564437866211,ok
LA_D_2197541,12.954131126403809,13.268576622009277,ok
LA_D_2197811,16.341943740844727,16.409860610961914,ok
LA_D_2197985,15.990110397338867,16.10152244567871,ok
LA_D_2199278,2.145045757293701,2.175957441329956,ok
LA_D_2200669,11.697349548339844,11.703424453735352,ok
LA_D_2201205,12.934684753417969,12.990456581115723,ok
LA_D_2202228,14.471063613891602,14.471619606018066,ok
LA_D_2204353,15.554814338684082,15.690186500549316,ok
LA_D_2205300,16.923250198364258,16.941001892089844,ok
LA_D_2207720,7.566369533538818,7.567216396331787,ok
LA_D_2210828,17.471580505371094,17.609262466430664,ok
LA_D_2211657,12.12813663482666,12.138506889343262,ok
LA_D_2212414,-11.247796058654785,-11.2549409866333,ok
LA_D_2212427,17.087486267089844,17.10492515563965,ok
LA_D_2214692,11.771090507507324,11.772712707519531,ok
LA_D_2215298,13.21667766571045,13.226799964904785,ok
LA_D_2216664,12.41954231262207,12.446685791015625,ok
LA_D_2217221,11.924906730651855,11.932843208312988,ok
LA_D_2218447,15.195333480834961,15.21900463104248,ok
LA_D_2219009,17.4741268157959,17.56568717956543,ok
LA_D_2222489,8.983853340148926,9.060497283935547,ok
LA_D_2222567,15.06857681274414,15.075846672058105,ok
LA_D_2223300,16.326168060302734,16.45433235168457,ok
LA_D_2223782,9.518181800842285,9.520215034484863,ok
LA_D_2224110,21.346345901489258,21.47028923034668,ok
LA_D_2225547,12.116174697875977,12.151776313781738,ok
LA_D_2225574,23.169363021850586,23.219560623168945,ok
LA_D_2226134,13.89289665222168,13.967142105102539,ok
LA_D_2226291,7.258570194244385,7.289012908935547,ok
LA_D_2226509,11.900358200073242,11.9484224319458,ok
LA_D_2227239,2.258134365081787,2.25646710395813,ok
LA_D_2227552,12.863471984863281,12.863476753234863,ok
LA_D_2227757,11.643147468566895,11.663968086242676,ok
LA_D_2228121,8.06971263885498,8.071050643920898,ok
LA_D_2228504,10.768699645996094,10.769901275634766,ok
LA_D_2228641,13.229646682739258,13.234461784362793,ok
LA_D_2228764,16.302791595458984,16.338584899902344,ok
LA_D_2230192,-14.41662883758545,-14.431286811828613,ok
LA_D_2230362,15.78429889678955,15.793389320373535,ok
LA_D_2231364,8.40821647644043,8.399012565612793,ok
LA_D_2231411,15.015732765197754,15.037812232971191,ok
LA_D_2233973,14.841060638427734,14.850813865661621,ok
LA_D_2234125,15.902894973754883,15.927070617675781,ok
LA_D_2235229,11.97268295288086,11.972729682922363,ok
LA_D_2236885,14.746950149536133,14.758913040161133,ok
LA_D_2237572,10.639800071716309,10.656508445739746,ok
LA_D_2238363,12.999916076660156,13.23943042755127,ok
LA_D_2239594,12.167664527893066,12.2299222946167,ok
LA_D_2240504,18.326335906982422,18.414409637451172,ok
LA_D_2242800,11.705290794372559,11.738204002380371,ok
LA_D_2243154,13.732123374938965,13.733819007873535,ok
LA_D_2243169,13.595817565917969,13.598349571228027,ok
LA_D_2244005,17.014671325683594,17.033109664916992,ok
LA_D_2245059,8.380316734313965,8.497015953063965,ok
LA_D_2245814,13.868610382080078,13.889427185058594,ok
LA_D_2246688,16.336660385131836,16.368099212646484,ok
LA_D_2247282,10.61939811706543,10.624093055725098,ok
LA_D_2247309,12.882306098937988,12.908408164978027,ok
LA_D_2249074,13.337364196777344,13.382706642150879,ok
LA_D_2250398,11.491079330444336,11.49390697479248,ok
LA_D_2251423,11.855113983154297,11.86365795135498,ok
LA_D_2254293,17.85210609436035,17.908512115478516,ok
LA_D_2254543,9.904330253601074,9.91268253326416,ok
LA_D_2254857,13.597090721130371,13.620051383972168,ok
LA_D_2255247,-13.811188697814941,-13.81145191192627,ok
LA_D_2255957,17.073881149291992,17.22712516784668,ok
LA_D_2256022,13.142084121704102,13.158266067504883,ok
LA_D_2258459,15.082484245300293,15.192294120788574,ok
LA_D_2258741,13.484435081481934,13.540942192077637,ok
LA_D_2259016,12.828001022338867,12.870198249816895,ok
LA_D_2259292,13.419220924377441,13.451029777526855,ok
LA_D_2259476,5.324336528778076,5.326986789703369,ok
LA_D_2259759,14.65765380859375,14.754380226135254,ok
LA_D_2260376,15.855814933776855,15.871859550476074,ok
LA_D_2263211,14.4856538772583,14.522160530090332,ok
LA_D_2264682,-13.72303295135498,-13.7254638671875,ok
LA_D_2265031,14.678894996643066,14.663379669189453,ok
LA_D_2265315,-15.625737190246582,-15.679431915283203,ok
LA_D_2265384,15.83615779876709,15.934074401855469,ok
LA_D_2265492,15.659083366394043,15.669733047485352,ok
LA_D_2265780,9.616745948791504,9.695082664489746,ok
LA_D_2267325,15.29941463470459,15.305357933044434,ok
LA_D_2270025,13.698774337768555,13.7633638381958,ok
LA_D_2270073,14.372973442077637,14.45649242401123,ok
LA_D_2274606,17.724836349487305,17.744709014892578,ok
LA_D_2274956,16.82659339904785,16.89809226989746,ok
LA_D_2275470,11.530974388122559,11.533132553100586,ok
LA_D_2275662,11.36131477355957,11.36535358428955,ok
LA_D_2276836,15.587138175964355,15.591846466064453,ok
LA_D_2276956,8.959277153015137,8.9600191116333,ok
LA_D_2278186,11.881299018859863,11.91611099243164,ok
LA_D_2278407,12.63339900970459,12.641810417175293,ok
LA_D_2279448,11.427918434143066,11.518198013305664,ok
LA_D_2279462,18.887432098388672,18.951234817504883,ok
LA_D_2280242,16.699792861938477,16.78227424621582,ok
LA_D_2280644,17.33498191833496,17.530115127563477,ok
LA_D_2281493,12.818978309631348,12.884997367858887,ok
LA_D_2282941,17.296485900878906,17.46396255493164,ok
LA_D_2284017,11.439194679260254,11.439079284667969,ok
LA_D_2284232,13.974848747253418,14.025175094604492,ok
LA_D_2287068,15.087985038757324,15.089461326599121,ok
LA_D_2287585,-13.286731719970703,-13.320649147033691,ok
LA_D_2288300,12.18182373046875,12.241507530212402,ok
LA_D_2289303,-10.778929710388184,-10.916152000427246,ok
LA_D_2289504,15.568589210510254,15.594549179077148,ok
LA_D_2289906,12.68031120300293,12.69996166229248,ok
LA_D_2289949,12.586280822753906,12.602330207824707,ok
LA_D_2290106,7.555318832397461,7.556455135345459,ok
LA_D_2290223,12.000665664672852,12.006503105163574,ok
LA_D_2290771,10.395076751708984,10.474893569946289,ok
LA_D_2291890,12.731627464294434,12.80943489074707,ok
LA_D_2292066,16.61781120300293,16.630874633789062,ok
LA_D_2293379,17.632186889648438,17.632192611694336,ok
LA_D_2293597,11.42469596862793,11.424715995788574,ok
LA_D_2293647,16.200010299682617,16.23598289489746,ok
LA_D_2294546,16.94441795349121,17.05220603942871,ok
LA_D_2295230,14.518320083618164,14.567461967468262,ok
LA_D_2295451,9.356703758239746,9.37779712677002,ok
LA_D_2296372,11.19793701171875,11.207262992858887,ok
LA_D_2298020,9.732684135437012,9.741965293884277,ok
LA_D_2298155,16.363550186157227,16.38361930847168,ok
LA_D_2298248,14.114781379699707,14.13425350189209,ok
LA_D_2299839,10.815518379211426,10.81952953338623,ok
LA_D_2300503,15.519098281860352,15.533072471618652,ok
LA_D_2300597,16.598255157470703,16.676790237426758,ok
LA_D_2301497,14.19013786315918,14.207100868225098,ok
LA_D_2303609,-13.838739395141602,-13.868866920471191,ok
LA_D_2304250,15.975811004638672,15.992688179016113,ok
LA_D_2305845,11.500792503356934,11.514864921569824,ok
LA_D_2306690,12.905448913574219,13.025592803955078,ok
LA_D_2306860,14.881694793701172,14.927254676818848,ok
LA_D_2307932,14.048027038574219,14.058793067932129,ok
LA_D_2308716,15.413996696472168,15.421333312988281,ok
LA_D_2309565,14.717040061950684,14.715855598449707,ok
LA_D_2309660,9.624281883239746,9.641921997070312,ok
LA_D_2311080,17.280820846557617,17.326366424560547,ok
LA_D_2311237,-14.723675727844238,-14.769022941589355,ok
LA_D_2314822,11.110092163085938,11.122567176818848,ok
LA_D_2318160,15.003403663635254,15.036890983581543,ok
LA_D_2319450,10.861034393310547,10.874058723449707,ok
LA_D_2319804,12.099974632263184,12.135211944580078,ok
LA_D_2319940,17.613557815551758,17.652481079101562,ok
LA_D_2321124,14.603063583374023,14.613456726074219,ok
LA_D_2322081,-14.934823989868164,-14.938185691833496,ok
LA_D_2322141,14.10256290435791,14.121855735778809,ok
LA_D_2322982,12.638431549072266,12.666952133178711,ok
LA_D_2323900,13.780571937561035,13.797505378723145,ok
LA_D_2324235,-12.62164306640625,-12.654773712158203,ok
LA_D_2325645,12.4254789352417,12.492142677307129,ok
LA_D_2327416,16.252981185913086,16.27902603149414,ok
LA_D_2327560,15.529572486877441,15.542573928833008,ok
LA_D_2328159,19.34919548034668,19.449066162109375,ok
LA_D_2329756,12.847579002380371,12.896879196166992,ok
LA_D_2330702,16.28293800354004,16.31196403503418,ok
LA_D_2332467,11.475170135498047,11.479260444641113,ok
LA_D_2332596,15.346795082092285,15.365437507629395,ok
LA_D_2334588,-13.40533447265625,-13.462980270385742,ok
LA_D_2335219,14.4390230178833,14.451224327087402,ok
LA_D_2335395,9.823055267333984,9.951973915100098,ok
LA_D_2335490,16.749422073364258,16.89585304260254,ok
LA_D_2335769,15.548196792602539,15.570761680603027,ok
LA_D_2336005,18.50896644592285,18.536409378051758,ok
LA_D_2338525,-12.258856773376465,-12.266256332397461,ok
LA_D_2339812,13.741889953613281,13.832213401794434,ok
LA_D_2339825,-11.90464973449707,-11.934431076049805,ok
LA_D_2340415,12.523924827575684,12.557333946228027,ok
LA_D_2340770,13.171175003051758,13.1687593460083,ok
LA_D_2341150,13.477086067199707,13.47690486907959,ok
LA_D_2341615,13.068442344665527,13.089909553527832,ok
LA_D_2341646,12.386716842651367,12.397333145141602,ok
LA_D_2342254,17.28763198852539,17.370527267456055,ok
LA_D_2342626,16.945838928222656,16.95288848876953,ok
LA_D_2343950,14.624072074890137,14.639107704162598,ok
LA_D_2344292,16.86640739440918,16.882516860961914,ok
LA_D_2344679,10.910400390625,10.942028045654297,ok
LA_D_2345337,18.186941146850586,18.22273063659668,ok
LA_D_2345402,8.951600074768066,8.95930290222168,ok
LA_D_2346599,17.333110809326172,17.357641220092773,ok
LA_D_2347486,13.98649787902832,13.99975872039795,ok
LA_D_2349125,12.520822525024414,12.546791076660156,ok
LA_D_2350008,15.31678581237793,15.328661918640137,ok
LA_D_2350123,15.454706192016602,15.486553192138672,ok
LA_D_2350572,13.14754867553711,13.182028770446777,ok
LA_D_2350784,14.789308547973633,14.822880744934082,ok
LA_D_2352643,11.412627220153809,11.427145957946777,ok
LA_D_2352862,12.152984619140625,12.167229652404785,ok
LA_D_2352948,14.450072288513184,14.469843864440918,ok
LA_D_2353795,13.598684310913086,13.599333763122559,ok
LA_D_2354611,14.76437759399414,14.771870613098145,ok
LA_D_2357327,13.750568389892578,13.762099266052246,ok
LA_D_2357497,18.503889083862305,18.6423397064209,ok
LA_D_2358779,15.196995735168457,15.256729125976562,ok
LA_D_2360026,15.16014575958252,15.176950454711914,ok
LA_D_2361529,10.929027557373047,10.929888725280762,ok
LA_D_2361610,13.711812973022461,13.794371604919434,ok
LA_D_2361735,14.310355186462402,14.419743537902832,ok
LA_D_2363490,14.828102111816406,14.910101890563965,ok
LA_D_2363543,12.879220008850098,12.88233470916748,ok
LA_D_2363836,-14.41097640991211,-14.453335762023926,ok
LA_D_2364299,16.67919921875,16.701236724853516,ok
LA_D_2364584,14.016167640686035,14.022978782653809,ok
LA_D_2364597,15.023768424987793,15.045001029968262,ok
LA_D_2365147,-12.716415405273438,-12.747594833374023,ok
LA_D_2365482,14.127729415893555,14.13886547088623,ok
LA_D_2365865,17.070064544677734,17.087377548217773,ok
LA_D_2366142,17.09031105041504,17.316556930541992,ok
LA_D_2367658,13.15481185913086,13.229826927185059,ok
LA_D_2367854,12.867998123168945,12.871638298034668,ok
LA_D_2367943,18.240854263305664,18.272092819213867,ok
LA_D_2368097,18.02203369140625,18.236284255981445,ok
LA_D_2369381,13.687750816345215,13.768982887268066,ok
LA_D_2369549,19.44775390625,19.457761764526367,ok
LA_D_2370383,-15.31613826751709,-15.342832565307617,ok
LA_D_2370652,9.199213981628418,9.199437141418457,ok
LA_D_2371320,17.74884033203125,17.78318214416504,ok
LA_D_2371366,13.956567764282227,13.969490051269531,ok
LA_D_2371531,13.519529342651367,13.635197639465332,ok
LA_D_2372787,18.26432228088379,18.373327255249023,ok
LA_D_2372835,14.450627326965332,14.516077995300293,ok
LA_D_2373826,17.896106719970703,18.030908584594727,ok
LA_D_2374054,12.843378067016602,12.872170448303223,ok
LA_D_2374547,16.01378631591797,16.091630935668945,ok
LA_D_2374590,12.274222373962402,12.275273323059082,ok
LA_D_2375001,16.42266845703125,16.472841262817383,ok
LA_D_2375008,-14.37179183959961,-14.378390312194824,ok
LA_D_2375973,8.707507133483887,8.732132911682129,ok
LA_D_2376428,16.34062957763672,16.36530876159668,ok
LA_D_2379249,14.974406242370605,15.028773307800293,ok
LA_D_2379549,11.35936450958252,11.382403373718262,ok
LA_D_2380064,-13.435709953308105,-13.589193344116211,ok
LA_D_2380135,12.037457466125488,12.038018226623535,ok
LA_D_2380365,10.02409839630127,10.14560604095459,ok
LA_D_2381000,12.087616920471191,12.195744514465332,ok
LA_D_2382522,-14.673426628112793,-14.674337387084961,ok
LA_D_2382681,14.632791519165039,14.633313179016113,ok
LA_D_2382959,12.861998558044434,12.924883842468262,ok
LA_D_2385054,14.446611404418945,14.469393730163574,ok
LA_D_2386184,18.229944229125977,18.28131103515625,ok
LA_D_2386577,18.72718620300293,18.742782592773438,ok
LA_D_2388211,11.214800834655762,11.224783897399902,ok
LA_D_2388321,13.415908813476562,13.539826393127441,ok
LA_D_2389765,14.257551193237305,14.277957916259766,ok
LA_D_2392484,13.009015083312988,13.052363395690918,ok
LA_D_2393554,14.455952644348145,14.482852935791016,ok
LA_D_2394024,15.950814247131348,15.956315040588379,ok
LA_D_2395590,12.120335578918457,12.147757530212402,ok
LA_D_2395644,14.240326881408691,14.264318466186523,ok
LA_D_2395699,17.64397621154785,17.753602981567383,ok
LA_D_2396760,11.104130744934082,11.127776145935059,ok
LA_D_2396773,10.744278907775879,10.747267723083496,ok
LA_D_2397533,8.548163414001465,8.561600685119629,ok
LA_D_2399485,14.262231826782227,14.30889892578125,ok
LA_D_2399961,15.912185668945312,15.931979179382324,ok
LA_D_2400343,13.876392364501953,13.95232105255127,ok
LA_D_2401656,12.4650297164917,12.465943336486816,ok
LA_D_2402189,7.453242301940918,7.5172014236450195,ok
LA_D_2403062,9.14078140258789,9.142650604248047,ok
LA_D_2403365,8.361432075500488,8.369159698486328,ok
LA_D_2403858,14.406797409057617,14.423430442810059,ok
LA_D_2404279,10.828505516052246,10.829156875610352,ok
LA_D_2404405,-14.12369441986084,-14.128458023071289,ok
LA_D_2405181,16.046968460083008,16.046863555908203,ok
LA_D_2405339,16.321956634521484,16.413999557495117,ok
LA_D_2405558,13.632844924926758,13.877279281616211,ok
LA_D_2406469,18.00946807861328,18.078588485717773,ok
LA_D_2406653,10.861063003540039,10.873735427856445,ok
LA_D_2406981,6.716683387756348,6.861917018890381,ok
LA_D_2408504,14.111244201660156,14.117827415466309,ok
LA_D_2409304,15.034626960754395,15.060820579528809,ok
LA_D_2409344,16.331161499023438,16.5253849029541,ok
LA_D_2410043,5.39901065826416,5.405847549438477,ok
LA_D_2412061,16.429157257080078,16.488962173461914,ok
LA_D_2412410,7.411753177642822,7.422149181365967,ok
LA_D_2412446,11.98932933807373,12.002934455871582,ok
LA_D_2412575,8.903775215148926,8.956506729125977,ok
LA_D_2412960,-6.761202335357666,-6.801781177520752,ok
LA_D_2413214,15.674139976501465,15.697248458862305,ok
LA_D_2413811,13.30030345916748,13.330436706542969,ok
LA_D_2414625,15.195180892944336,15.206648826599121,ok
LA_D_2416790,13.279163360595703,13.317866325378418,ok
LA_D_2417193,-16.459247589111328,-16.51993751525879,ok
LA_D_2417651,14.458553314208984,14.674439430236816,ok
LA_D_2417938,14.284744262695312,14.331395149230957,ok
LA_D_2418862,14.490055084228516,14.51583480834961,ok
LA_D_2418943,13.449475288391113,13.483536720275879,ok
LA_D_2419036,17.486806869506836,17.527368545532227,ok
LA_D_2419210,17.81614112854004,17.83722496032715,ok
LA_D_2419825,17.376298904418945,17.536680221557617,ok
LA_D_2419904,18.582313537597656,18.808683395385742,ok
LA_D_2421665,12.034772872924805,12.071715354919434,ok
LA_D_2422297,13.060851097106934,13.09359073638916,ok
LA_D_2422770,15.732898712158203,15.743212699890137,ok
LA_D_2423406,17.722917556762695,17.735567092895508,ok
LA_D_2424417,13.21621322631836,13.215249061584473,ok
LA_D_2424487,12.679434776306152,12.679505348205566,ok
LA_D_2425412,14.557891845703125,14.56311321258545,ok
LA_D_2425446,18.92597770690918,18.96940803527832,ok
LA_D_2425743,14.660604476928711,14.707984924316406,ok
LA_D_2426166,11.12083911895752,11.148094177246094,ok
LA_D_2426319,19.182851791381836,19.195220947265625,ok
LA_D_2427111,11.764596939086914,11.774270057678223,ok
LA_D_2427116,8.448587417602539,8.471728324890137,ok
LA_D_2427170,19.743425369262695,19.7919979095459,ok
LA_D_2427445,18.218175888061523,18.471120834350586,ok
LA_D_2428124,14.52648639678955,14.592613220214844,ok
LA_D_2428239,13.182106971740723,13.194855690002441,ok
LA_D_2428433,17.600692749023438,17.631183624267578,ok
LA_D_2430078,9.01268196105957,9.03195858001709,ok
LA_D_2430243,15.301916122436523,15.332221031188965,ok
LA_D_2431857,15.236148834228516,15.308693885803223,ok
LA_D_2432615,14.252130508422852,14.263787269592285,ok
LA_D_2433056,12.697928428649902,12.708916664123535,ok
LA_D_2434538,18.865842819213867,18.86777687072754,ok
LA_D_2435960,8.798922538757324,8.789508819580078,ok
LA_D_2436364,-15.189650535583496,-15.203937530517578,ok
LA_D_2437354,10.696524620056152,10.747933387756348,ok
LA_D_2437399,16.821992874145508,16.910688400268555,ok
LA_D_2439299,17.744295120239258,17.78571891784668,ok
LA_D_2441093,12.829097747802734,12.839547157287598,ok
LA_D_2441155,11.850654602050781,11.980658531188965,ok
LA_D_2441943,-12.756324768066406,-12.803887367248535,ok
LA_D_2442523,15.368141174316406,15.425471305847168,ok
LA_D_2443752,16.241588592529297,16.24437141418457,ok
LA_D_2444360,14.42578411102295,14.47183609008789,ok
LA_D_2444810,12.741168975830078,12.809144973754883,ok
LA_D_2445037,14.17963695526123,14.179976463317871,ok
LA_D_2445554,-14.822908401489258,-14.838311195373535,ok
LA_D_2445772,14.059652328491211,14.059558868408203,ok
LA_D_2446049,12.914023399353027,12.93088436126709,ok
LA_D_2446369,17.42057228088379,17.48807144165039,ok
LA_D_2447524,16.544981002807617,16.592618942260742,ok
LA_D_2448121,14.81000804901123,14.843716621398926,ok
LA_D_2448162,9.87178897857666,9.872275352478027,ok
LA_D_2449761,8.737616539001465,8.788795471191406,ok
LA_D_2451673,14.679577827453613,14.765122413635254,ok
LA_D_2451686,17.827903747558594,17.833906173706055,ok
LA_D_2451802,19.193130493164062,19.195833206176758,ok
LA_D_2452544,-11.986122131347656,-12.117203712463379,ok
LA_D_2454370,19.231489181518555,19.29149055480957,ok
LA_D_2455516,19.0476131439209,19.13691520690918,ok
LA_D_2456990,17.654449462890625,17.654462814331055,ok
LA_D_2458766,15.351158142089844,15.391342163085938,ok
LA_D_2460010,15.859330177307129,15.976147651672363,ok
LA_D_2460108,14.263630867004395,14.287007331848145,ok
LA_D_2460221,16.522655487060547,16.539241790771484,ok
LA_D_2460870,16.90176010131836,16.961023330688477,ok
LA_D_2461413,12.402978897094727,12.416631698608398,ok
LA_D_2461506,13.23546314239502,13.25117015838623,ok
LA_D_2461601,12.779990196228027,12.8074951171875,ok
LA_D_2462449,15.040205955505371,15.037339210510254,ok
LA_D_2462521,-13.076448440551758,-13.092432975769043,ok
LA_D_2464441,12.138304710388184,12.177504539489746,ok
LA_D_2465807,15.817716598510742,15.824322700500488,ok
LA_D_2466781,-11.984940528869629,-12.003063201904297,ok
LA_D_2466917,10.549797058105469,10.558022499084473,ok
LA_D_2467416,15.429017066955566,15.432122230529785,ok
LA_D_2467700,16.393556594848633,16.4405460357666,ok
LA_D_2468278,7.958780288696289,7.977911472320557,ok
LA_D_2469934,18.54218864440918,18.681039810180664,ok
LA_D_2471375,13.322092056274414,13.310830116271973,ok
LA_D_2471995,17.84415626525879,17.894495010375977,ok
LA_D_2473428,10.260555267333984,10.279776573181152,ok
LA_D_2473723,15.844036102294922,15.866528511047363,ok
LA_D_2473777,12.149829864501953,12.165678977966309,ok
LA_D_2473895,18.121492385864258,18.155115127563477,ok
LA_D_2473905,16.8763484954834,16.892702102661133,ok
LA_D_2475221,11.673233032226562,11.675599098205566,ok
LA_D_2475830,13.199209213256836,13.269248008728027,ok
LA_D_2478413,14.914434432983398,14.934332847595215,ok
LA_D_2478969,16.056007385253906,16.064565658569336,ok
LA_D_2479312,14.699814796447754,14.702670097351074,ok
LA_D_2480484,23.42083168029785,23.46929359436035,ok
LA_D_2481318,12.839557647705078,12.850720405578613,ok
LA_D_2481485,15.665712356567383,15.716292381286621,ok
LA_D_2481560,13.627581596374512,13.629294395446777,ok
LA_D_2482572,15.368608474731445,15.404467582702637,ok
LA_D_2482996,14.056559562683105,14.120583534240723,ok
LA_D_2483131,17.262939453125,17.283796310424805,ok
LA_D_2484663,14.804749488830566,14.824389457702637,ok
LA_D_2485107,19.10053062438965,19.110307693481445,ok
LA_D_2485529,13.167553901672363,13.167458534240723,ok
LA_D_2485725,19.975666046142578,20.05624008178711,ok
LA_D_2488691,17.086729049682617,17.163408279418945,ok
LA_D_2488913,12.888049125671387,12.887343406677246,ok
LA_D_2488992,11.65455436706543,11.667569160461426,ok
LA_D_2489813,15.336721420288086,15.355011940002441,ok
LA_D_2490025,12.04608154296875,12.112942695617676,ok
LA_D_2490231,15.219405174255371,15.2728853225708,ok
LA_D_2490654,17.19520378112793,17.410078048706055,ok
LA_D_2490787,7.996499538421631,7.983946323394775,ok
LA_D_2491741,8.641661643981934,8.690825462341309,ok
LA_D_2492206,16.30169677734375,16.30510139465332,ok
LA_D_2492831,10.47123908996582,10.51941204071045,ok
LA_D_2493315,-3.735698938369751,-3.736487627029419,ok
LA_D_2494446,14.488027572631836,14.506501197814941,ok
LA_D_2494449,12.18139362335205,12.236807823181152,ok
LA_D_2494496,12.387094497680664,12.454903602600098,ok
LA_D_2494939,12.530776023864746,12.533605575561523,ok
LA_D_2496910,-9.797797203063965,-9.831913948059082,ok
LA_D_2497046,16.814184188842773,16.819311141967773,ok
LA_D_2498281,20.95450210571289,21.025644302368164,ok
LA_D_2498389,12.373151779174805,12.37772274017334,ok
LA_D_2498703,15.312569618225098,15.33300495147705,ok
LA_D_2499496,18.450105667114258,18.477827072143555,ok
LA_D_2499638,11.72847843170166,11.73528003692627,ok
LA_D_2499680,14.897567749023438,14.909138679504395,ok
LA_D_2499954,8.163630485534668,8.168601036071777,ok
LA_D_2499979,12.64273738861084,12.709071159362793,ok
LA_D_2500876,11.749794960021973,11.75198745727539,ok
LA_D_2501643,11.022682189941406,11.024714469909668,ok
LA_D_2502418,13.493426322937012,13.516695976257324,ok
LA_D_2502471,10.874114990234375,10.878714561462402,ok
LA_D_2502487,11.322216033935547,11.3901948928833,ok
LA_D_2503313,16.557411193847656,16.56740951538086,ok
LA_D_2504438,14.370357513427734,14.428603172302246,ok
LA_D_2504571,18.081714630126953,18.200529098510742,ok
LA_D_2507417,11.941800117492676,12.015135765075684,ok
LA_D_2507973,14.949389457702637,14.989300727844238,ok
LA_D_2508069,16.40149688720703,16.46049690246582,ok
LA_D_2508484,11.263797760009766,11.269736289978027,ok
LA_D_2508763,10.326173782348633,10.350753784179688,ok
LA_D_2509891,12.59752368927002,12.654964447021484,ok
LA_D_2510886,13.117127418518066,13.130908966064453,ok
LA_D_2511151,10.238228797912598,10.245633125305176,ok
LA_D_2513024,10.862393379211426,10.967970848083496,ok
LA_D_2514874,6.277006149291992,6.291926860809326,ok
LA_D_2515908,12.968246459960938,13.030671119689941,ok
LA_D_2516382,13.396726608276367,13.429194450378418,ok
LA_D_2517022,-14.136428833007812,-14.462489128112793,ok
LA_D_2517481,15.693380355834961,15.745011329650879,ok
LA_D_2518822,-12.943673133850098,-12.946008682250977,ok
LA_D_2518987,9.697253227233887,9.697630882263184,ok
LA_D_2519499,10.105979919433594,10.121052742004395,ok
LA_D_2519581,16.22963523864746,16.250961303710938,ok
LA_D_2519862,-13.834412574768066,-13.853495597839355,ok
LA_D_2522340,17.422992706298828,17.460298538208008,ok
LA_D_2523108,23.176870346069336,23.25701332092285,ok
LA_D_2525000,-14.899805068969727,-14.920048713684082,ok
LA_D_2525110,14.668885231018066,14.752854347229004,ok
LA_D_2525525,11.002425193786621,11.006122589111328,ok
LA_D_2525577,14.382834434509277,14.418700218200684,ok
LA_D_2526971,7.65728759765625,7.668874263763428,ok
LA_D_2527215,18.119869232177734,18.23267936706543,ok
LA_D_2527247,15.582240104675293,15.582743644714355,ok
LA_D_2528296,15.083104133605957,15.097542762756348,ok
LA_D_2529982,17.33475112915039,17.670063018798828,ok
LA_D_2530462,13.214957237243652,13.215486526489258,ok
LA_D_2530547,19.390649795532227,19.6407413482666,ok
LA_D_2531373,-12.97178840637207,-13.100918769836426,ok
LA_D_2531385,15.83545970916748,15.866095542907715,ok
LA_D_2532530,16.534364700317383,16.544904708862305,ok
LA_D_2532665,15.979912757873535,16.054052352905273,ok
LA_D_2533846,10.60523796081543,10.609814643859863,ok
LA_D_2534146,11.529922485351562,11.542959213256836,ok
LA_D_2534849,-13.371679306030273,-13.500475883483887,ok
LA_D_2536110,18.056142807006836,18.123361587524414,ok
LA_D_2536179,11.255607604980469,11.285553932189941,ok
LA_D_2536291,4.485501289367676,4.506009578704834,ok
LA_D_2537525,14.668438911437988,14.714251518249512,ok
LA_D_2539732,12.78157901763916,12.820666313171387,ok
LA_D_2540693,12.044711112976074,12.140338897705078,ok
LA_D_2541236,16.89067840576172,16.894392013549805,ok
LA_D_2541397,12.660761833190918,12.668257713317871,ok
LA_D_2541811,12.411547660827637,12.41979694366455,ok
LA_D_2541982,16.364389419555664,16.44879722595215,ok
LA_D_2542296,11.084436416625977,11.097549438476562,ok
LA_D_2542630,10.83449935913086,10.836638450622559,ok
LA_D_2542779,14.130977630615234,14.134376525878906,ok
LA_D_2542974,14.012528419494629,14.045201301574707,ok
LA_D_2543157,15.177791595458984,15.280985832214355,ok
LA_D_2544213,15.359904289245605,15.392085075378418,ok
LA_D_2544697,14.321185111999512,14.378114700317383,ok
LA_D_2545209,14.03857135772705,14.101414680480957,ok
LA_D_2545730,17.037864685058594,17.09700584411621,ok
LA_D_2545950,14.0675630569458,14.06832218170166,ok
LA_D_2546184,14.333780288696289,14.348159790039062,ok
LA_D_2547623,14.336942672729492,14.438775062561035,ok
LA_D_2549631,10.924450874328613,11.060952186584473,ok
LA_D_2549993,13.00739574432373,13.007105827331543,ok
LA_D_2550165,14.991182327270508,15.028197288513184,ok
LA_D_2550548,14.007197380065918,14.023282051086426,ok
LA_D_2551261,12.75064754486084,12.782315254211426,ok
LA_D_2552841,10.75412368774414,10.807863235473633,ok
LA_D_2553532,9.13879680633545,9.148153305053711,ok
LA_D_2555715,14.690107345581055,14.88398551940918,ok
LA_D_2556606,17.637794494628906,17.64777374267578,ok
LA_D_2557760,13.891380310058594,13.976855278015137,ok
LA_D_2557946,16.065397262573242,16.148427963256836,ok
LA_D_2558084,12.371659278869629,12.394196510314941,ok
LA_D_2558912,15.621685028076172,15.663869857788086,ok
LA_D_2559493,12.575115203857422,12.628003120422363,ok
LA_D_2561400,13.13588809967041,13.18533706665039,ok
LA_D_2562850,14.91909408569336,15.132184982299805,ok
LA_D_2563154,12.592129707336426,12.634406089782715,ok
LA_D_2563213,15.404858589172363,15.500210762023926,ok
LA_D_2564083,13.57841968536377,13.637715339660645,ok
LA_D_2565263,12.621140480041504,12.622762680053711,ok
LA_D_2565359,-15.459304809570312,-15.481464385986328,ok
LA_D_2565381,16.791162490844727,16.791799545288086,ok
LA_D_2566690,13.149848937988281,13.161402702331543,ok
LA_D_2566965,17.794198989868164,18.03715705871582,ok
LA_D_2567965,11.556737899780273,11.585515022277832,ok
LA_D_2570184,10.111285209655762,10.111676216125488,ok
LA_D_2570544,10.87932014465332,10.8906888961792,ok
LA_D_2570780,11.998703956604004,12.027606964111328,ok
LA_D_2571309,14.087075233459473,14.112130165100098,ok
LA_D_2572361,16.49864387512207,16.49847984313965,ok
LA_D_2573565,14.698753356933594,14.748900413513184,ok
LA_D_2575136,19.365148544311523,19.4549617767334,ok
LA_D_2575495,11.029873847961426,11.031332969665527,ok
LA_D_2576768,13.135375022888184,13.13457202911377,ok
LA_D_2576822,11.814723014831543,11.839837074279785,ok
LA_D_2577424,6.188534259796143,6.192923069000244,ok
LA_D_2578749,-13.189154624938965,-13.224825859069824,ok
LA_D_2579139,14.685269355773926,14.731846809387207,ok
LA_D_2579249,12.233102798461914,12.236258506774902,ok
LA_D_2579907,11.65458869934082,11.700837135314941,ok
LA_D_2581071,11.124755859375,11.13791561126709,ok
LA_D_2581733,17.027992248535156,17.082643508911133,ok
LA_D_2583710,14.172889709472656,14.22866439819336,ok
LA_D_2583973,16.23827362060547,16.288312911987305,ok
LA_D_2586141,9.67398452758789,9.674057006835938,ok
LA_D_2587030,10.858540534973145,10.907929420471191,ok
LA_D_2589783,14.978652000427246,15.039935111999512,ok
LA_D_2590726,-15.240189552307129,-15.272031784057617,ok
LA_D_2590744,10.850812911987305,10.866671562194824,ok
LA_D_2590761,16.325170516967773,16.348642349243164,ok
LA_D_2592823,16.676738739013672,16.731033325195312,ok
LA_D_2595427,13.299874305725098,13.341126441955566,ok
LA_D_2595652,11.566727638244629,11.567571640014648,ok
LA_D_2596003,15.687917709350586,15.688974380493164,ok
LA_D_2596513,11.8024320602417,11.80855655670166,ok
LA_D_2597129,11.51264476776123,11.517678260803223,ok
LA_D_2597444,14.317073822021484,14.334054946899414,ok
LA_D_2597748,-14.89077091217041,-14.968398094177246,ok
LA_D_2598079,13.158968925476074,13.164860725402832,ok
LA_D_2598117,12.566362380981445,12.583085060119629,ok
LA_D_2598422,14.209027290344238,14.283005714416504,ok
LA_D_2598470,4.122701644897461,4.123748779296875,ok
LA_D_2598664,20.20428466796875,20.4188175201416,ok
LA_D_2600674,11.003082275390625,11.003703117370605,ok
LA_D_2601154,17.103748321533203,17.124774932861328,ok
LA_D_2602113,12.943364143371582,12.949362754821777,ok
LA_D_2602453,16.79576873779297,16.807878494262695,ok
LA_D_2602670,16.32238006591797,16.344127655029297,ok
LA_D_2602925,13.225346565246582,13.245403289794922,ok
LA_D_2603106,11.795262336730957,11.806622505187988,ok
LA_D_2604446,14.688858985900879,14.7496976852417,ok
LA_D_2606095,9.817105293273926,9.818696022033691,ok
LA_D_2607016,16.399211883544922,16.430286407470703,ok
LA_D_2607277,14.79571533203125,14.87097454071045,ok
LA_D_2608601,15.800081253051758,15.893265724182129,ok
LA_D_2609052,11.407004356384277,11.427994728088379,ok
LA_D_2609323,-13.03541374206543,-13.082037925720215,ok
LA_D_2609462,16.10372543334961,16.11142921447754,ok
LA_D_2610325,12.699080467224121,12.716062545776367,ok
LA_D_2612254,-15.49422550201416,-15.5255765914917,ok
LA_D_2613067,20.206684112548828,20.35699462890625,ok
LA_D_2613646,12.311086654663086,12.329485893249512,ok
LA_D_2615945,11.020342826843262,11.045432090759277,ok
LA_D_2616799,12.065460205078125,12.096077919006348,ok
LA_D_2617066,13.328009605407715,13.34003734588623,ok
LA_D_2617516,14.520161628723145,14.53809642791748,ok
LA_D_2618723,13.052156448364258,13.060298919677734,ok
LA_D_2618748,14.061182975769043,14.067294120788574,ok
LA_D_2619504,11.666141510009766,11.69865894317627,ok
LA_D_2621156,13.809569358825684,13.823676109313965,ok
LA_D_2621260,10.754796981811523,10.752466201782227,ok
LA_D_2622778,10.185699462890625,10.18552303314209,ok
LA_D_2623262,21.06048583984375,21.120040893554688,ok
LA_D_2625096,11.016122817993164,11.033574104309082,ok
LA_D_2625129,18.816049575805664,19.3530330657959,ok
LA_D_2625605,14.515637397766113,14.527705192565918,ok
LA_D_2626102,15.689777374267578,15.851518630981445,ok
LA_D_2626312,14.25841999053955,14.290003776550293,ok
LA_D_2626325,15.051526069641113,15.062549591064453,ok
LA_D_2627199,17.450124740600586,17.542768478393555,ok
LA_D_2627350,15.05359935760498,15.213152885437012,ok
LA_D_2628079,11.6340970993042,11.657919883728027,ok
LA_D_2628131,14.518155097961426,14.530465126037598,ok
LA_D_2628460,14.602730751037598,14.607872009277344,ok
LA_D_2628592,15.773943901062012,15.816699028015137,ok
LA_D_2628819,16.652738571166992,16.679533004760742,ok
LA_D_2630786,15.334587097167969,15.360995292663574,ok
LA_D_2632286,16.963165283203125,16.9847469329834,ok
LA_D_2632718,11.64067554473877,11.759551048278809,ok
LA_D_2633677,18.32147216796875,18.397310256958008,ok
LA_D_2634056,11.194973945617676,11.195097923278809,ok
LA_D_2634266,7.552944660186768,7.556125164031982,ok
LA_D_2636579,20.752315521240234,20.82663917541504,ok
LA_D_2637205,10.50246810913086,10.50196361541748,ok
LA_D_2638013,15.909070014953613,15.985201835632324,ok
LA_D_2638042,14.222938537597656,14.223610877990723,ok
LA_D_2639105,17.567161560058594,17.58251190185547,ok
LA_D_2642581,8.595904350280762,8.599193572998047,ok
LA_D_2643003,14.774433135986328,14.846209526062012,ok
LA_D_2643276,15.113965034484863,15.299392700195312,ok
LA_D_2643397,19.077247619628906,19.160959243774414,ok
LA_D_2644387,-5.1071014404296875,-5.111763000488281,ok
LA_D_2644554,13.304581642150879,13.391026496887207,ok
LA_D_2645663,14.795365333557129,14.864112854003906,ok
LA_D_2646681,23.075267791748047,23.1717586517334,ok
LA_D_2647059,10.174704551696777,10.178502082824707,ok
LA_D_2648396,12.389302253723145,12.390934944152832,ok
LA_D_2648941,16.764650344848633,16.77638053894043,ok
LA_D_2649278,18.589065551757812,18.663738250732422,ok
LA_D_2649880,14.965839385986328,14.999188423156738,ok
LA_D_2651341,9.257060050964355,9.25834846496582,ok
LA_D_2651795,8.90713882446289,8.90979290008545,ok
LA_D_2652985,9.055850982666016,9.060422897338867,ok
LA_D_2653429,9.382911682128906,9.530010223388672,ok
LA_D_2653610,13.391825675964355,13.400580406188965,ok
LA_D_2654160,13.620377540588379,13.625361442565918,ok
LA_D_2655283,12.810142517089844,12.808796882629395,ok
LA_D_2655610,-12.746938705444336,-12.761282920837402,ok
LA_D_2655621,15.70459270477295,15.870892524719238,ok
LA_D_2656565,14.981199264526367,14.987835884094238,ok
LA_D_2657707,14.020805358886719,14.029484748840332,ok
LA_D_2658622,-12.479918479919434,-12.533474922180176,ok
LA_D_2658832,11.719705581665039,11.758091926574707,ok
LA_D_2658907,7.191526412963867,7.193856716156006,ok
LA_D_2659066,-13.039626121520996,-13.044400215148926,ok
LA_D_2660381,17.609758377075195,17.697900772094727,ok
LA_D_2660438,9.402619361877441,9.40832805633545,ok
LA_D_2660514,14.129460334777832,14.146409034729004,ok
LA_D_2661411,16.8349552154541,16.899402618408203,ok
LA_D_2661690,15.735339164733887,15.825159072875977,ok
LA_D_2661958,14.252253532409668,14.253262519836426,ok
LA_D_2663437,15.43925666809082,15.46983528137207,ok
LA_D_2665880,9.394933700561523,9.42806339263916,ok
LA_D_2666258,15.588167190551758,15.735282897949219,ok
LA_D_2667561,16.3317813873291,16.41386604309082,ok
LA_D_2667967,15.479975700378418,15.480155944824219,ok
LA_D_2668830,11.012947082519531,11.02507495880127,ok
LA_D_2669080,18.857593536376953,18.872575759887695,ok
LA_D_2669376,15.781222343444824,15.840853691101074,ok
LA_D_2669790,12.56489086151123,12.579330444335938,ok
LA_D_2670809,14.790352821350098,14.835772514343262,ok
LA_D_2671594,8.654257774353027,8.657605171203613,ok
LA_D_2674105,14.890801429748535,14.905694007873535,ok
LA_D_2676220,9.872030258178711,9.870537757873535,ok
LA_D_2677497,12.691744804382324,12.69414234161377,ok
LA_D_2677654,9.70354175567627,9.703518867492676,ok
LA_D_2680311,11.025009155273438,11.032878875732422,ok
LA_D_2682641,15.26919937133789,15.320805549621582,ok
LA_D_2683285,17.971067428588867,18.018476486206055,ok
LA_D_2684010,14.50460433959961,14.522980690002441,ok
LA_D_2684959,15.104410171508789,15.16641616821289,ok
LA_D_2685703,19.1859188079834,19.238792419433594,ok
LA_D_2686014,14.704883575439453,14.760641098022461,ok
LA_D_2686278,10.692892074584961,10.704217910766602,ok
LA_D_2688414,-9.848068237304688,-9.871495246887207,ok
LA_D_2688863,14.373900413513184,14.394718170166016,ok
LA_D_2689404,13.91357421875,13.945935249328613,ok
LA_D_2690336,13.661576271057129,13.675921440124512,ok
LA_D_2690518,11.676554679870605,11.680548667907715,ok
LA_D_2690780,-12.849717140197754,-12.854958534240723,ok
LA_D_2691745,15.96902084350586,16.021116256713867,ok
LA_D_2691829,10.129704475402832,10.160924911499023,ok
LA_D_2691873,14.993227005004883,15.028035163879395,ok
LA_D_2691898,15.118358612060547,15.121271133422852,ok
LA_D_2692136,19.687597274780273,19.82917594909668,ok
LA_D_2692895,10.117680549621582,10.122525215148926,ok
LA_D_2693758,10.384764671325684,10.383957862854004,ok
LA_D_2693786,13.022945404052734,13.025873184204102,ok
LA_D_2695373,17.13761329650879,17.169992446899414,ok
LA_D_2696306,12.614653587341309,12.638834953308105,ok
LA_D_2696379,9.220504760742188,9.224358558654785,ok
LA_D_2696634,12.9744291305542,13.004694938659668,ok
LA_D_2697100,12.648929595947266,12.709214210510254,ok
LA_D_2698574,14.181747436523438,14.191914558410645,ok
LA_D_2699739,10.204207420349121,10.206015586853027,ok
LA_D_2700899,13.77632999420166,13.816802024841309,ok
LA_D_2700963,14.695137977600098,14.7114839553833,ok
LA_D_2701856,12.823341369628906,12.891655921936035,ok
LA_D_2705731,11.364277839660645,11.363341331481934,ok
LA_D_2706710,16.191097259521484,16.20462989807129,ok
LA_D_2707454,12.301628112792969,12.302289009094238,ok
LA_D_2707564,14.978652000427246,15.003067970275879,ok
LA_D_2708011,16.62018585205078,16.71576499938965,ok
LA_D_2708980,14.933935165405273,14.942344665527344,ok
LA_D_2709061,14.415526390075684,14.43349838256836,ok
LA_D_2709080,13.909517288208008,13.916592597961426,ok
LA_D_2709100,16.083845138549805,16.103334426879883,ok
LA_D_2709105,11.286100387573242,11.286553382873535,ok
LA_D_2709995,14.183093070983887,14.216696739196777,ok
LA_D_2710906,9.87166976928711,9.89412784576416,ok
LA_D_2712069,18.721071243286133,18.95905303955078,ok
LA_D_2712599,-15.724076271057129,-15.763203620910645,ok
LA_D_2715241,8.068070411682129,8.091156959533691,ok
LA_D_2715552,17.482683181762695,17.483503341674805,ok
LA_D_2715685,16.15492057800293,16.215513229370117,ok
LA_D_2717878,9.175834655761719,9.191041946411133,ok
LA_D_2717961,5.466395854949951,5.466442584991455,ok
LA_D_2718507,16.9722843170166,16.98160743713379,ok
LA_D_2718909,-15.633711814880371,-15.66292667388916,ok
LA_D_2719811,12.876433372497559,12.875753402709961,ok
LA_D_2720139,13.763553619384766,13.798243522644043,ok
LA_D_2720424,8.37415599822998,8.374469757080078,ok
LA_D_2720435,14.856929779052734,14.868083953857422,ok
LA_D_2720510,12.342885971069336,12.381300926208496,ok
LA_D_2720782,12.57616901397705,12.59225082397461,ok
LA_D_2721191,14.407011985778809,14.421387672424316,ok
LA_D_2722401,12.869195938110352,12.88428783416748,ok
LA_D_2723107,9.912635803222656,9.95273208618164,ok
LA_D_2723301,14.56064510345459,14.608447074890137,ok
LA_D_2724699,17.3741512298584,17.37993621826172,ok
LA_D_2724805,11.417919158935547,11.438397407531738,ok
LA_D_2726610,16.75739860534668,16.7908878326416,ok
LA_D_2726931,13.910906791687012,13.929612159729004,ok
LA_D_2727763,9.843191146850586,9.90459156036377,ok
LA_D_2727780,13.356826782226562,13.374290466308594,ok
LA_D_2728150,13.221059799194336,13.229302406311035,ok
LA_D_2728628,11.127752304077148,11.156624794006348,ok
LA_D_2730974,19.093164443969727,19.149127960205078,ok
LA_D_2731036,14.45851993560791,14.466629981994629,ok
LA_D_2731741,-14.351616859436035,-14.428833961486816,ok
LA_D_2732640,15.141199111938477,15.19675350189209,ok
LA_D_2733428,-15.492091178894043,-15.499242782592773,ok
LA_D_2733623,12.96265697479248,13.03033447265625,ok
LA_D_2734048,11.182450294494629,11.194552421569824,ok
LA_D_2734913,14.685559272766113,14.797353744506836,ok
LA_D_2735004,18.01384925842285,18.014474868774414,ok
LA_D_2736443,18.65951919555664,18.66741371154785,ok
LA_D_2736449,11.153508186340332,11.165852546691895,ok
LA_D_2736752,12.622501373291016,12.66430377960205,ok
LA_D_2736869,12.412374496459961,12.439789772033691,ok
LA_D_2737875,14.916218757629395,14.919967651367188,ok
LA_D_2738222,13.088038444519043,13.200204849243164,ok
LA_D_2739423,15.54265022277832,15.546395301818848,ok
LA_D_2743059,9.733536720275879,9.740211486816406,ok
LA_D_2745051,16.856985092163086,16.890623092651367,ok
LA_D_2746243,10.793776512145996,10.813532829284668,ok
LA_D_2746267,16.338491439819336,16.356800079345703,ok
LA_D_2747265,16.20317840576172,16.22599983215332,ok
LA_D_2748583,-15.373929023742676,-15.406832695007324,ok
LA_D_2749481,17.33940315246582,17.362051010131836,ok
LA_D_2752788,13.481767654418945,13.525054931640625,ok
LA_D_2753356,8.18561840057373,8.183907508850098,ok
LA_D_2753362,8.451091766357422,8.441229820251465,ok
LA_D_2753816,-11.643036842346191,-11.647521018981934,ok
LA_D_2756525,10.633475303649902,10.636431694030762,ok
LA_D_2756724,-15.156222343444824,-15.170665740966797,ok
LA_D_2757814,15.068892478942871,15.075373649597168,ok
LA_D_2757833,14.764575004577637,14.826377868652344,ok
LA_D_2759411,6.099487781524658,6.098960876464844,ok
LA_D_2759783,12.478975296020508,12.5042085647583,ok
LA_D_2761640,14.490196228027344,14.499855041503906,ok
LA_D_2761727,12.205761909484863,12.205789566040039,ok
LA_D_2761966,15.190483093261719,15.284886360168457,ok
LA_D_2762669,10.329188346862793,10.336888313293457,ok
LA_D_2762693,19.198963165283203,19.33066749572754,ok
LA_D_2763276,11.931291580200195,12.00228500366211,ok
LA_D_2766494,8.633675575256348,8.680784225463867,ok
LA_D_2768110,11.387053489685059,11.388198852539062,ok
LA_D_2769397,10.743435859680176,10.781014442443848,ok
LA_D_2769521,13.992154121398926,14.0574312210083,ok
LA_D_2771030,8.728282928466797,8.750222206115723,ok
LA_D_2771079,13.650182723999023,13.654253005981445,ok
LA_D_2772436,13.486781120300293,13.490129470825195,ok
LA_D_2772837,8.38444995880127,8.369138717651367,ok
LA_D_2773764,-14.700148582458496,-14.737865447998047,ok
LA_D_2774468,-13.494983673095703,-13.536859512329102,ok
LA_D_2775026,14.721266746520996,14.721142768859863,ok
LA_D_2776056,13.98686408996582,14.023564338684082,ok
LA_D_2776677,12.733437538146973,12.741622924804688,ok
LA_D_2777169,13.015547752380371,13.046404838562012,ok
LA_D_2777831,14.21484661102295,14.286032676696777,ok
LA_D_2780378,6.894979476928711,6.905188083648682,ok
LA_D_2783081,12.835602760314941,12.839335441589355,ok
LA_D_2783850,10.319937705993652,10.338764190673828,ok
LA_D_2784153,25.050024032592773,25.284347534179688,ok
LA_D_2786535,16.004606246948242,16.03284454345703,ok
LA_D_2786957,14.182082176208496,14.216683387756348,ok
LA_D_2787302,12.458104133605957,12.492587089538574,ok
LA_D_2789277,10.339139938354492,10.396422386169434,ok
LA_D_2791447,17.28643226623535,17.428274154663086,ok
LA_D_2791553,11.553240776062012,11.559479713439941,ok
LA_D_2792366,10.027478218078613,10.029960632324219,ok
LA_D_2793042,14.952547073364258,15.026121139526367,ok
LA_D_2793288,11.645546913146973,11.646486282348633,ok
LA_D_2794299,13.957371711730957,13.960265159606934,ok
LA_D_2795326,18.417577743530273,18.42075538635254,ok
LA_D_2796486,13.101736068725586,13.115530967712402,ok
LA_D_2796669,17.432287216186523,17.561208724975586,ok
LA_D_2797619,11.90819263458252,11.943840980529785,ok
LA_D_2797757,12.465343475341797,12.502886772155762,ok
LA_D_2798444,11.02634048461914,11.02672290802002,ok
LA_D_2798789,11.774641990661621,11.784757614135742,ok
LA_D_2799892,11.78813362121582,11.797407150268555,ok
LA_D_2800113,-13.657795906066895,-13.73514461517334,ok
LA_D_2800343,15.007427215576172,15.030203819274902,ok
LA_D_2800479,12.339552879333496,12.469944953918457,ok
LA_D_2805826,13.676644325256348,13.730669975280762,ok
LA_D_2806150,17.205638885498047,17.215572357177734,ok
LA_D_2807278,18.940574645996094,18.980146408081055,ok
LA_D_2807440,12.6111478805542,12.622929573059082,ok
LA_D_2808442,11.186781883239746,11.279335021972656,ok
LA_D_2808846,15.400816917419434,15.4284086227417,ok
LA_D_2809588,14.719544410705566,14.718460083007812,ok
LA_D_2810734,19.443143844604492,19.475515365600586,ok
LA_D_2811040,15.250208854675293,15.313319206237793,ok
LA_D_2811662,-16.898033142089844,-16.9256649017334,ok
LA_D_2812544,-15.209992408752441,-15.228198051452637,ok
LA_D_2812689,16.50995635986328,16.538118362426758,ok
LA_D_2813154,-7.652807235717773,-7.6547369956970215,ok
LA_D_2814875,12.694363594055176,12.694544792175293,ok
LA_D_2815191,12.706507682800293,12.718202590942383,ok
LA_D_2815461,15.613727569580078,15.613741874694824,ok
LA_D_2816042,15.617507934570312,15.702247619628906,ok
LA_D_2816289,11.820208549499512,11.831064224243164,ok
LA_D_2816308,9.986645698547363,9.98713207244873,ok
LA_D_2816765,-14.17429256439209,-14.199100494384766,ok
LA_D_2817557,-16.129671096801758,-16.131269454956055,ok
LA_D_2819105,13.439974784851074,13.442696571350098,ok
LA_D_2820525,14.209490776062012,14.33707046508789,ok
LA_D_2821637,12.64387321472168,12.671920776367188,ok
LA_D_2822470,11.345680236816406,11.34923267364502,ok
LA_D_2824576,15.637056350708008,15.670364379882812,ok
LA_D_2824820,-14.27819538116455,-14.396815299987793,ok
LA_D_2824952,15.610321998596191,15.656583786010742,ok
LA_D_2825662,11.77614974975586,11.779576301574707,ok
LA_D_2826776,18.483247756958008,18.50311279296875,ok
LA_D_2827159,13.956238746643066,13.965954780578613,ok
LA_D_2831303,13.37209701538086,13.373120307922363,ok
LA_D_2831646,13.445663452148438,13.690451622009277,ok
LA_D_2831844,7.353301048278809,7.358178615570068,ok
LA_D_2832141,-14.427877426147461,-14.432275772094727,ok
LA_D_2832394,18.307870864868164,18.367034912109375,ok
LA_D_2833236,7.1881818771362305,7.179534435272217,ok
LA_D_2833762,12.540258407592773,12.547497749328613,ok
LA_D_2835194,13.160395622253418,13.159994125366211,ok
LA_D_2835573,19.6771297454834,19.845373153686523,ok
LA_D_2835735,8.851911544799805,8.8516263961792,ok
LA_D_2837203,21.330474853515625,21.360960006713867,ok
LA_D_2837325,11.701812744140625,11.723329544067383,ok
LA_D_2839838,15.233536720275879,15.235519409179688,ok
LA_D_2839913,-14.95150089263916,-14.954365730285645,ok
LA_D_2842063,-13.598118782043457,-13.59924602508545,ok
LA_D_2844602,9.191109657287598,9.206711769104004,ok
LA_D_2844735,-13.23011302947998,-13.242779731750488,ok
LA_D_2847323,11.848094940185547,11.85234546661377,ok
LA_D_2849155,8.28964900970459,8.277298927307129,ok
LA_D_2849994,11.731681823730469,11.756878852844238,ok
LA_D_2850234,17.001750946044922,17.021100997924805,ok
LA_D_2850456,7.357372760772705,7.359323978424072,ok
LA_D_2851293,13.680527687072754,13.6854829788208,ok
LA_D_2852000,-16.566953659057617,-16.587594985961914,ok
LA_D_2852714,14.84496784210205,15.042064666748047,ok
LA_D_2853583,14.089790344238281,14.106175422668457,ok
LA_D_2853662,20.15993881225586,20.207792282104492,ok
LA_D_2854193,17.114398956298828,17.114770889282227,ok
LA_D_2854358,14.57519817352295,14.593064308166504,ok
LA_D_2854806,16.82593536376953,16.86281967163086,ok
LA_D_2855249,15.034791946411133,15.136479377746582,ok
LA_D_2856557,13.404770851135254,13.455399513244629,ok
LA_D_2859163,12.231085777282715,12.26414680480957,ok
LA_D_2859709,19.980520248413086,20.01908302307129,ok
LA_D_2860247,14.711935043334961,14.715975761413574,ok
LA_D_2860670,12.826786041259766,12.870973587036133,ok
LA_D_2861324,13.769323348999023,13.836220741271973,ok
LA_D_2861753,9.190421104431152,9.205218315124512,ok
LA_D_2862464,14.20056438446045,14.222033500671387,ok
LA_D_2862862,11.010713577270508,11.081177711486816,ok
LA_D_2863133,-12.305062294006348,-12.315279960632324,ok
LA_D_2863900,12.864127159118652,12.876133918762207,ok
LA_D_2864137,12.653441429138184,12.678887367248535,ok
LA_D_2864689,6.567159175872803,6.56988525390625,ok
LA_D_2866362,18.075637817382812,18.123445510864258,ok
LA_D_2866947,-11.476224899291992,-11.500632286071777,ok
LA_D_2866949,14.981225967407227,15.014573097229004,ok
LA_D_2867530,14.923406600952148,14.938421249389648,ok
LA_D_2868405,17.639833450317383,17.6905574798584,ok
LA_D_2868410,17.930255889892578,18.075265884399414,ok
LA_D_2868921,2.9266867637634277,2.9572911262512207,ok
LA_D_2869692,17.0555477142334,17.262203216552734,ok
LA_D_2869838,13.12945556640625,13.129023551940918,ok
LA_D_2870458,14.959548950195312,14.97286319732666,ok
LA_D_2870777,7.8038129806518555,7.8134965896606445,ok
LA_D_2871536,8.164934158325195,8.16688346862793,ok
LA_D_2872359,13.95085334777832,13.952165603637695,ok
LA_D_2872772,9.824804306030273,9.861237525939941,ok
LA_D_2873975,18.020000457763672,18.030080795288086,ok
LA_D_2874104,15.311673164367676,15.381190299987793,ok
LA_D_2874107,13.691991806030273,13.70284366607666,ok
LA_D_2874951,19.092382431030273,19.255062103271484,ok
LA_D_2875270,20.89828109741211,20.908126831054688,ok
LA_D_2876241,13.487778663635254,13.485915184020996,ok
LA_D_2876938,14.868433952331543,14.955714225769043,ok
LA_D_2877032,13.896241188049316,13.900989532470703,ok
LA_D_2877891,15.788970947265625,15.88761043548584,ok
LA_D_2878270,22.896459579467773,22.919687271118164,ok
LA_D_2878681,11.915059089660645,11.945454597473145,ok
LA_D_2878966,13.05200481414795,13.05734920501709,ok
LA_D_2879784,13.545266151428223,13.601584434509277,ok
LA_D_2879814,11.484944343566895,11.484335899353027,ok
LA_D_2880430,15.42260456085205,15.464805603027344,ok
LA_D_2880781,10.828022956848145,10.831589698791504,ok
LA_D_2881171,19.626235961914062,19.621736526489258,ok
LA_D_2881179,16.68265724182129,16.68906021118164,ok
LA_D_2882773,21.63737678527832,21.6390380859375,ok
LA_D_2883720,14.497111320495605,14.497004508972168,ok
LA_D_2884464,15.504039764404297,15.635245323181152,ok
LA_D_2884522,-10.989666938781738,-10.993755340576172,ok
LA_D_2884632,12.531262397766113,12.54780101776123,ok
LA_D_2885274,15.57154369354248,15.595269203186035,ok
LA_D_2885606,15.055315971374512,15.078812599182129,ok
LA_D_2886143,10.207791328430176,10.255061149597168,ok
LA_D_2887586,14.167534828186035,14.183987617492676,ok
LA_D_2887628,13.354596138000488,13.364729881286621,ok
LA_D_2888191,14.271586418151855,14.29207706451416,ok
LA_D_2888387,17.587717056274414,17.628103256225586,ok
LA_D_2888561,12.440936088562012,12.46036434173584,ok
LA_D_2888596,11.531580924987793,11.571267127990723,ok
LA_D_2888827,11.93443775177002,11.935975074768066,ok
LA_D_2888854,11.405458450317383,11.416583061218262,ok
LA_D_2889500,17.395055770874023,17.42081069946289,ok
LA_D_2889881,22.71468734741211,22.71503257751465,ok
LA_D_2890608,11.900325775146484,11.961180686950684,ok
LA_D_2892419,18.765308380126953,18.7852725982666,ok
LA_D_2893126,16.84343910217285,16.903566360473633,ok
LA_D_2895802,-14.707037925720215,-14.793726921081543,ok
LA_D_2895937,11.796839714050293,11.79843807220459,ok
LA_D_2895942,13.138349533081055,13.16191577911377,ok
LA_D_2896082,-9.890578269958496,-9.931890487670898,ok
LA_D_2896219,14.673157691955566,14.70325756072998,ok
LA_D_2896345,-11.250753402709961,-11.261992454528809,ok
LA_D_2897075,15.503413200378418,15.503289222717285,ok
LA_D_2899054,9.845003128051758,9.876311302185059,ok
LA_D_2901718,13.682975769042969,13.704255104064941,ok
LA_D_2902556,11.44509506225586,11.457061767578125,ok
LA_D_2903458,12.311450958251953,12.362920761108398,ok
LA_D_2905137,14.943146705627441,14.981884956359863,ok
LA_D_2905424,-11.571249961853027,-11.57435417175293,ok
LA_D_2906326,10.574623107910156,10.652095794677734,ok
LA_D_2906873,-9.308243751525879,-9.310925483703613,ok
LA_D_2907481,16.36054229736328,16.445941925048828,ok
LA_D_2907952,15.343927383422852,15.423002243041992,ok
LA_D_2908532,15.795907974243164,15.806373596191406,ok
LA_D_2909263,13.684442520141602,13.689030647277832,ok
LA_D_2909551,11.159870147705078,11.17694091796875,ok
LA_D_2910262,10.447698593139648,10.478516578674316,ok
LA_D_2912682,13.959551811218262,14.005095481872559,ok
LA_D_2914985,15.208226203918457,15.231650352478027,ok
LA_D_2915405,9.66946792602539,9.672574996948242,ok
LA_D_2915994,10.2903413772583,10.290663719177246,ok
LA_D_2916024,-12.698229789733887,-12.699612617492676,ok
LA_D_2916691,14.300742149353027,14.38289737701416,ok
LA_D_2917041,14.384281158447266,14.45748233795166,ok
LA_D_2918223,22.56641387939453,22.664369583129883,ok
LA_D_2919741,7.40415096282959,7.451085090637207,ok
LA_D_2920207,20.8942928314209,20.969518661499023,ok
LA_D_2920298,13.04297924041748,13.099796295166016,ok
LA_D_2920588,2.971468925476074,2.96814227104187,ok
LA_D_2921930,15.604280471801758,15.674299240112305,ok
LA_D_2921952,15.269342422485352,15.271529197692871,ok
LA_D_2922852,13.510140419006348,13.518048286437988,ok
LA_D_2923426,-13.055583953857422,-13.05738353729248,ok
LA_D_2923476,14.233490943908691,14.23628044128418,ok
LA_D_2923622,14.081284523010254,14.09243106842041,ok
LA_D_2924504,-10.803380966186523,-10.825799942016602,ok
LA_D_2925315,16.296890258789062,16.49627113342285,ok
LA_D_2925498,18.14973258972168,18.230998992919922,ok
LA_D_2925553,14.79195785522461,14.8046236038208,ok
LA_D_2928032,18.98215675354004,18.985153198242188,ok
LA_D_2928444,19.389554977416992,19.703447341918945,ok
LA_D_2929910,17.133054733276367,17.166223526000977,ok
LA_D_2931790,14.962321281433105,14.983290672302246,ok
LA_D_2933176,13.985724449157715,14.03538990020752,ok
LA_D_2933330,18.460290908813477,18.47865104675293,ok
LA_D_2933367,16.369054794311523,16.376882553100586,ok
LA_D_2933402,14.731025695800781,14.7697172164917,ok
LA_D_2934273,15.3036470413208,15.318410873413086,ok
LA_D_2934981,-14.459129333496094,-14.46188735961914,ok
LA_D_2938296,13.218385696411133,13.224627494812012,ok
LA_D_2938883,10.206340789794922,10.211398124694824,ok
LA_D_2939024,16.181385040283203,16.1914005279541,ok
LA_D_2939086,22.05185317993164,22.097505569458008,ok
LA_D_2939133,16.800796508789062,16.87917137145996,ok
LA_D_2940135,15.86383056640625,15.95707893371582,ok
LA_D_2940539,15.657267570495605,15.801141738891602,ok
LA_D_2940992,6.8267107009887695,6.834590911865234,ok
LA_D_2941369,15.090511322021484,15.1117525100708,ok
LA_D_2942585,19.962509155273438,20.058889389038086,ok
LA_D_2943031,7.429089069366455,7.43428897857666,ok
LA_D_2943221,13.326200485229492,13.329689979553223,ok
LA_D_2943260,-13.364608764648438,-13.40976619720459,ok
LA_D_2943983,20.63911247253418,20.68491554260254,ok
LA_D_2945771,12.560283660888672,12.58635139465332,ok
LA_D_2946273,13.877968788146973,13.889242172241211,ok
LA_D_2946840,12.903998374938965,12.926591873168945,ok
LA_D_2946958,-10.556425094604492,-10.561053276062012,ok
LA_D_2948723,13.479803085327148,13.515158653259277,ok
LA_D_2949120,12.883094787597656,12.894370079040527,ok
LA_D_2949516,13.488898277282715,13.530374526977539,ok
LA_D_2950326,16.937393188476562,16.941162109375,ok
LA_D_2950518,17.705114364624023,17.764047622680664,ok
LA_D_2950820,9.291778564453125,9.29419994354248,ok
LA_D_2951507,10.454034805297852,10.4668607711792,ok
LA_D_2956552,13.867719650268555,13.927692413330078,ok
LA_D_2956834,13.699285507202148,13.733208656311035,ok
LA_D_2957996,14.669038772583008,14.727883338928223,ok
LA_D_2958095,13.609716415405273,13.632391929626465,ok
LA_D_2958099,15.720014572143555,15.72930908203125,ok
LA_D_2959609,20.66119956970215,20.749731063842773,ok
LA_D_2960332,14.974528312683105,14.976092338562012,ok
LA_D_2962271,14.126578330993652,14.161759376525879,ok
LA_D_2962430,14.90719223022461,14.95377254486084,ok
LA_D_2963867,10.749248504638672,10.806013107299805,ok
LA_D_2964456,16.426546096801758,16.443449020385742,ok
LA_D_2964886,13.47986125946045,13.523951530456543,ok
LA_D_2964992,12.75240421295166,12.776686668395996,ok
LA_D_2966111,11.554685592651367,11.554075241088867,ok
LA_D_2966463,15.96839714050293,15.992465019226074,ok
LA_D_2968040,18.496299743652344,18.5413818359375,ok
LA_D_2968176,19.03353500366211,19.048185348510742,ok
LA_D_2969521,12.271026611328125,12.286051750183105,ok
LA_D_2970295,12.251596450805664,12.252035140991211,ok
LA_D_2970964,15.28376293182373,15.299723625183105,ok
LA_D_2971299,17.16910743713379,17.194936752319336,ok
LA_D_2971908,13.57885456085205,13.634439468383789,ok
LA_D_2973882,11.605557441711426,11.6151704788208,ok
LA_D_2974704,13.880444526672363,13.878693580627441,ok
LA_D_2975584,14.485453605651855,14.503198623657227,ok
LA_D_2976553,-0.4705341160297394,-0.47125735878944397,ok
LA_D_2977005,-12.247567176818848,-12.441607475280762,ok
LA_D_2977245,9.165607452392578,9.184144020080566,ok
LA_D_2977454,16.572494506835938,16.591798782348633,ok
LA_D_2977725,18.22626304626465,18.228240966796875,ok
LA_D_2977892,-11.09017276763916,-11.094046592712402,ok
LA_D_2977895,19.134368896484375,19.166858673095703,ok
LA_D_2979011,-10.042320251464844,-10.042732238769531,ok
LA_D_2979369,11.860225677490234,11.86857795715332,ok
LA_D_2981298,18.354257583618164,18.365331649780273,ok
LA_D_2981561,9.12132453918457,9.12537956237793,ok
LA_D_2981790,18.642574310302734,18.715242385864258,ok
LA_D_2982066,19.146520614624023,19.683656692504883,ok
LA_D_2983374,13.451396942138672,13.494410514831543,ok
LA_D_2983401,15.269009590148926,15.319584846496582,ok
LA_D_2984362,15.11397647857666,15.165118217468262,ok
LA_D_2984512,20.833871841430664,20.89393424987793,ok
LA_D_2985114,12.388684272766113,12.462817192077637,ok
LA_D_2985329,13.625834465026855,13.666003227233887,ok
LA_D_2986383,15.22036361694336,15.236015319824219,ok
LA_D_2986907,11.871315002441406,11.965106010437012,ok
LA_D_2986975,14.528523445129395,14.532594680786133,ok
LA_D_2987481,15.367471694946289,15.374423027038574,ok
LA_D_2987509,15.324966430664062,15.367074012756348,ok
LA_D_2989479,-15.27946949005127,-15.306221961975098,ok
LA_D_2990184,10.596668243408203,10.597896575927734,ok
LA_D_2990459,13.579459190368652,13.683667182922363,ok
LA_D_2991252,11.655620574951172,11.677655220031738,ok
LA_D_2991667,-12.794571876525879,-12.884961128234863,ok
LA_D_2993148,16.034564971923828,16.04682159423828,ok
LA_D_2993864,17.315690994262695,17.31633758544922,ok
LA_D_2996584,-13.66494083404541,-13.717942237854004,ok
LA_D_2997155,15.2531156539917,15.31432819366455,ok
LA_D_2997217,13.339864730834961,13.34751033782959,ok
LA_D_2998083,10.250815391540527,10.258585929870605,ok
LA_D_2999032,13.9586820602417,13.96142578125,ok
LA_D_2999196,9.754369735717773,9.764395713806152,ok
LA_D_2999262,8.267121315002441,8.279179573059082,ok
LA_D_2999694,13.419299125671387,13.431408882141113,ok
LA_D_2999774,12.522113800048828,12.5409517288208,ok
LA_D_3003454,11.640229225158691,11.65050983428955,ok
LA_D_3004195,12.866796493530273,12.867605209350586,ok
LA_D_3004327,11.791333198547363,11.809000015258789,ok
LA_D_3004782,12.150930404663086,12.155770301818848,ok
LA_D_3004811,13.015398025512695,13.026785850524902,ok
LA_D_3004845,9.583542823791504,9.584183692932129,ok
LA_D_3005942,-14.207798957824707,-14.221273422241211,ok
LA_D_3006014,10.06158447265625,10.078795433044434,ok
LA_D_3007029,13.709769248962402,13.70932388305664,ok
LA_D_3007276,14.977808952331543,15.14858627319336,ok
LA_D_3009969,10.4640474319458,10.463790893554688,ok
LA_D_3010559,6.024498462677002,6.0254316329956055,ok
LA_D_3010789,15.931208610534668,15.969466209411621,ok
LA_D_3012833,14.345318794250488,14.412142753601074,ok
LA_D_3013009,7.745572090148926,7.802215576171875,ok
LA_D_3014327,15.206205368041992,15.211915016174316,ok
LA_D_3014451,15.870796203613281,15.92432975769043,ok
LA_D_3015288,19.162221908569336,19.25860023498535,ok
LA_D_3015558,14.37846851348877,14.389433860778809,ok
LA_D_3015714,17.804967880249023,17.842287063598633,ok
LA_D_3015735,4.903041362762451,4.977760314941406,ok
LA_D_3017121,11.750198364257812,11.780224800109863,ok
LA_D_3018635,-13.492127418518066,-13.5593900680542,ok
LA_D_3019114,5.9765944480896,5.96712589263916,ok
LA_D_3019929,13.53791332244873,13.575422286987305,ok
LA_D_3020621,8.504039764404297,8.497551918029785,ok
LA_D_3025684,-14.493844032287598,-14.515908241271973,ok
LA_D_3027137,12.41496753692627,12.428110122680664,ok
LA_D_3027433,9.445502281188965,9.545573234558105,ok
LA_D_3029021,-15.164275169372559,-15.170682907104492,ok
LA_D_3030929,5.627820014953613,5.636380672454834,ok
LA_D_3033254,10.056872367858887,10.056988716125488,ok
LA_D_3034938,14.652505874633789,14.681034088134766,ok
LA_D_3035741,21.23593521118164,21.315309524536133,ok
LA_D_3036760,14.871307373046875,14.873957633972168,ok
LA_D_3038261,14.596780776977539,14.663627624511719,ok
LA_D_3038598,15.7589111328125,15.770400047302246,ok
LA_D_3039018,15.691006660461426,15.73776912689209,ok
LA_D_3039122,13.829632759094238,13.897921562194824,ok
LA_D_3039159,15.60135269165039,15.65529727935791,ok
LA_D_3039424,-13.203679084777832,-13.229666709899902,ok
LA_D_3040572,13.109888076782227,13.130148887634277,ok
LA_D_3040717,14.024075508117676,14.024622917175293,ok
LA_D_3043536,19.107389450073242,19.203643798828125,ok
LA_D_3044379,-13.85508918762207,-13.862835884094238,ok
LA_D_3045712,16.811656951904297,16.861623764038086,ok
LA_D_3046025,13.735790252685547,13.75816822052002,ok
LA_D_3047959,14.671338081359863,14.675515174865723,ok
LA_D_3048061,15.415152549743652,15.50564956665039,ok
LA_D_3048577,23.32455062866211,23.468942642211914,ok
LA_D_3049487,14.9904203414917,15.043730735778809,ok
LA_D_3049880,14.766911506652832,14.76708984375,ok
LA_D_3049992,18.385997772216797,18.43068504333496,ok
LA_D_3050700,13.993640899658203,14.066457748413086,ok
LA_D_3051172,13.54531478881836,13.61463451385498,ok
LA_D_3051445,12.067591667175293,12.09426212310791,ok
LA_D_3051718,-13.430164337158203,-13.441329002380371,ok
LA_D_3051998,14.215441703796387,14.213250160217285,ok
LA_D_3053264,-13.80433464050293,-13.82434368133545,ok
LA_D_3053606,15.18728256225586,15.210442543029785,ok
LA_D_3054411,11.497533798217773,11.518719673156738,ok
LA_D_3054881,11.496267318725586,11.50344181060791,ok
LA_D_3055819,11.892951011657715,11.909388542175293,ok
LA_D_3056214,14.626543998718262,14.628583908081055,ok
LA_D_3057414,18.493677139282227,18.54396629333496,ok
LA_D_3057445,11.444913864135742,11.450532913208008,ok
LA_D_3057475,12.370864868164062,12.389120101928711,ok
LA_D_3057551,12.358789443969727,12.402615547180176,ok
LA_D_3057901,19.318025588989258,19.50102424621582,ok
LA_D_3059648,13.839534759521484,13.874726295471191,ok
LA_D_3060623,15.694584846496582,15.749184608459473,ok
LA_D_3061050,-12.493396759033203,-12.50369930267334,ok
LA_D_3061471,-3.0429413318634033,-3.049010753631592,ok
LA_D_3062025,-13.81014347076416,-13.836028099060059,ok
LA_D_3062235,13.919672012329102,13.944539070129395,ok
LA_D_3063506,12.94225788116455,12.963500022888184,ok
LA_D_3064595,-11.8565034866333,-11.871404647827148,ok
LA_D_3065072,15.284083366394043,15.293326377868652,ok
LA_D_3065174,10.689671516418457,10.72913932800293,ok
LA_D_3065517,13.284486770629883,13.285246849060059,ok
LA_D_3067742,20.55673599243164,20.564292907714844,ok
LA_D_3068570,13.718955039978027,13.788655281066895,ok
LA_D_3068710,13.445018768310547,13.471641540527344,ok
LA_D_3069822,15.437755584716797,15.480792045593262,ok
LA_D_3070334,10.007485389709473,10.029319763183594,ok
LA_D_3072540,16.446680068969727,16.510032653808594,ok
LA_D_3074985,-6.9440460205078125,-6.959075450897217,ok
LA_D_3075008,13.498333930969238,13.504501342773438,ok
LA_D_3075527,13.61423110961914,13.667218208312988,ok
LA_D_3075580,-6.203595161437988,-6.217552185058594,ok
LA_D_3077475,14.326972007751465,14.328091621398926,ok
LA_D_3078454,14.597064971923828,14.615556716918945,ok
LA_D_3078486,17.200971603393555,17.23195457458496,ok
LA_D_3079418,17.1733341217041,17.23967170715332,ok
LA_D_3080108,-14.549817085266113,-14.611105918884277,ok
LA_D_3080340,18.640779495239258,18.68154525756836,ok
LA_D_3081705,11.46042251586914,11.466753959655762,ok
LA_D_3081777,11.764965057373047,11.768867492675781,ok
LA_D_3082988,10.404135704040527,10.549722671508789,ok
LA_D_3083417,17.62767219543457,17.632295608520508,ok
LA_D_3084091,14.552346229553223,14.56651782989502,ok
LA_D_3084288,16.682355880737305,16.84800148010254,ok
LA_D_3084702,-7.588288307189941,-7.767861843109131,ok
LA_D_3085915,14.271552085876465,14.318646430969238,ok
LA_D_3087285,8.611831665039062,8.612041473388672,ok
LA_D_3087310,19.370525360107422,19.3731689453125,ok
LA_D_3087575,12.807968139648438,12.887118339538574,ok
LA_D_3087684,18.874797821044922,18.927297592163086,ok
LA_D_3087814,14.286940574645996,14.394336700439453,ok
LA_D_3088084,10.682581901550293,10.682724952697754,ok
LA_D_3089498,14.23602294921875,14.26566219329834,ok
LA_D_3090097,13.603050231933594,13.613929748535156,ok
LA_D_3090466,16.430194854736328,16.597246170043945,ok
LA_D_3090583,12.277481079101562,12.293614387512207,ok
LA_D_3092472,15.770849227905273,15.899859428405762,ok
LA_D_3092700,13.431477546691895,13.543293952941895,ok
LA_D_3092822,17.872865676879883,17.950170516967773,ok
LA_D_3093185,16.937278747558594,17.030054092407227,ok
LA_D_3093534,12.884471893310547,12.96484661102295,ok
LA_D_3094177,4.641660690307617,4.642105579376221,ok
LA_D_3094249,16.93566131591797,17.08241844177246,ok
LA_D_3094853,14.175238609313965,14.183350563049316,ok
LA_D_3094874,17.824369430541992,17.89449691772461,ok
LA_D_3097956,14.685953140258789,14.7047758102417,ok
LA_D_3098960,13.380548477172852,13.41447639465332,ok
LA_D_3100616,-15.231545448303223,-15.251110076904297,ok
LA_D_3100634,9.546943664550781,9.550179481506348,ok
LA_D_3101356,14.684505462646484,14.714287757873535,ok
LA_D_3101861,16.85862922668457,16.86644172668457,ok
LA_D_3101866,9.687810897827148,9.687810897827148,ok
LA_D_3104226,14.267704010009766,14.278326988220215,ok
LA_D_3104504,19.30600929260254,19.388547897338867,ok
LA_D_3104950,20.456151962280273,20.555110931396484,ok
LA_D_3105314,17.423965454101562,17.7048397064209,ok
LA_D_3106011,15.011878967285156,15.038385391235352,ok
LA_D_3106089,13.711875915527344,13.732597351074219,ok
LA_D_3106372,8.331403732299805,8.344645500183105,ok
LA_D_3106519,15.427070617675781,15.573783874511719,ok
LA_D_3107692,14.51845645904541,14.626044273376465,ok
LA_D_3109173,12.422613143920898,12.436148643493652,ok
LA_D_3109309,13.994752883911133,14.038122177124023,ok
LA_D_3109683,11.006247520446777,11.0072603225708,ok
LA_D_3109792,12.920207977294922,12.990849494934082,ok
LA_D_3111133,10.578642845153809,10.597846031188965,ok
LA_D_3112339,14.001520156860352,14.035276412963867,ok
LA_D_3112824,10.852259635925293,10.889697074890137,ok
LA_D_3113300,10.715030670166016,10.72421932220459,ok
LA_D_3113314,0.9302074909210205,0.920356273651123,ok
LA_D_3113412,12.09561824798584,12.130431175231934,ok
LA_D_3113960,15.175690650939941,15.208954811096191,ok
LA_D_3114167,16.55986785888672,16.584760665893555,ok
LA_D_3114677,18.083280563354492,18.092206954956055,ok
LA_D_3114938,11.050061225891113,11.050366401672363,ok
LA_D_3115301,11.001203536987305,11.065999031066895,ok
LA_D_3115572,12.162493705749512,12.193625450134277,ok
LA_D_3115590,13.309415817260742,13.397089958190918,ok
LA_D_3115750,13.26123332977295,13.25212574005127,ok
LA_D_3116201,-14.315094947814941,-14.35348892211914,ok
LA_D_3116504,8.606411933898926,8.60804271697998,ok
LA_D_3116736,11.084959983825684,11.077901840209961,ok
LA_D_3117119,-13.106578826904297,-13.109593391418457,ok
LA_D_3117274,12.39525032043457,12.395256996154785,ok
LA_D_3117454,17.42859649658203,17.450410842895508,ok
LA_D_3117655,13.073222160339355,13.093123435974121,ok
LA_D_3118362,20.110965728759766,20.146631240844727,ok
LA_D_3118975,13.861849784851074,13.908429145812988,ok
LA_D_3119133,18.89425277709961,18.904020309448242,ok
LA_D_3119195,12.439818382263184,12.438387870788574,ok
LA_D_3119853,10.269968032836914,10.27049732208252,ok
LA_D_3121037,16.021169662475586,16.07533836364746,ok
LA_D_3121066,2.9288978576660156,2.9563403129577637,ok
LA_D_3122174,7.0066118240356445,6.975051403045654,ok
LA_D_3122333,17.23784065246582,17.82204818725586,ok
LA_D_3122510,-15.135095596313477,-15.146201133728027,ok
LA_D_3124216,14.244471549987793,14.25760555267334,ok
LA_D_3124251,-11.514565467834473,-11.520289421081543,ok
LA_D_3124864,18.105304718017578,18.114442825317383,ok
LA_D_3126147,13.19725513458252,13.201066017150879,ok
LA_D_3128008,15.969398498535156,16.023799896240234,ok
LA_D_3128163,16.311735153198242,16.324033737182617,ok
LA_D_3129767,12.576681137084961,12.583908081054688,ok
LA_D_3129833,16.384185791015625,16.38957405090332,ok
LA_D_3129993,13.402774810791016,13.420127868652344,ok
LA_D_3130241,11.63012981414795,11.701221466064453,ok
LA_D_3130414,12.342487335205078,12.357327461242676,ok
LA_D_3130678,12.755987167358398,12.759073257446289,ok
LA_D_3131527,17.241823196411133,17.300622940063477,ok
LA_D_3132921,11.642072677612305,11.639702796936035,ok
LA_D_3133562,17.526458740234375,17.555007934570312,ok
LA_D_3134629,10.410568237304688,10.466012001037598,ok
LA_D_3135599,9.909997940063477,9.909283638000488,ok
LA_D_3135627,16.46051025390625,16.46394920349121,ok
LA_D_3135628,13.091846466064453,13.105504035949707,ok
LA_D_3136384,16.711088180541992,16.740413665771484,ok
LA_D_3138020,12.457561492919922,12.46115779876709,ok
LA_D_3138080,8.362482070922852,8.359784126281738,ok
LA_D_3139557,14.900734901428223,14.964631080627441,ok
LA_D_3140567,13.046403884887695,13.130199432373047,ok
LA_D_3141028,13.783832550048828,13.785122871398926,ok
LA_D_3142727,14.546737670898438,14.552130699157715,ok
LA_D_3143593,14.267906188964844,14.28942584991455,ok
LA_D_3144395,10.335787773132324,10.343836784362793,ok
LA_D_3144485,15.051910400390625,15.082605361938477,ok
LA_D_3144528,18.163585662841797,18.220067977905273,ok
LA_D_3144655,9.890830039978027,9.914448738098145,ok
LA_D_3145865,14.796406745910645,14.796510696411133,ok
LA_D_3146791,14.318727493286133,14.42044448852539,ok
LA_D_3148237,18.20012664794922,18.308265686035156,ok
LA_D_3149229,15.211921691894531,15.235396385192871,ok
LA_D_3150054,15.748950958251953,15.871819496154785,ok
LA_D_3150169,11.956262588500977,12.064471244812012,ok
LA_D_3150235,-12.96860408782959,-12.97527027130127,ok
LA_D_3150295,11.978590965270996,11.98041820526123,ok
LA_D_3150574,18.644084930419922,18.721818923950195,ok
LA_D_3150612,15.110954284667969,15.120311737060547,ok
LA_D_3151652,12.816976547241211,12.859639167785645,ok
LA_D_3151881,15.680730819702148,15.719409942626953,ok
LA_D_3152954,16.060543060302734,16.09079933166504,ok
LA_D_3153050,8.912897109985352,8.914435386657715,ok
LA_D_3153699,15.032600402832031,15.095597267150879,ok
LA_D_3154368,-13.628401756286621,-13.64335823059082,ok
LA_D_3154837,15.239322662353516,15.246832847595215,ok
LA_D_3157175,20.027929306030273,20.08612823486328,ok
LA_D_3158494,8.240147590637207,8.34763240814209,ok
LA_D_3158600,13.451123237609863,13.45589542388916,ok
LA_D_3158608,14.550640106201172,14.551146507263184,ok
LA_D_3158956,12.963345527648926,13.05439567565918,ok
LA_D_3159204,16.14244842529297,16.142484664916992,ok
LA_D_3162269,14.885830879211426,14.927773475646973,ok
LA_D_3162441,17.456499099731445,17.46334457397461,ok
LA_D_3163081,14.619229316711426,14.774965286254883,ok
LA_D_3163255,-12.033302307128906,-12.0419340133667,ok
LA_D_3163751,17.31102180480957,17.311674118041992,ok
LA_D_3164806,14.188239097595215,14.198716163635254,ok
LA_D_3165659,10.774025917053223,10.787373542785645,ok
LA_D_3169361,20.146991729736328,20.198286056518555,ok
LA_D_3169410,-12.374930381774902,-12.411603927612305,ok
LA_D_3169991,17.022504806518555,17.031522750854492,ok
LA_D_3170323,1.6809933185577393,1.6769570112228394,ok
LA_D_3170420,-14.091265678405762,-14.11894702911377,ok
LA_D_3171047,2.6916544437408447,2.6933364868164062,ok
LA_D_3171199,9.710862159729004,9.713740348815918,ok
LA_D_3171725,16.17446517944336,16.258310317993164,ok
LA_D_3173565,17.71360206604004,17.82133674621582,ok
LA_D_3174145,6.49044942855835,6.6464152336120605,ok
LA_D_3174960,11.769933700561523,12.058362007141113,ok
LA_D_3174998,-8.815207481384277,-8.960550308227539,ok
LA_D_3176069,12.504161834716797,12.53218936920166,ok
LA_D_3176378,9.22294807434082,9.224875450134277,ok
LA_D_3176946,17.959318161010742,18.001953125,ok
LA_D_3176978,13.783553123474121,13.805865287780762,ok
LA_D_3177701,11.514328002929688,11.51469898223877,ok
LA_D_3177863,16.783979415893555,16.799413681030273,ok
LA_D_3178726,11.908221244812012,12.034781455993652,ok
LA_D_3179260,14.964879035949707,15.008467674255371,ok
LA_D_3179309,16.448802947998047,16.474618911743164,ok
LA_D_3179337,15.08596420288086,15.111954689025879,ok
LA_D_3179951,12.932774543762207,12.95042896270752,ok
LA_D_3180081,13.579404830932617,13.639636039733887,ok
LA_D_3180411,14.999695777893066,15.029226303100586,ok
LA_D_3182064,9.540349960327148,9.590576171875,ok
LA_D_3183800,11.727157592773438,11.770451545715332,ok
LA_D_3184170,12.863346099853516,12.975290298461914,ok
LA_D_3184245,19.118520736694336,19.125410079956055,ok
LA_D_3184350,10.709249496459961,10.708966255187988,ok
LA_D_3184698,16.171371459960938,16.31084632873535,ok
LA_D_3186042,7.665428638458252,7.66368293762207,ok
LA_D_3186776,16.597166061401367,16.617027282714844,ok
LA_D_3187395,11.401450157165527,11.407496452331543,ok
LA_D_3188234,13.514626502990723,13.5689058303833,ok
LA_D_3189890,15.169411659240723,15.177462577819824,ok
LA_D_3192629,14.27180004119873,14.272149085998535,ok
LA_D_3193424,17.847341537475586,17.858930587768555,ok
LA_D_3194286,-9.954056739807129,-9.97298526763916,ok
LA_D_3194587,17.838838577270508,18.1882266998291,ok
LA_D_3195295,15.728649139404297,15.825840950012207,ok
LA_D_3195614,21.960681915283203,22.042940139770508,ok
LA_D_3197490,13.305135726928711,13.318744659423828,ok
LA_D_3197569,12.429140090942383,12.429073333740234,ok
LA_D_3197572,16.368804931640625,16.41455841064453,ok
LA_D_3197929,15.736675262451172,15.778607368469238,ok
LA_D_3198087,-15.039201736450195,-15.05440616607666,ok
LA_D_3198381,13.907817840576172,13.937100410461426,ok
LA_D_3198699,14.716259956359863,14.737466812133789,ok
LA_D_3199021,16.03310203552246,16.069808959960938,ok
LA_D_3199741,11.752484321594238,11.77465534210205,ok
LA_D_3200206,16.18424415588379,16.209516525268555,ok
LA_D_3200727,19.73536491394043,19.78618049621582,ok
LA_D_3203561,17.12139320373535,17.19443130493164,ok
LA_D_3204150,9.787808418273926,9.792317390441895,ok
LA_D_3204366,11.102195739746094,11.113499641418457,ok
LA_D_3205024,7.91077995300293,7.924135684967041,ok
LA_D_3205671,-13.768037796020508,-13.779243469238281,ok
LA_D_3207501,16.578174591064453,16.58678436279297,ok
LA_D_3207833,15.28990650177002,15.331998825073242,ok
LA_D_3210739,-8.004807472229004,-8.009425163269043,ok
LA_D_3211269,14.360709190368652,14.378405570983887,ok
LA_D_3211293,18.480491638183594,18.55316925048828,ok
LA_D_3211435,-15.865818977355957,-15.88626766204834,ok
LA_D_3211572,16.519865036010742,16.528812408447266,ok
LA_D_3212454,13.086276054382324,13.142340660095215,ok
LA_D_3213386,14.059392929077148,14.063565254211426,ok
LA_D_3213920,18.160587310791016,18.20473289489746,ok
LA_D_3215318,12.17661190032959,12.182295799255371,ok
LA_D_3217329,13.748137474060059,13.786015510559082,ok
LA_D_3217409,16.226877212524414,16.238126754760742,ok
LA_D_3220081,12.940237998962402,12.950577735900879,ok
LA_D_3220337,15.229154586791992,15.236536979675293,ok
LA_D_3222129,16.381620407104492,16.40272331237793,ok
LA_D_3224671,-13.851141929626465,-13.89778995513916,ok
LA_D_3224812,9.434091567993164,9.434110641479492,ok
LA_D_3225529,13.752707481384277,13.793946266174316,ok
LA_D_3226074,14.624785423278809,14.649916648864746,ok
LA_D_3226693,15.546446800231934,15.588944435119629,ok
LA_D_3227446,16.604930877685547,16.62297248840332,ok
LA_D_3228132,20.11821937561035,20.131990432739258,ok
LA_D_3228176,10.889892578125,10.927287101745605,ok
LA_D_3229118,13.761293411254883,13.782562255859375,ok
LA_D_3229215,-11.552451133728027,-11.565974235534668,ok
LA_D_3229435,13.933252334594727,13.934874534606934,ok
LA_D_3230643,17.8188419342041,17.92600440979004,ok
LA_D_3230806,15.5577392578125,15.57312297821045,ok
LA_D_3230838,15.044686317443848,15.124695777893066,ok
LA_D_3231093,16.292064666748047,16.34527587890625,ok
LA_D_3232132,5.987733840942383,5.9897308349609375,ok
LA_D_3232533,10.62625789642334,10.625996589660645,ok
LA_D_3233282,17.566781997680664,17.58753776550293,ok
LA_D_3233966,-14.300385475158691,-14.30686092376709,ok
LA_D_3239072,13.991772651672363,14.0720796585083,ok
LA_D_3241180,12.985113143920898,13.039978981018066,ok
LA_D_3242114,8.896099090576172,8.8954496383667,ok
LA_D_3242439,10.268205642700195,10.261722564697266,ok
LA_D_3242739,12.917890548706055,12.918976783752441,ok
LA_D_3243106,12.0433349609375,12.110745429992676,ok
LA_D_3243854,16.720645904541016,16.738040924072266,ok
LA_D_3244196,12.178959846496582,12.266345024108887,ok
LA_D_3244618,17.05463218688965,17.12696647644043,ok
LA_D_3244699,12.938063621520996,12.958209037780762,ok
LA_D_3245031,13.462532997131348,13.464859962463379,ok
LA_D_3246218,11.145711898803711,11.19905948638916,ok
LA_D_3247685,-13.561189651489258,-13.629467964172363,ok
LA_D_3248074,10.058452606201172,10.058459281921387,ok
LA_D_3248256,15.68037223815918,15.718634605407715,ok
LA_D_3248319,10.611725807189941,10.702303886413574,ok
LA_D_3248547,18.079425811767578,18.0803279876709,ok
LA_D_3249077,15.39787769317627,15.416884422302246,ok
LA_D_3249552,-12.481003761291504,-12.522926330566406,ok
LA_D_3250253,-14.550103187561035,-14.570660591125488,ok
LA_D_3250407,17.54473876953125,17.62326431274414,ok
LA_D_3250607,15.12309455871582,15.122800827026367,ok
LA_D_3250830,-14.424864768981934,-14.448983192443848,ok
LA_D_3251058,-16.849510192871094,-16.862642288208008,ok
LA_D_3251211,12.18494701385498,12.1864013671875,ok
LA_D_3251300,16.353137969970703,16.352441787719727,ok
LA_D_3253942,-12.185050010681152,-12.185689926147461,ok
LA_D_3254201,9.561797142028809,9.561227798461914,ok
LA_D_3255096,9.326336860656738,9.384708404541016,ok
LA_D_3255789,0.915061354637146,0.9330589175224304,ok
LA_D_3256090,7.094945430755615,7.103257179260254,ok
LA_D_3256092,11.962228775024414,11.959555625915527,ok
LA_D_3257808,7.268346786499023,7.376070499420166,ok
LA_D_3258000,13.560752868652344,13.595088005065918,ok
LA_D_3258501,-13.353378295898438,-13.38880729675293,ok
LA_D_3259137,17.41806411743164,17.435380935668945,ok
LA_D_3260123,14.581493377685547,14.8849515914917,ok
LA_D_3260640,14.341413497924805,14.352436065673828,ok
LA_D_3260902,13.093935012817383,13.09570598602295,ok
LA_D_3261219,14.72629451751709,14.738117218017578,ok
LA_D_3262859,-9.74692440032959,-9.897086143493652,ok
LA_D_3263334,17.831148147583008,17.852096557617188,ok
LA_D_3263579,13.89464282989502,13.905940055847168,ok
LA_D_3264696,-12.95638370513916,-12.970155715942383,ok
LA_D_3266246,12.389358520507812,12.504805564880371,ok
LA_D_3266553,13.324070930480957,13.327643394470215,ok
LA_D_3268836,-10.258527755737305,-10.271964073181152,ok
LA_D_3269593,17.21712875366211,17.25297737121582,ok
LA_D_3273302,17.667232513427734,17.743703842163086,ok
LA_D_3273842,13.029553413391113,13.032696723937988,ok
LA_D_3274531,-15.68053913116455,-15.684897422790527,ok
LA_D_3274635,10.098085403442383,10.112616539001465,ok
LA_D_3275794,18.34125518798828,18.363014221191406,ok
LA_D_3276030,23.498794555664062,23.526124954223633,ok
LA_D_3276105,13.294544219970703,13.317219734191895,ok
LA_D_3276721,8.601629257202148,8.597514152526855,ok
LA_D_3278230,14.77130126953125,14.794261932373047,ok
LA_D_3280853,-13.946471214294434,-13.950818061828613,ok
LA_D_3281386,8.238178253173828,8.244224548339844,ok
LA_D_3282066,18.254314422607422,18.30507469177246,ok
LA_D_3282769,13.1259126663208,13.327683448791504,ok
LA_D_3283074,12.811976432800293,12.813612937927246,ok
LA_D_3284727,14.790958404541016,14.822720527648926,ok
LA_D_3284907,15.410301208496094,15.462625503540039,ok
LA_D_3285424,15.677257537841797,15.692864418029785,ok
LA_D_3285435,14.481925010681152,14.515881538391113,ok
LA_D_3286040,12.219972610473633,12.333649635314941,ok
LA_D_3287162,17.704439163208008,17.811819076538086,ok
LA_D_3290566,10.5587158203125,10.56192684173584,ok
LA_D_3292062,15.690484046936035,15.715632438659668,ok
LA_D_3292105,12.779916763305664,12.87012767791748,ok
LA_D_3292767,11.104548454284668,11.124428749084473,ok
LA_D_3294853,16.69535255432129,16.710084915161133,ok
LA_D_3294977,14.473834991455078,14.540324211120605,ok
LA_D_3295441,12.351370811462402,12.391213417053223,ok
LA_D_3295650,10.011629104614258,10.01163101196289,ok
LA_D_3298952,16.823875427246094,16.918825149536133,ok
LA_D_3301231,15.337080955505371,15.368544578552246,ok
LA_D_3301577,15.099908828735352,15.116519927978516,ok
LA_D_3302549,14.945308685302734,15.073187828063965,ok
LA_D_3303443,14.564273834228516,14.567355155944824,ok
LA_D_3305146,19.578720092773438,19.769947052001953,ok
LA_D_3305165,12.46241283416748,12.580471992492676,ok
LA_D_3306187,-13.637900352478027,-13.666998863220215,ok
LA_D_3307235,14.315837860107422,14.323363304138184,ok
LA_D_3307287,12.259134292602539,12.2639741897583,ok
LA_D_3307902,11.816010475158691,11.841408729553223,ok
LA_D_3309731,16.163965225219727,16.186769485473633,ok
LA_D_3310507,17.348447799682617,17.35106086730957,ok
LA_D_3312475,-14.936849594116211,-14.983057975769043,ok
LA_D_3312747,12.822876930236816,12.882122993469238,ok
LA_D_3313031,15.214268684387207,15.221489906311035,ok
LA_D_3313241,7.833428859710693,7.83759880065918,ok
LA_D_3313354,15.189571380615234,15.219891548156738,ok
LA_D_3313777,13.117345809936523,13.176907539367676,ok
LA_D_3314744,6.399829387664795,6.402127742767334,ok
LA_D_3317337,9.386155128479004,9.402076721191406,ok
LA_D_3317920,12.589595794677734,12.593138694763184,ok
LA_D_3318711,14.156346321105957,14.211146354675293,ok
LA_D_3319355,13.60030460357666,13.602112770080566,ok
LA_D_3319403,13.170455932617188,13.208687782287598,ok
LA_D_3320713,17.97148323059082,17.975515365600586,ok
LA_D_3321986,13.985312461853027,13.9852933883667,ok
LA_D_3323539,-12.227851867675781,-12.245444297790527,ok
LA_D_3325540,14.651102066040039,14.666769027709961,ok
LA_D_3325797,18.789806365966797,18.820772171020508,ok
LA_D_3325936,10.465681076049805,10.498703956604004,ok
LA_D_3327924,-15.0034761428833,-15.049229621887207,ok
LA_D_3329701,-12.242972373962402,-12.27087116241455,ok
LA_D_3329999,13.775490760803223,13.808533668518066,ok
LA_D_3331368,16.264575958251953,16.32145118713379,ok
LA_D_3331528,14.470976829528809,14.473251342773438,ok
LA_D_3331849,13.828371047973633,13.867744445800781,ok
LA_D_3332845,13.14400577545166,13.183287620544434,ok
LA_D_3333324,13.505590438842773,13.598586082458496,ok
LA_D_3334659,15.334936141967773,15.468487739562988,ok
LA_D_3334928,16.3732967376709,16.38346290588379,ok
LA_D_3335716,13.684685707092285,13.742866516113281,ok
LA_D_3336031,11.110688209533691,11.13985538482666,ok
LA_D_3336827,14.672137260437012,14.685996055603027,ok
LA_D_3337239,11.707493782043457,11.708481788635254,ok
LA_D_3337611,16.673234939575195,16.680927276611328,ok
LA_D_3339394,15.343055725097656,15.428393363952637,ok
LA_D_3341294,12.514582633972168,12.530926704406738,ok
LA_D_3341814,12.634739875793457,12.634322166442871,ok
LA_D_3342069,12.259989738464355,12.523734092712402,ok
LA_D_3342452,-6.552186489105225,-6.554612636566162,ok
LA_D_3342664,15.938395500183105,15.94497013092041,ok
LA_D_3346281,17.0706729888916,17.07082176208496,ok
LA_D_3346891,14.287187576293945,14.29969310760498,ok
LA_D_3347156,13.243282318115234,13.244168281555176,ok
LA_D_3347716,9.604263305664062,9.64462947845459,ok
LA_D_3347861,13.18867301940918,13.198738098144531,ok
LA_D_3348941,-13.511758804321289,-13.549050331115723,ok
LA_D_3349453,8.310295104980469,8.309637069702148,ok
LA_D_3349461,9.644976615905762,9.659818649291992,ok
LA_D_3349542,11.901548385620117,11.933349609375,ok
LA_D_3350240,4.890979290008545,4.890585422515869,ok
LA_D_3352586,12.368490219116211,12.369102478027344,ok
LA_D_3353739,19.414709091186523,19.49400520324707,ok
LA_D_3353973,18.4695987701416,18.469966888427734,ok
LA_D_3354359,12.060704231262207,12.185530662536621,ok
LA_D_3355874,15.598896980285645,15.66303539276123,ok
LA_D_3356308,15.351058959960938,15.358688354492188,ok
LA_D_3357328,16.305233001708984,16.32644271850586,ok
LA_D_3359713,8.522768020629883,8.5228853225708,ok
LA_D_3360066,13.366181373596191,13.513199806213379,ok
LA_D_3364219,11.538382530212402,11.538920402526855,ok
LA_D_3367868,19.363910675048828,19.367700576782227,ok
LA_D_3368030,12.732514381408691,12.764437675476074,ok
LA_D_3368444,16.293554306030273,16.372438430786133,ok
LA_D_3369365,13.160018920898438,13.162226676940918,ok
LA_D_3371337,15.459696769714355,15.512420654296875,ok
LA_D_3373017,-12.617630004882812,-12.631026268005371,ok
LA_D_3373431,-14.211986541748047,-14.292576789855957,ok
LA_D_3373606,16.353116989135742,16.36177635192871,ok
LA_D_3373830,16.959095001220703,17.069271087646484,ok
LA_D_3374460,12.674751281738281,12.682394981384277,ok
LA_D_3374782,16.063722610473633,16.068653106689453,ok
LA_D_3375546,8.805801391601562,8.835034370422363,ok
LA_D_3375685,8.645611763000488,8.653521537780762,ok
LA_D_3375994,13.10436725616455,13.11666202545166,ok
LA_D_3376676,15.513401985168457,15.538454055786133,ok
LA_D_3376846,17.36441993713379,17.43235206604004,ok
LA_D_3376856,17.59996223449707,17.763813018798828,ok
LA_D_3377038,21.536144256591797,21.583358764648438,ok
LA_D_3377698,-11.02953052520752,-11.271132469177246,ok
LA_D_3378402,9.414419174194336,9.409737586975098,ok
LA_D_3378615,10.691858291625977,10.710803031921387,ok
LA_D_3379000,11.359874725341797,11.4120454788208,ok
LA_D_3379127,15.870171546936035,15.863519668579102,ok
LA_D_3379278,17.420949935913086,17.4561767578125,ok
LA_D_3380409,17.686481475830078,17.73416519165039,ok
LA_D_3381862,14.397848129272461,14.423667907714844,ok
LA_D_3383046,14.612929344177246,14.651542663574219,ok
LA_D_3383198,-10.600334167480469,-10.610825538635254,ok
LA_D_3384993,11.312386512756348,11.409750938415527,ok
LA_D_3386014,11.421669006347656,11.437758445739746,ok
LA_D_3386727,18.483722686767578,18.485750198364258,ok
LA_D_3387666,15.46479320526123,15.491047859191895,ok
LA_D_3387918,13.981440544128418,14.05189037322998,ok
LA_D_3387937,12.544103622436523,12.563300132751465,ok
LA_D_3387945,13.246381759643555,13.260293960571289,ok
LA_D_3389603,12.85043716430664,12.853493690490723,ok
LA_D_3389737,-15.16806697845459,-15.190999031066895,ok
LA_D_3392617,13.29912281036377,13.301289558410645,ok
LA_D_3392778,10.557652473449707,10.561434745788574,ok
LA_D_3393465,15.138463020324707,15.210906028747559,ok
LA_D_3395278,13.028881072998047,13.045392036437988,ok
LA_D_3395368,18.05990219116211,18.08336639404297,ok
LA_D_3397208,-14.948701858520508,-14.96033000946045,ok
LA_D_3398271,13.776015281677246,13.786920547485352,ok
LA_D_3398607,11.508601188659668,11.51783275604248,ok
LA_D_3399535,13.618934631347656,13.626690864562988,ok
LA_D_3399790,-12.243038177490234,-12.305699348449707,ok
LA_D_3399798,6.666154861450195,6.668105602264404,ok
LA_D_3401079,20.43156623840332,20.49677085876465,ok
LA_D_3401398,17.18599510192871,17.192411422729492,ok
LA_D_3402273,14.173062324523926,14.198418617248535,ok
LA_D_3404722,13.597895622253418,13.600953102111816,ok
LA_D_3405582,10.377216339111328,10.387377738952637,ok
LA_D_3405832,-13.667757987976074,-13.71306324005127,ok
LA_D_3406247,-13.371320724487305,-13.383341789245605,ok
LA_D_3408202,19.425838470458984,19.466978073120117,ok
LA_D_3409145,-13.587851524353027,-13.601615905761719,ok
LA_D_3409583,16.7880859375,16.939476013183594,ok
LA_D_3410467,14.410784721374512,14.472289085388184,ok
LA_D_3410479,-13.737003326416016,-13.756014823913574,ok
LA_D_3410619,10.604857444763184,10.604964256286621,ok
LA_D_3411132,11.8037748336792,11.80876350402832,ok
LA_D_3411825,12.838220596313477,12.83121395111084,ok
LA_D_3412324,15.219279289245605,15.26329517364502,ok
LA_D_3412330,14.477466583251953,14.507197380065918,ok
LA_D_3412517,16.098800659179688,16.160005569458008,ok
LA_D_3412736,16.294200897216797,16.302310943603516,ok
LA_D_3413740,15.553777694702148,15.568150520324707,ok
LA_D_3413905,16.063182830810547,16.123483657836914,ok
LA_D_3413908,15.905438423156738,15.929933547973633,ok
LA_D_3415474,12.702218055725098,12.734902381896973,ok
LA_D_3415789,15.808754920959473,15.850907325744629,ok
LA_D_3416276,4.2804155349731445,4.280904293060303,ok
LA_D_3416456,12.869132041931152,13.114219665527344,ok
LA_D_3416535,11.696371078491211,11.696565628051758,ok
LA_D_3416825,5.165877819061279,5.190852642059326,ok
LA_D_3416934,16.893966674804688,16.937040328979492,ok
LA_D_3416978,16.218996047973633,16.368288040161133,ok
LA_D_3417657,14.45151424407959,14.462258338928223,ok
LA_D_3418140,18.607425689697266,18.683862686157227,ok
LA_D_3418220,14.826457023620605,14.851557731628418,ok
LA_D_3418840,10.241087913513184,10.283650398254395,ok
LA_D_3419658,14.246173858642578,14.381265640258789,ok
LA_D_3420388,17.524629592895508,17.57444190979004,ok
LA_D_3421085,16.2061824798584,16.48764991760254,ok
LA_D_3421613,16.130685806274414,16.146947860717773,ok
LA_D_3422355,15.247200012207031,15.28699779510498,ok
LA_D_3423664,19.792787551879883,19.89584732055664,ok
LA_D_3424068,9.118826866149902,9.119707107543945,ok
LA_D_3424949,12.776583671569824,12.789924621582031,ok
LA_D_3425507,12.292805671691895,12.292386054992676,ok
LA_D_3425732,14.023834228515625,14.067413330078125,ok
LA_D_3425851,15.207201957702637,15.296735763549805,ok
LA_D_3425869,12.349449157714844,12.351909637451172,ok
LA_D_3425893,9.859417915344238,9.908278465270996,ok
LA_D_3426729,15.388453483581543,15.405390739440918,ok
LA_D_3427278,17.9818058013916,18.050373077392578,ok
LA_D_3427328,18.97565269470215,18.99203872680664,ok
LA_D_3428449,11.729437828063965,11.743403434753418,ok
LA_D_3429746,10.217741966247559,10.255179405212402,ok
LA_D_3430397,11.989859580993652,11.989888191223145,ok
LA_D_3430677,18.129817962646484,18.14314079284668,ok
LA_D_3431144,15.515203475952148,15.577078819274902,ok
LA_D_3431472,12.453054428100586,12.465582847595215,ok
LA_D_3432100,13.72481632232666,13.737845420837402,ok
LA_D_3432834,18.70393180847168,18.80304527282715,ok
LA_D_3434212,13.173680305480957,13.204910278320312,ok
LA_D_3434819,14.942904472351074,15.035832405090332,ok
LA_D_3434821,10.442877769470215,10.465546607971191,ok
LA_D_3435616,14.012648582458496,14.02320671081543,ok
LA_D_3435721,20.548419952392578,20.776968002319336,ok
LA_D_3435784,16.03704071044922,16.038373947143555,ok
LA_D_3435957,15.30894660949707,15.35956859588623,ok
LA_D_3436742,15.876715660095215,16.005474090576172,ok
LA_D_3436779,23.996540069580078,24.258325576782227,ok
LA_D_3438062,11.903176307678223,12.023070335388184,ok
LA_D_3438542,9.232171058654785,9.27355670928955,ok
LA_D_3440131,-12.913958549499512,-12.915751457214355,ok
LA_D_3440449,8.363402366638184,8.365200996398926,ok
LA_D_3440841,15.328096389770508,15.410405158996582,ok
LA_D_3441226,13.195690155029297,13.192464828491211,ok
LA_D_3441390,16.473663330078125,16.473669052124023,ok
LA_D_3441965,4.006030082702637,4.005041122436523,ok
LA_D_3442349,16.278717041015625,16.283655166625977,ok
LA_D_3443299,16.545982360839844,16.561399459838867,ok
LA_D_3443410,14.078575134277344,14.091633796691895,ok
LA_D_3443703,-14.3750638961792,-14.635358810424805,ok
LA_D_3444541,-13.973760604858398,-13.986231803894043,ok
LA_D_3444944,12.57807731628418,12.65080738067627,ok
LA_D_3445488,14.322027206420898,14.333330154418945,ok
LA_D_3445715,14.981560707092285,14.985672950744629,ok
LA_D_3446159,10.408916473388672,10.45940113067627,ok
LA_D_3446645,18.17012596130371,18.187456130981445,ok
LA_D_3448069,13.687679290771484,13.695712089538574,ok
LA_D_3449059,15.547581672668457,15.57583999633789,ok
LA_D_3449675,16.722164154052734,16.750816345214844,ok
LA_D_3449692,15.528779029846191,15.726716041564941,ok
LA_D_3450019,16.702957153320312,16.793912887573242,ok
LA_D_3450749,15.96882438659668,16.032541275024414,ok
LA_D_3451581,9.339159965515137,9.360397338867188,ok
LA_D_3452933,11.269762992858887,11.30302906036377,ok
LA_D_3453232,12.041008949279785,12.052409172058105,ok
LA_D_3457024,12.15721607208252,12.194628715515137,ok
LA_D_3457581,16.76898193359375,16.81404685974121,ok
LA_D_3457616,14.786750793457031,14.795727729797363,ok
LA_D_3459378,14.085366249084473,14.08821964263916,ok
LA_D_3460862,15.266499519348145,15.267367362976074,ok
LA_D_3461793,14.948830604553223,14.966731071472168,ok
LA_D_3461825,24.644887924194336,24.718175888061523,ok
LA_D_3461953,10.298440933227539,10.297005653381348,ok
LA_D_3464373,12.741043090820312,12.76854419708252,ok
LA_D_3465485,15.502549171447754,15.541841506958008,ok
LA_D_3465878,14.280204772949219,14.325396537780762,ok
LA_D_3466785,9.390012741088867,9.398648262023926,ok
LA_D_3467346,-14.186511993408203,-14.233668327331543,ok
LA_D_3467485,-12.792078971862793,-12.83290958404541,ok
LA_D_3468243,17.44957733154297,17.656545639038086,ok
LA_D_3468801,13.579753875732422,13.584458351135254,ok
LA_D_3469008,17.81012725830078,17.814556121826172,ok
LA_D_3470313,16.302867889404297,16.316869735717773,ok
LA_D_3470341,14.132983207702637,14.147786140441895,ok
LA_D_3472117,11.528451919555664,11.577071189880371,ok
LA_D_3472699,11.549718856811523,11.63375473022461,ok
LA_D_3472855,17.42502212524414,17.486942291259766,ok
LA_D_3473674,17.288240432739258,17.293933868408203,ok
LA_D_3474604,18.415061950683594,18.5007266998291,ok
LA_D_3475865,-14.10727596282959,-14.113598823547363,ok
LA_D_3476544,-9.946637153625488,-9.958139419555664,ok
LA_D_3476552,11.96497631072998,11.986454963684082,ok
LA_D_3476775,14.932746887207031,15.008709907531738,ok
LA_D_3476956,-13.33889102935791,-13.460610389709473,ok
LA_D_3477279,15.026236534118652,15.238344192504883,ok
LA_D_3478144,16.59701919555664,16.614782333374023,ok
LA_D_3479801,-15.208949089050293,-15.228608131408691,ok
LA_D_3481053,11.723679542541504,11.7283935546875,ok
LA_D_3481326,14.725227355957031,14.72536849975586,ok
LA_D_3481855,7.8448357582092285,7.915861129760742,ok
LA_D_3481947,12.403820991516113,12.41439151763916,ok
LA_D_3482541,10.646147727966309,10.644246101379395,ok
LA_D_3482661,-11.9075288772583,-11.909520149230957,ok
LA_D_3483451,-14.448893547058105,-14.557576179504395,ok
LA_D_3484658,14.52156925201416,14.551172256469727,ok
LA_D_3485246,12.232522010803223,12.23786449432373,ok
LA_D_3486393,14.028834342956543,14.126612663269043,ok
LA_D_3487340,14.30033016204834,14.364789009094238,ok
LA_D_3490249,12.128665924072266,12.129237174987793,ok
LA_D_3490654,18.148662567138672,18.148778915405273,ok
LA_D_3492096,14.4857816696167,14.556355476379395,ok
LA_D_3492327,24.08353042602539,24.118314743041992,ok
LA_D_3494648,1.7519270181655884,1.756597876548767,ok
LA_D_3495106,14.211651802062988,14.331064224243164,ok
LA_D_3495418,11.073515892028809,11.075005531311035,ok
LA_D_3495463,11.26744556427002,11.29242992401123,ok
LA_D_3495466,18.94061279296875,19.073959350585938,ok
LA_D_3495492,15.07446575164795,15.14562702178955,ok
LA_D_3495507,12.22793960571289,12.229327201843262,ok
LA_D_3496116,13.755382537841797,13.769866943359375,ok
LA_D_3496241,7.227086544036865,7.227926254272461,ok
LA_D_3496584,19.128650665283203,19.137187957763672,ok
LA_D_3496658,16.236665725708008,16.253637313842773,ok
LA_D_3497818,9.963815689086914,9.98388671875,ok
LA_D_3497883,12.586055755615234,12.620354652404785,ok
LA_D_3498197,17.382627487182617,17.429569244384766,ok
LA_D_3498834,11.668582916259766,11.676941871643066,ok
LA_D_3499835,9.737127304077148,9.73993968963623,ok
LA_D_3499981,12.1908540725708,12.198307991027832,ok
LA_D_3501342,9.7573881149292,9.753539085388184,ok
LA_D_3504200,8.822502136230469,8.828461647033691,ok
LA_D_3504984,14.412919044494629,14.429710388183594,ok
LA_D_3506531,15.882913589477539,15.941221237182617,ok
LA_D_3506569,16.77976417541504,16.837759017944336,ok
LA_D_3507662,13.048311233520508,13.049052238464355,ok
LA_D_3507835,9.11837100982666,9.136612892150879,ok
LA_D_3508441,14.00603199005127,14.04254150390625,ok
LA_D_3508879,7.766539096832275,7.765581130981445,ok
LA_D_3509644,15.602925300598145,15.706435203552246,ok
LA_D_3510395,14.165727615356445,14.19944953918457,ok
LA_D_3510615,16.469369888305664,16.470945358276367,ok
LA_D_3512251,9.60013198852539,9.617318153381348,ok
LA_D_3512316,16.05740737915039,16.10735511779785,ok
LA_D_3512336,16.227935791015625,16.234819412231445,ok
LA_D_3512887,13.511159896850586,13.578999519348145,ok
LA_D_3513335,-15.28339958190918,-15.305070877075195,ok
LA_D_3514242,-14.391307830810547,-14.605268478393555,ok
LA_D_3514513,12.185111045837402,12.18431568145752,ok
LA_D_3515006,16.15909767150879,16.159881591796875,ok
LA_D_3517587,15.598666191101074,15.622573852539062,ok
LA_D_3519840,-15.57934284210205,-15.601582527160645,ok
LA_D_3522779,14.528797149658203,14.536540031433105,ok
LA_D_3522934,17.30597686767578,17.394428253173828,ok
LA_D_3523121,12.114578247070312,12.1198148727417,ok
LA_D_3523213,14.770259857177734,14.867231369018555,ok
LA_D_3524386,12.121959686279297,12.176603317260742,ok
LA_D_3525708,13.184532165527344,13.209450721740723,ok
LA_D_3526413,-12.515549659729004,-12.517403602600098,ok
LA_D_3526562,17.884517669677734,17.942724227905273,ok
LA_D_3527270,14.878137588500977,14.906872749328613,ok
LA_D_3527786,13.483993530273438,13.491475105285645,ok
LA_D_3529126,13.95103931427002,13.98762035369873,ok
LA_D_3529673,14.291464805603027,14.327718734741211,ok
LA_D_3533142,7.532477855682373,7.532589912414551,ok
LA_D_3533489,14.188321113586426,14.30808162689209,ok
LA_D_3533916,10.142904281616211,10.143171310424805,ok
LA_D_3534463,20.290740966796875,20.297163009643555,ok
LA_D_3534602,10.022165298461914,10.022459030151367,ok
LA_D_3536394,3.6111719608306885,3.6110920906066895,ok
LA_D_3536487,12.69651985168457,12.78062915802002,ok
LA_D_3538356,10.755302429199219,10.764704704284668,ok
LA_D_3538677,17.00013542175293,17.027650833129883,ok
LA_D_3539484,12.205925941467285,12.212447166442871,ok
LA_D_3539811,15.017263412475586,15.057859420776367,ok
LA_D_3539892,15.163741111755371,15.203701972961426,ok
LA_D_3542619,-14.074563980102539,-14.100024223327637,ok
LA_D_3543093,15.475476264953613,15.48930835723877,ok
LA_D_3544844,15.153605461120605,15.287883758544922,ok
LA_D_3545477,10.040753364562988,10.068245887756348,ok
LA_D_3545859,14.655384063720703,14.65827465057373,ok
LA_D_3546305,9.474932670593262,9.474358558654785,ok
LA_D_3547035,-11.161398887634277,-11.174631118774414,ok
LA_D_3547584,19.70796775817871,19.750947952270508,ok
LA_D_3548300,14.65158462524414,14.68698787689209,ok
LA_D_3548515,-13.680405616760254,-13.686641693115234,ok
LA_D_3548689,14.242015838623047,14.262517929077148,ok
LA_D_3549897,13.172954559326172,13.175942420959473,ok
LA_D_3551244,12.282364845275879,12.309040069580078,ok
LA_D_3552234,15.643407821655273,15.70972728729248,ok
LA_D_3552805,5.41956090927124,5.503302574157715,ok
LA_D_3553006,13.997695922851562,14.003987312316895,ok
LA_D_3553429,14.097335815429688,14.120844841003418,ok
LA_D_3553483,14.789754867553711,14.78864574432373,ok
LA_D_3553967,18.016639709472656,18.21002769470215,ok
LA_D_3554651,12.26755142211914,12.324481964111328,ok
LA_D_3554660,20.6973819732666,20.792505264282227,ok
LA_D_3555076,16.643146514892578,16.70686912536621,ok
LA_D_3555349,11.770881652832031,11.801213264465332,ok
LA_D_3555723,15.862932205200195,15.883237838745117,ok
LA_D_3555810,9.337503433227539,9.34131145477295,ok
LA_D_3556001,14.750890731811523,14.793411254882812,ok
LA_D_3556561,15.572258949279785,15.60837459564209,ok
LA_D_3559270,-14.740128517150879,-14.881351470947266,ok
LA_D_3561784,13.775598526000977,13.833333969116211,ok
LA_D_3562009,14.188239097595215,14.232420921325684,ok
LA_D_3564164,-14.45712661743164,-14.504953384399414,ok
LA_D_3565165,28.519018173217773,28.883167266845703,ok
LA_D_3565303,18.550622940063477,18.610776901245117,ok
LA_D_3567404,15.389446258544922,15.405643463134766,ok
LA_D_3567520,16.429210662841797,16.664445877075195,ok
LA_D_3569726,16.7973575592041,16.86170196533203,ok
LA_D_3569824,-10.873234748840332,-10.891914367675781,ok
LA_D_3569855,17.611873626708984,17.613245010375977,ok
LA_D_3570749,-16.19549560546875,-16.218778610229492,ok
LA_D_3571070,16.36128044128418,16.45200538635254,ok
LA_D_3571216,15.603379249572754,15.658991813659668,ok
LA_D_3571681,15.919393539428711,15.9766845703125,ok
LA_D_3571831,13.411876678466797,13.424836158752441,ok
LA_D_3572777,15.290544509887695,15.313355445861816,ok
LA_D_3573085,13.297734260559082,13.301369667053223,ok
LA_D_3574020,15.375275611877441,15.427569389343262,ok
LA_D_3576459,-10.846667289733887,-10.853289604187012,ok
LA_D_3577801,-10.833571434020996,-10.834196090698242,ok
LA_D_3577998,18.0971736907959,18.10981559753418,ok
LA_D_3578253,10.825174331665039,10.874825477600098,ok
LA_D_3579076,18.196147918701172,18.19767189025879,ok
LA_D_3579245,15.720335006713867,15.732686042785645,ok
LA_D_3579781,-11.64334774017334,-11.651514053344727,ok
LA_D_3579823,11.640212059020996,11.647994041442871,ok
LA_D_3580620,11.744723320007324,11.81143569946289,ok
LA_D_3581277,5.410670280456543,5.41208028793335,ok
LA_D_3581963,15.967170715332031,16.013790130615234,ok
LA_D_3582263,10.718952178955078,10.719783782958984,ok
LA_D_3582380,9.614020347595215,9.614882469177246,ok
LA_D_3586862,10.329553604125977,10.341018676757812,ok
LA_D_3587612,19.758647918701172,19.77567481994629,ok
LA_D_3588547,16.050662994384766,16.110204696655273,ok
LA_D_3588628,15.392158508300781,15.401670455932617,ok
LA_D_3589247,14.392593383789062,14.416837692260742,ok
LA_D_3589383,13.91661262512207,13.97370433807373,ok
LA_D_3589733,18.718923568725586,18.737777709960938,ok
LA_D_3590829,16.849939346313477,16.986169815063477,ok
LA_D_3591261,18.9398193359375,19.075632095336914,ok
LA_D_3591679,13.597225189208984,13.640450477600098,ok
LA_D_3593160,9.659687042236328,9.670500755310059,ok
LA_D_3593928,16.497394561767578,16.497594833374023,ok
LA_D_3595174,11.29198932647705,11.316962242126465,ok
LA_D_3596015,-15.54908561706543,-15.570090293884277,ok
LA_D_3597531,12.245976448059082,12.262085914611816,ok
LA_D_3597601,14.909880638122559,14.95404052734375,ok
LA_D_3597738,17.588083267211914,17.617677688598633,ok
LA_D_3597947,9.232744216918945,9.295483589172363,ok
LA_D_3598081,9.734776496887207,9.737162590026855,ok
LA_D_3599443,-13.06209945678711,-13.0830659866333,ok
LA_D_3601430,-11.531347274780273,-11.617758750915527,ok
LA_D_3602669,13.253622055053711,13.333695411682129,ok
LA_D_3603256,11.28136157989502,11.341354370117188,ok
LA_D_3604214,14.11306095123291,14.111503601074219,ok
LA_D_3604610,-11.09281063079834,-11.095746994018555,ok
LA_D_3605046,11.101118087768555,11.104683876037598,ok
LA_D_3605088,15.647136688232422,15.64739990234375,ok
LA_D_3605726,10.175085067749023,10.198296546936035,ok
LA_D_3607289,-11.119016647338867,-11.151862144470215,ok
LA_D_3608535,9.838605880737305,9.838826179504395,ok
LA_D_3608783,12.270355224609375,12.272345542907715,ok
LA_D_3608947,11.214861869812012,11.289481163024902,ok
LA_D_3609505,16.28615379333496,16.29159164428711,ok
LA_D_3609977,-13.038942337036133,-13.049580574035645,ok
LA_D_3610743,13.58285140991211,13.609492301940918,ok
LA_D_3611170,15.06872844696045,15.077406883239746,ok
LA_D_3611237,16.496652603149414,16.529809951782227,ok
LA_D_3611560,11.537616729736328,11.53915023803711,ok
LA_D_3613644,12.158082008361816,12.174459457397461,ok
LA_D_3614881,16.284433364868164,16.297426223754883,ok
LA_D_3614949,16.17445182800293,16.192323684692383,ok
LA_D_3615500,13.139680862426758,13.151593208312988,ok
LA_D_3615708,11.590916633605957,11.593385696411133,ok
LA_D_3617105,16.731943130493164,16.773618698120117,ok
LA_D_3617321,13.330535888671875,13.33547306060791,ok
LA_D_3617757,18.613393783569336,18.616552352905273,ok
LA_D_3617770,14.102822303771973,14.134921073913574,ok
LA_D_3618771,14.54521369934082,14.545852661132812,ok
LA_D_3619292,16.919281005859375,16.971837997436523,ok
LA_D_3620817,12.1370267868042,12.1808443069458,ok
LA_D_3621506,11.264381408691406,11.311565399169922,ok
LA_D_3621540,11.658829689025879,11.732362747192383,ok
LA_D_3621915,11.60208511352539,11.601906776428223,ok
LA_D_3622353,15.88526725769043,15.980998039245605,ok
LA_D_3622835,-2.1801793575286865,-2.1957030296325684,ok
LA_D_3623206,-13.942733764648438,-13.966251373291016,ok
LA_D_3623933,9.343737602233887,9.343926429748535,ok
LA_D_3626485,9.770519256591797,9.859383583068848,ok
LA_D_3626798,16.998676300048828,17.002140045166016,ok
LA_D_3627257,10.50105094909668,10.490351676940918,ok
LA_D_3629732,12.386908531188965,12.387957572937012,ok
LA_D_3630229,9.45943832397461,9.46558666229248,ok
LA_D_3630490,11.368727684020996,11.40058422088623,ok
LA_D_3631999,-10.842854499816895,-10.846375465393066,ok
LA_D_3634368,17.2003116607666,17.23351287841797,ok
LA_D_3634420,9.258152961730957,9.264459609985352,ok
LA_D_3634650,17.2291259765625,17.30095863342285,ok
LA_D_3635351,15.67467212677002,15.7288179397583,ok
LA_D_3635835,10.811756134033203,10.816266059875488,ok
LA_D_3636142,9.829957008361816,9.833916664123535,ok
LA_D_3637154,11.67625904083252,11.685625076293945,ok
LA_D_3639272,12.522293090820312,12.528275489807129,ok
LA_D_3639376,12.61028003692627,12.639180183410645,ok
LA_D_3639895,12.784937858581543,12.807374000549316,ok
LA_D_3641330,12.253447532653809,12.253779411315918,ok
LA_D_3642434,23.18587303161621,23.20234489440918,ok
LA_D_3643887,14.845745086669922,14.861549377441406,ok
LA_D_3645082,8.564312934875488,8.565282821655273,ok
LA_D_3645170,14.909079551696777,14.913799285888672,ok
LA_D_3646040,13.866250991821289,13.886322975158691,ok
LA_D_3646143,13.724872589111328,13.729691505432129,ok
LA_D_3648769,12.988679885864258,12.992571830749512,ok
LA_D_3649862,14.796270370483398,14.874388694763184,ok
LA_D_3651367,13.588271141052246,13.619349479675293,ok
LA_D_3652898,13.128277778625488,13.167038917541504,ok
LA_D_3653770,18.70514678955078,18.722862243652344,ok
LA_D_3654875,14.947308540344238,15.10782527923584,ok
LA_D_3655047,13.696489334106445,13.7151517868042,ok
LA_D_3655500,-15.1351900100708,-15.14371395111084,ok
LA_D_3655812,12.21324348449707,12.234583854675293,ok
LA_D_3658031,15.31495475769043,15.420720100402832,ok
LA_D_3659236,17.276134490966797,17.334394454956055,ok
LA_D_3660282,13.216590881347656,13.256245613098145,ok
LA_D_3662303,12.411439895629883,12.441031455993652,ok
LA_D_3662875,13.320483207702637,13.333353996276855,ok
LA_D_3663843,13.143331527709961,13.185266494750977,ok
LA_D_3664298,13.1580810546875,13.189136505126953,ok
LA_D_3664914,10.474198341369629,10.47392463684082,ok
LA_D_3666430,9.625130653381348,9.651065826416016,ok
LA_D_3666804,12.87321662902832,12.878412246704102,ok
LA_D_3666824,12.87439250946045,12.895357131958008,ok
LA_D_3668484,-13.362297058105469,-13.362577438354492,ok
LA_D_3668631,12.890241622924805,12.915602684020996,ok
LA_D_3668954,7.331737518310547,7.3576579093933105,ok
LA_D_3669578,-7.404172897338867,-7.405378818511963,ok
LA_D_3669836,17.152978897094727,17.21052360534668,ok
LA_D_3671059,11.11871337890625,11.127021789550781,ok
LA_D_3671184,13.695764541625977,13.766095161437988,ok
LA_D_3671224,17.771350860595703,17.781667709350586,ok
LA_D_3671795,13.176960945129395,13.21981143951416,ok
LA_D_3672445,16.356264114379883,16.3972225189209,ok
LA_D_3673082,13.422269821166992,13.447770118713379,ok
LA_D_3673596,15.59244441986084,15.610821723937988,ok
LA_D_3673803,10.190142631530762,10.190143585205078,ok
LA_D_3674440,11.281702041625977,11.29788875579834,ok
LA_D_3674534,13.495169639587402,13.499825477600098,ok
LA_D_3674928,12.139334678649902,12.174260139465332,ok
LA_D_3675542,16.88677978515625,16.96444320678711,ok
LA_D_3675685,14.663217544555664,14.686802864074707,ok
LA_D_3675957,15.677783012390137,15.749329566955566,ok
LA_D_3676772,10.334161758422852,10.33174991607666,ok
LA_D_3676923,11.02038288116455,11.105134010314941,ok
LA_D_3678117,9.983509063720703,9.983748435974121,ok
LA_D_3679086,14.310517311096191,14.347219467163086,ok
LA_D_3679618,19.1450138092041,19.159048080444336,ok
LA_D_3680733,12.288514137268066,12.288002967834473,ok
LA_D_3681485,14.820560455322266,14.838401794433594,ok
LA_D_3681599,15.341110229492188,15.410341262817383,ok
LA_D_3682065,11.932673454284668,11.970036506652832,ok
LA_D_3682613,12.592228889465332,12.592832565307617,ok
LA_D_3683215,15.33926010131836,15.378743171691895,ok
LA_D_3685390,16.49251365661621,16.521875381469727,ok
LA_D_3687327,11.219972610473633,11.303437232971191,ok
LA_D_3687811,18.879562377929688,19.018484115600586,ok
LA_D_3688613,16.0432186126709,16.122303009033203,ok
LA_D_3688837,18.219758987426758,18.29082489013672,ok
LA_D_3689048,12.7273588180542,12.808123588562012,ok
LA_D_3690604,7.958854675292969,7.9873785972595215,ok
LA_D_3691360,-13.777459144592285,-13.798975944519043,ok
LA_D_3691538,16.262609481811523,16.416358947753906,ok
LA_D_3691736,15.821037292480469,15.859162330627441,ok
LA_D_3691914,13.588004112243652,13.658034324645996,ok
LA_D_3694012,15.997998237609863,16.105003356933594,ok
LA_D_3694037,9.13032054901123,9.15229606628418,ok
LA_D_3694349,8.374395370483398,8.375215530395508,ok
LA_D_3695422,16.104768753051758,16.142202377319336,ok
LA_D_3695649,14.251985549926758,14.285714149475098,ok
LA_D_3697262,13.940295219421387,13.944951057434082,ok
LA_D_3698358,-13.832219123840332,-13.835820198059082,ok
LA_D_3700696,11.6476411819458,11.659893989562988,ok
LA_D_3701247,16.674192428588867,16.700517654418945,ok
LA_D_3703420,11.54194164276123,11.546756744384766,ok
LA_D_3703706,14.779620170593262,14.782649040222168,ok
LA_D_3703829,5.370451927185059,5.3746418952941895,ok
LA_D_3705070,17.369497299194336,17.445770263671875,ok
LA_D_3706083,-14.163492202758789,-14.175461769104004,ok
LA_D_3706159,11.766731262207031,11.788370132446289,ok
LA_D_3707430,14.564266204833984,14.620453834533691,ok
LA_D_3707499,14.433947563171387,14.460265159606934,ok
LA_D_3707801,15.243178367614746,15.279133796691895,ok
LA_D_3708116,14.355809211730957,14.391280174255371,ok
LA_D_3709016,13.266768455505371,13.26810073852539,ok
LA_D_3709912,15.315251350402832,15.357012748718262,ok
LA_D_3710720,15.215849876403809,15.223889350891113,ok
LA_D_3711375,13.421152114868164,13.44140625,ok
LA_D_3712672,15.234309196472168,15.302960395812988,ok
LA_D_3712860,16.77930450439453,16.890512466430664,ok
LA_D_3713460,14.945229530334473,14.95877456665039,ok
LA_D_3713639,14.404885292053223,14.556015968322754,ok
LA_D_3713729,12.434730529785156,12.449677467346191,ok
LA_D_3714587,15.042113304138184,15.042267799377441,ok
LA_D_3720476,10.828655242919922,10.8371000289917,ok
LA_D_3720743,10.899765968322754,10.921976089477539,ok
LA_D_3721304,11.427618980407715,11.42939281463623,ok
LA_D_3725212,15.912314414978027,16.077680587768555,ok
LA_D_3725938,8.046863555908203,8.047067642211914,ok
LA_D_3726596,18.582019805908203,18.659482955932617,ok
LA_D_3727464,8.430059432983398,8.431464195251465,ok
LA_D_3727622,17.94992446899414,17.95232391357422,ok
LA_D_3731175,-12.689480781555176,-12.749842643737793,ok
LA_D_3732490,14.793598175048828,14.857283592224121,ok
LA_D_3732635,14.050987243652344,14.091039657592773,ok
LA_D_3733302,13.036832809448242,13.040511131286621,ok
LA_D_3733779,-10.801091194152832,-10.811911582946777,ok
LA_D_3734390,9.604162216186523,9.604687690734863,ok
LA_D_3736436,16.56938934326172,16.570266723632812,ok
LA_D_3736974,13.555282592773438,13.571516990661621,ok
LA_D_3737744,16.962480545043945,17.072067260742188,ok
LA_D_3738196,12.430014610290527,12.461600303649902,ok
LA_D_3740186,11.821503639221191,11.83717155456543,ok
LA_D_3740798,13.075833320617676,13.099102973937988,ok
LA_D_3741233,4.607085227966309,4.608886241912842,ok
LA_D_3741474,16.180789947509766,16.188175201416016,ok
LA_D_3741607,16.05791664123535,16.136314392089844,ok
LA_D_3741865,15.748825073242188,15.76810073852539,ok
LA_D_3742795,17.193147659301758,17.222196578979492,ok
LA_D_3743022,15.861838340759277,15.985060691833496,ok
LA_D_3743658,16.611783981323242,16.638729095458984,ok
LA_D_3744491,11.988924980163574,11.98987865447998,ok
LA_D_3745321,16.44561195373535,16.47319221496582,ok
LA_D_3746211,-14.091036796569824,-14.11757755279541,ok
LA_D_3746495,9.752753257751465,9.758023262023926,ok
LA_D_3746592,13.559100151062012,13.58500862121582,ok
LA_D_3746754,16.292362213134766,16.33119773864746,ok
LA_D_3747854,7.976480007171631,7.977111339569092,ok
LA_D_3749584,21.19044303894043,21.290544509887695,ok
LA_D_3749655,15.274888038635254,15.274896621704102,ok
LA_D_3749921,14.987972259521484,15.0293550491333,ok
LA_D_3750214,11.294794082641602,11.325650215148926,ok
LA_D_3750321,11.053600311279297,11.053715705871582,ok
LA_D_3750938,5.249472618103027,5.272759914398193,ok
LA_D_3751177,13.490631103515625,13.54378604888916,ok
LA_D_3751233,11.933451652526855,12.002431869506836,ok
LA_D_3752691,10.608319282531738,10.610071182250977,ok
LA_D_3752882,15.462312698364258,15.60866641998291,ok
LA_D_3753443,15.538309097290039,15.56187629699707,ok
LA_D_3753747,19.328367233276367,19.339014053344727,ok
LA_D_3754318,15.733443260192871,15.734881401062012,ok
LA_D_3754369,11.324982643127441,11.363890647888184,ok
LA_D_3757923,12.904186248779297,12.931867599487305,ok
LA_D_3758904,15.14533805847168,15.155768394470215,ok
LA_D_3759608,15.02405834197998,15.087483406066895,ok
LA_D_3759918,16.30438995361328,16.4884090423584,ok
LA_D_3760422,10.959485054016113,10.981646537780762,ok
LA_D_3761372,13.566730499267578,13.61919116973877,ok
LA_D_3762414,10.176055908203125,10.183967590332031,ok
LA_D_3762985,16.235605239868164,16.243419647216797,ok
LA_D_3763099,9.313704490661621,9.346552848815918,ok
LA_D_3763362,10.998516082763672,11.004509925842285,ok
LA_D_3765509,1.5207839012145996,1.4961448907852173,ok
LA_D_3766019,8.867463111877441,8.86603832244873,ok
LA_D_3767360,14.213104248046875,14.2204008102417,ok
LA_D_3767648,15.840914726257324,15.853001594543457,ok
LA_D_3767704,15.786008834838867,15.82111644744873,ok
LA_D_3768058,6.343715667724609,6.326523780822754,ok
LA_D_3768185,14.806509017944336,14.874176979064941,ok
LA_D_3769543,9.59677505493164,9.601767539978027,ok
LA_D_3770674,-14.650046348571777,-14.701764106750488,ok
LA_D_3770745,16.619298934936523,16.639862060546875,ok
LA_D_3770754,16.637100219726562,16.655614852905273,ok
LA_D_3771019,16.04183006286621,16.157535552978516,ok
LA_D_3771563,10.838897705078125,10.839072227478027,ok
LA_D_3771602,13.9240083694458,13.924176216125488,ok
LA_D_3772496,16.294265747070312,16.325740814208984,ok
LA_D_3772573,13.645051956176758,13.700889587402344,ok
LA_D_3773329,15.702476501464844,15.775288581848145,ok
LA_D_3773558,11.240466117858887,11.234698295593262,ok
LA_D_3774026,18.576658248901367,18.688169479370117,ok
LA_D_3774137,-15.256919860839844,-15.326558113098145,ok
LA_D_3775288,11.496305465698242,11.589323997497559,ok
LA_D_3775667,12.924681663513184,12.92538833618164,ok
LA_D_3775817,10.483590126037598,10.504894256591797,ok
LA_D_3775896,8.321287155151367,8.327488899230957,ok
LA_D_3776249,12.436429977416992,12.442527770996094,ok
LA_D_3776327,15.021944046020508,15.047661781311035,ok
LA_D_3776414,-12.0990629196167,-12.110428810119629,ok
LA_D_3777012,15.762543678283691,15.774199485778809,ok
LA_D_3777358,11.837706565856934,11.83757495880127,ok
LA_D_3777433,18.124210357666016,18.232736587524414,ok
LA_D_3777702,12.536564826965332,12.561882972717285,ok
LA_D_3778535,14.96417236328125,14.988319396972656,ok
LA_D_3779051,13.218875885009766,13.34453296661377,ok
LA_D_3780178,12.41812515258789,12.418778419494629,ok
LA_D_3780481,13.525161743164062,13.601373672485352,ok
LA_D_3780562,16.60544204711914,16.728931427001953,ok
LA_D_3781670,-13.457982063293457,-13.460253715515137,ok
LA_D_3782076,19.011455535888672,19.05497932434082,ok
LA_D_3782739,18.285858154296875,18.319499969482422,ok
LA_D_3783520,16.13026237487793,16.146949768066406,ok
LA_D_3783864,15.249442100524902,15.278573036193848,ok
LA_D_3784534,10.715691566467285,10.768670082092285,ok
LA_D_3785236,15.240757942199707,15.263313293457031,ok
LA_D_3787070,-13.029250144958496,-13.060914039611816,ok
LA_D_3787257,17.85633087158203,17.888845443725586,ok
LA_D_3787464,-15.606364250183105,-15.618324279785156,ok
LA_D_3788427,16.007110595703125,16.348087310791016,ok
LA_D_3788624,15.67473316192627,15.810449600219727,ok
LA_D_3788675,16.71453285217285,16.722455978393555,ok
LA_D_3789724,14.089228630065918,14.151062965393066,ok
LA_D_3789801,15.48658275604248,15.507262229919434,ok
LA_D_3790568,14.777276039123535,14.823602676391602,ok
LA_D_3791494,16.931339263916016,16.97393226623535,ok
LA_D_3792366,15.670703887939453,15.674256324768066,ok
LA_D_3792397,-15.388442993164062,-15.51403522491455,ok
LA_D_3792583,13.002531051635742,13.057183265686035,ok
LA_D_3792705,7.553762435913086,7.553827285766602,ok
LA_D_3793172,19.00177574157715,19.13092613220215,ok
LA_D_3794623,14.48724365234375,14.497204780578613,ok
LA_D_3794629,13.142851829528809,13.169553756713867,ok
LA_D_3795179,17.59160614013672,17.724767684936523,ok
LA_D_3795570,10.552327156066895,10.567618370056152,ok
LA_D_3795890,10.551438331604004,10.57112979888916,ok
LA_D_3796498,-12.450507164001465,-12.514233589172363,ok
LA_D_3797749,-14.676084518432617,-14.865785598754883,ok
LA_D_3798024,8.438651084899902,8.427535057067871,ok
LA_D_3799314,19.500988006591797,19.514814376831055,ok
LA_D_3799415,7.97528600692749,7.975334644317627,ok
LA_D_3799822,15.722492218017578,15.72377872467041,ok
LA_D_3802210,11.538272857666016,11.53842830657959,ok
LA_D_3802962,15.127911567687988,15.148923873901367,ok
LA_D_3803714,16.34467887878418,16.344345092773438,ok
LA_D_3803791,14.546223640441895,14.547982215881348,ok
LA_D_3804397,11.407087326049805,11.408358573913574,ok
LA_D_3805827,15.050454139709473,15.04776668548584,ok
LA_D_3806582,15.623468399047852,15.623281478881836,ok
LA_D_3807326,14.984830856323242,15.030167579650879,ok
LA_D_3808030,18.001754760742188,18.001325607299805,ok
LA_D_3810542,-11.026801109313965,-11.039566040039062,ok
LA_D_3811484,12.953588485717773,12.987116813659668,ok
LA_D_3811662,14.814478874206543,15.098731994628906,ok
LA_D_3813018,13.770962715148926,13.832887649536133,ok
LA_D_3814257,12.168671607971191,12.171534538269043,ok
LA_D_3814355,14.310187339782715,14.356978416442871,ok
LA_D_3814791,14.322565078735352,14.351176261901855,ok
LA_D_3815316,13.768061637878418,13.775103569030762,ok
LA_D_3815884,16.366249084472656,16.441715240478516,ok
LA_D_3819582,17.191320419311523,17.205862045288086,ok
LA_D_3820104,13.008573532104492,13.036734580993652,ok
LA_D_3820911,14.384313583374023,14.460655212402344,ok
LA_D_3821359,11.192889213562012,11.204352378845215,ok
LA_D_3822372,10.978534698486328,11.006945610046387,ok
LA_D_3822874,13.967392921447754,13.97255802154541,ok
LA_D_3823574,13.855137825012207,13.855417251586914,ok
LA_D_3823928,9.935833930969238,9.997796058654785,ok
LA_D_3825048,16.07148551940918,16.072080612182617,ok
LA_D_3825329,13.415140151977539,13.445233345031738,ok
LA_D_3826920,14.430420875549316,14.499826431274414,ok
LA_D_3827873,12.049516677856445,12.065339088439941,ok
LA_D_3828014,16.62489128112793,16.705974578857422,ok
LA_D_3828841,4.292356014251709,4.29088830947876,ok
LA_D_3828893,9.182945251464844,9.186978340148926,ok
LA_D_3829330,15.922425270080566,15.950146675109863,ok
LA_D_3830921,10.795724868774414,10.793054580688477,ok
LA_D_3831261,14.480825424194336,14.528964042663574,ok
LA_D_3831306,11.102953910827637,11.118467330932617,ok
LA_D_3833623,9.414746284484863,9.422268867492676,ok
LA_D_3834961,13.568602561950684,13.712035179138184,ok
LA_D_3835319,11.840620994567871,11.855219841003418,ok
LA_D_3837714,13.524486541748047,13.524685859680176,ok
LA_D_3838632,21.845861434936523,22.015520095825195,ok
LA_D_3840866,11.269412994384766,11.268288612365723,ok
LA_D_3843488,16.826011657714844,16.85642433166504,ok
LA_D_3843705,14.735685348510742,14.783905982971191,ok
LA_D_3843887,14.199934959411621,14.284595489501953,ok
LA_D_3845484,11.748337745666504,11.750567436218262,ok
LA_D_3847966,17.43215560913086,17.50739860534668,ok
LA_D_3848465,11.588285446166992,11.595906257629395,ok
LA_D_3848625,12.279778480529785,12.332042694091797,ok
LA_D_3849533,18.3249568939209,18.347047805786133,ok
LA_D_3850425,12.632951736450195,12.643855094909668,ok
LA_D_3851125,12.461544036865234,12.494621276855469,ok
LA_D_3851144,16.88692855834961,16.917781829833984,ok
LA_D_3851855,-12.209933280944824,-12.246993064880371,ok
LA_D_3851996,-13.216347694396973,-13.23194408416748,ok
LA_D_3852341,16.330026626586914,16.383989334106445,ok
LA_D_3852849,17.894033432006836,17.953643798828125,ok
LA_D_3854807,13.691912651062012,13.70346736907959,ok
LA_D_3855845,4.877468585968018,4.885384559631348,ok
LA_D_3857058,-13.891587257385254,-13.924601554870605,ok
LA_D_3857446,-14.565523147583008,-14.63968563079834,ok
LA_D_3857630,16.44146156311035,16.505876541137695,ok
LA_D_3858607,11.694049835205078,11.881714820861816,ok
LA_D_3859466,15.497638702392578,15.578412055969238,ok
LA_D_3860312,-8.265101432800293,-8.266341209411621,ok
LA_D_3860524,16.156869888305664,16.224872589111328,ok
LA_D_3861037,11.274897575378418,11.283510208129883,ok
LA_D_3861045,16.49138069152832,16.505468368530273,ok
LA_D_3861154,-8.154431343078613,-8.155157089233398,ok
LA_D_3862599,17.54843521118164,17.574777603149414,ok
LA_D_3862793,18.11960792541504,18.128597259521484,ok
LA_D_3862795,14.957518577575684,14.985250473022461,ok
LA_D_3863318,13.470197677612305,13.491377830505371,ok
LA_D_3863951,12.756291389465332,12.763300895690918,ok
LA_D_3864419,15.069191932678223,15.337374687194824,ok
LA_D_3864495,14.165116310119629,14.214550971984863,ok
LA_D_3865981,10.292521476745605,10.304315567016602,ok
LA_D_3866941,9.838850021362305,9.973076820373535,ok
LA_D_3867494,12.331823348999023,12.338282585144043,ok
LA_D_3868002,16.025239944458008,16.073101043701172,ok
LA_D_3868258,16.316509246826172,16.379980087280273,ok
LA_D_3870318,17.828649520874023,17.865434646606445,ok
LA_D_3871798,15.048174858093262,15.098559379577637,ok
LA_D_3872770,11.49108600616455,11.491850852966309,ok
LA_D_3873126,14.566481590270996,14.572976112365723,ok
LA_D_3874085,11.9280424118042,11.983473777770996,ok
LA_D_3874710,13.1419095993042,13.18454647064209,ok
LA_D_3876769,9.019731521606445,9.033287048339844,ok
LA_D_3878527,13.915440559387207,13.920452117919922,ok
LA_D_3879195,13.589201927185059,13.628743171691895,ok
LA_D_3879227,12.059701919555664,12.072125434875488,ok
LA_D_3880845,14.289383888244629,14.361303329467773,ok
LA_D_3882685,17.06418228149414,17.10736656188965,ok
LA_D_3883337,13.918058395385742,13.922028541564941,ok
LA_D_3884249,12.69625186920166,12.711304664611816,ok
LA_D_3884845,14.739997863769531,14.872891426086426,ok
LA_D_3887131,16.690004348754883,16.787752151489258,ok
LA_D_3887452,-12.987900733947754,-12.988572120666504,ok
LA_D_3888719,14.337828636169434,14.3684663772583,ok
LA_D_3888968,16.97893524169922,17.00830078125,ok
LA_D_3890187,20.055328369140625,20.058252334594727,ok
LA_D_3890727,14.238441467285156,14.247594833374023,ok
LA_D_3891696,-16.181894302368164,-16.19352912902832,ok
LA_D_3892057,-11.48185920715332,-11.490023612976074,ok
LA_D_3893271,16.560338973999023,16.642362594604492,ok
LA_D_3895547,20.42380142211914,20.46134376525879,ok
LA_D_3895551,-12.582200050354004,-12.615949630737305,ok
LA_D_3896851,19.13174819946289,19.216602325439453,ok
LA_D_3898085,-12.2928466796875,-12.311753273010254,ok
LA_D_3898333,16.56394386291504,16.682865142822266,ok
LA_D_3898925,9.800898551940918,9.974276542663574,ok
LA_D_3901273,16.207338333129883,16.278223037719727,ok
LA_D_3902856,15.221057891845703,15.257893562316895,ok
LA_D_3903402,16.259918212890625,16.299850463867188,ok
LA_D_3905848,11.168015480041504,11.169129371643066,ok
LA_D_3907778,-12.53651237487793,-12.536921501159668,ok
LA_D_3908047,14.393741607666016,14.415549278259277,ok
LA_D_3909128,15.9476957321167,16.003629684448242,ok
LA_D_3911013,17.8588924407959,17.85978889465332,ok
LA_D_3912485,13.967487335205078,14.01241397857666,ok
LA_D_3913064,11.977607727050781,11.981772422790527,ok
LA_D_3913569,16.167879104614258,16.442026138305664,ok
LA_D_3913882,15.801461219787598,15.8119535446167,ok
LA_D_3914448,12.931618690490723,12.94543170928955,ok
LA_D_3914511,19.26568603515625,19.55304527282715,ok
LA_D_3914541,15.194930076599121,15.208648681640625,ok
LA_D_3914577,7.752361297607422,7.752472400665283,ok
LA_D_3914594,15.878798484802246,15.937868118286133,ok
LA_D_3914684,18.7154598236084,18.71879768371582,ok
LA_D_3915707,12.875544548034668,12.8886079788208,ok
LA_D_3916686,12.821415901184082,12.829310417175293,ok
LA_D_3917851,14.773636817932129,14.791522979736328,ok
LA_D_3918474,17.634531021118164,17.720199584960938,ok
LA_D_3921032,12.558183670043945,12.601790428161621,ok
LA_D_3921050,8.823671340942383,8.829078674316406,ok
LA_D_3922266,-12.02735710144043,-12.10461711883545,ok
LA_D_3924068,13.401939392089844,13.404014587402344,ok
LA_D_3924244,12.847838401794434,12.87317943572998,ok
LA_D_3928290,17.307004928588867,17.517290115356445,ok
LA_D_3928764,14.65581226348877,14.686814308166504,ok
LA_D_3928922,15.688634872436523,15.73399829864502,ok
LA_D_3929323,13.610421180725098,13.61108112335205,ok
LA_D_3930165,16.334976196289062,16.370180130004883,ok
LA_D_3930677,13.611717224121094,13.65137767791748,ok
LA_D_3931288,10.822794914245605,10.865077018737793,ok
LA_D_3931322,14.184261322021484,14.208168983459473,ok
LA_D_3931549,16.617326736450195,16.62738609313965,ok
LA_D_3931582,14.335132598876953,14.384576797485352,ok
LA_D_3932504,14.005949020385742,14.019617080688477,ok
LA_D_3933506,-12.988463401794434,-13.072107315063477,ok
LA_D_3934729,11.08096694946289,11.096829414367676,ok
LA_D_3935443,14.120960235595703,14.169193267822266,ok
LA_D_3937097,13.587737083435059,13.635279655456543,ok
LA_D_3937744,14.4064302444458,14.411749839782715,ok
LA_D_3939937,18.4466552734375,18.46689796447754,ok
LA_D_3940913,-11.06689167022705,-11.093942642211914,ok
LA_D_3941447,-11.832632064819336,-11.84778118133545,ok
LA_D_3942424,12.768487930297852,12.787123680114746,ok
LA_D_3942605,9.659002304077148,9.668185234069824,ok
LA_D_3942708,13.33729362487793,13.35921573638916,ok
LA_D_3942877,9.398371696472168,9.407930374145508,ok
LA_D_3943414,16.67190933227539,16.72370719909668,ok
LA_D_3943938,17.34069061279297,17.358049392700195,ok
LA_D_3945155,12.561137199401855,12.606287956237793,ok
LA_D_3945227,13.62234878540039,13.635870933532715,ok
LA_D_3945922,14.12108325958252,14.24841022491455,ok
LA_D_3946264,14.882019996643066,14.910737037658691,ok
LA_D_3947384,-1.7949708700180054,-1.8242427110671997,ok
LA_D_3947953,14.409281730651855,14.428444862365723,ok
LA_D_3949631,15.06375503540039,15.079410552978516,ok
LA_D_3949661,14.932130813598633,14.974478721618652,ok
LA_D_3951142,17.404756546020508,17.415071487426758,ok
LA_D_3951175,10.670604705810547,10.664875030517578,ok
LA_D_3952183,18.654247283935547,18.697736740112305,ok
LA_D_3954136,15.701294898986816,15.7924165725708,ok
LA_D_3956242,-12.66683578491211,-12.731633186340332,ok
LA_D_3956535,13.795297622680664,13.8295259475708,ok
LA_D_3957229,21.087995529174805,21.411205291748047,ok
LA_D_3958057,12.663483619689941,12.694561958312988,ok
LA_D_3958645,11.008386611938477,11.108256340026855,ok
LA_D_3958701,13.748774528503418,13.780315399169922,ok
LA_D_3960353,11.932889938354492,11.958878517150879,ok
LA_D_3960616,12.629796981811523,12.66684341430664,ok
LA_D_3962973,18.266368865966797,18.43092918395996,ok
LA_D_3963572,19.02764892578125,19.073122024536133,ok
LA_D_3965345,19.100109100341797,19.229236602783203,ok
LA_D_3965995,16.291698455810547,16.327373504638672,ok
LA_D_3966698,11.66150188446045,11.659438133239746,ok
LA_D_3967203,-12.716984748840332,-12.79989242553711,ok
LA_D_3967616,15.820446968078613,15.91745662689209,ok
LA_D_3969544,12.403486251831055,12.413681983947754,ok
LA_D_3969914,13.509596824645996,13.537571907043457,ok
LA_D_3970121,9.924646377563477,9.938309669494629,ok
LA_D_3970673,16.315208435058594,16.395307540893555,ok
LA_D_3971945,-1.8242372274398804,-1.894114375114441,ok
LA_D_3971956,17.56785774230957,17.590959548950195,ok
LA_D_3975146,11.303513526916504,11.480931282043457,ok
LA_D_3975408,13.10582447052002,13.118887901306152,ok
LA_D_3975996,11.598791122436523,11.636523246765137,ok
LA_D_3977034,-15.253166198730469,-15.269204139709473,ok
LA_D_3977471,16.093050003051758,16.119752883911133,ok
LA_D_3977983,18.081266403198242,18.0828857421875,ok
LA_D_3979729,14.395755767822266,14.432269096374512,ok
LA_D_3980944,17.469892501831055,17.49851417541504,ok
LA_D_3981366,17.73818016052246,17.935503005981445,ok
LA_D_3981584,-15.154272079467773,-15.156811714172363,ok
LA_D_3981689,11.69841480255127,11.7035493850708,ok
LA_D_3983088,13.96498966217041,14.121317863464355,ok
LA_D_3983406,-16.738027572631836,-16.763662338256836,ok
LA_D_3983835,20.669292449951172,20.839637756347656,ok
LA_D_3983910,13.714465141296387,13.747540473937988,ok
LA_D_3984579,14.386697769165039,14.41872501373291,ok
LA_D_3986002,-11.0382661819458,-11.068196296691895,ok
LA_D_3989236,13.420736312866211,13.442425727844238,ok
LA_D_3989246,18.354206085205078,18.400991439819336,ok
LA_D_3989469,8.429685592651367,8.521600723266602,ok
LA_D_3991844,12.731201171875,12.732796669006348,ok
LA_D_3991910,12.563898086547852,12.577945709228516,ok
LA_D_3995155,15.362387657165527,15.373892784118652,ok
LA_D_3996355,-13.081143379211426,-13.1143798828125,ok
LA_D_3999380,-11.589384078979492,-11.595696449279785,ok
LA_D_4002788,17.489200592041016,17.52322006225586,ok
LA_D_4002921,8.9999361038208,9.006401062011719,ok
LA_D_4003135,13.894620895385742,13.899415016174316,ok
LA_D_4004968,-15.307256698608398,-15.313102722167969,ok
LA_D_4005134,12.77065372467041,12.814374923706055,ok
LA_D_4005743,8.835885047912598,8.839568138122559,ok
LA_D_4005820,6.396380424499512,6.396953105926514,ok
LA_D_4007335,17.647998809814453,17.651771545410156,ok
LA_D_4007368,10.817349433898926,10.82087516784668,ok
LA_D_4007785,14.060775756835938,14.078764915466309,ok
LA_D_4008273,16.145606994628906,16.1471004486084,ok
LA_D_4008967,14.467303276062012,14.470908164978027,ok
LA_D_4011113,15.241880416870117,15.270160675048828,ok
LA_D_4011462,14.71673583984375,14.75085735321045,ok
LA_D_4013164,-14.588949203491211,-14.59392261505127,ok
LA_D_4013189,12.650264739990234,12.664437294006348,ok
LA_D_4014487,-12.83632755279541,-12.838799476623535,ok
LA_D_4014725,8.335409164428711,8.395543098449707,ok
LA_D_4014814,17.36104965209961,17.404253005981445,ok
LA_D_4015488,15.151683807373047,15.172932624816895,ok
LA_D_4016003,-10.227431297302246,-10.308509826660156,ok
LA_D_4016591,-13.19718074798584,-13.21757698059082,ok
LA_D_4016743,-13.775390625,-13.777426719665527,ok
LA_D_4018947,11.550283432006836,11.576573371887207,ok
LA_D_4019274,14.150277137756348,14.163715362548828,ok
LA_D_4019473,14.807775497436523,14.8609037399292,ok
LA_D_4019987,13.332233428955078,13.374346733093262,ok
LA_D_4020788,9.970797538757324,9.991808891296387,ok
LA_D_4020807,9.25396728515625,9.258831977844238,ok
LA_D_4021153,-15.644783973693848,-15.651188850402832,ok
LA_D_4021573,-12.382862091064453,-12.405123710632324,ok
LA_D_4021676,11.761019706726074,11.766509056091309,ok
LA_D_4021977,13.712387084960938,13.808852195739746,ok
LA_D_4022532,12.969867706298828,13.011146545410156,ok
LA_D_4024245,15.036828994750977,15.060470581054688,ok
LA_D_4024567,17.16963005065918,17.176889419555664,ok
LA_D_4024701,10.623465538024902,10.640097618103027,ok
LA_D_4025786,16.502479553222656,16.501859664916992,ok
LA_D_4026006,14.045794486999512,14.087924003601074,ok
LA_D_4026230,13.83430004119873,13.856040954589844,ok
LA_D_4026264,-9.668628692626953,-9.669988632202148,ok
LA_D_4026338,10.906872749328613,10.904444694519043,ok
LA_D_4027041,13.449936866760254,13.478765487670898,ok
LA_D_4027137,13.581708908081055,13.613778114318848,ok
LA_D_4028437,13.912103652954102,13.912673950195312,ok
LA_D_4029187,18.391969680786133,18.472810745239258,ok
LA_D_4029515,15.831399917602539,15.929274559020996,ok
LA_D_4029888,11.761649131774902,11.81728458404541,ok
LA_D_4030356,15.911642074584961,15.968961715698242,ok
LA_D_4031294,8.553496360778809,8.554039001464844,ok
LA_D_4031375,12.1806640625,12.181614875793457,ok
LA_D_4033093,-14.192134857177734,-14.2222261428833,ok
LA_D_4033240,12.76337718963623,12.795013427734375,ok
LA_D_4033330,12.92351245880127,13.0070219039917,ok
LA_D_4033961,12.926034927368164,12.97716999053955,ok
LA_D_4035138,13.987850189208984,14.120939254760742,ok
LA_D_4036070,14.001321792602539,14.041382789611816,ok
LA_D_4037283,-14.480584144592285,-14.51467227935791,ok
LA_D_4037520,11.534939765930176,11.570403099060059,ok
LA_D_4037538,13.937817573547363,13.940460205078125,ok
LA_D_4037663,14.14464282989502,14.189175605773926,ok
LA_D_4038636,16.72290802001953,16.724910736083984,ok
LA_D_4039179,10.062702178955078,10.062962532043457,ok
LA_D_4039301,15.978690147399902,16.09213638305664,ok
LA_D_4039557,13.81832504272461,13.882964134216309,ok
LA_D_4039836,17.060672760009766,17.101999282836914,ok
LA_D_4042844,15.842887878417969,15.85204792022705,ok
LA_D_4042958,12.177550315856934,12.195826530456543,ok
LA_D_4043027,-12.885396957397461,-12.891819953918457,ok
LA_D_4043035,14.982638359069824,15.002249717712402,ok
LA_D_4043306,-16.81926727294922,-16.82132339477539,ok
LA_D_4044356,15.758452415466309,15.782801628112793,ok
LA_D_4044969,14.013909339904785,14.027754783630371,ok
LA_D_4045695,12.88503646850586,12.89435863494873,ok
LA_D_4046048,14.468588829040527,14.599702835083008,ok
LA_D_4046580,11.64494514465332,11.681805610656738,ok
LA_D_4046673,15.671835899353027,15.706814765930176,ok
LA_D_4046741,12.453263282775879,12.525762557983398,ok
LA_D_4046895,13.531158447265625,13.600459098815918,ok
LA_D_4046963,15.343666076660156,15.344173431396484,ok
LA_D_4048306,16.34975242614746,16.396581649780273,ok
LA_D_4048880,10.875506401062012,10.894874572753906,ok
LA_D_4051775,12.69234848022461,12.69304084777832,ok
LA_D_4052162,12.676417350769043,12.698395729064941,ok
LA_D_4052216,-14.562719345092773,-14.59284496307373,ok
LA_D_4052276,8.712688446044922,8.71374797821045,ok
LA_D_4052746,-13.337738990783691,-13.424735069274902,ok
LA_D_4055045,7.457424640655518,7.4632391929626465,ok
LA_D_4056923,12.976947784423828,12.999120712280273,ok
LA_D_4057142,-12.111026763916016,-12.112469673156738,ok
LA_D_4057176,18.18059730529785,18.60199546813965,ok
LA_D_4058412,17.10881996154785,17.110944747924805,ok
LA_D_4058547,12.295454025268555,12.311978340148926,ok
LA_D_4058844,17.60565185546875,17.79909324645996,ok
LA_D_4061704,12.166016578674316,12.175124168395996,ok
LA_D_4062551,8.997504234313965,9.0000638961792,ok
LA_D_4062752,13.608246803283691,13.631324768066406,ok
LA_D_4063282,13.051568031311035,13.099967956542969,ok
LA_D_4064599,12.517064094543457,12.537827491760254,ok
LA_D_4067176,11.594127655029297,11.594505310058594,ok
LA_D_4067593,10.293886184692383,10.294947624206543,ok
LA_D_4067852,15.003439903259277,15.086545944213867,ok
LA_D_4067937,16.334880828857422,16.35948371887207,ok
LA_D_4069031,21.04658317565918,21.173452377319336,ok
LA_D_4070411,8.596264839172363,8.603516578674316,ok
LA_D_4071164,15.028546333312988,15.033835411071777,ok
LA_D_4072040,3.8400676250457764,3.836984872817993,ok
LA_D_4073647,11.197571754455566,11.24019718170166,ok
LA_D_4073939,19.332721710205078,19.41567039489746,ok
LA_D_4074087,19.19864845275879,19.371334075927734,ok
LA_D_4074277,13.538717269897461,13.608176231384277,ok
LA_D_4075366,10.15505313873291,10.188499450683594,ok
LA_D_4075891,13.398116111755371,13.711228370666504,ok
LA_D_4075975,18.220481872558594,18.230012893676758,ok
LA_D_4076013,15.368409156799316,15.371509552001953,ok
LA_D_4076814,-12.092144966125488,-12.09805965423584,ok
LA_D_4076908,19.388933181762695,19.524866104125977,ok
LA_D_4079102,17.22412872314453,17.247844696044922,ok
LA_D_4079359,14.404126167297363,14.405145645141602,ok
LA_D_4080966,14.997032165527344,15.046363830566406,ok
LA_D_4081483,8.163738250732422,8.225918769836426,ok
LA_D_4082852,22.834779739379883,22.84779167175293,ok
LA_D_4083446,7.72430944442749,7.71332311630249,ok
LA_D_4083478,-15.150471687316895,-15.167581558227539,ok
LA_D_4083902,12.367734909057617,12.369908332824707,ok
LA_D_4084629,13.518030166625977,13.571098327636719,ok
LA_D_4085373,10.044293403625488,10.04842472076416,ok
LA_D_4085392,20.51646614074707,20.712934494018555,ok
LA_D_4087816,14.42859935760498,14.431723594665527,ok
LA_D_4088889,10.03104019165039,10.13144588470459,ok
LA_D_4089906,12.970919609069824,13.024596214294434,ok
LA_D_4091821,13.790141105651855,13.830184936523438,ok
LA_D_4091974,15.818699836730957,15.833823204040527,ok
LA_D_4093216,16.714874267578125,16.77686882019043,ok
LA_D_4094129,15.187582969665527,15.193461418151855,ok
LA_D_4095002,14.953858375549316,15.079645156860352,ok
LA_D_4095293,-9.908539772033691,-9.919787406921387,ok
LA_D_4095496,14.557877540588379,14.582449913024902,ok
LA_D_4096026,14.904219627380371,15.040592193603516,ok
LA_D_4099396,14.361222267150879,14.386714935302734,ok
LA_D_4099499,15.487324714660645,15.500242233276367,ok
LA_D_4099596,11.635987281799316,11.6506986618042,ok
LA_D_4101216,-14.31318473815918,-14.315326690673828,ok
LA_D_4101246,16.285266876220703,16.320981979370117,ok
LA_D_4102879,14.010763168334961,14.031542778015137,ok
LA_D_4103125,15.754146575927734,15.822983741760254,ok
LA_D_4103449,3.418520450592041,3.4485909938812256,ok
LA_D_4104036,18.13164520263672,18.139204025268555,ok
LA_D_4104349,12.385819435119629,12.387099266052246,ok
LA_D_4105672,8.634251594543457,8.636645317077637,ok
LA_D_4106360,-14.969085693359375,-14.987763404846191,ok
LA_D_4107017,16.676403045654297,16.92255401611328,ok
LA_D_4107126,15.85035514831543,15.904500007629395,ok
LA_D_4107279,10.13848876953125,10.144364356994629,ok
LA_D_4108210,11.936397552490234,11.986311912536621,ok
LA_D_4108558,15.372123718261719,15.460139274597168,ok
LA_D_4108953,12.675488471984863,12.701691627502441,ok
LA_D_4110412,15.104583740234375,15.137425422668457,ok
LA_D_4110914,15.99293041229248,15.995146751403809,ok
LA_D_4111379,12.557861328125,12.576876640319824,ok
LA_D_4113219,14.606368064880371,14.615848541259766,ok
LA_D_4113356,12.559181213378906,12.589137077331543,ok
LA_D_4113491,15.507264137268066,15.528289794921875,ok
LA_D_4114596,16.67377281188965,16.68644905090332,ok
LA_D_4116325,10.080118179321289,10.080206871032715,ok
LA_D_4116714,13.879398345947266,13.959704399108887,ok
LA_D_4117970,10.811482429504395,10.82172679901123,ok
LA_D_4119404,14.526564598083496,14.542019844055176,ok
LA_D_4119592,12.74006462097168,12.762665748596191,ok
LA_D_4121148,12.598788261413574,12.604022979736328,ok
LA_D_4121278,12.68090534210205,12.682156562805176,ok
LA_D_4121809,8.113701820373535,8.147004127502441,ok
LA_D_4122895,15.920303344726562,15.963227272033691,ok
LA_D_4123062,17.794601440429688,17.8118839263916,ok
LA_D_4123108,12.781164169311523,12.803220748901367,ok
LA_D_4123677,-14.128607749938965,-14.177566528320312,ok
LA_D_4123679,12.94478702545166,12.983139038085938,ok
LA_D_4124707,-13.870610237121582,-13.87621021270752,ok
LA_D_4127237,12.777560234069824,12.780314445495605,ok
LA_D_4127746,11.112021446228027,11.107016563415527,ok
LA_D_4128580,11.68034839630127,11.70582389831543,ok
LA_D_4128802,12.3555269241333,12.356807708740234,ok
LA_D_4130527,15.355481147766113,15.491183280944824,ok
LA_D_4131648,18.615522384643555,18.74532127380371,ok
LA_D_4131978,12.764083862304688,12.764233589172363,ok
LA_D_4132005,17.123971939086914,17.138887405395508,ok
LA_D_4134915,11.109953880310059,11.319695472717285,ok
LA_D_4135542,13.98404312133789,13.998286247253418,ok
LA_D_4136401,10.28575325012207,10.303483009338379,ok
LA_D_4137927,-6.224262714385986,-6.239429950714111,ok
LA_D_4140612,12.925661087036133,12.94910717010498,ok
LA_D_4140711,15.317487716674805,15.349258422851562,ok
LA_D_4140724,13.734208106994629,13.808124542236328,ok
LA_D_4141520,17.023345947265625,17.092565536499023,ok
LA_D_4142294,15.416727066040039,15.453168869018555,ok
LA_D_4142832,17.554702758789062,17.593032836914062,ok
LA_D_4143632,15.867267608642578,15.894892692565918,ok
LA_D_4143635,13.09321117401123,13.096184730529785,ok
LA_D_4144411,13.116312026977539,13.33561897277832,ok
LA_D_4146741,-12.653575897216797,-12.67576789855957,ok
LA_D_4148714,16.75819206237793,16.7664794921875,ok
LA_D_4148744,12.816024780273438,12.833313941955566,ok
LA_D_4148951,12.679862022399902,12.7658109664917,ok
LA_D_4149777,15.585817337036133,15.59047794342041,ok
LA_D_4150517,17.81332778930664,17.82927894592285,ok
LA_D_4151774,-13.857091903686523,-13.863757133483887,ok
LA_D_4153076,14.344680786132812,14.344998359680176,ok
LA_D_4154332,15.230350494384766,15.325921058654785,ok
LA_D_4154887,-11.11043930053711,-11.111716270446777,ok
LA_D_4155987,17.429811477661133,17.451007843017578,ok
LA_D_4156717,16.083499908447266,16.090360641479492,ok
LA_D_4156807,-14.050884246826172,-14.110945701599121,ok
LA_D_4157572,11.124581336975098,11.130378723144531,ok
LA_D_4157946,10.449043273925781,10.490986824035645,ok
LA_D_4158625,11.895904541015625,11.90952205657959,ok
LA_D_4158867,13.393296241760254,13.419142723083496,ok
LA_D_4160780,16.739227294921875,16.761281967163086,ok
LA_D_4160962,-12.914863586425781,-12.915881156921387,ok
LA_D_4162885,12.8543062210083,12.859373092651367,ok
LA_D_4163700,19.606327056884766,19.6453914642334,ok
LA_D_4163754,14.384763717651367,14.500194549560547,ok
LA_D_4164238,13.388286590576172,13.385869979858398,ok
LA_D_4164409,15.965781211853027,15.983586311340332,ok
LA_D_4164660,13.157984733581543,13.189471244812012,ok
LA_D_4164777,11.557000160217285,11.557246208190918,ok
LA_D_4165061,5.394008636474609,5.435033321380615,ok
LA_D_4166028,15.762616157531738,15.871861457824707,ok
LA_D_4166644,-15.035989761352539,-15.04333782196045,ok
LA_D_4167033,14.011839866638184,14.125544548034668,ok
LA_D_4167431,15.239258766174316,15.259712219238281,ok
LA_D_4168527,-11.13927936553955,-11.197712898254395,ok
LA_D_4169547,12.167156219482422,12.27640438079834,ok
LA_D_4171064,14.087241172790527,14.136163711547852,ok
LA_D_4171217,17.34247398376465,17.40325164794922,ok
LA_D_4171570,14.790995597839355,14.864070892333984,ok
LA_D_4171941,11.555935859680176,11.564351081848145,ok
LA_D_4172288,13.658342361450195,13.662758827209473,ok
LA_D_4173079,19.26718521118164,19.283870697021484,ok
LA_D_4174255,18.064456939697266,18.14972496032715,ok
LA_D_4174389,-13.75166130065918,-13.75537109375,ok
LA_D_4174420,-14.836809158325195,-14.852386474609375,ok
LA_D_4176167,12.394011497497559,12.39452838897705,ok
LA_D_4179863,11.813121795654297,11.847780227661133,ok
LA_D_4180382,12.05318832397461,12.067963600158691,ok
LA_D_4180571,6.614861488342285,6.597911357879639,ok
LA_D_4181398,14.774758338928223,14.80985164642334,ok
LA_D_4181484,13.66247272491455,13.668852806091309,ok
LA_D_4181824,8.795902252197266,8.795268058776855,ok
LA_D_4182338,18.915618896484375,18.991456985473633,ok
LA_D_4182510,13.49968147277832,13.523507118225098,ok
LA_D_4182578,14.897787094116211,14.981255531311035,ok
LA_D_4183063,14.236452102661133,14.26637077331543,ok
LA_D_4184441,12.51128101348877,12.57999038696289,ok
LA_D_4184582,9.89941692352295,9.925329208374023,ok
LA_D_4185000,13.744812965393066,13.791581153869629,ok
LA_D_4185259,12.83099365234375,12.840692520141602,ok
LA_D_4185261,11.434499740600586,11.439278602600098,ok
LA_D_4187195,20.243057250976562,20.246809005737305,ok
LA_D_4187375,13.25340461730957,13.254931449890137,ok
LA_D_4189838,14.622332572937012,14.630148887634277,ok
LA_D_4189888,15.48226261138916,15.530800819396973,ok
LA_D_4190213,12.241933822631836,12.241616249084473,ok
LA_D_4190797,15.322535514831543,15.353020668029785,ok
LA_D_4190801,16.13636589050293,16.139423370361328,ok
LA_D_4190863,17.976600646972656,17.976842880249023,ok
LA_D_4191166,16.608802795410156,16.61327362060547,ok
LA_D_4191537,16.237079620361328,16.266948699951172,ok
LA_D_4191582,13.150012016296387,13.163750648498535,ok
LA_D_4191752,14.017779350280762,14.02452278137207,ok
LA_D_4191826,10.723484992980957,10.728166580200195,ok
LA_D_4192008,15.581340789794922,15.58067512512207,ok
LA_D_4193632,14.48718547821045,14.59326457977295,ok
LA_D_4194240,16.65355682373047,16.660367965698242,ok
LA_D_4195024,11.407973289489746,11.419817924499512,ok
LA_D_4195342,-16.89674949645996,-16.912174224853516,ok
LA_D_4195600,15.233158111572266,15.241056442260742,ok
LA_D_4196303,14.360777854919434,14.36545467376709,ok
LA_D_4196632,14.722981452941895,14.875603675842285,ok
LA_D_4196661,14.359718322753906,14.371294975280762,ok
LA_D_4196989,16.672029495239258,16.69068717956543,ok
LA_D_4197046,12.361567497253418,12.36343765258789,ok
LA_D_4198004,-12.393019676208496,-12.412192344665527,ok
LA_D_4198326,8.960000991821289,8.963313102722168,ok
LA_D_4198486,14.422285079956055,14.430920600891113,ok
LA_D_4198686,11.854735374450684,11.862175941467285,ok
LA_D_4199273,14.351004600524902,14.368399620056152,ok
LA_D_4199363,16.240991592407227,16.25992774963379,ok
LA_D_4200118,13.189952850341797,13.209351539611816,ok
LA_D_4200741,11.083687782287598,11.083830833435059,ok
LA_D_4200824,9.599977493286133,9.599371910095215,ok
LA_D_4200974,15.36237907409668,15.382119178771973,ok
LA_D_4201607,12.074599266052246,12.07915210723877,ok
LA_D_4202629,15.136205673217773,15.149033546447754,ok
LA_D_4203364,16.23580551147461,16.245006561279297,ok
LA_D_4203374,-9.507291793823242,-9.509174346923828,ok
LA_D_4203887,14.621777534484863,14.697561264038086,ok
LA_D_4204191,14.927041053771973,14.981535911560059,ok
LA_D_4204784,13.585536003112793,13.667728424072266,ok
LA_D_4205148,6.953707695007324,6.9537672996521,ok
LA_D_4205821,15.240570068359375,15.320740699768066,ok
LA_D_4206038,16.0856876373291,16.112150192260742,ok
LA_D_4206300,14.490389823913574,14.539671897888184,ok
LA_D_4206329,12.207671165466309,12.21706485748291,ok
LA_D_4206836,9.602728843688965,9.603354454040527,ok
LA_D_4206952,13.622358322143555,13.7251558303833,ok
LA_D_4207134,15.141315460205078,15.169933319091797,ok
LA_D_4208169,10.6378755569458,10.651764869689941,ok
LA_D_4208598,17.450681686401367,17.532306671142578,ok
LA_D_4210738,13.984285354614258,14.003207206726074,ok
LA_D_4213958,13.548287391662598,13.621264457702637,ok
LA_D_4216273,17.356185913085938,17.357818603515625,ok
LA_D_4218588,12.317277908325195,12.3167085647583,ok
LA_D_4221800,-12.011481285095215,-12.019092559814453,ok
LA_D_4223757,9.990854263305664,9.989581108093262,ok
LA_D_4224687,16.726015090942383,16.753652572631836,ok
LA_D_4225333,19.310348510742188,19.323156356811523,ok
LA_D_4225742,17.44327163696289,17.497194290161133,ok
LA_D_4226126,11.992040634155273,11.987707138061523,ok
LA_D_4228094,15.224514961242676,15.307211875915527,ok
LA_D_4228550,5.848092079162598,5.848752498626709,ok
LA_D_4228555,13.585441589355469,13.61168098449707,ok
LA_D_4230212,8.65776538848877,8.709246635437012,ok
LA_D_4231134,17.865482330322266,17.936960220336914,ok
LA_D_4231438,17.478878021240234,17.574647903442383,ok
LA_D_4231672,19.950014114379883,20.07101058959961,ok
LA_D_4232791,6.40277099609375,6.388045310974121,ok
LA_D_4232929,17.34567642211914,17.424226760864258,ok
LA_D_4234032,13.953197479248047,13.959906578063965,ok
LA_D_4234629,15.45798110961914,15.596212387084961,ok
LA_D_4235390,-14.587088584899902,-14.606673240661621,ok
LA_D_4236528,13.014878273010254,13.077338218688965,ok
LA_D_4236787,13.922654151916504,13.96352767944336,ok
LA_D_4239074,-15.30735969543457,-15.325427055358887,ok
LA_D_4239546,20.821136474609375,20.829275131225586,ok
LA_D_4239778,11.172928810119629,11.260575294494629,ok
LA_D_4239904,16.02521324157715,16.21632957458496,ok
LA_D_4240232,14.820942878723145,14.830560684204102,ok
LA_D_4240572,17.739154815673828,17.73981475830078,ok
LA_D_4241032,11.898359298706055,12.013532638549805,ok
LA_D_4243835,14.56865119934082,14.583789825439453,ok
LA_D_4246171,-17.328500747680664,-17.338876724243164,ok
LA_D_4246414,18.15115737915039,18.186208724975586,ok
LA_D_4246754,15.911033630371094,15.912040710449219,ok
LA_D_4246774,16.55872917175293,16.77073860168457,ok
LA_D_4246993,-7.490176677703857,-7.507964611053467,ok
LA_D_4248918,-14.247961044311523,-14.26290225982666,ok
LA_D_4249169,13.610060691833496,13.614460945129395,ok
LA_D_4249206,13.899004936218262,13.9475679397583,ok
LA_D_4249243,14.324151039123535,14.333697319030762,ok
LA_D_4249444,11.264168739318848,11.290738105773926,ok
LA_D_4250284,11.658370018005371,11.674568176269531,ok
LA_D_4251305,13.618568420410156,13.619368553161621,ok
LA_D_4253070,14.396660804748535,14.397530555725098,ok
LA_D_4253580,18.655471801757812,18.70775032043457,ok
LA_D_4254213,12.46842098236084,12.511307716369629,ok
LA_D_4254629,13.939987182617188,13.984421730041504,ok
LA_D_4255574,16.204349517822266,16.257904052734375,ok
LA_D_4256004,9.044119834899902,9.046172142028809,ok
LA_D_4256065,7.633937835693359,7.6772589683532715,ok
LA_D_4256903,12.944355010986328,12.947527885437012,ok
LA_D_4258777,14.545936584472656,14.564777374267578,ok
LA_D_4258858,15.99680233001709,16.086719512939453,ok
LA_D_4258977,16.315170288085938,16.314943313598633,ok
LA_D_4259040,14.838501930236816,14.846938133239746,ok
LA_D_4259794,16.512468338012695,16.70209312438965,ok
LA_D_4260004,15.100067138671875,15.126391410827637,ok
LA_D_4260320,15.905058860778809,15.969987869262695,ok
LA_D_4261339,14.577592849731445,14.608768463134766,ok
LA_D_4262014,13.21048355102539,13.30899715423584,ok
LA_D_4262940,13.303095817565918,13.31594181060791,ok
LA_D_4263760,15.191280364990234,15.19308090209961,ok
LA_D_4264656,14.207730293273926,14.214863777160645,ok
LA_D_4264923,11.699828147888184,11.752589225769043,ok
LA_D_4265472,13.04122257232666,13.045907020568848,ok
LA_D_4265541,10.018819808959961,10.04327392578125,ok
LA_D_4266524,15.9872407913208,16.021652221679688,ok
LA_D_4269476,13.612281799316406,13.613286972045898,ok
LA_D_4270306,9.968053817749023,10.030070304870605,ok
LA_D_4272619,13.171374320983887,13.19383716583252,ok
LA_D_4272960,14.699040412902832,14.705521583557129,ok
LA_D_4274327,14.43156623840332,14.51330852508545,ok
LA_D_4274975,-12.553011894226074,-12.556136131286621,ok
LA_D_4274981,9.075409889221191,9.071553230285645,ok
LA_D_4276883,13.300067901611328,13.329090118408203,ok
LA_D_4277166,19.811485290527344,19.91742515563965,ok
LA_D_4277377,13.211602210998535,13.231492042541504,ok
LA_D_4277712,14.809027671813965,14.847249031066895,ok
LA_D_4278889,15.396327018737793,15.416088104248047,ok
LA_D_4279179,11.959054946899414,11.983798027038574,ok
LA_D_4279522,-14.959007263183594,-14.997145652770996,ok
LA_D_4280433,14.305802345275879,14.341485023498535,ok
LA_D_4281656,11.821035385131836,11.868170738220215,ok
LA_D_4281667,16.506977081298828,16.51603889465332,ok
LA_D_4282533,12.294130325317383,12.304193496704102,ok
LA_D_4282724,-11.907709121704102,-11.916609764099121,ok
LA_D_4283190,21.092620849609375,21.416215896606445,ok
LA_D_4284194,8.421639442443848,8.420652389526367,ok
LA_D_4285827,18.686708450317383,18.689899444580078,ok
LA_D_4286664,11.23474407196045,11.235673904418945,ok
LA_D_4289169,13.550311088562012,13.55044937133789,ok
LA_D_4290017,16.00981903076172,16.10686683654785,ok
LA_D_4291104,10.78380012512207,10.813511848449707,ok
LA_D_4293112,-14.06682014465332,-14.083261489868164,ok
LA_D_4293326,13.351078987121582,13.36457633972168,ok
LA_D_4293774,15.392141342163086,15.433680534362793,ok
LA_D_4293805,14.871123313903809,14.911675453186035,ok
LA_D_4294751,15.449416160583496,15.47019100189209,ok
LA_D_4296133,13.750965118408203,13.750754356384277,ok
LA_D_4296893,17.02512550354004,17.095861434936523,ok
LA_D_4297095,16.57842254638672,16.667388916015625,ok
LA_D_4297354,14.929611206054688,15.045522689819336,ok
LA_D_4297667,15.046238899230957,15.145834922790527,ok
LA_D_4300523,17.47105598449707,17.504796981811523,ok
LA_D_4301521,9.888361930847168,9.902934074401855,ok
LA_D_4301954,9.930928230285645,9.932147026062012,ok
LA_D_4302088,10.9157133102417,10.93321704864502,ok
LA_D_4302254,17.10408592224121,17.193357467651367,ok
LA_D_4302814,16.33945083618164,16.372358322143555,ok
LA_D_4304225,12.616839408874512,12.61976146697998,ok
LA_D_4304868,-13.110001564025879,-13.13249397277832,ok
LA_D_4306636,10.026455879211426,10.026688575744629,ok
LA_D_4308561,14.914763450622559,15.022863388061523,ok
LA_D_4309122,14.054348945617676,14.073564529418945,ok
LA_D_4309636,16.845134735107422,16.84720802307129,ok
LA_D_4309711,-4.845475196838379,-4.861242771148682,ok
LA_D_4311841,16.543004989624023,16.57109260559082,ok
LA_D_4311857,19.43986701965332,19.478580474853516,ok
LA_D_4315355,14.196033477783203,14.209609031677246,ok
LA_D_4318753,-11.723581314086914,-11.749024391174316,ok
LA_D_4319137,11.100476264953613,11.127143859863281,ok
LA_D_4320036,-3.6136255264282227,-3.6203079223632812,ok
LA_D_4320182,15.122660636901855,15.169312477111816,ok
LA_D_4321061,14.68921947479248,14.691112518310547,ok
LA_D_4322439,20.96259117126465,21.057756423950195,ok
LA_D_4322842,10.613773345947266,10.61337947845459,ok
LA_D_4324080,11.94823932647705,11.950596809387207,ok
LA_D_4324943,12.589929580688477,12.595672607421875,ok
LA_D_4326060,11.666003227233887,11.684450149536133,ok
LA_D_4326894,17.388751983642578,17.4451961517334,ok
LA_D_4329029,16.325870513916016,16.367727279663086,ok
LA_D_4330465,18.734891891479492,18.935195922851562,ok
LA_D_4330927,13.908554077148438,13.943205833435059,ok
LA_D_4331052,16.090177536010742,16.111669540405273,ok
LA_D_4332689,17.005001068115234,17.037919998168945,ok
LA_D_4332784,16.107824325561523,16.234336853027344,ok
LA_D_4333191,16.10444450378418,16.119766235351562,ok
LA_D_4333326,10.799293518066406,10.811440467834473,ok
LA_D_4335525,19.077362060546875,19.147836685180664,ok
LA_D_4335932,12.861798286437988,12.866433143615723,ok
LA_D_4337797,17.476476669311523,17.493410110473633,ok
LA_D_4338785,-14.452524185180664,-14.473860740661621,ok
LA_D_4338918,12.651456832885742,12.676460266113281,ok
LA_D_4339384,15.255825996398926,15.261652946472168,ok
LA_D_4339387,17.703075408935547,17.729116439819336,ok
LA_D_4339462,18.89991569519043,18.93564796447754,ok
LA_D_4339595,12.85953140258789,12.876587867736816,ok
LA_D_4339686,14.206836700439453,14.255463600158691,ok
LA_D_4339929,16.794878005981445,16.95842170715332,ok
LA_D_4340193,17.833438873291016,17.88148307800293,ok
LA_D_4341247,8.221839904785156,8.223361015319824,ok
LA_D_4341889,-12.617603302001953,-12.619413375854492,ok
LA_D_4342639,13.314166069030762,13.399321556091309,ok
LA_D_4342949,16.337482452392578,16.347856521606445,ok
LA_D_4343772,16.317834854125977,16.3760929107666,ok
LA_D_4344112,15.485349655151367,15.484589576721191,ok
LA_D_4344125,13.117939949035645,13.151611328125,ok
LA_D_4344547,13.463507652282715,13.508760452270508,ok
LA_D_4344561,13.789512634277344,13.922876358032227,ok
LA_D_4344587,13.919500350952148,13.929322242736816,ok
LA_D_4344989,12.311022758483887,12.345601081848145,ok
LA_D_4347397,12.917631149291992,12.979942321777344,ok
LA_D_4347644,11.68643569946289,11.688273429870605,ok
LA_D_4348250,17.035608291625977,17.063814163208008,ok
LA_D_4348413,4.8929443359375,4.890518665313721,ok
LA_D_4350243,9.606803894042969,9.666563034057617,ok
LA_D_4350271,-14.327837944030762,-14.333441734313965,ok
LA_D_4353332,11.121310234069824,11.13160228729248,ok
LA_D_4354056,-15.321187973022461,-15.37110424041748,ok
LA_D_4354832,14.977899551391602,14.985556602478027,ok
LA_D_4355155,14.868008613586426,14.882135391235352,ok
LA_D_4356104,14.182077407836914,14.209558486938477,ok
LA_D_4356541,-14.251364707946777,-14.279438972473145,ok
LA_D_4356737,16.494592666625977,16.54722023010254,ok
LA_D_4357087,14.243321418762207,14.27127742767334,ok
LA_D_4357332,13.295000076293945,13.30409049987793,ok
LA_D_4358018,14.893143653869629,14.92195987701416,ok
LA_D_4358026,17.447341918945312,17.44706916809082,ok
LA_D_4359265,6.230186939239502,6.271188735961914,ok
LA_D_4359700,9.867000579833984,9.881146430969238,ok
LA_D_4360961,7.937039375305176,7.943160533905029,ok
LA_D_4362724,18.830049514770508,18.940580368041992,ok
LA_D_4363125,13.726472854614258,13.72245979309082,ok
LA_D_4365682,12.056604385375977,12.062969207763672,ok
LA_D_4367665,-16.701539993286133,-16.734590530395508,ok
LA_D_4368080,16.91839599609375,16.998083114624023,ok
LA_D_4368585,11.326362609863281,11.33321475982666,ok
LA_D_4371142,-13.14625072479248,-13.163087844848633,ok
LA_D_4371820,14.65884780883789,14.67722225189209,ok
LA_D_4372021,6.616636276245117,6.617849826812744,ok
LA_D_4372323,13.655088424682617,13.720197677612305,ok
LA_D_4373476,8.896336555480957,8.90520191192627,ok
LA_D_4373860,14.145273208618164,14.18805980682373,ok
LA_D_4374868,16.81022834777832,16.843019485473633,ok
LA_D_4375717,6.23443603515625,6.236571788787842,ok
LA_D_4375763,8.898833274841309,8.999342918395996,ok
LA_D_4376066,13.705461502075195,13.85104751586914,ok
LA_D_4377114,9.586136817932129,9.587116241455078,ok
LA_D_4378003,12.431575775146484,12.502518653869629,ok
LA_D_4378419,13.229461669921875,13.505986213684082,ok
LA_D_4382110,13.125699043273926,13.230382919311523,ok
LA_D_4382584,15.808846473693848,15.841168403625488,ok
LA_D_4382768,15.284416198730469,15.407049179077148,ok
LA_D_4384335,13.31871223449707,13.323847770690918,ok
LA_D_4385188,13.39147663116455,13.410751342773438,ok
LA_D_4385637,11.393141746520996,11.397675514221191,ok
LA_D_4386137,11.646442413330078,11.652094841003418,ok
LA_D_4386823,-14.03115463256836,-14.109135627746582,ok
LA_D_4387141,2.7800076007843018,2.7643015384674072,ok
LA_D_4388836,13.337737083435059,13.369612693786621,ok
LA_D_4389304,11.383474349975586,11.383017539978027,ok
LA_D_4389927,13.295931816101074,13.461965560913086,ok
LA_D_4390516,7.852839469909668,7.841405868530273,ok
LA_D_4391860,8.215727806091309,8.239206314086914,ok
LA_D_4394367,17.048898696899414,17.135866165161133,ok
LA_D_4394399,15.365023612976074,15.508700370788574,ok
LA_D_4395658,12.486732482910156,12.48779582977295,ok
LA_D_4396214,12.074734687805176,12.08973217010498,ok
LA_D_4396892,14.130462646484375,14.3353853225708,ok
LA_D_4397003,16.531862258911133,16.58891487121582,ok
LA_D_4397064,13.442760467529297,13.444009780883789,ok
LA_D_4397256,13.708332061767578,13.778998374938965,ok
LA_D_4398059,13.363231658935547,13.363741874694824,ok
LA_D_4398399,14.49428653717041,14.494366645812988,ok
LA_D_4399191,17.497190475463867,17.501035690307617,ok
LA_D_4399431,15.305608749389648,15.438916206359863,ok
LA_D_4399466,11.558415412902832,11.586773872375488,ok
LA_D_4399522,-11.50949764251709,-11.516651153564453,ok
LA_D_4401526,10.086424827575684,10.087794303894043,ok
LA_D_4401633,-9.451594352722168,-9.460835456848145,ok
LA_D_4401901,12.414488792419434,12.415026664733887,ok
LA_D_4402259,14.276412963867188,14.290007591247559,ok
LA_D_4402495,13.455972671508789,13.490374565124512,ok
LA_D_4402714,-14.935224533081055,-14.939091682434082,ok
LA_D_4402866,16.601137161254883,16.62336540222168,ok
LA_D_4404330,13.70168685913086,13.706570625305176,ok
LA_D_4407003,13.949891090393066,13.964800834655762,ok
LA_D_4407357,14.151162147521973,14.166560173034668,ok
LA_D_4407498,15.193554878234863,15.197480201721191,ok
LA_D_4407872,11.976822853088379,12.013288497924805,ok
LA_D_4409009,17.36922836303711,17.43913459777832,ok
LA_D_4409637,11.9171724319458,11.919468879699707,ok
LA_D_4411229,20.37165641784668,20.452322006225586,ok
LA_D_4411557,9.244339942932129,9.25673770904541,ok
LA_D_4411643,13.408371925354004,13.581259727478027,ok
LA_D_4411754,-14.394617080688477,-14.45462417602539,ok
LA_D_4411966,10.358614921569824,10.376914978027344,ok
LA_D_4412539,12.18301010131836,12.193944931030273,ok
LA_D_4412972,16.08604621887207,16.23413848876953,ok
LA_D_4413908,15.354934692382812,15.46462345123291,ok
LA_D_4414981,16.91339111328125,16.916751861572266,ok
LA_D_4415743,12.900033950805664,12.907998085021973,ok
LA_D_4416329,12.019905090332031,12.025837898254395,ok
LA_D_4416737,14.32226276397705,14.349818229675293,ok
LA_D_4418265,10.975576400756836,10.983048439025879,ok
LA_D_4418754,17.015043258666992,17.027851104736328,ok
LA_D_4419471,20.23698616027832,20.26993751525879,ok
LA_D_4421402,12.560903549194336,12.598173141479492,ok
LA_D_4421531,13.351469039916992,13.347275733947754,ok
LA_D_4422512,-10.688414573669434,-10.692839622497559,ok
LA_D_4427641,7.24139928817749,7.250762939453125,ok
LA_D_4427871,15.224547386169434,15.229270935058594,ok
LA_D_4429476,17.149913787841797,17.194948196411133,ok
LA_D_4430284,14.390993118286133,14.404539108276367,ok
LA_D_4430789,15.949397087097168,16.152084350585938,ok
LA_D_4432534,11.097509384155273,11.162318229675293,ok
LA_D_4432873,13.490386009216309,13.523170471191406,ok
LA_D_4433509,-11.853778839111328,-11.854817390441895,ok
LA_D_4434620,13.617828369140625,13.656928062438965,ok
LA_D_4434827,19.162504196166992,19.2379207611084,ok
LA_D_4436213,11.708645820617676,11.7116060256958,ok
LA_D_4436601,13.497447967529297,13.500118255615234,ok
LA_D_4437561,12.786382675170898,12.830900192260742,ok
LA_D_4437954,8.62183666229248,8.62636947631836,ok
LA_D_4438261,12.899201393127441,12.920771598815918,ok
LA_D_4438405,12.938111305236816,12.956809043884277,ok
LA_D_4440657,17.06199836730957,17.111648559570312,ok
LA_D_4441414,11.980278968811035,12.012961387634277,ok
LA_D_4441987,-8.629082679748535,-8.709208488464355,ok
LA_D_4442289,14.054963111877441,14.079930305480957,ok
LA_D_4442511,11.942648887634277,11.947379112243652,ok
LA_D_4445174,14.204859733581543,14.244223594665527,ok
LA_D_4445250,-14.370540618896484,-14.416194915771484,ok
LA_D_4446874,14.788108825683594,14.868765830993652,ok
LA_D_4447831,12.356579780578613,12.369072914123535,ok
LA_D_4448951,14.868099212646484,14.886805534362793,ok
LA_D_4448977,15.075590133666992,15.131195068359375,ok
LA_D_4449596,14.311919212341309,14.32551383972168,ok
LA_D_4450404,13.890074729919434,13.916552543640137,ok
LA_D_4451989,13.95772647857666,14.04035472869873,ok
LA_D_4452476,12.464714050292969,12.474761009216309,ok
LA_D_4452994,19.68085289001465,19.78327178955078,ok
LA_D_4453721,14.829123497009277,14.935271263122559,ok
LA_D_4453838,16.788681030273438,16.8070011138916,ok
LA_D_4455937,10.30484390258789,10.314055442810059,ok
LA_D_4457189,-2.7300941944122314,-2.7571346759796143,ok
LA_D_4458062,17.05459213256836,17.086362838745117,ok
LA_D_4458668,9.461652755737305,9.494452476501465,ok
LA_D_4459406,13.70465087890625,13.730786323547363,ok
LA_D_4459748,8.619192123413086,8.623236656188965,ok
LA_D_4459933,12.455910682678223,12.45918083190918,ok
LA_D_4460089,15.29537582397461,15.305829048156738,ok
LA_D_4460163,7.736473560333252,7.759073734283447,ok
LA_D_4461485,13.086200714111328,13.086699485778809,ok
LA_D_4462615,-12.761290550231934,-12.792184829711914,ok
LA_D_4463511,14.905736923217773,14.926989555358887,ok
LA_D_4463930,10.292702674865723,10.293108940124512,ok
LA_D_4464967,14.028329849243164,14.028264045715332,ok
LA_D_4467077,13.90087604522705,13.963162422180176,ok
LA_D_4467119,12.191407203674316,12.225285530090332,ok
LA_D_4468016,-13.237007141113281,-13.271876335144043,ok
LA_D_4469053,-15.653484344482422,-15.661187171936035,ok
LA_D_4469400,12.470792770385742,12.558344841003418,ok
LA_D_4469413,9.014132499694824,9.033612251281738,ok
LA_D_4471810,12.304610252380371,12.311291694641113,ok
LA_D_4472082,22.41643524169922,22.507137298583984,ok
LA_D_4472623,13.039504051208496,13.059173583984375,ok
LA_D_4472967,14.788057327270508,14.803196907043457,ok
LA_D_4474720,17.397653579711914,17.432580947875977,ok
LA_D_4475454,14.685713768005371,14.678857803344727,ok
LA_D_4475626,-13.0712308883667,-13.076162338256836,ok
LA_D_4476116,15.141830444335938,15.15131664276123,ok
LA_D_4476408,16.259248733520508,16.26620101928711,ok
LA_D_4477471,15.65170955657959,15.730301856994629,ok
LA_D_4481672,13.906499862670898,13.925703048706055,ok
LA_D_4482667,13.918354034423828,13.921486854553223,ok
LA_D_4483013,14.669029235839844,14.730504035949707,ok
LA_D_4484594,17.560163497924805,17.846824645996094,ok
LA_D_4485182,-6.174696922302246,-6.190023899078369,ok
LA_D_4485320,18.45890998840332,18.525978088378906,ok
LA_D_4485361,15.026090621948242,15.045584678649902,ok
LA_D_4485889,11.686144828796387,11.69457721710205,ok
LA_D_4486700,14.697574615478516,14.734198570251465,ok
LA_D_4487386,17.520671844482422,17.608217239379883,ok
LA_D_4487653,20.245635986328125,20.25443458557129,ok
LA_D_4487745,15.45535659790039,15.534817695617676,ok
LA_D_4487776,10.689690589904785,10.715271949768066,ok
LA_D_4488152,14.187745094299316,14.243433952331543,ok
LA_D_4488391,12.19479751586914,12.262494087219238,ok
LA_D_4488718,19.72324562072754,19.76774787902832,ok
LA_D_4488788,15.184489250183105,15.367002487182617,ok
LA_D_4488838,14.606527328491211,14.655782699584961,ok
LA_D_4489969,-15.49526309967041,-15.501504898071289,ok
LA_D_4490548,12.941557884216309,12.95913314819336,ok
LA_D_4491910,20.98967170715332,20.995180130004883,ok
LA_D_4492452,14.961918830871582,15.029467582702637,ok
LA_D_4492847,-3.1651196479797363,-3.2020645141601562,ok
LA_D_4494703,15.36024284362793,15.55630874633789,ok
LA_D_4496115,11.665268898010254,11.700004577636719,ok
LA_D_4497485,23.95625114440918,24.000972747802734,ok
LA_D_4498003,13.667683601379395,13.688572883605957,ok
LA_D_4499351,18.352840423583984,18.354646682739258,ok
LA_D_4499477,13.11328125,13.116193771362305,ok
LA_D_4500243,-12.975785255432129,-13.190658569335938,ok
LA_D_4502872,15.312721252441406,15.343916893005371,ok
LA_D_4504946,11.503705024719238,11.510692596435547,ok
LA_D_4505123,10.84955883026123,10.944144248962402,ok
LA_D_4505290,10.413237571716309,10.509594917297363,ok
LA_D_4505937,8.38596248626709,8.385454177856445,ok
LA_D_4506133,14.509395599365234,14.543720245361328,ok
LA_D_4506633,11.376195907592773,11.379881858825684,ok
LA_D_4507888,13.132166862487793,13.163335800170898,ok
LA_D_4509357,14.767409324645996,14.780207633972168,ok
LA_D_4510369,10.532240867614746,10.537066459655762,ok
LA_D_4511424,13.338472366333008,13.445493698120117,ok
LA_D_4512980,16.66469955444336,16.706653594970703,ok
LA_D_4513531,-12.646859169006348,-12.659533500671387,ok
LA_D_4514090,15.725687026977539,15.81564998626709,ok
LA_D_4514194,19.59675407409668,19.788320541381836,ok
LA_D_4515281,14.88709831237793,14.887755393981934,ok
LA_D_4516804,-14.38743782043457,-14.395586967468262,ok
LA_D_4516952,10.048349380493164,10.050032615661621,ok
LA_D_4518823,12.330465316772461,12.53111457824707,ok
LA_D_4519635,18.09035873413086,18.101795196533203,ok
LA_D_4520104,-12.905789375305176,-12.92798900604248,ok
LA_D_4522480,14.087960243225098,14.122319221496582,ok
LA_D_4523165,9.541692733764648,9.578128814697266,ok
LA_D_4524225,18.082237243652344,18.095422744750977,ok
LA_D_4526494,17.591678619384766,17.639060974121094,ok
LA_D_4526867,12.319037437438965,12.349578857421875,ok
LA_D_4527422,13.245461463928223,13.268342018127441,ok
LA_D_4527658,15.156709671020508,15.191191673278809,ok
LA_D_4528435,10.893058776855469,10.983918190002441,ok
LA_D_4529395,16.922077178955078,16.934648513793945,ok
LA_D_4529749,8.534984588623047,8.580961227416992,ok
LA_D_4530249,11.504175186157227,11.504939079284668,ok
LA_D_4530450,-12.8182373046875,-12.82143497467041,ok
LA_D_4530557,11.294379234313965,11.34436321258545,ok
LA_D_4532710,12.12279224395752,12.153117179870605,ok
LA_D_4533373,11.989150047302246,12.031168937683105,ok
LA_D_4537572,11.717928886413574,11.75615406036377,ok
LA_D_4538385,12.682103157043457,12.704079627990723,ok
LA_D_4538751,14.658841133117676,14.681578636169434,ok
LA_D_4539356,11.916744232177734,11.957413673400879,ok
LA_D_4540134,14.187174797058105,14.189600944519043,ok
LA_D_4540166,-12.707646369934082,-12.71630573272705,ok
LA_D_4540622,16.8404541015625,16.864721298217773,ok
LA_D_4540896,15.742510795593262,15.79348373413086,ok
LA_D_4541749,13.81505012512207,14.074799537658691,ok
LA_D_4541793,10.599557876586914,10.600817680358887,ok
LA_D_4541895,17.468048095703125,17.570837020874023,ok
LA_D_4542234,12.638277053833008,12.664437294006348,ok
LA_D_4542657,13.753747940063477,13.762541770935059,ok
LA_D_4542806,14.89139175415039,14.913504600524902,ok
LA_D_4542962,15.832403182983398,15.865129470825195,ok
LA_D_4543139,13.183490753173828,13.210921287536621,ok
LA_D_4544395,12.838829040527344,12.962124824523926,ok
LA_D_4544796,13.765128135681152,13.765746116638184,ok
LA_D_4545053,16.361127853393555,16.480133056640625,ok
LA_D_4545082,12.672772407531738,12.679795265197754,ok
LA_D_4545884,13.081964492797852,13.203465461730957,ok
LA_D_4546481,-10.420875549316406,-10.441484451293945,ok
LA_D_4547626,14.104023933410645,14.136167526245117,ok
LA_D_4548556,13.889305114746094,13.9010648727417,ok
LA_D_4550388,14.707000732421875,14.758882522583008,ok
LA_D_4551336,-14.160021781921387,-14.17077350616455,ok
LA_D_4551409,11.34489917755127,11.36281681060791,ok
LA_D_4551639,14.506073951721191,14.699066162109375,ok
LA_D_4551946,12.757110595703125,12.801526069641113,ok
LA_D_4552327,-14.817683219909668,-14.949687957763672,ok
LA_D_4552584,14.909141540527344,14.919182777404785,ok
LA_D_4552742,18.66581153869629,18.753665924072266,ok
LA_D_4554165,12.627073287963867,12.626163482666016,ok
LA_D_4554509,14.068937301635742,14.1752347946167,ok
LA_D_4555408,14.344221115112305,14.35034465789795,ok
LA_D_4556349,13.381917953491211,13.449631690979004,ok
LA_D_4557906,17.429943084716797,17.431459426879883,ok
LA_D_4558500,8.357558250427246,8.362774848937988,ok
LA_D_4561179,16.66138458251953,16.67120361328125,ok
LA_D_4562728,10.173018455505371,10.182316780090332,ok
LA_D_4562819,14.572484016418457,14.572794914245605,ok
LA_D_4562820,17.932401657104492,17.950044631958008,ok
LA_D_4564375,14.318527221679688,14.325312614440918,ok
LA_D_4565223,15.057560920715332,15.141484260559082,ok
LA_D_4567317,13.689220428466797,13.678431510925293,ok
LA_D_4567649,16.442052841186523,16.442596435546875,ok
LA_D_4567671,15.391914367675781,15.40018367767334,ok
LA_D_4567965,12.630977630615234,12.634317398071289,ok
LA_D_4568975,10.47192668914795,10.496501922607422,ok
LA_D_4571818,-13.590096473693848,-13.692912101745605,ok
LA_D_4572219,12.581494331359863,12.613722801208496,ok
LA_D_4573144,15.741521835327148,15.79668140411377,ok
LA_D_4573581,14.155322074890137,14.197519302368164,ok
LA_D_4573944,11.612664222717285,11.616192817687988,ok
LA_D_4574274,-12.114996910095215,-12.120331764221191,ok
LA_D_4575411,15.46361255645752,15.54880142211914,ok
LA_D_4575624,18.134613037109375,18.141008377075195,ok
LA_D_4577893,14.22887134552002,14.2382173538208,ok
LA_D_4579960,18.310487747192383,18.434724807739258,ok
LA_D_4580301,-14.578619956970215,-14.613184928894043,ok
LA_D_4580639,18.98398208618164,18.985965728759766,ok
LA_D_4581451,7.780366897583008,7.78346061706543,ok
LA_D_4582769,17.649084091186523,17.91518211364746,ok
LA_D_4583096,12.231587409973145,12.24051570892334,ok
LA_D_4583777,11.111861228942871,11.138754844665527,ok
LA_D_4583809,11.732975006103516,11.735920906066895,ok
LA_D_4584142,10.133672714233398,10.195815086364746,ok
LA_D_4585046,10.581596374511719,10.582523345947266,ok
LA_D_4585137,14.916075706481934,14.91617488861084,ok
LA_D_4585435,12.583331108093262,12.689583778381348,ok
LA_D_4585593,16.51204490661621,16.53151512145996,ok
LA_D_4586638,15.174726486206055,15.308684349060059,ok
LA_D_4586853,-9.167350769042969,-9.17017650604248,ok
LA_D_4588355,14.551529884338379,14.58023452758789,ok
LA_D_4589187,13.159425735473633,13.182731628417969,ok
LA_D_4590771,15.251887321472168,15.29554271697998,ok
LA_D_4591057,12.369945526123047,12.432538032531738,ok
LA_D_4592786,23.173704147338867,23.406784057617188,ok
LA_D_4593106,12.451148986816406,12.47331714630127,ok
LA_D_4593298,14.200788497924805,14.451563835144043,ok
LA_D_4593541,9.76231861114502,9.76414966583252,ok
LA_D_4593675,15.517298698425293,15.536787986755371,ok
LA_D_4594870,13.806214332580566,13.80673599243164,ok
LA_D_4595256,13.74645709991455,13.74588394165039,ok
LA_D_4598556,13.796977996826172,13.820751190185547,ok
LA_D_4598678,10.533327102661133,10.540314674377441,ok
LA_D_4599014,10.74691104888916,10.75011157989502,ok
LA_D_4599790,20.060148239135742,20.08213233947754,ok
LA_D_4599849,18.21813201904297,18.237226486206055,ok
LA_D_4601171,11.093689918518066,11.09497356414795,ok
LA_D_4601520,12.339755058288574,12.36169147491455,ok
LA_D_4601616,10.908766746520996,10.90527057647705,ok
LA_D_4601843,12.777518272399902,12.783671379089355,ok
LA_D_4602617,12.185576438903809,12.216349601745605,ok
LA_D_4602795,12.5170316696167,12.519530296325684,ok
LA_D_4603625,-13.2765531539917,-13.279426574707031,ok
LA_D_4603798,13.994922637939453,14.027173042297363,ok
LA_D_4603886,16.457887649536133,16.4715576171875,ok
LA_D_4606355,14.988309860229492,15.014328956604004,ok
LA_D_4606442,-11.848100662231445,-12.054884910583496,ok
LA_D_4608336,16.793441772460938,16.839387893676758,ok
LA_D_4609401,12.409820556640625,12.416901588439941,ok
LA_D_4610013,15.592853546142578,15.648573875427246,ok
LA_D_4610210,13.87239933013916,13.906795501708984,ok
LA_D_4610422,13.873237609863281,13.943013191223145,ok
LA_D_4611322,15.48913288116455,15.533659934997559,ok
LA_D_4613712,9.184596061706543,9.18513011932373,ok
LA_D_4615442,15.16446304321289,15.247761726379395,ok
LA_D_4617063,13.130041122436523,13.149163246154785,ok
LA_D_4617565,13.830087661743164,13.866499900817871,ok
LA_D_4620892,-12.688968658447266,-12.695097923278809,ok
LA_D_4623751,16.807470321655273,16.851442337036133,ok
LA_D_4624019,2.3186280727386475,2.3132567405700684,ok
LA_D_4626331,-11.195656776428223,-11.20159912109375,ok
LA_D_4626453,16.5773868560791,16.581253051757812,ok
LA_D_4626552,13.507559776306152,13.536837577819824,ok
LA_D_4627319,12.21733283996582,12.218629837036133,ok
LA_D_4627714,15.315023422241211,15.37357234954834,ok
LA_D_4628640,15.112189292907715,15.185052871704102,ok
LA_D_4629056,5.133243560791016,5.1333136558532715,ok
LA_D_4629979,14.48758316040039,14.487805366516113,ok
LA_D_4631033,14.576937675476074,14.59331226348877,ok
LA_D_4631627,12.66691780090332,12.667450904846191,ok
LA_D_4637561,11.121779441833496,11.137401580810547,ok
LA_D_4637943,15.906563758850098,15.981614112854004,ok
LA_D_4638718,15.404733657836914,15.454545021057129,ok
LA_D_4644831,-11.719344139099121,-11.72716236114502,ok
LA_D_4645660,-13.332572937011719,-13.36835765838623,ok
LA_D_4646934,-9.844632148742676,-9.886813163757324,ok
LA_D_4647613,16.322246551513672,16.414165496826172,ok
LA_D_4647964,14.67953872680664,14.699596405029297,ok
LA_D_4648402,5.238495349884033,5.216685771942139,ok
LA_D_4649265,20.198368072509766,20.218442916870117,ok
LA_D_4650704,14.23376750946045,14.258566856384277,ok
LA_D_4650788,13.151243209838867,13.16412353515625,ok
LA_D_4650858,15.723649024963379,16.068941116333008,ok
LA_D_4653523,10.57000732421875,10.593567848205566,ok
LA_D_4653609,14.014634132385254,14.026540756225586,ok
LA_D_4653724,14.059863090515137,14.109910011291504,ok
LA_D_4654776,13.463788986206055,13.472779273986816,ok
LA_D_4654807,16.12225914001465,16.16149139404297,ok
LA_D_4657076,12.11816692352295,12.125727653503418,ok
LA_D_4662010,13.654949188232422,13.683008193969727,ok
LA_D_4662308,12.82178783416748,12.833876609802246,ok
LA_D_4663919,-16.25399398803711,-16.30889892578125,ok
LA_D_4665317,9.552779197692871,9.555131912231445,ok
LA_D_4665366,17.69748306274414,17.746387481689453,ok
LA_D_4666647,-12.87575912475586,-12.923855781555176,ok
LA_D_4667621,-13.52002239227295,-13.680460929870605,ok
LA_D_4668049,14.347970962524414,14.395894050598145,ok
LA_D_4668862,19.0725040435791,19.104581832885742,ok
LA_D_4669726,8.991888046264648,9.048245429992676,ok
LA_D_4673693,15.984109878540039,16.0523738861084,ok
LA_D_4673712,14.952388763427734,15.042552947998047,ok
LA_D_4673891,14.326482772827148,14.340883255004883,ok
LA_D_4674363,13.876235008239746,13.920379638671875,ok
LA_D_4674650,-14.534638404846191,-14.716317176818848,ok
LA_D_4678507,14.932064056396484,14.941906929016113,ok
LA_D_4678519,10.216934204101562,10.228472709655762,ok
LA_D_4678659,20.249744415283203,20.319978713989258,ok
LA_D_4679930,14.526147842407227,14.537403106689453,ok
LA_D_4680031,11.175215721130371,11.17042064666748,ok
LA_D_4681179,10.573518753051758,10.5791654586792,ok
LA_D_4681486,14.227529525756836,14.277043342590332,ok
LA_D_4682422,13.130810737609863,13.143902778625488,ok
LA_D_4683194,10.672218322753906,10.687338829040527,ok
LA_D_4683975,8.61533260345459,8.62014102935791,ok
LA_D_4684075,12.778828620910645,12.783117294311523,ok
LA_D_4685405,12.381582260131836,12.462368965148926,ok
LA_D_4685861,16.488971710205078,16.544584274291992,ok
LA_D_4686116,9.102822303771973,9.156120300292969,ok
LA_D_4688262,9.28498649597168,9.28798770904541,ok
LA_D_4691600,19.72197723388672,19.736204147338867,ok
LA_D_4694664,13.110931396484375,13.117491722106934,ok
LA_D_4694886,12.355907440185547,12.364909172058105,ok
LA_D_4696311,16.245323181152344,16.341869354248047,ok
LA_D_4697088,16.30655860900879,16.397165298461914,ok
LA_D_4698298,13.528615951538086,13.557465553283691,ok
LA_D_4698419,-13.720213890075684,-13.728100776672363,ok
LA_D_4698607,14.562424659729004,14.694587707519531,ok
LA_D_4699301,15.24186897277832,15.250102043151855,ok
LA_D_4699456,15.521780967712402,15.53292465209961,ok
LA_D_4700200,14.19248104095459,14.20067310333252,ok
LA_D_4702053,13.842730522155762,13.85693073272705,ok
LA_D_4702125,11.937050819396973,11.951752662658691,ok
LA_D_4702864,15.84353256225586,16.06035614013672,ok
LA_D_4702964,8.104951858520508,8.162593841552734,ok
LA_D_4703340,-15.087393760681152,-15.370253562927246,ok
LA_D_4703894,13.855308532714844,13.857007026672363,ok
LA_D_4704078,14.000972747802734,14.000710487365723,ok
LA_D_4704993,10.536859512329102,10.538236618041992,ok
LA_D_4707076,16.307626724243164,16.429685592651367,ok
LA_D_4708179,13.142319679260254,13.156133651733398,ok
LA_D_4708202,9.713489532470703,9.721575736999512,ok
LA_D_4708436,15.064521789550781,15.315001487731934,ok
LA_D_4708516,13.500679016113281,13.50711727142334,ok
LA_D_4708806,9.662686347961426,9.66479206085205,ok
LA_D_4708858,10.160087585449219,10.172608375549316,ok
LA_D_4709234,11.075479507446289,11.082579612731934,ok
LA_D_4710439,15.20803451538086,15.25448989868164,ok
LA_D_4710772,14.101288795471191,14.11130142211914,ok
LA_D_4710912,12.92284870147705,12.95121955871582,ok
LA_D_4712578,15.963194847106934,15.978758811950684,ok
LA_D_4713595,12.438019752502441,12.511527061462402,ok
LA_D_4715249,13.945277214050293,13.957655906677246,ok
LA_D_4716316,17.55240249633789,17.563175201416016,ok
LA_D_4717087,-8.254356384277344,-8.25976276397705,ok
LA_D_4718173,11.453256607055664,11.45531940460205,ok
LA_D_4718710,12.616023063659668,12.641039848327637,ok
LA_D_4718837,11.61800479888916,11.64731502532959,ok
LA_D_4719420,10.438907623291016,10.434812545776367,ok
LA_D_4719892,13.679304122924805,13.685175895690918,ok
LA_D_4719986,12.592633247375488,12.60200023651123,ok
LA_D_4720755,15.378409385681152,15.435171127319336,ok
LA_D_4720854,13.77698040008545,13.78868293762207,ok
LA_D_4720930,14.500018119812012,14.513167381286621,ok
LA_D_4721136,9.957817077636719,9.9756498336792,ok
LA_D_4721344,14.085023880004883,14.092535018920898,ok
LA_D_4721356,19.77665138244629,19.793344497680664,ok
LA_D_4722011,15.51601505279541,15.539202690124512,ok
LA_D_4722555,12.759601593017578,12.78358268737793,ok
LA_D_4723086,-11.339966773986816,-11.374435424804688,ok
LA_D_4723558,-2.5574302673339844,-2.557328701019287,ok
LA_D_4723647,-12.910054206848145,-12.928069114685059,ok
LA_D_4724411,15.547584533691406,15.657083511352539,ok
LA_D_4724496,17.2635498046875,17.300739288330078,ok
LA_D_4724979,14.687211036682129,14.704256057739258,ok
LA_D_4725187,10.49582290649414,10.507031440734863,ok
LA_D_4727143,15.449620246887207,15.463759422302246,ok
LA_D_4728446,13.391181945800781,13.421648025512695,ok
LA_D_4728531,3.1126420497894287,3.112644910812378,ok
LA_D_4729804,14.813176155090332,14.826521873474121,ok
LA_D_4729932,12.178176879882812,12.186577796936035,ok
LA_D_4730109,15.823942184448242,15.86403751373291,ok
LA_D_4730111,19.707103729248047,19.762834548950195,ok
LA_D_4730310,13.418699264526367,13.428788185119629,ok
LA_D_4732324,15.647411346435547,15.675524711608887,ok
LA_D_4732747,16.964202880859375,17.066707611083984,ok
LA_D_4734716,12.404945373535156,12.45394229888916,ok
LA_D_4735638,14.5391845703125,14.958264350891113,ok
LA_D_4735766,7.908387660980225,7.916266441345215,ok
LA_D_4736001,11.255292892456055,11.469568252563477,ok
LA_D_4736119,14.713626861572266,14.801314353942871,ok
LA_D_4736521,18.564056396484375,18.6942138671875,ok
LA_D_4736721,13.567679405212402,13.592779159545898,ok
LA_D_4737267,16.29845428466797,16.375783920288086,ok
LA_D_4737764,10.498344421386719,10.5054292678833,ok
LA_D_4737822,13.449027061462402,13.469883918762207,ok
LA_D_4740253,11.481684684753418,11.522472381591797,ok
LA_D_4741663,10.240267753601074,10.240955352783203,ok
LA_D_4741755,14.813767433166504,14.863728523254395,ok
LA_D_4744246,16.840288162231445,16.935409545898438,ok
LA_D_4745476,12.95114803314209,13.022128105163574,ok
LA_D_4745806,5.289455413818359,5.289962291717529,ok
LA_D_4746243,11.597513198852539,11.600825309753418,ok
LA_D_4747124,6.381463527679443,6.397607326507568,ok
LA_D_4747651,13.076436996459961,13.089895248413086,ok
LA_D_4747773,10.477840423583984,10.479321479797363,ok
LA_D_4750966,10.56078052520752,10.56196117401123,ok
LA_D_4751390,5.834359645843506,5.833579063415527,ok
LA_D_4752694,15.42093276977539,15.451666831970215,ok
LA_D_4752880,7.570982933044434,7.559013843536377,ok
LA_D_4753739,12.075014114379883,12.08398151397705,ok
LA_D_4754875,15.01091480255127,15.056946754455566,ok
LA_D_4755066,11.007345199584961,11.089238166809082,ok
LA_D_4755303,17.518152236938477,17.54143714904785,ok
LA_D_4757475,-16.447711944580078,-16.45977783203125,ok
LA_D_4757865,14.324512481689453,14.328780174255371,ok
LA_D_4758316,20.891000747680664,20.891427993774414,ok
LA_D_4758741,8.990639686584473,9.036887168884277,ok
LA_D_4760053,17.2974796295166,17.30190086364746,ok
LA_D_4762105,6.772451400756836,6.8046393394470215,ok
LA_D_4762537,10.338682174682617,10.38692569732666,ok
LA_D_4763142,16.753190994262695,16.83739471435547,ok
LA_D_4763361,12.887557983398438,12.887894630432129,ok
LA_D_4764117,13.43569278717041,13.457833290100098,ok
LA_D_4765138,12.556807518005371,12.559002876281738,ok
LA_D_4765748,21.134376525878906,21.50977897644043,ok
LA_D_4765823,18.388309478759766,18.44637680053711,ok
LA_D_4766369,13.330770492553711,13.334978103637695,ok
LA_D_4766442,13.560114860534668,13.60122013092041,ok
LA_D_4766470,13.912076950073242,13.937051773071289,ok
LA_D_4766616,14.488837242126465,14.497918128967285,ok
LA_D_4766671,11.847028732299805,11.854523658752441,ok
LA_D_4767028,-15.160083770751953,-15.181973457336426,ok
LA_D_4767464,17.209346771240234,17.222929000854492,ok
LA_D_4767743,16.031166076660156,16.21122932434082,ok
LA_D_4767892,12.360611915588379,12.420552253723145,ok
LA_D_4768212,15.536397933959961,15.58729362487793,ok
LA_D_4768782,12.390049934387207,12.390341758728027,ok
LA_D_4768822,12.36601734161377,12.397459030151367,ok
LA_D_4769016,13.717385292053223,13.741963386535645,ok
LA_D_4769081,15.098586082458496,15.113957405090332,ok
LA_D_4769401,9.261094093322754,9.308283805847168,ok
LA_D_4770612,18.199399948120117,18.237092971801758,ok
LA_D_4770781,16.723846435546875,16.728532791137695,ok
LA_D_4770965,12.825732231140137,12.829012870788574,ok
LA_D_4771283,12.898298263549805,12.90919017791748,ok
LA_D_4771311,10.690004348754883,10.709321975708008,ok
LA_D_4771389,17.26042366027832,17.313634872436523,ok
LA_D_4771667,-16.294878005981445,-16.311107635498047,ok
LA_D_4771745,14.625964164733887,14.64555835723877,ok
LA_D_4771783,-13.752760887145996,-13.754770278930664,ok
LA_D_4772711,12.62202262878418,12.63438892364502,ok
LA_D_4773088,11.996973037719727,12.0214204788208,ok
LA_D_4774155,22.01767921447754,22.374971389770508,ok
LA_D_4774710,12.057509422302246,12.144129753112793,ok
LA_D_4776677,15.353874206542969,15.354996681213379,ok
LA_D_4776681,-14.92773723602295,-14.932125091552734,ok
LA_D_4777273,12.367746353149414,12.39077091217041,ok
LA_D_4777626,-13.160593032836914,-13.235687255859375,ok
LA_D_4777881,-13.13131046295166,-13.161778450012207,ok
LA_D_4778221,13.909683227539062,13.924102783203125,ok
LA_D_4781086,-13.867471694946289,-13.91616439819336,ok
LA_D_4784347,18.517370223999023,18.64966583251953,ok
LA_D_4784805,12.16312313079834,12.236550331115723,ok
LA_D_4784827,-2.5519158840179443,-2.5838606357574463,ok
LA_D_4786059,15.463525772094727,15.480300903320312,ok
LA_D_4788201,12.783058166503906,12.80284309387207,ok
LA_D_4788415,14.147815704345703,14.15869426727295,ok
LA_D_4788531,14.350557327270508,14.398191452026367,ok
LA_D_4788913,11.397424697875977,11.468162536621094,ok
LA_D_4789511,13.348355293273926,13.364579200744629,ok
LA_D_4789758,14.279664039611816,14.3178071975708,ok
LA_D_4790022,14.63361644744873,14.673579216003418,ok
LA_D_4790311,17.66065216064453,17.6873836517334,ok
LA_D_4791058,16.075693130493164,16.109615325927734,ok
LA_D_4791127,15.19014835357666,15.197409629821777,ok
LA_D_4793229,11.2031888961792,11.21106243133545,ok
LA_D_4793285,19.189607620239258,19.204404830932617,ok
LA_D_4794184,9.604109764099121,9.617116928100586,ok
LA_D_4796345,11.731136322021484,11.78192138671875,ok
LA_D_4796348,16.97817039489746,16.993852615356445,ok
LA_D_4797304,12.468476295471191,12.520453453063965,ok
LA_D_4797830,16.726118087768555,16.72937774658203,ok
LA_D_4797934,11.785258293151855,11.831700325012207,ok
LA_D_4798662,13.87785816192627,13.8971586227417,ok
LA_D_4798963,17.318166732788086,17.44199562072754,ok
LA_D_4798984,13.434803009033203,13.491805076599121,ok
LA_D_4799307,15.144712448120117,15.178994178771973,ok
LA_D_4799572,15.242259979248047,15.25380802154541,ok
LA_D_4801414,17.624954223632812,17.687847137451172,ok
LA_D_4802475,18.028486251831055,18.033283233642578,ok
LA_D_4802794,16.843427658081055,16.8781795501709,ok
LA_D_4803902,-12.76233196258545,-12.809823036193848,ok
LA_D_4804270,10.549561500549316,10.55463695526123,ok
LA_D_4804886,9.949867248535156,9.951226234436035,ok
LA_D_4807296,-11.40238094329834,-11.420182228088379,ok
LA_D_4810605,13.370654106140137,13.372828483581543,ok
LA_D_4811625,-11.85066032409668,-11.872637748718262,ok
LA_D_4812481,7.881593704223633,7.954794406890869,ok
LA_D_4812719,14.517622947692871,14.638094902038574,ok
LA_D_4813001,15.335550308227539,15.396883964538574,ok
LA_D_4813446,11.309674263000488,11.318207740783691,ok
LA_D_4813520,-12.625170707702637,-12.625543594360352,ok
LA_D_4813945,12.05420207977295,12.057112693786621,ok
LA_D_4814402,6.829092025756836,6.898304462432861,ok
LA_D_4814981,12.005731582641602,12.00532341003418,ok
LA_D_4815856,15.217909812927246,15.23884105682373,ok
LA_D_4816070,17.33526039123535,17.47003173828125,ok
LA_D_4816127,-12.17023754119873,-12.176690101623535,ok
LA_D_4816769,11.005687713623047,11.013903617858887,ok
LA_D_4818528,-11.342743873596191,-11.347143173217773,ok
LA_D_4820874,9.814911842346191,9.817564010620117,ok
LA_D_4821411,-12.009367942810059,-12.013946533203125,ok
LA_D_4822832,14.098359107971191,14.106627464294434,ok
LA_D_4823498,15.229264259338379,15.405618667602539,ok
LA_D_4824323,13.15868091583252,13.456985473632812,ok
LA_D_4825371,11.861244201660156,11.868430137634277,ok
LA_D_4825555,10.989803314208984,11.002663612365723,ok
LA_D_4825650,9.231226921081543,9.238072395324707,ok
LA_D_4825873,10.606415748596191,10.616039276123047,ok
LA_D_4825879,19.60946273803711,19.629350662231445,ok
LA_D_4828615,13.710641860961914,13.743706703186035,ok
LA_D_4828901,-13.949307441711426,-14.041232109069824,ok
LA_D_4830541,8.475544929504395,8.479784965515137,ok
LA_D_4830591,11.614338874816895,11.62112045288086,ok
LA_D_4831370,11.416088104248047,11.426279067993164,ok
LA_D_4831551,16.41224479675293,16.414583206176758,ok
LA_D_4832159,14.684385299682617,14.714903831481934,ok
LA_D_4833484,13.36402416229248,13.373976707458496,ok
LA_D_4834228,-12.847020149230957,-12.860441207885742,ok
LA_D_4835735,11.507474899291992,11.523605346679688,ok
LA_D_4835906,14.58215618133545,14.603230476379395,ok
LA_D_4836452,13.73336124420166,13.7348051071167,ok
LA_D_4837193,14.546252250671387,14.624504089355469,ok
LA_D_4838177,15.251134872436523,15.31531810760498,ok
LA_D_4838987,14.62633228302002,14.631455421447754,ok
LA_D_4840993,17.076566696166992,17.086782455444336,ok
LA_D_4841921,17.90852165222168,17.958084106445312,ok
LA_D_4842833,10.777571678161621,10.780367851257324,ok
LA_D_4843399,13.017115592956543,13.035470008850098,ok
LA_D_4845159,14.748991012573242,14.806862831115723,ok
LA_D_4846038,15.629611015319824,15.63260555267334,ok
LA_D_4846158,11.259358406066895,11.324263572692871,ok
LA_D_4850290,16.941261291503906,16.98141098022461,ok
LA_D_4850598,17.300540924072266,17.675148010253906,ok
LA_D_4850913,14.967524528503418,14.988656044006348,ok
LA_D_4851492,14.943622589111328,14.948046684265137,ok
LA_D_4851657,16.128061294555664,16.185514450073242,ok
LA_D_4852037,13.338817596435547,13.362666130065918,ok
LA_D_4852255,6.226840496063232,6.243626117706299,ok
LA_D_4852798,17.323287963867188,17.417808532714844,ok
LA_D_4853863,8.332915306091309,8.376501083374023,ok
LA_D_4854280,13.965372085571289,14.027388572692871,ok
LA_D_4855092,13.465502738952637,13.534750938415527,ok
LA_D_4856350,17.310089111328125,17.31879234313965,ok
LA_D_4857699,13.64815616607666,13.67753791809082,ok
LA_D_4859174,11.34755802154541,11.404376029968262,ok
LA_D_4859889,10.160717964172363,10.199599266052246,ok
LA_D_4859938,12.612661361694336,12.655647277832031,ok
LA_D_4860045,16.630544662475586,16.72205924987793,ok
LA_D_4860228,11.922057151794434,12.005146980285645,ok
LA_D_4863244,12.11713695526123,12.117569923400879,ok
LA_D_4863395,11.979390144348145,12.00428295135498,ok
LA_D_4864665,17.7373046875,17.76780128479004,ok
LA_D_4864976,16.590160369873047,16.61302375793457,ok
LA_D_4865380,24.476667404174805,24.541202545166016,ok
LA_D_4866981,-14.23784351348877,-14.276840209960938,ok
LA_D_4867067,-13.06889820098877,-13.160340309143066,ok
LA_D_4868270,17.252521514892578,17.30651092529297,ok
LA_D_4868553,18.776996612548828,18.803850173950195,ok
LA_D_4868564,16.211748123168945,16.233530044555664,ok
LA_D_4869707,15.55273723602295,15.585686683654785,ok
LA_D_4870195,15.585673332214355,15.630524635314941,ok
LA_D_4871022,12.349159240722656,12.357990264892578,ok
LA_D_4871506,14.624279975891113,14.637043952941895,ok
LA_D_4872589,15.193440437316895,15.246989250183105,ok
LA_D_4873396,13.209628105163574,13.217473030090332,ok
LA_D_4874226,17.32295799255371,17.32874870300293,ok
LA_D_4874503,6.6536455154418945,6.6572747230529785,ok
LA_D_4874621,12.751852035522461,12.759878158569336,ok
LA_D_4875350,13.799832344055176,13.85232925415039,ok
LA_D_4876121,-14.176280975341797,-14.184626579284668,ok
LA_D_4876159,11.776982307434082,11.806955337524414,ok
LA_D_4876374,10.292656898498535,10.303893089294434,ok
LA_D_4876945,10.554953575134277,10.554642677307129,ok
LA_D_4876965,14.485702514648438,14.490851402282715,ok
LA_D_4877447,10.593040466308594,10.59326457977295,ok
LA_D_4881980,13.785991668701172,13.887946128845215,ok
LA_D_4882385,12.74808120727539,12.783146858215332,ok
LA_D_4882560,9.271503448486328,9.275918960571289,ok
LA_D_4883594,15.924397468566895,16.044904708862305,ok
LA_D_4884481,13.925323486328125,13.955864906311035,ok
LA_D_4884741,12.610278129577637,12.614506721496582,ok
LA_D_4887466,18.187379837036133,18.215375900268555,ok
LA_D_4888486,10.497272491455078,10.49807071685791,ok
LA_D_4888907,14.417879104614258,14.464960098266602,ok
LA_D_4891515,11.917550086975098,11.925503730773926,ok
LA_D_4891582,17.672956466674805,17.692995071411133,ok
LA_D_4893333,17.565698623657227,17.586109161376953,ok
LA_D_4893461,17.463407516479492,17.521581649780273,ok
LA_D_4893544,13.56450080871582,13.610247611999512,ok
LA_D_4893596,14.395159721374512,14.454886436462402,ok
LA_D_4894198,-15.011740684509277,-15.075957298278809,ok
LA_D_4894754,14.189058303833008,14.20246696472168,ok
LA_D_4895062,12.781271934509277,12.79474925994873,ok
LA_D_4895511,18.033737182617188,18.09449005126953,ok
LA_D_4896823,12.67652416229248,12.677750587463379,ok
LA_D_4897076,-9.446027755737305,-9.54273509979248,ok
LA_D_4897222,13.972780227661133,13.9768705368042,ok
LA_D_4898740,13.07473373413086,13.13003921508789,ok
LA_D_4899370,11.977652549743652,12.001765251159668,ok
LA_D_4900313,14.478096008300781,14.698807716369629,ok
LA_D_4900323,14.170384407043457,14.178956985473633,ok
LA_D_4901474,17.073450088500977,17.083017349243164,ok
LA_D_4902826,21.721782684326172,21.769765853881836,ok
LA_D_4903304,-13.908215522766113,-13.919946670532227,ok
LA_D_4904641,15.374886512756348,15.384909629821777,ok
LA_D_4904642,13.433368682861328,13.465353965759277,ok
LA_D_4907345,13.528329849243164,13.543731689453125,ok
LA_D_4907389,14.64724063873291,14.683857917785645,ok
LA_D_4907676,6.155746936798096,6.135265350341797,ok
LA_D_4908581,13.517644882202148,13.5178804397583,ok
LA_D_4909030,15.16295337677002,15.2098970413208,ok
LA_D_4909565,14.462689399719238,14.481181144714355,ok
LA_D_4910268,15.877429962158203,15.892899513244629,ok
LA_D_4911106,13.813512802124023,13.87647533416748,ok
LA_D_4911711,14.651026725769043,14.66104793548584,ok
LA_D_4912137,14.975608825683594,15.014001846313477,ok
LA_D_4914250,17.708955764770508,17.730398178100586,ok
LA_D_4915280,17.123855590820312,17.134340286254883,ok
LA_D_4915395,15.875544548034668,15.887663841247559,ok
LA_D_4915695,13.42439079284668,13.42750072479248,ok
LA_D_4917895,-11.920719146728516,-11.925204277038574,ok
LA_D_4919668,11.604653358459473,11.666121482849121,ok
LA_D_4919685,13.657998085021973,13.664233207702637,ok
LA_D_4919707,14.83394718170166,14.848362922668457,ok
LA_D_4919746,10.68383502960205,10.711514472961426,ok
LA_D_4920424,8.297351837158203,8.297450065612793,ok
LA_D_4920544,15.044111251831055,15.073853492736816,ok
LA_D_4921306,10.296701431274414,10.345946311950684,ok
LA_D_4921369,14.14537525177002,14.170029640197754,ok
LA_D_4922394,6.135389804840088,6.141024112701416,ok
LA_D_4923977,16.388507843017578,16.5379638671875,ok
LA_D_4924355,16.71514892578125,16.742464065551758,ok
LA_D_4925465,18.308822631835938,18.319543838500977,ok
LA_D_4925887,19.781381607055664,20.031476974487305,ok
LA_D_4927828,15.265807151794434,15.335290908813477,ok
LA_D_4928075,14.34257984161377,14.422557830810547,ok
LA_D_4928308,15.686355590820312,15.824223518371582,ok
LA_D_4929114,15.414076805114746,15.439959526062012,ok
LA_D_4929440,15.43621826171875,15.439162254333496,ok
LA_D_4929561,15.836714744567871,15.89257526397705,ok
LA_D_4929765,19.762727737426758,19.912925720214844,ok
LA_D_4929781,10.214709281921387,10.21937084197998,ok
LA_D_4931293,17.185569763183594,17.21468734741211,ok
LA_D_4931376,15.444767951965332,15.444011688232422,ok
LA_D_4931710,11.791882514953613,11.792253494262695,ok
LA_D_4932083,14.378286361694336,14.420092582702637,ok
LA_D_4933001,11.644186973571777,11.65566349029541,ok
LA_D_4933527,10.79250717163086,10.792983055114746,ok
LA_D_4934401,11.843522071838379,11.843485832214355,ok
LA_D_4935046,15.300094604492188,15.299607276916504,ok
LA_D_4935731,16.32261848449707,16.322107315063477,ok
LA_D_4935985,18.44859504699707,18.469690322875977,ok
LA_D_4936226,13.810135841369629,13.91110897064209,ok
LA_D_4938185,23.219528198242188,23.30318260192871,ok
LA_D_4938958,13.902369499206543,13.908629417419434,ok
LA_D_4938987,18.060161590576172,18.09238624572754,ok
LA_D_4939706,7.86124849319458,7.846895217895508,ok
LA_D_4940984,14.490324974060059,14.490221977233887,ok
LA_D_4941783,11.644845008850098,11.677384376525879,ok
LA_D_4942826,12.031095504760742,12.117730140686035,ok
LA_D_4943612,15.806532859802246,15.963835716247559,ok
LA_D_4944706,14.265766143798828,14.295354843139648,ok
LA_D_4945608,-11.51396369934082,-11.519291877746582,ok
LA_D_4946274,14.769689559936523,14.80566120147705,ok
LA_D_4946335,17.785005569458008,17.887609481811523,ok
LA_D_4946717,14.427251815795898,14.480599403381348,ok
LA_D_4947147,-9.615335464477539,-9.64535140991211,ok
LA_D_4947156,12.920825004577637,12.939201354980469,ok
LA_D_4947786,12.968223571777344,12.969427108764648,ok
LA_D_4947818,16.009334564208984,16.04925537109375,ok
LA_D_4947939,12.529807090759277,12.596078872680664,ok
LA_D_4949629,13.684218406677246,13.696967124938965,ok
LA_D_4950221,15.058305740356445,15.188023567199707,ok
LA_D_4950294,13.730363845825195,13.737603187561035,ok
LA_D_4952066,13.743195533752441,13.751782417297363,ok
LA_D_4952493,-14.237201690673828,-14.257172584533691,ok
LA_D_4952907,13.726094245910645,13.754598617553711,ok
LA_D_4953037,12.419166564941406,12.436372756958008,ok
LA_D_4954651,12.493072509765625,12.49567699432373,ok
LA_D_4954842,16.742904663085938,16.752058029174805,ok
LA_D_4956039,11.887593269348145,12.026241302490234,ok
LA_D_4958833,15.567584037780762,15.67844009399414,ok
LA_D_4959035,8.98667049407959,9.006482124328613,ok
LA_D_4960294,12.110742568969727,12.115439414978027,ok
LA_D_4960326,10.794991493225098,10.801785469055176,ok
LA_D_4961315,-14.272648811340332,-14.279064178466797,ok
LA_D_4961502,15.637967109680176,15.64655590057373,ok
LA_D_4961527,11.109758377075195,11.096428871154785,ok
LA_D_4961829,8.061227798461914,8.099385261535645,ok
LA_D_4962492,-13.17664623260498,-13.2603178024292,ok
LA_D_4962965,14.739825248718262,14.756489753723145,ok
LA_D_4963074,16.80670166015625,16.820051193237305,ok
LA_D_4964036,13.575373649597168,13.617415428161621,ok
LA_D_4964260,-13.81199836730957,-13.82076358795166,ok
LA_D_4964309,16.157766342163086,16.251001358032227,ok
LA_D_4965816,9.255658149719238,9.318535804748535,ok
LA_D_4965981,10.714593887329102,10.720524787902832,ok
LA_D_4966032,15.515114784240723,15.541287422180176,ok
LA_D_4966083,-13.651277542114258,-13.66784381866455,ok
LA_D_4966175,13.776066780090332,13.889337539672852,ok
LA_D_4966242,16.904802322387695,16.991756439208984,ok
LA_D_4967942,20.03626251220703,20.123857498168945,ok
LA_D_4968305,-15.521931648254395,-15.540539741516113,ok
LA_D_4969607,-13.688695907592773,-13.713095664978027,ok
LA_D_4969859,-15.419198036193848,-15.433832168579102,ok
LA_D_4969991,12.472859382629395,12.49746036529541,ok
LA_D_4970282,14.484343528747559,14.51880168914795,ok
LA_D_4971078,-9.091045379638672,-9.098016738891602,ok
LA_D_4972385,14.044431686401367,14.068772315979004,ok
LA_D_4972782,9.037406921386719,9.043728828430176,ok
LA_D_4973412,-12.536842346191406,-12.665647506713867,ok
LA_D_4974078,10.80606460571289,10.802845001220703,ok
LA_D_4974659,14.170021057128906,14.204218864440918,ok
LA_D_4977098,11.068107604980469,11.068289756774902,ok
LA_D_4977329,-15.220827102661133,-15.243380546569824,ok
LA_D_4978565,16.170969009399414,16.199440002441406,ok
LA_D_4979134,13.931632995605469,13.953177452087402,ok
LA_D_4979175,12.204095840454102,12.210917472839355,ok
LA_D_4979666,8.652682304382324,8.650579452514648,ok
LA_D_4981603,18.684236526489258,18.68560028076172,ok
LA_D_4982133,13.109550476074219,13.11806583404541,ok
LA_D_4983313,14.288146018981934,14.328198432922363,ok
LA_D_4984003,13.903676986694336,13.950761795043945,ok
LA_D_4984074,13.199475288391113,13.217391014099121,ok
LA_D_4984317,12.285004615783691,12.289688110351562,ok
LA_D_4984754,12.370057106018066,12.419843673706055,ok
LA_D_4985773,13.804420471191406,13.889339447021484,ok
LA_D_4986715,14.193852424621582,14.20511531829834,ok
LA_D_4986753,16.350664138793945,16.351240158081055,ok
LA_D_4987822,10.941023826599121,10.942245483398438,ok
LA_D_4990292,14.346121788024902,14.368441581726074,ok
LA_D_4990575,13.1983642578125,13.205683708190918,ok
LA_D_4991294,16.558988571166992,16.561952590942383,ok
LA_D_4992364,-14.576543807983398,-14.61647891998291,ok
LA_D_4992474,19.644084930419922,19.650644302368164,ok
LA_D_4992708,16.793455123901367,16.855867385864258,ok
LA_D_4993211,10.20889663696289,10.293408393859863,ok
LA_D_4994552,12.317008972167969,12.332728385925293,ok
LA_D_4995063,13.301177024841309,13.305437088012695,ok
LA_D_4995679,13.852144241333008,13.895707130432129,ok
LA_D_4996496,14.960932731628418,14.999913215637207,ok
LA_D_4999216,16.702970504760742,16.783279418945312,ok
LA_D_4999305,14.74557876586914,14.753559112548828,ok
LA_D_5001469,14.77004623413086,14.792695045471191,ok
LA_D_5002979,10.02592945098877,10.049413681030273,ok
LA_D_5004092,15.187299728393555,15.260687828063965,ok
LA_D_5005167,14.558218002319336,14.578076362609863,ok
LA_D_5005646,13.571512222290039,13.617955207824707,ok
LA_D_5005973,13.15684700012207,13.216227531433105,ok
LA_D_5008093,16.786720275878906,16.82693099975586,ok
LA_D_5008157,10.30534839630127,10.307827949523926,ok
LA_D_5009375,12.872220039367676,12.875286102294922,ok
LA_D_5010817,9.315556526184082,9.377685546875,ok
LA_D_5011300,16.002086639404297,16.022991180419922,ok
LA_D_5011714,-15.361261367797852,-15.38393497467041,ok
LA_D_5012127,14.910381317138672,14.915451049804688,ok
LA_D_5012472,16.159542083740234,16.192468643188477,ok
LA_D_5013159,8.935956954956055,9.148962020874023,ok
LA_D_5013243,10.48531436920166,10.484984397888184,ok
LA_D_5013283,14.882912635803223,14.924492835998535,ok
LA_D_5014370,14.159664154052734,14.210051536560059,ok
LA_D_5016623,17.732412338256836,17.723310470581055,ok
LA_D_5017002,12.482623100280762,12.484265327453613,ok
LA_D_5017814,14.995588302612305,15.0040922164917,ok
LA_D_5018111,9.091379165649414,9.09812068939209,ok
LA_D_5018258,-11.685433387756348,-11.694831848144531,ok
LA_D_5018490,11.51295280456543,11.519965171813965,ok
LA_D_5018816,11.973183631896973,11.984253883361816,ok
LA_D_5018866,16.862485885620117,16.87775230407715,ok
LA_D_5021244,-12.39739990234375,-12.398665428161621,ok
LA_D_5023844,13.673998832702637,13.742827415466309,ok
LA_D_5026079,13.33642864227295,13.352742195129395,ok
LA_D_5026225,16.09737205505371,16.183752059936523,ok
LA_D_5026406,10.467089653015137,10.500763893127441,ok
LA_D_5026441,10.90218734741211,10.957115173339844,ok
LA_D_5026692,-13.19973373413086,-13.343338966369629,ok
LA_D_5026948,13.326239585876465,13.353558540344238,ok
LA_D_5028072,19.75238609313965,19.981273651123047,ok
LA_D_5028641,17.34076690673828,17.429349899291992,ok
LA_D_5028697,11.916474342346191,11.936549186706543,ok
LA_D_5029303,15.19175910949707,15.266161918640137,ok
LA_D_5029338,-7.4405341148376465,-7.465359210968018,ok
LA_D_5030185,17.505779266357422,17.56282615661621,ok
LA_D_5031248,13.581811904907227,13.686907768249512,ok
LA_D_5032508,16.3408203125,16.386106491088867,ok
LA_D_5034046,17.83829689025879,17.854848861694336,ok
LA_D_5034203,11.178642272949219,11.19864559173584,ok
LA_D_5035533,8.927301406860352,8.928799629211426,ok
LA_D_5039819,13.121566772460938,13.123074531555176,ok
LA_D_5040114,11.97741985321045,12.001218795776367,ok
LA_D_5041256,11.662110328674316,11.67967700958252,ok
LA_D_5042622,14.422258377075195,14.425774574279785,ok
LA_D_5044120,16.485002517700195,16.573022842407227,ok
LA_D_5046909,13.325857162475586,13.382294654846191,ok
LA_D_5047683,5.876018524169922,5.889394283294678,ok
LA_D_5048362,17.007858276367188,17.05386734008789,ok
LA_D_5049280,15.135871887207031,15.160845756530762,ok
LA_D_5050513,10.812193870544434,10.81578254699707,ok
LA_D_5051331,17.924182891845703,17.95990753173828,ok
LA_D_5051597,16.367816925048828,16.38153839111328,ok
LA_D_5051791,12.171523094177246,12.240036964416504,ok
LA_D_5051913,14.690316200256348,14.716361999511719,ok
LA_D_5052184,12.845412254333496,12.869475364685059,ok
LA_D_5053631,19.80819320678711,19.8150577545166,ok
LA_D_5054258,17.255319595336914,17.27924156188965,ok
LA_D_5054541,10.83454704284668,10.834863662719727,ok
LA_D_5054607,13.008131980895996,13.027678489685059,ok
LA_D_5054904,-12.229890823364258,-12.2452974319458,ok
LA_D_5055165,22.484844207763672,22.55156707763672,ok
LA_D_5056218,-14.333374977111816,-14.345147132873535,ok
LA_D_5057705,10.097519874572754,10.097212791442871,ok
LA_D_5058489,13.774267196655273,13.889634132385254,ok
LA_D_5060788,13.816250801086426,13.8534574508667,ok
LA_D_5062241,12.918842315673828,13.135687828063965,ok
LA_D_5063604,11.708063125610352,11.730982780456543,ok
LA_D_5064398,13.314531326293945,13.356583595275879,ok
LA_D_5065135,13.881219863891602,13.961804389953613,ok
LA_D_5066173,14.554336547851562,14.5897216796875,ok
LA_D_5066427,12.582383155822754,12.694965362548828,ok
LA_D_5067087,17.674047470092773,17.694841384887695,ok
LA_D_5067184,12.069160461425781,12.076581001281738,ok
LA_D_5067930,13.48492431640625,13.496803283691406,ok
LA_D_5068271,10.60107421875,10.663270950317383,ok
LA_D_5068352,18.327402114868164,18.33613395690918,ok
LA_D_5070212,10.946576118469238,10.928208351135254,ok
LA_D_5070679,13.64111614227295,13.644394874572754,ok
LA_D_5071457,11.834990501403809,11.84864330291748,ok
LA_D_5073015,6.359035491943359,6.359023571014404,ok
LA_D_5073126,15.858904838562012,15.858392715454102,ok
LA_D_5074328,15.295495986938477,15.3165922164917,ok
LA_D_5074906,12.039191246032715,12.096116065979004,ok
LA_D_5074932,13.099403381347656,13.105328559875488,ok
LA_D_5075029,-14.330915451049805,-14.354327201843262,ok
LA_D_5076123,14.886314392089844,14.944451332092285,ok
LA_D_5076610,17.3555908203125,17.36756706237793,ok
LA_D_5076674,9.545051574707031,9.558187484741211,ok
LA_D_5076694,18.310577392578125,18.362760543823242,ok
LA_D_5077584,8.898317337036133,8.912274360656738,ok
LA_D_5077681,13.917745590209961,14.0260591506958,ok
LA_D_5079558,10.195343017578125,10.235747337341309,ok
LA_D_5081966,13.51569652557373,13.514386177062988,ok
LA_D_5082258,14.005683898925781,14.03579044342041,ok
LA_D_5084830,14.061509132385254,14.184311866760254,ok
LA_D_5085425,11.267671585083008,11.272522926330566,ok
LA_D_5086729,12.245515823364258,12.274985313415527,ok
LA_D_5088369,13.76560115814209,13.767023086547852,ok
LA_D_5089751,12.737732887268066,12.746922492980957,ok
LA_D_5090421,-12.34024715423584,-12.3443021774292,ok
LA_D_5090531,14.572375297546387,14.629717826843262,ok
LA_D_5090551,14.727418899536133,14.765706062316895,ok
LA_D_5090608,19.325071334838867,19.36797523498535,ok
LA_D_5090803,-11.482131004333496,-11.5111665725708,ok
LA_D_5091510,7.752007484436035,7.7513747215271,ok
LA_D_5091691,16.211585998535156,16.239938735961914,ok
LA_D_5091760,14.677566528320312,14.701162338256836,ok
LA_D_5092098,14.927591323852539,14.973162651062012,ok
LA_D_5092272,15.055695533752441,15.05562973022461,ok
LA_D_5092434,18.04842758178711,18.19864273071289,ok
LA_D_5092533,13.847661972045898,13.895026206970215,ok
LA_D_5092940,15.917464256286621,15.951476097106934,ok
LA_D_5094867,15.43206787109375,15.473742485046387,ok
LA_D_5095193,16.257081985473633,16.364484786987305,ok
LA_D_5095523,12.789819717407227,12.820034980773926,ok
LA_D_5096284,12.403759002685547,12.412714004516602,ok
LA_D_5097555,14.822661399841309,15.021947860717773,ok
LA_D_5098281,12.427078247070312,12.433592796325684,ok
LA_D_5098442,17.373889923095703,17.496564865112305,ok
LA_D_5100182,17.305801391601562,17.373172760009766,ok
LA_D_5100382,9.015007972717285,9.097203254699707,ok
LA_D_5100813,17.166255950927734,17.170269012451172,ok
LA_D_5101551,13.392916679382324,13.39747142791748,ok
LA_D_5101720,8.112854957580566,8.170015335083008,ok
LA_D_5103356,19.300443649291992,19.365276336669922,ok
LA_D_5103566,12.176401138305664,12.21557331085205,ok
LA_D_5104907,10.766154289245605,10.756935119628906,ok
LA_D_5106469,8.727487564086914,8.796900749206543,ok
LA_D_5107192,15.31317138671875,15.318449974060059,ok
LA_D_5107868,12.697938919067383,12.69878101348877,ok
LA_D_5109502,15.201492309570312,15.321219444274902,ok
LA_D_5109561,16.2979736328125,16.344633102416992,ok
LA_D_5110293,15.21946907043457,15.228320121765137,ok
LA_D_5110992,-14.026378631591797,-14.033064842224121,ok
LA_D_5111401,23.28856658935547,23.47568130493164,ok
LA_D_5115596,11.333475112915039,11.383378028869629,ok
LA_D_5116527,11.558382987976074,11.600865364074707,ok
LA_D_5117145,10.105133056640625,10.18940544128418,ok
LA_D_5117623,16.672252655029297,16.670961380004883,ok
LA_D_5118097,16.268875122070312,16.36903953552246,ok
LA_D_5118215,16.981103897094727,17.009077072143555,ok
LA_D_5119493,11.19849967956543,11.20873737335205,ok
LA_D_5120421,13.238358497619629,13.241595268249512,ok
LA_D_5120726,14.136886596679688,14.137944221496582,ok
LA_D_5123725,12.733003616333008,12.741580963134766,ok
LA_D_5123844,15.654987335205078,15.686788558959961,ok
LA_D_5124586,13.291768074035645,13.293831825256348,ok
LA_D_5126554,15.334156036376953,15.341269493103027,ok
LA_D_5126998,6.291074275970459,6.308545112609863,ok
LA_D_5127521,10.743581771850586,10.746783256530762,ok
LA_D_5127607,17.58864402770996,17.69329833984375,ok
LA_D_5128111,16.340667724609375,16.380144119262695,ok
LA_D_5131261,12.512266159057617,12.565348625183105,ok
LA_D_5131724,8.778221130371094,8.778922080993652,ok
LA_D_5133121,13.996100425720215,14.042166709899902,ok
LA_D_5133384,10.879676818847656,10.901610374450684,ok
LA_D_5135042,-15.387371063232422,-15.44931697845459,ok
LA_D_5135623,10.295047760009766,10.30556583404541,ok
LA_D_5136094,14.742269515991211,14.731986999511719,ok
LA_D_5138201,16.160213470458984,16.21549415588379,ok
LA_D_5138851,15.563616752624512,15.574294090270996,ok
LA_D_5139344,13.024741172790527,13.052159309387207,ok
LA_D_5139863,21.085712432861328,21.167470932006836,ok
LA_D_5140041,17.26840591430664,17.286149978637695,ok
LA_D_5140118,14.324138641357422,14.336441040039062,ok
LA_D_5140508,15.730997085571289,15.782522201538086,ok
LA_D_5140773,13.386506080627441,13.391545295715332,ok
LA_D_5142081,14.900567054748535,14.996593475341797,ok
LA_D_5145079,12.908403396606445,12.916455268859863,ok
LA_D_5145753,16.007535934448242,16.02508544921875,ok
LA_D_5146064,-12.39603328704834,-12.672276496887207,ok
LA_D_5147678,12.862895011901855,12.862805366516113,ok
LA_D_5147912,14.547318458557129,14.61237907409668,ok
LA_D_5148813,17.65195655822754,17.670461654663086,ok
LA_D_5149214,7.602038383483887,7.671478748321533,ok
LA_D_5149734,17.582359313964844,17.58880043029785,ok
LA_D_5151081,20.3669376373291,20.372047424316406,ok
LA_D_5151616,13.90555477142334,13.926393508911133,ok
LA_D_5152377,16.51070213317871,16.571447372436523,ok
LA_D_5153538,11.399091720581055,11.398869514465332,ok
LA_D_5155418,10.702072143554688,10.758366584777832,ok
LA_D_5156009,9.98030948638916,9.981889724731445,ok
LA_D_5157129,16.193628311157227,16.21978759765625,ok
LA_D_5157517,17.436742782592773,17.443880081176758,ok
LA_D_5157632,11.273845672607422,11.324316024780273,ok
LA_D_5158638,-14.01663589477539,-14.145649909973145,ok
LA_D_5159936,14.5657320022583,14.57362174987793,ok
LA_D_5163083,10.98790168762207,10.988367080688477,ok
LA_D_5163761,19.53731346130371,19.717065811157227,ok
LA_D_5163985,14.814191818237305,14.85770320892334,ok
LA_D_5164039,11.984712600708008,11.993780136108398,ok
LA_D_5165049,14.668680191040039,14.800665855407715,ok
LA_D_5165259,19.535371780395508,19.544652938842773,ok
LA_D_5167234,8.346630096435547,8.367379188537598,ok
LA_D_5167361,13.076202392578125,13.07793140411377,ok
LA_D_5167363,14.756875038146973,14.791975975036621,ok
LA_D_5168716,13.911479949951172,14.096476554870605,ok
LA_D_5168787,9.805408477783203,9.968573570251465,ok
LA_D_5169731,20.183826446533203,20.189321517944336,ok
LA_D_5169953,14.974456787109375,15.043107032775879,ok
LA_D_5170331,15.195453643798828,15.20276927947998,ok
LA_D_5170428,16.44502067565918,16.494539260864258,ok
LA_D_5171645,14.719184875488281,14.793723106384277,ok
LA_D_5172398,18.089372634887695,18.15138816833496,ok
LA_D_5173528,13.841965675354004,13.850874900817871,ok
LA_D_5174000,16.21915626525879,16.225358963012695,ok
LA_D_5174186,14.28050422668457,14.290274620056152,ok
LA_D_5174430,-1.016441822052002,-1.0437281131744385,ok
LA_D_5174566,10.384782791137695,10.402731895446777,ok
LA_D_5175082,12.244502067565918,12.24749755859375,ok
LA_D_5176156,12.053380012512207,12.057233810424805,ok
LA_D_5176173,15.005372047424316,15.092829704284668,ok
LA_D_5177326,19.250179290771484,19.34475326538086,ok
LA_D_5177748,12.986065864562988,12.992387771606445,ok
LA_D_5178524,15.850465774536133,15.85108757019043,ok
LA_D_5179475,8.724326133728027,8.725064277648926,ok
LA_D_5181153,13.445228576660156,13.498429298400879,ok
LA_D_5181684,21.47191047668457,21.500890731811523,ok
LA_D_5181769,14.16677474975586,14.189953804016113,ok
LA_D_5182268,9.559130668640137,9.561680793762207,ok
LA_D_5182772,14.082751274108887,14.088175773620605,ok
LA_D_5184277,11.801018714904785,11.873114585876465,ok
LA_D_5184417,13.982178688049316,13.98931884765625,ok
LA_D_5185723,10.753555297851562,10.760676383972168,ok
LA_D_5186676,12.57363510131836,12.574475288391113,ok
LA_D_5187334,8.02369499206543,8.027970314025879,ok
LA_D_5188638,15.235172271728516,15.301989555358887,ok
LA_D_5188766,14.407052040100098,14.424346923828125,ok
LA_D_5189187,12.419363975524902,12.417941093444824,ok
LA_D_5189335,13.894274711608887,13.89553165435791,ok
LA_D_5189947,15.473701477050781,15.754030227661133,ok
LA_D_5191461,17.582801818847656,17.637266159057617,ok
LA_D_5192013,15.361551284790039,15.38112735748291,ok
LA_D_5192033,12.082716941833496,12.137995719909668,ok
LA_D_5193343,17.27327537536621,17.277530670166016,ok
LA_D_5193473,9.417555809020996,9.428927421569824,ok
LA_D_5193544,15.151853561401367,15.210984230041504,ok
LA_D_5193789,14.682785034179688,14.706273078918457,ok
LA_D_5194683,16.538476943969727,16.540725708007812,ok
LA_D_5194904,12.197375297546387,12.367873191833496,ok
LA_D_5196563,16.073347091674805,16.13242530822754,ok
LA_D_5196907,16.650724411010742,16.675710678100586,ok
LA_D_5197000,-11.94802188873291,-12.089778900146484,ok
LA_D_5198588,14.271087646484375,14.405488014221191,ok
LA_D_5199048,13.055075645446777,13.373337745666504,ok
LA_D_5202763,18.651500701904297,18.739398956298828,ok
LA_D_5203690,19.26871681213379,19.271947860717773,ok
LA_D_5203733,-14.360725402832031,-14.404361724853516,ok
LA_D_5205569,12.872650146484375,12.881792068481445,ok
LA_D_5207545,17.129249572753906,17.147247314453125,ok
LA_D_5208898,17.138282775878906,17.166471481323242,ok
LA_D_5209189,17.499425888061523,17.50178337097168,ok
LA_D_5210678,14.179290771484375,14.251947402954102,ok
LA_D_5210752,13.772738456726074,13.86828899383545,ok
LA_D_5212385,18.922334671020508,18.925540924072266,ok
LA_D_5212614,-11.037208557128906,-11.093981742858887,ok
LA_D_5213207,16.47111701965332,16.468351364135742,ok
LA_D_5216313,17.11634635925293,17.137454986572266,ok
LA_D_5216508,12.696515083312988,12.796603202819824,ok
LA_D_5216823,13.990111351013184,14.030043601989746,ok
LA_D_5219734,15.293155670166016,15.315393447875977,ok
LA_D_5220475,11.662455558776855,11.779276847839355,ok
LA_D_5220521,14.362924575805664,14.363412857055664,ok
LA_D_5223490,13.583159446716309,13.63014030456543,ok
LA_D_5224129,-13.401460647583008,-13.452187538146973,ok
LA_D_5225846,11.116593360900879,11.13823413848877,ok
LA_D_5226379,-11.45595932006836,-11.463391304016113,ok
LA_D_5228503,16.074684143066406,16.11895179748535,ok
LA_D_5229682,14.694045066833496,14.701775550842285,ok
LA_D_5232139,13.28271770477295,13.294886589050293,ok
LA_D_5232800,16.399063110351562,16.452470779418945,ok
LA_D_5233239,13.302449226379395,13.352042198181152,ok
LA_D_5233431,16.309690475463867,16.31370735168457,ok
LA_D_5234713,13.05631160736084,13.069987297058105,ok
LA_D_5234827,13.954520225524902,14.213770866394043,ok
LA_D_5236165,15.054905891418457,15.121068000793457,ok
LA_D_5236557,12.196733474731445,12.274786949157715,ok
LA_D_5237899,7.953908443450928,7.953722953796387,ok
LA_D_5238266,12.381752967834473,12.447600364685059,ok
LA_D_5238810,17.768613815307617,17.876066207885742,ok
LA_D_5239066,16.634672164916992,16.65830421447754,ok
LA_D_5239525,16.35919189453125,16.386371612548828,ok
LA_D_5241214,13.6192045211792,13.643889427185059,ok
LA_D_5241744,13.874577522277832,13.875428199768066,ok
LA_D_5242419,18.19231414794922,18.206079483032227,ok
LA_D_5242519,14.883463859558105,14.927617073059082,ok
LA_D_5242820,-0.4090407192707062,-0.41170066595077515,ok
LA_D_5243479,14.826507568359375,14.906973838806152,ok
LA_D_5245223,10.826118469238281,10.82606029510498,ok
LA_D_5245987,-11.488480567932129,-11.542950630187988,ok
LA_D_5246094,15.232099533081055,15.25286865234375,ok
LA_D_5246193,10.902209281921387,10.967370986938477,ok
LA_D_5246247,13.762840270996094,13.77063274383545,ok
LA_D_5246528,10.475028991699219,10.502547264099121,ok
LA_D_5248127,-14.716207504272461,-14.735637664794922,ok
LA_D_5248372,-12.02275562286377,-12.046133041381836,ok
LA_D_5249364,11.981948852539062,11.987025260925293,ok
LA_D_5250042,-13.720995903015137,-13.734150886535645,ok
LA_D_5253806,15.580357551574707,15.586730003356934,ok
LA_D_5253814,15.153498649597168,15.165637969970703,ok
LA_D_5254267,20.09182357788086,20.16127586364746,ok
LA_D_5256245,13.798685073852539,13.801736831665039,ok
LA_D_5257176,14.393647193908691,14.439742088317871,ok
LA_D_5257381,9.473291397094727,9.516802787780762,ok
LA_D_5258807,13.641481399536133,13.655116081237793,ok
LA_D_5259851,14.729959487915039,14.778729438781738,ok
LA_D_5260084,-15.271615028381348,-15.32508659362793,ok
LA_D_5260994,12.199199676513672,12.218210220336914,ok
LA_D_5261718,13.797652244567871,13.801057815551758,ok
LA_D_5262166,9.35668659210205,9.357460975646973,ok
LA_D_5262821,-13.327473640441895,-13.33029842376709,ok
LA_D_5263011,9.695296287536621,9.72824764251709,ok
LA_D_5264948,12.253634452819824,12.361045837402344,ok
LA_D_5264996,20.7149715423584,20.76561164855957,ok
LA_D_5265768,12.081270217895508,12.11500072479248,ok
LA_D_5266068,16.601850509643555,16.65347671508789,ok
LA_D_5266850,-14.8556547164917,-14.858610153198242,ok
LA_D_5267572,10.42445182800293,10.426909446716309,ok
LA_D_5267968,12.072025299072266,12.10482120513916,ok
LA_D_5269027,12.744370460510254,12.829434394836426,ok
LA_D_5269386,18.906963348388672,19.13117027282715,ok
LA_D_5269652,9.783822059631348,9.779247283935547,ok
LA_D_5269881,14.813297271728516,14.876477241516113,ok
LA_D_5269911,16.858272552490234,16.91786003112793,ok
LA_D_5270228,16.067501068115234,16.209415435791016,ok
LA_D_5271094,9.607501983642578,9.624016761779785,ok
LA_D_5271956,11.125808715820312,11.172279357910156,ok
LA_D_5272211,12.095451354980469,12.098089218139648,ok
LA_D_5274055,8.866392135620117,8.88659381866455,ok
LA_D_5274812,12.827781677246094,12.830985069274902,ok
LA_D_5275494,14.929540634155273,14.965882301330566,ok
LA_D_5275946,12.047425270080566,12.076546669006348,ok
LA_D_5276027,15.036614418029785,15.143529891967773,ok
LA_D_5276746,14.720939636230469,14.738860130310059,ok
LA_D_5277162,10.770805358886719,10.771244049072266,ok
LA_D_5279500,14.45620346069336,14.52362060546875,ok
LA_D_5280085,16.197429656982422,16.30459213256836,ok
LA_D_5281076,15.352899551391602,15.422730445861816,ok
LA_D_5282749,9.370259284973145,9.468034744262695,ok
LA_D_5282843,12.449460983276367,12.465924263000488,ok
LA_D_5283786,13.006192207336426,13.006231307983398,ok
LA_D_5285009,8.911864280700684,8.911890983581543,ok
LA_D_5285039,10.916356086730957,10.935673713684082,ok
LA_D_5285268,13.133857727050781,13.210318565368652,ok
LA_D_5285970,11.453635215759277,11.580605506896973,ok
LA_D_5286510,14.359552383422852,14.407211303710938,ok
LA_D_5287056,17.02589225769043,17.033477783203125,ok
LA_D_5287350,8.698497772216797,8.699299812316895,ok
LA_D_5287819,15.224761962890625,15.236300468444824,ok
LA_D_5288785,11.24181079864502,11.24706745147705,ok
LA_D_5289575,20.571765899658203,20.650907516479492,ok
LA_D_5291143,15.808149337768555,15.907713890075684,ok
LA_D_5292647,10.289320945739746,10.31834888458252,ok
LA_D_5293338,10.107211112976074,10.10987377166748,ok
LA_D_5294224,1.574902057647705,1.5634573698043823,ok
LA_D_5294929,13.56589412689209,13.602431297302246,ok
LA_D_5295482,1.6333270072937012,1.6670852899551392,ok
LA_D_5295577,10.495783805847168,10.49902057647705,ok
LA_D_5296414,9.361786842346191,9.368329048156738,ok
LA_D_5296519,21.51386070251465,21.559123992919922,ok
LA_D_5297304,14.877388954162598,14.885621070861816,ok
LA_D_5297443,15.373849868774414,15.417607307434082,ok
LA_D_5297638,12.707459449768066,12.702337265014648,ok
LA_D_5298731,13.062118530273438,13.082602500915527,ok
LA_D_5299238,9.182711601257324,9.185874938964844,ok
LA_D_5299709,9.810630798339844,9.790019035339355,ok
LA_D_5300130,12.386191368103027,12.405745506286621,ok
LA_D_5300881,13.817856788635254,13.823721885681152,ok
LA_D_5301172,14.997681617736816,15.030502319335938,ok
LA_D_5301983,19.41493034362793,19.45567512512207,ok
LA_D_5303302,14.300607681274414,14.350969314575195,ok
LA_D_5304792,11.170626640319824,11.217582702636719,ok
LA_D_5305086,15.607430458068848,15.607420921325684,ok
LA_D_5305473,13.77258014678955,13.812033653259277,ok
LA_D_5305767,9.1913423538208,9.198760986328125,ok
LA_D_5306498,12.919527053833008,13.02192211151123,ok
LA_D_5306960,12.689484596252441,12.70017147064209,ok
LA_D_5307600,14.961614608764648,14.962712287902832,ok
LA_D_5308008,8.465203285217285,8.465246200561523,ok
LA_D_5308188,10.742644309997559,10.751741409301758,ok
LA_D_5308230,17.52827262878418,17.54374122619629,ok
LA_D_5308766,15.028595924377441,15.029784202575684,ok
LA_D_5308866,20.368986129760742,20.534589767456055,ok
LA_D_5310517,14.467483520507812,14.467564582824707,ok
LA_D_5312245,13.559185981750488,13.698623657226562,ok
LA_D_5312350,-14.322921752929688,-14.333062171936035,ok
LA_D_5312607,-9.196808815002441,-9.200447082519531,ok
LA_D_5313766,15.65998363494873,15.761128425598145,ok
LA_D_5314825,15.636390686035156,15.660335540771484,ok
LA_D_5315354,15.591920852661133,15.619633674621582,ok
LA_D_5315391,10.142499923706055,10.144564628601074,ok
LA_D_5318221,15.342344284057617,15.438859939575195,ok
LA_D_5322570,17.313425064086914,17.313434600830078,ok
LA_D_5323011,14.773977279663086,14.894242286682129,ok
LA_D_5323426,15.864876747131348,15.870207786560059,ok
LA_D_5325527,10.300082206726074,10.315995216369629,ok
LA_D_5325697,14.925298690795898,14.967482566833496,ok
LA_D_5326644,10.713589668273926,10.71726131439209,ok
LA_D_5327408,10.91845417022705,10.931984901428223,ok
LA_D_5327544,16.229955673217773,16.2557373046875,ok
LA_D_5328469,12.016216278076172,12.016636848449707,ok
LA_D_5328894,13.900346755981445,13.907535552978516,ok
LA_D_5329061,12.472953796386719,12.492732048034668,ok
LA_D_5330155,13.449238777160645,13.563783645629883,ok
LA_D_5330416,8.41982364654541,8.42148208618164,ok
LA_D_5330909,15.451703071594238,15.465042114257812,ok
LA_D_5331264,-15.638035774230957,-15.716917037963867,ok
LA_D_5331428,11.752202987670898,11.778135299682617,ok
LA_D_5331450,12.848118782043457,12.89026927947998,ok
LA_D_5332246,8.276029586791992,8.302556037902832,ok
LA_D_5332359,-14.59175968170166,-14.599953651428223,ok
LA_D_5332565,9.476574897766113,9.48924446105957,ok
LA_D_5336165,13.019104957580566,13.04164981842041,ok
LA_D_5337300,12.090965270996094,12.160737037658691,ok
LA_D_5337439,17.350889205932617,17.425233840942383,ok
LA_D_5337615,3.370083808898926,3.3504998683929443,ok
LA_D_5338385,21.945775985717773,21.976993560791016,ok
LA_D_5339390,12.377265930175781,12.376975059509277,ok
LA_D_5341323,11.986071586608887,11.97661304473877,ok
LA_D_5341375,-12.226710319519043,-12.345114707946777,ok
LA_D_5341623,10.693954467773438,10.699772834777832,ok
LA_D_5341780,13.642254829406738,13.672977447509766,ok
LA_D_5343352,14.424432754516602,14.45045280456543,ok
LA_D_5345215,15.387545585632324,15.392444610595703,ok
LA_D_5345225,-14.362738609313965,-14.425045013427734,ok
LA_D_5345453,11.550153732299805,11.559179306030273,ok
LA_D_5346070,16.413558959960938,16.427812576293945,ok
LA_D_5348157,12.397601127624512,12.420737266540527,ok
LA_D_5349132,-14.393454551696777,-14.402796745300293,ok
LA_D_5349360,11.21511459350586,11.229229927062988,ok
LA_D_5349891,12.812332153320312,12.825658798217773,ok
LA_D_5350529,15.16005802154541,15.200809478759766,ok
LA_D_5350670,16.2502498626709,16.280454635620117,ok
LA_D_5355457,-15.529470443725586,-15.53516960144043,ok
LA_D_5356350,13.28174114227295,13.281250953674316,ok
LA_D_5357142,11.568788528442383,11.571260452270508,ok
LA_D_5357932,13.397868156433105,13.45862865447998,ok
LA_D_5358070,8.827662467956543,8.821420669555664,ok
LA_D_5358232,16.2123966217041,16.214263916015625,ok
LA_D_5359798,15.090975761413574,15.095152854919434,ok
LA_D_5359950,12.523919105529785,12.52949047088623,ok
LA_D_5360138,11.299410820007324,11.371726036071777,ok
LA_D_5362013,14.318243980407715,14.328214645385742,ok
LA_D_5362934,16.231109619140625,16.262374877929688,ok
LA_D_5363458,15.052905082702637,15.143797874450684,ok
LA_D_5364410,-5.116093158721924,-5.121333599090576,ok
LA_D_5366058,16.38201904296875,16.382488250732422,ok
LA_D_5368042,15.285581588745117,15.298697471618652,ok
LA_D_5369394,7.654308795928955,7.654726505279541,ok
LA_D_5370145,15.668877601623535,15.685050010681152,ok
LA_D_5371276,8.48042106628418,8.51537799835205,ok
LA_D_5372592,14.269219398498535,14.529448509216309,ok
LA_D_5374725,13.864502906799316,13.87040901184082,ok
LA_D_5377943,20.015716552734375,20.79588508605957,ok
LA_D_5378463,16.92532730102539,16.994802474975586,ok
LA_D_5379068,18.479904174804688,18.50394630432129,ok
LA_D_5379360,11.90276050567627,11.95338249206543,ok
LA_D_5380020,11.693473815917969,11.694478034973145,ok
LA_D_5380614,9.27410888671875,9.276326179504395,ok
LA_D_5381315,12.546049118041992,12.56264877319336,ok
LA_D_5381358,20.016014099121094,20.305387496948242,ok
LA_D_5382385,15.541292190551758,15.558125495910645,ok
LA_D_5383174,-13.352015495300293,-13.442133903503418,ok
LA_D_5383636,15.140788078308105,15.170038223266602,ok
LA_D_5383844,12.879056930541992,12.883444786071777,ok
LA_D_5384145,16.040111541748047,16.108320236206055,ok
LA_D_5384475,15.522459030151367,15.582762718200684,ok
LA_D_5384711,12.048378944396973,12.056351661682129,ok
LA_D_5385507,14.05754566192627,14.138154029846191,ok
LA_D_5386489,10.67556381225586,10.70015811920166,ok
LA_D_5389869,12.568379402160645,12.708453178405762,ok
LA_D_5390706,17.59067726135254,17.594308853149414,ok
LA_D_5391312,15.189833641052246,15.19775390625,ok
LA_D_5392108,13.768275260925293,13.844225883483887,ok
LA_D_5392234,14.187729835510254,14.242741584777832,ok
LA_D_5392292,17.004169464111328,17.011629104614258,ok
LA_D_5392790,14.642376899719238,14.690206527709961,ok
LA_D_5393942,17.30181121826172,17.301626205444336,ok
LA_D_5393982,12.487940788269043,12.487452507019043,ok
LA_D_5394100,16.75044059753418,16.802688598632812,ok
LA_D_5394501,17.563262939453125,17.622953414916992,ok
LA_D_5395822,15.162447929382324,15.2343168258667,ok
LA_D_5396149,20.047630310058594,20.123849868774414,ok
LA_D_5396174,12.703271865844727,12.707697868347168,ok
LA_D_5396335,11.590838432312012,11.614830017089844,ok
LA_D_5396397,11.878443717956543,11.884456634521484,ok
LA_D_5397319,-12.869379997253418,-12.874442100524902,ok
LA_D_5397434,18.046274185180664,18.114973068237305,ok
LA_D_5398194,13.035818099975586,13.066939353942871,ok
LA_D_5398887,18.57636833190918,18.632909774780273,ok
LA_D_5399074,14.162714004516602,14.201619148254395,ok
LA_D_5399266,15.23740005493164,15.24559497833252,ok
LA_D_5399865,12.921719551086426,12.969538688659668,ok
LA_D_5400157,13.917799949645996,13.956134796142578,ok
LA_D_5400630,18.54737663269043,18.63907814025879,ok
LA_D_5400787,12.210404396057129,12.211393356323242,ok
LA_D_5401230,10.290884017944336,10.320395469665527,ok
LA_D_5402017,14.198643684387207,14.276683807373047,ok
LA_D_5402192,17.86142349243164,18.089006423950195,ok
LA_D_5402252,14.198904037475586,14.207435607910156,ok
LA_D_5402646,7.594016075134277,7.579577445983887,ok
LA_D_5404416,9.447861671447754,9.459117889404297,ok
LA_D_5404458,16.438928604125977,16.57171058654785,ok
LA_D_5405376,18.519372940063477,18.58790397644043,ok
LA_D_5406274,16.20536994934082,16.18937110900879,ok
LA_D_5407356,15.375059127807617,15.393397331237793,ok
LA_D_5407463,11.925164222717285,11.928412437438965,ok
LA_D_5409509,15.864832878112793,15.897854804992676,ok
LA_D_5409547,9.781549453735352,9.781726837158203,ok
LA_D_5410675,18.03684425354004,18.06138801574707,ok
LA_D_5411425,7.540970325469971,7.566216468811035,ok
LA_D_5411434,-14.858346939086914,-14.871796607971191,ok
LA_D_5411748,-12.511170387268066,-12.59435749053955,ok
LA_D_5412347,15.005108833312988,15.094563484191895,ok
LA_D_5412628,21.44549560546875,21.53147315979004,ok
LA_D_5413087,15.169849395751953,15.250823974609375,ok
LA_D_5414308,11.79045295715332,11.864709854125977,ok
LA_D_5416414,6.147676467895508,6.147698402404785,ok
LA_D_5416674,-15.290995597839355,-15.297174453735352,ok
LA_D_5416891,12.419540405273438,12.448493957519531,ok
LA_D_5419620,8.5201416015625,8.519220352172852,ok
LA_D_5420932,16.006771087646484,16.026052474975586,ok
LA_D_5421212,24.229536056518555,24.357213973999023,ok
LA_D_5422337,18.19926643371582,18.300668716430664,ok
LA_D_5422570,12.499615669250488,12.579623222351074,ok
LA_D_5424592,15.445272445678711,15.48256778717041,ok
LA_D_5425829,-14.524145126342773,-14.58372974395752,ok
LA_D_5426906,19.940793991088867,20.20265007019043,ok
LA_D_5427352,16.88632583618164,16.91253089904785,ok
LA_D_5427426,15.578022003173828,15.616515159606934,ok
LA_D_5427830,13.02025318145752,13.047788619995117,ok
LA_D_5427856,12.489599227905273,12.505457878112793,ok
LA_D_5428077,14.797089576721191,14.809460639953613,ok
LA_D_5428590,11.427591323852539,11.43388557434082,ok
LA_D_5429622,12.312498092651367,12.400206565856934,ok
LA_D_5430038,13.003148078918457,13.037007331848145,ok
LA_D_5430421,11.542523384094238,11.545567512512207,ok
LA_D_5431156,-14.553194046020508,-14.561111450195312,ok
LA_D_5431286,14.004633903503418,14.005853652954102,ok
LA_D_5432198,15.268661499023438,15.264701843261719,ok
LA_D_5432736,14.327470779418945,14.427327156066895,ok
LA_D_5433558,9.236313819885254,9.239142417907715,ok
LA_D_5433599,12.756683349609375,12.794161796569824,ok
LA_D_5434948,14.917732238769531,14.996270179748535,ok
LA_D_5435340,15.827718734741211,15.831802368164062,ok
LA_D_5435996,16.56632423400879,16.598501205444336,ok
LA_D_5437115,11.948416709899902,11.995237350463867,ok
LA_D_5437717,12.869466781616211,12.873047828674316,ok
LA_D_5438251,-12.103075981140137,-12.194226264953613,ok
LA_D_5439819,16.05622100830078,16.113508224487305,ok
LA_D_5441022,12.420374870300293,12.439465522766113,ok
LA_D_5441203,12.61533260345459,12.658568382263184,ok
LA_D_5441778,-13.69021987915039,-13.694600105285645,ok
LA_D_5442160,17.117090225219727,17.117956161499023,ok
LA_D_5442437,13.750635147094727,13.790515899658203,ok
LA_D_5443022,14.244443893432617,14.30868148803711,ok
LA_D_5444967,14.966577529907227,15.006625175476074,ok
LA_D_5445370,10.401361465454102,10.43724536895752,ok
LA_D_5445641,-12.98566722869873,-13.016640663146973,ok
LA_D_5448101,9.771517753601074,9.768045425415039,ok
LA_D_5448251,15.856893539428711,15.985014915466309,ok
LA_D_5448474,9.835487365722656,9.836173057556152,ok
LA_D_5449899,15.288427352905273,15.305537223815918,ok
LA_D_5450646,15.964434623718262,15.98009967803955,ok
LA_D_5450980,16.449935913085938,16.4499568939209,ok
LA_D_5451234,16.876161575317383,16.89879035949707,ok
LA_D_5451855,13.95048713684082,14.247278213500977,ok
LA_D_5452047,10.681716918945312,10.68961238861084,ok
LA_D_5452596,19.34096336364746,19.37322425842285,ok
LA_D_5452800,14.063661575317383,14.061766624450684,ok
LA_D_5453267,15.380640029907227,15.406706809997559,ok
LA_D_5453346,14.675044059753418,14.685669898986816,ok
LA_D_5453395,13.937640190124512,13.955431938171387,ok
LA_D_5453401,9.508321762084961,9.541523933410645,ok
LA_D_5453991,13.115744590759277,13.183928489685059,ok
LA_D_5454156,14.111894607543945,14.111726760864258,ok
LA_D_5454408,15.64112663269043,15.66055965423584,ok
LA_D_5455243,13.950885772705078,14.012347221374512,ok
LA_D_5455456,13.40362548828125,13.418654441833496,ok
LA_D_5455958,12.86213207244873,12.88049602508545,ok
LA_D_5456457,12.875205039978027,12.964879989624023,ok
LA_D_5456485,11.336213111877441,11.336688995361328,ok
LA_D_5456536,10.707653999328613,10.7085599899292,ok
LA_D_5457188,10.089248657226562,10.08910083770752,ok
LA_D_5458074,15.939099311828613,15.941006660461426,ok
LA_D_5458288,13.006063461303711,13.034693717956543,ok
LA_D_5458900,13.449295997619629,13.450297355651855,ok
LA_D_5459095,13.880672454833984,13.944904327392578,ok
LA_D_5462805,13.152600288391113,13.21211051940918,ok
LA_D_5462959,13.93990421295166,13.94922161102295,ok
LA_D_5463025,10.645805358886719,10.68171215057373,ok
LA_D_5463411,-14.091315269470215,-14.092948913574219,ok
LA_D_5463444,-12.469609260559082,-12.529805183410645,ok
LA_D_5463700,14.5906343460083,14.604092597961426,ok
LA_D_5464038,14.45405101776123,14.47170352935791,ok
LA_D_5464792,12.29883098602295,12.308747291564941,ok
LA_D_5465575,14.837148666381836,14.880654335021973,ok
LA_D_5465758,19.171512603759766,19.197900772094727,ok
LA_D_5466886,14.840546607971191,14.882353782653809,ok
LA_D_5467345,-13.69813346862793,-13.706578254699707,ok
LA_D_5467548,17.116226196289062,17.279573440551758,ok
LA_D_5467780,13.94456672668457,13.962417602539062,ok
LA_D_5470214,13.328328132629395,13.495284080505371,ok
LA_D_5470881,14.756181716918945,14.75674819946289,ok
LA_D_5471746,12.114289283752441,12.139623641967773,ok
LA_D_5472216,6.315203666687012,6.314983367919922,ok
LA_D_5472358,16.512496948242188,16.53388023376465,ok
LA_D_5472628,12.189492225646973,12.292693138122559,ok
LA_D_5473083,9.338554382324219,9.339217185974121,ok
LA_D_5473316,12.521942138671875,12.567090034484863,ok
LA_D_5474605,14.731719017028809,14.782532691955566,ok
LA_D_5474661,15.033125877380371,15.120553016662598,ok
LA_D_5475290,7.21293306350708,7.251900672912598,ok
LA_D_5475950,-13.398919105529785,-13.448993682861328,ok
LA_D_5476324,15.151612281799316,15.183587074279785,ok
LA_D_5476791,9.177440643310547,9.18093204498291,ok
LA_D_5476884,16.759822845458984,16.77369499206543,ok
LA_D_5478028,13.27090072631836,13.27381420135498,ok
LA_D_5479621,10.234508514404297,10.242325782775879,ok
LA_D_5480395,17.047142028808594,17.167190551757812,ok
LA_D_5481003,16.16259002685547,16.332809448242188,ok
LA_D_5481956,17.372291564941406,17.373586654663086,ok
LA_D_5482180,13.388826370239258,13.413469314575195,ok
LA_D_5483705,12.702856063842773,12.740379333496094,ok
LA_D_5483730,12.493727684020996,12.529736518859863,ok
LA_D_5484649,14.669264793395996,14.716670989990234,ok
LA_D_5485139,13.917644500732422,14.005172729492188,ok
LA_D_5485515,6.094110012054443,6.12099027633667,ok
LA_D_5486513,19.35545539855957,19.380762100219727,ok
LA_D_5486734,14.835555076599121,14.908574104309082,ok
LA_D_5486800,21.810232162475586,21.950801849365234,ok
LA_D_5487218,13.527965545654297,13.53331470489502,ok
LA_D_5487740,2.27132248878479,2.2894210815429688,ok
LA_D_5488860,11.432904243469238,11.434391021728516,ok
LA_D_5488938,12.546260833740234,12.605538368225098,ok
LA_D_5490153,15.896695137023926,15.968999862670898,ok
LA_D_5490168,16.769094467163086,16.967008590698242,ok
LA_D_5490332,13.236738204956055,13.236736297607422,ok
LA_D_5490757,-12.575085639953613,-12.581438064575195,ok
LA_D_5490947,12.189897537231445,12.283446311950684,ok
LA_D_5491412,18.439664840698242,18.469249725341797,ok
LA_D_5492356,14.553722381591797,14.648015975952148,ok
LA_D_5493977,12.233948707580566,12.238776206970215,ok
LA_D_5495040,-14.032355308532715,-14.171160697937012,ok
LA_D_5495669,19.251155853271484,19.292360305786133,ok
LA_D_5496756,13.563148498535156,13.615588188171387,ok
LA_D_5497034,-14.296515464782715,-14.302367210388184,ok
LA_D_5498432,11.428343772888184,11.46526050567627,ok
LA_D_5502210,12.649920463562012,12.68783187866211,ok
LA_D_5502506,-12.314677238464355,-12.330626487731934,ok
LA_D_5502789,13.428019523620605,13.528483390808105,ok
LA_D_5503012,-14.324912071228027,-14.375494956970215,ok
LA_D_5503083,12.149949073791504,12.172636985778809,ok
LA_D_5503291,7.345946311950684,7.347779750823975,ok
LA_D_5504182,14.795905113220215,14.795063018798828,ok
LA_D_5505351,13.499601364135742,13.507311820983887,ok
LA_D_5505879,21.59477424621582,21.737913131713867,ok
LA_D_5506307,12.842484474182129,12.850594520568848,ok
LA_D_5506813,17.679473876953125,17.775392532348633,ok
LA_D_5507210,-14.661467552185059,-14.678014755249023,ok
LA_D_5507848,14.727973937988281,14.739161491394043,ok
LA_D_5507926,12.096426010131836,12.107904434204102,ok
LA_D_5508990,13.908768653869629,13.932833671569824,ok
LA_D_5509643,14.798731803894043,14.923039436340332,ok
LA_D_5510010,9.92734146118164,9.930106163024902,ok
LA_D_5510532,13.597410202026367,13.648146629333496,ok
LA_D_5511445,9.051334381103516,9.055763244628906,ok
LA_D_5512289,-12.764978408813477,-12.773214340209961,ok
LA_D_5512449,10.895214080810547,10.939242362976074,ok
LA_D_5513082,-14.328582763671875,-14.335461616516113,ok
LA_D_5514319,12.545841217041016,12.60977840423584,ok
LA_D_5514689,21.086078643798828,21.086063385009766,ok
LA_D_5515164,10.865686416625977,10.926318168640137,ok
LA_D_5517898,11.336684226989746,11.33922290802002,ok
LA_D_5518780,15.955238342285156,16.01215171813965,ok
LA_D_5519117,15.055502891540527,15.123215675354004,ok
LA_D_5519425,14.380470275878906,14.456854820251465,ok
LA_D_5519522,19.265119552612305,19.27638816833496,ok
LA_D_5521568,-13.535773277282715,-13.557005882263184,ok
LA_D_5522142,8.841777801513672,8.842970848083496,ok
LA_D_5523423,18.610300064086914,18.61094856262207,ok
LA_D_5524814,22.757726669311523,22.79007339477539,ok
LA_D_5525120,15.889643669128418,15.89699649810791,ok
LA_D_5525422,18.71230125427246,18.777664184570312,ok
LA_D_5529065,12.10145092010498,12.198569297790527,ok
LA_D_5529080,11.842561721801758,11.84762191772461,ok
LA_D_5531013,13.456805229187012,13.457791328430176,ok
LA_D_5531293,13.57028579711914,13.584050178527832,ok
LA_D_5531330,8.834059715270996,8.837516784667969,ok
LA_D_5532057,15.994267463684082,16.364307403564453,ok
LA_D_5532100,12.096283912658691,12.101860046386719,ok
LA_D_5534887,16.122900009155273,16.484384536743164,ok
LA_D_5535805,12.144604682922363,12.149136543273926,ok
LA_D_5536552,14.60349178314209,14.643064498901367,ok
LA_D_5538242,23.220129013061523,23.452579498291016,ok
LA_D_5539101,15.603357315063477,15.642983436584473,ok
LA_D_5539912,16.582660675048828,16.612401962280273,ok
LA_D_5541379,-13.637784957885742,-13.71118450164795,ok
LA_D_5542976,19.8055419921875,19.85764503479004,ok
LA_D_5543089,10.777403831481934,10.837129592895508,ok
LA_D_5545146,-15.725508689880371,-15.739882469177246,ok
LA_D_5545619,14.504690170288086,14.894176483154297,ok
LA_D_5546624,13.733647346496582,13.752389907836914,ok
LA_D_5548039,11.694019317626953,11.7335786819458,ok
LA_D_5548468,11.460224151611328,11.46004867553711,ok
LA_D_5549134,17.254016876220703,17.290565490722656,ok
LA_D_5549592,14.651618957519531,14.679938316345215,ok
LA_D_5549868,16.67694664001465,16.69189453125,ok
LA_D_5550880,17.660842895507812,17.664440155029297,ok
LA_D_5551594,17.111886978149414,17.191377639770508,ok
LA_D_5551945,17.670291900634766,17.695791244506836,ok
LA_D_5552740,14.23061466217041,14.249283790588379,ok
LA_D_5553386,13.647113800048828,13.697044372558594,ok
LA_D_5553767,10.474519729614258,10.48302173614502,ok
LA_D_5554206,9.20623779296875,9.213186264038086,ok
LA_D_5554788,20.550209045410156,20.816972732543945,ok
LA_D_5556633,5.835011005401611,5.929781913757324,ok
LA_D_5558097,11.258012771606445,11.280379295349121,ok
LA_D_5558598,18.780691146850586,18.8257999420166,ok
LA_D_5560002,9.437196731567383,9.445775032043457,ok
LA_D_5561180,17.126510620117188,17.127166748046875,ok
LA_D_5561293,-14.069244384765625,-14.0961275100708,ok
LA_D_5563808,14.982748031616211,15.015281677246094,ok
LA_D_5565540,14.009471893310547,14.099488258361816,ok
LA_D_5565973,15.548538208007812,15.632607460021973,ok
LA_D_5567251,-10.921509742736816,-10.954558372497559,ok
LA_D_5567412,11.953014373779297,11.95262622833252,ok
LA_D_5567932,7.730341911315918,7.771701335906982,ok
LA_D_5568300,13.834129333496094,13.850050926208496,ok
LA_D_5569369,10.261666297912598,10.270362854003906,ok
LA_D_5570032,15.250802040100098,15.28093433380127,ok
LA_D_5570541,10.382136344909668,10.38249683380127,ok
LA_D_5571629,14.083783149719238,14.083712577819824,ok
LA_D_5571676,16.81964111328125,16.835853576660156,ok
LA_D_5572271,16.313413619995117,16.315954208374023,ok
LA_D_5572324,15.96345043182373,15.978842735290527,ok
LA_D_5572661,12.160918235778809,12.161347389221191,ok
LA_D_5574112,7.806821346282959,7.904565811157227,ok
LA_D_5574945,11.644604682922363,11.643686294555664,ok
LA_D_5576148,14.8412504196167,14.882780075073242,ok
LA_D_5576532,17.16692543029785,17.32340431213379,ok
LA_D_5579170,17.538787841796875,17.66263198852539,ok
LA_D_5579476,9.481093406677246,9.48598861694336,ok
LA_D_5580217,12.227569580078125,12.290812492370605,ok
LA_D_5580783,7.16911506652832,7.1939263343811035,ok
LA_D_5583563,12.767183303833008,12.767251968383789,ok
LA_D_5583898,12.781314849853516,12.862580299377441,ok
LA_D_5584723,13.435018539428711,13.461174964904785,ok
LA_D_5584734,15.755437850952148,15.766973495483398,ok
LA_D_5586056,11.574163436889648,11.624768257141113,ok
LA_D_5586705,16.383590698242188,16.393136978149414,ok
LA_D_5586813,9.508124351501465,9.508234977722168,ok
LA_D_5588765,-9.901869773864746,-9.96313762664795,ok
LA_D_5592106,15.888277053833008,15.935195922851562,ok
LA_D_5592383,14.324437141418457,14.345597267150879,ok
LA_D_5592740,17.368667602539062,17.43244171142578,ok
LA_D_5593819,18.100460052490234,18.253206253051758,ok
LA_D_5594622,14.647943496704102,14.654295921325684,ok
LA_D_5594965,13.47765827178955,13.5372953414917,ok
LA_D_5596835,12.633086204528809,12.634745597839355,ok
LA_D_5596855,16.184837341308594,16.18788719177246,ok
LA_D_5596917,13.515854835510254,13.528342247009277,ok
LA_D_5597058,14.841395378112793,14.904258728027344,ok
LA_D_5597072,12.337571144104004,12.359199523925781,ok
LA_D_5597126,10.389947891235352,10.464391708374023,ok
LA_D_5598437,9.695120811462402,9.743090629577637,ok
LA_D_5599035,11.621623039245605,11.637237548828125,ok
LA_D_5599281,15.889484405517578,15.905928611755371,ok
LA_D_5600729,18.31625747680664,18.482046127319336,ok
LA_D_5601935,15.55424976348877,15.717432022094727,ok
LA_D_5602174,7.244955539703369,7.278873920440674,ok
LA_D_5602437,11.633970260620117,11.635995864868164,ok
LA_D_5605656,14.43123722076416,14.448298454284668,ok
LA_D_5606948,16.174646377563477,16.18114471435547,ok
LA_D_5607232,14.670105934143066,14.731358528137207,ok
LA_D_5609165,17.678817749023438,17.686033248901367,ok
LA_D_5609423,16.6239013671875,16.686376571655273,ok
LA_D_5610125,13.726293563842773,13.768712043762207,ok
LA_D_5610893,6.4766106605529785,6.477237224578857,ok
LA_D_5611461,14.879524230957031,14.928162574768066,ok
LA_D_5611885,14.354992866516113,14.386297225952148,ok
LA_D_5612664,13.396092414855957,13.469285011291504,ok
LA_D_5612758,13.898905754089355,13.952813148498535,ok
LA_D_5613224,14.080682754516602,14.10469913482666,ok
LA_D_5613500,11.696382522583008,11.698552131652832,ok
LA_D_5613820,19.22966957092285,19.315263748168945,ok
LA_D_5614245,11.555763244628906,11.5619478225708,ok
LA_D_5614406,15.250012397766113,15.259391784667969,ok
LA_D_5615493,9.920010566711426,9.920232772827148,ok
LA_D_5616692,15.466249465942383,15.530081748962402,ok
LA_D_5617123,15.093132019042969,15.187429428100586,ok
LA_D_5617907,14.26854419708252,14.279438972473145,ok
LA_D_5621016,-0.9048479795455933,-0.9102758765220642,ok
LA_D_5621269,12.629829406738281,12.638452529907227,ok
LA_D_5621483,13.230259895324707,13.323486328125,ok
LA_D_5621900,14.729068756103516,14.761719703674316,ok
LA_D_5622630,13.238860130310059,13.256844520568848,ok
LA_D_5623014,15.326190948486328,15.34167194366455,ok
LA_D_5623022,8.176493644714355,8.17517375946045,ok
LA_D_5623559,-10.682991027832031,-10.683232307434082,ok
LA_D_5624531,14.661382675170898,14.703490257263184,ok
LA_D_5624856,14.430006980895996,14.452122688293457,ok
LA_D_5626492,21.055587768554688,21.121023178100586,ok
LA_D_5626564,15.55163288116455,15.571626663208008,ok
LA_D_5627177,11.157968521118164,11.190407752990723,ok
LA_D_5627497,19.57277488708496,19.72344207763672,ok
LA_D_5629187,7.122851848602295,7.14312219619751,ok
LA_D_5629796,11.439285278320312,11.454541206359863,ok
LA_D_5630768,15.615303039550781,15.617274284362793,ok
LA_D_5631323,14.493481636047363,14.552948951721191,ok
LA_D_5631357,15.49092960357666,15.520757675170898,ok
LA_D_5631850,-12.818134307861328,-12.834463119506836,ok
LA_D_5633647,8.964557647705078,9.025954246520996,ok
LA_D_5634985,19.60184097290039,19.774539947509766,ok
LA_D_5635914,14.46576976776123,14.50629711151123,ok
LA_D_5636069,-14.245098114013672,-14.376191139221191,ok
LA_D_5637114,14.138655662536621,14.162487983703613,ok
LA_D_5637928,14.706011772155762,14.774048805236816,ok
LA_D_5637979,13.796350479125977,13.80067253112793,ok
LA_D_5639347,12.964875221252441,12.965993881225586,ok
LA_D_5639584,15.07532024383545,15.265356063842773,ok
LA_D_5642763,14.212364196777344,14.246167182922363,ok
LA_D_5643163,12.816045761108398,12.816338539123535,ok
LA_D_5644446,7.607848167419434,7.607875823974609,ok
LA_D_5646610,9.067219734191895,9.078587532043457,ok
LA_D_5647135,15.121184349060059,15.169074058532715,ok
LA_D_5647328,18.594633102416992,18.775968551635742,ok
LA_D_5647508,5.883725643157959,6.038471698760986,ok
LA_D_5648484,2.5303080081939697,2.5336976051330566,ok
LA_D_5651240,-13.27652359008789,-13.489480972290039,ok
LA_D_5651896,15.083819389343262,15.151482582092285,ok
LA_D_5652503,15.18376636505127,15.251835823059082,ok
LA_D_5653979,16.877511978149414,16.906484603881836,ok
LA_D_5654315,-6.614264488220215,-6.76552152633667,ok
LA_D_5654371,10.684449195861816,10.701668739318848,ok
LA_D_5654375,12.655487060546875,12.663124084472656,ok
LA_D_5655417,13.042797088623047,13.055766105651855,ok
LA_D_5656124,14.894266128540039,14.96052074432373,ok
LA_D_5657749,17.631532669067383,17.79262351989746,ok
LA_D_5657789,19.011756896972656,19.190767288208008,ok
LA_D_5658047,10.444456100463867,10.486322402954102,ok
LA_D_5659751,13.435750961303711,13.47124195098877,ok
LA_D_5660127,15.577037811279297,15.578299522399902,ok
LA_D_5661104,14.101910591125488,14.237397193908691,ok
LA_D_5661640,17.058536529541016,17.100557327270508,ok
LA_D_5661698,14.148719787597656,14.152669906616211,ok
LA_D_5662897,17.920543670654297,18.0330867767334,ok
LA_D_5663851,11.730072021484375,11.757006645202637,ok
LA_D_5664870,-14.629199028015137,-14.637733459472656,ok
LA_D_5665100,21.461458206176758,21.553686141967773,ok
LA_D_5665194,-14.923158645629883,-14.954215049743652,ok
LA_D_5668161,16.21735382080078,16.240259170532227,ok
LA_D_5669124,18.0378475189209,18.257640838623047,ok
LA_D_5671767,10.26185417175293,10.264532089233398,ok
LA_D_5673312,19.151952743530273,19.21094512939453,ok
LA_D_5673334,11.663225173950195,11.66894245147705,ok
LA_D_5673436,-12.566875457763672,-12.57444953918457,ok
LA_D_5673630,3.9192988872528076,3.9259674549102783,ok
LA_D_5674798,10.913729667663574,11.005249977111816,ok
LA_D_5676897,-14.443284034729004,-14.47797966003418,ok
LA_D_5677611,6.099358558654785,6.089701175689697,ok
LA_D_5679192,11.930367469787598,11.950568199157715,ok
LA_D_5679699,15.84425163269043,15.844976425170898,ok
LA_D_5680161,14.48651123046875,14.546971321105957,ok
LA_D_5680395,12.68049430847168,12.707610130310059,ok
LA_D_5681705,13.468497276306152,13.496237754821777,ok
LA_D_5682188,15.88638687133789,15.955910682678223,ok
LA_D_5682398,17.503557205200195,17.62025260925293,ok
LA_D_5682639,13.882884979248047,13.911894798278809,ok
LA_D_5683175,14.309563636779785,14.34507942199707,ok
LA_D_5684092,14.947916030883789,14.967906951904297,ok
LA_D_5684697,4.242674827575684,4.23863410949707,ok
LA_D_5685369,16.25017738342285,16.27705192565918,ok
LA_D_5685998,11.975151062011719,12.023625373840332,ok
LA_D_5687626,9.352499008178711,9.37740421295166,ok
LA_D_5689198,14.459259033203125,14.465665817260742,ok
LA_D_5689576,13.592930793762207,13.605511665344238,ok
LA_D_5690287,14.783778190612793,14.821242332458496,ok
LA_D_5690727,17.207523345947266,17.221328735351562,ok
LA_D_5691072,-13.188800811767578,-13.196525573730469,ok
LA_D_5691372,13.441883087158203,13.485957145690918,ok
LA_D_5691756,7.515892028808594,7.5157341957092285,ok
LA_D_5693207,13.21605396270752,13.222811698913574,ok
LA_D_5693331,17.850187301635742,17.85086441040039,ok
LA_D_5695559,13.818340301513672,13.852184295654297,ok
LA_D_5695682,14.954825401306152,14.960844993591309,ok
LA_D_5695691,-13.216443061828613,-13.23131275177002,ok
LA_D_5697626,14.052961349487305,14.055602073669434,ok
LA_D_5697939,12.85263442993164,12.855517387390137,ok
LA_D_5697969,16.17072105407715,16.1726016998291,ok
LA_D_5698259,23.285064697265625,23.308198928833008,ok
LA_D_5698379,-12.640918731689453,-12.732880592346191,ok
LA_D_5699257,14.670965194702148,14.696976661682129,ok
LA_D_5699731,0.491157591342926,0.47657477855682373,ok
LA_D_5700704,12.059968948364258,12.076881408691406,ok
LA_D_5702239,15.435519218444824,15.451430320739746,ok
LA_D_5702258,13.947855949401855,13.96274471282959,ok
LA_D_5702698,18.249414443969727,18.297657012939453,ok
LA_D_5704173,11.654415130615234,11.656623840332031,ok
LA_D_5706448,13.174248695373535,13.179433822631836,ok
LA_D_5706472,17.86806297302246,17.90226936340332,ok
LA_D_5710236,21.00311279296875,21.082334518432617,ok
LA_D_5710259,11.837111473083496,11.837292671203613,ok
LA_D_5710714,12.247405052185059,12.255293846130371,ok
LA_D_5711305,15.950358390808105,16.036399841308594,ok
LA_D_5711351,8.023651123046875,8.013875961303711,ok
LA_D_5712427,13.722304344177246,13.722230911254883,ok
LA_D_5712604,14.200782775878906,14.209352493286133,ok
LA_D_5712684,-16.449462890625,-16.45609474182129,ok
LA_D_5712950,16.188737869262695,16.208202362060547,ok
LA_D_5713062,12.794317245483398,12.837041854858398,ok
LA_D_5713417,14.16305923461914,14.295045852661133,ok
LA_D_5713865,17.302978515625,17.39177703857422,ok
LA_D_5714169,13.925704002380371,13.96942138671875,ok
LA_D_5715212,8.920434951782227,8.922696113586426,ok
LA_D_5715402,17.61998748779297,17.6602725982666,ok
LA_D_5716651,18.367170333862305,18.38215446472168,ok
LA_D_5716855,13.27377986907959,13.287177085876465,ok
LA_D_5717327,15.96209716796875,16.029027938842773,ok
LA_D_5718984,17.211713790893555,17.251888275146484,ok
LA_D_5719323,-8.760186195373535,-8.764816284179688,ok
LA_D_5719332,12.278961181640625,12.313509941101074,ok
LA_D_5721193,12.972516059875488,12.993905067443848,ok
LA_D_5723098,12.723634719848633,12.8674955368042,ok
LA_D_5723608,10.508450508117676,10.507901191711426,ok
LA_D_5723701,5.823512554168701,5.82483434677124,ok
LA_D_5724728,-14.161811828613281,-14.208491325378418,ok
LA_D_5724957,15.80296802520752,15.806714057922363,ok
LA_D_5725878,-8.472526550292969,-8.482882499694824,ok
LA_D_5726307,15.856917381286621,15.897065162658691,ok
LA_D_5726814,12.973030090332031,12.972723960876465,ok
LA_D_5727251,17.737743377685547,17.762866973876953,ok
LA_D_5728642,18.15032196044922,18.236825942993164,ok
LA_D_5729926,14.00102424621582,14.004690170288086,ok
LA_D_5730320,23.21715545654297,23.341835021972656,ok
LA_D_5731221,11.515960693359375,11.539597511291504,ok
LA_D_5731514,9.68098258972168,9.691149711608887,ok
LA_D_5732035,17.59102439880371,17.60358238220215,ok
LA_D_5732655,18.266096115112305,18.27286720275879,ok
LA_D_5733338,16.300601959228516,16.38191795349121,ok
LA_D_5734083,14.277066230773926,14.399020195007324,ok
LA_D_5734480,-14.989531517028809,-15.001263618469238,ok
LA_D_5734535,14.161190032958984,14.190518379211426,ok
LA_D_5735487,16.32827377319336,16.40878677368164,ok
LA_D_5735559,17.61465835571289,17.667295455932617,ok
LA_D_5735922,21.340986251831055,21.521081924438477,ok
LA_D_5736677,19.64069366455078,19.753236770629883,ok
LA_D_5736694,16.256908416748047,16.388099670410156,ok
LA_D_5737035,16.89861488342285,16.921321868896484,ok
LA_D_5737273,20.73729133605957,20.7587890625,ok
LA_D_5737796,13.159709930419922,13.199429512023926,ok
LA_D_5737966,12.640278816223145,12.640128135681152,ok
LA_D_5738684,14.510869979858398,14.527861595153809,ok
LA_D_5738833,13.069321632385254,13.069973945617676,ok
LA_D_5741681,18.211801528930664,18.21175193786621,ok
LA_D_5742424,12.82550048828125,12.844182014465332,ok
LA_D_5742561,16.91741180419922,16.95278549194336,ok
LA_D_5742661,11.566742897033691,11.569930076599121,ok
LA_D_5743533,10.46497631072998,10.465288162231445,ok
LA_D_5743745,15.819153785705566,15.844482421875,ok
LA_D_5744723,20.23257064819336,20.607755661010742,ok
LA_D_5746789,15.951231956481934,16.028738021850586,ok
LA_D_5747580,-13.110884666442871,-13.142050743103027,ok
LA_D_5747601,15.905801773071289,15.9678955078125,ok
LA_D_5748042,12.941488265991211,12.9681978225708,ok
LA_D_5751531,12.138237953186035,12.162476539611816,ok
LA_D_5751891,17.693878173828125,17.738801956176758,ok
LA_D_5752206,16.314590454101562,16.482812881469727,ok
LA_D_5752437,14.725105285644531,14.911913871765137,ok
LA_D_5752916,13.256278991699219,13.260064125061035,ok
LA_D_5754462,14.858675003051758,14.916041374206543,ok
LA_D_5755154,13.124642372131348,13.135586738586426,ok
LA_D_5755194,12.859917640686035,12.873000144958496,ok
LA_D_5755628,18.44185447692871,18.449007034301758,ok
LA_D_5756079,14.165382385253906,14.277409553527832,ok
LA_D_5758976,-13.560225486755371,-13.608968734741211,ok
LA_D_5759383,-11.648886680603027,-11.689330101013184,ok
LA_D_5760810,12.863981246948242,12.864521980285645,ok
LA_D_5761294,1.6967480182647705,1.7369592189788818,ok
LA_D_5761885,18.065263748168945,18.365148544311523,ok
LA_D_5763453,-3.688448190689087,-3.736574649810791,ok
LA_D_5763793,11.073064804077148,11.119889259338379,ok
LA_D_5765155,14.923725128173828,15.031203269958496,ok
LA_D_5765277,9.098246574401855,9.11142635345459,ok
LA_D_5765948,12.051854133605957,12.087929725646973,ok
LA_D_5767805,18.49833869934082,18.62805938720703,ok
LA_D_5769133,-12.846819877624512,-12.871872901916504,ok
LA_D_5769169,12.851305961608887,12.852316856384277,ok
LA_D_5769309,19.094112396240234,19.10883903503418,ok
LA_D_5770185,-13.92943000793457,-13.976054191589355,ok
LA_D_5770424,8.103994369506836,8.104952812194824,ok
LA_D_5771160,12.771686553955078,12.79105281829834,ok
LA_D_5772488,18.183088302612305,18.26676368713379,ok
LA_D_5774345,9.306660652160645,9.319055557250977,ok
LA_D_5774989,-14.57413387298584,-14.603654861450195,ok
LA_D_5776830,17.800642013549805,17.8238525390625,ok
LA_D_5779022,10.687122344970703,10.686575889587402,ok
LA_D_5779977,-8.545730590820312,-8.55190658569336,ok
LA_D_5781241,11.676446914672852,11.737192153930664,ok
LA_D_5781617,9.918790817260742,9.919404029846191,ok
LA_D_5782359,12.475228309631348,12.508454322814941,ok
LA_D_5786164,12.507739067077637,12.507678031921387,ok
LA_D_5786237,-12.216038703918457,-12.232243537902832,ok
LA_D_5788523,12.515357971191406,12.515707015991211,ok
LA_D_5788830,12.727119445800781,12.759005546569824,ok
LA_D_5789585,18.711042404174805,18.794553756713867,ok
LA_D_5789727,13.040831565856934,13.048781394958496,ok
LA_D_5790394,-3.67661190032959,-3.717738628387451,ok
LA_D_5790567,-10.329843521118164,-10.376206398010254,ok
LA_D_5791316,14.846016883850098,14.968810081481934,ok
LA_D_5791423,10.503631591796875,10.56379222869873,ok
LA_D_5792148,11.438952445983887,11.443018913269043,ok
LA_D_5793111,11.315478324890137,11.316451072692871,ok
LA_D_5794620,-14.912485122680664,-14.97815227508545,ok
LA_D_5795353,9.766698837280273,9.77193546295166,ok
LA_D_5796246,-14.259963989257812,-14.274920463562012,ok
LA_D_5796502,16.223072052001953,16.358781814575195,ok
LA_D_5798590,16.54888343811035,16.561857223510742,ok
LA_D_5799657,15.420645713806152,15.453170776367188,ok
LA_D_5800550,15.819981575012207,15.896391868591309,ok
LA_D_5800838,9.203125953674316,9.203890800476074,ok
LA_D_5800896,16.30575942993164,16.331968307495117,ok
LA_D_5801020,17.92746353149414,17.95393180847168,ok
LA_D_5802664,14.995681762695312,15.023646354675293,ok
LA_D_5803007,15.435165405273438,15.456144332885742,ok
LA_D_5803857,13.260274887084961,13.295634269714355,ok
LA_D_5804847,12.727532386779785,12.778433799743652,ok
LA_D_5805227,15.810462951660156,15.863730430603027,ok
LA_D_5805258,15.297483444213867,15.332026481628418,ok
LA_D_5805679,9.847939491271973,9.898863792419434,ok
LA_D_5806432,15.830998420715332,15.925835609436035,ok
LA_D_5806611,-9.857693672180176,-9.862449645996094,ok
LA_D_5808200,0.5978715419769287,0.6050028204917908,ok
LA_D_5809176,15.055277824401855,15.082852363586426,ok
LA_D_5809254,-12.471324920654297,-12.649374961853027,ok
LA_D_5810774,11.961097717285156,12.012595176696777,ok
LA_D_5811636,13.8433837890625,13.905732154846191,ok
LA_D_5812356,10.782191276550293,10.80366039276123,ok
LA_D_5813568,15.422723770141602,15.537787437438965,ok
LA_D_5814298,14.862617492675781,14.885281562805176,ok
LA_D_5815871,10.870477676391602,10.904881477355957,ok
LA_D_5815879,11.916948318481445,11.930323600769043,ok
LA_D_5817478,17.525875091552734,17.570951461791992,ok
LA_D_5817787,5.395447254180908,5.414975166320801,ok
LA_D_5818741,18.33208465576172,18.345518112182617,ok
LA_D_5819339,15.29029369354248,15.304438591003418,ok
LA_D_5819741,12.45528793334961,12.45827865600586,ok
LA_D_5820637,9.542474746704102,9.54271411895752,ok
LA_D_5821269,14.22780704498291,14.233023643493652,ok
LA_D_5822388,3.8017678260803223,3.8029279708862305,ok
LA_D_5822586,12.272106170654297,12.27442455291748,ok
LA_D_5824362,14.556461334228516,14.58847713470459,ok
LA_D_5824879,23.63886833190918,23.912771224975586,ok
LA_D_5824998,-9.999456405639648,-10.035942077636719,ok
LA_D_5825167,17.13765525817871,17.171937942504883,ok
LA_D_5825711,-12.82425594329834,-12.83741283416748,ok
LA_D_5826732,11.686736106872559,11.685324668884277,ok
LA_D_5826748,11.870845794677734,11.876226425170898,ok
LA_D_5827420,9.642481803894043,9.643460273742676,ok
LA_D_5828981,13.481176376342773,13.493258476257324,ok
LA_D_5830215,16.82826805114746,16.847347259521484,ok
LA_D_5830923,20.004247665405273,20.032024383544922,ok
LA_D_5831724,16.848848342895508,16.886444091796875,ok
LA_D_5832271,16.057327270507812,16.076221466064453,ok
LA_D_5832702,14.969393730163574,14.982952117919922,ok
LA_D_5833231,-15.65385627746582,-15.666549682617188,ok
LA_D_5834045,15.91361141204834,15.918456077575684,ok
LA_D_5834157,-14.225041389465332,-14.333346366882324,ok
LA_D_5834232,19.46137237548828,19.53150749206543,ok
LA_D_5834246,11.474793434143066,11.551777839660645,ok
LA_D_5834907,11.678122520446777,11.76573657989502,ok
LA_D_5835778,12.544429779052734,12.558074951171875,ok
LA_D_5835948,13.122078895568848,13.132058143615723,ok
LA_D_5836628,13.800491333007812,13.808876991271973,ok
LA_D_5837845,13.724437713623047,13.729289054870605,ok
LA_D_5838098,16.577720642089844,16.588706970214844,ok
LA_D_5838500,17.965940475463867,17.97852897644043,ok
LA_D_5838540,-13.165878295898438,-13.177374839782715,ok
LA_D_5839530,15.203885078430176,15.213187217712402,ok
LA_D_5839621,6.913194179534912,6.922220230102539,ok
LA_D_5840187,12.063838958740234,12.08935260772705,ok
LA_D_5841055,10.076345443725586,10.076881408691406,ok
LA_D_5841267,-15.171341896057129,-15.17746639251709,ok
LA_D_5841342,15.837151527404785,15.87193489074707,ok
LA_D_5841697,11.802298545837402,11.80932331085205,ok
LA_D_5842927,10.844157218933105,10.886009216308594,ok
LA_D_5844214,6.890891075134277,6.886940956115723,ok
LA_D_5844846,10.804975509643555,10.804930686950684,ok
LA_D_5845529,16.863637924194336,16.886409759521484,ok
LA_D_5846104,-12.511767387390137,-12.54197883605957,ok
LA_D_5847069,15.432509422302246,15.475089073181152,ok
LA_D_5847801,13.388032913208008,13.437362670898438,ok
LA_D_5848108,13.9658784866333,13.970555305480957,ok
LA_D_5849098,12.767650604248047,12.934075355529785,ok
LA_D_5849476,15.090192794799805,15.153412818908691,ok
LA_D_5849620,12.408356666564941,12.439933776855469,ok
LA_D_5850460,10.96541690826416,10.973910331726074,ok
LA_D_5851479,18.55331802368164,18.638349533081055,ok
LA_D_5853595,12.063971519470215,12.076920509338379,ok
LA_D_5854092,12.411931037902832,12.419602394104004,ok
LA_D_5854347,13.06390380859375,13.070331573486328,ok
LA_D_5854712,11.96678638458252,12.0526704788208,ok
LA_D_5855173,11.191486358642578,11.223639488220215,ok
LA_D_5855679,17.771366119384766,17.79695701599121,ok
LA_D_5856383,8.341878890991211,8.343159675598145,ok
LA_D_5856426,14.959115028381348,14.962555885314941,ok
LA_D_5856691,12.87496566772461,12.972859382629395,ok
LA_D_5857128,14.464645385742188,14.495246887207031,ok
LA_D_5858013,9.846409797668457,9.852593421936035,ok
LA_D_5858787,9.4037446975708,9.389994621276855,ok
LA_D_5858893,11.244043350219727,11.288553237915039,ok
LA_D_5859057,14.104262351989746,14.124940872192383,ok
LA_D_5861399,12.821793556213379,12.822041511535645,ok
LA_D_5861749,12.639263153076172,12.637551307678223,ok
LA_D_5863016,12.591378211975098,12.618420600891113,ok
LA_D_5863611,-11.820042610168457,-11.840458869934082,ok
LA_D_5863762,13.491837501525879,13.502906799316406,ok
LA_D_5865733,13.553567886352539,13.553658485412598,ok
LA_D_5866255,17.934968948364258,17.991212844848633,ok
LA_D_5866849,11.218463897705078,11.220831871032715,ok
LA_D_5866992,16.105321884155273,16.126962661743164,ok
LA_D_5867269,7.907125473022461,7.907264709472656,ok
LA_D_5867393,13.861124992370605,13.876032829284668,ok
LA_D_5868407,-13.128449440002441,-13.131087303161621,ok
LA_D_5869640,17.639293670654297,17.66991424560547,ok
LA_D_5870140,14.213929176330566,14.242538452148438,ok
LA_D_5871349,13.752695083618164,13.754668235778809,ok
LA_D_5871402,16.69929313659668,16.796356201171875,ok
LA_D_5871485,18.338083267211914,18.365327835083008,ok
LA_D_5872598,17.19749641418457,17.33668327331543,ok
LA_D_5873514,9.315308570861816,9.315311431884766,ok
LA_D_5873604,15.72839069366455,15.75145149230957,ok
LA_D_5873758,11.469918251037598,11.522448539733887,ok
LA_D_5873832,16.06064796447754,16.06633186340332,ok
LA_D_5874054,10.756757736206055,10.765742301940918,ok
LA_D_5874196,14.461183547973633,14.510405540466309,ok
LA_D_5874425,12.28710651397705,12.305472373962402,ok
LA_D_5875439,16.39127540588379,16.406497955322266,ok
LA_D_5875499,15.483787536621094,15.52596664428711,ok
LA_D_5875987,13.899599075317383,13.944381713867188,ok
LA_D_5876621,16.164587020874023,16.178266525268555,ok
LA_D_5878266,16.842445373535156,16.890884399414062,ok
LA_D_5878616,13.668301582336426,13.679965019226074,ok
LA_D_5879570,-14.083856582641602,-14.163750648498535,ok
LA_D_5880856,14.399499893188477,14.417275428771973,ok
LA_D_5881167,12.917593955993652,12.940086364746094,ok
LA_D_5881442,10.946288108825684,10.947016716003418,ok
LA_D_5882342,14.480850219726562,14.575782775878906,ok
LA_D_5882834,11.045004844665527,11.067842483520508,ok
LA_D_5884456,11.726922035217285,11.748295783996582,ok
LA_D_5885239,13.138225555419922,13.159377098083496,ok
LA_D_5886832,12.846961975097656,12.852961540222168,ok
LA_D_5887076,13.737990379333496,13.740482330322266,ok
LA_D_5888899,9.364655494689941,9.366612434387207,ok
LA_D_5889135,15.614546775817871,15.68885326385498,ok
LA_D_5889358,20.857797622680664,20.923734664916992,ok
LA_D_5889397,11.39317512512207,11.404326438903809,ok
LA_D_5890209,10.990195274353027,10.990376472473145,ok
LA_D_5890290,12.12781810760498,12.147547721862793,ok
LA_D_5891155,14.966951370239258,15.000611305236816,ok
LA_D_5891453,-12.114063262939453,-12.167162895202637,ok
LA_D_5891869,15.947127342224121,15.946904182434082,ok
LA_D_5893651,13.418390274047852,13.420671463012695,ok
LA_D_5893732,15.963403701782227,16.127294540405273,ok
LA_D_5894140,8.237017631530762,8.239209175109863,ok
LA_D_5895018,15.328728675842285,15.32542896270752,ok
LA_D_5895216,15.570971488952637,15.607292175292969,ok
LA_D_5897281,17.08110237121582,17.084745407104492,ok
LA_D_5897721,15.500982284545898,15.661815643310547,ok
LA_D_5897761,12.97064208984375,12.98117446899414,ok
LA_D_5898202,8.764761924743652,8.76686954498291,ok
LA_D_5898234,-12.93829345703125,-12.94725513458252,ok
LA_D_5899377,8.008519172668457,8.007120132446289,ok
LA_D_5899837,12.140203475952148,12.149560928344727,ok
LA_D_5900756,12.452554702758789,12.452666282653809,ok
LA_D_5901105,12.675171852111816,12.706761360168457,ok
LA_D_5901190,16.762235641479492,16.784151077270508,ok
LA_D_5901525,13.918622970581055,13.934532165527344,ok
LA_D_5902939,16.1118221282959,16.202688217163086,ok
LA_D_5903262,14.377535820007324,14.409219741821289,ok
LA_D_5903873,-10.73095417022705,-10.755359649658203,ok
LA_D_5905554,14.246664047241211,14.375617027282715,ok
LA_D_5905737,10.830398559570312,10.871659278869629,ok
LA_D_5907805,14.105567932128906,14.23862361907959,ok
LA_D_5908876,15.601544380187988,15.626177787780762,ok
LA_D_5909772,13.66800594329834,13.703999519348145,ok
LA_D_5909916,14.797052383422852,14.97636890411377,ok
LA_D_5909998,18.75336265563965,18.817934036254883,ok
LA_D_5910081,14.639165878295898,14.648920059204102,ok
LA_D_5911892,9.3653564453125,9.360940933227539,ok
LA_D_5912421,14.816849708557129,14.851438522338867,ok
LA_D_5913608,15.171005249023438,15.190808296203613,ok
LA_D_5914226,12.340727806091309,12.355424880981445,ok
LA_D_5914572,15.454963684082031,15.461323738098145,ok
LA_D_5915443,16.915990829467773,16.9597225189209,ok
LA_D_5915454,14.054826736450195,14.096453666687012,ok
LA_D_5917934,15.802668571472168,15.820039749145508,ok
LA_D_5918137,9.257664680480957,9.26359748840332,ok
LA_D_5918268,13.655404090881348,13.689587593078613,ok
LA_D_5918480,13.793184280395508,13.914664268493652,ok
LA_D_5918498,14.921363830566406,14.943655967712402,ok
LA_D_5919154,13.518341064453125,13.53954792022705,ok
LA_D_5921230,13.354996681213379,13.460402488708496,ok
LA_D_5921937,15.218036651611328,15.226813316345215,ok
LA_D_5922375,14.371210098266602,14.41334342956543,ok
LA_D_5924199,9.059761047363281,9.06118106842041,ok
LA_D_5925557,-11.486656188964844,-11.54149055480957,ok
LA_D_5925659,-11.681931495666504,-11.682995796203613,ok
LA_D_5926059,9.923650741577148,9.918652534484863,ok
LA_D_5926484,17.877866744995117,17.87940788269043,ok
LA_D_5927325,12.78798770904541,12.801003456115723,ok
LA_D_5927388,-14.839961051940918,-14.867770195007324,ok
LA_D_5927782,22.604869842529297,22.6401309967041,ok
LA_D_5929796,3.9589250087738037,3.9424545764923096,ok
LA_D_5930167,14.244300842285156,14.298717498779297,ok
LA_D_5931137,16.330963134765625,16.40683937072754,ok
LA_D_5931445,17.831148147583008,18.025041580200195,ok
LA_D_5931696,12.03906536102295,12.04589557647705,ok
LA_D_5932598,10.990838050842285,10.991026878356934,ok
LA_D_5932613,-11.727804183959961,-11.86330509185791,ok
LA_D_5932720,8.444357872009277,8.446398735046387,ok
LA_D_5934154,15.331450462341309,15.339103698730469,ok
LA_D_5934239,13.174689292907715,13.234808921813965,ok
LA_D_5934426,-15.355920791625977,-15.367571830749512,ok
LA_D_5934440,7.635515213012695,7.647580623626709,ok
LA_D_5935284,16.20020866394043,16.215391159057617,ok
LA_D_5936355,8.933784484863281,8.93607234954834,ok
LA_D_5937021,8.978299140930176,9.174055099487305,ok
LA_D_5937369,9.451279640197754,9.453070640563965,ok
LA_D_5938241,15.86575698852539,15.888077735900879,ok
LA_D_5939156,15.316706657409668,15.35970687866211,ok
LA_D_5940165,15.33957290649414,15.358736991882324,ok
LA_D_5940340,7.8147172927856445,7.895413875579834,ok
LA_D_5940767,15.446027755737305,15.833686828613281,ok
LA_D_5940824,22.42449188232422,22.45140266418457,ok
LA_D_5944292,10.32846736907959,10.344473838806152,ok
LA_D_5945248,23.213510513305664,23.352828979492188,ok
LA_D_5945817,6.969536304473877,6.969940662384033,ok
LA_D_5947257,-14.324128150939941,-14.37398910522461,ok
LA_D_5948278,18.129127502441406,18.14177131652832,ok
LA_D_5948925,10.674612998962402,10.741074562072754,ok
LA_D_5950523,16.529142379760742,16.583621978759766,ok
LA_D_5952548,-7.709181308746338,-7.729123115539551,ok
LA_D_5952895,12.30888557434082,12.37415885925293,ok
LA_D_5953510,16.590717315673828,16.694684982299805,ok
LA_D_5953565,14.228851318359375,14.244902610778809,ok
LA_D_5954148,11.588845252990723,11.591948509216309,ok
LA_D_5954862,15.598884582519531,15.610730171203613,ok
LA_D_5955756,15.774218559265137,15.77699089050293,ok
LA_D_5957373,14.057354927062988,14.083048820495605,ok
LA_D_5958463,18.511964797973633,18.552900314331055,ok
LA_D_5958767,15.453113555908203,15.471697807312012,ok
LA_D_5959072,12.481264114379883,12.481297492980957,ok
LA_D_5959728,12.744234085083008,12.738425254821777,ok
LA_D_5960315,8.781858444213867,8.785310745239258,ok
LA_D_5960511,11.295174598693848,11.29549503326416,ok
LA_D_5961259,16.93083953857422,16.945587158203125,ok
LA_D_5961603,13.475728034973145,13.486771583557129,ok
LA_D_5961859,17.84377098083496,17.86656379699707,ok
LA_D_5962580,-14.393508911132812,-14.442460060119629,ok
LA_D_5962786,10.469582557678223,10.561101913452148,ok
LA_D_5965400,9.999324798583984,9.999104499816895,ok
LA_D_5965871,15.403925895690918,15.400514602661133,ok
LA_D_5966088,12.280689239501953,12.322213172912598,ok
LA_D_5966111,12.859597206115723,12.860833168029785,ok
LA_D_5966896,14.016707420349121,14.046721458435059,ok
LA_D_5967483,5.59129524230957,5.643685817718506,ok
LA_D_5968191,14.082780838012695,14.14184856414795,ok
LA_D_5970267,12.52107048034668,12.586338996887207,ok
LA_D_5972086,-5.755147933959961,-5.755879878997803,ok
LA_D_5972627,-14.471035957336426,-14.478772163391113,ok
LA_D_5972830,15.480891227722168,15.48408031463623,ok
LA_D_5973374,11.197044372558594,11.225486755371094,ok
LA_D_5974398,15.841357231140137,15.849547386169434,ok
LA_D_5974456,21.315664291381836,21.401948928833008,ok
LA_D_5974545,13.06167221069336,13.07254695892334,ok
LA_D_5975736,17.70823860168457,17.808748245239258,ok
LA_D_5975960,17.226882934570312,17.248411178588867,ok
LA_D_5977520,17.765396118164062,17.811769485473633,ok
LA_D_5981243,18.592758178710938,18.655479431152344,ok
LA_D_5981705,13.019261360168457,13.128767967224121,ok
LA_D_5982804,14.054159164428711,14.080798149108887,ok
LA_D_5985415,13.538650512695312,13.53740406036377,ok
LA_D_5985635,17.094738006591797,17.140871047973633,ok
LA_D_5986166,13.790425300598145,13.792468070983887,ok
LA_D_5986701,14.257978439331055,14.263598442077637,ok
LA_D_5989901,15.867693901062012,15.908745765686035,ok
LA_D_5991498,15.651811599731445,15.669995307922363,ok
LA_D_5991520,15.068036079406738,15.125800132751465,ok
LA_D_5991891,13.569819450378418,13.612513542175293,ok
LA_D_5992495,9.013675689697266,9.106101036071777,ok
LA_D_5996371,12.706929206848145,12.72373104095459,ok
LA_D_5997151,15.158559799194336,15.183298110961914,ok
LA_D_5998708,18.568883895874023,18.686796188354492,ok
LA_D_6000442,12.000398635864258,12.03542709350586,ok
LA_D_6000471,17.28003692626953,17.299814224243164,ok
LA_D_6001078,15.944664001464844,15.99642276763916,ok
LA_D_6001607,14.002832412719727,14.008885383605957,ok
LA_D_6001731,15.833571434020996,15.852537155151367,ok
LA_D_6002746,19.145116806030273,19.227216720581055,ok
LA_D_6003803,12.67373275756836,12.686235427856445,ok
LA_D_6004306,13.339642524719238,13.365939140319824,ok
LA_D_6004323,12.587300300598145,12.609716415405273,ok
LA_D_6004959,15.894569396972656,15.918601036071777,ok
LA_D_6005916,-14.145462989807129,-14.148283958435059,ok
LA_D_6008941,-11.118409156799316,-11.232792854309082,ok
LA_D_6009636,15.30377197265625,15.430032730102539,ok
LA_D_6011658,14.16284465789795,14.1669282913208,ok
LA_D_6013126,-11.661288261413574,-11.662423133850098,ok
LA_D_6013665,17.149654388427734,17.363176345825195,ok
LA_D_6013990,15.348661422729492,15.422711372375488,ok
LA_D_6015629,19.652099609375,19.690752029418945,ok
LA_D_6016215,-3.1503498554229736,-3.1659631729125977,ok
LA_D_6016576,22.07562255859375,22.177547454833984,ok
LA_D_6017131,17.335113525390625,17.454565048217773,ok
LA_D_6018250,10.242831230163574,10.349730491638184,ok
LA_D_6018972,12.176563262939453,12.180113792419434,ok
LA_D_6019558,14.334023475646973,14.450063705444336,ok
LA_D_6020080,16.908008575439453,16.940778732299805,ok
LA_D_6020277,8.03844165802002,8.057361602783203,ok
LA_D_6020756,8.13455867767334,8.135926246643066,ok
LA_D_6021297,14.95862102508545,15.01771068572998,ok
LA_D_6021341,11.13510799407959,11.142102241516113,ok
LA_D_6022629,-1.8828939199447632,-1.9439376592636108,ok
LA_D_6022964,13.6701021194458,13.688142776489258,ok
LA_D_6023359,15.957566261291504,16.246047973632812,ok
LA_D_6024993,11.376737594604492,11.383488655090332,ok
LA_D_6025730,10.363835334777832,10.370718955993652,ok
LA_D_6026070,15.978357315063477,16.00807762145996,ok
LA_D_6026073,16.8925724029541,17.109981536865234,ok
LA_D_6027499,14.215705871582031,14.31116771697998,ok
LA_D_6027798,-14.817879676818848,-14.892374992370605,ok
LA_D_6028528,14.086490631103516,14.213053703308105,ok
LA_D_6028756,11.849430084228516,11.850852012634277,ok
LA_D_6029420,15.404109001159668,15.452472686767578,ok
LA_D_6032630,-15.569446563720703,-15.617024421691895,ok
LA_D_6032690,17.67918586730957,17.7402286529541,ok
LA_D_6033416,14.446995735168457,14.45949649810791,ok
LA_D_6035078,6.493299961090088,6.501608371734619,ok
LA_D_6035108,14.077947616577148,14.278890609741211,ok
LA_D_6036733,14.090332984924316,14.148207664489746,ok
LA_D_6037279,15.0939302444458,15.100595474243164,ok
LA_D_6038131,16.260055541992188,16.321142196655273,ok
LA_D_6038912,13.990157127380371,13.996163368225098,ok
LA_D_6039051,13.056471824645996,13.057449340820312,ok
LA_D_6040176,7.338095188140869,7.419169902801514,ok
LA_D_6043277,-6.819996356964111,-6.825594425201416,ok
LA_D_6043519,-14.822773933410645,-14.836596488952637,ok
LA_D_6045245,18.162460327148438,18.19808578491211,ok
LA_D_6046406,-16.032846450805664,-16.036733627319336,ok
LA_D_6046443,11.840420722961426,11.833168983459473,ok
LA_D_6047115,10.967251777648926,10.970866203308105,ok
LA_D_6048851,11.756709098815918,11.76069164276123,ok
LA_D_6049791,14.05743408203125,14.075911521911621,ok
LA_D_6051475,14.385462760925293,14.425068855285645,ok
LA_D_6052126,14.203112602233887,14.278996467590332,ok
LA_D_6052360,14.552671432495117,14.729860305786133,ok
LA_D_6052530,20.152523040771484,20.3461971282959,ok
LA_D_6053770,15.142678260803223,15.25987434387207,ok
LA_D_6054337,12.370874404907227,12.374539375305176,ok
LA_D_6055459,9.124109268188477,9.160405158996582,ok
LA_D_6056258,10.425300598144531,10.457266807556152,ok
LA_D_6059094,18.68971824645996,18.732633590698242,ok
LA_D_6060308,4.959456920623779,4.959670543670654,ok
LA_D_6060748,13.9210786819458,13.932488441467285,ok
LA_D_6060780,15.139494895935059,15.161595344543457,ok
LA_D_6062114,18.43700408935547,18.58464241027832,ok
LA_D_6062316,9.051156997680664,9.051581382751465,ok
LA_D_6063219,13.759647369384766,13.866134643554688,ok
LA_D_6064218,-14.549860954284668,-14.604859352111816,ok
LA_D_6064341,8.56237506866455,8.583456993103027,ok
LA_D_6065429,8.464111328125,8.465680122375488,ok
LA_D_6068075,-13.556951522827148,-13.577165603637695,ok
LA_D_6070172,13.744427680969238,13.770792961120605,ok
LA_D_6071593,14.673234939575195,14.678349494934082,ok
LA_D_6073207,17.119245529174805,17.16196632385254,ok
LA_D_6073354,-15.918187141418457,-15.931445121765137,ok
LA_D_6073856,19.328893661499023,19.34861183166504,ok
LA_D_6078000,10.008708953857422,10.048829078674316,ok
LA_D_6078362,14.370031356811523,14.40792179107666,ok
LA_D_6078371,13.904637336730957,13.962702751159668,ok
LA_D_6079595,14.747758865356445,14.769804000854492,ok
LA_D_6079609,11.38565444946289,11.410311698913574,ok
LA_D_6080461,18.988161087036133,19.02606201171875,ok
LA_D_6081377,16.008769989013672,16.01054573059082,ok
LA_D_6081678,-4.930556297302246,-4.933460712432861,ok
LA_D_6083224,12.988905906677246,12.989059448242188,ok
LA_D_6084356,15.218398094177246,15.239768028259277,ok
LA_D_6084402,10.849406242370605,10.860570907592773,ok
LA_D_6084753,13.191500663757324,13.216161727905273,ok
LA_D_6085002,-7.150575160980225,-7.151925086975098,ok
LA_D_6085681,9.715822219848633,9.737133979797363,ok
LA_D_6086453,14.708672523498535,14.732314109802246,ok
LA_D_6087767,14.257940292358398,14.291213035583496,ok
LA_D_6087781,12.647668838500977,12.70468521118164,ok
LA_D_6088761,15.661168098449707,15.659417152404785,ok
LA_D_6090760,16.298418045043945,16.406938552856445,ok
LA_D_6091182,9.790335655212402,9.791285514831543,ok
LA_D_6092752,-12.314766883850098,-12.31726360321045,ok
LA_D_6093121,11.248849868774414,11.423952102661133,ok
LA_D_6093454,15.804526329040527,15.829297065734863,ok
LA_D_6093649,15.213821411132812,15.215500831604004,ok
LA_D_6095686,15.979071617126465,16.06913185119629,ok
LA_D_6096386,16.093259811401367,16.113588333129883,ok
LA_D_6096734,17.52760124206543,17.53752326965332,ok
LA_D_6097312,15.500846862792969,15.534095764160156,ok
LA_D_6097465,16.601144790649414,16.626068115234375,ok
LA_D_6097564,16.873689651489258,16.879396438598633,ok
LA_D_6098242,11.729462623596191,11.736603736877441,ok
LA_D_6099244,18.005788803100586,18.020795822143555,ok
LA_D_6100016,7.917855739593506,7.919121742248535,ok
LA_D_6103118,14.810558319091797,14.964163780212402,ok
LA_D_6103320,17.81142234802246,17.811582565307617,ok
LA_D_6105321,11.59563159942627,11.599732398986816,ok
LA_D_6105514,11.623181343078613,11.633481979370117,ok
LA_D_6105901,13.139777183532715,13.142241477966309,ok
LA_D_6107290,13.305390357971191,13.310738563537598,ok
LA_D_6108925,16.631290435791016,16.784120559692383,ok
LA_D_6111501,13.020402908325195,13.054570198059082,ok
LA_D_6112086,10.175881385803223,10.177205085754395,ok
LA_D_6112353,12.986617088317871,12.989083290100098,ok
LA_D_6113422,17.158227920532227,17.190052032470703,ok
LA_D_6113648,17.245790481567383,17.390148162841797,ok
LA_D_6113830,8.543113708496094,8.716297149658203,ok
LA_D_6113951,16.479623794555664,16.55925941467285,ok
LA_D_6114748,15.930459022521973,15.953126907348633,ok
LA_D_6115335,13.500251770019531,13.55642032623291,ok
LA_D_6115657,14.424796104431152,14.431707382202148,ok
LA_D_6115922,14.942770957946777,14.972176551818848,ok
LA_D_6116293,9.510111808776855,9.551800727844238,ok
LA_D_6116905,11.347304344177246,11.357953071594238,ok
LA_D_6117748,-14.303110122680664,-14.367103576660156,ok
LA_D_6120066,16.71422576904297,16.77761459350586,ok
LA_D_6120152,-14.105545997619629,-14.106823921203613,ok
LA_D_6121156,13.645651817321777,13.679171562194824,ok
LA_D_6123683,13.255013465881348,13.263919830322266,ok
LA_D_6124016,17.23811912536621,17.313953399658203,ok
LA_D_6124472,15.337414741516113,15.360686302185059,ok
LA_D_6124905,-14.226781845092773,-14.349764823913574,ok
LA_D_6125461,18.51974105834961,18.525888442993164,ok
LA_D_6126827,8.68239688873291,8.68294620513916,ok
LA_D_6127252,13.056732177734375,13.060752868652344,ok
LA_D_6127270,14.516857147216797,14.593352317810059,ok
LA_D_6127324,10.73289966583252,10.728997230529785,ok
LA_D_6127867,12.097749710083008,12.099196434020996,ok
LA_D_6128648,8.367947578430176,8.37072467803955,ok
LA_D_6129031,14.417831420898438,14.425056457519531,ok
LA_D_6129214,11.861802101135254,11.899090766906738,ok
LA_D_6131631,14.6329984664917,14.632097244262695,ok
LA_D_6131696,10.872598648071289,10.878703117370605,ok
LA_D_6132532,17.81302261352539,17.82472801208496,ok
LA_D_6135335,10.183759689331055,10.2023344039917,ok
LA_D_6135553,18.027862548828125,18.178442001342773,ok
LA_D_6136274,12.229382514953613,12.247119903564453,ok
LA_D_6137322,14.890104293823242,14.959612846374512,ok
LA_D_6138007,17.382144927978516,17.384708404541016,ok
LA_D_6138839,-12.53781509399414,-12.58891773223877,ok
LA_D_6141449,17.711864471435547,17.713972091674805,ok
LA_D_6143159,14.042896270751953,14.065048217773438,ok
LA_D_6143239,13.529196739196777,13.549628257751465,ok
LA_D_6143596,15.239581108093262,15.270779609680176,ok
LA_D_6145108,20.904808044433594,20.919458389282227,ok
LA_D_6145523,9.729291915893555,9.731489181518555,ok
LA_D_6146856,14.004788398742676,14.079218864440918,ok
LA_D_6147694,15.784605026245117,15.818260192871094,ok
LA_D_6151616,15.00157642364502,15.040264129638672,ok
LA_D_6153129,13.501091957092285,13.5045804977417,ok
LA_D_6153465,16.553730010986328,16.594995498657227,ok
LA_D_6153562,12.566004753112793,12.578807830810547,ok
LA_D_6153919,12.112641334533691,12.123604774475098,ok
LA_D_6153942,-6.921844959259033,-6.921948432922363,ok
LA_D_6154657,19.145523071289062,19.267534255981445,ok
LA_D_6154971,12.857303619384766,12.904022216796875,ok
LA_D_6155558,3.723623275756836,3.7253804206848145,ok
LA_D_6156090,-7.770133018493652,-7.770391941070557,ok
LA_D_6157715,11.86348819732666,11.95573902130127,ok
LA_D_6159317,11.9125337600708,11.906096458435059,ok
LA_D_6160000,-2.031033754348755,-2.0313515663146973,ok
LA_D_6160245,15.810919761657715,15.841534614562988,ok
LA_D_6161090,17.804399490356445,17.91766929626465,ok
LA_D_6161483,15.592852592468262,15.69540786743164,ok
LA_D_6162323,14.72486400604248,14.809709548950195,ok
LA_D_6162330,13.66220474243164,13.662056922912598,ok
LA_D_6164377,11.292620658874512,11.309903144836426,ok
LA_D_6164680,8.71776294708252,8.747052192687988,ok
LA_D_6165178,13.169596672058105,13.178021430969238,ok
LA_D_6165551,16.475231170654297,16.518924713134766,ok
LA_D_6165815,11.967244148254395,11.969564437866211,ok
LA_D_6165860,7.806865215301514,7.809387683868408,ok
LA_D_6166462,11.123730659484863,11.148405075073242,ok
LA_D_6166673,14.5250244140625,14.538872718811035,ok
LA_D_6167979,13.746180534362793,13.758360862731934,ok
LA_D_6168336,14.5062255859375,14.51828384399414,ok
LA_D_6168688,12.808839797973633,12.808573722839355,ok
LA_D_6168902,9.10936450958252,9.109359741210938,ok
LA_D_6171374,13.000067710876465,13.07227611541748,ok
LA_D_6171581,14.682282447814941,14.769233703613281,ok
LA_D_6172873,21.420270919799805,21.765968322753906,ok
LA_D_6174114,11.124698638916016,11.175406455993652,ok
LA_D_6174345,15.628822326660156,15.639296531677246,ok
LA_D_6175023,8.404278755187988,8.432364463806152,ok
LA_D_6176750,13.496953010559082,13.539186477661133,ok
LA_D_6177242,12.930513381958008,12.97878360748291,ok
LA_D_6177458,15.094118118286133,15.14534854888916,ok
LA_D_6178175,17.232606887817383,17.308317184448242,ok
LA_D_6178691,5.994393825531006,6.035836696624756,ok
LA_D_6178956,-13.826556205749512,-13.834053993225098,ok
LA_D_6179226,17.451465606689453,17.566598892211914,ok
LA_D_6179252,13.371586799621582,13.392882347106934,ok
LA_D_6180201,12.622660636901855,12.655003547668457,ok
LA_D_6181747,14.031991004943848,14.044018745422363,ok
LA_D_6181877,17.39038848876953,17.43414878845215,ok
LA_D_6183125,14.956658363342285,14.977667808532715,ok
LA_D_6183356,-16.118980407714844,-16.18885612487793,ok
LA_D_6184039,3.0685081481933594,3.0824050903320312,ok
LA_D_6184612,17.235464096069336,17.240381240844727,ok
LA_D_6185674,15.175832748413086,15.214802742004395,ok
LA_D_6185691,11.764168739318848,11.764870643615723,ok
LA_D_6186728,16.50389862060547,16.518980026245117,ok
LA_D_6187174,17.236833572387695,17.23661231994629,ok
LA_D_6187512,15.361949920654297,15.448749542236328,ok
LA_D_6188881,14.27075481414795,14.268322944641113,ok
LA_D_6188980,14.716835975646973,14.795364379882812,ok
LA_D_6190533,13.439977645874023,13.442206382751465,ok
LA_D_6192145,20.59345245361328,20.7804012298584,ok
LA_D_6192792,15.340794563293457,15.344505310058594,ok
LA_D_6193524,15.531380653381348,15.533405303955078,ok
LA_D_6194235,15.51934814453125,15.527389526367188,ok
LA_D_6194442,20.1171932220459,20.24197769165039,ok
LA_D_6196078,13.911860466003418,13.918684959411621,ok
LA_D_6197060,16.461780548095703,16.503084182739258,ok
LA_D_6197341,14.720242500305176,14.736002922058105,ok
LA_D_6197535,16.576763153076172,16.60065269470215,ok
LA_D_6197862,11.461969375610352,11.463591575622559,ok
LA_D_6197886,12.901619911193848,12.901768684387207,ok
LA_D_6198361,14.669270515441895,14.674373626708984,ok
LA_D_6198746,-17.325815200805664,-17.330768585205078,ok
LA_D_6201103,11.535810470581055,11.552431106567383,ok
LA_D_6201251,16.954370498657227,16.97798728942871,ok
LA_D_6201607,13.934256553649902,13.944119453430176,ok
LA_D_6202447,16.74136734008789,16.770124435424805,ok
LA_D_6203299,15.085041046142578,15.28100872039795,ok
LA_D_6203431,13.41260051727295,13.49158000946045,ok
LA_D_6203837,17.2030029296875,17.227294921875,ok
LA_D_6206158,12.608206748962402,12.613943099975586,ok
LA_D_6207345,-14.4107666015625,-14.50125789642334,ok
LA_D_6208335,12.399901390075684,12.400097846984863,ok
LA_D_6208485,13.6361665725708,13.7556734085083,ok
LA_D_6208799,12.096169471740723,12.127982139587402,ok
LA_D_6209989,17.46823501586914,17.506059646606445,ok
LA_D_6209992,8.677471160888672,8.678252220153809,ok
LA_D_6210440,14.892888069152832,14.912711143493652,ok
LA_D_6210490,15.616703033447266,15.719523429870605,ok
LA_D_6211090,16.16506004333496,16.19849967956543,ok
LA_D_6211330,-12.033766746520996,-12.049895286560059,ok
LA_D_6211901,20.8410701751709,20.8420467376709,ok
LA_D_6211991,9.751444816589355,9.753825187683105,ok
LA_D_6212648,14.645636558532715,14.679466247558594,ok
LA_D_6212794,15.194029808044434,15.23834228515625,ok
LA_D_6214703,14.342480659484863,14.502039909362793,ok
LA_D_6214749,7.843132495880127,7.843883991241455,ok
LA_D_6215452,14.517918586730957,14.621566772460938,ok
LA_D_6216331,8.147704124450684,8.168905258178711,ok
LA_D_6218509,12.576294898986816,12.56957721710205,ok
LA_D_6218929,11.006258010864258,11.090568542480469,ok
LA_D_6220807,15.868247032165527,15.919054985046387,ok
LA_D_6222247,17.63811683654785,17.7464542388916,ok
LA_D_6222475,12.419912338256836,12.517269134521484,ok
LA_D_6223286,-12.822722434997559,-12.831330299377441,ok
LA_D_6223774,18.020341873168945,18.05725860595703,ok
LA_D_6224605,14.352508544921875,14.352824211120605,ok
LA_D_6226652,21.792892456054688,21.917020797729492,ok
LA_D_6226707,18.910341262817383,18.946250915527344,ok
LA_D_6227080,17.595958709716797,17.6113224029541,ok
LA_D_6228522,13.649320602416992,13.649279594421387,ok
LA_D_6230272,10.876565933227539,10.880143165588379,ok
LA_D_6230736,9.968095779418945,9.977931022644043,ok
LA_D_6231603,12.887760162353516,12.885491371154785,ok
LA_D_6231724,14.867161750793457,14.903107643127441,ok
LA_D_6233911,9.847930908203125,9.884427070617676,ok
LA_D_6234671,9.194253921508789,9.225654602050781,ok
LA_D_6235468,14.183974266052246,14.227402687072754,ok
LA_D_6236753,-10.467954635620117,-10.47810173034668,ok
LA_D_6237040,14.070499420166016,14.106917381286621,ok
LA_D_6238446,16.533784866333008,16.53738784790039,ok
LA_D_6239873,16.13930320739746,16.159696578979492,ok
LA_D_6241133,10.47886848449707,10.49703311920166,ok
LA_D_6241209,16.434736251831055,16.486326217651367,ok
LA_D_6241521,16.33292579650879,16.34560203552246,ok
LA_D_6241916,14.293989181518555,14.30358600616455,ok
LA_D_6242242,10.729372024536133,10.7374906539917,ok
LA_D_6243690,14.319696426391602,14.31484603881836,ok
LA_D_6244463,12.744012832641602,12.745140075683594,ok
LA_D_6244693,14.52723217010498,14.595475196838379,ok
LA_D_6245298,13.696847915649414,13.70555591583252,ok
LA_D_6246305,11.518597602844238,11.549090385437012,ok
LA_D_6246382,19.411569595336914,19.67579460144043,ok
LA_D_6247219,7.5825653076171875,7.6250128746032715,ok
LA_D_6250024,12.028311729431152,12.086897850036621,ok
LA_D_6251984,12.588852882385254,12.604607582092285,ok
LA_D_6252124,-8.347332954406738,-8.348864555358887,ok
LA_D_6252209,15.497014045715332,15.5107421875,ok
LA_D_6252325,8.560266494750977,8.565779685974121,ok
LA_D_6252373,20.16835594177246,20.461368560791016,ok
LA_D_6253995,13.056140899658203,13.13265323638916,ok
LA_D_6254318,-14.992422103881836,-15.019196510314941,ok
LA_D_6255539,15.838459014892578,15.880784034729004,ok
LA_D_6256464,10.970443725585938,11.01060962677002,ok
LA_D_6256706,12.29514217376709,12.337895393371582,ok
LA_D_6256750,11.705301284790039,11.7197265625,ok
LA_D_6259884,16.4002685546875,16.43406867980957,ok
LA_D_6262512,2.964448928833008,2.950110673904419,ok
LA_D_6262648,10.939032554626465,10.93977165222168,ok
LA_D_6263129,-13.67302131652832,-13.714900016784668,ok
LA_D_6264639,16.31629180908203,16.33521270751953,ok
LA_D_6264742,15.434502601623535,15.435694694519043,ok
LA_D_6264799,15.649125099182129,15.662943840026855,ok
LA_D_6264877,14.660510063171387,14.809334754943848,ok
LA_D_6264911,16.57889175415039,16.689451217651367,ok
LA_D_6265877,14.856553077697754,14.866997718811035,ok
LA_D_6266806,-10.628497123718262,-10.63498592376709,ok
LA_D_6267621,13.348593711853027,13.365755081176758,ok
LA_D_6268154,13.534314155578613,13.542309761047363,ok
LA_D_6268296,14.961377143859863,14.978639602661133,ok
LA_D_6270673,7.015124320983887,7.0369343757629395,ok
LA_D_6270876,10.608904838562012,10.603850364685059,ok
LA_D_6270919,14.982380867004395,14.99339485168457,ok
LA_D_6271904,16.628997802734375,16.743696212768555,ok
LA_D_6271997,16.506610870361328,16.53614616394043,ok
LA_D_6272018,10.731101036071777,10.741374015808105,ok
LA_D_6273410,8.80792236328125,8.947272300720215,ok
LA_D_6273504,13.658008575439453,13.7091703414917,ok
LA_D_6275031,18.47904396057129,18.532594680786133,ok
LA_D_6276774,12.500225067138672,12.512124061584473,ok
LA_D_6276971,15.220688819885254,15.247973442077637,ok
LA_D_6278890,18.4368953704834,18.44487953186035,ok
LA_D_6279022,18.840665817260742,18.947025299072266,ok
LA_D_6280073,11.287912368774414,11.323619842529297,ok
LA_D_6280436,12.529963493347168,12.558016777038574,ok
LA_D_6280709,-12.946812629699707,-13.027602195739746,ok
LA_D_6280736,19.062397003173828,19.077604293823242,ok
LA_D_6281576,16.039955139160156,16.061552047729492,ok
LA_D_6282556,13.584821701049805,13.606193542480469,ok
LA_D_6283174,12.56430721282959,12.587078094482422,ok
LA_D_6284910,12.786506652832031,12.820381164550781,ok
LA_D_6285068,9.361412048339844,9.36593246459961,ok
LA_D_6287077,14.851702690124512,14.9278564453125,ok
LA_D_6287239,-9.601009368896484,-9.607215881347656,ok
LA_D_6288186,20.00678062438965,20.045358657836914,ok
LA_D_6288557,-15.87610912322998,-15.952754974365234,ok
LA_D_6288787,-14.736891746520996,-14.780610084533691,ok
LA_D_6289317,-14.884878158569336,-14.941224098205566,ok
LA_D_6289788,-14.327485084533691,-14.44591999053955,ok
LA_D_6290153,12.62265682220459,12.661578178405762,ok
LA_D_6290294,11.803136825561523,11.86652660369873,ok
LA_D_6290952,14.156522750854492,14.17337417602539,ok
LA_D_6291610,11.786880493164062,11.78805160522461,ok
LA_D_6291738,-14.055462837219238,-14.058320045471191,ok
LA_D_6292198,-12.345707893371582,-12.38912296295166,ok
LA_D_6292340,14.464702606201172,14.479409217834473,ok
LA_D_6292396,13.064143180847168,13.091578483581543,ok
LA_D_6293152,9.522772789001465,9.525174140930176,ok
LA_D_6293245,13.001958847045898,13.00730037689209,ok
LA_D_6293545,16.04910659790039,16.104450225830078,ok
LA_D_6293563,11.544554710388184,11.59723949432373,ok
LA_D_6295513,11.896560668945312,11.956432342529297,ok
LA_D_6295904,13.303801536560059,13.307497024536133,ok
LA_D_6298403,12.923112869262695,12.983939170837402,ok
LA_D_6298541,16.11248779296875,16.116304397583008,ok
LA_D_6300071,11.965960502624512,11.971549034118652,ok
LA_D_6301347,3.8035106658935547,3.8180904388427734,ok
LA_D_6301940,13.121687889099121,13.123858451843262,ok
LA_D_6302480,-14.227334976196289,-14.23963451385498,ok
LA_D_6302669,13.226561546325684,13.291668891906738,ok
LA_D_6303671,11.270573616027832,11.280047416687012,ok
LA_D_6304222,-13.002968788146973,-13.152815818786621,ok
LA_D_6304781,11.224539756774902,11.244685173034668,ok
LA_D_6305298,14.983099937438965,14.99366569519043,ok
LA_D_6305743,12.232192993164062,12.233485221862793,ok
LA_D_6306641,10.187233924865723,10.198089599609375,ok
LA_D_6307445,14.002387046813965,14.010157585144043,ok
LA_D_6308295,-13.005624771118164,-13.072953224182129,ok
LA_D_6308947,13.501864433288574,13.514815330505371,ok
LA_D_6309997,9.106276512145996,9.11541748046875,ok
LA_D_6310267,-13.375683784484863,-13.408915519714355,ok
LA_D_6310412,9.318644523620605,9.319270133972168,ok
LA_D_6311046,-14.603622436523438,-14.631749153137207,ok
LA_D_6314728,12.922012329101562,12.924927711486816,ok
LA_D_6315394,12.496526718139648,12.496140480041504,ok
LA_D_6315906,13.827737808227539,13.85607624053955,ok
LA_D_6316102,14.873330116271973,14.895112037658691,ok
LA_D_6316118,12.650374412536621,12.657586097717285,ok
LA_D_6316498,24.407678604125977,24.46387481689453,ok
LA_D_6316737,12.774456024169922,12.810263633728027,ok
LA_D_6317931,17.349702835083008,17.430959701538086,ok
LA_D_6319262,16.830350875854492,16.833646774291992,ok
LA_D_6320458,5.925063133239746,5.9182257652282715,ok
LA_D_6320996,13.506437301635742,13.562870979309082,ok
LA_D_6321029,14.6693115234375,14.6957368850708,ok
LA_D_6321182,13.759085655212402,13.766572952270508,ok
LA_D_6321273,14.845690727233887,14.9346923828125,ok
LA_D_6322158,13.983976364135742,13.986405372619629,ok
LA_D_6322470,17.833627700805664,17.88849449157715,ok
LA_D_6323705,8.54841136932373,8.549727439880371,ok
LA_D_6324927,-15.143085479736328,-15.150134086608887,ok
LA_D_6325680,-13.208019256591797,-13.352639198303223,ok
LA_D_6325916,12.639636039733887,12.649415969848633,ok
LA_D_6326082,7.796901702880859,7.8098554611206055,ok
LA_D_6327399,18.66518783569336,18.665788650512695,ok
LA_D_6328554,9.42137336730957,9.455138206481934,ok
LA_D_6331537,11.451778411865234,11.460064888000488,ok
LA_D_6332738,17.177064895629883,17.28372573852539,ok
LA_D_6333127,19.36591148376465,19.46495246887207,ok
LA_D_6333663,10.18335247039795,10.187833786010742,ok
LA_D_6335322,13.84774112701416,13.881619453430176,ok
LA_D_6335987,14.60615348815918,14.668992042541504,ok
LA_D_6337308,13.155777931213379,13.17590045928955,ok
LA_D_6338190,10.61780071258545,10.617901802062988,ok
LA_D_6338424,10.892420768737793,10.898691177368164,ok
LA_D_6338534,15.088884353637695,15.119348526000977,ok
LA_D_6338898,-12.91659927368164,-12.960171699523926,ok
LA_D_6339525,8.605334281921387,8.659879684448242,ok
LA_D_6341314,11.164741516113281,11.207880973815918,ok
LA_D_6341396,17.686302185058594,17.739545822143555,ok
LA_D_6343112,16.071407318115234,16.08271598815918,ok
LA_D_6343657,7.125763893127441,7.172810077667236,ok
LA_D_6343761,-3.9080233573913574,-3.90718412399292,ok
LA_D_6344509,14.236120223999023,14.282123565673828,ok
LA_D_6345029,13.204913139343262,13.215943336486816,ok
LA_D_6345131,20.813512802124023,21.028684616088867,ok
LA_D_6345168,15.13412857055664,15.181073188781738,ok
LA_D_6345960,17.029499053955078,17.042415618896484,ok
LA_D_6346160,10.769997596740723,10.798173904418945,ok
LA_D_6346227,11.532193183898926,11.534897804260254,ok
LA_D_6346837,12.863271713256836,12.924363136291504,ok
LA_D_6347250,16.617328643798828,16.61761474609375,ok
LA_D_6349894,13.844108581542969,13.850415229797363,ok
LA_D_6350034,16.183860778808594,16.1690731048584,ok
LA_D_6350241,16.512710571289062,16.59657859802246,ok
LA_D_6351813,14.860370635986328,14.86740493774414,ok
LA_D_6351880,12.054737091064453,12.06801700592041,ok
LA_D_6352712,16.219589233398438,16.294981002807617,ok
LA_D_6353064,10.225906372070312,10.23588752746582,ok
LA_D_6353632,13.65487289428711,13.719122886657715,ok
LA_D_6353813,14.287357330322266,14.334935188293457,ok
LA_D_6354373,10.608986854553223,10.631205558776855,ok
LA_D_6355954,11.862406730651855,11.877507209777832,ok
LA_D_6356896,12.184845924377441,12.229134559631348,ok
LA_D_6359460,11.62952709197998,11.74465274810791,ok
LA_D_6359496,14.079351425170898,14.10018253326416,ok
LA_D_6361022,18.877981185913086,18.900094985961914,ok
LA_D_6361258,12.161248207092285,12.216009140014648,ok
LA_D_6362359,16.93401527404785,16.935697555541992,ok
LA_D_6363189,12.823698043823242,12.860692977905273,ok
LA_D_6363274,8.883684158325195,8.914237022399902,ok
LA_D_6364752,10.944183349609375,10.951659202575684,ok
LA_D_6365603,12.925042152404785,12.972919464111328,ok
LA_D_6366232,13.106688499450684,13.116920471191406,ok
LA_D_6366738,10.636305809020996,10.657898902893066,ok
LA_D_6367142,15.268192291259766,15.343063354492188,ok
LA_D_6367157,-12.821392059326172,-13.065217018127441,ok
LA_D_6367384,15.073796272277832,15.077563285827637,ok
LA_D_6367650,14.563706398010254,14.643224716186523,ok
LA_D_6368049,-4.325433254241943,-4.379786014556885,ok
LA_D_6368816,14.091876029968262,14.193744659423828,ok
LA_D_6368871,14.877127647399902,14.897449493408203,ok
LA_D_6368988,12.74358081817627,12.747374534606934,ok
LA_D_6369142,14.401815414428711,14.483059883117676,ok
LA_D_6369227,13.561514854431152,13.585219383239746,ok
LA_D_6369583,-15.734278678894043,-15.774199485778809,ok
LA_D_6371255,16.454425811767578,16.539453506469727,ok
LA_D_6371287,15.074766159057617,15.117027282714844,ok
LA_D_6371872,12.305559158325195,12.313801765441895,ok
LA_D_6372376,10.952555656433105,10.953315734863281,ok
LA_D_6373060,5.225512504577637,5.219235420227051,ok
LA_D_6373288,8.39636516571045,8.395598411560059,ok
LA_D_6374273,13.913931846618652,13.919283866882324,ok
LA_D_6374661,16.893970489501953,17.033105850219727,ok
LA_D_6375943,12.008354187011719,12.02377986907959,ok
LA_D_6376974,11.861638069152832,11.88166332244873,ok
LA_D_6378566,14.005451202392578,14.153660774230957,ok
LA_D_6378781,10.815853118896484,10.812560081481934,ok
LA_D_6379069,17.018627166748047,17.117595672607422,ok
LA_D_6379116,14.50147819519043,14.505284309387207,ok
LA_D_6379274,10.963065147399902,10.976483345031738,ok
LA_D_6379749,11.714111328125,11.779068946838379,ok
LA_D_6380070,14.63070011138916,14.66183090209961,ok
LA_D_6380295,-11.459911346435547,-11.46484375,ok
LA_D_6382055,-6.494207382202148,-6.513699054718018,ok
LA_D_6383543,9.862592697143555,9.850194931030273,ok
LA_D_6383686,18.114154815673828,18.113788604736328,ok
LA_D_6383761,15.057990074157715,15.07077407836914,ok
LA_D_6387199,12.203455924987793,12.225666999816895,ok
LA_D_6388120,17.772035598754883,17.79523277282715,ok
LA_D_6388231,12.306363105773926,12.307286262512207,ok
LA_D_6390103,12.07666015625,12.077486991882324,ok
LA_D_6390760,10.64108657836914,10.641247749328613,ok
LA_D_6391228,15.301648139953613,15.325663566589355,ok
LA_D_6391278,13.103941917419434,13.12304401397705,ok
LA_D_6392613,14.641305923461914,14.649611473083496,ok
LA_D_6393543,15.423311233520508,15.451111793518066,ok
LA_D_6396489,18.69231605529785,18.905900955200195,ok
LA_D_6397450,16.539159774780273,16.577234268188477,ok
LA_D_6400478,14.651066780090332,14.675660133361816,ok
LA_D_6401176,19.032676696777344,19.04630470275879,ok
LA_D_6401440,10.218133926391602,10.24498462677002,ok
LA_D_6401566,19.04388999938965,19.09185218811035,ok
LA_D_6401633,12.801549911499023,12.820540428161621,ok
LA_D_6404209,15.467523574829102,15.55115032196045,ok
LA_D_6404620,12.762572288513184,12.832842826843262,ok
LA_D_6405087,10.78553295135498,10.860209465026855,ok
LA_D_6405665,7.588447570800781,7.599625110626221,ok
LA_D_6407177,16.52403450012207,16.749038696289062,ok
LA_D_6407830,18.39223861694336,18.404159545898438,ok
LA_D_6408762,17.445993423461914,17.500043869018555,ok
LA_D_6409431,13.019271850585938,13.05960750579834,ok
LA_D_6409786,4.708782196044922,4.709875583648682,ok
LA_D_6409900,21.238317489624023,21.271013259887695,ok
LA_D_6410108,13.270196914672852,13.270783424377441,ok
LA_D_6411224,12.0733003616333,12.087546348571777,ok
LA_D_6411228,13.374675750732422,13.431963920593262,ok
LA_D_6413013,16.92152976989746,16.97104835510254,ok
LA_D_6413397,6.675812721252441,6.689057350158691,ok
LA_D_6413462,14.573465347290039,14.581400871276855,ok
LA_D_6414092,14.33066177368164,14.377131462097168,ok
LA_D_6415614,18.34566307067871,18.379276275634766,ok
LA_D_6415971,9.668107986450195,9.669596672058105,ok
LA_D_6417597,13.456501007080078,13.462528228759766,ok
LA_D_6418577,-11.3345365524292,-11.393315315246582,ok
LA_D_6419157,5.76295804977417,5.7601518630981445,ok
LA_D_6419449,20.8671875,20.86966896057129,ok
LA_D_6421601,8.949478149414062,8.95069408416748,ok
LA_D_6422582,16.02151870727539,16.071775436401367,ok
LA_D_6423308,13.964298248291016,13.974812507629395,ok
LA_D_6423611,12.917402267456055,12.970202445983887,ok
LA_D_6424034,16.902250289916992,17.12544059753418,ok
LA_D_6424276,14.475505828857422,14.552291870117188,ok
LA_D_6424715,17.757057189941406,17.76896095275879,ok
LA_D_6425717,20.422935485839844,20.519784927368164,ok
LA_D_6425908,13.121685028076172,13.214472770690918,ok
LA_D_6426866,15.241687774658203,15.292376518249512,ok
LA_D_6427369,7.494081497192383,7.500723361968994,ok
LA_D_6428297,14.57033634185791,14.609349250793457,ok
LA_D_6428957,16.94863510131836,17.030349731445312,ok
LA_D_6430063,19.829547882080078,19.972475051879883,ok
LA_D_6431120,13.004453659057617,13.132637977600098,ok
LA_D_6431288,14.403390884399414,14.440812110900879,ok
LA_D_6431658,15.405882835388184,15.464446067810059,ok
LA_D_6431886,11.57819938659668,11.579737663269043,ok
LA_D_6432124,14.48088550567627,14.574175834655762,ok
LA_D_6434161,14.360173225402832,14.364699363708496,ok
LA_D_6434711,15.876263618469238,15.911230087280273,ok
LA_D_6434721,13.621397972106934,13.635170936584473,ok
LA_D_6435266,14.193359375,14.330449104309082,ok
LA_D_6435582,-13.847750663757324,-13.886383056640625,ok
LA_D_6439502,15.138989448547363,15.184440612792969,ok
LA_D_6439730,-2.7239906787872314,-2.7286651134490967,ok
LA_D_6440445,16.80836296081543,16.821462631225586,ok
LA_D_6440826,10.212895393371582,10.215347290039062,ok
LA_D_6441885,8.203126907348633,8.268447875976562,ok
LA_D_6442014,-6.583608627319336,-6.584897518157959,ok
LA_D_6442890,13.214345932006836,13.236769676208496,ok
LA_D_6443383,11.517903327941895,11.525744438171387,ok
LA_D_6443649,-11.785604476928711,-11.808782577514648,ok
LA_D_6444033,14.577482223510742,14.728083610534668,ok
LA_D_6444125,12.062396049499512,12.072676658630371,ok
LA_D_6445561,10.581253051757812,10.616013526916504,ok
LA_D_6445749,14.575005531311035,14.594863891601562,ok
LA_D_6445884,15.58695125579834,15.613738059997559,ok
LA_D_6446002,14.305789947509766,14.491080284118652,ok
LA_D_6446521,7.414209365844727,7.4297003746032715,ok
LA_D_6446759,-1.0781657695770264,-1.0927399396896362,ok
LA_D_6447251,9.160745620727539,9.196812629699707,ok
LA_D_6449816,14.09217643737793,14.194558143615723,ok
LA_D_6450264,10.57774829864502,10.624438285827637,ok
LA_D_6450379,14.638145446777344,14.643101692199707,ok
LA_D_6451106,9.08434772491455,9.081502914428711,ok
LA_D_6452637,13.536585807800293,13.55964183807373,ok
LA_D_6454321,15.508081436157227,15.566489219665527,ok
LA_D_6454374,9.138749122619629,9.141879081726074,ok
LA_D_6455155,19.773059844970703,19.78785514831543,ok
LA_D_6457597,15.913717269897461,15.945630073547363,ok
LA_D_6458120,21.82427978515625,21.826345443725586,ok
LA_D_6458272,-11.937134742736816,-12.022228240966797,ok
LA_D_6458836,9.908004760742188,9.92062759399414,ok
LA_D_6460049,-13.155694961547852,-13.208273887634277,ok
LA_D_6461042,17.574277877807617,17.8007869720459,ok
LA_D_6462722,15.891853332519531,15.936854362487793,ok
LA_D_6462902,16.410419464111328,16.41623878479004,ok
LA_D_6462905,16.0836124420166,16.13509750366211,ok
LA_D_6462998,9.683311462402344,9.683304786682129,ok
LA_D_6463589,14.392060279846191,14.397039413452148,ok
LA_D_6464994,16.401405334472656,16.498125076293945,ok
LA_D_6465758,11.764582633972168,11.768083572387695,ok
LA_D_6468405,18.051469802856445,18.15488624572754,ok
LA_D_6468412,14.459970474243164,14.616186141967773,ok
LA_D_6468524,14.008625030517578,14.326390266418457,ok
LA_D_6469029,14.870549201965332,14.905289649963379,ok
LA_D_6469406,12.598588943481445,12.671183586120605,ok
LA_D_6469647,14.81257438659668,14.925089836120605,ok
LA_D_6470899,15.567628860473633,15.643742561340332,ok
LA_D_6471870,-0.7194663882255554,-0.7397090196609497,ok
LA_D_6472939,17.378015518188477,17.40848159790039,ok
LA_D_6474102,16.795461654663086,16.80385398864746,ok
LA_D_6474531,11.810770034790039,11.846173286437988,ok
LA_D_6474870,11.449485778808594,11.52253246307373,ok
LA_D_6475261,-11.255609512329102,-11.274344444274902,ok
LA_D_6475497,14.012415885925293,14.040131568908691,ok
LA_D_6475624,14.706681251525879,14.727974891662598,ok
LA_D_6477172,22.286630630493164,22.50712776184082,ok
LA_D_6477185,11.302251815795898,11.333380699157715,ok
LA_D_6478753,-8.802594184875488,-8.807872772216797,ok
LA_D_6479435,17.313426971435547,17.347745895385742,ok
LA_D_6479457,-13.980339050292969,-14.032151222229004,ok
LA_D_6479825,15.691132545471191,15.808440208435059,ok
LA_D_6480348,-12.18265151977539,-12.186923027038574,ok
LA_D_6480457,11.708468437194824,11.79226016998291,ok
LA_D_6480551,-14.22411060333252,-14.243269920349121,ok
LA_D_6482383,11.658605575561523,11.699548721313477,ok
LA_D_6484471,13.997974395751953,14.00731372833252,ok
LA_D_6484577,15.618794441223145,15.625711441040039,ok
LA_D_6485701,13.853229522705078,13.859753608703613,ok
LA_D_6486723,16.574806213378906,16.604936599731445,ok
LA_D_6486980,9.744287490844727,9.734557151794434,ok
LA_D_6487009,15.548314094543457,15.55959415435791,ok
LA_D_6487170,9.663750648498535,9.668303489685059,ok
LA_D_6487933,-14.906679153442383,-14.983646392822266,ok
LA_D_6489536,12.343274116516113,12.390629768371582,ok
LA_D_6490097,16.569734573364258,16.598087310791016,ok
LA_D_6492056,-12.265548706054688,-12.329812049865723,ok
LA_D_6493011,14.465700149536133,14.478255271911621,ok
LA_D_6495207,13.007352828979492,13.063899993896484,ok
LA_D_6495668,11.075438499450684,11.075186729431152,ok
LA_D_6495848,-4.620949745178223,-4.682011127471924,ok
LA_D_6497525,16.661087036132812,16.670066833496094,ok
LA_D_6497583,12.83508014678955,12.8556547164917,ok
LA_D_6497625,-8.504396438598633,-8.520197868347168,ok
LA_D_6497646,13.740490913391113,13.801426887512207,ok
LA_D_6498637,12.36208724975586,12.370473861694336,ok
LA_D_6499586,14.420442581176758,14.452186584472656,ok
LA_D_6499603,-12.46805191040039,-12.479754447937012,ok
LA_D_6499728,16.188751220703125,16.1887264251709,ok
LA_D_6499924,18.643232345581055,18.69956398010254,ok
LA_D_6502358,11.487139701843262,11.499146461486816,ok
LA_D_6502735,15.18476390838623,15.242424964904785,ok
LA_D_6502976,-8.102826118469238,-8.116181373596191,ok
LA_D_6503475,-12.229914665222168,-12.24451732635498,ok
LA_D_6506104,11.851959228515625,11.884322166442871,ok
LA_D_6506607,14.695624351501465,14.733675003051758,ok
LA_D_6506972,15.073667526245117,15.140640258789062,ok
LA_D_6506973,13.582881927490234,13.617415428161621,ok
LA_D_6506991,10.466680526733398,10.485320091247559,ok
LA_D_6509120,13.949126243591309,14.004232406616211,ok
LA_D_6509189,-13.6585693359375,-13.70905590057373,ok
LA_D_6511162,10.859586715698242,10.868782043457031,ok
LA_D_6511574,14.137466430664062,14.210186004638672,ok
LA_D_6511989,-13.630939483642578,-13.633343696594238,ok
LA_D_6513609,12.184981346130371,12.185907363891602,ok
LA_D_6514590,16.421173095703125,16.425235748291016,ok
LA_D_6514670,15.450023651123047,15.460070610046387,ok
LA_D_6515358,13.564814567565918,13.574965476989746,ok
LA_D_6515867,-12.66420841217041,-12.66672134399414,ok
LA_D_6516261,13.337287902832031,13.39582633972168,ok
LA_D_6516523,10.8743896484375,10.897533416748047,ok
LA_D_6516575,16.31720542907715,16.3363094329834,ok
LA_D_6516814,17.185420989990234,17.19258689880371,ok
LA_D_6517273,17.516691207885742,17.54196548461914,ok
LA_D_6517455,8.036739349365234,8.036803245544434,ok
LA_D_6517704,9.490540504455566,9.500406265258789,ok
LA_D_6518159,-9.536822319030762,-9.537871360778809,ok
LA_D_6518794,14.244972229003906,14.255290031433105,ok
LA_D_6520063,16.948726654052734,16.97889518737793,ok
LA_D_6520436,10.234625816345215,10.236130714416504,ok
LA_D_6520929,8.593055725097656,8.592668533325195,ok
LA_D_6520984,-14.09147834777832,-14.126494407653809,ok
LA_D_6521320,15.253586769104004,15.27785587310791,ok
LA_D_6522313,11.42404556274414,11.42481517791748,ok
LA_D_6522419,11.644593238830566,11.664921760559082,ok
LA_D_6525071,15.694096565246582,15.930208206176758,ok
LA_D_6525234,15.058335304260254,15.060017585754395,ok
LA_D_6525320,13.26888370513916,13.303102493286133,ok
LA_D_6525457,20.336395263671875,20.52730369567871,ok
LA_D_6526168,9.610937118530273,9.61242389678955,ok
LA_D_6526664,13.180317878723145,13.247578620910645,ok
LA_D_6529379,-8.963274955749512,-8.990208625793457,ok
LA_D_6530169,19.368484497070312,19.414907455444336,ok
LA_D_6531960,18.609277725219727,18.661834716796875,ok
LA_D_6532301,13.06179428100586,13.041340827941895,ok
LA_D_6532619,17.96835708618164,17.96940803527832,ok
LA_D_6532972,10.677474021911621,10.8299560546875,ok
LA_D_6536882,10.802923202514648,10.80772876739502,ok
LA_D_6537903,10.745439529418945,10.7485990524292,ok
LA_D_6539878,-12.814825057983398,-12.824601173400879,ok
LA_D_6540535,13.312444686889648,13.322226524353027,ok
LA_D_6542740,12.424878120422363,12.61889934539795,ok
LA_D_6542878,12.826366424560547,12.89574146270752,ok
LA_D_6544888,18.536211013793945,18.68925666809082,ok
LA_D_6545121,11.906779289245605,11.908495903015137,ok
LA_D_6546081,14.745933532714844,14.790719985961914,ok
LA_D_6547198,16.719032287597656,16.7465877532959,ok
LA_D_6547607,12.827585220336914,12.902792930603027,ok
LA_D_6547828,9.48930549621582,9.506842613220215,ok
LA_D_6547919,13.89040470123291,13.893315315246582,ok
LA_D_6548234,15.64876651763916,15.69959545135498,ok
LA_D_6549159,-15.526955604553223,-15.655879974365234,ok
LA_D_6549373,-13.954695701599121,-13.972046852111816,ok
LA_D_6550208,14.88383960723877,14.915499687194824,ok
LA_D_6550883,13.872846603393555,13.892437934875488,ok
LA_D_6551202,14.222182273864746,14.237211227416992,ok
LA_D_6551642,11.77662467956543,11.790112495422363,ok
LA_D_6551713,14.39640998840332,14.444443702697754,ok
LA_D_6553554,9.737266540527344,9.805766105651855,ok
LA_D_6553908,14.268509864807129,14.282320976257324,ok
LA_D_6554548,15.280527114868164,15.3207426071167,ok
LA_D_6556225,8.7720365524292,8.77099895477295,ok
LA_D_6556306,10.428699493408203,10.454060554504395,ok
LA_D_6556577,9.654434204101562,9.745813369750977,ok
LA_D_6557355,12.787525177001953,12.80945110321045,ok
LA_D_6558890,-13.100229263305664,-13.129884719848633,ok
LA_D_6561538,-12.930682182312012,-12.939428329467773,ok
LA_D_6563482,16.110811233520508,16.137062072753906,ok
LA_D_6564975,10.819278717041016,10.819161415100098,ok
LA_D_6565562,11.768725395202637,11.770857810974121,ok
LA_D_6566671,19.799575805664062,19.922155380249023,ok
LA_D_6567387,18.799362182617188,18.80036735534668,ok
LA_D_6567611,11.244878768920898,11.306791305541992,ok
LA_D_6568047,17.692359924316406,17.705299377441406,ok
LA_D_6568052,15.600638389587402,15.627022743225098,ok
LA_D_6568071,-15.784737586975098,-15.814878463745117,ok
LA_D_6568228,16.307937622070312,16.321044921875,ok
LA_D_6569285,9.04042911529541,9.05831241607666,ok
LA_D_6570628,-15.466655731201172,-15.492077827453613,ok
LA_D_6572116,17.012380599975586,17.055456161499023,ok
LA_D_6573061,14.701043128967285,14.71461009979248,ok
LA_D_6574060,9.530735969543457,9.541089057922363,ok
LA_D_6575341,14.762662887573242,14.787060737609863,ok
LA_D_6575380,13.644183158874512,13.650389671325684,ok
LA_D_6575610,15.996479988098145,16.01204490661621,ok
LA_D_6575860,11.184581756591797,11.218329429626465,ok
LA_D_6576940,13.252307891845703,13.272492408752441,ok
LA_D_6577158,14.637444496154785,14.66512393951416,ok
LA_D_6577591,11.908909797668457,11.94061279296875,ok
LA_D_6578659,-14.725178718566895,-14.756686210632324,ok
LA_D_6579134,14.180171012878418,14.22455883026123,ok
LA_D_6579479,13.949908256530762,13.979188919067383,ok
LA_D_6579719,20.41780662536621,20.4239559173584,ok
LA_D_6582126,14.356045722961426,14.378693580627441,ok
LA_D_6582780,12.853706359863281,12.870341300964355,ok
LA_D_6585381,13.693727493286133,13.710749626159668,ok
LA_D_6585774,16.89598846435547,16.906097412109375,ok
LA_D_6586128,16.967618942260742,16.9979305267334,ok
LA_D_6587165,12.365126609802246,12.395979881286621,ok
LA_D_6588379,16.401716232299805,16.542003631591797,ok
LA_D_6588865,16.105390548706055,16.16060447692871,ok
LA_D_6589534,16.939382553100586,16.949113845825195,ok
LA_D_6589944,11.985506057739258,12.004227638244629,ok
LA_D_6590996,15.380379676818848,15.40042781829834,ok
LA_D_6591249,13.510976791381836,13.521098136901855,ok
LA_D_6593008,14.043734550476074,14.06184196472168,ok
LA_D_6593011,11.766392707824707,11.804722785949707,ok
LA_D_6593270,-15.77784538269043,-15.802811622619629,ok
LA_D_6593636,22.153738021850586,22.291460037231445,ok
LA_D_6594747,15.198356628417969,15.223679542541504,ok
LA_D_6594807,7.207484245300293,7.211895942687988,ok
LA_D_6595610,15.718071937561035,16.321535110473633,ok
LA_D_6596114,17.116943359375,17.174488067626953,ok
LA_D_6596613,16.92652130126953,16.996641159057617,ok
LA_D_6596958,16.524782180786133,16.550065994262695,ok
LA_D_6597050,13.086156845092773,13.319825172424316,ok
LA_D_6597204,16.242013931274414,16.281370162963867,ok
LA_D_6597330,14.021676063537598,14.119267463684082,ok
LA_D_6597750,12.883813858032227,12.907727241516113,ok
LA_D_6598354,-15.457613945007324,-15.478296279907227,ok
LA_D_6598826,10.659339904785156,10.670488357543945,ok
LA_D_6598988,11.619415283203125,11.655434608459473,ok
LA_D_6599019,14.701325416564941,14.733000755310059,ok
LA_D_6599233,10.962506294250488,11.02397346496582,ok
LA_D_6599356,10.0948486328125,10.184828758239746,ok
LA_D_6600446,14.662774085998535,14.684266090393066,ok
LA_D_6600800,13.65084171295166,13.705313682556152,ok
LA_D_6600823,13.455609321594238,13.50854778289795,ok
LA_D_6601160,13.158449172973633,13.16310977935791,ok
LA_D_6602571,13.740032196044922,13.78848648071289,ok
LA_D_6603047,11.309863090515137,11.391715049743652,ok
LA_D_6603638,9.943426132202148,9.94462776184082,ok
LA_D_6603822,11.781023025512695,11.801667213439941,ok
LA_D_6604093,10.364948272705078,10.35922622680664,ok
LA_D_6604594,13.971841812133789,13.984564781188965,ok
LA_D_6606092,16.87377166748047,16.88091468811035,ok
LA_D_6606839,15.51673698425293,15.567815780639648,ok
LA_D_6607748,7.187898635864258,7.3890299797058105,ok
LA_D_6609032,5.688441276550293,5.698770999908447,ok
LA_D_6609619,11.900121688842773,11.902298927307129,ok
LA_D_6609902,15.35227108001709,15.402375221252441,ok
LA_D_6609968,-3.793600082397461,-3.8074982166290283,ok
LA_D_6610656,12.388554573059082,12.454377174377441,ok
LA_D_6612387,13.072559356689453,13.09643268585205,ok
LA_D_6612646,16.3190860748291,16.370243072509766,ok
LA_D_6613069,10.869380950927734,10.907118797302246,ok
LA_D_6613848,14.462566375732422,14.566314697265625,ok
LA_D_6614217,10.59552001953125,10.595871925354004,ok
LA_D_6614329,-13.313786506652832,-13.403660774230957,ok
LA_D_6616471,14.584379196166992,14.606340408325195,ok
LA_D_6617994,-11.596797943115234,-11.696819305419922,ok
LA_D_6619464,11.734992980957031,11.738911628723145,ok
LA_D_6620261,12.34339427947998,12.3524169921875,ok
LA_D_6620544,14.024986267089844,14.161497116088867,ok
LA_D_6621246,10.28144359588623,10.30501651763916,ok
LA_D_6621753,20.06391716003418,20.082788467407227,ok
LA_D_6622164,16.369152069091797,16.391332626342773,ok
LA_D_6622348,-14.391594886779785,-14.514622688293457,ok
LA_D_6623102,-13.880501747131348,-13.892550468444824,ok
LA_D_6623501,13.846705436706543,13.850478172302246,ok
LA_D_6623727,13.300254821777344,13.318005561828613,ok
LA_D_6623812,13.9232816696167,13.948234558105469,ok
LA_D_6624176,13.437231063842773,13.465632438659668,ok
LA_D_6624488,14.029045104980469,14.108455657958984,ok
LA_D_6624621,-10.206448554992676,-10.210585594177246,ok
LA_D_6625374,17.817720413208008,17.823408126831055,ok
LA_D_6625840,11.606645584106445,11.633105278015137,ok
LA_D_6626817,-14.177014350891113,-14.189563751220703,ok
LA_D_6626918,15.967192649841309,15.983394622802734,ok
LA_D_6627213,9.367926597595215,9.454400062561035,ok
LA_D_6629886,16.316221237182617,16.337804794311523,ok
LA_D_6631414,18.150997161865234,18.215734481811523,ok
LA_D_6633566,12.614632606506348,12.667506217956543,ok
LA_D_6634201,15.743453025817871,15.772583961486816,ok
LA_D_6634413,12.46657943725586,12.508320808410645,ok
LA_D_6634897,13.440587043762207,13.445464134216309,ok
LA_D_6635685,13.25782585144043,13.258855819702148,ok
LA_D_6636415,14.339601516723633,14.385210037231445,ok
LA_D_6636661,-11.172722816467285,-11.19229793548584,ok
LA_D_6637850,17.463443756103516,17.485538482666016,ok
LA_D_6638128,18.954959869384766,18.982954025268555,ok
LA_D_6639964,8.120444297790527,8.129812240600586,ok
LA_D_6640384,9.207167625427246,9.209641456604004,ok
LA_D_6640572,24.537179946899414,24.598615646362305,ok
LA_D_6642454,-11.862053871154785,-11.900629997253418,ok
LA_D_6642673,10.56088924407959,10.732898712158203,ok
LA_D_6642678,14.802448272705078,14.879737854003906,ok
LA_D_6644343,10.16372013092041,10.186464309692383,ok
LA_D_6646870,17.59337043762207,17.60529899597168,ok
LA_D_6648074,12.892281532287598,12.897303581237793,ok
LA_D_6648419,20.298049926757812,20.331663131713867,ok
LA_D_6649816,10.476713180541992,10.531038284301758,ok
LA_D_6649982,16.361690521240234,16.369495391845703,ok
LA_D_6650126,-13.171876907348633,-13.210015296936035,ok
LA_D_6650483,10.440692901611328,10.479752540588379,ok
LA_D_6650700,6.1438703536987305,6.143373012542725,ok
LA_D_6651726,11.704901695251465,11.709240913391113,ok
LA_D_6653512,19.521854400634766,19.5932674407959,ok
LA_D_6653711,15.220324516296387,15.319427490234375,ok
LA_D_6654217,9.33238697052002,9.332515716552734,ok
LA_D_6654690,10.178743362426758,10.224263191223145,ok
LA_D_6655563,12.38746166229248,12.459269523620605,ok
LA_D_6656541,17.744354248046875,17.825775146484375,ok
LA_D_6659622,-13.5280122756958,-13.551522254943848,ok
LA_D_6660188,16.663776397705078,16.673112869262695,ok
LA_D_6660220,22.076711654663086,22.211183547973633,ok
LA_D_6661592,14.779082298278809,14.788220405578613,ok
LA_D_6662010,10.547207832336426,10.684014320373535,ok
LA_D_6662518,13.350481986999512,13.379096031188965,ok
LA_D_6663132,16.93400764465332,16.979501724243164,ok
LA_D_6663729,7.584574222564697,7.584768772125244,ok
LA_D_6665426,16.366147994995117,16.371171951293945,ok
LA_D_6666039,14.607651710510254,14.66231632232666,ok
LA_D_6666182,14.92670726776123,14.979273796081543,ok
LA_D_6666840,17.392581939697266,17.459688186645508,ok
LA_D_6668024,-13.288392066955566,-13.308493614196777,ok
LA_D_6669051,17.64079475402832,17.737258911132812,ok
LA_D_6669736,-15.541459083557129,-15.5674467086792,ok
LA_D_6670902,13.024650573730469,13.067239761352539,ok
LA_D_6670965,20.01764678955078,20.11335563659668,ok
LA_D_6671443,17.971269607543945,17.973535537719727,ok
LA_D_6672152,12.587674140930176,12.60237979888916,ok
LA_D_6672477,-12.171467781066895,-12.256625175476074,ok
LA_D_6675849,15.230571746826172,15.238672256469727,ok
LA_D_6676522,14.213785171508789,14.281855583190918,ok
LA_D_6677490,11.101250648498535,11.127089500427246,ok
LA_D_6677818,13.589807510375977,13.621600151062012,ok
LA_D_6678773,12.797174453735352,12.890236854553223,ok
LA_D_6678932,12.984140396118164,13.013398170471191,ok
LA_D_6680138,-8.609893798828125,-8.611757278442383,ok
LA_D_6681675,11.72701644897461,11.72750186920166,ok
LA_D_6681710,-12.594871520996094,-12.685310363769531,ok
LA_D_6682281,11.627365112304688,11.64709758758545,ok
LA_D_6682326,10.406211853027344,10.407470703125,ok
LA_D_6685036,8.887083053588867,8.979930877685547,ok
LA_D_6688232,15.819851875305176,15.850035667419434,ok
LA_D_6688724,10.574816703796387,10.589102745056152,ok
LA_D_6689023,12.63935375213623,12.689444541931152,ok
LA_D_6689857,17.961294174194336,18.0433292388916,ok
LA_D_6690982,17.066808700561523,17.067970275878906,ok
LA_D_6690990,13.97679328918457,14.021924018859863,ok
LA_D_6691154,16.575939178466797,16.57745361328125,ok
LA_D_6691337,13.198271751403809,13.203309059143066,ok
LA_D_6692133,19.54106330871582,19.555238723754883,ok
LA_D_6692719,16.49378776550293,16.494035720825195,ok
LA_D_6692967,17.066242218017578,17.1340274810791,ok
LA_D_6693898,13.125378608703613,13.157038688659668,ok
LA_D_6694820,13.642396926879883,13.649134635925293,ok
LA_D_6695161,11.923818588256836,11.925082206726074,ok
LA_D_6695214,6.457158088684082,6.489654064178467,ok
LA_D_6695450,14.771790504455566,14.823689460754395,ok
LA_D_6695615,17.32857894897461,17.3935489654541,ok
LA_D_6696204,15.587420463562012,15.623018264770508,ok
LA_D_6696589,14.946139335632324,14.960238456726074,ok
LA_D_6697232,11.658571243286133,11.685101509094238,ok
LA_D_6697944,15.053889274597168,15.060432434082031,ok
LA_D_6698865,12.268986701965332,12.270464897155762,ok
LA_D_6699665,13.761255264282227,13.81879711151123,ok
LA_D_6701963,-15.30562973022461,-15.325252532958984,ok
LA_D_6704472,-15.622084617614746,-15.655203819274902,ok
LA_D_6704901,11.717400550842285,11.72322940826416,ok
LA_D_6706248,11.764558792114258,11.796120643615723,ok
LA_D_6707722,13.483224868774414,13.671406745910645,ok
LA_D_6708714,15.23786735534668,15.3141450881958,ok
LA_D_6709571,13.161663055419922,13.162693977355957,ok
LA_D_6710142,14.223428726196289,14.25096607208252,ok
LA_D_6710195,11.665763854980469,11.645659446716309,ok
LA_D_6710328,-16.082212448120117,-16.090587615966797,ok
LA_D_6710971,14.58222770690918,14.5942964553833,ok
LA_D_6711029,9.90793228149414,9.91048526763916,ok
LA_D_6711434,-14.680715560913086,-14.682212829589844,ok
LA_D_6712579,11.322633743286133,11.331108093261719,ok
LA_D_6713264,19.7640323638916,19.783550262451172,ok
LA_D_6716159,-15.500005722045898,-15.504168510437012,ok
LA_D_6716178,16.26311683654785,16.348024368286133,ok
LA_D_6716544,11.138506889343262,11.141377449035645,ok
LA_D_6716819,17.06438636779785,17.18109893798828,ok
LA_D_6717375,-13.860039710998535,-13.927214622497559,ok
LA_D_6717508,17.578556060791016,17.601627349853516,ok
LA_D_6717975,15.32585620880127,15.327912330627441,ok
LA_D_6718237,-13.804754257202148,-13.843850135803223,ok
LA_D_6719368,14.145713806152344,14.150994300842285,ok
LA_D_6721591,14.245723724365234,14.31801700592041,ok
LA_D_6721785,15.134537696838379,15.161344528198242,ok
LA_D_6722285,12.7333345413208,12.737533569335938,ok
LA_D_6723637,9.729947090148926,9.733292579650879,ok
LA_D_6725130,15.847113609313965,15.91170883178711,ok
LA_D_6726447,11.320761680603027,11.377833366394043,ok
LA_D_6727952,12.514365196228027,12.548285484313965,ok
LA_D_6728041,12.541285514831543,12.600258827209473,ok
LA_D_6728141,-13.361784934997559,-13.372854232788086,ok
LA_D_6729690,15.694441795349121,15.788249015808105,ok
LA_D_6733057,11.145899772644043,11.155499458312988,ok
LA_D_6733844,7.488013744354248,7.489414691925049,ok
LA_D_6734401,8.807662963867188,8.871930122375488,ok
LA_D_6734573,14.468481063842773,14.482523918151855,ok
LA_D_6736028,-14.325573921203613,-14.351052284240723,ok
LA_D_6736452,13.42725658416748,13.44293212890625,ok
LA_D_6736813,7.978541851043701,7.980081081390381,ok
LA_D_6738457,9.384476661682129,9.411253929138184,ok
LA_D_6738889,18.009695053100586,18.027727127075195,ok
LA_D_6740610,14.243880271911621,14.294407844543457,ok
LA_D_6741986,-12.50825309753418,-12.510794639587402,ok
LA_D_6742117,15.110678672790527,15.135697364807129,ok
LA_D_6742661,13.346287727355957,13.357258796691895,ok
LA_D_6742796,16.904386520385742,16.908212661743164,ok
LA_D_6743141,17.099239349365234,17.127851486206055,ok
LA_D_6743274,11.611248016357422,11.664790153503418,ok
LA_D_6744596,12.766424179077148,12.782099723815918,ok
LA_D_6747363,19.105907440185547,19.17443084716797,ok
LA_D_6747561,10.648268699645996,10.663751602172852,ok
LA_D_6748543,15.827987670898438,15.84046745300293,ok
LA_D_6748977,20.778762817382812,20.84975242614746,ok
LA_D_6749090,12.73778247833252,12.795430183410645,ok
LA_D_6749101,-10.824941635131836,-10.845138549804688,ok
LA_D_6751659,16.170591354370117,16.2544002532959,ok
LA_D_6751883,16.7003116607666,16.919771194458008,ok
LA_D_6752187,8.277840614318848,8.288866996765137,ok
LA_D_6752719,16.335830688476562,16.336650848388672,ok
LA_D_6754663,12.291685104370117,12.35326862335205,ok
LA_D_6754774,16.905441284179688,16.92469596862793,ok
LA_D_6756999,14.670368194580078,14.670205116271973,ok
LA_D_6757692,-12.19446849822998,-12.217108726501465,ok
LA_D_6757990,18.322370529174805,18.44184112548828,ok
LA_D_6759383,14.050457000732422,14.072632789611816,ok
LA_D_6759403,15.319217681884766,15.411686897277832,ok
LA_D_6760408,11.483625411987305,11.50863265991211,ok
LA_D_6762250,8.798243522644043,8.857928276062012,ok
LA_D_6762877,10.213480949401855,10.2796630859375,ok
LA_D_6763784,9.34737777709961,9.348282814025879,ok
LA_D_6765632,17.618480682373047,17.682382583618164,ok
LA_D_6766548,18.368999481201172,18.38897705078125,ok
LA_D_6767586,17.12592887878418,17.235485076904297,ok
LA_D_6767763,17.536123275756836,17.549854278564453,ok
LA_D_6767768,7.181333541870117,7.239102840423584,ok
LA_D_6768042,12.504256248474121,12.607465744018555,ok
LA_D_6768434,16.032312393188477,16.0419979095459,ok
LA_D_6770649,17.390911102294922,17.48815155029297,ok
LA_D_6771345,14.865229606628418,14.869826316833496,ok
LA_D_6773067,12.844072341918945,12.847672462463379,ok
LA_D_6773995,13.05246353149414,13.053523063659668,ok
LA_D_6776598,11.894416809082031,11.899836540222168,ok
LA_D_6776653,13.50953483581543,13.540586471557617,ok
LA_D_6777944,9.004841804504395,9.01755428314209,ok
LA_D_6779692,12.83604907989502,12.862393379211426,ok
LA_D_6780816,15.242166519165039,15.266805648803711,ok
LA_D_6781568,10.520160675048828,10.514408111572266,ok
LA_D_6784610,15.102436065673828,15.112961769104004,ok
LA_D_6785127,15.780016899108887,15.842145919799805,ok
LA_D_6786099,15.01951789855957,15.048967361450195,ok
LA_D_6787599,10.893682479858398,10.895228385925293,ok
LA_D_6788465,17.074275970458984,17.14012336730957,ok
LA_D_6788782,10.59122371673584,10.62478256225586,ok
LA_D_6789571,14.734413146972656,14.720080375671387,ok
LA_D_6791229,14.88129997253418,15.028397560119629,ok
LA_D_6793108,15.26845645904541,15.570137023925781,ok
LA_D_6793210,14.565333366394043,14.583724975585938,ok
LA_D_6794210,8.183245658874512,8.229683876037598,ok
LA_D_6795264,-14.516934394836426,-14.58642864227295,ok
LA_D_6795503,16.689687728881836,16.73345947265625,ok
LA_D_6795908,15.38895034790039,15.417136192321777,ok
LA_D_6797923,16.208942413330078,16.21010398864746,ok
LA_D_6798093,10.2649507522583,10.271662712097168,ok
LA_D_6798242,14.147821426391602,14.177693367004395,ok
LA_D_6798609,13.917323112487793,13.94161319732666,ok
LA_D_6799496,-14.492932319641113,-14.557738304138184,ok
LA_D_6801331,14.957417488098145,14.99996566772461,ok
LA_D_6802049,12.56698226928711,12.589954376220703,ok
LA_D_6802153,11.603221893310547,11.608342170715332,ok
LA_D_6802172,17.07111167907715,17.31013298034668,ok
LA_D_6804587,6.473691463470459,6.4657440185546875,ok
LA_D_6805723,14.010637283325195,14.021416664123535,ok
LA_D_6806656,15.88060188293457,15.912842750549316,ok
LA_D_6806823,14.264781951904297,14.314824104309082,ok
LA_D_6806988,14.158418655395508,14.15855884552002,ok
LA_D_6807774,14.049142837524414,14.060975074768066,ok
LA_D_6807841,4.989607334136963,5.033266544342041,ok
LA_D_6809474,14.46528434753418,14.479046821594238,ok
LA_D_6810036,12.62765121459961,12.705981254577637,ok
LA_D_6810679,16.662647247314453,16.676958084106445,ok
LA_D_6810732,-13.062609672546387,-13.064362525939941,ok
LA_D_6810969,12.743050575256348,12.783992767333984,ok
LA_D_6811737,10.46605110168457,10.46773624420166,ok
LA_D_6812624,15.788485527038574,15.938719749450684,ok
LA_D_6813136,13.844792366027832,13.849798202514648,ok
LA_D_6813740,13.27076530456543,13.323840141296387,ok
LA_D_6813990,8.308771133422852,8.31591510772705,ok
LA_D_6814264,10.47213363647461,10.473694801330566,ok
LA_D_6814636,16.783573150634766,16.993154525756836,ok
LA_D_6816441,15.021183967590332,15.232933044433594,ok
LA_D_6818615,10.794120788574219,10.79419994354248,ok
LA_D_6820465,9.145877838134766,9.167084693908691,ok
LA_D_6821250,10.257410049438477,10.257389068603516,ok
LA_D_6821909,-11.799590110778809,-11.812738418579102,ok
LA_D_6822464,3.1255459785461426,3.1256308555603027,ok
LA_D_6822833,12.869304656982422,12.870610237121582,ok
LA_D_6824022,-11.40662956237793,-11.417263984680176,ok
LA_D_6825223,7.3282084465026855,7.385046482086182,ok
LA_D_6826053,14.239434242248535,14.242444038391113,ok
LA_D_6826884,17.613697052001953,17.681379318237305,ok
LA_D_6826887,13.706954002380371,13.745469093322754,ok
LA_D_6827798,10.494245529174805,10.493358612060547,ok
LA_D_6828209,13.871240615844727,14.047700881958008,ok
LA_D_6828979,14.908195495605469,14.913610458374023,ok
LA_D_6830532,7.137843132019043,7.137094497680664,ok
LA_D_6830608,16.111886978149414,16.13294219970703,ok
LA_D_6832377,13.164709091186523,13.176361083984375,ok
LA_D_6832697,9.33234977722168,9.336380958557129,ok
LA_D_6832953,12.54709243774414,12.569493293762207,ok
LA_D_6834540,16.825132369995117,16.917795181274414,ok
LA_D_6834652,18.224916458129883,18.26475715637207,ok
LA_D_6835954,11.399901390075684,11.402297019958496,ok
LA_D_6836003,-15.203509330749512,-15.302934646606445,ok
LA_D_6837161,12.786338806152344,12.901217460632324,ok
LA_D_6837499,13.807425498962402,13.852060317993164,ok
LA_D_6838627,13.395002365112305,13.406432151794434,ok
LA_D_6840108,13.30317211151123,13.302559852600098,ok
LA_D_6840556,14.873100280761719,14.900328636169434,ok
LA_D_6840690,12.592669486999512,12.592730522155762,ok
LA_D_6840971,17.290021896362305,17.296268463134766,ok
LA_D_6841789,-10.855545043945312,-10.861159324645996,ok
LA_D_6842136,-15.5370454788208,-15.605663299560547,ok
LA_D_6842546,10.543484687805176,10.561274528503418,ok
LA_D_6843205,-11.06865406036377,-11.077073097229004,ok
LA_D_6843468,-14.503934860229492,-14.50874137878418,ok
LA_D_6844056,11.772699356079102,11.778327941894531,ok
LA_D_6844450,15.64507007598877,15.68530559539795,ok
LA_D_6845080,12.486856460571289,12.5247163772583,ok
LA_D_6846040,18.563623428344727,18.57843017578125,ok
LA_D_6846115,14.849285125732422,14.841630935668945,ok
LA_D_6846914,11.261591911315918,11.261521339416504,ok
LA_D_6847229,12.976078033447266,12.995104789733887,ok
LA_D_6849663,17.042482376098633,17.063867568969727,ok
LA_D_6851421,14.531686782836914,14.676953315734863,ok
LA_D_6851877,15.26822280883789,15.312578201293945,ok
LA_D_6852175,10.630857467651367,10.660822868347168,ok
LA_D_6852390,12.346150398254395,12.381808280944824,ok
LA_D_6852869,5.540071487426758,5.537251949310303,ok
LA_D_6853671,17.551799774169922,17.5526065826416,ok
LA_D_6854275,17.463802337646484,17.566286087036133,ok
LA_D_6855752,17.241954803466797,17.533151626586914,ok
LA_D_6858597,17.007144927978516,17.007421493530273,ok
LA_D_6858810,16.570068359375,16.639644622802734,ok
LA_D_6859973,13.775406837463379,13.800154685974121,ok
LA_D_6860124,11.895371437072754,11.979107856750488,ok
LA_D_6861811,14.281805992126465,14.413043022155762,ok
LA_D_6862159,16.370952606201172,16.377714157104492,ok
LA_D_6862553,15.93110179901123,16.03268814086914,ok
LA_D_6863055,4.989400863647461,4.989527225494385,ok
LA_D_6863380,12.346048355102539,12.352372169494629,ok
LA_D_6863957,9.31554889678955,9.31794261932373,ok
LA_D_6864087,23.334089279174805,23.38524055480957,ok
LA_D_6864236,-7.626473903656006,-7.6412129402160645,ok
LA_D_6865799,9.819815635681152,9.822747230529785,ok
LA_D_6865911,13.135189056396484,13.141186714172363,ok
LA_D_6866603,19.597890853881836,19.604551315307617,ok
LA_D_6868021,16.35875129699707,16.42778205871582,ok
LA_D_6868445,12.456127166748047,12.462820053100586,ok
LA_D_6868998,-12.584035873413086,-12.625168800354004,ok
LA_D_6869232,15.358205795288086,15.359662055969238,ok
LA_D_6870040,14.580419540405273,14.595330238342285,ok
LA_D_6870125,12.782029151916504,12.782374382019043,ok
LA_D_6871726,10.8829927444458,10.917640686035156,ok
LA_D_6872655,10.588644981384277,10.663640022277832,ok
LA_D_6874210,8.419065475463867,8.4371919631958,ok
LA_D_6874297,-13.07852554321289,-13.112338066101074,ok
LA_D_6875907,14.594097137451172,14.626961708068848,ok
LA_D_6876630,-14.856536865234375,-14.928583145141602,ok
LA_D_6876959,18.395450592041016,18.421463012695312,ok
LA_D_6877026,7.699090957641602,7.697226047515869,ok
LA_D_6878638,12.78697681427002,12.796425819396973,ok
LA_D_6878756,9.909653663635254,9.932916641235352,ok
LA_D_6879359,9.560531616210938,9.569991111755371,ok
LA_D_6880419,14.801450729370117,14.820716857910156,ok
LA_D_6882166,16.494667053222656,16.519092559814453,ok
LA_D_6884110,15.014610290527344,15.09530258178711,ok
LA_D_6884626,6.885692119598389,6.884770393371582,ok
LA_D_6886878,15.06496524810791,15.07866382598877,ok
LA_D_6887218,13.31993579864502,13.353400230407715,ok
LA_D_6890596,19.265228271484375,19.26535415649414,ok
LA_D_6890842,15.827012062072754,15.855774879455566,ok
LA_D_6890939,16.453519821166992,16.496694564819336,ok
LA_D_6892152,18.927162170410156,18.951101303100586,ok
LA_D_6892674,15.93387222290039,15.953242301940918,ok
LA_D_6893250,12.581649780273438,12.606162071228027,ok
LA_D_6893706,15.558822631835938,15.567572593688965,ok
LA_D_6895177,8.528009414672852,8.528931617736816,ok
LA_D_6897891,13.993363380432129,14.050056457519531,ok
LA_D_6898133,10.71532154083252,10.733874320983887,ok
LA_D_6898383,13.596317291259766,13.604132652282715,ok
LA_D_6899810,17.351036071777344,17.354936599731445,ok
LA_D_6900371,7.697334289550781,7.697500228881836,ok
LA_D_6901051,17.435619354248047,17.463075637817383,ok
LA_D_6902611,15.284717559814453,15.295750617980957,ok
LA_D_6902833,14.242012977600098,14.281033515930176,ok
LA_D_6903594,11.802448272705078,11.813122749328613,ok
LA_D_6903687,13.932158470153809,13.935928344726562,ok
LA_D_6903783,12.272327423095703,12.317341804504395,ok
LA_D_6904064,12.578733444213867,12.585081100463867,ok
LA_D_6904176,9.802732467651367,9.800599098205566,ok
LA_D_6905344,8.389806747436523,8.389081001281738,ok
LA_D_6906792,15.717976570129395,15.73878002166748,ok
LA_D_6908091,-14.40616512298584,-14.435060501098633,ok
LA_D_6908205,10.766216278076172,10.845969200134277,ok
LA_D_6908815,12.768418312072754,12.816546440124512,ok
LA_D_6909580,19.483293533325195,19.50493812561035,ok
LA_D_6910092,12.441646575927734,12.576872825622559,ok
LA_D_6911238,18.394445419311523,18.437541961669922,ok
LA_D_6913174,12.971685409545898,12.990617752075195,ok
LA_D_6913240,-13.72079086303711,-13.729961395263672,ok
LA_D_6913633,15.545320510864258,15.593074798583984,ok
LA_D_6913699,16.680158615112305,16.80381965637207,ok
LA_D_6914532,8.254944801330566,8.256767272949219,ok
LA_D_6914760,7.718226909637451,7.733989715576172,ok
LA_D_6919214,8.303081512451172,8.307330131530762,ok
LA_D_6920274,10.902565956115723,10.904309272766113,ok
LA_D_6920360,13.196775436401367,13.21414566040039,ok
LA_D_6920856,9.73314094543457,9.780783653259277,ok
LA_D_6920891,12.779216766357422,12.785871505737305,ok
LA_D_6921099,18.23678970336914,18.259614944458008,ok
LA_D_6921684,-13.19497013092041,-13.288762092590332,ok
LA_D_6921859,11.284292221069336,11.291617393493652,ok
LA_D_6923831,14.249093055725098,14.30538272857666,ok
LA_D_6923993,15.84814167022705,15.90307331085205,ok
LA_D_6924353,11.74955940246582,11.76094913482666,ok
LA_D_6925004,11.40445613861084,11.455151557922363,ok
LA_D_6925745,14.717005729675293,14.739381790161133,ok
LA_D_6925836,9.809732437133789,9.811553001403809,ok
LA_D_6927348,15.90915298461914,16.039161682128906,ok
LA_D_6927495,16.897655487060547,16.93107795715332,ok
LA_D_6928296,12.406102180480957,12.4209623336792,ok
LA_D_6928395,14.212406158447266,14.221392631530762,ok
LA_D_6928429,15.160650253295898,15.186856269836426,ok
LA_D_6930111,12.13812255859375,12.147193908691406,ok
LA_D_6930733,13.516892433166504,13.520962715148926,ok
LA_D_6931090,13.710679054260254,13.724505424499512,ok
LA_D_6931606,11.855781555175781,11.857550621032715,ok
LA_D_6931611,-12.619256973266602,-12.629959106445312,ok
LA_D_6931896,9.302472114562988,9.343008995056152,ok
LA_D_6932984,10.584442138671875,10.592927932739258,ok
LA_D_6933658,13.215606689453125,13.229790687561035,ok
LA_D_6934200,14.266716957092285,14.27997875213623,ok
LA_D_6935031,-14.475018501281738,-14.506340026855469,ok
LA_D_6935294,18.704111099243164,18.73470115661621,ok
LA_D_6935657,14.59184455871582,14.62170124053955,ok
LA_D_6936162,-15.196303367614746,-15.331677436828613,ok
LA_D_6936838,16.70176887512207,16.701860427856445,ok
LA_D_6936936,11.626883506774902,11.661327362060547,ok
LA_D_6937056,13.36627197265625,13.3778715133667,ok
LA_D_6937150,12.76201057434082,12.765795707702637,ok
LA_D_6937285,14.898874282836914,14.934377670288086,ok
LA_D_6937667,8.27892017364502,8.279181480407715,ok
LA_D_6938301,-12.232542991638184,-12.236037254333496,ok
LA_D_6938657,15.23343563079834,15.319750785827637,ok
LA_D_6939541,-11.852046012878418,-11.974791526794434,ok
LA_D_6940521,14.849686622619629,14.886940956115723,ok
LA_D_6942448,11.631169319152832,11.638400077819824,ok
LA_D_6943274,14.994194984436035,14.99820613861084,ok
LA_D_6945296,8.603048324584961,8.605305671691895,ok
LA_D_6945696,14.012211799621582,14.027917861938477,ok
LA_D_6946419,13.334063529968262,13.407317161560059,ok
LA_D_6946644,16.09307861328125,16.156545639038086,ok
LA_D_6946995,12.896141052246094,12.920723915100098,ok
LA_D_6947289,12.093871116638184,12.242851257324219,ok
LA_D_6947953,13.473112106323242,13.476174354553223,ok
LA_D_6947992,12.377240180969238,12.379652976989746,ok
LA_D_6948051,17.356721878051758,17.398727416992188,ok
LA_D_6948552,14.092672348022461,14.18371868133545,ok
LA_D_6949687,9.64139461517334,9.649248123168945,ok
LA_D_6950600,6.016207218170166,6.009714126586914,ok
LA_D_6951006,15.49081039428711,15.49865436553955,ok
LA_D_6952781,16.817785263061523,16.85056495666504,ok
LA_D_6953406,15.614387512207031,15.657425880432129,ok
LA_D_6953783,12.990166664123535,12.993468284606934,ok
LA_D_6954064,14.437719345092773,14.442564010620117,ok
LA_D_6954164,12.590060234069824,12.615766525268555,ok
LA_D_6954213,13.304051399230957,13.382184028625488,ok
LA_D_6956269,13.136850357055664,13.164840698242188,ok
LA_D_6957117,16.880245208740234,17.043794631958008,ok
LA_D_6957283,14.32733154296875,14.385210037231445,ok
LA_D_6960999,16.957927703857422,16.96363639831543,ok
LA_D_6961697,12.550203323364258,12.557175636291504,ok
LA_D_6962147,16.107990264892578,16.19004249572754,ok
LA_D_6962233,15.719487190246582,15.745097160339355,ok
LA_D_6963143,4.967509746551514,4.970878601074219,ok
LA_D_6963297,14.334908485412598,14.436001777648926,ok
LA_D_6963411,-14.295732498168945,-14.378323554992676,ok
LA_D_6963530,-11.68017292022705,-11.681305885314941,ok
LA_D_6965307,9.136213302612305,9.133193969726562,ok
LA_D_6965493,16.473430633544922,16.4793643951416,ok
LA_D_6965771,18.783658981323242,18.887054443359375,ok
LA_D_6966164,12.709728240966797,12.715518951416016,ok
LA_D_6966577,20.33498764038086,20.55757713317871,ok
LA_D_6966943,6.9730377197265625,7.020193576812744,ok
LA_D_6967013,19.601089477539062,19.624385833740234,ok
LA_D_6968726,19.90093231201172,19.9926700592041,ok
LA_D_6970550,16.778610229492188,16.784198760986328,ok
LA_D_6970983,15.780867576599121,15.806830406188965,ok
LA_D_6971538,15.519421577453613,15.526237487792969,ok
LA_D_6971712,11.676623344421387,11.68940258026123,ok
LA_D_6973097,10.71408462524414,10.732521057128906,ok
LA_D_6973797,11.294647216796875,11.300737380981445,ok
LA_D_6975418,17.19495391845703,17.281892776489258,ok
LA_D_6975465,13.30635929107666,13.327049255371094,ok
LA_D_6976547,7.485468864440918,7.495639324188232,ok
LA_D_6978333,15.5620698928833,15.603224754333496,ok
LA_D_6978904,13.628487586975098,13.667182922363281,ok
LA_D_6979806,14.864296913146973,14.876222610473633,ok
LA_D_6980166,-16.244503021240234,-16.25571632385254,ok
LA_D_6982355,11.30555248260498,11.309410095214844,ok
LA_D_6983240,7.2483038902282715,7.2624831199646,ok
LA_D_6984588,11.407784461975098,11.408805847167969,ok
LA_D_6984595,-14.83173942565918,-14.86069393157959,ok
LA_D_6985192,12.143098831176758,12.1539945602417,ok
LA_D_6985201,15.583660125732422,15.586735725402832,ok
LA_D_6987202,10.47800064086914,10.49348258972168,ok
LA_D_6988249,13.006741523742676,13.041190147399902,ok
LA_D_6989506,-13.853996276855469,-13.958416938781738,ok
LA_D_6990164,9.796085357666016,9.799600601196289,ok
LA_D_6990804,18.230045318603516,18.247941970825195,ok
LA_D_6991662,7.024685382843018,7.060153484344482,ok
LA_D_6993157,9.044269561767578,9.042571067810059,ok
LA_D_6994349,-14.850010871887207,-14.918131828308105,ok
LA_D_6998107,15.296412467956543,15.321325302124023,ok
LA_D_6998182,18.165428161621094,18.278100967407227,ok
LA_D_7005622,14.55485725402832,14.700762748718262,ok
LA_D_7008532,14.66366958618164,14.691363334655762,ok
LA_D_7008788,12.7827787399292,12.787755966186523,ok
LA_D_7009736,11.208657264709473,11.227320671081543,ok
LA_D_7009859,9.480880737304688,9.483436584472656,ok
LA_D_7010911,11.09548282623291,11.141777992248535,ok
LA_D_7012203,12.972233772277832,12.979979515075684,ok
LA_D_7015167,19.27843475341797,19.285470962524414,ok
LA_D_7015174,-15.982332229614258,-16.023557662963867,ok
LA_D_7015244,14.526676177978516,14.528399467468262,ok
LA_D_7015832,15.803632736206055,15.817204475402832,ok
LA_D_7016609,14.908551216125488,14.909893035888672,ok
LA_D_7016944,15.650497436523438,15.692063331604004,ok
LA_D_7016945,15.38708209991455,15.405869483947754,ok
LA_D_7017711,16.17426300048828,16.181875228881836,ok
LA_D_7018313,15.455511093139648,15.457385063171387,ok
LA_D_7018339,14.192268371582031,14.19702434539795,ok
LA_D_7021156,17.689716339111328,17.724763870239258,ok
LA_D_7021627,14.268930435180664,14.28791618347168,ok
LA_D_7021859,17.49239158630371,17.500825881958008,ok
LA_D_7023105,8.715235710144043,8.787185668945312,ok
LA_D_7023167,12.708162307739258,12.723479270935059,ok
LA_D_7024538,15.436020851135254,15.43734073638916,ok
LA_D_7026375,14.488423347473145,14.489577293395996,ok
LA_D_7026875,11.316544532775879,11.363167762756348,ok
LA_D_7028251,22.280099868774414,22.421966552734375,ok
LA_D_7029392,-2.016016960144043,-2.016019105911255,ok
LA_D_7030186,18.08220863342285,18.104997634887695,ok
LA_D_7030273,14.34226131439209,14.40420913696289,ok
LA_D_7030281,-15.405256271362305,-15.442351341247559,ok
LA_D_7030824,15.493882179260254,15.56303596496582,ok
LA_D_7030836,18.781614303588867,18.786651611328125,ok
LA_D_7031080,5.374029636383057,5.388441562652588,ok
LA_D_7031306,11.23673152923584,11.260443687438965,ok
LA_D_7031958,18.980804443359375,18.982240676879883,ok
LA_D_7033344,16.426393508911133,16.467409133911133,ok
LA_D_7034096,16.449081420898438,16.503087997436523,ok
LA_D_7034755,11.262956619262695,11.271450996398926,ok
LA_D_7035349,-13.556425094604492,-13.568161964416504,ok
LA_D_7035543,11.332565307617188,11.380064964294434,ok
LA_D_7036071,11.490193367004395,11.51073169708252,ok
LA_D_7037337,13.046549797058105,13.074912071228027,ok
LA_D_7038318,6.751418590545654,6.764400005340576,ok
LA_D_7038523,12.396753311157227,12.43697452545166,ok
LA_D_7038606,19.32046890258789,19.370588302612305,ok
LA_D_7039023,12.650074005126953,12.692212104797363,ok
LA_D_7039466,-15.089984893798828,-15.124493598937988,ok
LA_D_7039777,10.806800842285156,10.835760116577148,ok
LA_D_7039816,14.481743812561035,14.500889778137207,ok
LA_D_7040526,13.207645416259766,13.238783836364746,ok
LA_D_7040833,17.41939926147461,17.431562423706055,ok
LA_D_7040973,16.553787231445312,16.5850887298584,ok
LA_D_7041179,17.145936965942383,17.15349006652832,ok
LA_D_7041352,10.081424713134766,10.095559120178223,ok
LA_D_7041661,13.491164207458496,13.502652168273926,ok
LA_D_7043000,15.525883674621582,15.816978454589844,ok
LA_D_7043976,15.61676025390625,15.732452392578125,ok
LA_D_7044931,8.33832836151123,8.450640678405762,ok
LA_D_7045141,3.320002317428589,3.3176422119140625,ok
LA_D_7045415,10.880724906921387,10.881260871887207,ok
LA_D_7045724,12.205463409423828,12.232739448547363,ok
LA_D_7045833,13.820503234863281,13.834345817565918,ok
LA_D_7049162,17.81655502319336,17.866064071655273,ok
LA_D_7051341,10.620465278625488,10.649221420288086,ok
LA_D_7051804,13.354538917541504,13.418838500976562,ok
LA_D_7052154,15.39844799041748,15.412323951721191,ok
LA_D_7052613,9.019588470458984,9.023337364196777,ok
LA_D_7053102,9.027371406555176,9.027764320373535,ok
LA_D_7053354,11.740478515625,11.778108596801758,ok
LA_D_7054436,15.810574531555176,15.823925971984863,ok
LA_D_7057190,-13.669960975646973,-13.703940391540527,ok
LA_D_7057633,14.243855476379395,14.2897310256958,ok
LA_D_7058822,17.53037452697754,17.580707550048828,ok
LA_D_7059463,9.578269958496094,9.675204277038574,ok
LA_D_7061416,13.849689483642578,13.850391387939453,ok
LA_D_7063095,13.644903182983398,13.674363136291504,ok
LA_D_7063172,7.972075462341309,7.964482307434082,ok
LA_D_7063977,15.60700511932373,15.607500076293945,ok
LA_D_7064077,13.428548812866211,13.431361198425293,ok
LA_D_7064323,13.133746147155762,13.137114524841309,ok
LA_D_7065014,16.16090965270996,16.32781410217285,ok
LA_D_7065500,6.009145259857178,6.009326934814453,ok
LA_D_7066186,10.989265441894531,11.017254829406738,ok
LA_D_7066954,15.086569786071777,15.332396507263184,ok
LA_D_7066960,-16.471532821655273,-16.510818481445312,ok
LA_D_7067028,9.410039901733398,9.472114562988281,ok
LA_D_7067333,-11.56494426727295,-11.567152976989746,ok
LA_D_7068182,16.272245407104492,16.314027786254883,ok
LA_D_7070716,15.26754379272461,15.303542137145996,ok
LA_D_7072258,11.258416175842285,11.30893611907959,ok
LA_D_7073678,-4.373658657073975,-4.425787448883057,ok
LA_D_7076522,14.39062213897705,14.44990062713623,ok
LA_D_7080605,15.246634483337402,15.262773513793945,ok
LA_D_7080978,16.17540740966797,16.219860076904297,ok
LA_D_7081771,-15.20016860961914,-15.227299690246582,ok
LA_D_7081849,16.584365844726562,16.639986038208008,ok
LA_D_7082816,21.533863067626953,21.567806243896484,ok
LA_D_7083288,12.807045936584473,12.811125755310059,ok
LA_D_7083969,7.264361381530762,7.388466835021973,ok
LA_D_7084497,16.688827514648438,16.757661819458008,ok
LA_D_7086357,19.146318435668945,19.22295379638672,ok
LA_D_7086639,13.887175559997559,13.93514347076416,ok
LA_D_7086814,14.279118537902832,14.30722713470459,ok
LA_D_7087327,14.50858211517334,14.520081520080566,ok
LA_D_7088669,12.716198921203613,12.716142654418945,ok
LA_D_7089929,-10.19064712524414,-10.269577026367188,ok
LA_D_7090148,12.800309181213379,12.81505298614502,ok
LA_D_7090657,-12.503735542297363,-12.537402153015137,ok
LA_D_7091196,15.853568077087402,15.924504280090332,ok
LA_D_7091662,12.972543716430664,12.98897647857666,ok
LA_D_7092291,14.21282958984375,14.22636604309082,ok
LA_D_7092752,14.907342910766602,14.908246040344238,ok
LA_D_7094041,10.853075981140137,10.864818572998047,ok
LA_D_7094796,12.175840377807617,12.198674201965332,ok
LA_D_7096240,12.720566749572754,12.75429916381836,ok
LA_D_7096314,13.599637985229492,13.64205265045166,ok
LA_D_7097009,12.16708755493164,12.245023727416992,ok
LA_D_7097361,14.714749336242676,14.71186637878418,ok
LA_D_7098546,14.602152824401855,14.615165710449219,ok
LA_D_7100095,13.151400566101074,13.15124797821045,ok
LA_D_7100242,13.060199737548828,13.130834579467773,ok
LA_D_7100478,10.336816787719727,10.337080955505371,ok
LA_D_7100790,16.480636596679688,16.695959091186523,ok
LA_D_7101123,13.402348518371582,13.501588821411133,ok
LA_D_7103223,14.388140678405762,14.443140983581543,ok
LA_D_7104527,15.710268020629883,15.735098838806152,ok
LA_D_7107466,7.413642406463623,7.401649475097656,ok
LA_D_7109251,12.501297950744629,12.594511985778809,ok
LA_D_7109771,15.847232818603516,15.85302448272705,ok
LA_D_7109981,-16.847604751586914,-16.891157150268555,ok
LA_D_7110669,-15.143536567687988,-15.145598411560059,ok
LA_D_7111174,13.047250747680664,13.152840614318848,ok
LA_D_7112224,16.911998748779297,16.9161434173584,ok
LA_D_7112267,13.860712051391602,14.174312591552734,ok
LA_D_7112692,12.578590393066406,12.59119701385498,ok
LA_D_7112975,10.091432571411133,10.09760570526123,ok
LA_D_7112988,11.565375328063965,11.569108009338379,ok
LA_D_7113087,12.911035537719727,12.963578224182129,ok
LA_D_7114007,12.437960624694824,12.438355445861816,ok
LA_D_7114213,17.2982234954834,17.506322860717773,ok
LA_D_7114977,-14.420363426208496,-14.441876411437988,ok
LA_D_7115178,15.452306747436523,15.467631340026855,ok
LA_D_7115973,15.028033256530762,15.163506507873535,ok
LA_D_7116605,17.412790298461914,17.48366928100586,ok
LA_D_7117158,17.248056411743164,17.292966842651367,ok
LA_D_7119255,15.541932106018066,15.710529327392578,ok
LA_D_7119606,12.488625526428223,12.511143684387207,ok
LA_D_7120164,8.748042106628418,8.745393753051758,ok
LA_D_7120318,11.351751327514648,11.412898063659668,ok
LA_D_7120364,13.923494338989258,13.960101127624512,ok
LA_D_7120378,12.833306312561035,12.833823204040527,ok
LA_D_7121049,12.361045837402344,12.371535301208496,ok
LA_D_7122184,-12.396293640136719,-12.408891677856445,ok
LA_D_7122312,12.500136375427246,12.54934024810791,ok
LA_D_7123142,11.151954650878906,11.180207252502441,ok
LA_D_7123406,-11.27906608581543,-11.29674243927002,ok
LA_D_7124167,17.899560928344727,17.94544792175293,ok
LA_D_7124239,16.027761459350586,16.053239822387695,ok
LA_D_7125605,17.353309631347656,17.48773193359375,ok
LA_D_7125815,15.85363483428955,15.932999610900879,ok
LA_D_7126476,19.109420776367188,19.105609893798828,ok
LA_D_7126534,15.835227012634277,15.871237754821777,ok
LA_D_7127082,16.418582916259766,16.423463821411133,ok
LA_D_7127633,14.697527885437012,14.745824813842773,ok
LA_D_7129621,12.398138999938965,12.39920425415039,ok
LA_D_7129774,11.810685157775879,11.811161994934082,ok
LA_D_7130070,-13.908092498779297,-13.911656379699707,ok
LA_D_7130454,10.99285888671875,11.007355690002441,ok
LA_D_7130895,19.981975555419922,19.982797622680664,ok
LA_D_7133142,18.4217472076416,18.52523422241211,ok
LA_D_7135015,14.813937187194824,14.80561351776123,ok
LA_D_7135654,14.098593711853027,14.218144416809082,ok
LA_D_7137953,11.5828857421875,11.627191543579102,ok
LA_D_7137971,14.452512741088867,14.455541610717773,ok
LA_D_7138607,14.72007942199707,14.725322723388672,ok
LA_D_7138620,16.852088928222656,16.871450424194336,ok
LA_D_7139438,15.255111694335938,15.307557106018066,ok
LA_D_7139553,-12.131486892700195,-12.136239051818848,ok
LA_D_7139694,21.62954330444336,21.640911102294922,ok
LA_D_7139855,16.012643814086914,16.040607452392578,ok
LA_D_7139969,11.830573081970215,11.836091041564941,ok
LA_D_7140664,14.13907241821289,14.14555549621582,ok
LA_D_7141763,12.822943687438965,12.833088874816895,ok
LA_D_7141905,20.545194625854492,20.611265182495117,ok
LA_D_7142124,17.7329044342041,17.796266555786133,ok
LA_D_7143938,17.825319290161133,17.837446212768555,ok
LA_D_7145015,12.086723327636719,12.320551872253418,ok
LA_D_7145643,10.254671096801758,10.258084297180176,ok
LA_D_7147745,15.854498863220215,15.861729621887207,ok
LA_D_7148219,13.13918685913086,13.152474403381348,ok
LA_D_7149026,9.82496452331543,9.819336891174316,ok
LA_D_7149435,17.669601440429688,17.855207443237305,ok
LA_D_7149695,11.373546600341797,11.386469841003418,ok
LA_D_7151621,14.168086051940918,14.183717727661133,ok
LA_D_7152817,-15.877907752990723,-15.917502403259277,ok
LA_D_7153247,15.963979721069336,16.04498291015625,ok
LA_D_7153518,17.29888343811035,17.392824172973633,ok
LA_D_7154160,13.88237476348877,13.89008617401123,ok
LA_D_7154479,-13.04819107055664,-13.053610801696777,ok
LA_D_7154683,12.181266784667969,12.181456565856934,ok
LA_D_7157816,6.524693012237549,6.529259204864502,ok
LA_D_7160142,13.317665100097656,13.325114250183105,ok
LA_D_7160537,12.191370964050293,12.252345085144043,ok
LA_D_7160972,-1.453813910484314,-1.463039755821228,ok
LA_D_7162317,-15.553874015808105,-15.581355094909668,ok
LA_D_7164376,-14.45573616027832,-14.47126293182373,ok
LA_D_7164827,16.19791603088379,16.247446060180664,ok
LA_D_7165623,11.710824966430664,11.737455368041992,ok
LA_D_7165792,11.438758850097656,11.46492862701416,ok
LA_D_7166280,14.272409439086914,14.339548110961914,ok
LA_D_7166669,11.48961353302002,11.500643730163574,ok
LA_D_7166738,7.139629364013672,7.138691425323486,ok
LA_D_7166843,21.47454833984375,21.554121017456055,ok
LA_D_7167124,17.571765899658203,17.582639694213867,ok
LA_D_7167134,12.402202606201172,12.471702575683594,ok
LA_D_7168411,12.628336906433105,12.695374488830566,ok
LA_D_7169168,9.36931324005127,9.37939739227295,ok
LA_D_7169217,16.29595947265625,16.37826156616211,ok
LA_D_7170139,11.352962493896484,11.5018949508667,ok
LA_D_7170458,9.259915351867676,9.26250171661377,ok
LA_D_7170607,11.864588737487793,11.898701667785645,ok
LA_D_7170608,15.917338371276855,15.969748497009277,ok
LA_D_7170620,14.342984199523926,14.447397232055664,ok
LA_D_7171461,4.969351768493652,4.951414585113525,ok
LA_D_7172075,14.10336971282959,14.146400451660156,ok
LA_D_7173210,6.000286102294922,6.03603982925415,ok
LA_D_7173433,16.118024826049805,16.268918991088867,ok
LA_D_7173940,14.908400535583496,14.921518325805664,ok
LA_D_7174232,17.63482093811035,17.66172218322754,ok
LA_D_7175689,15.113072395324707,15.156529426574707,ok
LA_D_7175704,12.634415626525879,12.635372161865234,ok
LA_D_7176031,16.438199996948242,16.502065658569336,ok
LA_D_7176078,15.712653160095215,15.751164436340332,ok
LA_D_7178248,7.6702680587768555,7.681451320648193,ok
LA_D_7179358,15.040068626403809,15.074556350708008,ok
LA_D_7179593,-13.70435619354248,-13.70776081085205,ok
LA_D_7180447,15.24363899230957,15.349635124206543,ok
LA_D_7181044,2.0007011890411377,1.9968358278274536,ok
LA_D_7182532,16.395122528076172,16.532794952392578,ok
LA_D_7183546,11.966978073120117,11.974806785583496,ok
LA_D_7183894,20.292598724365234,20.331369400024414,ok
LA_D_7186069,19.287349700927734,19.306339263916016,ok
LA_D_7186648,12.792734146118164,12.7921781539917,ok
LA_D_7187188,14.251874923706055,14.25886058807373,ok
LA_D_7187563,11.674322128295898,11.712281227111816,ok
LA_D_7187597,14.010101318359375,14.019163131713867,ok
LA_D_7187720,17.547670364379883,17.663719177246094,ok
LA_D_7188227,12.880955696105957,13.013640403747559,ok
LA_D_7189280,-15.687164306640625,-15.693567276000977,ok
LA_D_7189435,12.465127944946289,12.502972602844238,ok
LA_D_7189804,10.766682624816895,10.781234741210938,ok
LA_D_7190406,13.444955825805664,13.445748329162598,ok
LA_D_7190581,16.515621185302734,16.585535049438477,ok
LA_D_7191599,10.171772003173828,10.171280860900879,ok
LA_D_7191759,11.09990406036377,11.12794017791748,ok
LA_D_7191859,16.846904754638672,17.094486236572266,ok
LA_D_7192041,14.820672035217285,14.846413612365723,ok
LA_D_7192415,12.5795259475708,12.597402572631836,ok
LA_D_7193344,13.214889526367188,13.283130645751953,ok
LA_D_7194141,16.391754150390625,16.53384017944336,ok
LA_D_7194672,14.320737838745117,14.33182144165039,ok
LA_D_7194718,13.797330856323242,13.80489444732666,ok
LA_D_7194931,12.386293411254883,12.433744430541992,ok
LA_D_7196231,16.06524658203125,16.069028854370117,ok
LA_D_7196635,13.504704475402832,13.517584800720215,ok
LA_D_7197317,7.613574981689453,7.606712818145752,ok
LA_D_7199102,14.963314056396484,15.086349487304688,ok
LA_D_7200372,13.644164085388184,13.713047981262207,ok
LA_D_7200480,-5.6730122566223145,-5.714759349822998,ok
LA_D_7200791,-13.752717971801758,-13.78154182434082,ok
LA_D_7201438,13.693581581115723,13.758941650390625,ok
LA_D_7201951,11.771344184875488,11.838379859924316,ok
LA_D_7203605,-9.590920448303223,-9.633857727050781,ok
LA_D_7204569,-13.711371421813965,-13.84972858428955,ok
LA_D_7205018,16.287677764892578,16.35268783569336,ok
LA_D_7205609,11.284483909606934,11.336241722106934,ok
LA_D_7206552,11.649291038513184,11.661723136901855,ok
LA_D_7207516,7.600022792816162,7.601961612701416,ok
LA_D_7207798,-6.372559070587158,-6.377308368682861,ok
LA_D_7209731,12.266263008117676,12.265135765075684,ok
LA_D_7209780,12.55081558227539,12.568242073059082,ok
LA_D_7210071,16.248184204101562,16.310216903686523,ok
LA_D_7211753,13.694845199584961,13.691390991210938,ok
LA_D_7212540,8.119316101074219,8.128544807434082,ok
LA_D_7212590,14.736412048339844,14.7393217086792,ok
LA_D_7213885,-12.656404495239258,-12.757551193237305,ok
LA_D_7215553,3.786816358566284,3.8006889820098877,ok
LA_D_7215783,13.958867073059082,13.980056762695312,ok
LA_D_7218456,10.248344421386719,10.257126808166504,ok
LA_D_7218513,15.554709434509277,15.557503700256348,ok
LA_D_7219075,18.344085693359375,18.47234344482422,ok
LA_D_7219088,13.412342071533203,13.419662475585938,ok
LA_D_7219426,-5.030570030212402,-5.032130718231201,ok
LA_D_7219660,10.87193775177002,10.875029563903809,ok
LA_D_7219959,16.559711456298828,16.582212448120117,ok
LA_D_7220382,15.790166854858398,15.823637962341309,ok
LA_D_7222508,14.851415634155273,14.851451873779297,ok
LA_D_7223284,12.664287567138672,12.716561317443848,ok
LA_D_7224171,12.812093734741211,12.815685272216797,ok
LA_D_7224568,4.7268452644348145,4.728105068206787,ok
LA_D_7225053,14.35510540008545,14.35122013092041,ok
LA_D_7225338,9.75069522857666,9.752982139587402,ok
LA_D_7225984,15.077581405639648,15.072331428527832,ok
LA_D_7226739,15.538947105407715,15.585577011108398,ok
LA_D_7227396,10.316157341003418,10.337813377380371,ok
LA_D_7228303,12.134705543518066,12.199847221374512,ok
LA_D_7229041,13.98807430267334,14.029922485351562,ok
LA_D_7229340,13.76905345916748,13.773306846618652,ok
LA_D_7230566,-15.347233772277832,-15.41785717010498,ok
LA_D_7230852,15.932548522949219,15.951440811157227,ok
LA_D_7233780,16.546894073486328,16.626352310180664,ok
LA_D_7234016,14.726905822753906,14.740058898925781,ok
LA_D_7234278,15.298126220703125,15.321525573730469,ok
LA_D_7235373,-14.8170804977417,-14.854555130004883,ok
LA_D_7235672,17.027036666870117,17.04186248779297,ok
LA_D_7237488,20.52595329284668,20.545488357543945,ok
LA_D_7237811,24.984695434570312,25.04241943359375,ok
LA_D_7238018,-14.812108039855957,-14.816123962402344,ok
LA_D_7241809,19.46544647216797,19.5018253326416,ok
LA_D_7244876,12.997756958007812,13.175436973571777,ok
LA_D_7245573,9.215879440307617,9.256150245666504,ok
LA_D_7246488,14.824417114257812,14.830269813537598,ok
LA_D_7248069,11.32655143737793,11.34620189666748,ok
LA_D_7248953,15.444854736328125,15.476839065551758,ok
LA_D_7249074,16.57244873046875,16.74323081970215,ok
LA_D_7249552,10.113919258117676,10.182282447814941,ok
LA_D_7250780,15.617262840270996,15.648985862731934,ok
LA_D_7253146,-13.124900817871094,-13.136322975158691,ok
LA_D_7253310,10.125272750854492,10.128010749816895,ok
LA_D_7253817,11.619270324707031,11.619744300842285,ok
LA_D_7254011,12.894852638244629,12.955283164978027,ok
LA_D_7254050,15.483890533447266,15.585214614868164,ok
LA_D_7254378,24.964014053344727,25.090665817260742,ok
LA_D_7255005,-14.219066619873047,-14.324742317199707,ok
LA_D_7255755,15.801980018615723,15.87475872039795,ok
LA_D_7256748,12.614280700683594,12.650468826293945,ok
LA_D_7257796,13.441733360290527,13.44360065460205,ok
LA_D_7260355,16.17293930053711,16.202396392822266,ok
LA_D_7261120,-8.90368938446045,-8.929308891296387,ok
LA_D_7261537,12.08178424835205,12.085999488830566,ok
LA_D_7261761,12.093284606933594,12.162751197814941,ok
LA_D_7262716,15.096572875976562,15.16529369354248,ok
LA_D_7262720,12.400715827941895,12.410551071166992,ok
LA_D_7263188,16.440351486206055,16.493505477905273,ok
LA_D_7263401,16.945436477661133,16.946359634399414,ok
LA_D_7264686,12.561261177062988,12.57139778137207,ok
LA_D_7265371,13.200430870056152,13.212305068969727,ok
LA_D_7267402,-9.391798973083496,-9.426900863647461,ok
LA_D_7269077,14.7233304977417,14.759603500366211,ok
LA_D_7269587,9.253252983093262,9.273077964782715,ok
LA_D_7270074,-16.986669540405273,-17.01713752746582,ok
LA_D_7271587,-14.271354675292969,-14.303338050842285,ok
LA_D_7272412,15.073504447937012,15.074960708618164,ok
LA_D_7273712,15.214803695678711,15.259112358093262,ok
LA_D_7273954,9.416938781738281,9.419029235839844,ok
LA_D_7274330,9.77043628692627,9.774757385253906,ok
LA_D_7277373,-13.6576509475708,-13.676883697509766,ok
LA_D_7277920,14.490922927856445,14.492400169372559,ok
LA_D_7277959,12.870335578918457,12.870165824890137,ok
LA_D_7278311,17.676326751708984,17.727373123168945,ok
LA_D_7278858,9.964025497436523,9.966585159301758,ok
LA_D_7279265,15.058168411254883,15.079781532287598,ok
LA_D_7279410,7.75821590423584,7.7586798667907715,ok
LA_D_7281015,10.67894172668457,10.742138862609863,ok
LA_D_7281159,14.956442832946777,15.039045333862305,ok
LA_D_7282044,8.188352584838867,8.197989463806152,ok
LA_D_7283308,11.685920715332031,11.715168952941895,ok
LA_D_7283586,14.4384765625,14.446202278137207,ok
LA_D_7284760,17.977481842041016,18.017202377319336,ok
LA_D_7284920,9.633071899414062,9.63488483428955,ok
LA_D_7285246,15.10757827758789,15.310080528259277,ok
LA_D_7286535,11.928428649902344,11.980517387390137,ok
LA_D_7288605,20.890413284301758,20.922746658325195,ok
LA_D_7288713,12.20285701751709,12.2028169631958,ok
LA_D_7289124,17.529014587402344,17.670244216918945,ok
LA_D_7289423,11.983482360839844,12.002470016479492,ok
LA_D_7289655,8.636266708374023,8.635970115661621,ok
LA_D_7290012,19.73849105834961,19.745141983032227,ok
LA_D_7290138,20.571346282958984,20.570280075073242,ok
LA_D_7290285,14.832883834838867,14.869568824768066,ok
LA_D_7293816,9.88141918182373,9.937355995178223,ok
LA_D_7294059,10.403010368347168,10.45714282989502,ok
LA_D_7295722,18.216482162475586,18.28118324279785,ok
LA_D_7296201,11.144627571105957,11.1365966796875,ok
LA_D_7297087,12.276510238647461,12.275642395019531,ok
LA_D_7297385,15.007211685180664,15.014615058898926,ok
LA_D_7297643,16.794902801513672,16.866716384887695,ok
LA_D_7298083,11.27810001373291,11.370920181274414,ok
LA_D_7298541,10.564839363098145,10.57103157043457,ok
LA_D_7298589,12.738470077514648,12.823334693908691,ok
LA_D_7299439,15.937649726867676,16.205148696899414,ok
LA_D_7299514,-11.845909118652344,-11.87728500366211,ok
LA_D_7299706,7.016846656799316,7.019848823547363,ok
LA_D_7299749,14.585675239562988,14.593542098999023,ok
LA_D_7300406,10.670862197875977,10.679317474365234,ok
LA_D_7300764,11.68514347076416,11.707444190979004,ok
LA_D_7302282,10.76578426361084,10.835346221923828,ok
LA_D_7302367,14.423216819763184,14.459824562072754,ok
LA_D_7302757,15.836555480957031,15.867595672607422,ok
LA_D_7302765,10.358771324157715,10.437220573425293,ok
LA_D_7304634,-10.561331748962402,-10.599745750427246,ok
LA_D_7306507,12.363370895385742,12.3875093460083,ok
LA_D_7307287,18.0747013092041,18.103281021118164,ok
LA_D_7307702,16.26763916015625,16.2742862701416,ok
LA_D_7308100,18.121145248413086,18.3033390045166,ok
LA_D_7308358,8.10130786895752,8.102055549621582,ok
LA_D_7310490,7.755558490753174,7.753986358642578,ok
LA_D_7312402,9.9857759475708,10.014998435974121,ok
LA_D_7312535,10.6372652053833,10.667786598205566,ok
LA_D_7312592,19.932470321655273,20.0366268157959,ok
LA_D_7312870,18.41813087463379,18.565950393676758,ok
LA_D_7313112,11.780760765075684,11.784321784973145,ok
LA_D_7313906,12.180438995361328,12.210516929626465,ok
LA_D_7314322,-11.051179885864258,-11.054769515991211,ok
LA_D_7314849,13.49988079071045,13.500149726867676,ok
LA_D_7317360,17.663835525512695,17.708343505859375,ok
LA_D_7317597,11.243154525756836,11.24426555633545,ok
LA_D_7318854,10.170513153076172,10.170654296875,ok
LA_D_7319497,-13.802748680114746,-13.874350547790527,ok
LA_D_7320269,12.554800987243652,12.565815925598145,ok
LA_D_7321136,17.784561157226562,17.843242645263672,ok
LA_D_7322306,10.49087905883789,10.51922607421875,ok
LA_D_7322960,11.468327522277832,11.557936668395996,ok
LA_D_7324285,-11.78929328918457,-11.801074028015137,ok
LA_D_7325586,11.917236328125,11.945611953735352,ok
LA_D_7325649,11.253955841064453,11.357892036437988,ok
LA_D_7326976,14.48084831237793,14.496355056762695,ok
LA_D_7328344,9.82761001586914,9.8366060256958,ok
LA_D_7328872,14.156160354614258,14.172404289245605,ok
LA_D_7330298,12.897135734558105,12.903985023498535,ok
LA_D_7331566,15.073698997497559,15.08980655670166,ok
LA_D_7331654,13.153487205505371,13.166600227355957,ok
LA_D_7332066,14.088953971862793,14.119805335998535,ok
LA_D_7333250,12.6400785446167,12.642719268798828,ok
LA_D_7333352,-10.640655517578125,-10.664971351623535,ok
LA_D_7334119,8.200641632080078,8.200823783874512,ok
LA_D_7334607,11.897200584411621,11.912035942077637,ok
LA_D_7336188,13.382568359375,13.389557838439941,ok
LA_D_7336955,13.38610553741455,13.417487144470215,ok
LA_D_7337126,15.690971374511719,15.726290702819824,ok
LA_D_7337279,23.462371826171875,23.48993492126465,ok
LA_D_7337689,11.372649192810059,11.373696327209473,ok
LA_D_7338327,9.278252601623535,9.297234535217285,ok
LA_D_7339440,15.781378746032715,15.841058731079102,ok
LA_D_7339762,-10.943367004394531,-10.949156761169434,ok
LA_D_7339843,14.407726287841797,14.430407524108887,ok
LA_D_7342043,10.616670608520508,10.626568794250488,ok
LA_D_7342694,8.427638053894043,8.439248085021973,ok
LA_D_7342764,11.828125953674316,11.829136848449707,ok
LA_D_7343331,13.560929298400879,13.585721015930176,ok
LA_D_7343735,16.205917358398438,16.227169036865234,ok
LA_D_7346067,9.913995742797852,9.959052085876465,ok
LA_D_7346604,7.032042026519775,7.079883098602295,ok
LA_D_7346965,8.790428161621094,8.794650077819824,ok
LA_D_7347549,13.933430671691895,13.932153701782227,ok
LA_D_7350895,13.293302536010742,13.31118106842041,ok
LA_D_7352908,13.048027992248535,13.072522163391113,ok
LA_D_7354898,16.02899742126465,16.04819679260254,ok
LA_D_7355156,12.530558586120605,12.54633617401123,ok
LA_D_7355507,16.50478172302246,16.50779914855957,ok
LA_D_7355604,13.04907512664795,13.095011711120605,ok
LA_D_7355945,10.57986831665039,10.580660820007324,ok
LA_D_7357609,12.669464111328125,12.703049659729004,ok
LA_D_7359047,19.650678634643555,19.71080207824707,ok
LA_D_7359378,14.577255249023438,14.610417366027832,ok
LA_D_7360950,12.990168571472168,13.100800514221191,ok
LA_D_7361566,-13.18928337097168,-13.214173316955566,ok
LA_D_7362645,10.101497650146484,10.128355026245117,ok
LA_D_7363059,13.915045738220215,13.91409683227539,ok
LA_D_7363405,12.802811622619629,12.80331039428711,ok
LA_D_7363496,14.170920372009277,14.174107551574707,ok
LA_D_7363764,-14.64419937133789,-14.805521965026855,ok
LA_D_7365945,14.033614158630371,14.05713176727295,ok
LA_D_7366011,11.105128288269043,11.122147560119629,ok
LA_D_7367187,16.174999237060547,16.198057174682617,ok
LA_D_7367873,14.897688865661621,14.934200286865234,ok
LA_D_7368554,11.672311782836914,11.70494556427002,ok
LA_D_7368744,12.17551326751709,12.374951362609863,ok
LA_D_7368863,17.569400787353516,17.612699508666992,ok
LA_D_7369444,13.298627853393555,13.308598518371582,ok
LA_D_7370306,-9.103243827819824,-9.160712242126465,ok
LA_D_7370520,-6.300230026245117,-6.323875904083252,ok
LA_D_7372276,10.086427688598633,10.084749221801758,ok
LA_D_7373220,15.337331771850586,15.344902992248535,ok
LA_D_7373443,14.33118724822998,14.36208438873291,ok
LA_D_7373652,16.711181640625,16.7480411529541,ok
LA_D_7373710,11.733968734741211,11.739516258239746,ok
LA_D_7374784,12.13623046875,12.141209602355957,ok
LA_D_7375499,11.893228530883789,11.902445793151855,ok
LA_D_7375840,16.948341369628906,17.148523330688477,ok
LA_D_7377187,7.415655136108398,7.414758682250977,ok
LA_D_7380127,13.626809120178223,13.641398429870605,ok
LA_D_7380433,11.084310531616211,11.09343147277832,ok
LA_D_7380582,-15.052953720092773,-15.129948616027832,ok
LA_D_7380667,10.08774471282959,10.092623710632324,ok
LA_D_7380699,17.635854721069336,17.716367721557617,ok
LA_D_7382039,18.98579978942871,19.360328674316406,ok
LA_D_7382673,18.71242904663086,18.754358291625977,ok
LA_D_7382692,12.724217414855957,12.724029541015625,ok
LA_D_7383133,15.12024974822998,15.162641525268555,ok
LA_D_7383463,9.63051986694336,9.630290031433105,ok
LA_D_7383599,-11.234954833984375,-11.238184928894043,ok
LA_D_7385274,-15.202560424804688,-15.288098335266113,ok
LA_D_7385727,11.29676628112793,11.295331001281738,ok
LA_D_7386222,11.269991874694824,11.278159141540527,ok
LA_D_7388625,10.31728744506836,10.324210166931152,ok
LA_D_7388723,12.57408332824707,12.568333625793457,ok
LA_D_7389015,13.314239501953125,13.312369346618652,ok
LA_D_7390522,14.64128589630127,14.661758422851562,ok
LA_D_7391591,-14.378427505493164,-14.405702590942383,ok
LA_D_7392383,16.519611358642578,16.61617088317871,ok
LA_D_7393779,15.828411102294922,15.859792709350586,ok
LA_D_7394528,14.862356185913086,14.885581016540527,ok
LA_D_7394757,-8.48062515258789,-8.486760139465332,ok
LA_D_7394778,15.037309646606445,15.074077606201172,ok
LA_D_7395153,21.234092712402344,21.33791160583496,ok
LA_D_7395983,13.183244705200195,13.183130264282227,ok
LA_D_7398116,11.85943603515625,11.884787559509277,ok
LA_D_7398349,13.31653881072998,13.352276802062988,ok
LA_D_7398714,12.926485061645508,12.94011402130127,ok
LA_D_7399269,11.310905456542969,11.377860069274902,ok
LA_D_7399969,15.432480812072754,15.44092845916748,ok
LA_D_7400680,-14.46340560913086,-14.483585357666016,ok
LA_D_7401877,12.050301551818848,12.058552742004395,ok
LA_D_7401894,15.5719575881958,15.613337516784668,ok
LA_D_7401919,11.682061195373535,11.683491706848145,ok
LA_D_7402503,7.948158264160156,7.95454740524292,ok
LA_D_7403376,14.87025260925293,14.91711711883545,ok
LA_D_7404557,14.420034408569336,14.465543746948242,ok
LA_D_7404738,15.456588745117188,15.482317924499512,ok
LA_D_7406865,11.19324016571045,11.1981782913208,ok
LA_D_7407432,-2.968449592590332,-2.9802398681640625,ok
LA_D_7408100,-10.138567924499512,-10.157113075256348,ok
LA_D_7408392,10.121039390563965,10.123443603515625,ok
LA_D_7409252,17.480243682861328,17.519914627075195,ok
LA_D_7410620,12.441003799438477,12.461466789245605,ok
LA_D_7410931,13.765533447265625,13.843657493591309,ok
LA_D_7411008,11.063481330871582,11.062499046325684,ok
LA_D_7411256,14.793062210083008,14.945391654968262,ok
LA_D_7412100,12.01451301574707,12.054558753967285,ok
LA_D_7414510,15.886204719543457,15.887764930725098,ok
LA_D_7415426,18.724990844726562,18.750675201416016,ok
LA_D_7415755,16.502660751342773,16.561756134033203,ok
LA_D_7415932,13.173081398010254,13.240620613098145,ok
LA_D_7418362,16.352981567382812,16.37023162841797,ok
LA_D_7418963,13.53689193725586,13.539770126342773,ok
LA_D_7419811,7.686445236206055,7.686455726623535,ok
LA_D_7420352,12.497239112854004,12.56912612915039,ok
LA_D_7420382,9.388379096984863,9.402104377746582,ok
LA_D_7421260,17.890525817871094,17.96954917907715,ok
LA_D_7421536,15.986576080322266,16.057769775390625,ok
LA_D_7421940,13.346053123474121,13.351408958435059,ok
LA_D_7421972,15.44512939453125,15.511897087097168,ok
LA_D_7422802,14.573948860168457,14.758330345153809,ok
LA_D_7423342,-14.08448600769043,-14.109236717224121,ok
LA_D_7424751,14.772470474243164,14.778657913208008,ok
LA_D_7425009,12.7496919631958,12.755439758300781,ok
LA_D_7425122,17.353612899780273,17.44234275817871,ok
LA_D_7427303,16.289445877075195,16.30079460144043,ok
LA_D_7428513,-13.835532188415527,-13.888425827026367,ok
LA_D_7428865,16.49314308166504,16.553789138793945,ok
LA_D_7429028,20.88764190673828,20.8991641998291,ok
LA_D_7430270,13.448403358459473,13.472643852233887,ok
LA_D_7430660,11.298218727111816,11.296784400939941,ok
LA_D_7430939,14.286312103271484,14.383292198181152,ok
LA_D_7431648,15.50336742401123,15.500466346740723,ok
LA_D_7431998,15.200133323669434,15.204071044921875,ok
LA_D_7433900,15.38079833984375,15.394030570983887,ok
LA_D_7434265,12.720043182373047,12.757802963256836,ok
LA_D_7435327,14.476755142211914,14.494690895080566,ok
LA_D_7436720,13.99569320678711,14.055436134338379,ok
LA_D_7438016,9.1615571975708,9.158185958862305,ok
LA_D_7439452,13.310593605041504,13.349593162536621,ok
LA_D_7440074,15.038368225097656,15.045353889465332,ok
LA_D_7440389,14.028952598571777,14.06469440460205,ok
LA_D_7442253,15.943814277648926,15.99518871307373,ok
LA_D_7442269,9.525444984436035,9.525519371032715,ok
LA_D_7444518,14.46732234954834,14.546156883239746,ok
LA_D_7445146,15.318134307861328,15.383804321289062,ok
LA_D_7445946,23.81378173828125,23.92849349975586,ok
LA_D_7446128,15.285778045654297,15.332101821899414,ok
LA_D_7447795,13.759175300598145,13.759429931640625,ok
LA_D_7448493,9.8145751953125,9.821200370788574,ok
LA_D_7448540,10.021533012390137,10.077363014221191,ok
LA_D_7449021,16.508169174194336,16.539613723754883,ok
LA_D_7449236,-13.943439483642578,-13.944844245910645,ok
LA_D_7450739,-14.46877670288086,-14.49203872680664,ok
LA_D_7451179,10.475290298461914,10.5054292678833,ok
LA_D_7451276,-12.408609390258789,-12.443913459777832,ok
LA_D_7451358,12.702027320861816,12.781508445739746,ok
LA_D_7451364,-9.363351821899414,-9.38722038269043,ok
LA_D_7452217,17.612272262573242,17.69675064086914,ok
LA_D_7453123,16.47536277770996,16.59929084777832,ok
LA_D_7453706,7.520235538482666,7.508686065673828,ok
LA_D_7454687,10.151866912841797,10.184708595275879,ok
LA_D_7455119,-10.040261268615723,-10.147873878479004,ok
LA_D_7456275,15.157987594604492,15.170169830322266,ok
LA_D_7457091,12.653883934020996,12.71609878540039,ok
LA_D_7459319,13.004851341247559,13.11085033416748,ok
LA_D_7460094,14.016361236572266,14.048800468444824,ok
LA_D_7460902,-12.790976524353027,-12.79118537902832,ok
LA_D_7461756,14.89123249053955,14.906733512878418,ok
LA_D_7464280,14.76595687866211,14.800925254821777,ok
LA_D_7464417,14.649166107177734,14.666522026062012,ok
LA_D_7464682,-15.449832916259766,-15.458513259887695,ok
LA_D_7464906,11.274293899536133,11.284451484680176,ok
LA_D_7466640,9.556814193725586,9.56533145904541,ok
LA_D_7466992,18.55744743347168,18.608646392822266,ok
LA_D_7467158,-11.51747989654541,-11.5215482711792,ok
LA_D_7467696,-13.99085807800293,-13.998580932617188,ok
LA_D_7467996,16.578535079956055,16.68419075012207,ok
LA_D_7468306,17.03079605102539,17.06795310974121,ok
LA_D_7468708,15.042807579040527,15.057333946228027,ok
LA_D_7468954,12.660118103027344,12.661206245422363,ok
LA_D_7469397,13.416594505310059,13.452254295349121,ok
LA_D_7470679,12.903331756591797,12.91074275970459,ok
LA_D_7471232,15.26099967956543,15.402909278869629,ok
LA_D_7471560,-14.436982154846191,-14.48728084564209,ok
LA_D_7472227,13.829780578613281,13.840088844299316,ok
LA_D_7473056,19.96125602722168,20.065664291381836,ok
LA_D_7473191,-14.359596252441406,-14.391790390014648,ok
LA_D_7473280,12.583187103271484,12.58518123626709,ok
LA_D_7473607,15.159839630126953,15.161438941955566,ok
LA_D_7473728,12.86961555480957,12.870058059692383,ok
LA_D_7476328,12.692538261413574,12.70169734954834,ok
LA_D_7477006,19.910419464111328,19.946712493896484,ok
LA_D_7478232,8.556366920471191,8.557509422302246,ok
LA_D_7479337,11.391912460327148,11.392001152038574,ok
LA_D_7479581,14.33592414855957,14.338767051696777,ok
LA_D_7479660,16.059207916259766,16.06086540222168,ok
LA_D_7480369,5.649320602416992,5.649556636810303,ok
LA_D_7480903,-6.476301670074463,-6.481895923614502,ok
LA_D_7481545,14.040616035461426,14.059406280517578,ok
LA_D_7481774,16.97533416748047,17.01933479309082,ok
LA_D_7481984,12.848552703857422,12.861865043640137,ok
LA_D_7482285,6.946508884429932,6.947684288024902,ok
LA_D_7482753,11.438620567321777,11.44239330291748,ok
LA_D_7484463,22.383228302001953,22.393091201782227,ok
LA_D_7484552,15.419001579284668,15.460943222045898,ok
LA_D_7484636,12.855461120605469,12.860905647277832,ok
LA_D_7484913,15.755857467651367,15.75578498840332,ok
LA_D_7485630,-13.769782066345215,-13.792572975158691,ok
LA_D_7486320,13.426826477050781,13.476601600646973,ok
LA_D_7487831,14.640134811401367,14.700505256652832,ok
LA_D_7489647,14.3901948928833,14.420671463012695,ok
LA_D_7489677,10.802702903747559,10.812027931213379,ok
LA_D_7490527,11.244067192077637,11.259292602539062,ok
LA_D_7491481,16.90848731994629,16.955354690551758,ok
LA_D_7491886,16.022357940673828,16.024900436401367,ok
LA_D_7493620,11.929539680480957,11.95090103149414,ok
LA_D_7493894,6.055080890655518,6.0548834800720215,ok
LA_D_7496196,-11.1713285446167,-11.185559272766113,ok
LA_D_7496841,8.17755126953125,8.18200397491455,ok
LA_D_7499183,14.07838249206543,14.106650352478027,ok
LA_D_7500473,15.11541748046875,15.146903038024902,ok
LA_D_7501132,14.571890830993652,14.597514152526855,ok
LA_D_7501222,13.949402809143066,13.967534065246582,ok
LA_D_7502624,14.565276145935059,14.581674575805664,ok
LA_D_7503562,14.571534156799316,14.577052116394043,ok
LA_D_7503637,14.278950691223145,14.27940845489502,ok
LA_D_7504069,12.299327850341797,12.310656547546387,ok
LA_D_7504343,10.60212230682373,10.60278034210205,ok
LA_D_7504762,10.925518989562988,10.984968185424805,ok
LA_D_7506025,13.976824760437012,14.052590370178223,ok
LA_D_7506195,19.12845802307129,19.34816551208496,ok
LA_D_7506627,16.626184463500977,16.631006240844727,ok
LA_D_7508544,25.733041763305664,25.810733795166016,ok
LA_D_7509263,14.914758682250977,14.928622245788574,ok
LA_D_7509663,-12.891284942626953,-12.911835670471191,ok
LA_D_7510202,-12.997017860412598,-13.110337257385254,ok
LA_D_7510219,9.126545906066895,9.130963325500488,ok
LA_D_7510776,17.399417877197266,17.41228675842285,ok
LA_D_7510866,18.548736572265625,18.593915939331055,ok
LA_D_7511640,10.60630989074707,10.608840942382812,ok
LA_D_7512294,-10.2551908493042,-10.270905494689941,ok
LA_D_7512399,15.337870597839355,15.452932357788086,ok
LA_D_7516190,14.382555961608887,14.396973609924316,ok
LA_D_7519102,12.842179298400879,12.850359916687012,ok
LA_D_7519937,15.847171783447266,15.860589027404785,ok
LA_D_7519959,13.840434074401855,13.847660064697266,ok
LA_D_7520064,10.257547378540039,10.364624977111816,ok
LA_D_7520400,16.839221954345703,16.884033203125,ok
LA_D_7520496,11.926871299743652,11.94225025177002,ok
LA_D_7521790,14.50502872467041,14.53780746459961,ok
LA_D_7522278,12.766169548034668,12.78571605682373,ok
LA_D_7523717,14.331738471984863,14.332262992858887,ok
LA_D_7524440,14.011913299560547,14.039166450500488,ok
LA_D_7524908,14.562236785888672,14.571585655212402,ok
LA_D_7525010,15.314515113830566,15.326817512512207,ok
LA_D_7525091,15.943859100341797,16.095441818237305,ok
LA_D_7525244,18.36669921875,18.380815505981445,ok
LA_D_7525926,-12.024958610534668,-12.05739688873291,ok
LA_D_7526293,10.434128761291504,10.44423770904541,ok
LA_D_7526777,9.529205322265625,9.550673484802246,ok
LA_D_7528137,13.921948432922363,13.948492050170898,ok
LA_D_7529258,13.996363639831543,14.253247261047363,ok
LA_D_7529532,16.34708595275879,16.41901206970215,ok
LA_D_7530789,-14.930123329162598,-14.937851905822754,ok
LA_D_7532592,18.092966079711914,18.108606338500977,ok
LA_D_7533258,7.605463981628418,7.58323860168457,ok
LA_D_7533494,17.779739379882812,17.777292251586914,ok
LA_D_7535260,9.962485313415527,10.090481758117676,ok
LA_D_7535853,12.854635238647461,12.864912033081055,ok
LA_D_7536394,8.435976028442383,8.464495658874512,ok
LA_D_7536401,16.013463973999023,16.018619537353516,ok
LA_D_7536830,18.667369842529297,18.777490615844727,ok
LA_D_7537666,15.100390434265137,15.126015663146973,ok
LA_D_7537886,14.597418785095215,14.623692512512207,ok
LA_D_7538760,15.463695526123047,15.466324806213379,ok
LA_D_7540473,13.610760688781738,13.61491584777832,ok
LA_D_7541122,10.833045959472656,10.892521858215332,ok
LA_D_7542569,-13.141378402709961,-13.14509105682373,ok
LA_D_7543704,15.735814094543457,15.743340492248535,ok
LA_D_7543928,12.965784072875977,13.005316734313965,ok
LA_D_7544809,13.299238204956055,13.301946640014648,ok
LA_D_7546312,17.74008560180664,17.785673141479492,ok
LA_D_7546610,12.475468635559082,12.494441032409668,ok
LA_D_7547533,16.49615478515625,16.623056411743164,ok
LA_D_7549839,13.440725326538086,13.43934154510498,ok
LA_D_7550546,-14.277523040771484,-14.31550121307373,ok
LA_D_7550549,9.707108497619629,9.709980964660645,ok
LA_D_7550680,13.098957061767578,13.124436378479004,ok
LA_D_7551227,11.985376358032227,11.9884672164917,ok
LA_D_7551589,10.506322860717773,10.54652214050293,ok
LA_D_7551987,19.284317016601562,19.297903060913086,ok
LA_D_7552298,14.555795669555664,14.569499969482422,ok
LA_D_7552379,12.934313774108887,12.96838092803955,ok
LA_D_7554584,16.003870010375977,16.01422119140625,ok
LA_D_7554684,16.754880905151367,16.761178970336914,ok
LA_D_7555845,14.10711669921875,14.133170127868652,ok
LA_D_7555962,12.873034477233887,12.874463081359863,ok
LA_D_7556397,-12.398329734802246,-12.400187492370605,ok
LA_D_7557700,14.3742036819458,14.382146835327148,ok
LA_D_7558312,16.297513961791992,16.387203216552734,ok
LA_D_7558612,11.099434852600098,11.110507011413574,ok
LA_D_7559932,15.221659660339355,15.233858108520508,ok
LA_D_7560065,5.782717704772949,5.7890944480896,ok
LA_D_7560590,-13.620803833007812,-13.633057594299316,ok
LA_D_7560677,17.099756240844727,17.146631240844727,ok
LA_D_7560734,11.057938575744629,11.0628080368042,ok
LA_D_7562190,-13.119762420654297,-13.14244556427002,ok
LA_D_7562908,13.645482063293457,13.656990051269531,ok
LA_D_7562913,15.415488243103027,15.426008224487305,ok
LA_D_7563022,14.673318862915039,14.728803634643555,ok
LA_D_7563550,16.538124084472656,16.575666427612305,ok
LA_D_7563714,17.30430030822754,17.334232330322266,ok
LA_D_7564052,12.26495361328125,12.296732902526855,ok
LA_D_7564617,16.259910583496094,16.292606353759766,ok
LA_D_7564800,13.974777221679688,14.012142181396484,ok
LA_D_7565415,13.351143836975098,13.36900806427002,ok
LA_D_7566925,-14.591241836547852,-14.667685508728027,ok
LA_D_7567281,11.067098617553711,11.076460838317871,ok
LA_D_7567334,11.366598129272461,11.388994216918945,ok
LA_D_7567821,9.763873100280762,9.768162727355957,ok
LA_D_7568059,8.078064918518066,8.080328941345215,ok
LA_D_7568962,13.134747505187988,13.135998725891113,ok
LA_D_7569481,14.465131759643555,14.464025497436523,ok
LA_D_7570554,-12.99636173248291,-12.996525764465332,ok
LA_D_7570899,-16.163877487182617,-16.1672306060791,ok
LA_D_7571658,11.109166145324707,11.12486743927002,ok
LA_D_7572295,12.400823593139648,12.401905059814453,ok
LA_D_7573124,14.954082489013672,14.96446418762207,ok
LA_D_7573833,14.845568656921387,14.851552963256836,ok
LA_D_7574071,11.483697891235352,11.484801292419434,ok
LA_D_7574255,16.475845336914062,16.540159225463867,ok
LA_D_7575592,12.533407211303711,12.541635513305664,ok
LA_D_7575803,13.673853874206543,13.803945541381836,ok
LA_D_7575877,13.92010498046875,13.931206703186035,ok
LA_D_7576905,14.339077949523926,14.37818431854248,ok
LA_D_7577366,16.756752014160156,16.815370559692383,ok
LA_D_7577850,17.88543701171875,17.968172073364258,ok
LA_D_7579833,12.231443405151367,12.36899471282959,ok
LA_D_7579942,11.048360824584961,11.05019474029541,ok
LA_D_7581183,10.697540283203125,10.706891059875488,ok
LA_D_7584788,15.927851676940918,15.92740535736084,ok
LA_D_7585893,15.368494987487793,15.429858207702637,ok
LA_D_7587942,18.03692626953125,18.104646682739258,ok
LA_D_7588199,15.547921180725098,15.636284828186035,ok
LA_D_7588214,5.2390570640563965,5.234852313995361,ok
LA_D_7588829,14.977768898010254,15.09179401397705,ok
LA_D_7588911,16.626237869262695,16.644460678100586,ok
LA_D_7590299,5.880193710327148,5.874755382537842,ok
LA_D_7591062,12.135565757751465,12.219433784484863,ok
LA_D_7591549,18.504304885864258,18.572145462036133,ok
LA_D_7592898,7.6284050941467285,7.647196292877197,ok
LA_D_7594892,-14.121835708618164,-14.127087593078613,ok
LA_D_7595396,20.06961441040039,20.1224308013916,ok
LA_D_7595937,13.203371047973633,13.205537796020508,ok
LA_D_7596547,18.873977661132812,18.89191246032715,ok
LA_D_7596579,-12.306694984436035,-12.330757141113281,ok
LA_D_7596619,-14.998149871826172,-15.035085678100586,ok
LA_D_7597147,13.964927673339844,13.992898941040039,ok
LA_D_7598446,18.081069946289062,18.098350524902344,ok
LA_D_7599548,12.627306938171387,12.657240867614746,ok
LA_D_7599571,17.30362892150879,17.322832107543945,ok
LA_D_7599610,11.185784339904785,11.21336555480957,ok
LA_D_7600381,-9.231940269470215,-9.234208106994629,ok
LA_D_7601827,14.189186096191406,14.218339920043945,ok
LA_D_7603558,15.476045608520508,15.52628231048584,ok
LA_D_7603562,13.240036010742188,13.2471342086792,ok
LA_D_7604548,12.675816535949707,12.760258674621582,ok
LA_D_7604669,12.850629806518555,12.90368366241455,ok
LA_D_7605047,-12.198423385620117,-12.227887153625488,ok
LA_D_7605675,15.100275039672852,15.15463638305664,ok
LA_D_7605953,-12.306183815002441,-12.306214332580566,ok
LA_D_7606081,12.458775520324707,12.470280647277832,ok
LA_D_7606254,14.12063217163086,14.146918296813965,ok
LA_D_7607538,11.831295013427734,11.842925071716309,ok
LA_D_7607582,9.316768646240234,9.32990550994873,ok
LA_D_7608424,14.860896110534668,14.899432182312012,ok
LA_D_7608750,14.474112510681152,14.47516918182373,ok
LA_D_7608776,13.019862174987793,13.040748596191406,ok
LA_D_7611234,16.56840705871582,16.6051082611084,ok
LA_D_7611530,10.113788604736328,10.113143920898438,ok
LA_D_7611990,-14.036622047424316,-14.10478687286377,ok
LA_D_7612992,14.88005542755127,14.94305419921875,ok
LA_D_7613584,14.7127103805542,14.772600173950195,ok
LA_D_7614264,9.830177307128906,9.841826438903809,ok
LA_D_7614468,10.142210960388184,10.144478797912598,ok
LA_D_7614935,12.104660987854004,12.17502212524414,ok
LA_D_7615134,10.260419845581055,10.272604942321777,ok
LA_D_7616056,14.17230224609375,14.184269905090332,ok
LA_D_7616531,12.636281967163086,12.636279106140137,ok
LA_D_7616866,13.562893867492676,13.60405445098877,ok
LA_D_7618520,5.76466703414917,5.767582416534424,ok
LA_D_7618637,-13.44568157196045,-13.56252670288086,ok
LA_D_7618965,11.516881942749023,11.517939567565918,ok
LA_D_7620039,11.511445045471191,11.523026466369629,ok
LA_D_7620311,9.92674446105957,9.927553176879883,ok
LA_D_7621816,11.487881660461426,11.502394676208496,ok
LA_D_7622887,13.893170356750488,14.036303520202637,ok
LA_D_7623214,9.768322944641113,9.769275665283203,ok
LA_D_7623757,16.75049591064453,16.78394889831543,ok
LA_D_7625011,18.268701553344727,18.274839401245117,ok
LA_D_7625238,17.12533187866211,17.137741088867188,ok
LA_D_7626133,19.08433723449707,19.10417366027832,ok
LA_D_7626873,10.434358596801758,10.437980651855469,ok
LA_D_7627638,16.0100154876709,16.03902244567871,ok
LA_D_7627669,12.56197738647461,12.562514305114746,ok
LA_D_7628095,18.340133666992188,18.41292381286621,ok
LA_D_7628615,9.392069816589355,9.446944236755371,ok
LA_D_7628970,15.828243255615234,15.869210243225098,ok
LA_D_7629070,13.15773868560791,13.159621238708496,ok
LA_D_7629200,16.03429412841797,16.067546844482422,ok
LA_D_7630499,13.926852226257324,13.93138599395752,ok
LA_D_7631811,13.06257152557373,13.067195892333984,ok
LA_D_7632057,8.14588737487793,8.162232398986816,ok
LA_D_7632221,15.345959663391113,15.458962440490723,ok
LA_D_7634407,11.590702056884766,11.631470680236816,ok
LA_D_7635520,16.71975326538086,16.77155876159668,ok
LA_D_7635942,11.759458541870117,11.77895450592041,ok
LA_D_7640331,16.505870819091797,16.512468338012695,ok
LA_D_7640908,10.196191787719727,10.20101547241211,ok
LA_D_7640990,-14.266016006469727,-14.310853004455566,ok
LA_D_7641113,14.356142044067383,14.370647430419922,ok
LA_D_7641447,13.817254066467285,13.822915077209473,ok
LA_D_7643557,17.058122634887695,17.082138061523438,ok
LA_D_7643772,14.209756851196289,14.215192794799805,ok
LA_D_7643858,6.238183975219727,6.263679504394531,ok
LA_D_7643950,14.798375129699707,14.810724258422852,ok
LA_D_7644072,14.04754638671875,14.067313194274902,ok
LA_D_7644378,14.895899772644043,14.911587715148926,ok
LA_D_7645542,14.209869384765625,14.240119934082031,ok
LA_D_7647218,16.331289291381836,16.442663192749023,ok
LA_D_7647812,-15.552818298339844,-15.571586608886719,ok
LA_D_7647841,16.33390998840332,16.34673500061035,ok
LA_D_7647923,16.930011749267578,16.937898635864258,ok
LA_D_7650371,14.42770004272461,14.701491355895996,ok
LA_D_7651024,16.347383499145508,16.353771209716797,ok
LA_D_7651671,-10.685945510864258,-10.697501182556152,ok
LA_D_7652023,13.051655769348145,13.126997947692871,ok
LA_D_7655235,17.853271484375,17.858640670776367,ok
LA_D_7655266,10.142781257629395,10.140862464904785,ok
LA_D_7655279,12.991795539855957,13.007157325744629,ok
LA_D_7655377,13.790870666503906,13.7930269241333,ok
LA_D_7655527,14.920623779296875,14.920641899108887,ok
LA_D_7656709,9.81790542602539,9.819158554077148,ok
LA_D_7656827,16.180747985839844,16.34316062927246,ok
LA_D_7657304,16.649831771850586,16.667951583862305,ok
LA_D_7659039,18.425268173217773,18.462087631225586,ok
LA_D_7659121,18.009273529052734,18.019006729125977,ok
LA_D_7660152,18.85832405090332,18.918426513671875,ok
LA_D_7660511,17.997892379760742,18.018613815307617,ok
LA_D_7660720,9.757611274719238,9.75844669342041,ok
LA_D_7661091,12.934798240661621,12.946473121643066,ok
LA_D_7661298,13.90290641784668,13.923274993896484,ok
LA_D_7661318,10.644180297851562,10.656412124633789,ok
LA_D_7661904,14.593365669250488,14.613448143005371,ok
LA_D_7662648,15.650517463684082,15.662094116210938,ok
LA_D_7663034,17.861101150512695,18.005687713623047,ok
LA_D_7663086,10.885492324829102,10.882840156555176,ok
LA_D_7663996,9.32043743133545,9.328100204467773,ok
LA_D_7664409,15.72994613647461,15.769083023071289,ok
LA_D_7664602,13.517715454101562,13.545982360839844,ok
LA_D_7664721,11.763794898986816,11.848333358764648,ok
LA_D_7664865,16.190250396728516,16.44148826599121,ok
LA_D_7665160,15.75004768371582,15.761597633361816,ok
LA_D_7666735,17.8636531829834,17.922149658203125,ok
LA_D_7667125,16.939863204956055,16.94230079650879,ok
LA_D_7667637,13.666964530944824,13.700860023498535,ok
LA_D_7668402,11.726476669311523,11.808480262756348,ok
LA_D_7669397,15.017216682434082,15.030327796936035,ok
LA_D_7670870,12.810327529907227,12.851134300231934,ok
LA_D_7672778,9.90106201171875,9.956232070922852,ok
LA_D_7673323,7.231569766998291,7.245119571685791,ok
LA_D_7674419,13.609458923339844,13.818734169006348,ok
LA_D_7674620,19.441482543945312,19.44224739074707,ok
LA_D_7675126,13.46086311340332,13.47056770324707,ok
LA_D_7677736,14.0631685256958,14.109519004821777,ok
LA_D_7678069,16.362028121948242,16.385663986206055,ok
LA_D_7678162,18.219358444213867,18.28118896484375,ok
LA_D_7679169,-13.388936996459961,-13.398457527160645,ok
LA_D_7679219,19.494447708129883,19.49532699584961,ok
LA_D_7679395,15.782437324523926,15.781363487243652,ok
LA_D_7679781,14.777286529541016,14.777424812316895,ok
LA_D_7680436,10.330848693847656,10.333998680114746,ok
LA_D_7680881,18.349960327148438,18.381601333618164,ok
LA_D_7681644,15.107268333435059,15.098322868347168,ok
LA_D_7681851,15.296586036682129,15.38417911529541,ok
LA_D_7682953,-13.490135192871094,-13.546772956848145,ok
LA_D_7683536,17.870094299316406,17.977680206298828,ok
LA_D_7684667,15.125472068786621,15.192334175109863,ok
LA_D_7684971,16.552602767944336,16.65929412841797,ok
LA_D_7685864,14.872803688049316,14.869518280029297,ok
LA_D_7687575,17.565692901611328,17.64154624938965,ok
LA_D_7688135,15.951916694641113,16.056785583496094,ok
LA_D_7689936,17.046588897705078,17.145784378051758,ok
LA_D_7690544,11.317157745361328,11.334117889404297,ok
LA_D_7690918,12.455635070800781,12.485121726989746,ok
LA_D_7691716,12.400347709655762,12.507412910461426,ok
LA_D_7692183,10.927020072937012,10.944724082946777,ok
LA_D_7693345,16.940895080566406,16.996248245239258,ok
LA_D_7693912,7.91657018661499,7.909179210662842,ok
LA_D_7694154,16.7741756439209,16.78993797302246,ok
LA_D_7694213,18.561338424682617,18.667192459106445,ok
LA_D_7697515,13.226279258728027,13.28459358215332,ok
LA_D_7698637,16.33587074279785,16.360475540161133,ok
LA_D_7702151,14.113311767578125,14.113694190979004,ok
LA_D_7702883,14.342616081237793,14.346795082092285,ok
LA_D_7703631,16.508703231811523,16.554288864135742,ok
LA_D_7704331,12.058343887329102,12.059698104858398,ok
LA_D_7704814,15.50802993774414,15.578782081604004,ok
LA_D_7704954,-14.981088638305664,-14.999390602111816,ok
LA_D_7705939,14.539426803588867,14.585282325744629,ok
LA_D_7705946,12.998476028442383,13.034550666809082,ok
LA_D_7707569,14.507880210876465,14.514719009399414,ok
LA_D_7707754,-12.595702171325684,-12.61281681060791,ok
LA_D_7708338,16.12908363342285,16.182836532592773,ok
LA_D_7711223,16.7896728515625,16.901214599609375,ok
LA_D_7711351,9.015003204345703,9.051538467407227,ok
LA_D_7711976,7.775216102600098,7.778136253356934,ok
LA_D_7712763,14.417197227478027,14.44530963897705,ok
LA_D_7712887,16.679494857788086,17.093767166137695,ok
LA_D_7712944,11.664835929870605,11.674936294555664,ok
LA_D_7714440,16.110849380493164,16.197132110595703,ok
LA_D_7717790,13.106304168701172,13.103628158569336,ok
LA_D_7718050,-13.239679336547852,-13.243725776672363,ok
LA_D_7718079,-12.404790878295898,-12.439742088317871,ok
LA_D_7718364,-11.465805053710938,-11.467270851135254,ok
LA_D_7719213,13.447357177734375,13.569785118103027,ok
LA_D_7720126,-14.33613109588623,-14.426712036132812,ok
LA_D_7720647,14.974165916442871,15.068253517150879,ok
LA_D_7721121,13.634380340576172,13.637794494628906,ok
LA_D_7721167,13.649652481079102,13.701373100280762,ok
LA_D_7723211,16.01218032836914,16.023080825805664,ok
LA_D_7723352,15.534138679504395,15.533719062805176,ok
LA_D_7724545,12.89903450012207,12.900641441345215,ok
LA_D_7724772,-12.868605613708496,-12.877144813537598,ok
LA_D_7725114,13.271719932556152,13.305248260498047,ok
LA_D_7726114,-10.849112510681152,-10.866406440734863,ok
LA_D_7728140,12.80368423461914,12.80420207977295,ok
LA_D_7731461,21.290307998657227,21.314037322998047,ok
LA_D_7731909,-15.119366645812988,-15.15539264678955,ok
LA_D_7733072,17.089357376098633,17.082679748535156,ok
LA_D_7733474,12.610222816467285,12.68631649017334,ok
LA_D_7734402,11.134020805358887,11.133437156677246,ok
LA_D_7734687,15.899877548217773,16.396879196166992,ok
LA_D_7735219,13.363253593444824,13.57254695892334,ok
LA_D_7735847,13.704108238220215,13.793061256408691,ok
LA_D_7736037,15.29870319366455,15.375298500061035,ok
LA_D_7736331,14.573421478271484,14.661513328552246,ok
LA_D_7736435,15.904895782470703,15.917255401611328,ok
LA_D_7736497,13.487041473388672,13.515474319458008,ok
LA_D_7736692,17.09585952758789,17.140989303588867,ok
LA_D_7738175,10.09209156036377,10.116695404052734,ok
LA_D_7738182,10.119161605834961,10.154789924621582,ok
LA_D_7738912,14.7015962600708,14.739439010620117,ok
LA_D_7739036,10.793670654296875,10.796125411987305,ok
LA_D_7740163,13.75751781463623,13.811273574829102,ok
LA_D_7740262,18.936464309692383,18.977436065673828,ok
LA_D_7741491,16.154308319091797,16.178247451782227,ok
LA_D_7742306,14.818344116210938,14.837010383605957,ok
LA_D_7742793,12.250710487365723,12.374136924743652,ok
LA_D_7743189,8.759254455566406,8.766556739807129,ok
LA_D_7743470,13.133735656738281,13.225936889648438,ok
LA_D_7744376,12.883127212524414,12.890213966369629,ok
LA_D_7745862,13.530561447143555,13.551016807556152,ok
LA_D_7747702,9.982658386230469,9.987424850463867,ok
LA_D_7748160,22.35091781616211,22.366483688354492,ok
LA_D_7748254,13.939146041870117,13.975558280944824,ok
LA_D_7748381,26.391035079956055,26.425203323364258,ok
LA_D_7748502,10.243884086608887,10.257916450500488,ok
LA_D_7748664,14.936480522155762,14.968256950378418,ok
LA_D_7750101,12.09909439086914,12.143880844116211,ok
LA_D_7750113,14.36119556427002,14.374307632446289,ok
LA_D_7750829,15.664308547973633,15.687503814697266,ok
LA_D_7752556,9.646814346313477,9.658001899719238,ok
LA_D_7753521,-14.127067565917969,-14.211491584777832,ok
LA_D_7753669,10.807597160339355,10.808045387268066,ok
LA_D_7754957,10.945028305053711,10.945788383483887,ok
LA_D_7755104,17.808319091796875,17.811494827270508,ok
LA_D_7756238,14.545598030090332,14.552790641784668,ok
LA_D_7757055,10.226935386657715,10.230021476745605,ok
LA_D_7757173,13.490789413452148,13.572782516479492,ok
LA_D_7759688,13.516070365905762,13.521965026855469,ok
LA_D_7760363,11.755391120910645,11.755101203918457,ok
LA_D_7760476,14.402708053588867,14.412371635437012,ok
LA_D_7760578,-14.571368217468262,-14.63283920288086,ok
LA_D_7760924,9.540506362915039,9.54727554321289,ok
LA_D_7761946,16.186128616333008,16.23818016052246,ok
LA_D_7763323,13.224063873291016,13.219231605529785,ok
LA_D_7763354,12.109481811523438,12.111786842346191,ok
LA_D_7763874,9.547053337097168,9.563508033752441,ok
LA_D_7764203,9.84103012084961,9.915974617004395,ok
LA_D_7764747,12.436617851257324,12.499045372009277,ok
LA_D_7765088,-15.815452575683594,-15.835871696472168,ok
LA_D_7765457,14.592266082763672,14.616270065307617,ok
LA_D_7766550,12.784238815307617,12.790860176086426,ok
LA_D_7766576,15.172730445861816,15.210055351257324,ok
LA_D_7768185,3.8520240783691406,3.8509786128997803,ok
LA_D_7768286,13.890425682067871,13.998710632324219,ok
LA_D_7769275,11.155784606933594,11.167552947998047,ok
LA_D_7769896,14.477787971496582,14.480692863464355,ok
LA_D_7770558,13.257828712463379,13.28134822845459,ok
LA_D_7771073,17.118276596069336,17.318761825561523,ok
LA_D_7771621,14.99476432800293,15.044751167297363,ok
LA_D_7772478,9.907015800476074,9.9612398147583,ok
LA_D_7772523,17.131362915039062,17.178525924682617,ok
LA_D_7772989,18.50924301147461,18.57612419128418,ok
LA_D_7773434,8.487433433532715,8.509642601013184,ok
LA_D_7773540,16.4500675201416,16.456798553466797,ok
LA_D_7773583,19.828773498535156,19.85230827331543,ok
LA_D_7773769,14.65523910522461,14.667852401733398,ok
LA_D_7774259,15.119598388671875,15.158581733703613,ok
LA_D_7774318,14.075493812561035,14.07115364074707,ok
LA_D_7774346,12.737957000732422,12.836058616638184,ok
LA_D_7775067,14.428662300109863,14.45616340637207,ok
LA_D_7775116,13.02952766418457,13.085556030273438,ok
LA_D_7775830,15.704227447509766,15.718202590942383,ok
LA_D_7775873,14.908438682556152,15.004755973815918,ok
LA_D_7780225,12.763871192932129,12.768450736999512,ok
LA_D_7783081,11.219042778015137,11.22484302520752,ok
LA_D_7783250,-14.416878700256348,-14.42307186126709,ok
LA_D_7783288,-11.65194320678711,-11.737946510314941,ok
LA_D_7783712,-15.037599563598633,-15.127878189086914,ok
LA_D_7784081,15.716501235961914,15.729206085205078,ok
LA_D_7784356,14.813943862915039,14.891509056091309,ok
LA_D_7784995,19.397890090942383,19.465970993041992,ok
LA_D_7785816,18.889028549194336,19.050031661987305,ok
LA_D_7786100,15.706732749938965,15.710246086120605,ok
LA_D_7789202,12.919374465942383,13.03077220916748,ok
LA_D_7789272,5.440772533416748,5.4496636390686035,ok
LA_D_7789532,14.617622375488281,14.654160499572754,ok
LA_D_7790850,-16.222925186157227,-16.276052474975586,ok
LA_D_7792362,10.83487606048584,10.874608039855957,ok
LA_D_7792652,14.007485389709473,14.012993812561035,ok
LA_D_7792788,12.154020309448242,12.155316352844238,ok
LA_D_7793474,17.35043716430664,17.4157772064209,ok
LA_D_7793940,14.999045372009277,15.008086204528809,ok
LA_D_7794367,12.322158813476562,12.35346508026123,ok
LA_D_7794776,13.89851188659668,13.969630241394043,ok
LA_D_7795388,13.388683319091797,13.413549423217773,ok
LA_D_7795831,12.584875106811523,12.663022994995117,ok
LA_D_7796753,-15.335334777832031,-15.350762367248535,ok
LA_D_7796964,13.885376930236816,13.88562297821045,ok
LA_D_7798691,14.718491554260254,14.724017143249512,ok
LA_D_7799234,14.81596851348877,14.86746883392334,ok
LA_D_7800026,8.884222030639648,8.887149810791016,ok
LA_D_7800270,16.172880172729492,16.24065589904785,ok
LA_D_7801572,4.07977294921875,4.0973687171936035,ok
LA_D_7803058,19.088674545288086,19.09004783630371,ok
LA_D_7803358,14.739370346069336,14.73918342590332,ok
LA_D_7803428,14.06185245513916,14.067212104797363,ok
LA_D_7803538,13.710453033447266,13.830784797668457,ok
LA_D_7804582,15.97108268737793,15.971091270446777,ok
LA_D_7804785,14.848641395568848,14.873610496520996,ok
LA_D_7805571,7.547532081604004,7.552186965942383,ok
LA_D_7806158,12.71892261505127,12.731104850769043,ok
LA_D_7806943,13.92431640625,14.000887870788574,ok
LA_D_7808217,16.854612350463867,16.921998977661133,ok
LA_D_7809381,13.253661155700684,13.277925491333008,ok
LA_D_7810138,11.320992469787598,11.32313060760498,ok
LA_D_7810535,11.550822257995605,11.616495132446289,ok
LA_D_7812846,15.633581161499023,15.687755584716797,ok
LA_D_7813172,12.100961685180664,12.158156394958496,ok
LA_D_7813228,-10.527785301208496,-10.52993106842041,ok
LA_D_7813614,23.106538772583008,23.28251838684082,ok
LA_D_7815618,14.975059509277344,15.008340835571289,ok
LA_D_7821144,17.7849178314209,17.898536682128906,ok
LA_D_7821302,14.160123825073242,14.16242790222168,ok
LA_D_7822260,-14.926365852355957,-14.973870277404785,ok
LA_D_7822867,11.911111831665039,11.917439460754395,ok
LA_D_7823248,11.74610710144043,11.745902061462402,ok
LA_D_7823985,18.4412899017334,18.463668823242188,ok
LA_D_7824275,11.375032424926758,11.3803129196167,ok
LA_D_7824549,14.137518882751465,14.148622512817383,ok
LA_D_7824709,10.349388122558594,10.367562294006348,ok
LA_D_7825070,16.932092666625977,16.930660247802734,ok
LA_D_7826604,16.15087890625,16.17679786682129,ok
LA_D_7827911,11.935760498046875,11.964186668395996,ok
LA_D_7828554,16.141019821166992,16.16901206970215,ok
LA_D_7828929,15.568901062011719,15.619002342224121,ok
LA_D_7829453,15.065585136413574,15.096278190612793,ok
LA_D_7831531,13.366487503051758,13.380037307739258,ok
LA_D_7832705,17.57992172241211,17.65428924560547,ok
LA_D_7833173,10.845919609069824,10.916903495788574,ok
LA_D_7833826,21.232425689697266,21.26620864868164,ok
LA_D_7834333,11.24046802520752,11.266865730285645,ok
LA_D_7834454,15.319519996643066,15.493420600891113,ok
LA_D_7836235,14.036163330078125,14.024778366088867,ok
LA_D_7836755,11.085997581481934,11.144381523132324,ok
LA_D_7836916,-4.464466571807861,-4.4738450050354,ok
LA_D_7836942,17.054058074951172,17.126209259033203,ok
LA_D_7837262,18.287382125854492,18.325471878051758,ok
LA_D_7839744,18.311010360717773,18.335378646850586,ok
LA_D_7840753,13.86987018585205,13.86989688873291,ok
LA_D_7841911,-16.408424377441406,-16.438838958740234,ok
LA_D_7843372,16.710695266723633,16.754131317138672,ok
LA_D_7843877,10.598570823669434,10.61544418334961,ok
LA_D_7845355,13.877893447875977,14.161069869995117,ok
LA_D_7845923,15.311269760131836,15.324262619018555,ok
LA_D_7847128,17.413848876953125,17.51776695251465,ok
LA_D_7852940,13.815094947814941,13.88448429107666,ok
LA_D_7853660,18.95783233642578,18.959962844848633,ok
LA_D_7853908,12.129128456115723,12.128729820251465,ok
LA_D_7855371,11.845553398132324,11.848467826843262,ok
LA_D_7856417,13.970773696899414,13.976840019226074,ok
LA_D_7858202,10.622148513793945,10.663286209106445,ok
LA_D_7858791,12.928587913513184,12.979565620422363,ok
LA_D_7860380,2.968001365661621,2.9925434589385986,ok
LA_D_7861602,17.11227798461914,17.173952102661133,ok
LA_D_7862876,17.551406860351562,17.58485221862793,ok
LA_D_7863446,11.120580673217773,11.117596626281738,ok
LA_D_7863940,11.103480339050293,11.110767364501953,ok
LA_D_7864167,17.055505752563477,17.13201904296875,ok
LA_D_7865378,12.13882827758789,12.175995826721191,ok
LA_D_7866293,16.11073112487793,16.12358856201172,ok
LA_D_7866849,-6.116243362426758,-6.1887383460998535,ok
LA_D_7870160,-15.383393287658691,-15.434017181396484,ok
LA_D_7870262,18.279743194580078,18.307308197021484,ok
LA_D_7870469,17.849550247192383,17.846948623657227,ok
LA_D_7871009,-15.668253898620605,-15.704010963439941,ok
LA_D_7871600,9.460040092468262,9.482067108154297,ok
LA_D_7872579,14.586336135864258,14.58834171295166,ok
LA_D_7874275,-13.081334114074707,-13.122905731201172,ok
LA_D_7874436,14.37252426147461,14.436259269714355,ok
LA_D_7877117,14.935778617858887,14.93903636932373,ok
LA_D_7878130,14.908526420593262,14.938316345214844,ok
LA_D_7878150,8.748137474060059,8.755356788635254,ok
LA_D_7879955,-11.73906135559082,-11.756088256835938,ok
LA_D_7880514,15.116442680358887,15.128787994384766,ok
LA_D_7880553,10.821357727050781,10.826319694519043,ok
LA_D_7882779,12.453201293945312,12.519038200378418,ok
LA_D_7882957,14.276579856872559,14.27673625946045,ok
LA_D_7883377,-11.023435592651367,-11.037928581237793,ok
LA_D_7883460,14.53315258026123,14.577988624572754,ok
LA_D_7884675,15.484793663024902,15.510218620300293,ok
LA_D_7887063,17.95963478088379,17.964521408081055,ok
LA_D_7887508,16.61933708190918,16.644166946411133,ok
LA_D_7888661,9.017363548278809,9.019574165344238,ok
LA_D_7890490,8.42136287689209,8.468528747558594,ok
LA_D_7891516,20.375123977661133,20.386428833007812,ok
LA_D_7891639,15.514734268188477,15.591660499572754,ok
LA_D_7891889,16.67106819152832,16.72279167175293,ok
LA_D_7892017,12.483798027038574,12.504094123840332,ok
LA_D_7893531,12.245294570922852,12.247541427612305,ok
LA_D_7893603,9.88644027709961,9.897833824157715,ok
LA_D_7894097,13.67944049835205,13.68836498260498,ok
LA_D_7895930,20.140411376953125,20.444530487060547,ok
LA_D_7895951,11.835858345031738,11.83631420135498,ok
LA_D_7896930,14.91221809387207,15.019474983215332,ok
LA_D_7898281,17.12077522277832,17.173311233520508,ok
LA_D_7900629,14.856342315673828,14.924077987670898,ok
LA_D_7901021,-16.395029067993164,-16.410985946655273,ok
LA_D_7901168,13.465941429138184,13.72236442565918,ok
LA_D_7901390,12.61901569366455,12.622184753417969,ok
LA_D_7901552,13.825854301452637,13.840760231018066,ok
LA_D_7901691,14.014968872070312,14.066073417663574,ok
LA_D_7903297,14.68502140045166,14.682233810424805,ok
LA_D_7903763,17.45235824584961,17.72062110900879,ok
LA_D_7904161,15.11487865447998,15.139801979064941,ok
LA_D_7904343,14.685078620910645,14.701431274414062,ok
LA_D_7905314,12.776606559753418,12.789813995361328,ok
LA_D_7905993,12.803644180297852,12.822243690490723,ok
LA_D_7906477,12.678189277648926,12.724696159362793,ok
LA_D_7906665,12.90711784362793,12.94899845123291,ok
LA_D_7906750,15.688395500183105,15.698196411132812,ok
LA_D_7907328,14.623226165771484,14.66669750213623,ok
LA_D_7907493,11.881664276123047,11.992186546325684,ok
LA_D_7907871,14.959506034851074,14.997611045837402,ok
LA_D_7909240,14.951130867004395,15.079729080200195,ok
LA_D_7910632,17.694913864135742,17.718963623046875,ok
LA_D_7912035,15.533464431762695,15.708053588867188,ok
LA_D_7912198,14.103294372558594,14.216228485107422,ok
LA_D_7912208,12.473673820495605,12.500597953796387,ok
LA_D_7915757,16.21103858947754,16.4443302154541,ok
LA_D_7916323,9.817020416259766,9.887063980102539,ok
LA_D_7918457,15.958709716796875,16.20983123779297,ok
LA_D_7918811,15.209680557250977,15.235219955444336,ok
LA_D_7919147,13.19316577911377,13.213852882385254,ok
LA_D_7919190,-13.471817970275879,-13.502272605895996,ok
LA_D_7920014,10.932637214660645,10.995392799377441,ok
LA_D_7920083,17.06084632873535,17.15130043029785,ok
LA_D_7920196,5.260165214538574,5.271941184997559,ok
LA_D_7922506,11.646696090698242,11.667107582092285,ok
LA_D_7922604,17.362340927124023,17.40217399597168,ok
LA_D_7922711,12.497832298278809,12.497403144836426,ok
LA_D_7925481,16.161561965942383,16.174692153930664,ok
LA_D_7927430,15.47023868560791,15.520371437072754,ok
LA_D_7928225,7.203314304351807,7.209540843963623,ok
LA_D_7930498,13.952127456665039,13.984001159667969,ok
LA_D_7931400,17.480754852294922,17.535669326782227,ok
LA_D_7931644,12.077278137207031,12.078240394592285,ok
LA_D_7932133,12.182798385620117,12.195969581604004,ok
LA_D_7932134,16.811559677124023,17.364717483520508,ok
LA_D_7932767,14.4756498336792,14.576106071472168,ok
LA_D_7933136,14.559833526611328,14.581559181213379,ok
LA_D_7933208,-13.947344779968262,-13.95949935913086,ok
LA_D_7934417,13.885642051696777,13.904175758361816,ok
LA_D_7936437,11.778918266296387,11.779669761657715,ok
LA_D_7937424,14.898158073425293,14.942778587341309,ok
LA_D_7937903,18.71880531311035,18.723024368286133,ok
LA_D_7938162,10.885788917541504,10.896331787109375,ok
LA_D_7939810,16.209665298461914,16.224882125854492,ok
LA_D_7940727,8.397053718566895,8.408355712890625,ok
LA_D_7941843,17.862205505371094,18.07050132751465,ok
LA_D_7942115,13.376391410827637,13.411396980285645,ok
LA_D_7944594,16.615407943725586,16.662599563598633,ok
LA_D_7944625,-8.495882034301758,-8.562819480895996,ok
LA_D_7945750,15.769304275512695,15.920329093933105,ok
LA_D_7946330,16.767662048339844,16.854215621948242,ok
LA_D_7947630,12.644923210144043,12.686086654663086,ok
LA_D_7948287,17.73133659362793,17.789819717407227,ok
LA_D_7949260,11.502616882324219,11.519792556762695,ok
LA_D_7950517,12.273188591003418,12.3071870803833,ok
LA_D_7952081,17.671485900878906,17.705472946166992,ok
LA_D_7953159,13.306490898132324,13.353468894958496,ok
LA_D_7953344,15.97032642364502,15.990340232849121,ok
LA_D_7953471,12.501688003540039,12.529446601867676,ok
LA_D_7954147,9.126545906066895,9.123015403747559,ok
LA_D_7954380,18.253822326660156,18.31495475769043,ok
LA_D_7955580,13.877779006958008,13.896750450134277,ok
LA_D_7957109,11.35618782043457,11.395761489868164,ok
LA_D_7957211,-12.126668930053711,-12.183287620544434,ok
LA_D_7957664,9.752691268920898,9.778254508972168,ok
LA_D_7958457,12.06806755065918,12.074167251586914,ok
LA_D_7958461,7.241001605987549,7.268183708190918,ok
LA_D_7959836,12.392165184020996,12.41418743133545,ok
LA_D_7960499,7.884292125701904,7.897453308105469,ok
LA_D_7961471,11.970776557922363,11.974814414978027,ok
LA_D_7962163,15.982407569885254,16.015283584594727,ok
LA_D_7963921,18.843101501464844,18.945262908935547,ok
LA_D_7964973,14.598841667175293,14.696321487426758,ok
LA_D_7965379,7.413160800933838,7.4214887619018555,ok
LA_D_7965716,14.577682495117188,14.58864974975586,ok
LA_D_7967827,9.70202350616455,9.709447860717773,ok
LA_D_7969154,17.855514526367188,17.975858688354492,ok
LA_D_7969869,17.981660842895508,18.02524757385254,ok
LA_D_7970013,14.289127349853516,14.357878684997559,ok
LA_D_7970494,9.294940948486328,9.322054862976074,ok
LA_D_7970984,19.10399055480957,19.319185256958008,ok
LA_D_7971494,14.978170394897461,15.040128707885742,ok
LA_D_7972028,18.07866668701172,18.094980239868164,ok
LA_D_7972252,14.252182006835938,14.28557300567627,ok
LA_D_7972724,-14.251601219177246,-14.278251647949219,ok
LA_D_7973047,12.160177230834961,12.251749992370605,ok
LA_D_7973088,10.875359535217285,10.90363597869873,ok
LA_D_7973788,14.066122055053711,14.100682258605957,ok
LA_D_7974481,11.690938949584961,11.69432544708252,ok
LA_D_7974536,-14.686644554138184,-14.731114387512207,ok
LA_D_7974697,11.589160919189453,11.606793403625488,ok
LA_D_7975085,14.651761054992676,14.747342109680176,ok
LA_D_7977077,14.955223083496094,14.970050811767578,ok
LA_D_7977320,14.826869010925293,14.874772071838379,ok
LA_D_7978065,7.019214153289795,7.019929885864258,ok
LA_D_7979163,12.220965385437012,12.22783374786377,ok
LA_D_7979281,19.592138290405273,19.600431442260742,ok
LA_D_7979297,15.28279972076416,15.347525596618652,ok
LA_D_7979905,13.437289237976074,13.438812255859375,ok
LA_D_7980033,15.026681900024414,15.069436073303223,ok
LA_D_7981282,14.748486518859863,14.951533317565918,ok
LA_D_7982514,-14.345131874084473,-14.36180591583252,ok
LA_D_7984251,16.013107299804688,16.010456085205078,ok
LA_D_7984768,15.35875415802002,15.385287284851074,ok
LA_D_7984933,14.85040283203125,14.881267547607422,ok
LA_D_7985250,13.500199317932129,13.5943021774292,ok
LA_D_7985410,8.904293060302734,8.911232948303223,ok
LA_D_7986044,16.171524047851562,16.19028663635254,ok
LA_D_7986305,16.674715042114258,16.703948974609375,ok
LA_D_7988938,16.490137100219727,16.602998733520508,ok
LA_D_7989171,10.988553047180176,11.001448631286621,ok
LA_D_7989607,-12.2322359085083,-12.236332893371582,ok
LA_D_7989855,22.983007431030273,23.290586471557617,ok
LA_D_7990145,13.225849151611328,13.343811988830566,ok
LA_D_7990767,7.410820007324219,7.465904712677002,ok
LA_D_7991093,14.078373908996582,14.109721183776855,ok
LA_D_7992518,23.533477783203125,23.607439041137695,ok
LA_D_7993138,21.795368194580078,22.17877769470215,ok
LA_D_7993478,15.598377227783203,15.610716819763184,ok
LA_D_7994905,11.330642700195312,11.345233917236328,ok
LA_D_7994992,10.945976257324219,10.966145515441895,ok
LA_D_7995508,15.949183464050293,16.005634307861328,ok
LA_D_7995545,7.829527854919434,7.933538436889648,ok
LA_D_7995659,17.938791275024414,17.99753761291504,ok
LA_D_7996201,12.41333293914795,12.441128730773926,ok
LA_D_7996866,11.88856029510498,11.89687442779541,ok
LA_D_7996904,9.43541145324707,9.435576438903809,ok
LA_D_7997330,19.125106811523438,19.165685653686523,ok
LA_D_7998693,9.294812202453613,9.300619125366211,ok
LA_D_7999736,16.97871971130371,17.018468856811523,ok
LA_D_8000547,17.736602783203125,17.82895851135254,ok
LA_D_8001922,12.575945854187012,12.59106159210205,ok
LA_D_8002093,7.74043083190918,7.8321003913879395,ok
LA_D_8002427,16.331722259521484,16.355344772338867,ok
LA_D_8002591,13.664077758789062,13.673069953918457,ok
LA_D_8003757,14.820980072021484,14.827733039855957,ok
LA_D_8003982,8.28315258026123,8.280060768127441,ok
LA_D_8006078,20.910690307617188,20.94037437438965,ok
LA_D_8006339,-14.359681129455566,-14.364245414733887,ok
LA_D_8006888,14.45775032043457,14.675471305847168,ok
LA_D_8008375,12.819067001342773,12.835395812988281,ok
LA_D_8008446,11.9185152053833,11.982682228088379,ok
LA_D_8010160,16.382583618164062,16.543067932128906,ok
LA_D_8011201,11.444579124450684,11.496140480041504,ok
LA_D_8012683,12.355873107910156,12.44909954071045,ok
LA_D_8014808,11.016971588134766,11.009432792663574,ok
LA_D_8015998,18.145322799682617,18.261240005493164,ok
LA_D_8018834,13.796470642089844,13.82083797454834,ok
LA_D_8019379,13.174507141113281,13.184897422790527,ok
LA_D_8020367,11.064451217651367,11.09813404083252,ok
LA_D_8022264,13.525073051452637,13.61104965209961,ok
LA_D_8022584,18.174755096435547,18.18596076965332,ok
LA_D_8022699,11.809322357177734,11.882651329040527,ok
LA_D_8023557,9.62801456451416,9.636762619018555,ok
LA_D_8024787,20.045337677001953,20.050004959106445,ok
LA_D_8025687,15.409957885742188,15.441454887390137,ok
LA_D_8026429,16.34467315673828,16.347909927368164,ok
LA_D_8027836,14.12735366821289,14.168493270874023,ok
LA_D_8028295,9.734368324279785,9.757730484008789,ok
LA_D_8028589,15.46924114227295,15.485745429992676,ok
LA_D_8029129,6.695770263671875,6.70832633972168,ok
LA_D_8029227,-11.448640823364258,-11.460399627685547,ok
LA_D_8029513,13.204631805419922,13.204888343811035,ok
LA_D_8030349,15.342612266540527,15.41140079498291,ok
LA_D_8030557,14.163650512695312,14.26717472076416,ok
LA_D_8031870,-15.410700798034668,-15.554986000061035,ok
LA_D_8033621,-14.952707290649414,-15.001740455627441,ok
LA_D_8035203,13.535294532775879,13.676373481750488,ok
LA_D_8035288,10.636618614196777,10.640568733215332,ok
LA_D_8035773,8.470531463623047,8.473443031311035,ok
LA_D_8037199,-14.42713451385498,-14.433527946472168,ok
LA_D_8037358,-12.099102020263672,-12.102680206298828,ok
LA_D_8037458,6.596205711364746,6.596956729888916,ok
LA_D_8037537,12.824533462524414,12.836926460266113,ok
LA_D_8038151,13.65572738647461,13.731406211853027,ok
LA_D_8039108,2.574153423309326,2.5793659687042236,ok
LA_D_8039247,14.451640129089355,14.4592866897583,ok
LA_D_8042295,13.305208206176758,13.324957847595215,ok
LA_D_8042846,-12.1914701461792,-12.200173377990723,ok
LA_D_8043080,-15.486662864685059,-15.506341934204102,ok
LA_D_8043094,8.245896339416504,8.277359962463379,ok
LA_D_8044665,18.1492919921875,18.20237922668457,ok
LA_D_8045100,11.706323623657227,11.724970817565918,ok
LA_D_8045695,11.509570121765137,11.526822090148926,ok
LA_D_8046608,5.786525726318359,5.797426223754883,ok
LA_D_8047166,12.952966690063477,12.974400520324707,ok
LA_D_8047998,17.42339324951172,17.448293685913086,ok
LA_D_8048204,9.308330535888672,9.295648574829102,ok
LA_D_8048240,9.562051773071289,9.58829402923584,ok
LA_D_8048655,8.019107818603516,8.03671932220459,ok
LA_D_8050534,10.121570587158203,10.120682716369629,ok
LA_D_8051414,14.479108810424805,14.500741958618164,ok
LA_D_8051595,9.100201606750488,9.206028938293457,ok
LA_D_8052049,10.476723670959473,10.477046012878418,ok
LA_D_8052749,15.403826713562012,15.465631484985352,ok
LA_D_8055872,-17.225950241088867,-17.288747787475586,ok
LA_D_8055923,15.418246269226074,15.528409004211426,ok
LA_D_8056679,14.549423217773438,14.619418144226074,ok
LA_D_8056722,11.498091697692871,11.500383377075195,ok
LA_D_8056974,14.663921356201172,14.68032169342041,ok
LA_D_8057316,7.447698593139648,7.452238082885742,ok
LA_D_8058106,14.676097869873047,14.6939058303833,ok
LA_D_8059988,10.373531341552734,10.378644943237305,ok
LA_D_8060077,10.883947372436523,10.892361640930176,ok
LA_D_8061400,-14.989184379577637,-15.011981964111328,ok
LA_D_8062342,15.924444198608398,15.952681541442871,ok
LA_D_8063128,16.2285213470459,16.246362686157227,ok
LA_D_8063205,15.405237197875977,15.417193412780762,ok
LA_D_8063814,17.48975944519043,17.495283126831055,ok
LA_D_8063853,12.236122131347656,12.236224174499512,ok
LA_D_8066346,13.052658081054688,13.15601634979248,ok
LA_D_8068169,14.55821418762207,14.56743335723877,ok
LA_D_8069387,16.026081085205078,16.037126541137695,ok
LA_D_8069736,10.945008277893066,11.012272834777832,ok
LA_D_8070544,14.409028053283691,14.505549430847168,ok
LA_D_8071214,16.988309860229492,17.134441375732422,ok
LA_D_8072455,18.243215560913086,18.269399642944336,ok
LA_D_8073022,15.681774139404297,15.713879585266113,ok
LA_D_8073420,16.544597625732422,16.59281349182129,ok
LA_D_8073490,-12.4141206741333,-12.420199394226074,ok
LA_D_8075316,11.32981014251709,11.33460807800293,ok
LA_D_8075381,10.258748054504395,10.309054374694824,ok
LA_D_8075963,11.455850601196289,11.495158195495605,ok
LA_D_8076309,-13.475788116455078,-13.513081550598145,ok
LA_D_8076373,14.949005126953125,14.948994636535645,ok
LA_D_8076419,7.931281089782715,7.948585033416748,ok
LA_D_8076714,11.08013916015625,11.082072257995605,ok
LA_D_8076909,14.889793395996094,14.924015998840332,ok
LA_D_8076952,13.874359130859375,13.910292625427246,ok
LA_D_8077226,12.372368812561035,12.400391578674316,ok
LA_D_8077642,17.5173397064209,17.589405059814453,ok
LA_D_8078382,-11.145862579345703,-11.175674438476562,ok
LA_D_8080127,9.324860572814941,9.327187538146973,ok
LA_D_8086346,13.698687553405762,13.704665184020996,ok
LA_D_8087903,13.07988166809082,13.079718589782715,ok
LA_D_8088423,14.36384105682373,14.425963401794434,ok
LA_D_8088848,14.808415412902832,14.870218276977539,ok
LA_D_8089053,11.730114936828613,11.735513687133789,ok
LA_D_8089175,-5.040210723876953,-5.051364421844482,ok
LA_D_8090102,16.781044006347656,16.81686782836914,ok
LA_D_8090443,20.194900512695312,20.196170806884766,ok
LA_D_8091175,14.359273910522461,14.38228702545166,ok
LA_D_8091393,14.797616958618164,14.79857349395752,ok
LA_D_8091742,15.86320972442627,15.9719820022583,ok
LA_D_8091794,15.785082817077637,15.794774055480957,ok
LA_D_8092331,13.436655044555664,13.543244361877441,ok
LA_D_8093378,17.840126037597656,17.863269805908203,ok
LA_D_8094005,10.560803413391113,10.562146186828613,ok
LA_D_8094196,17.818979263305664,17.86647605895996,ok
LA_D_8094886,10.305645942687988,10.303229331970215,ok
LA_D_8095844,15.881381034851074,15.912217140197754,ok
LA_D_8096872,14.481247901916504,14.545186996459961,ok
LA_D_8097725,12.405917167663574,12.405585289001465,ok
LA_D_8099371,11.089041709899902,11.111108779907227,ok
LA_D_8099511,10.679317474365234,10.678643226623535,ok
LA_D_8099861,12.617674827575684,12.645241737365723,ok
LA_D_8100525,16.570934295654297,16.66829490661621,ok
LA_D_8100591,-12.759408950805664,-12.772658348083496,ok
LA_D_8102825,12.991079330444336,13.032281875610352,ok
LA_D_8103199,7.854540824890137,7.846757411956787,ok
LA_D_8103595,15.894304275512695,15.94771671295166,ok
LA_D_8103599,-14.09500503540039,-14.1445894241333,ok
LA_D_8106710,9.255880355834961,9.276846885681152,ok
LA_D_8106755,15.330760955810547,15.335719108581543,ok
LA_D_8107336,10.571550369262695,10.587541580200195,ok
LA_D_8108711,12.059717178344727,12.06618881225586,ok
LA_D_8108942,16.034866333007812,16.091054916381836,ok
LA_D_8110188,14.745977401733398,14.762886047363281,ok
LA_D_8111494,18.81385040283203,18.96527671813965,ok
LA_D_8111703,16.05970001220703,16.075054168701172,ok
LA_D_8112113,12.750259399414062,12.766547203063965,ok
LA_D_8113228,11.818826675415039,11.903891563415527,ok
LA_D_8113627,12.396747589111328,12.449421882629395,ok
LA_D_8113820,14.985945701599121,15.091121673583984,ok
LA_D_8113827,11.945252418518066,11.959596633911133,ok
LA_D_8114334,12.538296699523926,12.540837287902832,ok
LA_D_8115137,13.426111221313477,13.4271821975708,ok
LA_D_8115280,16.30363655090332,16.308639526367188,ok
LA_D_8116083,2.892235517501831,2.8879809379577637,ok
LA_D_8116371,8.462874412536621,8.509809494018555,ok
LA_D_8116593,14.76559066772461,14.776239395141602,ok
LA_D_8116629,14.269906997680664,14.314927101135254,ok
LA_D_8117597,14.685093879699707,14.685925483703613,ok
LA_D_8117787,-13.60905933380127,-13.742814064025879,ok
LA_D_8117889,14.594111442565918,14.603116035461426,ok
LA_D_8118074,-15.383129119873047,-15.456870079040527,ok
LA_D_8118167,3.702622413635254,3.7969913482666016,ok
LA_D_8118910,15.597930908203125,15.601012229919434,ok
LA_D_8120238,9.692975044250488,9.694944381713867,ok
LA_D_8121898,14.650633811950684,14.692337036132812,ok
LA_D_8122140,16.601459503173828,16.625356674194336,ok
LA_D_8123213,16.598478317260742,16.6075382232666,ok
LA_D_8125219,15.351274490356445,15.365311622619629,ok
LA_D_8125961,17.153928756713867,17.1546573638916,ok
LA_D_8126031,13.403103828430176,13.41341495513916,ok
LA_D_8126226,15.744940757751465,15.751411437988281,ok
LA_D_8126437,-14.118135452270508,-14.222387313842773,ok
LA_D_8126699,12.087754249572754,12.132216453552246,ok
LA_D_8127049,11.707425117492676,11.751055717468262,ok
LA_D_8128338,8.117913246154785,8.116131782531738,ok
LA_D_8128439,15.294840812683105,15.329354286193848,ok
LA_D_8128480,11.957291603088379,11.962738990783691,ok
LA_D_8128482,15.997300148010254,16.091907501220703,ok
LA_D_8128760,10.225199699401855,10.221907615661621,ok
LA_D_8130173,-8.517894744873047,-8.701970100402832,ok
LA_D_8130384,15.695226669311523,15.706637382507324,ok
LA_D_8131208,11.342636108398438,11.354758262634277,ok
LA_D_8133720,14.336792945861816,14.373608589172363,ok
LA_D_8135380,15.66248893737793,15.669222831726074,ok
LA_D_8136728,17.12090492248535,17.245616912841797,ok
LA_D_8137767,14.405843734741211,14.456067085266113,ok
LA_D_8137810,16.628864288330078,16.667272567749023,ok
LA_D_8138035,19.638648986816406,19.669736862182617,ok
LA_D_8138165,15.671083450317383,15.79947280883789,ok
LA_D_8138478,16.187299728393555,16.53424835205078,ok
LA_D_8138691,13.224392890930176,13.230813026428223,ok
LA_D_8140249,15.54324722290039,15.641929626464844,ok
LA_D_8141415,15.923630714416504,15.990077018737793,ok
LA_D_8141901,9.807031631469727,9.835570335388184,ok
LA_D_8142373,-15.43922233581543,-15.444275856018066,ok
LA_D_8142949,12.763554573059082,12.773329734802246,ok
LA_D_8143487,13.996618270874023,14.038619041442871,ok
LA_D_8145413,14.069842338562012,14.0778226852417,ok
LA_D_8145529,12.11622428894043,12.20482349395752,ok
LA_D_8145979,12.981094360351562,12.993691444396973,ok
LA_D_8146012,1.706307291984558,1.7164193391799927,ok
LA_D_8146146,17.115882873535156,17.28483009338379,ok
LA_D_8147163,-3.145416736602783,-3.2134666442871094,ok
LA_D_8147839,15.155441284179688,15.168065071105957,ok
LA_D_8149667,6.503401756286621,6.508422374725342,ok
LA_D_8152318,24.645292282104492,25.035371780395508,ok
LA_D_8155157,12.03596019744873,12.123595237731934,ok
LA_D_8155318,-14.4664306640625,-14.478472709655762,ok
LA_D_8156106,15.80480670928955,15.821122169494629,ok
LA_D_8156558,14.58093547821045,14.588334083557129,ok
LA_D_8159037,18.221094131469727,18.221010208129883,ok
LA_D_8160527,12.815696716308594,12.820775985717773,ok
LA_D_8161159,-15.360832214355469,-15.368925094604492,ok
LA_D_8161190,11.269475936889648,11.314838409423828,ok
LA_D_8161346,9.623655319213867,9.623600006103516,ok
LA_D_8161836,-15.414859771728516,-15.452360153198242,ok
LA_D_8161949,12.497648239135742,12.504456520080566,ok
LA_D_8162284,16.833984375,16.844282150268555,ok
LA_D_8162971,17.022254943847656,17.07293128967285,ok
LA_D_8164002,14.624879837036133,14.710416793823242,ok
LA_D_8165556,9.41887378692627,9.453141212463379,ok
LA_D_8167480,19.33984375,19.384801864624023,ok
LA_D_8167492,12.10745906829834,12.108777046203613,ok
LA_D_8168206,-10.305591583251953,-10.30996036529541,ok
LA_D_8169185,19.446945190429688,19.47499656677246,ok
LA_D_8169310,21.610355377197266,21.69269371032715,ok
LA_D_8169401,15.894639015197754,15.90375804901123,ok
LA_D_8169593,16.49002456665039,16.553922653198242,ok
LA_D_8169706,12.440217971801758,12.498050689697266,ok
LA_D_8170828,13.352272033691406,13.360207557678223,ok
LA_D_8170962,12.175402641296387,12.178589820861816,ok
LA_D_8171758,17.37962532043457,17.422163009643555,ok
LA_D_8172272,16.10139274597168,16.28672218322754,ok
LA_D_8172352,0.6003322005271912,0.5856293439865112,ok
LA_D_8172970,10.991436004638672,10.989644050598145,ok
LA_D_8173305,12.502906799316406,12.51426887512207,ok
LA_D_8173717,7.508601188659668,7.513050079345703,ok
LA_D_8173750,14.75400161743164,14.79703426361084,ok
LA_D_8174334,16.259761810302734,16.370708465576172,ok
LA_D_8174656,16.05614471435547,16.074047088623047,ok
LA_D_8174725,-14.13113021850586,-14.18801212310791,ok
LA_D_8175426,14.512557029724121,14.520140647888184,ok
LA_D_8176963,17.01261329650879,17.106586456298828,ok
LA_D_8177576,19.18028450012207,19.33348846435547,ok
LA_D_8179191,-13.628056526184082,-13.66097640991211,ok
LA_D_8181591,19.063886642456055,19.121484756469727,ok
LA_D_8181617,17.089876174926758,17.117399215698242,ok
LA_D_8181944,13.309309005737305,13.336538314819336,ok
LA_D_8182095,13.255233764648438,13.292302131652832,ok
LA_D_8182963,10.477997779846191,10.479809761047363,ok
LA_D_8183218,15.041044235229492,15.084880828857422,ok
LA_D_8183682,11.656928062438965,11.69877815246582,ok
LA_D_8183756,16.69859504699707,16.698060989379883,ok
LA_D_8184153,15.26214599609375,15.264693260192871,ok
LA_D_8185311,14.814240455627441,14.855080604553223,ok
LA_D_8187108,12.854757308959961,12.883966445922852,ok
LA_D_8187236,14.832971572875977,14.83577823638916,ok
LA_D_8187801,-13.448455810546875,-13.602072715759277,ok
LA_D_8189332,12.78459358215332,12.783682823181152,ok
LA_D_8191193,5.726204872131348,5.726083278656006,ok
LA_D_8191353,14.19743537902832,14.201590538024902,ok
LA_D_8191875,16.630460739135742,16.610122680664062,ok
LA_D_8192015,18.56754493713379,18.677446365356445,ok
LA_D_8192047,-13.499409675598145,-13.505727767944336,ok
LA_D_8193062,19.40604019165039,19.42863655090332,ok
LA_D_8195070,17.8277587890625,17.898218154907227,ok
LA_D_8197154,-15.51398754119873,-15.523259162902832,ok
LA_D_8197390,14.528281211853027,14.606894493103027,ok
LA_D_8197963,13.56223201751709,13.588851928710938,ok
LA_D_8198807,13.377333641052246,13.400025367736816,ok
LA_D_8198887,18.243494033813477,18.278324127197266,ok
LA_D_8199055,16.958511352539062,17.080081939697266,ok
LA_D_8200105,19.201372146606445,19.265504837036133,ok
LA_D_8200506,16.724702835083008,16.747289657592773,ok
LA_D_8201742,13.437783241271973,13.43761157989502,ok
LA_D_8202140,18.25146484375,18.256649017333984,ok
LA_D_8203772,8.713544845581055,8.723776817321777,ok
LA_D_8203916,9.976451873779297,9.994921684265137,ok
LA_D_8204811,15.49331283569336,15.567216873168945,ok
LA_D_8205041,12.561971664428711,12.563443183898926,ok
LA_D_8205467,7.447074890136719,7.468817710876465,ok
LA_D_8205767,13.546442985534668,13.555936813354492,ok
LA_D_8206665,13.013262748718262,13.017308235168457,ok
LA_D_8208840,8.686182022094727,8.723299980163574,ok
LA_D_8208934,11.902519226074219,11.919167518615723,ok
LA_D_8210004,8.394510269165039,8.42302131652832,ok
LA_D_8210054,-12.634803771972656,-12.648482322692871,ok
LA_D_8210164,-16.136083602905273,-16.188871383666992,ok
LA_D_8213309,12.040069580078125,12.070182800292969,ok
LA_D_8214303,-14.336261749267578,-14.383598327636719,ok
LA_D_8214679,-12.321599960327148,-12.424576759338379,ok
LA_D_8214776,11.784489631652832,11.822710990905762,ok
LA_D_8216112,17.357807159423828,17.482189178466797,ok
LA_D_8217131,13.115287780761719,13.184883117675781,ok
LA_D_8217709,14.439128875732422,14.440309524536133,ok
LA_D_8218322,11.529908180236816,11.538578033447266,ok
LA_D_8220161,18.968013763427734,19.043928146362305,ok
LA_D_8220439,13.31221866607666,13.329362869262695,ok
LA_D_8220866,-13.260183334350586,-13.318918228149414,ok
LA_D_8221506,13.984306335449219,14.001581192016602,ok
LA_D_8221856,13.630717277526855,13.654451370239258,ok
LA_D_8222020,-16.298551559448242,-16.324609756469727,ok
LA_D_8222053,6.750629901885986,6.760176181793213,ok
LA_D_8222620,-15.380522727966309,-15.397773742675781,ok
LA_D_8222801,11.063678741455078,11.086784362792969,ok
LA_D_8223331,14.019495010375977,14.059737205505371,ok
LA_D_8223817,11.53564453125,11.598732948303223,ok
LA_D_8224117,15.806558609008789,15.840535163879395,ok
LA_D_8224626,13.645946502685547,13.648385047912598,ok
LA_D_8226027,13.812237739562988,13.821761131286621,ok
LA_D_8226217,10.013126373291016,10.055964469909668,ok
LA_D_8228250,14.587993621826172,14.610297203063965,ok
LA_D_8228939,15.004435539245605,15.014018058776855,ok
LA_D_8228955,15.677553176879883,15.712874412536621,ok
LA_D_8229090,15.400315284729004,15.445317268371582,ok
LA_D_8229496,16.345436096191406,16.35100555419922,ok
LA_D_8231246,15.080436706542969,15.087651252746582,ok
LA_D_8233417,17.335041046142578,17.364940643310547,ok
LA_D_8233626,13.90869140625,13.943243980407715,ok
LA_D_8234296,8.973069190979004,8.972655296325684,ok
LA_D_8235144,-11.835562705993652,-11.847662925720215,ok
LA_D_8237075,-14.379237174987793,-14.382304191589355,ok
LA_D_8238983,13.24716854095459,13.272927284240723,ok
LA_D_8239123,-13.318114280700684,-13.322591781616211,ok
LA_D_8239585,13.72791862487793,13.755915641784668,ok
LA_D_8240404,12.409613609313965,12.4674654006958,ok
LA_D_8241189,13.75267505645752,13.82319450378418,ok
LA_D_8242715,14.640485763549805,14.68386173248291,ok
LA_D_8243334,15.80618953704834,15.806405067443848,ok
LA_D_8243405,12.016732215881348,12.022350311279297,ok
LA_D_8243419,15.085790634155273,15.093525886535645,ok
LA_D_8243640,14.67435359954834,14.676785469055176,ok
LA_D_8243797,16.241661071777344,16.291309356689453,ok
LA_D_8244804,20.490495681762695,20.550533294677734,ok
LA_D_8244933,8.9569673538208,8.987689018249512,ok
LA_D_8245412,17.168519973754883,17.17576026916504,ok
LA_D_8246386,18.37714195251465,18.40082359313965,ok
LA_D_8247746,13.985475540161133,14.022236824035645,ok
LA_D_8248087,13.490737915039062,13.50442886352539,ok
LA_D_8248529,16.957027435302734,16.988950729370117,ok
LA_D_8249434,15.633713722229004,15.681754112243652,ok
LA_D_8249675,15.223589897155762,15.318940162658691,ok
LA_D_8250257,13.950774192810059,13.955408096313477,ok
LA_D_8250392,13.090576171875,13.102349281311035,ok
LA_D_8250953,14.09453010559082,14.094861030578613,ok
LA_D_8252368,4.465558052062988,4.602052211761475,ok
LA_D_8256584,11.135902404785156,11.140528678894043,ok
LA_D_8257354,17.356760025024414,17.435483932495117,ok
LA_D_8257425,15.45582389831543,15.468154907226562,ok
LA_D_8257669,14.129805564880371,14.20232105255127,ok
LA_D_8258080,13.527787208557129,13.530423164367676,ok
LA_D_8258450,7.015820503234863,7.010021686553955,ok
LA_D_8258459,10.987195014953613,11.043177604675293,ok
LA_D_8259778,9.579708099365234,9.59883975982666,ok
LA_D_8259798,14.315181732177734,14.353273391723633,ok
LA_D_8260717,15.171592712402344,15.209174156188965,ok
LA_D_8260762,-14.645423889160156,-14.653746604919434,ok
LA_D_8261063,14.807914733886719,14.905213356018066,ok
LA_D_8261443,16.6663875579834,16.72547149658203,ok
LA_D_8261853,15.477904319763184,15.639294624328613,ok
LA_D_8261899,16.029603958129883,16.054224014282227,ok
LA_D_8261981,6.013638973236084,6.013733386993408,ok
LA_D_8262471,14.335162162780762,14.366093635559082,ok
LA_D_8262652,14.16257381439209,14.1832914352417,ok
LA_D_8263001,12.71846866607666,12.723397254943848,ok
LA_D_8263452,-10.58071231842041,-10.590925216674805,ok
LA_D_8264187,13.74941349029541,13.755768775939941,ok
LA_D_8264531,15.606783866882324,15.613715171813965,ok
LA_D_8264863,14.224282264709473,14.400009155273438,ok
LA_D_8265007,12.512476921081543,12.5164794921875,ok
LA_D_8265432,16.53097152709961,16.67475700378418,ok
LA_D_8266174,19.7667236328125,19.839365005493164,ok
LA_D_8267794,13.906370162963867,13.912689208984375,ok
LA_D_8268288,12.969133377075195,12.971782684326172,ok
LA_D_8269720,13.322797775268555,13.324101448059082,ok
LA_D_8270285,9.322811126708984,9.319069862365723,ok
LA_D_8270568,7.448277950286865,7.451572418212891,ok
LA_D_8270674,12.871838569641113,12.96749496459961,ok
LA_D_8270902,-13.755202293395996,-13.814169883728027,ok
LA_D_8271340,15.140076637268066,15.170783996582031,ok
LA_D_8271714,13.994653701782227,14.006916999816895,ok
LA_D_8272979,13.101804733276367,13.101784706115723,ok
LA_D_8274833,-12.623674392700195,-12.696789741516113,ok
LA_D_8276399,11.262066841125488,11.322715759277344,ok
LA_D_8277450,10.731094360351562,10.75163459777832,ok
LA_D_8279014,13.982680320739746,13.985125541687012,ok
LA_D_8281201,16.961877822875977,16.972314834594727,ok
LA_D_8281902,16.440628051757812,16.477266311645508,ok
LA_D_8282334,13.418268203735352,13.446806907653809,ok
LA_D_8283203,14.05665111541748,14.127727508544922,ok
LA_D_8283567,10.84296989440918,10.84546184539795,ok
LA_D_8283819,11.932164192199707,11.940627098083496,ok
LA_D_8284400,12.098204612731934,12.147631645202637,ok
LA_D_8284460,9.774889945983887,9.863885879516602,ok
LA_D_8284994,-13.048676490783691,-13.086897850036621,ok
LA_D_8285076,14.901089668273926,14.911521911621094,ok
LA_D_8285541,17.081398010253906,17.108718872070312,ok
LA_D_8285739,9.998177528381348,10.02584171295166,ok
LA_D_8286094,11.558249473571777,11.56788158416748,ok
LA_D_8286400,14.224133491516113,14.221854209899902,ok
LA_D_8287063,9.24692440032959,9.246914863586426,ok
LA_D_8288732,-14.47226619720459,-14.483606338500977,ok
LA_D_8289522,-10.405655860900879,-10.444321632385254,ok
LA_D_8289729,-14.179862976074219,-14.22744083404541,ok
LA_D_8291086,16.918437957763672,16.97911262512207,ok
LA_D_8291737,15.062994003295898,15.066667556762695,ok
LA_D_8292706,14.853401184082031,14.901673316955566,ok
LA_D_8297100,-6.211431980133057,-6.225584983825684,ok
LA_D_8297660,10.817829132080078,10.82805347442627,ok
LA_D_8299676,15.695779800415039,15.721306800842285,ok
LA_D_8299781,8.110726356506348,8.155563354492188,ok
LA_D_8300528,12.3499174118042,12.367027282714844,ok
LA_D_8301954,20.733118057250977,21.09591293334961,ok
LA_D_8302640,-15.153203010559082,-15.167553901672363,ok
LA_D_8302698,14.662250518798828,14.751827239990234,ok
LA_D_8304989,8.758658409118652,8.766576766967773,ok
LA_D_8305381,19.757369995117188,19.8665714263916,ok
LA_D_8308097,17.969470977783203,18.012521743774414,ok
LA_D_8308855,16.790817260742188,16.80405616760254,ok
LA_D_8309750,16.722909927368164,16.820634841918945,ok
LA_D_8309783,16.976924896240234,17.021196365356445,ok
LA_D_8310080,10.828821182250977,10.827569961547852,ok
LA_D_8310930,14.621024131774902,14.623812675476074,ok
LA_D_8311323,16.642431259155273,16.69048500061035,ok
LA_D_8312564,13.08380126953125,13.184502601623535,ok
LA_D_8313277,16.15757179260254,16.174833297729492,ok
LA_D_8313425,12.059733390808105,12.063265800476074,ok
LA_D_8313645,-7.2247138023376465,-7.225002765655518,ok
LA_D_8314448,-12.997091293334961,-13.041407585144043,ok
LA_D_8314649,10.927535057067871,10.920882225036621,ok
LA_D_8315307,10.219624519348145,10.230006217956543,ok
LA_D_8315403,13.09349536895752,13.09990406036377,ok
LA_D_8316071,15.707841873168945,15.76156234741211,ok
LA_D_8316696,18.81180763244629,19.201053619384766,ok
LA_D_8317011,16.193172454833984,16.313989639282227,ok
LA_D_8317813,17.293901443481445,17.29985237121582,ok
LA_D_8318381,12.65084171295166,12.691141128540039,ok
LA_D_8318742,10.279205322265625,10.286739349365234,ok
LA_D_8318899,-13.839678764343262,-13.863101959228516,ok
LA_D_8320443,17.598886489868164,17.69318962097168,ok
LA_D_8321387,14.325199127197266,14.339791297912598,ok
LA_D_8321453,19.402359008789062,19.495588302612305,ok
LA_D_8321562,16.446439743041992,16.467172622680664,ok
LA_D_8322084,13.3056640625,13.303890228271484,ok
LA_D_8322404,7.931711673736572,7.932226181030273,ok
LA_D_8322431,13.815522193908691,13.852554321289062,ok
LA_D_8322502,15.850334167480469,15.850451469421387,ok
LA_D_8322509,16.208038330078125,16.2827205657959,ok
LA_D_8322984,7.7667317390441895,7.785495758056641,ok
LA_D_8323372,22.73668098449707,22.78948402404785,ok
LA_D_8325357,13.245816230773926,13.268900871276855,ok
LA_D_8328324,12.721531867980957,12.74689769744873,ok
LA_D_8328358,15.60477352142334,15.665505409240723,ok
LA_D_8328368,15.07999324798584,15.090219497680664,ok
LA_D_8329201,0.7369239330291748,0.7280569076538086,ok
LA_D_8332272,16.387821197509766,16.4221134185791,ok
LA_D_8332415,14.928605079650879,14.979246139526367,ok
LA_D_8333263,7.598270416259766,7.598710536956787,ok
LA_D_8333710,13.060948371887207,13.075516700744629,ok
LA_D_8335083,9.87887954711914,9.914618492126465,ok
LA_D_8335202,10.959179878234863,10.958797454833984,ok
LA_D_8335993,9.422147750854492,9.42579174041748,ok
LA_D_8336903,12.352273941040039,12.403714179992676,ok
LA_D_8337861,13.406144142150879,13.506065368652344,ok
LA_D_8338088,14.845108032226562,14.845452308654785,ok
LA_D_8338331,16.91095542907715,16.915586471557617,ok
LA_D_8338896,18.328645706176758,18.426984786987305,ok
LA_D_8339674,17.8521671295166,17.953405380249023,ok
LA_D_8340325,15.180427551269531,15.200970649719238,ok
LA_D_8340433,-12.99695110321045,-13.001923561096191,ok
LA_D_8340873,14.355185508728027,14.372787475585938,ok
LA_D_8341574,16.021162033081055,16.053306579589844,ok
LA_D_8341752,10.916389465332031,10.968796730041504,ok
LA_D_8342451,16.995723724365234,17.01356315612793,ok
LA_D_8343646,6.897997856140137,6.977594375610352,ok
LA_D_8344568,15.920040130615234,15.962270736694336,ok
LA_D_8344962,9.067402839660645,9.068614959716797,ok
LA_D_8345800,12.564202308654785,12.631248474121094,ok
LA_D_8346348,13.047420501708984,13.089336395263672,ok
LA_D_8347056,6.701305866241455,6.733917713165283,ok
LA_D_8348255,12.07358169555664,12.185973167419434,ok
LA_D_8348470,14.450980186462402,14.472098350524902,ok
LA_D_8348783,9.858499526977539,9.862395286560059,ok
LA_D_8348784,10.82518482208252,10.829819679260254,ok
LA_D_8350907,13.077485084533691,13.277776718139648,ok
LA_D_8350950,14.927746772766113,14.933072090148926,ok
LA_D_8351401,13.88674545288086,13.907754898071289,ok
LA_D_8352186,19.043983459472656,19.04573631286621,ok
LA_D_8353342,15.448657989501953,15.492112159729004,ok
LA_D_8353917,10.58524227142334,10.601794242858887,ok
LA_D_8355334,2.9345703125,2.935690402984619,ok
LA_D_8355933,11.768117904663086,11.790316581726074,ok
LA_D_8355987,14.5639066696167,14.589924812316895,ok
LA_D_8357910,11.331453323364258,11.340351104736328,ok
LA_D_8358692,16.64076042175293,16.640743255615234,ok
LA_D_8358881,14.517827033996582,14.519957542419434,ok
LA_D_8359118,9.26839828491211,9.267105102539062,ok
LA_D_8359755,7.522382736206055,7.536518573760986,ok
LA_D_8361609,11.756512641906738,11.752800941467285,ok
LA_D_8362045,8.197831153869629,8.19756031036377,ok
LA_D_8362355,15.230920791625977,15.2822847366333,ok
LA_D_8362390,16.86820411682129,16.983060836791992,ok
LA_D_8362861,11.61535930633545,11.637508392333984,ok
LA_D_8362912,19.746192932128906,19.991472244262695,ok
LA_D_8363627,12.280343055725098,12.357433319091797,ok
LA_D_8364571,14.105692863464355,14.255291938781738,ok
LA_D_8364730,8.638312339782715,8.658234596252441,ok
LA_D_8364986,13.319805145263672,13.320799827575684,ok
LA_D_8365194,-14.760600090026855,-14.797381401062012,ok
LA_D_8365489,10.584247589111328,10.584914207458496,ok
LA_D_8366444,15.411736488342285,15.431108474731445,ok
LA_D_8366884,14.879331588745117,14.915671348571777,ok
LA_D_8367470,11.981616020202637,11.99585247039795,ok
LA_D_8367768,15.9290771484375,15.931406021118164,ok
LA_D_8367777,10.767200469970703,10.769713401794434,ok
LA_D_8367897,14.043097496032715,14.051653861999512,ok
LA_D_8367907,16.977190017700195,17.027753829956055,ok
LA_D_8368027,12.755123138427734,12.7579984664917,ok
LA_D_8371178,-13.651142120361328,-13.809895515441895,ok
LA_D_8371769,14.420428276062012,14.462885856628418,ok
LA_D_8372141,19.86749267578125,20.054723739624023,ok
LA_D_8372696,15.223257064819336,15.289200782775879,ok
LA_D_8373517,17.015052795410156,17.050283432006836,ok
LA_D_8373522,16.149559020996094,16.17402458190918,ok
LA_D_8374831,14.02028751373291,14.033768653869629,ok
LA_D_8374952,18.31576919555664,18.31096076965332,ok
LA_D_8375726,10.410805702209473,10.415133476257324,ok
LA_D_8376156,17.41562271118164,17.466535568237305,ok
LA_D_8376351,14.236515998840332,14.388596534729004,ok
LA_D_8377469,12.286738395690918,12.286709785461426,ok
LA_D_8377834,11.800437927246094,11.841137886047363,ok
LA_D_8377841,9.023924827575684,9.026023864746094,ok
LA_D_8378530,13.869721412658691,13.896718978881836,ok
LA_D_8379770,7.968321323394775,7.990961074829102,ok
LA_D_8380344,14.734952926635742,14.767838478088379,ok
LA_D_8380959,12.852604866027832,12.939555168151855,ok
LA_D_8381871,12.48311996459961,12.484408378601074,ok
LA_D_8382417,14.361385345458984,14.387362480163574,ok
LA_D_8383254,10.971048355102539,11.095001220703125,ok
LA_D_8384015,9.240234375,9.251748085021973,ok
LA_D_8386102,12.137866973876953,12.14551067352295,ok
LA_D_8388061,12.509418487548828,12.53342056274414,ok
LA_D_8389167,15.392720222473145,15.489483833312988,ok
LA_D_8391101,15.713223457336426,15.74790096282959,ok
LA_D_8392731,13.635127067565918,13.686604499816895,ok
LA_D_8394417,-13.929630279541016,-13.97967529296875,ok
LA_D_8395121,14.972291946411133,15.073890686035156,ok
LA_D_8397551,-15.124863624572754,-15.146146774291992,ok
LA_D_8398091,13.005767822265625,13.016249656677246,ok
LA_D_8400810,14.792545318603516,14.794240951538086,ok
LA_D_8400994,12.676955223083496,12.678204536437988,ok
LA_D_8404295,10.672593116760254,10.680630683898926,ok
LA_D_8406853,18.5550537109375,18.619003295898438,ok
LA_D_8407147,14.756053924560547,14.79114818572998,ok
LA_D_8407252,14.14629077911377,14.191994667053223,ok
LA_D_8407555,17.429182052612305,17.446741104125977,ok
LA_D_8408532,13.722460746765137,13.839489936828613,ok
LA_D_8408912,15.094560623168945,15.096266746520996,ok
LA_D_8411616,11.905145645141602,11.944781303405762,ok
LA_D_8412208,10.615065574645996,10.617935180664062,ok
LA_D_8412543,14.466791152954102,14.503066062927246,ok
LA_D_8413012,13.513020515441895,13.56104564666748,ok
LA_D_8413105,-16.3610782623291,-16.38636589050293,ok
LA_D_8417277,13.985954284667969,14.014677047729492,ok
LA_D_8417993,18.2535457611084,18.33225440979004,ok
LA_D_8418152,15.188737869262695,15.208847045898438,ok
LA_D_8418326,18.147674560546875,18.14969825744629,ok
LA_D_8418660,17.212371826171875,17.258581161499023,ok
LA_D_8420931,18.4517879486084,18.45867347717285,ok
LA_D_8423289,8.18989086151123,8.197253227233887,ok
LA_D_8424157,12.48106861114502,12.549145698547363,ok
LA_D_8425884,18.919187545776367,19.10804557800293,ok
LA_D_8426461,-14.52442741394043,-14.581703186035156,ok
LA_D_8426999,22.861248016357422,22.884105682373047,ok
LA_D_8427353,19.011205673217773,19.049665451049805,ok
LA_D_8428519,15.769893646240234,15.828653335571289,ok
LA_D_8429218,12.920896530151367,12.946510314941406,ok
LA_D_8429648,15.459147453308105,15.470855712890625,ok
LA_D_8429827,-13.611908912658691,-13.61305046081543,ok
LA_D_8431362,11.380775451660156,11.405837059020996,ok
LA_D_8432686,12.626084327697754,12.634629249572754,ok
LA_D_8433898,-15.67399787902832,-15.708821296691895,ok
LA_D_8434044,17.310762405395508,17.385690689086914,ok
LA_D_8434051,9.253236770629883,9.257036209106445,ok
LA_D_8435642,13.282524108886719,13.438750267028809,ok
LA_D_8436519,9.390179634094238,9.507967948913574,ok
LA_D_8437828,13.64980697631836,13.655670166015625,ok
LA_D_8438420,13.86166763305664,13.862576484680176,ok
LA_D_8438549,13.724411010742188,13.74743938446045,ok
LA_D_8439511,12.500434875488281,12.54189395904541,ok
LA_D_8440240,16.754364013671875,16.80996322631836,ok
LA_D_8440843,-8.792344093322754,-8.795671463012695,ok
LA_D_8441069,10.513370513916016,10.546748161315918,ok
LA_D_8441935,14.77966594696045,14.80817985534668,ok
LA_D_8442443,15.170162200927734,15.242409706115723,ok
LA_D_8445701,11.345314025878906,11.355156898498535,ok
LA_D_8445966,13.927309036254883,13.96926212310791,ok
LA_D_8446758,17.041519165039062,17.204328536987305,ok
LA_D_8447480,11.859210014343262,11.935011863708496,ok
LA_D_8447703,11.630999565124512,11.669793128967285,ok
LA_D_8450248,17.816465377807617,17.851118087768555,ok
LA_D_8450378,19.290077209472656,19.3090763092041,ok
LA_D_8450426,14.729464530944824,14.758118629455566,ok
LA_D_8450502,14.288833618164062,14.379429817199707,ok
LA_D_8450719,18.48390769958496,18.48439598083496,ok
LA_D_8452415,14.430096626281738,14.468464851379395,ok
LA_D_8453487,15.980810165405273,15.983759880065918,ok
LA_D_8453540,9.756793022155762,9.7850980758667,ok
LA_D_8454223,14.700236320495605,14.729127883911133,ok
LA_D_8454906,10.902219772338867,10.908220291137695,ok
LA_D_8455214,16.038814544677734,16.05787467956543,ok
LA_D_8456039,11.467204093933105,11.467310905456543,ok
LA_D_8456544,9.926162719726562,10.071537971496582,ok
LA_D_8457237,11.864715576171875,11.876424789428711,ok
LA_D_8457325,-12.424010276794434,-12.448643684387207,ok
LA_D_8458426,12.361676216125488,12.388055801391602,ok
LA_D_8459341,15.121101379394531,15.196450233459473,ok
LA_D_8461185,13.468297004699707,13.489296913146973,ok
LA_D_8461526,8.318563461303711,8.31779956817627,ok
LA_D_8461949,-5.009708404541016,-5.01912260055542,ok
LA_D_8463046,13.97298526763916,14.030171394348145,ok
LA_D_8463562,13.43625259399414,13.443194389343262,ok
LA_D_8464147,20.977628707885742,21.18279266357422,ok
LA_D_8464223,12.731844902038574,12.73470401763916,ok
LA_D_8465207,18.374265670776367,18.473127365112305,ok
LA_D_8465272,13.987065315246582,13.995606422424316,ok
LA_D_8465947,12.618792533874512,12.652549743652344,ok
LA_D_8467187,10.509053230285645,10.50925064086914,ok
LA_D_8467523,14.080052375793457,14.126450538635254,ok
LA_D_8467738,11.466686248779297,11.63247013092041,ok
LA_D_8467991,11.431018829345703,11.431647300720215,ok
LA_D_8468180,15.257606506347656,15.262923240661621,ok
LA_D_8468186,17.53046226501465,17.58110237121582,ok
LA_D_8468652,13.344951629638672,13.443737983703613,ok
LA_D_8470242,13.935784339904785,13.964346885681152,ok
LA_D_8470269,13.777854919433594,13.777935981750488,ok
LA_D_8471747,14.36467456817627,14.367989540100098,ok
LA_D_8472714,16.358396530151367,16.3594970703125,ok
LA_D_8473267,-12.175089836120605,-12.202869415283203,ok
LA_D_8473774,13.496856689453125,13.527915000915527,ok
LA_D_8473995,15.352994918823242,15.45253849029541,ok
LA_D_8474115,16.77605438232422,16.77547836303711,ok
LA_D_8476350,12.631040573120117,12.66992473602295,ok
LA_D_8478346,16.300365447998047,16.357873916625977,ok
LA_D_8479165,18.0069522857666,18.00702476501465,ok
LA_D_8479815,17.9671688079834,18.00421714782715,ok
LA_D_8480078,10.150543212890625,10.168862342834473,ok
LA_D_8480524,13.059799194335938,13.092202186584473,ok
LA_D_8481340,11.126595497131348,11.195114135742188,ok
LA_D_8481565,15.55307388305664,15.795443534851074,ok
LA_D_8481884,15.546772003173828,15.556289672851562,ok
LA_D_8482059,9.548722267150879,9.562195777893066,ok
LA_D_8482703,5.015144348144531,5.037807941436768,ok
LA_D_8482937,16.258516311645508,16.25892448425293,ok
LA_D_8483290,13.007918357849121,13.018302917480469,ok
LA_D_8483715,16.470413208007812,16.536880493164062,ok
LA_D_8484861,14.907552719116211,14.939474105834961,ok
LA_D_8485138,12.535372734069824,12.654393196105957,ok
LA_D_8486261,12.132553100585938,12.160067558288574,ok
LA_D_8486455,11.053057670593262,11.092105865478516,ok
LA_D_8487209,9.879883766174316,9.904213905334473,ok
LA_D_8488988,15.389559745788574,15.396662712097168,ok
LA_D_8489512,-9.893993377685547,-9.906876564025879,ok
LA_D_8491201,14.155710220336914,14.18822956085205,ok
LA_D_8491532,15.951252937316895,15.957281112670898,ok
LA_D_8492975,8.440553665161133,8.441771507263184,ok
LA_D_8493833,14.086831092834473,14.088767051696777,ok
LA_D_8494207,14.612241744995117,14.623875617980957,ok
LA_D_8494760,-10.275789260864258,-10.286602973937988,ok
LA_D_8495231,13.626019477844238,13.647002220153809,ok
LA_D_8496632,15.80294132232666,15.830911636352539,ok
LA_D_8497674,13.000714302062988,13.021294593811035,ok
LA_D_8498981,-13.218053817749023,-13.2893705368042,ok
LA_D_8499403,16.73575210571289,16.910184860229492,ok
LA_D_8499637,11.25436782836914,11.330219268798828,ok
LA_D_8500724,12.30005931854248,12.309136390686035,ok
LA_D_8501026,14.555635452270508,14.604355812072754,ok
LA_D_8501151,15.96142864227295,16.01182746887207,ok
LA_D_8503023,13.88211727142334,13.913692474365234,ok
LA_D_8503024,-11.18301773071289,-11.185578346252441,ok
LA_D_8504769,13.577638626098633,13.676680564880371,ok
LA_D_8504805,13.382707595825195,13.42624568939209,ok
LA_D_8505001,20.57068634033203,20.607608795166016,ok
LA_D_8505020,11.087947845458984,11.091769218444824,ok
LA_D_8507903,15.59972095489502,15.634886741638184,ok
LA_D_8508542,11.953018188476562,11.969149589538574,ok
LA_D_8509642,19.74454116821289,19.8546085357666,ok
LA_D_8509720,16.554210662841797,16.5538387298584,ok
LA_D_8510601,11.387327194213867,11.404854774475098,ok
LA_D_8511318,10.019800186157227,10.017474174499512,ok
LA_D_8511483,11.006887435913086,11.026083946228027,ok
LA_D_8511990,14.996722221374512,15.031190872192383,ok
LA_D_8512598,14.9662446975708,14.973332405090332,ok
LA_D_8514719,17.385009765625,17.394851684570312,ok
LA_D_8514801,17.743623733520508,17.766305923461914,ok
LA_D_8515733,9.34250259399414,9.342799186706543,ok
LA_D_8516589,-9.128726959228516,-9.132396697998047,ok
LA_D_8516649,12.245511054992676,12.250737190246582,ok
LA_D_8519084,12.853984832763672,12.935379981994629,ok
LA_D_8519166,18.870256423950195,18.9129695892334,ok
LA_D_8519635,12.132563591003418,12.143407821655273,ok
LA_D_8520152,23.358402252197266,23.713401794433594,ok
LA_D_8520696,13.817776679992676,13.826355934143066,ok
LA_D_8521403,15.68478775024414,15.719705581665039,ok
LA_D_8522617,14.54456615447998,14.6807222366333,ok
LA_D_8522922,9.94199275970459,9.942809104919434,ok
LA_D_8523307,19.214981079101562,19.23756980895996,ok
LA_D_8524503,6.062072277069092,6.058098316192627,ok
LA_D_8524530,9.309774398803711,9.309839248657227,ok
LA_D_8524573,16.74795913696289,16.770830154418945,ok
LA_D_8524883,11.477340698242188,11.60810375213623,ok
LA_D_8524946,9.235808372497559,9.280867576599121,ok
LA_D_8524990,13.641919136047363,13.662127494812012,ok
LA_D_8525388,10.870561599731445,10.91696834564209,ok
LA_D_8527611,10.071617126464844,10.072219848632812,ok
LA_D_8528202,15.395284652709961,15.672481536865234,ok
LA_D_8529268,16.103544235229492,16.163549423217773,ok
LA_D_8529541,14.25094223022461,14.418062210083008,ok
LA_D_8530159,17.07370948791504,17.189878463745117,ok
LA_D_8530524,12.694953918457031,12.716094017028809,ok
LA_D_8530635,15.689606666564941,15.74201488494873,ok
LA_D_8531203,17.267593383789062,17.417381286621094,ok
LA_D_8533998,18.41124725341797,18.455129623413086,ok
LA_D_8534191,10.05817699432373,10.112847328186035,ok
LA_D_8534416,13.712620735168457,13.747211456298828,ok
LA_D_8534526,12.917455673217773,12.933965682983398,ok
LA_D_8535380,15.950773239135742,15.970649719238281,ok
LA_D_8536051,11.56204891204834,11.559488296508789,ok
LA_D_8537544,11.412897109985352,11.413233757019043,ok
LA_D_8537694,13.190903663635254,13.227639198303223,ok
LA_D_8538675,16.60700225830078,16.61115264892578,ok
LA_D_8539612,17.51900291442871,17.577726364135742,ok
LA_D_8539634,16.10567855834961,16.126981735229492,ok
LA_D_8539674,13.21939754486084,13.2276029586792,ok
LA_D_8540229,13.033064842224121,13.033818244934082,ok
LA_D_8540397,12.316534996032715,12.34444522857666,ok
LA_D_8540770,12.54578685760498,12.577606201171875,ok
LA_D_8541205,13.811519622802734,13.81160831451416,ok
LA_D_8542121,8.739551544189453,8.784184455871582,ok
LA_D_8543293,11.685651779174805,11.753364562988281,ok
LA_D_8543737,13.368221282958984,13.379849433898926,ok
LA_D_8543878,23.964384078979492,23.99861717224121,ok
LA_D_8544546,-4.582906246185303,-4.617935657501221,ok
LA_D_8544570,16.02198600769043,16.046836853027344,ok
LA_D_8544644,18.278108596801758,18.301023483276367,ok
LA_D_8545409,14.824277877807617,14.880478858947754,ok
LA_D_8545660,14.767464637756348,14.802321434020996,ok
LA_D_8546068,14.935515403747559,15.047602653503418,ok
LA_D_8546378,12.861360549926758,12.987797737121582,ok
LA_D_8546481,14.970320701599121,14.999856948852539,ok
LA_D_8546655,13.789817810058594,13.846701622009277,ok
LA_D_8548417,16.882251739501953,16.894041061401367,ok
LA_D_8549144,-12.973475456237793,-12.985291481018066,ok
LA_D_8549576,17.380735397338867,17.395530700683594,ok
LA_D_8549945,12.768086433410645,12.769073486328125,ok
LA_D_8550381,9.782733917236328,9.78754711151123,ok
LA_D_8552142,16.846729278564453,16.92352294921875,ok
LA_D_8552859,11.624710083007812,11.637480735778809,ok
LA_D_8553650,-13.693978309631348,-13.711812019348145,ok
LA_D_8555156,16.357576370239258,16.36721420288086,ok
LA_D_8555387,5.656200885772705,5.638772010803223,ok
LA_D_8555530,15.055327415466309,15.11417293548584,ok
LA_D_8556216,15.637969970703125,15.696016311645508,ok
LA_D_8557721,13.079282760620117,13.154632568359375,ok
LA_D_8558362,14.10495662689209,14.12253475189209,ok
LA_D_8558988,12.263273239135742,12.301168441772461,ok
LA_D_8559605,14.610036849975586,14.662569999694824,ok
LA_D_8560239,13.3544282913208,13.358296394348145,ok
LA_D_8560313,8.063589096069336,8.081506729125977,ok
LA_D_8561006,15.451615333557129,15.45163631439209,ok
LA_D_8561401,17.090129852294922,17.115095138549805,ok
LA_D_8561841,17.571741104125977,17.64967155456543,ok
LA_D_8562559,14.142244338989258,14.21275806427002,ok
LA_D_8563620,7.942061901092529,7.974337100982666,ok
LA_D_8565229,12.367704391479492,12.497231483459473,ok
LA_D_8565833,14.095763206481934,14.094799995422363,ok
LA_D_8567575,15.079743385314941,15.086686134338379,ok
LA_D_8568451,-13.835447311401367,-13.846726417541504,ok
LA_D_8568773,10.296879768371582,10.308642387390137,ok
LA_D_8569086,16.520299911499023,16.5493221282959,ok
LA_D_8569313,10.585017204284668,10.656855583190918,ok
LA_D_8572188,15.943599700927734,15.948403358459473,ok
LA_D_8572375,-15.516034126281738,-15.548283576965332,ok
LA_D_8573686,18.70130157470703,18.75368309020996,ok
LA_D_8573818,14.036395072937012,14.039052963256836,ok
LA_D_8575854,11.435470581054688,11.464402198791504,ok
LA_D_8576496,13.169879913330078,13.2423677444458,ok
LA_D_8576711,13.564165115356445,13.692670822143555,ok
LA_D_8576937,14.045942306518555,14.09050464630127,ok
LA_D_8577756,-15.141888618469238,-15.151193618774414,ok
LA_D_8578970,14.95654582977295,14.962713241577148,ok
LA_D_8582039,-3.0252397060394287,-3.02911376953125,ok
LA_D_8582209,15.048697471618652,15.109084129333496,ok
LA_D_8582702,18.14293670654297,18.232807159423828,ok
LA_D_8582931,16.7790584564209,16.793838500976562,ok
LA_D_8583087,12.231365203857422,12.367447853088379,ok
LA_D_8584336,13.22024154663086,13.278183937072754,ok
LA_D_8584532,13.601726531982422,13.617146492004395,ok
LA_D_8586128,12.066733360290527,12.144062995910645,ok
LA_D_8586602,15.426819801330566,15.433902740478516,ok
LA_D_8587705,11.985660552978516,11.996466636657715,ok
LA_D_8588899,15.892614364624023,15.913969993591309,ok
LA_D_8590984,21.258255004882812,21.26934242248535,ok
LA_D_8591429,-11.404446601867676,-11.428435325622559,ok
LA_D_8591446,12.41304874420166,12.414685249328613,ok
LA_D_8591522,16.0621280670166,16.06585693359375,ok
LA_D_8592787,11.808460235595703,11.80942440032959,ok
LA_D_8593631,20.021305084228516,20.100496292114258,ok
LA_D_8593660,14.529886245727539,14.596674919128418,ok
LA_D_8593699,14.621295928955078,14.649617195129395,ok
LA_D_8594051,-15.690173149108887,-15.699262619018555,ok
LA_D_8594091,12.3114595413208,12.317544937133789,ok
LA_D_8594594,7.270122528076172,7.270028591156006,ok
LA_D_8594927,13.794012069702148,13.867830276489258,ok
LA_D_8595379,10.551385879516602,10.87429141998291,ok
LA_D_8595477,14.79583740234375,14.843453407287598,ok
LA_D_8595493,17.894554138183594,17.97023582458496,ok
LA_D_8595981,11.466025352478027,11.466647148132324,ok
LA_D_8596240,-14.050420761108398,-14.053380966186523,ok
LA_D_8596396,15.408761978149414,15.439416885375977,ok
LA_D_8599184,12.844836235046387,12.86428165435791,ok
LA_D_8600039,-14.869404792785645,-14.97529125213623,ok
LA_D_8601811,19.50824546813965,19.63673210144043,ok
LA_D_8604395,13.556599617004395,13.62110424041748,ok
LA_D_8604643,14.048186302185059,14.105435371398926,ok
LA_D_8605221,12.072875022888184,12.08859920501709,ok
LA_D_8605887,12.128902435302734,12.133559226989746,ok
LA_D_8605975,16.953805923461914,17.024518966674805,ok
LA_D_8606381,13.20564079284668,13.218149185180664,ok
LA_D_8607094,15.756501197814941,15.781428337097168,ok
LA_D_8608217,15.17830753326416,15.19463062286377,ok
LA_D_8609217,16.652591705322266,16.7528018951416,ok
LA_D_8609765,11.95092487335205,12.021315574645996,ok
LA_D_8610307,12.582986831665039,12.58885669708252,ok
LA_D_8610426,1.900865912437439,1.8887485265731812,ok
LA_D_8611140,8.330724716186523,8.363654136657715,ok
LA_D_8611156,15.216836929321289,15.23913860321045,ok
LA_D_8612035,16.091054916381836,16.19876480102539,ok
LA_D_8612905,16.399063110351562,16.437288284301758,ok
LA_D_8613483,10.724186897277832,10.747967720031738,ok
LA_D_8614682,17.114709854125977,17.148141860961914,ok
LA_D_8614773,4.919536113739014,4.96851110458374,ok
LA_D_8617115,17.04720115661621,17.05425453186035,ok
LA_D_8617247,15.326447486877441,15.332928657531738,ok
LA_D_8618689,11.743414878845215,11.742395401000977,ok
LA_D_8619253,13.84216594696045,13.854047775268555,ok
LA_D_8619260,15.563348770141602,15.615200996398926,ok
LA_D_8620622,-9.777960777282715,-9.79116439819336,ok
LA_D_8621322,-11.993714332580566,-12.030303001403809,ok
LA_D_8622815,14.876505851745605,14.890043258666992,ok
LA_D_8623253,13.105721473693848,13.192131996154785,ok
LA_D_8623607,-14.29085636138916,-14.29518985748291,ok
LA_D_8624407,14.588374137878418,14.624417304992676,ok
LA_D_8624575,9.95554256439209,9.957613945007324,ok
LA_D_8628343,19.67125701904297,19.782400131225586,ok
LA_D_8628678,16.74977684020996,16.76300621032715,ok
LA_D_8629864,5.3830647468566895,5.427018642425537,ok
LA_D_8629908,8.871057510375977,8.89537525177002,ok
LA_D_8630262,15.300816535949707,15.375658988952637,ok
LA_D_8630312,3.7591614723205566,3.7760419845581055,ok
LA_D_8630528,14.028298377990723,14.12302303314209,ok
LA_D_8630942,18.977615356445312,18.99689292907715,ok
LA_D_8631402,17.03034019470215,17.030759811401367,ok
LA_D_8632099,14.734950065612793,14.745431900024414,ok
LA_D_8632409,18.265424728393555,18.26899528503418,ok
LA_D_8634956,5.46788215637207,5.46703577041626,ok
LA_D_8635185,12.4166259765625,12.43019962310791,ok
LA_D_8636461,7.445619106292725,7.5290303230285645,ok
LA_D_8637140,13.861442565917969,14.034651756286621,ok
LA_D_8637288,-14.469919204711914,-14.482918739318848,ok
LA_D_8638488,12.890195846557617,12.933440208435059,ok
LA_D_8638660,13.658393859863281,13.698419570922852,ok
LA_D_8640715,14.64966106414795,14.655343055725098,ok
LA_D_8641456,10.798104286193848,10.889280319213867,ok
LA_D_8641916,8.799748420715332,8.799851417541504,ok
LA_D_8644251,15.503788948059082,15.528809547424316,ok
LA_D_8646520,8.795676231384277,8.811591148376465,ok
LA_D_8646930,18.234163284301758,18.269380569458008,ok
LA_D_8647491,14.042860984802246,14.096292495727539,ok
LA_D_8648680,18.082265853881836,18.127201080322266,ok
LA_D_8648848,10.222856521606445,10.246914863586426,ok
LA_D_8649631,15.320398330688477,15.334819793701172,ok
LA_D_8651248,13.780268669128418,13.793182373046875,ok
LA_D_8652135,17.01865577697754,17.102163314819336,ok
LA_D_8653066,15.691346168518066,15.733170509338379,ok
LA_D_8653096,15.398096084594727,15.410584449768066,ok
LA_D_8653522,13.212217330932617,13.230062484741211,ok
LA_D_8653634,14.614776611328125,14.657177925109863,ok
LA_D_8653799,15.019927978515625,15.092024803161621,ok
LA_D_8655169,12.98574161529541,12.985543251037598,ok
LA_D_8655268,12.01259994506836,12.015259742736816,ok
LA_D_8655539,22.0526065826416,22.092241287231445,ok
LA_D_8655642,16.34598731994629,16.369647979736328,ok
LA_D_8656237,18.865144729614258,18.863706588745117,ok
LA_D_8656739,16.396196365356445,16.397144317626953,ok
LA_D_8657095,14.216917991638184,14.21817684173584,ok
LA_D_8657393,16.142663955688477,16.24381446838379,ok
LA_D_8658531,14.05197525024414,14.097691535949707,ok
LA_D_8659185,15.14917278289795,15.197108268737793,ok
LA_D_8659693,9.85781192779541,9.89442253112793,ok
LA_D_8660630,13.38532829284668,13.396662712097168,ok
LA_D_8661283,14.528425216674805,14.542206764221191,ok
LA_D_8663431,14.955802917480469,15.055134773254395,ok
LA_D_8663831,17.7128963470459,17.71291732788086,ok
LA_D_8664408,13.676003456115723,13.688374519348145,ok
LA_D_8665250,16.87271499633789,17.053232192993164,ok
LA_D_8666902,15.149140357971191,15.24882984161377,ok
LA_D_8667202,14.153617858886719,14.190853118896484,ok
LA_D_8667287,15.611077308654785,15.62396240234375,ok
LA_D_8667308,12.974535942077637,12.995732307434082,ok
LA_D_8668147,13.318812370300293,13.374741554260254,ok
LA_D_8669407,17.655580520629883,17.65799331665039,ok
LA_D_8670754,18.35137939453125,18.4986572265625,ok
LA_D_8671896,-10.249110221862793,-10.257548332214355,ok
LA_D_8672392,14.130794525146484,14.139580726623535,ok
LA_D_8672684,-7.22408390045166,-7.225488185882568,ok
LA_D_8672699,4.7689056396484375,4.7352142333984375,ok
LA_D_8674026,7.452640056610107,7.452332973480225,ok
LA_D_8674039,15.21860408782959,15.255452156066895,ok
LA_D_8674678,18.100862503051758,18.2797908782959,ok
LA_D_8675337,13.048602104187012,13.074167251586914,ok
LA_D_8675351,14.380025863647461,14.385071754455566,ok
LA_D_8675909,18.69489097595215,18.69795036315918,ok
LA_D_8676372,20.459123611450195,20.453166961669922,ok
LA_D_8676464,11.750482559204102,11.751504898071289,ok
LA_D_8677181,13.587610244750977,13.613109588623047,ok
LA_D_8678171,11.6997652053833,11.703871726989746,ok
LA_D_8678189,15.10884952545166,15.123428344726562,ok
LA_D_8678410,17.94062042236328,18.002071380615234,ok
LA_D_8678708,7.83663272857666,7.843110084533691,ok
LA_D_8679609,17.294475555419922,17.485780715942383,ok
LA_D_8679905,-8.890161514282227,-8.892547607421875,ok
LA_D_8680505,10.500175476074219,10.505749702453613,ok
LA_D_8682135,9.680804252624512,9.681010246276855,ok
LA_D_8682238,13.107298851013184,13.127655029296875,ok
LA_D_8682472,16.159873962402344,16.16029930114746,ok
LA_D_8683301,17.09881591796875,17.12256622314453,ok
LA_D_8683829,17.256240844726562,17.274518966674805,ok
LA_D_8684186,16.320772171020508,16.356229782104492,ok
LA_D_8686775,9.149285316467285,9.14710521697998,ok
LA_D_8686912,9.62226676940918,9.63158893585205,ok
LA_D_8689278,13.893976211547852,13.947579383850098,ok
LA_D_8689583,14.64905071258545,14.650606155395508,ok
LA_D_8690110,16.038555145263672,16.043455123901367,ok
LA_D_8691113,14.892294883728027,15.154532432556152,ok
LA_D_8692089,15.876046180725098,15.911903381347656,ok
LA_D_8692948,-14.6466646194458,-14.690070152282715,ok
LA_D_8693010,14.894062995910645,14.911809921264648,ok
LA_D_8693204,18.58272933959961,18.59917640686035,ok
LA_D_8693858,15.92601490020752,15.986737251281738,ok
LA_D_8696046,-13.401530265808105,-13.428704261779785,ok
LA_D_8696545,13.440176010131836,13.441333770751953,ok
LA_D_8697162,13.964500427246094,13.96717357635498,ok
LA_D_8697996,-14.089608192443848,-14.129528999328613,ok
LA_D_8698219,12.457768440246582,12.462946891784668,ok
LA_D_8699272,14.455052375793457,14.502310752868652,ok
LA_D_8700986,7.583006381988525,7.587106704711914,ok
LA_D_8701190,16.024805068969727,16.0771541595459,ok
LA_D_8702097,14.885973930358887,14.89970874786377,ok
LA_D_8702563,9.314047813415527,9.316701889038086,ok
LA_D_8704593,14.876081466674805,14.968095779418945,ok
LA_D_8704675,16.62434959411621,16.626880645751953,ok
LA_D_8704829,17.318391799926758,17.394245147705078,ok
LA_D_8705688,15.794548988342285,15.839555740356445,ok
LA_D_8705922,-15.02434253692627,-15.035822868347168,ok
LA_D_8708656,14.230504989624023,14.249588966369629,ok
LA_D_8708922,22.161113739013672,22.194839477539062,ok
LA_D_8710691,14.309225082397461,14.349469184875488,ok
LA_D_8711337,15.774999618530273,15.797966003417969,ok
LA_D_8712202,13.747322082519531,13.799426078796387,ok
LA_D_8712827,12.201967239379883,12.222487449645996,ok
LA_D_8713797,16.381258010864258,16.41261100769043,ok
LA_D_8713999,14.567602157592773,14.637330055236816,ok
LA_D_8715195,12.4761962890625,12.477057456970215,ok
LA_D_8715386,15.356898307800293,15.474342346191406,ok
LA_D_8715868,-11.883877754211426,-11.901169776916504,ok
LA_D_8716948,13.815924644470215,13.816128730773926,ok
LA_D_8718165,17.946218490600586,17.97598648071289,ok
LA_D_8718179,17.44875717163086,17.513525009155273,ok
LA_D_8718669,15.801706314086914,15.82088565826416,ok
LA_D_8719230,13.758496284484863,13.7628173828125,ok
LA_D_8719759,13.007865905761719,13.019852638244629,ok
LA_D_8720226,18.934194564819336,19.06610870361328,ok
LA_D_8720385,13.13935661315918,13.187241554260254,ok
LA_D_8721312,10.852055549621582,10.862915992736816,ok
LA_D_8723456,16.22694969177246,16.25873374938965,ok
LA_D_8723788,12.131298065185547,12.132064819335938,ok
LA_D_8724279,14.429290771484375,14.472448348999023,ok
LA_D_8724573,15.21252727508545,15.24569320678711,ok
LA_D_8724597,14.474546432495117,14.48715591430664,ok
LA_D_8724645,15.696921348571777,15.760371208190918,ok
LA_D_8726013,10.942152976989746,10.961308479309082,ok
LA_D_8726741,11.104703903198242,11.112574577331543,ok
LA_D_8726806,16.51164436340332,16.51772117614746,ok
LA_D_8728321,14.632946968078613,14.670159339904785,ok
LA_D_8728415,15.683292388916016,15.684694290161133,ok
LA_D_8728622,12.033941268920898,12.09885311126709,ok
LA_D_8729192,13.585269927978516,13.695429801940918,ok
LA_D_8729734,14.497541427612305,14.497773170471191,ok
LA_D_8729758,-13.290223121643066,-13.309388160705566,ok
LA_D_8732000,15.79336166381836,15.797492980957031,ok
LA_D_8732956,14.977514266967773,14.991424560546875,ok
LA_D_8733004,14.198933601379395,14.256803512573242,ok
LA_D_8733315,10.436653137207031,10.478325843811035,ok
LA_D_8735190,18.837926864624023,18.86376190185547,ok
LA_D_8735979,15.18736457824707,15.187714576721191,ok
LA_D_8736080,14.828093528747559,14.836161613464355,ok
LA_D_8736114,11.04581069946289,11.049647331237793,ok
LA_D_8736560,15.279372215270996,15.280816078186035,ok
LA_D_8736662,17.108793258666992,17.185575485229492,ok
LA_D_8737458,13.717612266540527,13.74488353729248,ok
LA_D_8737709,11.085573196411133,11.152894020080566,ok
LA_D_8738176,16.09119415283203,16.156021118164062,ok
LA_D_8739986,13.07840633392334,13.088288307189941,ok
LA_D_8742351,13.474899291992188,13.506609916687012,ok
LA_D_8743472,14.143621444702148,14.14834976196289,ok
LA_D_8744543,16.275436401367188,16.336103439331055,ok
LA_D_8745130,-13.79806137084961,-13.809344291687012,ok
LA_D_8745732,13.096985816955566,13.2157621383667,ok
LA_D_8747095,12.042093276977539,12.12588882446289,ok
LA_D_8749378,-11.916574478149414,-11.942927360534668,ok
LA_D_8749920,13.094066619873047,13.102262496948242,ok
LA_D_8750902,10.64700984954834,10.670978546142578,ok
LA_D_8752359,10.577173233032227,10.68121337890625,ok
LA_D_8752569,13.542603492736816,13.567387580871582,ok
LA_D_8753292,19.212757110595703,19.2413387298584,ok
LA_D_8753814,11.863160133361816,11.878103256225586,ok
LA_D_8754324,10.514081001281738,10.5606689453125,ok
LA_D_8754795,15.400065422058105,15.405985832214355,ok
LA_D_8755311,2.0509676933288574,2.055870532989502,ok
LA_D_8756797,17.642946243286133,17.67561149597168,ok
LA_D_8756941,9.629703521728516,9.637848854064941,ok
LA_D_8758676,16.460491180419922,16.4661808013916,ok
LA_D_8758724,12.122111320495605,12.143762588500977,ok
LA_D_8759407,-14.357499122619629,-14.358160972595215,ok
LA_D_8759603,7.295533657073975,7.295673370361328,ok
LA_D_8759658,11.164373397827148,11.187596321105957,ok
LA_D_8762609,15.682119369506836,15.770445823669434,ok
LA_D_8763399,12.20974349975586,12.2940092086792,ok
LA_D_8763624,15.73772144317627,15.742842674255371,ok
LA_D_8763928,11.13659954071045,11.157065391540527,ok
LA_D_8763956,12.211115837097168,12.220895767211914,ok
LA_D_8764151,9.776798248291016,9.795878410339355,ok
LA_D_8764534,16.388431549072266,16.422908782958984,ok
LA_D_8764848,13.84412956237793,13.87042236328125,ok
LA_D_8765013,15.335199356079102,15.350334167480469,ok
LA_D_8765813,10.42966365814209,10.447070121765137,ok
LA_D_8765991,-15.172325134277344,-15.179207801818848,ok
LA_D_8766017,10.07210636138916,10.075193405151367,ok
LA_D_8766024,13.318768501281738,13.340624809265137,ok
LA_D_8767583,-12.68083381652832,-12.685269355773926,ok
LA_D_8767671,-13.670910835266113,-13.793991088867188,ok
LA_D_8769232,11.563301086425781,11.555464744567871,ok
LA_D_8770785,16.747575759887695,16.756488800048828,ok
LA_D_8770826,18.557504653930664,18.729881286621094,ok
LA_D_8771564,15.386430740356445,15.404376029968262,ok
LA_D_8772966,14.58036994934082,14.637560844421387,ok
LA_D_8773029,-11.166650772094727,-11.191847801208496,ok
LA_D_8773329,-14.018184661865234,-14.045267105102539,ok
LA_D_8773895,12.793815612792969,12.808079719543457,ok
LA_D_8775447,11.405304908752441,11.409781455993652,ok
LA_D_8779034,13.32063102722168,13.322660446166992,ok
LA_D_8780503,11.661018371582031,11.678400993347168,ok
LA_D_8780884,13.16050910949707,13.198686599731445,ok
LA_D_8781931,15.090219497680664,15.170434951782227,ok
LA_D_8783109,13.999282836914062,14.035133361816406,ok
LA_D_8783507,11.900104522705078,11.901043891906738,ok
LA_D_8787336,13.73354434967041,13.748604774475098,ok
LA_D_8788079,16.07390594482422,16.1157169342041,ok
LA_D_8788142,8.145668983459473,8.15149211883545,ok
LA_D_8788165,14.255159378051758,14.34288215637207,ok
LA_D_8788522,15.131253242492676,15.3256254196167,ok
LA_D_8789190,15.370349884033203,15.400467872619629,ok
LA_D_8790703,13.377610206604004,13.455025672912598,ok
LA_D_8791163,4.248012065887451,4.247067451477051,ok
LA_D_8791416,11.514366149902344,11.560076713562012,ok
LA_D_8791449,12.17031478881836,12.255773544311523,ok
LA_D_8792267,12.502843856811523,12.505982398986816,ok
LA_D_8792663,15.291974067687988,15.305562973022461,ok
LA_D_8794217,7.095579147338867,7.1051788330078125,ok
LA_D_8795367,13.615447044372559,13.639836311340332,ok
LA_D_8795592,13.629406929016113,13.633914947509766,ok
LA_D_8796891,12.433233261108398,12.4331636428833,ok
LA_D_8798580,16.200834274291992,16.22418785095215,ok
LA_D_8798927,15.159713745117188,15.166977882385254,ok
LA_D_8800120,16.713623046875,16.731203079223633,ok
LA_D_8800518,12.886388778686523,12.944662094116211,ok
LA_D_8801530,9.59245777130127,9.60897159576416,ok
LA_D_8801720,13.118719100952148,13.127335548400879,ok
LA_D_8804146,15.400717735290527,15.404936790466309,ok
LA_D_8805955,13.753040313720703,13.76305866241455,ok
LA_D_8806017,-13.129572868347168,-13.133599281311035,ok
LA_D_8808510,14.4464111328125,14.522007942199707,ok
LA_D_8808516,13.07125473022461,13.10229778289795,ok
LA_D_8808929,15.484700202941895,15.493996620178223,ok
LA_D_8808969,16.843875885009766,16.923980712890625,ok
LA_D_8809106,15.151557922363281,15.178986549377441,ok
LA_D_8811306,16.12588882446289,16.273799896240234,ok
LA_D_8811548,11.990571022033691,12.02248477935791,ok
LA_D_8811694,13.202118873596191,13.215795516967773,ok
LA_D_8812811,10.948636054992676,10.964224815368652,ok
LA_D_8813745,11.724261283874512,11.73219108581543,ok
LA_D_8814451,13.355033874511719,13.455218315124512,ok
LA_D_8814488,-13.77475357055664,-13.81985855102539,ok
LA_D_8815079,15.019474029541016,15.045661926269531,ok
LA_D_8815720,13.54924201965332,13.56269645690918,ok
LA_D_8816193,15.998032569885254,16.039138793945312,ok
LA_D_8816902,13.566452980041504,13.598580360412598,ok
LA_D_8817691,11.2520170211792,11.286369323730469,ok
LA_D_8818969,18.21592140197754,18.40559959411621,ok
LA_D_8820030,15.765708923339844,15.767396926879883,ok
LA_D_8820413,15.057123184204102,15.083300590515137,ok
LA_D_8821044,11.908195495605469,11.908036231994629,ok
LA_D_8821382,11.408276557922363,11.41256046295166,ok
LA_D_8824981,13.856921195983887,13.914653778076172,ok
LA_D_8825208,10.71854305267334,10.7598237991333,ok
LA_D_8826150,15.151782989501953,15.178875923156738,ok
LA_D_8826258,9.44859790802002,9.439895629882812,ok
LA_D_8827374,14.396105766296387,14.404563903808594,ok
LA_D_8829199,13.372203826904297,13.3881254196167,ok
LA_D_8829502,16.691566467285156,16.698301315307617,ok
LA_D_8829832,14.479752540588379,14.50866985321045,ok
LA_D_8830433,12.41748332977295,12.456733703613281,ok
LA_D_8830828,-9.078715324401855,-9.114362716674805,ok
LA_D_8831382,14.09850025177002,14.099093437194824,ok
LA_D_8832311,14.797868728637695,14.915507316589355,ok
LA_D_8832584,13.538826942443848,13.590989112854004,ok
LA_D_8832719,15.984652519226074,16.012908935546875,ok
LA_D_8833531,16.100996017456055,16.142187118530273,ok
LA_D_8833581,18.052255630493164,18.09148597717285,ok
LA_D_8833920,11.800281524658203,11.808133125305176,ok
LA_D_8833933,6.476001262664795,6.497036933898926,ok
LA_D_8836257,-12.617900848388672,-12.69472599029541,ok
LA_D_8838589,15.77792739868164,15.826774597167969,ok
LA_D_8840072,20.220317840576172,20.384933471679688,ok
LA_D_8840275,13.04482364654541,13.105122566223145,ok
LA_D_8841412,16.984821319580078,17.161773681640625,ok
LA_D_8842630,16.437973022460938,16.479578018188477,ok
LA_D_8842633,13.564170837402344,13.595136642456055,ok
LA_D_8844357,-15.21914005279541,-15.293519020080566,ok
LA_D_8844443,14.539889335632324,14.588598251342773,ok
LA_D_8845360,13.083758354187012,13.154955863952637,ok
LA_D_8846056,9.257996559143066,9.257519721984863,ok
LA_D_8846893,19.27821159362793,19.2921199798584,ok
LA_D_8847601,14.845710754394531,14.905535697937012,ok
LA_D_8848529,13.694461822509766,13.715478897094727,ok
LA_D_8849846,17.449533462524414,17.474897384643555,ok
LA_D_8850840,14.125154495239258,14.164291381835938,ok
LA_D_8850937,13.936214447021484,14.000260353088379,ok
LA_D_8851647,13.662575721740723,13.679608345031738,ok
LA_D_8852103,16.02300453186035,16.03806495666504,ok
LA_D_8852535,18.02632713317871,18.05401611328125,ok
LA_D_8852748,17.39948272705078,17.46157455444336,ok
LA_D_8853078,14.948554039001465,14.990703582763672,ok
LA_D_8858217,9.444315910339355,9.445390701293945,ok
LA_D_8861570,11.519556045532227,11.520349502563477,ok
LA_D_8861762,15.41395092010498,15.480467796325684,ok
LA_D_8862440,20.854949951171875,20.886178970336914,ok
LA_D_8862614,16.16676139831543,16.168970108032227,ok
LA_D_8863380,-12.046918869018555,-12.112698554992676,ok
LA_D_8863596,11.389731407165527,11.393927574157715,ok
LA_D_8864927,11.650981903076172,11.667624473571777,ok
LA_D_8865823,13.30408763885498,13.319252014160156,ok
LA_D_8866287,7.439362049102783,7.429142475128174,ok
LA_D_8866986,13.918638229370117,14.03207778930664,ok
LA_D_8867068,13.366756439208984,13.367548942565918,ok
LA_D_8868121,12.378987312316895,12.404301643371582,ok
LA_D_8868214,12.73790168762207,12.83229923248291,ok
LA_D_8868497,11.143007278442383,11.143453598022461,ok
LA_D_8869402,15.498710632324219,15.528596878051758,ok
LA_D_8870358,20.223731994628906,20.301198959350586,ok
LA_D_8870403,17.10817527770996,17.138208389282227,ok
LA_D_8870926,9.772170066833496,9.811553001403809,ok
LA_D_8871382,12.683093070983887,12.682311058044434,ok
LA_D_8871469,14.43128490447998,14.43719482421875,ok
LA_D_8871612,9.973143577575684,10.010753631591797,ok
LA_D_8871719,15.864826202392578,15.894354820251465,ok
LA_D_8873375,16.449752807617188,16.497583389282227,ok
LA_D_8874300,12.056337356567383,12.117475509643555,ok
LA_D_8875562,12.958585739135742,13.006003379821777,ok
LA_D_8875680,7.524065971374512,7.527108192443848,ok
LA_D_8875770,13.00003433227539,13.059208869934082,ok
LA_D_8875774,11.596648216247559,11.680028915405273,ok
LA_D_8875939,18.10930824279785,18.220659255981445,ok
LA_D_8876728,3.489107608795166,3.5155181884765625,ok
LA_D_8877909,15.591124534606934,15.674415588378906,ok
LA_D_8878315,9.974315643310547,10.025704383850098,ok
LA_D_8878321,12.167646408081055,12.172185897827148,ok
LA_D_8878567,6.899716854095459,6.907179832458496,ok
LA_D_8878573,14.800975799560547,14.80983829498291,ok
LA_D_8878659,10.353025436401367,10.359603881835938,ok
LA_D_8879292,-14.625266075134277,-14.628451347351074,ok
LA_D_8879769,18.426227569580078,18.488855361938477,ok
LA_D_8879962,20.610671997070312,20.67011070251465,ok
LA_D_8880043,15.621786117553711,15.666277885437012,ok
LA_D_8880302,-14.808698654174805,-14.936676025390625,ok
LA_D_8880932,15.037126541137695,15.161816596984863,ok
LA_D_8881042,7.577686309814453,7.57769775390625,ok
LA_D_8881354,12.644998550415039,12.653410911560059,ok
LA_D_8882807,15.657293319702148,15.713997840881348,ok
LA_D_8884919,11.731023788452148,11.746562004089355,ok
LA_D_8886611,14.124329566955566,14.171667098999023,ok
LA_D_8888903,13.417006492614746,13.450922966003418,ok
LA_D_8889202,16.020126342773438,16.12056541442871,ok
LA_D_8889390,14.028863906860352,14.046320915222168,ok
LA_D_8890877,10.285712242126465,10.286893844604492,ok
LA_D_8890967,13.837986946105957,13.892451286315918,ok
LA_D_8891088,16.036460876464844,16.087995529174805,ok
LA_D_8891307,12.954087257385254,12.990811347961426,ok
LA_D_8891814,18.05002784729004,18.062397003173828,ok
LA_D_8892690,12.789436340332031,12.802448272705078,ok
LA_D_8892958,17.95191192626953,17.96360206604004,ok
LA_D_8893730,19.36613655090332,19.39665985107422,ok
LA_D_8894641,8.48190689086914,8.491877555847168,ok
LA_D_8894648,14.741472244262695,14.757840156555176,ok
LA_D_8895696,11.671989440917969,11.684181213378906,ok
LA_D_8896610,11.569307327270508,11.653998374938965,ok
LA_D_8899399,-10.278132438659668,-10.294424057006836,ok
LA_D_8900733,10.097845077514648,10.15743637084961,ok
LA_D_8903895,13.65363883972168,13.66591739654541,ok
LA_D_8904858,13.2897367477417,13.297195434570312,ok
LA_D_8905681,15.259215354919434,15.632100105285645,ok
LA_D_8905956,20.864856719970703,20.95771598815918,ok
LA_D_8906850,12.656493186950684,12.653427124023438,ok
LA_D_8907825,14.799942970275879,14.800060272216797,ok
LA_D_8908261,12.710347175598145,12.713277816772461,ok
LA_D_8909496,21.766019821166992,22.039030075073242,ok
LA_D_8909861,-12.447678565979004,-12.470147132873535,ok
LA_D_8910316,12.261273384094238,12.285721778869629,ok
LA_D_8910822,13.6063814163208,13.607736587524414,ok
LA_D_8911190,14.169584274291992,14.230888366699219,ok
LA_D_8911365,11.3959321975708,11.40898609161377,ok
LA_D_8911591,14.704246520996094,14.762105941772461,ok
LA_D_8912596,15.32359504699707,15.332097053527832,ok
LA_D_8912899,17.06175994873047,17.1441593170166,ok
LA_D_8912964,2.4563486576080322,2.4867496490478516,ok
LA_D_8914938,9.004408836364746,9.027897834777832,ok
LA_D_8915463,13.499306678771973,13.649147033691406,ok
LA_D_8916939,12.134786605834961,12.146382331848145,ok
LA_D_8918981,13.760747909545898,13.831011772155762,ok
LA_D_8920232,18.139144897460938,18.170591354370117,ok
LA_D_8922428,13.447968482971191,13.485318183898926,ok
LA_D_8923139,12.707633972167969,12.761320114135742,ok
LA_D_8923373,11.757316589355469,11.765286445617676,ok
LA_D_8923577,14.778874397277832,14.823100090026855,ok
LA_D_8923789,14.530363082885742,14.56411361694336,ok
LA_D_8924553,-7.534549713134766,-7.560108661651611,ok
LA_D_8925094,16.47321319580078,16.599523544311523,ok
LA_D_8925211,12.253853797912598,12.253959655761719,ok
LA_D_8925628,18.351911544799805,18.42582893371582,ok
LA_D_8926504,13.898000717163086,13.937378883361816,ok
LA_D_8928209,6.954505443572998,6.968660831451416,ok
LA_D_8929588,11.353262901306152,11.357571601867676,ok
LA_D_8930242,15.487149238586426,15.50558853149414,ok
LA_D_8930518,16.828702926635742,16.980867385864258,ok
LA_D_8931062,15.61494255065918,15.610682487487793,ok
LA_D_8931596,-15.302532196044922,-15.340415000915527,ok
LA_D_8932667,13.56421184539795,13.571553230285645,ok
LA_D_8932992,11.76214599609375,11.78700065612793,ok
LA_D_8933531,19.496063232421875,19.61887550354004,ok
LA_D_8933570,-14.555902481079102,-14.597479820251465,ok
LA_D_8934450,14.206136703491211,14.2166748046875,ok
LA_D_8934774,14.199492454528809,14.267794609069824,ok
LA_D_8934893,12.93621826171875,12.968536376953125,ok
LA_D_8936540,-13.659239768981934,-13.720349311828613,ok
LA_D_8937390,14.067806243896484,14.068604469299316,ok
LA_D_8937760,11.559528350830078,11.562009811401367,ok
LA_D_8939040,14.768882751464844,14.772010803222656,ok
LA_D_8939153,9.48715591430664,9.540996551513672,ok
LA_D_8940296,11.83677864074707,11.857396125793457,ok
LA_D_8940643,17.014564514160156,17.046293258666992,ok
LA_D_8940981,3.3186049461364746,3.3277587890625,ok
LA_D_8941037,10.57530403137207,10.576714515686035,ok
LA_D_8941942,17.386720657348633,17.4478702545166,ok
LA_D_8942125,-11.249615669250488,-11.379050254821777,ok
LA_D_8942973,13.81656265258789,13.832831382751465,ok
LA_D_8943651,14.90872859954834,14.970850944519043,ok
LA_D_8944425,15.352999687194824,15.38375186920166,ok
LA_D_8944675,13.777115821838379,13.883143424987793,ok
LA_D_8947789,18.514726638793945,18.553884506225586,ok
LA_D_8947861,-14.290306091308594,-14.308222770690918,ok
LA_D_8948710,15.491752624511719,15.618352890014648,ok
LA_D_8950385,14.461479187011719,14.494272232055664,ok
LA_D_8950647,15.863335609436035,15.897149085998535,ok
LA_D_8950993,15.133362770080566,15.30643367767334,ok
LA_D_8951313,17.878156661987305,17.875871658325195,ok
LA_D_8952306,-10.728145599365234,-10.735054969787598,ok
LA_D_8954865,17.0129451751709,17.05999183654785,ok
LA_D_8954954,11.656539916992188,11.659273147583008,ok
LA_D_8955970,13.419234275817871,13.4513578414917,ok
LA_D_8956992,11.05748176574707,11.058032989501953,ok
LA_D_8957132,13.20868968963623,13.217174530029297,ok
LA_D_8957701,13.178031921386719,13.181700706481934,ok
LA_D_8957959,13.854060173034668,13.85163688659668,ok
LA_D_8958398,12.2578706741333,12.25125789642334,ok
LA_D_8958444,16.994699478149414,17.24825096130371,ok
LA_D_8959959,8.070611000061035,8.086772918701172,ok
LA_D_8960097,12.931965827941895,12.935284614562988,ok
LA_D_8960736,13.105926513671875,13.137924194335938,ok
LA_D_8961138,13.221382141113281,13.26701545715332,ok
LA_D_8961195,16.327701568603516,16.34086799621582,ok
LA_D_8961621,10.013771057128906,10.016683578491211,ok
LA_D_8961930,18.317419052124023,18.38410758972168,ok
LA_D_8962012,6.603604793548584,6.60404634475708,ok
LA_D_8964132,9.677613258361816,9.669951438903809,ok
LA_D_8964874,13.158703804016113,13.210978507995605,ok
LA_D_8965622,11.657191276550293,11.705389976501465,ok
LA_D_8967078,15.787933349609375,15.811460494995117,ok
LA_D_8967930,12.563435554504395,12.590543746948242,ok
LA_D_8969618,17.04023551940918,17.07404899597168,ok
LA_D_8971601,16.61236572265625,16.81223487854004,ok
LA_D_8971968,6.429461479187012,6.429497241973877,ok
LA_D_8974858,14.440752029418945,14.530631065368652,ok
LA_D_8975234,20.821075439453125,21.2109432220459,ok
LA_D_8975798,13.64334774017334,13.652082443237305,ok
LA_D_8976318,15.679033279418945,15.685023307800293,ok
LA_D_8976620,-12.476164817810059,-12.606040000915527,ok
LA_D_8978448,-12.396310806274414,-12.452738761901855,ok
LA_D_8978560,-13.781457901000977,-13.790934562683105,ok
LA_D_8979245,16.478252410888672,16.472137451171875,ok
LA_D_8980393,-14.850080490112305,-14.87974739074707,ok
LA_D_8980613,15.510698318481445,15.537546157836914,ok
LA_D_8983296,16.1030330657959,16.135046005249023,ok
LA_D_8983751,12.262752532958984,12.289748191833496,ok
LA_D_8983810,9.841920852661133,9.861003875732422,ok
LA_D_8986360,-13.715826988220215,-13.737391471862793,ok
LA_D_8986682,18.951004028320312,18.953264236450195,ok
LA_D_8986725,9.29586410522461,9.320148468017578,ok
LA_D_8987632,15.491042137145996,15.500420570373535,ok
LA_D_8987674,10.450386047363281,10.460737228393555,ok
LA_D_8987827,19.39405059814453,19.421110153198242,ok
LA_D_8988479,10.998014450073242,11.128029823303223,ok
LA_D_8988605,20.131877899169922,20.148805618286133,ok
LA_D_8989585,-9.89536190032959,-9.963589668273926,ok
LA_D_8991753,14.48935604095459,14.52270221710205,ok
LA_D_8991799,8.855109214782715,8.858353614807129,ok
LA_D_8992743,15.567991256713867,15.613686561584473,ok
LA_D_8992776,11.159488677978516,11.186468124389648,ok
LA_D_8992901,10.785552978515625,10.801694869995117,ok
LA_D_8993681,-16.377614974975586,-16.400667190551758,ok
LA_D_8994328,15.034815788269043,15.07568359375,ok
LA_D_8995264,-0.2107231467962265,-0.22408419847488403,ok
LA_D_8995647,-12.710674285888672,-12.732661247253418,ok
LA_D_8997256,9.703537940979004,9.70760440826416,ok
LA_D_8998352,14.269384384155273,14.306319236755371,ok
LA_D_8998915,15.948430061340332,15.970279693603516,ok
LA_D_8998984,15.204978942871094,15.235692024230957,ok
LA_D_9000151,11.574408531188965,11.590067863464355,ok
LA_D_9001681,14.516407012939453,14.51933479309082,ok
LA_D_9002788,10.733735084533691,10.759113311767578,ok
LA_D_9005051,8.351369857788086,8.355469703674316,ok
LA_D_9005941,13.112631797790527,13.117258071899414,ok
LA_D_9006149,14.11604118347168,14.14144229888916,ok
LA_D_9007860,17.318147659301758,17.583690643310547,ok
LA_D_9008937,13.380691528320312,13.39149284362793,ok
LA_D_9011396,14.401557922363281,14.41074275970459,ok
LA_D_9011511,14.05384349822998,14.060465812683105,ok
LA_D_9012249,15.560446739196777,15.605463027954102,ok
LA_D_9012367,13.79129695892334,13.824584007263184,ok
LA_D_9013901,12.602544784545898,12.614999771118164,ok
LA_D_9014300,15.347015380859375,15.358460426330566,ok
LA_D_9014425,12.692449569702148,12.693798065185547,ok
LA_D_9017623,19.163742065429688,19.246278762817383,ok
LA_D_9018221,9.948657989501953,9.953842163085938,ok
LA_D_9020589,15.384927749633789,15.394124031066895,ok
LA_D_9021893,14.689050674438477,14.929244995117188,ok
LA_D_9022054,14.491254806518555,14.529281616210938,ok
LA_D_9023318,16.946338653564453,17.02248764038086,ok
LA_D_9025240,16.202308654785156,16.252836227416992,ok
LA_D_9026344,17.03464698791504,17.05447769165039,ok
LA_D_9026390,10.801094055175781,10.803439140319824,ok
LA_D_9027095,-12.644145011901855,-12.677170753479004,ok
LA_D_9030143,9.077174186706543,9.074254035949707,ok
LA_D_9032192,16.110952377319336,16.169099807739258,ok
LA_D_9033630,17.452518463134766,17.48193359375,ok
LA_D_9035942,-6.207990646362305,-6.208710193634033,ok
LA_D_9036300,9.693768501281738,9.831999778747559,ok
LA_D_9036585,11.445565223693848,11.467334747314453,ok
LA_D_9036703,8.090079307556152,8.094647407531738,ok
LA_D_9037892,18.2998104095459,18.3487606048584,ok
LA_D_9038073,16.55232048034668,16.59971046447754,ok
LA_D_9039108,9.640789985656738,9.653909683227539,ok
LA_D_9039340,14.466970443725586,14.552932739257812,ok
LA_D_9039771,-13.953510284423828,-13.967538833618164,ok
LA_D_9040314,9.642036437988281,9.640853881835938,ok
LA_D_9040602,-15.237494468688965,-15.291139602661133,ok
LA_D_9042048,15.983124732971191,16.01401138305664,ok
LA_D_9042253,-13.99212646484375,-14.005430221557617,ok
LA_D_9043636,19.825016021728516,19.830995559692383,ok
LA_D_9044209,13.002326965332031,13.07653522491455,ok
LA_D_9045200,10.90316104888916,10.92056655883789,ok
LA_D_9045570,14.806139945983887,14.81400203704834,ok
LA_D_9048413,11.249856948852539,11.266936302185059,ok
LA_D_9048737,13.62467098236084,13.626618385314941,ok
LA_D_9049736,16.89723014831543,16.9106388092041,ok
LA_D_9050106,12.523578643798828,12.532166481018066,ok
LA_D_9051356,15.78460693359375,15.834073066711426,ok
LA_D_9053095,14.850924491882324,14.857823371887207,ok
LA_D_9053096,10.006362915039062,10.008157730102539,ok
LA_D_9053193,12.272782325744629,12.355466842651367,ok
LA_D_9053763,16.62445640563965,16.648906707763672,ok
LA_D_9055271,12.561141014099121,12.588753700256348,ok
LA_D_9058027,14.675037384033203,14.726367950439453,ok
LA_D_9058492,20.098424911499023,20.13309097290039,ok
LA_D_9058869,16.418352127075195,16.420507431030273,ok
LA_D_9059259,11.045331954956055,11.045945167541504,ok
LA_D_9059452,19.74239730834961,19.87876319885254,ok
LA_D_9062081,-13.891505241394043,-13.911015510559082,ok
LA_D_9063622,12.089284896850586,12.09543514251709,ok
LA_D_9064394,11.332582473754883,11.333329200744629,ok
LA_D_9065595,3.543956756591797,3.5541815757751465,ok
LA_D_9065762,-12.106730461120605,-12.131197929382324,ok
LA_D_9066461,18.31011390686035,18.36604881286621,ok
LA_D_9066739,15.999110221862793,16.0200138092041,ok
LA_D_9067610,16.87275505065918,16.87617301940918,ok
LA_D_9068099,17.107032775878906,17.118410110473633,ok
LA_D_9071072,15.3472318649292,15.350249290466309,ok
LA_D_9072602,14.620726585388184,14.652294158935547,ok
LA_D_9073444,14.572074890136719,14.587837219238281,ok
LA_D_9073905,15.60622501373291,15.654489517211914,ok
LA_D_9074375,15.633509635925293,15.685894012451172,ok
LA_D_9075341,13.980566024780273,14.1144380569458,ok
LA_D_9076677,-13.48740005493164,-13.488876342773438,ok
LA_D_9076744,13.092962265014648,13.110186576843262,ok
LA_D_9077132,14.81495189666748,14.817890167236328,ok
LA_D_9077999,18.24827766418457,18.254322052001953,ok
LA_D_9080371,-13.533440589904785,-13.554458618164062,ok
LA_D_9080415,10.862854957580566,10.900161743164062,ok
LA_D_9081617,15.48140811920166,15.508049964904785,ok
LA_D_9082501,19.09097671508789,19.092527389526367,ok
LA_D_9085002,21.396713256835938,21.543163299560547,ok
LA_D_9086230,11.419861793518066,11.457868576049805,ok
LA_D_9086287,13.037924766540527,13.066568374633789,ok
LA_D_9091046,9.819070816040039,9.819049835205078,ok
LA_D_9091774,-14.594346046447754,-14.608257293701172,ok
LA_D_9092108,13.892534255981445,13.902016639709473,ok
LA_D_9092221,20.135665893554688,20.13657569885254,ok
LA_D_9092413,19.84193992614746,19.931848526000977,ok
LA_D_9092875,13.30810832977295,13.312652587890625,ok
LA_D_9093007,11.755773544311523,11.761641502380371,ok
LA_D_9094488,18.884883880615234,18.95766258239746,ok
LA_D_9094713,17.140260696411133,17.168188095092773,ok
LA_D_9095089,16.749338150024414,16.752195358276367,ok
LA_D_9095164,-11.142656326293945,-11.160508155822754,ok
LA_D_9095485,14.218461036682129,14.226277351379395,ok
LA_D_9095874,7.187507152557373,7.242026329040527,ok
LA_D_9096004,11.678605079650879,11.702714920043945,ok
LA_D_9096116,15.155574798583984,15.16141414642334,ok
LA_D_9096187,11.447037696838379,11.452364921569824,ok
LA_D_9097473,10.782187461853027,10.813946723937988,ok
LA_D_9098375,12.593750953674316,12.6144380569458,ok
LA_D_9098847,13.238414764404297,13.238369941711426,ok
LA_D_9101305,13.962209701538086,13.97253131866455,ok
LA_D_9101643,14.396296501159668,14.439981460571289,ok
LA_D_9103728,15.489567756652832,15.529233932495117,ok
LA_D_9105267,12.843207359313965,12.850346565246582,ok
LA_D_9105293,20.217273712158203,20.36566734313965,ok
LA_D_9106136,16.73092269897461,16.733051300048828,ok
LA_D_9106315,13.340577125549316,13.378186225891113,ok
LA_D_9107569,13.0726318359375,13.07337474822998,ok
LA_D_9109666,14.570813179016113,14.575539588928223,ok
LA_D_9109915,17.624963760375977,17.625883102416992,ok
LA_D_9111429,14.821380615234375,14.874845504760742,ok
LA_D_9112845,13.56438159942627,13.583069801330566,ok
LA_D_9113299,-13.0076322555542,-13.019393920898438,ok
LA_D_9113588,-8.764188766479492,-8.782660484313965,ok
LA_D_9115231,17.069345474243164,17.103492736816406,ok
LA_D_9115338,13.85937786102295,13.8986234664917,ok
LA_D_9115565,1.3180969953536987,1.3377577066421509,ok
LA_D_9117374,-15.069097518920898,-15.0921049118042,ok
LA_D_9117562,12.65965461730957,12.662732124328613,ok
LA_D_9118224,14.705181121826172,14.787239074707031,ok
LA_D_9118659,-13.504855155944824,-13.553386688232422,ok
LA_D_9119095,13.373952865600586,13.396774291992188,ok
LA_D_9119177,11.410529136657715,11.445956230163574,ok
LA_D_9120091,12.130289077758789,12.164462089538574,ok
LA_D_9120425,16.850507736206055,16.853479385375977,ok
LA_D_9121380,13.426498413085938,13.461718559265137,ok
LA_D_9121718,15.42637825012207,15.427712440490723,ok
LA_D_9122016,12.275755882263184,12.29746150970459,ok
LA_D_9122088,9.383964538574219,9.417183876037598,ok
LA_D_9122497,11.662330627441406,11.685507774353027,ok
LA_D_9123838,12.298094749450684,12.302979469299316,ok
LA_D_9125336,10.438020706176758,10.46094799041748,ok
LA_D_9125966,-15.195097923278809,-15.237658500671387,ok
LA_D_9126409,-14.560538291931152,-14.58569049835205,ok
LA_D_9127001,11.537476539611816,11.554118156433105,ok
LA_D_9127411,18.967435836791992,19.12210464477539,ok
LA_D_9129067,17.30523109436035,17.592546463012695,ok
LA_D_9129216,14.329721450805664,14.373662948608398,ok
LA_D_9131105,17.870393753051758,17.956804275512695,ok
LA_D_9131527,13.639993667602539,13.661112785339355,ok
LA_D_9132728,12.906578063964844,12.946006774902344,ok
LA_D_9133128,14.926140785217285,14.961968421936035,ok
LA_D_9133444,-14.903261184692383,-14.91795825958252,ok
LA_D_9134485,13.660173416137695,13.699397087097168,ok
LA_D_9135294,-12.499455451965332,-12.501280784606934,ok
LA_D_9135528,14.117237091064453,14.122929573059082,ok
LA_D_9136883,17.924211502075195,17.967687606811523,ok
LA_D_9137331,-14.797342300415039,-14.807364463806152,ok
LA_D_9138868,12.29314136505127,12.295992851257324,ok
LA_D_9138892,9.423722267150879,9.428915977478027,ok
LA_D_9140494,14.476998329162598,14.545931816101074,ok
LA_D_9140619,16.455904006958008,16.461393356323242,ok
LA_D_9144289,8.72907829284668,8.718132972717285,ok
LA_D_9144406,18.58844566345215,18.620943069458008,ok
LA_D_9146484,-13.795816421508789,-13.866508483886719,ok
LA_D_9146864,15.129637718200684,15.122779846191406,ok
LA_D_9147299,15.212864875793457,15.214542388916016,ok
LA_D_9147825,15.488937377929688,15.660714149475098,ok
LA_D_9148057,21.05964469909668,21.135154724121094,ok
LA_D_9148724,13.882607460021973,13.925508499145508,ok
LA_D_9149364,13.824849128723145,13.867846488952637,ok
LA_D_9149883,11.884795188903809,11.995305061340332,ok
LA_D_9150782,14.308479309082031,14.40330696105957,ok
LA_D_9151278,11.240583419799805,11.278797149658203,ok
LA_D_9151418,18.79125213623047,18.864788055419922,ok
LA_D_9152403,6.723480224609375,6.7280168533325195,ok
LA_D_9153269,13.821779251098633,13.846115112304688,ok
LA_D_9154948,15.506279945373535,15.541817665100098,ok
LA_D_9155834,17.023014068603516,17.05161476135254,ok
LA_D_9156038,6.570865154266357,6.5940260887146,ok
LA_D_9156390,15.213177680969238,15.245503425598145,ok
LA_D_9158496,20.71529769897461,20.727956771850586,ok
LA_D_9159389,18.5755615234375,18.597795486450195,ok
LA_D_9159860,13.126021385192871,13.152607917785645,ok
LA_D_9159907,-15.256012916564941,-15.262430191040039,ok
LA_D_9160139,12.842805862426758,12.843058586120605,ok
LA_D_9160310,-14.041053771972656,-14.057454109191895,ok
LA_D_9160362,13.629270553588867,13.632670402526855,ok
LA_D_9160621,12.164125442504883,12.380906105041504,ok
LA_D_9160943,12.997685432434082,13.027100563049316,ok
LA_D_9161942,10.59498405456543,10.596230506896973,ok
LA_D_9162612,11.317347526550293,11.317277908325195,ok
LA_D_9163803,14.478052139282227,14.542658805847168,ok
LA_D_9165189,15.382643699645996,15.388612747192383,ok
LA_D_9165269,12.125405311584473,12.151320457458496,ok
LA_D_9165454,14.502829551696777,14.515384674072266,ok
LA_D_9167206,-13.287575721740723,-13.287816047668457,ok
LA_D_9167498,14.541754722595215,14.686060905456543,ok
LA_D_9167860,11.383885383605957,11.386319160461426,ok
LA_D_9170505,16.341535568237305,16.390161514282227,ok
LA_D_9170533,15.857051849365234,15.864533424377441,ok
LA_D_9170546,18.18870735168457,18.197057723999023,ok
LA_D_9170640,13.691374778747559,13.702733993530273,ok
LA_D_9170829,12.831204414367676,12.860264778137207,ok
LA_D_9171276,13.355417251586914,13.40117359161377,ok
LA_D_9172298,-13.029820442199707,-13.032105445861816,ok
LA_D_9172994,17.50962257385254,17.513410568237305,ok
LA_D_9173096,14.890552520751953,14.969297409057617,ok
LA_D_9173264,14.423962593078613,14.429911613464355,ok
LA_D_9173342,14.036407470703125,14.11021614074707,ok
LA_D_9173640,12.594743728637695,12.699488639831543,ok
LA_D_9173760,14.247795104980469,14.314949035644531,ok
LA_D_9174169,13.725809097290039,13.750836372375488,ok
LA_D_9174943,11.489168167114258,11.514363288879395,ok
LA_D_9175079,13.057623863220215,13.12231731414795,ok
LA_D_9175542,8.78557300567627,8.787619590759277,ok
LA_D_9175790,20.182514190673828,20.25404930114746,ok
LA_D_9176089,9.692519187927246,9.693097114562988,ok
LA_D_9178334,11.317756652832031,11.331681251525879,ok
LA_D_9178466,14.920031547546387,14.929770469665527,ok
LA_D_9178575,13.529953956604004,13.539302825927734,ok
LA_D_9178673,14.136528015136719,14.152995109558105,ok
LA_D_9180251,4.524962425231934,4.538924694061279,ok
LA_D_9180824,17.519922256469727,17.520862579345703,ok
LA_D_9182085,12.515299797058105,12.514688491821289,ok
LA_D_9183395,-14.874605178833008,-14.902222633361816,ok
LA_D_9183719,11.404635429382324,11.420121192932129,ok
LA_D_9184655,-11.199760437011719,-11.4025297164917,ok
LA_D_9189588,15.166115760803223,15.16326904296875,ok
LA_D_9189777,11.952980041503906,11.961237907409668,ok
LA_D_9191160,14.200818061828613,14.211135864257812,ok
LA_D_9192418,13.282590866088867,13.399649620056152,ok
LA_D_9192772,14.085524559020996,14.107069969177246,ok
LA_D_9193020,15.320024490356445,15.359295845031738,ok
LA_D_9194593,14.417930603027344,14.519265174865723,ok
LA_D_9195548,14.54816722869873,14.599996566772461,ok
LA_D_9196227,13.811470031738281,13.853354454040527,ok
LA_D_9196257,4.2616047859191895,4.2455878257751465,ok
LA_D_9196271,18.630754470825195,18.636655807495117,ok
LA_D_9197432,9.356400489807129,9.401050567626953,ok
LA_D_9197542,17.695148468017578,17.696924209594727,ok
LA_D_9198030,13.525471687316895,13.525921821594238,ok
LA_D_9199194,12.300929069519043,12.310995101928711,ok
LA_D_9200045,-13.223146438598633,-13.27259349822998,ok
LA_D_9201990,16.0242862701416,16.08037757873535,ok
LA_D_9202951,13.851171493530273,13.910886764526367,ok
LA_D_9203142,17.274669647216797,17.33257484436035,ok
LA_D_9204208,20.541990280151367,20.778759002685547,ok
LA_D_9206015,14.10842514038086,14.1192626953125,ok
LA_D_9206035,9.637622833251953,9.643229484558105,ok
LA_D_9207502,11.220322608947754,11.247010231018066,ok
LA_D_9208964,13.433401107788086,13.449732780456543,ok
LA_D_9209018,16.3104190826416,16.362281799316406,ok
LA_D_9209406,10.992019653320312,10.993496894836426,ok
LA_D_9209591,-13.279959678649902,-13.281684875488281,ok
LA_D_9210275,11.297133445739746,11.305583000183105,ok
LA_D_9212778,14.021804809570312,14.051093101501465,ok
LA_D_9216190,13.818787574768066,13.816069602966309,ok
LA_D_9217255,15.048569679260254,15.051366806030273,ok
LA_D_9217605,15.822312355041504,15.829571723937988,ok
LA_D_9218689,16.553287506103516,16.79383659362793,ok
LA_D_9219265,14.009368896484375,14.016165733337402,ok
LA_D_9220018,15.446901321411133,15.468794822692871,ok
LA_D_9222077,15.741857528686523,15.783163070678711,ok
LA_D_9222686,13.62458610534668,13.682257652282715,ok
LA_D_9223694,16.99762725830078,17.0716552734375,ok
LA_D_9224096,-13.515694618225098,-13.54131031036377,ok
LA_D_9224359,9.172403335571289,9.172507286071777,ok
LA_D_9225299,15.90733528137207,15.916243553161621,ok
LA_D_9226269,17.572731018066406,17.643945693969727,ok
LA_D_9230787,15.605201721191406,15.855843544006348,ok
LA_D_9231954,12.802229881286621,12.834310531616211,ok
LA_D_9232895,17.480297088623047,17.506576538085938,ok
LA_D_9233372,18.034040451049805,18.118301391601562,ok
LA_D_9233697,16.745758056640625,16.813188552856445,ok
LA_D_9235322,10.586448669433594,10.614776611328125,ok
LA_D_9236613,18.44164276123047,18.47588348388672,ok
LA_D_9237935,15.333325386047363,15.352669715881348,ok
LA_D_9238403,11.585206985473633,11.618020057678223,ok
LA_D_9238588,9.638355255126953,9.638407707214355,ok
LA_D_9238626,11.60283088684082,11.618204116821289,ok
LA_D_9240035,-14.0444917678833,-14.23641300201416,ok
LA_D_9240337,14.874716758728027,14.888326644897461,ok
LA_D_9241229,-13.56175422668457,-13.607220649719238,ok
LA_D_9241230,13.472509384155273,13.513263702392578,ok
LA_D_9241530,-14.308093070983887,-14.327752113342285,ok
LA_D_9241694,15.81312084197998,15.882781982421875,ok
LA_D_9242112,16.364044189453125,16.42768669128418,ok
LA_D_9242631,13.480521202087402,13.523587226867676,ok
LA_D_9242976,19.746612548828125,19.992082595825195,ok
LA_D_9244255,13.016240119934082,13.03122615814209,ok
LA_D_9244478,17.348297119140625,17.348222732543945,ok
LA_D_9246417,12.866552352905273,12.890667915344238,ok
LA_D_9247963,10.490732192993164,10.495601654052734,ok
LA_D_9248076,14.642924308776855,14.701011657714844,ok
LA_D_9248232,17.05143165588379,17.147390365600586,ok
LA_D_9249528,16.641916275024414,16.66506004333496,ok
LA_D_9249738,13.953095436096191,13.979244232177734,ok
LA_D_9250654,10.69200325012207,10.694247245788574,ok
LA_D_9251632,13.182991027832031,13.193031311035156,ok
LA_D_9251833,15.396385192871094,15.400153160095215,ok
LA_D_9254137,14.843818664550781,14.863404273986816,ok
LA_D_9254481,16.775606155395508,16.79883575439453,ok
LA_D_9255229,15.919870376586914,15.999247550964355,ok
LA_D_9257320,14.1292142868042,14.21562385559082,ok
LA_D_9257491,7.222299098968506,7.221141815185547,ok
LA_D_9258278,11.075387954711914,11.14525318145752,ok
LA_D_9259569,11.813432693481445,11.871103286743164,ok
LA_D_9260902,-13.910833358764648,-13.928400993347168,ok
LA_D_9261139,14.523625373840332,14.540457725524902,ok
LA_D_9262171,12.942817687988281,12.952462196350098,ok
LA_D_9262825,12.98827838897705,13.013813972473145,ok
LA_D_9264205,14.284958839416504,14.310861587524414,ok
LA_D_9264408,16.228010177612305,16.272613525390625,ok
LA_D_9265361,13.866211891174316,13.89554500579834,ok
LA_D_9266618,9.266584396362305,9.279339790344238,ok
LA_D_9266761,18.029800415039062,18.08625602722168,ok
LA_D_9269691,17.284526824951172,17.290428161621094,ok
LA_D_9270152,14.420356750488281,14.5300931930542,ok
LA_D_9271439,15.832986831665039,15.844803810119629,ok
LA_D_9272509,-11.301761627197266,-11.330307960510254,ok
LA_D_9272636,-15.008960723876953,-15.03023624420166,ok
LA_D_9273017,14.53870964050293,14.540385246276855,ok
LA_D_9274099,10.974949836730957,11.021207809448242,ok
LA_D_9274326,12.64205551147461,12.686348915100098,ok
LA_D_9274477,12.840505599975586,12.848372459411621,ok
LA_D_9275415,10.671549797058105,10.69013500213623,ok
LA_D_9275744,18.657175064086914,18.764591217041016,ok
LA_D_9275774,16.557754516601562,16.567258834838867,ok
LA_D_9277522,16.88553237915039,16.95380210876465,ok
LA_D_9278101,14.124722480773926,14.135820388793945,ok
LA_D_9278326,18.694196701049805,18.74372673034668,ok
LA_D_9278460,14.263096809387207,14.27542495727539,ok
LA_D_9278655,12.492757797241211,12.49765396118164,ok
LA_D_9279366,11.981795310974121,11.983528137207031,ok
LA_D_9281005,10.675444602966309,10.680137634277344,ok
LA_D_9281870,11.945775032043457,11.945746421813965,ok
LA_D_9284758,13.432101249694824,13.44039535522461,ok
LA_D_9287127,14.302218437194824,14.396956443786621,ok
LA_D_9287624,10.197708129882812,10.201167106628418,ok
LA_D_9288877,16.132776260375977,16.193729400634766,ok
LA_D_9289055,16.674964904785156,16.7442626953125,ok
LA_D_9289260,13.497386932373047,13.535238265991211,ok
LA_D_9289288,16.642433166503906,16.688955307006836,ok
LA_D_9289511,14.322420120239258,14.405682563781738,ok
LA_D_9289629,12.010063171386719,12.048286437988281,ok
LA_D_9290170,10.843323707580566,10.84354305267334,ok
LA_D_9291135,10.752445220947266,10.754929542541504,ok
LA_D_9291930,13.810508728027344,13.810505867004395,ok
LA_D_9292862,17.49215316772461,17.52358055114746,ok
LA_D_9294766,16.163829803466797,16.191062927246094,ok
LA_D_9295080,-11.171895027160645,-11.190849304199219,ok
LA_D_9295289,14.236749649047852,14.306048393249512,ok
LA_D_9295689,13.515788078308105,13.543620109558105,ok
LA_D_9297011,13.404486656188965,13.429808616638184,ok
LA_D_9297479,14.435864448547363,14.440494537353516,ok
LA_D_9298211,21.702096939086914,21.708467483520508,ok
LA_D_9298303,14.481395721435547,14.502007484436035,ok
LA_D_9299077,13.555631637573242,13.555756568908691,ok
LA_D_9299686,-7.861988544464111,-7.862001419067383,ok
LA_D_9300277,-14.980020523071289,-14.984728813171387,ok
LA_D_9301345,17.39539909362793,17.4118595123291,ok
LA_D_9301839,16.54975700378418,16.78333282470703,ok
LA_D_9302376,9.662910461425781,9.674583435058594,ok
LA_D_9303374,13.363306045532227,13.396273612976074,ok
LA_D_9304099,-14.122997283935547,-14.142304420471191,ok
LA_D_9304694,11.896612167358398,11.94839096069336,ok
LA_D_9304826,14.592907905578613,14.675211906433105,ok
LA_D_9305104,12.853736877441406,12.881186485290527,ok
LA_D_9305138,11.158641815185547,11.190972328186035,ok
LA_D_9305482,17.84918785095215,17.855426788330078,ok
LA_D_9305654,12.843769073486328,12.916027069091797,ok
LA_D_9306659,12.032427787780762,12.056870460510254,ok
LA_D_9308388,14.96777057647705,14.980311393737793,ok
LA_D_9308715,19.479827880859375,19.513334274291992,ok
LA_D_9310262,16.32400131225586,16.4339656829834,ok
LA_D_9311350,-15.819487571716309,-15.837162971496582,ok
LA_D_9314069,12.649762153625488,12.689797401428223,ok
LA_D_9314868,12.557884216308594,12.560879707336426,ok
LA_D_9314884,14.078333854675293,14.182548522949219,ok
LA_D_9315635,15.781558990478516,15.820748329162598,ok
LA_D_9316058,16.40859603881836,16.42743492126465,ok
LA_D_9318857,14.921813011169434,14.928938865661621,ok
LA_D_9319228,11.611488342285156,11.612332344055176,ok
LA_D_9319381,-7.408738613128662,-7.499034881591797,ok
LA_D_9320180,14.322189331054688,14.42938232421875,ok
LA_D_9321322,9.142279624938965,9.168585777282715,ok
LA_D_9321479,11.365721702575684,11.391785621643066,ok
LA_D_9322246,14.766029357910156,14.841524124145508,ok
LA_D_9323100,14.657204627990723,14.676127433776855,ok
LA_D_9323815,-14.245383262634277,-14.386005401611328,ok
LA_D_9323962,16.613679885864258,16.619861602783203,ok
LA_D_9325156,9.595763206481934,9.607049942016602,ok
LA_D_9325392,19.114524841308594,19.114328384399414,ok
LA_D_9326060,15.483846664428711,15.532069206237793,ok
LA_D_9327413,12.41345500946045,12.416021347045898,ok
LA_D_9327657,16.712167739868164,16.743379592895508,ok
LA_D_9330492,-12.140447616577148,-12.19235897064209,ok
LA_D_9331853,16.526952743530273,16.571226119995117,ok
LA_D_9332950,15.172624588012695,15.191654205322266,ok
LA_D_9333859,13.386674880981445,13.393301963806152,ok
LA_D_9334540,14.481006622314453,14.700395584106445,ok
LA_D_9334822,18.857295989990234,18.968700408935547,ok
LA_D_9335121,16.201196670532227,16.216920852661133,ok
LA_D_9335130,12.988863945007324,13.074166297912598,ok
LA_D_9335232,15.316577911376953,15.339597702026367,ok
LA_D_9335272,14.54176139831543,14.628169059753418,ok
LA_D_9335831,11.571735382080078,11.5756254196167,ok
LA_D_9336302,12.192177772521973,12.192017555236816,ok
LA_D_9337299,18.814178466796875,18.867334365844727,ok
LA_D_9338745,13.996162414550781,14.052153587341309,ok
LA_D_9341282,16.269826889038086,16.369365692138672,ok
LA_D_9342188,10.790509223937988,10.792283058166504,ok
LA_D_9344368,18.697917938232422,18.760679244995117,ok
LA_D_9345488,17.53042221069336,17.728818893432617,ok
LA_D_9346841,14.400187492370605,14.403117179870605,ok
LA_D_9346947,16.978792190551758,16.993024826049805,ok
LA_D_9347002,12.644283294677734,12.667572021484375,ok
LA_D_9347638,21.209552764892578,21.22641372680664,ok
LA_D_9347930,8.063602447509766,8.063857078552246,ok
LA_D_9348134,12.204970359802246,12.24010944366455,ok
LA_D_9348889,-13.698081016540527,-13.794093132019043,ok
LA_D_9349907,16.523347854614258,16.562870025634766,ok
LA_D_9350649,18.666065216064453,18.80135154724121,ok
LA_D_9351259,15.898334503173828,15.994498252868652,ok
LA_D_9351516,18.02536964416504,18.07606315612793,ok
LA_D_9351540,13.440467834472656,13.460906028747559,ok
LA_D_9351714,13.343082427978516,13.34323787689209,ok
LA_D_9351920,11.525754928588867,11.598076820373535,ok
LA_D_9352288,9.756203651428223,9.843705177307129,ok
LA_D_9352302,11.875626564025879,11.870545387268066,ok
LA_D_9352339,14.529569625854492,14.561469078063965,ok
LA_D_9353876,24.170921325683594,24.217622756958008,ok
LA_D_9354813,15.13151741027832,15.163623809814453,ok
LA_D_9354882,13.994343757629395,14.008814811706543,ok
LA_D_9355453,9.87328052520752,9.874199867248535,ok
LA_D_9356917,11.661115646362305,11.69143009185791,ok
LA_D_9359637,-14.735450744628906,-14.785656929016113,ok
LA_D_9360287,11.490815162658691,11.549918174743652,ok
LA_D_9361389,17.71208381652832,17.744829177856445,ok
LA_D_9361903,6.043642997741699,6.045845985412598,ok
LA_D_9362624,14.999994277954102,15.040665626525879,ok
LA_D_9363151,7.307407855987549,7.3299360275268555,ok
LA_D_9363652,14.28551197052002,14.324427604675293,ok
LA_D_9363698,15.779513359069824,15.779772758483887,ok
LA_D_9363937,15.765143394470215,15.798508644104004,ok
LA_D_9365960,14.641742706298828,14.640982627868652,ok
LA_D_9366152,16.750743865966797,16.793672561645508,ok
LA_D_9366582,-15.496781349182129,-15.529521942138672,ok
LA_D_9366624,13.343981742858887,13.374162673950195,ok
LA_D_9366756,15.501018524169922,15.500731468200684,ok
LA_D_9366858,11.292229652404785,11.563926696777344,ok
LA_D_9367260,17.30575180053711,17.349449157714844,ok
LA_D_9367691,17.548574447631836,17.549592971801758,ok
LA_D_9369162,14.582512855529785,14.614100456237793,ok
LA_D_9370304,9.080900192260742,9.083125114440918,ok
LA_D_9372553,13.569868087768555,13.65156078338623,ok
LA_D_9374494,17.2502384185791,17.25360679626465,ok
LA_D_9374684,-14.125036239624023,-14.142342567443848,ok
LA_D_9374690,17.895341873168945,17.8953914642334,ok
LA_D_9374784,8.817704200744629,8.81679630279541,ok
LA_D_9375118,10.015485763549805,10.060542106628418,ok
LA_D_9376184,15.007054328918457,15.004778861999512,ok
LA_D_9376797,17.84585952758789,18.04543113708496,ok
LA_D_9378704,14.087891578674316,14.163602828979492,ok
LA_D_9379842,14.144832611083984,14.14736557006836,ok
LA_D_9382127,14.080718040466309,14.194947242736816,ok
LA_D_9382297,14.159130096435547,14.243446350097656,ok
LA_D_9382979,-12.579742431640625,-12.594695091247559,ok
LA_D_9383850,19.716678619384766,19.99393653869629,ok
LA_D_9384056,10.313421249389648,10.318686485290527,ok
LA_D_9384507,16.545351028442383,16.574926376342773,ok
LA_D_9386142,14.088057518005371,14.086264610290527,ok
LA_D_9386777,12.767824172973633,12.768887519836426,ok
LA_D_9387976,15.505958557128906,15.50721263885498,ok
LA_D_9388333,19.51224708557129,19.642789840698242,ok
LA_D_9389017,10.232601165771484,10.234223365783691,ok
LA_D_9390591,15.223601341247559,15.275809288024902,ok
LA_D_9391009,12.177345275878906,12.327330589294434,ok
LA_D_9391403,9.900390625,9.900750160217285,ok
LA_D_9392796,14.79589557647705,14.80335521697998,ok
LA_D_9392816,14.45792007446289,14.458550453186035,ok
LA_D_9393077,10.436261177062988,10.436348915100098,ok
LA_D_9394624,15.68505859375,15.719755172729492,ok
LA_D_9395081,14.08926010131836,14.092926979064941,ok
LA_D_9395082,8.446527481079102,8.451865196228027,ok
LA_D_9395844,10.558371543884277,10.561103820800781,ok
LA_D_9397829,15.741369247436523,15.776803016662598,ok
LA_D_9399713,8.73361587524414,8.734362602233887,ok
LA_D_9399909,12.41955280303955,12.460138320922852,ok
LA_D_9400890,17.992786407470703,18.0386905670166,ok
LA_D_9401339,15.963956832885742,16.00857162475586,ok
LA_D_9402940,10.791152954101562,10.864169120788574,ok
LA_D_9403264,15.998881340026855,16.08263397216797,ok
LA_D_9406043,12.563114166259766,12.595842361450195,ok
LA_D_9406266,-15.19737720489502,-15.228860855102539,ok
LA_D_9406480,12.636575698852539,12.689282417297363,ok
LA_D_9407131,15.457382202148438,15.458151817321777,ok
LA_D_9407742,10.983814239501953,10.989508628845215,ok
LA_D_9408059,-11.299190521240234,-11.338839530944824,ok
LA_D_9410296,15.555177688598633,15.552742004394531,ok
LA_D_9410329,10.85633373260498,10.849385261535645,ok
LA_D_9410996,11.142745018005371,11.179886817932129,ok
LA_D_9411191,12.698099136352539,12.705328941345215,ok
LA_D_9414131,12.936326026916504,13.00312614440918,ok
LA_D_9416941,13.453115463256836,13.461870193481445,ok
LA_D_9417900,-12.677953720092773,-12.68046760559082,ok
LA_D_9419011,13.907964706420898,13.971356391906738,ok
LA_D_9419297,12.70423698425293,12.720063209533691,ok
LA_D_9421383,10.669900894165039,10.670772552490234,ok
LA_D_9421514,11.480313301086426,11.516678810119629,ok
LA_D_9422436,-1.0142608880996704,-1.0246309041976929,ok
LA_D_9423080,-12.784161567687988,-12.786028861999512,ok
LA_D_9424343,17.728487014770508,17.728487014770508,ok
LA_D_9424568,19.538297653198242,19.546497344970703,ok
LA_D_9424845,16.542999267578125,16.65555763244629,ok
LA_D_9425296,15.235491752624512,15.235831260681152,ok
LA_D_9425366,13.989248275756836,14.024426460266113,ok
LA_D_9425889,1.8173600435256958,1.8234697580337524,ok
LA_D_9428145,13.02357292175293,13.052433967590332,ok
LA_D_9428728,16.39674949645996,16.45428466796875,ok
LA_D_9429220,3.334538459777832,3.3460521697998047,ok
LA_D_9429683,13.396632194519043,13.425349235534668,ok
LA_D_9429831,13.604280471801758,13.66912841796875,ok
LA_D_9429971,12.977202415466309,13.001812934875488,ok
LA_D_9430144,14.571855545043945,14.57630443572998,ok
LA_D_9430378,14.078261375427246,14.116127967834473,ok
LA_D_9430536,16.154315948486328,16.155860900878906,ok
LA_D_9430632,13.698246955871582,13.846549034118652,ok
LA_D_9430687,5.2937912940979,5.289034366607666,ok
LA_D_9431218,9.895049095153809,9.893223762512207,ok
LA_D_9433165,-12.280858993530273,-12.296507835388184,ok
LA_D_9435140,7.940036296844482,7.938597202301025,ok
LA_D_9435141,8.466254234313965,8.522680282592773,ok
LA_D_9436350,7.647256851196289,7.6480712890625,ok
LA_D_9436692,8.094313621520996,8.161356925964355,ok
LA_D_9436918,17.364070892333984,17.356590270996094,ok
LA_D_9437172,11.791670799255371,11.864852905273438,ok
LA_D_9437346,15.836099624633789,15.87598705291748,ok
LA_D_9437643,14.870301246643066,14.900728225708008,ok
LA_D_9438113,21.054861068725586,21.114959716796875,ok
LA_D_9438939,16.45787811279297,16.486724853515625,ok
LA_D_9439087,15.500545501708984,15.543787956237793,ok
LA_D_9439129,12.587782859802246,12.59620189666748,ok
LA_D_9439860,13.516457557678223,13.873549461364746,ok
LA_D_9440328,12.750212669372559,12.79276180267334,ok
LA_D_9441585,-15.558679580688477,-15.57852840423584,ok
LA_D_9442040,15.802927017211914,15.825786590576172,ok
LA_D_9444024,16.99205207824707,16.993083953857422,ok
LA_D_9445699,14.15286922454834,14.162970542907715,ok
LA_D_9446553,8.786407470703125,8.791558265686035,ok
LA_D_9448997,16.165197372436523,16.261014938354492,ok
LA_D_9449347,12.157228469848633,12.157258033752441,ok
LA_D_9449718,5.786450386047363,5.7861223220825195,ok
LA_D_9450925,14.70845890045166,14.753788948059082,ok
LA_D_9451365,-6.8908491134643555,-6.89210844039917,ok
LA_D_9451389,10.918753623962402,10.938931465148926,ok
LA_D_9451445,14.56018352508545,14.580731391906738,ok
LA_D_9452798,16.57660675048828,16.60723876953125,ok
LA_D_9454983,18.598461151123047,18.82758140563965,ok
LA_D_9455279,5.878746509552002,5.91354513168335,ok
LA_D_9455460,10.925798416137695,10.955662727355957,ok
LA_D_9456431,15.902689933776855,15.923020362854004,ok
LA_D_9456525,12.48437786102295,12.47961711883545,ok
LA_D_9456791,13.405084609985352,13.407513618469238,ok
LA_D_9457616,16.178775787353516,16.286314010620117,ok
LA_D_9457668,17.818992614746094,17.896364212036133,ok
LA_D_9457760,12.390713691711426,12.401214599609375,ok
LA_D_9458312,15.829802513122559,15.839173316955566,ok
LA_D_9458567,-5.391662120819092,-5.393983364105225,ok
LA_D_9458801,6.892243385314941,6.971597671508789,ok
LA_D_9459944,16.54273796081543,16.545883178710938,ok
LA_D_9460035,15.826127052307129,15.877147674560547,ok
LA_D_9460191,11.57712459564209,11.59416675567627,ok
LA_D_9460592,-12.32177734375,-12.3745698928833,ok
LA_D_9461387,13.51637077331543,13.512141227722168,ok
LA_D_9462148,14.510168075561523,14.529118537902832,ok
LA_D_9462251,13.01392936706543,13.04227352142334,ok
LA_D_9462541,14.390345573425293,14.413769721984863,ok
LA_D_9465062,9.849493980407715,9.853266716003418,ok
LA_D_9465126,20.176109313964844,20.241931915283203,ok
LA_D_9465829,4.994325160980225,5.057806491851807,ok
LA_D_9467702,7.279409408569336,7.279586315155029,ok
LA_D_9467977,12.092490196228027,12.115019798278809,ok
LA_D_9468171,15.706929206848145,15.723319053649902,ok
LA_D_9468782,15.97485637664795,16.162052154541016,ok
LA_D_9469645,15.80820083618164,15.840839385986328,ok
LA_D_9469817,11.17607307434082,11.233053207397461,ok
LA_D_9469910,14.904387474060059,14.92085075378418,ok
LA_D_9470738,11.718744277954102,11.731720924377441,ok
LA_D_9471952,-15.61945629119873,-15.656778335571289,ok
LA_D_9472346,11.072330474853516,11.085386276245117,ok
LA_D_9473113,13.748150825500488,13.760138511657715,ok
LA_D_9474750,15.767960548400879,15.771395683288574,ok
LA_D_9475102,-14.110687255859375,-14.117023468017578,ok
LA_D_9477146,11.325793266296387,11.377013206481934,ok
LA_D_9477633,18.493803024291992,18.6442813873291,ok
LA_D_9478484,9.703048706054688,9.748233795166016,ok
LA_D_9478492,15.654900550842285,15.666081428527832,ok
LA_D_9478591,10.542132377624512,10.550481796264648,ok
LA_D_9480023,-13.822876930236816,-13.82700252532959,ok
LA_D_9481030,11.646849632263184,11.655491828918457,ok
LA_D_9481908,18.49163246154785,18.544178009033203,ok
LA_D_9482946,15.462846755981445,15.464425086975098,ok
LA_D_9486157,10.805354118347168,10.808316230773926,ok
LA_D_9486751,15.537596702575684,15.578346252441406,ok
LA_D_9486895,11.175457954406738,11.213523864746094,ok
LA_D_9487961,-15.218038558959961,-15.299052238464355,ok
LA_D_9488774,11.838635444641113,11.849806785583496,ok
LA_D_9489571,9.789467811584473,9.792536735534668,ok
LA_D_9489838,4.6555562019348145,4.656862258911133,ok
LA_D_9490122,15.082398414611816,15.099299430847168,ok
LA_D_9491192,17.500402450561523,17.64469337463379,ok
LA_D_9491341,20.595867156982422,20.714967727661133,ok
LA_D_9492240,12.467585563659668,12.469573020935059,ok
LA_D_9492715,11.49198055267334,11.501458168029785,ok
LA_D_9493111,12.759980201721191,12.764609336853027,ok
LA_D_9493572,12.84286117553711,12.848331451416016,ok
LA_D_9495235,13.794123649597168,13.913081169128418,ok
LA_D_9496441,-11.203410148620605,-11.303948402404785,ok
LA_D_9497637,14.320676803588867,14.359732627868652,ok
LA_D_9498483,12.500954627990723,12.538557052612305,ok
LA_D_9499149,17.724504470825195,17.863492965698242,ok
LA_D_9499849,15.783793449401855,15.800485610961914,ok
LA_D_9500158,11.020891189575195,11.02558422088623,ok
LA_D_9500692,16.273494720458984,16.331626892089844,ok
LA_D_9502258,-13.186456680297852,-13.342086791992188,ok
LA_D_9502397,13.14636516571045,13.152970314025879,ok
LA_D_9502607,11.00947093963623,11.043536186218262,ok
LA_D_9502718,14.976286888122559,14.997371673583984,ok
LA_D_9504862,15.153274536132812,15.206056594848633,ok
LA_D_9505564,8.50137710571289,8.501118659973145,ok
LA_D_9505772,14.25079345703125,14.282790184020996,ok
LA_D_9506213,15.741453170776367,15.7640962600708,ok
LA_D_9506978,9.547813415527344,9.547896385192871,ok
LA_D_9507060,12.46097183227539,12.500214576721191,ok
LA_D_9508570,-13.254607200622559,-13.260323524475098,ok
LA_D_9509498,13.632462501525879,13.66301441192627,ok
LA_D_9512174,-14.23889446258545,-14.249214172363281,ok
LA_D_9513156,-12.40629768371582,-12.421692848205566,ok
LA_D_9514185,14.774131774902344,15.286847114562988,ok
LA_D_9515513,6.781911849975586,6.794191360473633,ok
LA_D_9516537,13.79060173034668,13.895469665527344,ok
LA_D_9517355,11.316084861755371,11.384878158569336,ok
LA_D_9517810,18.034290313720703,18.053434371948242,ok
LA_D_9520076,18.492704391479492,18.566495895385742,ok
LA_D_9520422,20.258798599243164,20.3044376373291,ok
LA_D_9520709,20.11255645751953,20.130659103393555,ok
LA_D_9521538,13.170340538024902,13.196478843688965,ok
LA_D_9523504,-14.486737251281738,-14.502062797546387,ok
LA_D_9523755,17.212491989135742,17.212621688842773,ok
LA_D_9523778,12.013870239257812,12.017195701599121,ok
LA_D_9525782,13.987192153930664,14.105286598205566,ok
LA_D_9525819,19.407848358154297,19.48871421813965,ok
LA_D_9526073,11.478023529052734,11.51572322845459,ok
LA_D_9526782,15.727849960327148,15.764222145080566,ok
LA_D_9526919,14.152776718139648,14.15584945678711,ok
LA_D_9528207,13.316851615905762,13.506085395812988,ok
LA_D_9528402,7.904282093048096,7.908141613006592,ok
LA_D_9529199,14.471943855285645,14.507061004638672,ok
LA_D_9530100,13.281170845031738,13.281268119812012,ok
LA_D_9530210,11.438872337341309,11.457283973693848,ok
LA_D_9531450,-12.3217134475708,-12.368195533752441,ok
LA_D_9533572,12.181083679199219,12.202441215515137,ok
LA_D_9535689,13.451282501220703,13.478943824768066,ok
LA_D_9535722,3.175474166870117,3.1730198860168457,ok
LA_D_9537226,13.195444107055664,13.219161033630371,ok
LA_D_9537289,14.302390098571777,14.430962562561035,ok
LA_D_9538442,9.405047416687012,9.436700820922852,ok
LA_D_9540047,14.384092330932617,14.397662162780762,ok
LA_D_9546041,13.387700080871582,13.388520240783691,ok
LA_D_9548811,15.080876350402832,15.11740779876709,ok
LA_D_9548980,12.606810569763184,12.605237007141113,ok
LA_D_9549420,12.666691780090332,12.680583953857422,ok
LA_D_9549607,-15.725318908691406,-15.799702644348145,ok
LA_D_9549616,17.079395294189453,17.26113510131836,ok
LA_D_9550638,11.091500282287598,11.101587295532227,ok
LA_D_9551181,14.071267127990723,14.127580642700195,ok
LA_D_9551821,16.241962432861328,16.243738174438477,ok
LA_D_9551852,11.804197311401367,11.829941749572754,ok
LA_D_9552029,10.141180992126465,10.184854507446289,ok
LA_D_9552252,12.132615089416504,12.142241477966309,ok
LA_D_9553311,18.355234146118164,18.363401412963867,ok
LA_D_9553419,10.752754211425781,10.754260063171387,ok
LA_D_9554132,-13.630661010742188,-13.679665565490723,ok
LA_D_9556143,20.352272033691406,20.47446060180664,ok
LA_D_9556871,15.500460624694824,15.50951099395752,ok
LA_D_9557117,-13.875667572021484,-13.884278297424316,ok
LA_D_9557863,10.364420890808105,10.364349365234375,ok
LA_D_9559894,18.319616317749023,18.3259334564209,ok
LA_D_9560177,13.894912719726562,13.902085304260254,ok
LA_D_9560631,13.865676879882812,13.883269309997559,ok
LA_D_9561057,-11.006155014038086,-11.011622428894043,ok
LA_D_9562015,11.54610538482666,11.555449485778809,ok
LA_D_9562412,16.713109970092773,16.71397590637207,ok
LA_D_9562489,16.02852439880371,16.054609298706055,ok
LA_D_9563138,15.221338272094727,15.293450355529785,ok
LA_D_9566347,16.350746154785156,16.35353660583496,ok
LA_D_9566824,13.459185600280762,13.469526290893555,ok
LA_D_9567593,-15.981647491455078,-16.018699645996094,ok
LA_D_9567658,12.78447437286377,12.806082725524902,ok
LA_D_9568708,16.04293441772461,16.095069885253906,ok
LA_D_9568749,-12.27849006652832,-12.282596588134766,ok
LA_D_9571982,14.008245468139648,14.019274711608887,ok
LA_D_9572182,10.235563278198242,10.246488571166992,ok
LA_D_9573200,14.709616661071777,14.723532676696777,ok
LA_D_9577103,11.665787696838379,11.680224418640137,ok
LA_D_9578667,13.205981254577637,13.219328880310059,ok
LA_D_9579813,20.805156707763672,21.2879581451416,ok
LA_D_9579816,11.932464599609375,11.939996719360352,ok
LA_D_9580426,-12.206539154052734,-12.288437843322754,ok
LA_D_9581294,15.888936042785645,15.951154708862305,ok
LA_D_9581321,15.770180702209473,15.806602478027344,ok
LA_D_9581870,14.902297973632812,14.919148445129395,ok
LA_D_9582133,10.668214797973633,10.716301918029785,ok
LA_D_9582158,14.732192993164062,14.7780179977417,ok
LA_D_9582658,12.157205581665039,12.221726417541504,ok
LA_D_9582754,10.40682601928711,10.438517570495605,ok
LA_D_9583786,18.011032104492188,18.039440155029297,ok
LA_D_9584747,13.394865036010742,13.405756950378418,ok
LA_D_9584769,16.613338470458984,16.627233505249023,ok
LA_D_9585648,13.09807300567627,13.097607612609863,ok
LA_D_9585808,14.334166526794434,14.378622055053711,ok
LA_D_9585951,11.57654857635498,11.579740524291992,ok
LA_D_9587443,13.592537879943848,13.811878204345703,ok
LA_D_9588548,14.242341995239258,14.242955207824707,ok
LA_D_9588984,20.297571182250977,20.473905563354492,ok
LA_D_9589501,17.19553565979004,17.22690773010254,ok
LA_D_9594281,12.573176383972168,12.64632511138916,ok
LA_D_9594600,14.896849632263184,15.004673957824707,ok
LA_D_9594921,16.446746826171875,16.590511322021484,ok
LA_D_9596234,3.0691425800323486,3.05875825881958,ok
LA_D_9596640,17.152904510498047,17.194189071655273,ok
LA_D_9596658,9.5595064163208,9.562138557434082,ok
LA_D_9597218,13.632739067077637,13.642056465148926,ok
LA_D_9600050,9.370794296264648,9.40794849395752,ok
LA_D_9600169,15.096888542175293,15.14844799041748,ok
LA_D_9600380,6.0906982421875,6.092650890350342,ok
LA_D_9602909,11.244932174682617,11.27292537689209,ok
LA_D_9603070,15.774555206298828,15.87232494354248,ok
LA_D_9603314,17.854684829711914,17.862821578979492,ok
LA_D_9603327,18.7012882232666,18.70966339111328,ok
LA_D_9603838,6.3038411140441895,6.304948329925537,ok
LA_D_9604838,15.263108253479004,15.29695987701416,ok
LA_D_9604966,14.261637687683105,14.269695281982422,ok
LA_D_9605437,8.276701927185059,8.29818344116211,ok
LA_D_9605797,13.466717720031738,13.66862964630127,ok
LA_D_9606397,10.573446273803711,10.58056640625,ok
LA_D_9608815,16.0112247467041,16.14677619934082,ok
LA_D_9609174,16.681779861450195,16.698978424072266,ok
LA_D_9611936,10.4189453125,10.417587280273438,ok
LA_D_9614451,19.458251953125,19.48157501220703,ok
LA_D_9615736,11.161885261535645,11.161978721618652,ok
LA_D_9616032,15.860565185546875,15.865134239196777,ok
LA_D_9616817,20.27322006225586,20.277841567993164,ok
LA_D_9618467,14.819857597351074,14.822098731994629,ok
LA_D_9619214,19.395790100097656,19.596967697143555,ok
LA_D_9620140,10.771288871765137,10.7722749710083,ok
LA_D_9621176,11.282593727111816,11.294072151184082,ok
LA_D_9623720,-13.922823905944824,-13.9428129196167,ok
LA_D_9623958,15.50285816192627,15.566146850585938,ok
LA_D_9625091,12.72295093536377,12.747519493103027,ok
LA_D_9626068,14.049239158630371,14.053053855895996,ok
LA_D_9626571,12.77760124206543,12.777212142944336,ok
LA_D_9626758,15.705286026000977,15.770003318786621,ok
LA_D_9627075,10.338632583618164,10.338496208190918,ok
LA_D_9627529,15.48787784576416,15.507880210876465,ok
LA_D_9628041,16.308122634887695,16.351869583129883,ok
LA_D_9633618,12.79154109954834,12.810456275939941,ok
LA_D_9633851,17.054141998291016,17.07648277282715,ok
LA_D_9634003,8.727416038513184,8.781259536743164,ok
LA_D_9634838,12.012356758117676,12.01701545715332,ok
LA_D_9635044,8.277246475219727,8.359234809875488,ok
LA_D_9635349,8.807580947875977,8.843987464904785,ok
LA_D_9635881,13.72335433959961,13.741009712219238,ok
LA_D_9636629,13.91055679321289,13.922911643981934,ok
LA_D_9636836,16.114042282104492,16.1136474609375,ok
LA_D_9637098,10.062952041625977,10.063623428344727,ok
LA_D_9638872,15.449496269226074,15.461387634277344,ok
LA_D_9641365,12.55850601196289,12.65548324584961,ok
LA_D_9641985,15.180397987365723,15.261926651000977,ok
LA_D_9642534,16.187227249145508,16.205020904541016,ok
LA_D_9642537,18.828617095947266,18.92407989501953,ok
LA_D_9642966,12.746818542480469,12.795989036560059,ok
LA_D_9643063,13.84792423248291,13.853093147277832,ok
LA_D_9643639,15.231771469116211,15.251051902770996,ok
LA_D_9643751,16.93853187561035,16.95864486694336,ok
LA_D_9643872,15.289412498474121,15.343388557434082,ok
LA_D_9643882,24.378782272338867,24.47777557373047,ok
LA_D_9644491,19.0687198638916,19.093250274658203,ok
LA_D_9645223,14.559375762939453,14.651389122009277,ok
LA_D_9645639,17.720937728881836,17.80946922302246,ok
LA_D_9646150,11.25587272644043,11.273791313171387,ok
LA_D_9646445,13.274658203125,13.311286926269531,ok
LA_D_9646573,15.098956108093262,15.107695579528809,ok
LA_D_9646701,12.193071365356445,12.201911926269531,ok
LA_D_9646783,14.146888732910156,14.168457984924316,ok
LA_D_9648082,12.995404243469238,13.011187553405762,ok
LA_D_9648319,12.873678207397461,12.876603126525879,ok
LA_D_9649054,9.625472068786621,9.645506858825684,ok
LA_D_9649342,15.013252258300781,15.063721656799316,ok
LA_D_9650472,12.360645294189453,12.403579711914062,ok
LA_D_9652293,14.778068542480469,14.79166316986084,ok
LA_D_9652883,14.894283294677734,14.91006851196289,ok
LA_D_9654133,14.578686714172363,14.589472770690918,ok
LA_D_9654253,14.326095581054688,14.325102806091309,ok
LA_D_9654635,7.553071022033691,7.554318428039551,ok
LA_D_9655429,11.344465255737305,11.378125190734863,ok
LA_D_9657295,14.694143295288086,14.707074165344238,ok
LA_D_9657561,11.084626197814941,11.086176872253418,ok
LA_D_9658574,15.23807144165039,15.305142402648926,ok
LA_D_9659279,12.871478080749512,12.905996322631836,ok
LA_D_9660901,13.263679504394531,13.295681953430176,ok
LA_D_9661949,14.265975952148438,14.30311393737793,ok
LA_D_9662465,17.784353256225586,17.85930061340332,ok
LA_D_9662606,13.733219146728516,13.757739067077637,ok
LA_D_9662796,16.98079490661621,16.990060806274414,ok
LA_D_9663298,13.702719688415527,13.710306167602539,ok
LA_D_9663682,16.040796279907227,16.123445510864258,ok
LA_D_9663907,14.445728302001953,14.466513633728027,ok
LA_D_9663993,13.494162559509277,13.575804710388184,ok
LA_D_9664656,-16.354116439819336,-16.3763427734375,ok
LA_D_9664872,17.039451599121094,17.066463470458984,ok
LA_D_9665377,15.523689270019531,15.593605995178223,ok
LA_D_9666900,15.542146682739258,15.554880142211914,ok
LA_D_9667586,15.955987930297852,16.23765754699707,ok
LA_D_9668611,-12.422608375549316,-12.426172256469727,ok
LA_D_9670204,11.88077449798584,11.885872840881348,ok
LA_D_9670462,15.566337585449219,15.70287799835205,ok
LA_D_9672147,13.064031600952148,13.138863563537598,ok
LA_D_9672169,16.97282600402832,16.979904174804688,ok
LA_D_9672244,13.482860565185547,13.49590015411377,ok
LA_D_9672991,10.556979179382324,10.565764427185059,ok
LA_D_9674319,15.836769104003906,15.869311332702637,ok
LA_D_9676279,11.908442497253418,11.90888786315918,ok
LA_D_9676445,-12.73557186126709,-12.739838600158691,ok
LA_D_9676810,12.245024681091309,12.247204780578613,ok
LA_D_9678259,10.559189796447754,10.55726432800293,ok
LA_D_9678415,12.807734489440918,12.809351921081543,ok
LA_D_9678633,15.518546104431152,15.551447868347168,ok
LA_D_9685224,11.076983451843262,11.117341995239258,ok
LA_D_9685348,-15.713560104370117,-15.728687286376953,ok
LA_D_9685772,16.77126693725586,16.785921096801758,ok
LA_D_9685992,17.27487564086914,17.271997451782227,ok
LA_D_9686807,13.66392707824707,13.864624977111816,ok
LA_D_9686838,4.169844627380371,4.172781467437744,ok
LA_D_9686921,15.083902359008789,15.08830738067627,ok
LA_D_9687836,13.213786125183105,13.276068687438965,ok
LA_D_9688839,15.66720199584961,15.669025421142578,ok
LA_D_9689602,15.909297943115234,15.968093872070312,ok
LA_D_9693082,17.75969696044922,17.810056686401367,ok
LA_D_9694196,10.144485473632812,10.145148277282715,ok
LA_D_9694827,13.576011657714844,13.598785400390625,ok
LA_D_9695420,12.904075622558594,12.930569648742676,ok
LA_D_9695805,13.927779197692871,13.941113471984863,ok
LA_D_9696008,12.144843101501465,12.147944450378418,ok
LA_D_9696470,12.6679105758667,12.699273109436035,ok
LA_D_9697274,9.671958923339844,9.707971572875977,ok
LA_D_9697323,16.32814598083496,16.350624084472656,ok
LA_D_9698818,11.949790000915527,11.97870922088623,ok
LA_D_9699074,19.101085662841797,19.11372184753418,ok
LA_D_9699768,12.333803176879883,12.412116050720215,ok
LA_D_9700666,-14.692427635192871,-14.695571899414062,ok
LA_D_9701184,10.94743537902832,11.003642082214355,ok
LA_D_9701451,19.481605529785156,19.483434677124023,ok
LA_D_9701877,14.562551498413086,14.592759132385254,ok
LA_D_9704240,15.03186321258545,15.03563117980957,ok
LA_D_9706008,14.84182357788086,14.845773696899414,ok
LA_D_9708825,16.390907287597656,16.3936824798584,ok
LA_D_9708860,21.485715866088867,21.586593627929688,ok
LA_D_9708909,15.044734001159668,15.078804969787598,ok
LA_D_9709000,17.6778507232666,17.679147720336914,ok
LA_D_9710466,9.171134948730469,9.164080619812012,ok
LA_D_9710580,14.074538230895996,14.145852088928223,ok
LA_D_9711707,11.811518669128418,11.848998069763184,ok
LA_D_9711980,6.940433979034424,6.940584659576416,ok
LA_D_9712952,13.877362251281738,13.945320129394531,ok
LA_D_9714161,15.447234153747559,15.50197982788086,ok
LA_D_9715092,13.892847061157227,13.900161743164062,ok
LA_D_9716462,15.279092788696289,15.2788724899292,ok
LA_D_9716895,-14.270431518554688,-14.278414726257324,ok
LA_D_9717176,13.70315170288086,13.711380958557129,ok
LA_D_9718892,11.573904991149902,11.580248832702637,ok
LA_D_9719597,15.353212356567383,15.35695743560791,ok
LA_D_9721837,11.486103057861328,11.490267753601074,ok
LA_D_9721880,12.707531929016113,12.758440971374512,ok
LA_D_9722220,15.10992431640625,15.130448341369629,ok
LA_D_9723269,25.90277862548828,26.11844253540039,ok
LA_D_9723493,-13.109728813171387,-13.11075496673584,ok
LA_D_9723855,17.95684051513672,18.047103881835938,ok
LA_D_9724620,15.46389102935791,15.476176261901855,ok
LA_D_9724900,10.381311416625977,10.3937406539917,ok
LA_D_9726070,13.702284812927246,13.703859329223633,ok
LA_D_9728117,19.04510498046875,19.045915603637695,ok
LA_D_9728878,15.26025390625,15.319504737854004,ok
LA_D_9728978,15.46435260772705,15.502859115600586,ok
LA_D_9729287,13.869037628173828,14.114298820495605,ok
LA_D_9729483,17.686513900756836,17.853763580322266,ok
LA_D_9729864,14.481968879699707,14.516209602355957,ok
LA_D_9730987,12.540684700012207,12.61058521270752,ok
LA_D_9731339,14.882975578308105,14.89777660369873,ok
LA_D_9731600,12.076966285705566,12.1159029006958,ok
LA_D_9731820,12.839179992675781,12.902149200439453,ok
LA_D_9731844,21.23158836364746,21.783552169799805,ok
LA_D_9732180,18.797487258911133,18.880250930786133,ok
LA_D_9732198,13.774373054504395,13.811182975769043,ok
LA_D_9732268,12.194731712341309,12.231163024902344,ok
LA_D_9732908,11.356929779052734,11.385415077209473,ok
LA_D_9733347,16.462125778198242,16.463945388793945,ok
LA_D_9733678,12.917865753173828,12.921558380126953,ok
LA_D_9734224,13.779958724975586,13.800766944885254,ok
LA_D_9734297,18.03368377685547,18.056867599487305,ok
LA_D_9735127,14.822092056274414,14.869616508483887,ok
LA_D_9735207,18.18427848815918,18.2924747467041,ok
LA_D_9735621,11.838129997253418,11.846471786499023,ok
LA_D_9735662,12.897082328796387,12.902813911437988,ok
LA_D_9736602,11.082165718078613,11.1027193069458,ok
LA_D_9737680,12.129162788391113,12.247048377990723,ok
LA_D_9737719,-13.635923385620117,-13.638559341430664,ok
LA_D_9738587,13.556375503540039,13.5990629196167,ok
LA_D_9739074,16.862394332885742,16.87249183654785,ok
LA_D_9739801,13.92924976348877,13.945267677307129,ok
LA_D_9740097,17.482669830322266,17.565216064453125,ok
LA_D_9741299,14.744939804077148,14.767682075500488,ok
LA_D_9743828,14.963778495788574,14.981388092041016,ok
LA_D_9744441,14.393021583557129,14.422560691833496,ok
LA_D_9745303,10.6696138381958,10.679217338562012,ok
LA_D_9747113,12.460320472717285,12.486666679382324,ok
LA_D_9747140,9.443914413452148,9.477291107177734,ok
LA_D_9747652,14.475981712341309,14.531805038452148,ok
LA_D_9748213,16.783937454223633,16.836734771728516,ok
LA_D_9749510,12.135163307189941,12.138858795166016,ok
LA_D_9750223,-11.888526916503906,-11.90350341796875,ok
LA_D_9751462,15.022412300109863,15.031983375549316,ok
LA_D_9751873,13.701394081115723,13.79422378540039,ok
LA_D_9752133,14.571357727050781,14.580758094787598,ok
LA_D_9752146,-15.276747703552246,-15.281569480895996,ok
LA_D_9753113,16.73362159729004,16.772319793701172,ok
LA_D_9754579,14.661561012268066,14.679220199584961,ok
LA_D_9754615,12.22863483428955,12.229048728942871,ok
LA_D_9755028,11.762389183044434,11.773831367492676,ok
LA_D_9755271,14.722679138183594,14.735750198364258,ok
LA_D_9756685,11.36419677734375,11.364477157592773,ok
LA_D_9758147,-14.249455451965332,-14.311009407043457,ok
LA_D_9758752,9.691555976867676,9.707711219787598,ok
LA_D_9759074,13.453531265258789,13.516918182373047,ok
LA_D_9759473,14.186410903930664,14.300469398498535,ok
LA_D_9761317,14.037205696105957,14.100729942321777,ok
LA_D_9763964,11.51939868927002,11.532602310180664,ok
LA_D_9764249,12.747464179992676,12.751568794250488,ok
LA_D_9764287,8.862829208374023,8.875114440917969,ok
LA_D_9765329,17.77276611328125,17.79874610900879,ok
LA_D_9765860,12.27813720703125,12.285348892211914,ok
LA_D_9767258,16.5478515625,16.590993881225586,ok
LA_D_9767344,14.874034881591797,14.894576072692871,ok
LA_D_9768291,14.135163307189941,14.15116024017334,ok
LA_D_9769587,9.362963676452637,9.396465301513672,ok
LA_D_9769935,10.561022758483887,10.561284065246582,ok
LA_D_9770193,11.998638153076172,12.170515060424805,ok
LA_D_9770836,13.06728744506836,13.0703125,ok
LA_D_9773809,8.925141334533691,8.93397045135498,ok
LA_D_9774174,14.869572639465332,14.898327827453613,ok
LA_D_9774358,11.51343822479248,11.515457153320312,ok
LA_D_9774744,14.438553810119629,14.44193172454834,ok
LA_D_9774871,18.790163040161133,18.853506088256836,ok
LA_D_9774959,14.532026290893555,14.631697654724121,ok
LA_D_9775592,12.88105583190918,12.921202659606934,ok
LA_D_9777627,12.275279998779297,12.30945110321045,ok
LA_D_9777735,12.03366756439209,12.029899597167969,ok
LA_D_9779319,14.457276344299316,14.476285934448242,ok
LA_D_9779377,12.820038795471191,12.860934257507324,ok
LA_D_9779978,12.78383731842041,12.863459587097168,ok
LA_D_9780696,-12.555254936218262,-12.558621406555176,ok
LA_D_9781045,13.312061309814453,13.363411903381348,ok
LA_D_9782269,-11.55878734588623,-11.565491676330566,ok
LA_D_9783307,17.538015365600586,17.597030639648438,ok
LA_D_9783743,18.070215225219727,18.095441818237305,ok
LA_D_9784167,13.823979377746582,13.824223518371582,ok
LA_D_9784942,15.007981300354004,15.076397895812988,ok
LA_D_9785421,14.22179126739502,14.228829383850098,ok
LA_D_9786409,16.349681854248047,16.352375030517578,ok
LA_D_9786796,7.961732387542725,7.997398853302002,ok
LA_D_9787469,13.72890853881836,13.7313871383667,ok
LA_D_9788709,12.044866561889648,12.053911209106445,ok
LA_D_9789005,12.065401077270508,12.092157363891602,ok
LA_D_9790131,13.153093338012695,13.178244590759277,ok
LA_D_9791741,14.346192359924316,14.379717826843262,ok
LA_D_9793079,13.87690544128418,13.883136749267578,ok
LA_D_9793796,16.922927856445312,17.14929962158203,ok
LA_D_9794955,12.992456436157227,13.00401782989502,ok
LA_D_9795514,14.248784065246582,14.314688682556152,ok
LA_D_9795685,12.734086036682129,12.73621940612793,ok
LA_D_9798074,9.732463836669922,9.73851490020752,ok
LA_D_9798672,13.835025787353516,13.879363059997559,ok
LA_D_9800072,11.632304191589355,11.63571548461914,ok
LA_D_9801638,7.206172466278076,7.2070512771606445,ok
LA_D_9801886,17.62483787536621,17.6302433013916,ok
LA_D_9802861,13.830240249633789,13.865850448608398,ok
LA_D_9803207,13.761775016784668,13.792662620544434,ok
LA_D_9804348,13.974668502807617,13.974677085876465,ok
LA_D_9805942,8.739912986755371,8.751974105834961,ok
LA_D_9806222,15.002189636230469,15.138579368591309,ok
LA_D_9806272,12.300520896911621,12.625923156738281,ok
LA_D_9806570,17.635103225708008,17.648653030395508,ok
LA_D_9808110,13.276047706604004,13.28369426727295,ok
LA_D_9808634,19.275243759155273,19.326404571533203,ok
LA_D_9809223,14.840936660766602,14.84990406036377,ok
LA_D_9809504,8.004711151123047,8.007259368896484,ok
LA_D_9810869,18.237977981567383,18.239748001098633,ok
LA_D_9810987,15.466462135314941,15.480799674987793,ok
LA_D_9812523,3.3449604511260986,3.327479362487793,ok
LA_D_9812702,-2.8992373943328857,-2.907005548477173,ok
LA_D_9812727,13.76586627960205,13.777650833129883,ok
LA_D_9813759,12.694575309753418,12.692768096923828,ok
LA_D_9813801,16.047710418701172,16.066213607788086,ok
LA_D_9814205,13.559688568115234,13.654483795166016,ok
LA_D_9815062,14.098125457763672,14.111200332641602,ok
LA_D_9815112,14.398114204406738,14.485030174255371,ok
LA_D_9815485,14.954692840576172,15.026734352111816,ok
LA_D_9816404,10.972415924072266,10.980448722839355,ok
LA_D_9818011,13.346909523010254,13.429579734802246,ok
LA_D_9818781,2.2942917346954346,2.28143310546875,ok
LA_D_9819662,10.895612716674805,10.929518699645996,ok
LA_D_9819790,11.750200271606445,11.766125679016113,ok
LA_D_9819813,6.438855171203613,6.439929485321045,ok
LA_D_9820486,1.1436842679977417,1.1479188203811646,ok
LA_D_9820995,19.15118980407715,19.222341537475586,ok
LA_D_9821371,8.96923542022705,8.968217849731445,ok
LA_D_9821680,12.36551284790039,12.390167236328125,ok
LA_D_9821908,-12.72404956817627,-12.736268997192383,ok
LA_D_9824861,17.134389877319336,17.148900985717773,ok
LA_D_9825451,13.099257469177246,13.101649284362793,ok
LA_D_9826388,12.263310432434082,12.273995399475098,ok
LA_D_9826800,8.39289665222168,8.387025833129883,ok
LA_D_9827463,11.88583755493164,11.888348579406738,ok
LA_D_9828928,16.495580673217773,16.49733543395996,ok
LA_D_9829234,10.89682674407959,10.914863586425781,ok
LA_D_9829627,14.946968078613281,14.946864128112793,ok
LA_D_9830830,15.11945629119873,15.150727272033691,ok
LA_D_9831077,18.182771682739258,18.260025024414062,ok
LA_D_9831804,9.385722160339355,9.388567924499512,ok
LA_D_9834151,17.20134735107422,17.22121810913086,ok
LA_D_9834938,-14.410489082336426,-14.427657127380371,ok
LA_D_9835448,14.920289039611816,14.93587589263916,ok
LA_D_9836225,15.556447982788086,15.580376625061035,ok
LA_D_9836992,10.149237632751465,10.15100383758545,ok
LA_D_9837343,12.800529479980469,12.809605598449707,ok
LA_D_9838599,8.880414009094238,8.879995346069336,ok
LA_D_9840935,16.43254852294922,16.474210739135742,ok
LA_D_9841321,-13.723669052124023,-13.739086151123047,ok
LA_D_9841488,14.500673294067383,14.560441017150879,ok
LA_D_9841709,16.88104820251465,16.895475387573242,ok
LA_D_9841868,-14.77950668334961,-14.841897010803223,ok
LA_D_9842180,15.94875431060791,15.989640235900879,ok
LA_D_9843427,-4.596224784851074,-4.619103908538818,ok
LA_D_9843659,14.928861618041992,14.935638427734375,ok
LA_D_9845352,19.99928855895996,20.016141891479492,ok
LA_D_9847737,17.328004837036133,17.364608764648438,ok
LA_D_9848935,15.51420783996582,15.5992431640625,ok
LA_D_9849984,12.127152442932129,12.13896369934082,ok
LA_D_9850214,9.266181945800781,9.282271385192871,ok
LA_D_9851124,12.339049339294434,12.3705415725708,ok
LA_D_9851827,-0.6473894119262695,-0.6736290454864502,ok
LA_D_9853601,10.922898292541504,10.92737865447998,ok
LA_D_9856117,15.445751190185547,15.466490745544434,ok
LA_D_9856127,-14.580584526062012,-14.800028800964355,ok
LA_D_9858647,12.81510066986084,12.82022476196289,ok
LA_D_9859179,14.071541786193848,14.086353302001953,ok
LA_D_9860564,16.45560646057129,16.542455673217773,ok
LA_D_9861473,13.681256294250488,13.79569149017334,ok
LA_D_9862938,14.760237693786621,14.78851318359375,ok
LA_D_9863362,14.048842430114746,14.064133644104004,ok
LA_D_9863423,14.649250984191895,14.770877838134766,ok
LA_D_9864113,-12.256695747375488,-12.256731986999512,ok
LA_D_9864384,15.884734153747559,15.962923049926758,ok
LA_D_9864516,12.138824462890625,12.139233589172363,ok
LA_D_9864602,5.0525312423706055,5.056648254394531,ok
LA_D_9864604,13.227493286132812,13.234267234802246,ok
LA_D_9865644,18.054019927978516,18.070966720581055,ok
LA_D_9871071,14.84276008605957,14.890129089355469,ok
LA_D_9871744,15.171588897705078,15.181654930114746,ok
LA_D_9871974,13.619945526123047,13.622891426086426,ok
LA_D_9872046,12.631922721862793,12.632487297058105,ok
LA_D_9872925,16.712968826293945,16.96891975402832,ok
LA_D_9873135,16.78109359741211,16.798641204833984,ok
LA_D_9874897,-14.716843605041504,-14.735064506530762,ok
LA_D_9875362,-6.800079345703125,-6.83964204788208,ok
LA_D_9876012,16.37409210205078,16.409778594970703,ok
LA_D_9877194,-12.502578735351562,-12.51380443572998,ok
LA_D_9877979,16.581518173217773,16.61812973022461,ok
LA_D_9878419,13.339299201965332,13.373835563659668,ok
LA_D_9878596,9.38386058807373,9.458313941955566,ok
LA_D_9879056,12.270219802856445,12.279728889465332,ok
LA_D_9880830,10.258549690246582,10.333815574645996,ok
LA_D_9881093,12.22137451171875,12.228407859802246,ok
LA_D_9881103,10.911070823669434,10.933027267456055,ok
LA_D_9883591,-14.746179580688477,-14.777047157287598,ok
LA_D_9883916,20.42472267150879,20.464542388916016,ok
LA_D_9885280,11.898265838623047,11.934269905090332,ok
LA_D_9885320,16.396299362182617,16.522804260253906,ok
LA_D_9885994,16.57089614868164,16.627201080322266,ok
LA_D_9887916,9.835713386535645,9.859272956848145,ok
LA_D_9887992,11.682440757751465,11.68639087677002,ok
LA_D_9888091,17.353267669677734,17.39679527282715,ok
LA_D_9888937,15.122425079345703,15.202242851257324,ok
LA_D_9890472,8.631813049316406,8.663372039794922,ok
LA_D_9891140,-13.845267295837402,-13.847427368164062,ok
LA_D_9891231,13.300077438354492,13.327231407165527,ok
LA_D_9891401,12.212583541870117,12.220179557800293,ok
LA_D_9892838,8.63290786743164,8.637208938598633,ok
LA_D_9893649,13.104377746582031,13.215670585632324,ok
LA_D_9895494,12.675981521606445,12.694684028625488,ok
LA_D_9895969,15.324594497680664,15.356661796569824,ok
LA_D_9896805,17.200664520263672,17.250139236450195,ok
LA_D_9896820,16.89861488342285,16.952953338623047,ok
LA_D_9897142,-12.917163848876953,-12.942021369934082,ok
LA_D_9897238,13.41041374206543,13.413552284240723,ok
LA_D_9897452,-13.044264793395996,-13.062962532043457,ok
LA_D_9899632,-15.090198516845703,-15.14499568939209,ok
LA_D_9899652,12.713854789733887,12.714011192321777,ok
LA_D_9900338,16.896221160888672,16.90911293029785,ok
LA_D_9900800,12.968903541564941,12.991276741027832,ok
LA_D_9902676,12.449365615844727,12.540831565856934,ok
LA_D_9902848,20.92737579345703,21.058252334594727,ok
LA_D_9902912,15.208030700683594,15.245765686035156,ok
LA_D_9903321,13.327664375305176,13.384480476379395,ok
LA_D_9904324,14.041726112365723,14.091226577758789,ok
LA_D_9904500,12.891883850097656,12.907979965209961,ok
LA_D_9904837,18.45699691772461,18.45478630065918,ok
LA_D_9906100,17.807741165161133,17.845125198364258,ok
LA_D_9906845,17.218358993530273,17.31452751159668,ok
LA_D_9907101,15.829352378845215,15.876670837402344,ok
LA_D_9907979,7.754899024963379,7.879287242889404,ok
LA_D_9910047,10.022642135620117,10.037518501281738,ok
LA_D_9911052,14.637213706970215,14.662046432495117,ok
LA_D_9911836,14.544231414794922,14.558915138244629,ok
LA_D_9912384,18.138227462768555,18.170639038085938,ok
LA_D_9912829,13.035238265991211,13.075987815856934,ok
LA_D_9913955,15.753174781799316,15.874876976013184,ok
LA_D_9913960,19.162817001342773,19.365978240966797,ok
LA_D_9914048,10.11232852935791,10.1477689743042,ok
LA_D_9914359,16.77465057373047,16.84744644165039,ok
LA_D_9914468,13.878484725952148,13.961338996887207,ok
LA_D_9915418,9.972155570983887,9.977700233459473,ok
LA_D_9915722,15.725995063781738,15.756779670715332,ok
LA_D_9916763,12.704928398132324,12.710917472839355,ok
LA_D_9917104,-12.766512870788574,-12.772950172424316,ok
LA_D_9918437,14.082763671875,14.11804485321045,ok
LA_D_9918902,14.327911376953125,14.380709648132324,ok
LA_D_9920299,15.907581329345703,15.942534446716309,ok
LA_D_9920694,15.048394203186035,15.06707763671875,ok
LA_D_9922230,15.162761688232422,15.165974617004395,ok
LA_D_9924653,15.409062385559082,15.448872566223145,ok
LA_D_9924906,-14.523866653442383,-14.55729866027832,ok
LA_D_9925424,11.196202278137207,11.220844268798828,ok
LA_D_9925458,12.027454376220703,12.035135269165039,ok
LA_D_9926375,18.39812469482422,18.48700523376465,ok
LA_D_9926903,14.10308837890625,14.127254486083984,ok
LA_D_9927048,15.673405647277832,15.693268775939941,ok
LA_D_9928370,12.625585556030273,12.635472297668457,ok
LA_D_9928428,13.276558876037598,13.288285255432129,ok
LA_D_9928764,18.941036224365234,18.9539852142334,ok
LA_D_9929271,18.201082229614258,18.36949348449707,ok
LA_D_9930274,22.387327194213867,22.535940170288086,ok
LA_D_9930304,14.010299682617188,14.046881675720215,ok
LA_D_9930845,10.194869041442871,10.1958589553833,ok
LA_D_9931389,13.853012084960938,13.942641258239746,ok
LA_D_9931770,13.878660202026367,13.948708534240723,ok
LA_D_9934126,20.381608963012695,20.46416664123535,ok
LA_D_9934410,17.62577247619629,17.63092803955078,ok
LA_D_9934703,14.278715133666992,14.285049438476562,ok
LA_D_9935431,17.136911392211914,17.144601821899414,ok
LA_D_9935628,14.897137641906738,14.954840660095215,ok
LA_D_9936597,-8.400955200195312,-8.41112232208252,ok
LA_D_9936826,14.51266860961914,14.55397891998291,ok
LA_D_9936838,12.918780326843262,12.97482967376709,ok
LA_D_9936972,17.821657180786133,17.850767135620117,ok
LA_D_9937573,8.45358943939209,8.484522819519043,ok
LA_D_9942200,14.3186674118042,14.335784912109375,ok
LA_D_9942206,11.218612670898438,11.218535423278809,ok
LA_D_9942874,-14.833669662475586,-14.861903190612793,ok
LA_D_9943041,6.443394660949707,6.445028781890869,ok
LA_D_9945037,9.8591947555542,9.869756698608398,ok
LA_D_9945483,12.742427825927734,12.742426872253418,ok
LA_D_9945997,-14.893082618713379,-14.896380424499512,ok
LA_D_9946370,14.966455459594727,14.972881317138672,ok
LA_D_9947625,3.12404465675354,3.1241793632507324,ok
LA_D_9947726,16.68981170654297,16.690670013427734,ok
LA_D_9948190,15.507372856140137,15.510869979858398,ok
LA_D_9948386,18.156024932861328,18.163585662841797,ok
LA_D_9949656,10.479104042053223,10.478657722473145,ok
LA_D_9950933,14.274325370788574,14.29454517364502,ok
LA_D_9951013,20.303865432739258,20.40693473815918,ok
LA_D_9951144,16.654510498046875,16.710664749145508,ok
LA_D_9951278,14.493687629699707,14.51250171661377,ok
LA_D_9951429,21.49431037902832,21.577756881713867,ok
LA_D_9952661,10.81983470916748,10.824167251586914,ok
LA_D_9953005,18.529603958129883,18.52591896057129,ok
LA_D_9953476,-14.188194274902344,-14.329626083374023,ok
LA_D_9953593,9.937159538269043,9.946911811828613,ok
LA_D_9953716,16.994701385498047,17.054189682006836,ok
LA_D_9953809,13.047465324401855,13.08665657043457,ok
LA_D_9954765,14.479196548461914,14.483478546142578,ok
LA_D_9955162,15.655017852783203,15.693342208862305,ok
LA_D_9955848,8.561248779296875,8.569985389709473,ok
LA_D_9955936,11.040446281433105,11.044267654418945,ok
LA_D_9957063,15.824397087097168,15.828492164611816,ok
LA_D_9958640,11.039274215698242,11.057649612426758,ok
LA_D_9960293,14.022273063659668,14.100786209106445,ok
LA_D_9960664,-15.118868827819824,-15.258705139160156,ok
LA_D_9961107,12.92033863067627,12.924725532531738,ok
LA_D_9962097,10.150607109069824,10.184882164001465,ok
LA_D_9962189,15.8223876953125,15.858857154846191,ok
LA_D_9963628,15.362751007080078,15.442147254943848,ok
LA_D_9963998,14.585925102233887,14.731616020202637,ok
LA_D_9965004,16.083005905151367,16.13895606994629,ok
LA_D_9965111,10.911967277526855,10.928498268127441,ok
LA_D_9965439,-15.002131462097168,-15.012197494506836,ok
LA_D_9965502,10.826152801513672,10.864947319030762,ok
LA_D_9966094,-15.327168464660645,-15.341370582580566,ok
LA_D_9967058,10.627218246459961,10.76209545135498,ok
LA_D_9967133,10.39991283416748,10.400171279907227,ok
LA_D_9967406,16.199623107910156,16.251134872436523,ok
LA_D_9967530,-1.257424235343933,-1.2664316892623901,ok
LA_D_9968504,15.224173545837402,15.246149063110352,ok
LA_D_9971231,14.444679260253906,14.564881324768066,ok
LA_D_9972110,16.0366268157959,16.207077026367188,ok
LA_D_9972716,10.206547737121582,10.25339412689209,ok
LA_D_9973328,13.333961486816406,13.332539558410645,ok
LA_D_9975936,15.753501892089844,15.76227855682373,ok
LA_D_9977363,17.490686416625977,17.491992950439453,ok
LA_D_9977384,11.435161590576172,11.466368675231934,ok
LA_D_9977709,15.412552833557129,15.424631118774414,ok
LA_D_9978941,13.331489562988281,13.355729103088379,ok
LA_D_9979102,15.476999282836914,15.626764297485352,ok
LA_D_9979957,-13.072903633117676,-13.119002342224121,ok
LA_D_9980325,14.621504783630371,14.640713691711426,ok
LA_D_9980740,-14.670658111572266,-14.72885799407959,ok
LA_D_9980947,17.536001205444336,17.54689598083496,ok
LA_D_9982040,13.045763969421387,13.110138893127441,ok
LA_D_9982181,14.729815483093262,14.731633186340332,ok
LA_D_9982535,10.73405933380127,10.734173774719238,ok
LA_D_9982743,13.011862754821777,13.108853340148926,ok
LA_D_9983276,-7.9405293464660645,-7.94451904296875,ok
LA_D_9985005,15.969655990600586,15.997546195983887,ok
LA_D_9985382,14.303735733032227,14.334364891052246,ok
LA_D_9985507,17.317371368408203,17.365514755249023,ok
LA_D_9985554,15.836929321289062,15.855734825134277,ok
LA_D_9986772,16.468509674072266,16.546058654785156,ok
LA_D_9987872,16.743207931518555,16.785173416137695,ok
LA_D_9987878,17.236318588256836,17.26344108581543,ok
LA_D_9988164,15.194666862487793,15.195298194885254,ok
LA_D_9988500,17.289302825927734,17.317459106445312,ok
LA_D_9989022,14.506610870361328,14.511478424072266,ok
LA_D_9989304,13.203343391418457,13.235668182373047,ok
LA_D_9991348,17.54332733154297,17.667753219604492,ok
LA_D_9991657,15.30393123626709,15.435713768005371,ok
LA_D_9991828,11.637808799743652,11.690839767456055,ok
LA_D_9992731,15.715625762939453,15.767181396484375,ok
LA_D_9992816,5.9387006759643555,5.930574417114258,ok
LA_D_9993251,17.480356216430664,17.480539321899414,ok
LA_D_9993800,18.83466911315918,18.831899642944336,ok
LA_D_9994046,16.296432495117188,16.29861831665039,ok
LA_D_9995517,14.012415885925293,14.018041610717773,ok
LA_D_9995817,15.125730514526367,15.17715072631836,ok
LA_D_9996165,8.627256393432617,8.632894515991211,ok
LA_D_9996570,-13.456729888916016,-13.505122184753418,ok
LA_D_9997585,12.942079544067383,12.94560718536377,ok
LA_D_9997701,-13.187163352966309,-13.21129322052002,ok
LA_D_9998252,16.064132690429688,16.06694221496582,ok
LA_D_9999204,24.26963996887207,24.590314865112305,ok
LA_D_9999760,17.215171813964844,17.35930824279785,ok
