sample_id,score,score_before,status
LA_D_1000752,17.14897346496582,17.14924430847168,ok
LA_D_1001095,18.22323226928711,18.22501564025879,ok
LA_D_1002626,17.790847778320312,17.85240364074707,ok
LA_D_1003797,11.144200325012207,11.144251823425293,ok
LA_D_1004406,12.51989459991455,12.521462440490723,ok
LA_D_1004774,15.139592170715332,15.154146194458008,ok
LA_D_1005471,16.63801383972168,16.67106819152832,ok
LA_D_1006586,12.370085716247559,12.370701789855957,ok
LA_D_1007975,16.298994064331055,16.306955337524414,ok
LA_D_1008673,16.509784698486328,16.50992774963379,ok
LA_D_1008834,4.2595367431640625,4.258453369140625,ok
LA_D_1010205,18.172067642211914,18.178455352783203,ok
LA_D_1011897,8.416739463806152,8.420750617980957,ok
LA_D_1012999,15.099191665649414,15.103781700134277,ok
LA_D_1013553,17.783395767211914,17.787458419799805,ok
LA_D_1013596,14.295296669006348,14.321237564086914,ok
LA_D_1013783,13.225214004516602,13.248013496398926,ok
LA_D_1013810,9.316450119018555,9.316515922546387,ok
LA_D_1016296,12.418644905090332,12.42104721069336,ok
LA_D_1016922,17.212369918823242,17.2188663482666,ok
LA_D_1018598,10.333532333374023,10.34887981414795,ok
LA_D_1020087,11.702022552490234,11.758955955505371,ok
LA_D_1021287,17.719871520996094,17.79640769958496,ok
LA_D_1024033,14.05200481414795,14.053730964660645,ok
LA_D_1024326,13.658134460449219,13.669021606445312,ok
LA_D_1024541,9.999920845031738,10.004532814025879,ok
LA_D_1025356,8.468734741210938,8.468756675720215,ok
LA_D_1025927,12.088165283203125,12.112359046936035,ok
LA_D_1026545,11.335471153259277,11.337446212768555,ok
LA_D_1026868,-15.201462745666504,-15.256339073181152,ok
LA_D_1027036,13.931955337524414,13.934157371520996,ok
LA_D_1027039,7.796424865722656,7.8049540519714355,ok
LA_D_1028482,11.18595027923584,11.192694664001465,ok
LA_D_1029401,15.553784370422363,15.571846961975098,ok
LA_D_1029623,12.031359672546387,12.038634300231934,ok
LA_D_1029785,18.970640182495117,18.998584747314453,ok
LA_D_1030270,17.86142921447754,17.883766174316406,ok
LA_D_1030640,16.953161239624023,17.03963851928711,ok
LA_D_1031151,17.607954025268555,17.61789894104004,ok
LA_D_1031999,18.573047637939453,18.579992294311523,ok
LA_D_1032197,14.286373138427734,14.289200782775879,ok
LA_D_1032757,11.792319297790527,11.792060852050781,ok
LA_D_1033225,13.01353645324707,13.015423774719238,ok
LA_D_1034329,12.128491401672363,12.132346153259277,ok
LA_D_1035474,16.76417350769043,16.814390182495117,ok
LA_D_1035695,15.885931968688965,15.89665699005127,ok
LA_D_1035911,13.619524955749512,13.633045196533203,ok
LA_D_1036594,8.66576862335205,8.660126686096191,ok
LA_D_1036986,10.351201057434082,10.35146427154541,ok
LA_D_1038888,13.179582595825195,13.18172550201416,ok
LA_D_1039057,16.345945358276367,16.352922439575195,ok
LA_D_1039305,14.149779319763184,14.15041732788086,ok
LA_D_1039528,12.983566284179688,13.036442756652832,ok
LA_D_1041845,17.124980926513672,17.13187599182129,ok
LA_D_1042553,17.672550201416016,17.71312141418457,ok
LA_D_1043824,13.266519546508789,13.282238960266113,ok
LA_D_1044414,4.175998210906982,4.176223278045654,ok
LA_D_1044924,10.844264030456543,10.8444242477417,ok
LA_D_1046296,16.108469009399414,16.108720779418945,ok
LA_D_1048234,18.97777557373047,18.999584197998047,ok
LA_D_1049366,12.748929977416992,12.76229476928711,ok
LA_D_1050286,13.918651580810547,13.917381286621094,ok
LA_D_1050709,14.978334426879883,14.982995986938477,ok
LA_D_1051032,14.966937065124512,14.98344898223877,ok
LA_D_1053530,15.05921745300293,15.068269729614258,ok
LA_D_1054205,13.483028411865234,13.490626335144043,ok
LA_D_1054239,13.317334175109863,13.340431213378906,ok
LA_D_1054756,9.752361297607422,9.752970695495605,ok
LA_D_1055238,10.834428787231445,10.834656715393066,ok
LA_D_1055758,14.951764106750488,14.961773872375488,ok
LA_D_1056838,14.502731323242188,14.50565242767334,ok
LA_D_1056844,14.504386901855469,14.524682998657227,ok
LA_D_1057680,15.074911117553711,15.08508014678955,ok
LA_D_1058167,15.738889694213867,15.782773971557617,ok
LA_D_1058697,11.382349967956543,11.401300430297852,ok
LA_D_1058790,10.465086936950684,10.465080261230469,ok
LA_D_1059373,15.598388671875,15.603156089782715,ok
LA_D_1060354,16.694610595703125,16.716779708862305,ok
LA_D_1060968,-14.137917518615723,-14.16535472869873,ok
LA_D_1060987,15.043878555297852,15.084105491638184,ok
LA_D_1061499,6.235782623291016,6.235745429992676,ok
LA_D_1063236,14.480923652648926,14.52198314666748,ok
LA_D_1063280,13.784704208374023,13.835619926452637,ok
LA_D_1063719,12.103873252868652,12.105759620666504,ok
LA_D_1064949,13.940652847290039,13.954194068908691,ok
LA_D_1065306,13.283963203430176,13.287110328674316,ok
LA_D_1066396,11.86189079284668,11.885754585266113,ok
LA_D_1068250,12.98090934753418,12.998154640197754,ok
LA_D_1069983,12.083067893981934,12.08871841430664,ok
LA_D_1070584,13.884143829345703,13.88492488861084,ok
LA_D_1070779,12.714241027832031,12.727230072021484,ok
LA_D_1071291,14.365015029907227,14.410667419433594,ok
LA_D_1071356,11.075180053710938,11.075606346130371,ok
LA_D_1073474,11.87061882019043,11.870305061340332,ok
LA_D_1074040,13.480871200561523,13.483194351196289,ok
LA_D_1074364,16.23766326904297,16.248517990112305,ok
LA_D_1074980,13.212761878967285,13.237847328186035,ok
LA_D_1075128,16.005632400512695,16.039813995361328,ok
LA_D_1075190,12.70686149597168,12.708048820495605,ok
LA_D_1075455,12.09158706665039,12.125203132629395,ok
LA_D_1076068,14.898843765258789,14.927684783935547,ok
LA_D_1078241,15.681913375854492,15.690084457397461,ok
LA_D_1078299,13.324225425720215,13.325045585632324,ok
LA_D_1079091,12.32917308807373,12.331494331359863,ok
LA_D_1080524,20.9337215423584,20.959081649780273,ok
LA_D_1081164,17.28845977783203,17.29380989074707,ok
LA_D_1082871,16.15248680114746,16.15375518798828,ok
LA_D_1083406,17.753128051757812,17.78764533996582,ok
LA_D_1084356,-14.00779914855957,-14.01225471496582,ok
LA_D_1084765,10.928882598876953,10.929410934448242,ok
LA_D_1084804,9.32157039642334,9.324458122253418,ok
LA_D_1084880,11.95380687713623,11.955658912658691,ok
LA_D_1085566,11.152043342590332,11.151970863342285,ok
LA_D_1085765,12.390810012817383,12.3914155960083,ok
LA_D_1086391,-14.022592544555664,-14.03549575805664,ok
LA_D_1088314,12.520294189453125,12.52438735961914,ok
LA_D_1088370,14.071637153625488,14.086424827575684,ok
LA_D_1088929,14.238285064697266,14.24323558807373,ok
LA_D_1088963,15.428136825561523,15.49117374420166,ok
LA_D_1089922,16.71173095703125,16.742616653442383,ok
LA_D_1091308,14.667919158935547,14.696308135986328,ok
LA_D_1091601,9.092251777648926,9.0931978225708,ok
LA_D_1091851,17.47931671142578,17.528459548950195,ok
LA_D_1092890,14.78752613067627,14.794026374816895,ok
LA_D_1093350,16.395296096801758,16.43214225769043,ok
LA_D_1094179,13.519001007080078,13.522791862487793,ok
LA_D_1094379,14.493496894836426,14.52854061126709,ok
LA_D_1094871,17.3190975189209,17.319364547729492,ok
LA_D_1096227,11.642739295959473,11.649523735046387,ok
LA_D_1097191,14.592897415161133,14.594466209411621,ok
LA_D_1098936,16.537151336669922,16.542070388793945,ok
LA_D_1099173,13.608074188232422,13.627413749694824,ok
LA_D_1099405,15.996106147766113,15.997599601745605,ok
LA_D_1099638,8.37770938873291,8.381489753723145,ok
LA_D_1099657,13.38412094116211,13.395895957946777,ok
LA_D_1101351,-12.822396278381348,-12.825535774230957,ok
LA_D_1105378,10.932008743286133,10.950160026550293,ok
LA_D_1105489,-11.30675983428955,-11.312247276306152,ok
LA_D_1106906,9.12857723236084,9.13175106048584,ok
LA_D_1107234,11.365873336791992,11.366349220275879,ok
LA_D_1108281,18.0690860748291,18.09206199645996,ok
LA_D_1108377,14.969412803649902,14.98226261138916,ok
LA_D_1108768,12.652687072753906,12.661706924438477,ok
LA_D_1110227,15.667906761169434,15.687532424926758,ok
LA_D_1110769,9.009172439575195,9.009297370910645,ok
LA_D_1111073,14.385137557983398,14.39814281463623,ok
LA_D_1111626,11.553318977355957,11.585420608520508,ok
LA_D_1114039,15.832881927490234,15.967728614807129,ok
LA_D_1114144,8.678498268127441,8.678070068359375,ok
LA_D_1117567,19.599367141723633,19.611635208129883,ok
LA_D_1118794,11.613082885742188,11.62904167175293,ok
LA_D_1121887,-13.732651710510254,-13.736403465270996,ok
LA_D_1123453,18.615236282348633,18.615407943725586,ok
LA_D_1123562,14.044279098510742,14.051555633544922,ok
LA_D_1123614,-6.568788528442383,-6.593749523162842,ok
LA_D_1124968,12.549052238464355,12.549870491027832,ok
LA_D_1126775,13.698625564575195,13.701752662658691,ok
LA_D_1126907,-13.92128849029541,-13.937859535217285,ok
LA_D_1127112,12.48869514465332,12.495985984802246,ok
LA_D_1128845,14.776045799255371,14.781828880310059,ok
LA_D_1129909,-14.184324264526367,-14.186861991882324,ok
LA_D_1130470,-13.875079154968262,-13.876276969909668,ok
LA_D_1131563,13.621983528137207,13.63278579711914,ok
LA_D_1132076,15.79742431640625,15.797879219055176,ok
LA_D_1133069,-11.512038230895996,-11.521954536437988,ok
LA_D_1133168,-13.293787002563477,-13.296636581420898,ok
LA_D_1134137,16.890384674072266,16.909719467163086,ok
LA_D_1135743,17.5079402923584,17.509140014648438,ok
LA_D_1135973,13.858213424682617,13.884732246398926,ok
LA_D_1136030,11.780373573303223,11.780381202697754,ok
LA_D_1136051,14.364286422729492,14.374823570251465,ok
LA_D_1137303,17.89316177368164,17.895349502563477,ok
LA_D_1138529,10.286430358886719,10.290814399719238,ok
LA_D_1138581,14.587298393249512,14.58483600616455,ok
LA_D_1139572,15.837808609008789,15.838226318359375,ok
LA_D_1139754,15.739815711975098,15.750910758972168,ok
LA_D_1140227,14.602055549621582,14.604907035827637,ok
LA_D_1140789,10.710821151733398,10.712106704711914,ok
LA_D_1141118,15.314647674560547,15.315211296081543,ok
LA_D_1141551,13.053264617919922,13.055951118469238,ok
LA_D_1141794,11.514636039733887,11.536935806274414,ok
LA_D_1142092,5.447240352630615,5.450655460357666,ok
LA_D_1144247,13.23294734954834,13.244674682617188,ok
LA_D_1144692,13.954621315002441,13.957444190979004,ok
LA_D_1145856,18.672157287597656,18.674646377563477,ok
LA_D_1146557,14.772769927978516,14.78136157989502,ok
LA_D_1146602,18.5496883392334,18.57352066040039,ok
LA_D_1147582,17.44082260131836,17.468843460083008,ok
LA_D_1149633,11.501446723937988,11.504799842834473,ok
LA_D_1150140,8.740745544433594,8.74134635925293,ok
LA_D_1150161,14.432073593139648,14.457096099853516,ok
LA_D_1151622,11.163249015808105,11.168810844421387,ok
LA_D_1152601,14.235946655273438,14.243515968322754,ok
LA_D_1152692,-14.872846603393555,-14.898885726928711,ok
LA_D_1153840,14.206243515014648,14.219887733459473,ok
LA_D_1156906,-12.773138046264648,-12.773587226867676,ok
LA_D_1157084,23.053512573242188,23.054235458374023,ok
LA_D_1158203,9.969700813293457,9.974199295043945,ok
LA_D_1158260,16.40564727783203,16.48607063293457,ok
LA_D_1158428,10.178314208984375,10.178048133850098,ok
LA_D_1158489,12.1417818069458,12.143858909606934,ok
LA_D_1158837,-14.104347229003906,-14.111876487731934,ok
LA_D_1159197,10.44128131866455,10.464705467224121,ok
LA_D_1161040,16.07591438293457,16.079538345336914,ok
LA_D_1161800,-10.045271873474121,-10.054994583129883,ok
LA_D_1162280,13.923039436340332,13.952227592468262,ok
LA_D_1163392,11.24598217010498,11.259211540222168,ok
LA_D_1165345,14.947237968444824,14.994166374206543,ok
LA_D_1165413,16.280710220336914,16.33516502380371,ok
LA_D_1167294,11.997153282165527,12.002232551574707,ok
LA_D_1167437,10.006847381591797,10.023064613342285,ok
LA_D_1168046,14.94974136352539,14.99622631072998,ok
LA_D_1168201,16.52861213684082,16.541025161743164,ok
LA_D_1168433,13.886900901794434,13.9131441116333,ok
LA_D_1169125,19.098812103271484,19.102102279663086,ok
LA_D_1169636,14.159539222717285,14.182852745056152,ok
LA_D_1170726,16.186410903930664,16.19587516784668,ok
LA_D_1171425,14.823343276977539,14.832764625549316,ok
LA_D_1171849,11.35196304321289,11.352641105651855,ok
LA_D_1171974,11.593466758728027,11.594325065612793,ok
LA_D_1173044,12.188828468322754,12.189376831054688,ok
LA_D_1173972,14.795494079589844,14.808586120605469,ok
LA_D_1176249,17.135454177856445,17.169584274291992,ok
LA_D_1176474,12.756958961486816,12.758687973022461,ok
LA_D_1177616,12.848179817199707,12.869634628295898,ok
LA_D_1179000,18.717111587524414,18.717172622680664,ok
LA_D_1179445,11.791028022766113,11.795417785644531,ok
LA_D_1179745,8.102079391479492,8.102690696716309,ok
LA_D_1179848,-14.626075744628906,-14.638764381408691,ok
LA_D_1179946,14.369226455688477,14.376090049743652,ok
LA_D_1181336,11.287665367126465,11.310140609741211,ok
LA_D_1181772,16.20424461364746,16.21237564086914,ok
LA_D_1183162,16.827054977416992,16.841279983520508,ok
LA_D_1185426,14.32126235961914,14.484633445739746,ok
LA_D_1185773,11.997295379638672,12.016249656677246,ok
LA_D_1187262,12.486309051513672,12.504538536071777,ok
LA_D_1190139,16.668195724487305,16.676239013671875,ok
LA_D_1190183,10.391539573669434,10.400586128234863,ok
LA_D_1191562,9.0455961227417,9.08622932434082,ok
LA_D_1192749,17.636842727661133,17.643877029418945,ok
LA_D_1193402,15.63162899017334,15.64195442199707,ok
LA_D_1195197,13.63736343383789,13.66133975982666,ok
LA_D_1195873,11.569656372070312,11.573269844055176,ok
LA_D_1197810,11.005115509033203,11.030482292175293,ok
LA_D_1198374,11.065221786499023,11.06546688079834,ok
LA_D_1199369,14.924164772033691,14.925349235534668,ok
LA_D_1200542,6.02412223815918,6.025057792663574,ok
LA_D_1202021,15.538642883300781,15.549981117248535,ok
LA_D_1203854,13.757243156433105,13.76014232635498,ok
LA_D_1206907,22.39090347290039,22.443490982055664,ok
LA_D_1208604,14.46000862121582,14.46145248413086,ok
LA_D_1208937,18.151145935058594,18.251554489135742,ok
LA_D_1208939,15.347270011901855,15.351859092712402,ok
LA_D_1210958,12.153942108154297,12.168147087097168,ok
LA_D_1211631,14.643793106079102,14.653636932373047,ok
LA_D_1212385,13.980386734008789,13.982795715332031,ok
LA_D_1212670,14.791047096252441,14.798493385314941,ok
LA_D_1214950,-15.265037536621094,-15.29776668548584,ok
LA_D_1216436,16.562088012695312,16.568069458007812,ok
LA_D_1216735,13.567037582397461,13.57044506072998,ok
LA_D_1217069,9.597702980041504,9.608717918395996,ok
LA_D_1217312,10.063943862915039,10.078834533691406,ok
LA_D_1217579,9.738615989685059,9.73857593536377,ok
LA_D_1218270,12.567625999450684,12.568849563598633,ok
LA_D_1218618,22.974687576293945,22.991613388061523,ok
LA_D_1218955,10.871755599975586,10.879857063293457,ok
LA_D_1219091,12.469618797302246,12.477477073669434,ok
LA_D_1219751,12.24362850189209,12.251370429992676,ok
LA_D_1221102,10.79294490814209,10.793566703796387,ok
LA_D_1225629,15.658523559570312,15.68437385559082,ok
LA_D_1226093,17.45950698852539,17.468591690063477,ok
LA_D_1226919,17.255353927612305,17.350053787231445,ok
LA_D_1229238,16.81671714782715,16.833833694458008,ok
LA_D_1230447,13.497452735900879,13.510029792785645,ok
LA_D_1230972,13.691119194030762,13.690277099609375,ok
LA_D_1232140,14.635978698730469,14.670195579528809,ok
LA_D_1232279,12.793217658996582,12.810452461242676,ok
LA_D_1232613,-13.63902759552002,-13.648110389709473,ok
LA_D_1233766,15.297882080078125,15.351170539855957,ok
LA_D_1234829,-13.426925659179688,-13.458596229553223,ok
LA_D_1235041,18.830909729003906,18.830913543701172,ok
LA_D_1235148,15.217952728271484,15.233705520629883,ok
LA_D_1235211,15.86508846282959,15.87756633758545,ok
LA_D_1235306,12.692639350891113,12.69348430633545,ok
LA_D_1236459,20.911394119262695,20.946012496948242,ok
LA_D_1237480,12.810005187988281,12.821133613586426,ok
LA_D_1238201,17.275272369384766,17.297954559326172,ok
LA_D_1238696,-15.669626235961914,-15.697839736938477,ok
LA_D_1239007,14.625843048095703,14.632292747497559,ok
LA_D_1239715,-13.706069946289062,-13.709720611572266,ok
LA_D_1240959,13.249455451965332,13.25034236907959,ok
LA_D_1240976,-15.119307518005371,-15.127213478088379,ok
LA_D_1242157,15.606457710266113,15.6221342086792,ok
LA_D_1243162,13.004636764526367,13.008744239807129,ok
LA_D_1243570,16.8292179107666,16.833097457885742,ok
LA_D_1244678,11.885923385620117,11.886465072631836,ok
LA_D_1244860,14.282268524169922,14.281871795654297,ok
LA_D_1245164,9.894092559814453,9.899423599243164,ok
LA_D_1245233,16.524707794189453,16.53520393371582,ok
LA_D_1245336,17.033824920654297,17.039159774780273,ok
LA_D_1246046,15.794054985046387,15.797552108764648,ok
LA_D_1246251,13.380731582641602,13.388627052307129,ok
LA_D_1246607,-14.102272033691406,-14.107481002807617,ok
LA_D_1247325,12.497310638427734,12.498045921325684,ok
LA_D_1248209,11.800037384033203,11.804444313049316,ok
LA_D_1248476,15.280787467956543,15.29113483428955,ok
LA_D_1248515,12.175909996032715,12.177388191223145,ok
LA_D_1248870,13.753921508789062,13.756576538085938,ok
LA_D_1249012,9.92231273651123,9.92419719696045,ok
LA_D_1249064,1.091084361076355,1.0691514015197754,ok
LA_D_1249114,18.19833755493164,18.21051597595215,ok
LA_D_1249536,11.192339897155762,11.19777774810791,ok
LA_D_1250618,12.875349998474121,12.88046932220459,ok
LA_D_1251682,13.898438453674316,13.922704696655273,ok
LA_D_1251939,13.781193733215332,13.782275199890137,ok
LA_D_1252524,16.661605834960938,16.699935913085938,ok
LA_D_1252608,14.315013885498047,14.321431159973145,ok
LA_D_1252766,18.97553253173828,18.997976303100586,ok
LA_D_1252794,11.2788667678833,11.279370307922363,ok
LA_D_1253043,14.238821029663086,14.263533592224121,ok
LA_D_1253703,10.412111282348633,10.4465970993042,ok
LA_D_1254455,10.48416519165039,10.484551429748535,ok
LA_D_1256001,10.729209899902344,10.736720085144043,ok
LA_D_1258579,14.935433387756348,14.952220916748047,ok
LA_D_1261551,18.80861473083496,18.85187339782715,ok
LA_D_1261801,9.203763008117676,9.203120231628418,ok
LA_D_1262462,14.290456771850586,14.293127059936523,ok
LA_D_1264445,9.249415397644043,9.288654327392578,ok
LA_D_1264718,16.57425308227539,16.591352462768555,ok
LA_D_1264748,12.177509307861328,12.19133472442627,ok
LA_D_1265133,12.28441047668457,12.295527458190918,ok
LA_D_1266897,10.254450798034668,10.25446891784668,ok
LA_D_1267039,11.758917808532715,11.768583297729492,ok
LA_D_1268493,18.130043029785156,18.160268783569336,ok
LA_D_1270677,16.001604080200195,16.019453048706055,ok
LA_D_1271468,13.218517303466797,13.219267845153809,ok
LA_D_1272181,10.781437873840332,10.788128852844238,ok
LA_D_1274077,13.849780082702637,13.860333442687988,ok
LA_D_1274207,12.453072547912598,12.456178665161133,ok
LA_D_1274554,12.358997344970703,12.361956596374512,ok
LA_D_1274657,14.70085334777832,14.701225280761719,ok
LA_D_1275044,-13.480026245117188,-13.503193855285645,ok
LA_D_1277538,12.106071472167969,12.109219551086426,ok
LA_D_1279220,16.381738662719727,16.417312622070312,ok
LA_D_1279578,18.099851608276367,18.112045288085938,ok
LA_D_1279699,11.384749412536621,11.386270523071289,ok
LA_D_1280356,12.324974060058594,12.327862739562988,ok
LA_D_1281123,13.339407920837402,13.346142768859863,ok
LA_D_1281285,17.617948532104492,17.617969512939453,ok
LA_D_1281551,11.163948059082031,11.200695991516113,ok
LA_D_1281736,10.949028015136719,10.952561378479004,ok
LA_D_1281950,-14.106995582580566,-14.12190055847168,ok
LA_D_1285017,14.290606498718262,14.290818214416504,ok
LA_D_1286132,10.900668144226074,10.901510238647461,ok
LA_D_1286897,15.55711841583252,15.56589126586914,ok
LA_D_1287394,9.475682258605957,9.476317405700684,ok
LA_D_1287631,11.61398983001709,11.613320350646973,ok
LA_D_1287658,14.339941024780273,14.342781066894531,ok
LA_D_1288217,-10.641608238220215,-10.644434928894043,ok
LA_D_1290079,13.11964225769043,13.118531227111816,ok
LA_D_1290431,18.44092559814453,18.465848922729492,ok
LA_D_1291101,14.36231803894043,14.398448944091797,ok
LA_D_1292315,14.224183082580566,14.230169296264648,ok
LA_D_1292781,13.89356517791748,13.894372940063477,ok
LA_D_1292895,12.82971477508545,12.8272066116333,ok
LA_D_1293149,7.9614739418029785,7.976617336273193,ok
LA_D_1294054,18.3411808013916,18.346893310546875,ok
LA_D_1296374,12.51324462890625,12.528558731079102,ok
LA_D_1296597,15.709827423095703,15.758211135864258,ok
LA_D_1297520,13.080265998840332,13.116175651550293,ok
LA_D_1297559,15.983200073242188,16.005998611450195,ok
LA_D_1298257,11.359895706176758,11.37431812286377,ok
LA_D_1299938,11.198433876037598,11.20181941986084,ok
LA_D_1300135,14.421868324279785,14.436724662780762,ok
LA_D_1300558,-14.1700439453125,-14.19630241394043,ok
LA_D_1301234,-9.0199613571167,-9.021610260009766,ok
LA_D_1301398,19.904720306396484,19.938220977783203,ok
LA_D_1301495,5.793797016143799,5.795135974884033,ok
LA_D_1302934,15.625312805175781,15.632448196411133,ok
LA_D_1303621,13.171473503112793,13.18515682220459,ok
LA_D_1304734,13.700117111206055,13.716784477233887,ok
LA_D_1306387,-13.010551452636719,-13.01137638092041,ok
LA_D_1306634,10.918169975280762,10.917967796325684,ok
LA_D_1307022,13.086222648620605,13.090718269348145,ok
LA_D_1307113,8.361998558044434,8.36267375946045,ok
LA_D_1307115,16.11972999572754,16.15495491027832,ok
LA_D_1307361,14.637062072753906,14.664338111877441,ok
LA_D_1307590,14.629714965820312,14.62975788116455,ok
LA_D_1307948,-5.394862651824951,-5.401275157928467,ok
LA_D_1310219,16.774208068847656,16.785308837890625,ok
LA_D_1310938,15.625057220458984,15.63037395477295,ok
LA_D_1312652,20.192007064819336,20.194318771362305,ok
LA_D_1313431,-12.146193504333496,-12.151350975036621,ok
LA_D_1314415,15.112195014953613,15.112296104431152,ok
LA_D_1314423,16.235870361328125,16.24098777770996,ok
LA_D_1316973,12.665870666503906,12.665083885192871,ok
LA_D_1317099,21.07758331298828,21.108585357666016,ok
LA_D_1317561,16.241159439086914,16.24246597290039,ok
LA_D_1318978,10.879010200500488,10.88379955291748,ok
LA_D_1321608,12.893499374389648,12.90311336517334,ok
LA_D_1322656,13.976550102233887,13.985396385192871,ok
LA_D_1323117,7.94705057144165,7.947128772735596,ok
LA_D_1323454,-14.219437599182129,-14.238961219787598,ok
LA_D_1324369,12.36144733428955,12.374345779418945,ok
LA_D_1325941,12.346953392028809,12.34664535522461,ok
LA_D_1326697,16.22079849243164,16.221426010131836,ok
LA_D_1326907,14.841543197631836,14.848966598510742,ok
LA_D_1328151,13.737427711486816,13.741704940795898,ok
LA_D_1329749,18.36501693725586,18.377859115600586,ok
LA_D_1330250,19.68706512451172,19.751218795776367,ok
LA_D_1330775,-13.996421813964844,-14.000469207763672,ok
LA_D_1332227,12.732973098754883,12.754546165466309,ok
LA_D_1334666,11.355499267578125,11.356945991516113,ok
LA_D_1335445,-13.541545867919922,-13.54247760772705,ok
LA_D_1335533,13.931540489196777,13.970685005187988,ok
LA_D_1336221,-14.824359893798828,-14.843413352966309,ok
LA_D_1336509,16.827621459960938,16.829164505004883,ok
LA_D_1337359,17.884828567504883,18.085126876831055,ok
LA_D_1339977,11.832999229431152,11.833020210266113,ok
LA_D_1340170,11.071475982666016,11.073057174682617,ok
LA_D_1341967,16.874835968017578,16.887990951538086,ok
LA_D_1343070,13.162354469299316,13.164884567260742,ok
LA_D_1343353,15.443126678466797,15.447257995605469,ok
LA_D_1343882,9.73486042022705,9.73772144317627,ok
LA_D_1345745,16.360227584838867,16.378459930419922,ok
LA_D_1345832,11.166781425476074,11.177535057067871,ok
LA_D_1348104,11.803671836853027,11.80477237701416,ok
LA_D_1348124,11.759605407714844,11.77370834350586,ok
LA_D_1348512,15.69609546661377,15.702872276306152,ok
LA_D_1350597,10.20048713684082,10.205347061157227,ok
LA_D_1351069,8.073302268981934,8.07751750946045,ok
LA_D_1351175,15.343836784362793,15.351316452026367,ok
LA_D_1351546,6.186642169952393,6.1908979415893555,ok
LA_D_1351703,14.543831825256348,14.553369522094727,ok
LA_D_1352656,17.838815689086914,17.980607986450195,ok
LA_D_1353894,-13.810342788696289,-13.816988945007324,ok
LA_D_1354096,13.45085334777832,13.459359169006348,ok
LA_D_1354354,14.996319770812988,15.00085163116455,ok
LA_D_1354501,14.050333976745605,14.05521297454834,ok
LA_D_1355058,-11.726993560791016,-11.733065605163574,ok
LA_D_1356036,14.44816780090332,14.44959545135498,ok
LA_D_1357016,14.135519027709961,14.13793659210205,ok
LA_D_1358422,18.31662368774414,18.390888214111328,ok
LA_D_1358556,11.77064037322998,11.793118476867676,ok
LA_D_1359166,16.51711082458496,16.55861473083496,ok
LA_D_1359304,11.758082389831543,11.781351089477539,ok
LA_D_1360070,12.663448333740234,12.711390495300293,ok
LA_D_1361369,12.322700500488281,12.323529243469238,ok
LA_D_1361417,-16.484745025634766,-16.488168716430664,ok
LA_D_1361600,14.427162170410156,14.430685043334961,ok
LA_D_1361818,17.31330108642578,17.321176528930664,ok
LA_D_1362199,17.868751525878906,17.869321823120117,ok
LA_D_1363243,-12.604352951049805,-12.622241020202637,ok
LA_D_1363364,7.488065242767334,7.4887261390686035,ok
LA_D_1364216,21.887609481811523,21.97406005859375,ok
LA_D_1364611,-12.473769187927246,-12.49117660522461,ok
LA_D_1365321,12.507996559143066,12.5083589553833,ok
LA_D_1365588,16.58606719970703,16.60400390625,ok
LA_D_1366391,19.44089698791504,19.473081588745117,ok
LA_D_1368280,-15.99378490447998,-16.002079010009766,ok
LA_D_1368657,13.050142288208008,13.05802059173584,ok
LA_D_1368692,16.24698829650879,16.25758171081543,ok
LA_D_1369463,16.136295318603516,16.152372360229492,ok
LA_D_1369901,11.169215202331543,11.16917610168457,ok
LA_D_1371588,14.989082336425781,15.009970664978027,ok
LA_D_1371818,13.167221069335938,13.174927711486816,ok
LA_D_1373736,11.790971755981445,11.79108715057373,ok
LA_D_1374363,-13.76328182220459,-13.780028343200684,ok
LA_D_1375085,9.54469108581543,9.546635627746582,ok
LA_D_1375735,14.556541442871094,14.55770206451416,ok
LA_D_1376887,12.799625396728516,12.799524307250977,ok
LA_D_1377906,18.15721893310547,18.208078384399414,ok
LA_D_1378109,11.095458030700684,11.095622062683105,ok
LA_D_1378776,10.84748649597168,10.8485746383667,ok
LA_D_1379062,11.10132122039795,11.10811996459961,ok
LA_D_1380231,-13.721460342407227,-13.724846839904785,ok
LA_D_1382194,14.832622528076172,14.848222732543945,ok
LA_D_1382825,19.944726943969727,19.994733810424805,ok
LA_D_1382969,18.400653839111328,18.436031341552734,ok
LA_D_1384414,14.132369041442871,14.132670402526855,ok
LA_D_1385838,14.612906455993652,14.628966331481934,ok
LA_D_1385978,12.114937782287598,12.116862297058105,ok
LA_D_1386774,14.805100440979004,14.80617904663086,ok
LA_D_1388138,12.881709098815918,12.88491153717041,ok
LA_D_1389698,-12.739703178405762,-12.747183799743652,ok
LA_D_1390523,13.43486499786377,13.441195487976074,ok
LA_D_1391132,5.234322547912598,5.2379326820373535,ok
LA_D_1391969,14.833450317382812,14.847281455993652,ok
LA_D_1391982,-10.717333793640137,-10.75162410736084,ok
LA_D_1393294,5.412858963012695,5.413211345672607,ok
LA_D_1393609,12.871818542480469,12.87231159210205,ok
LA_D_1393870,15.085294723510742,15.111298561096191,ok
LA_D_1394044,15.84778118133545,15.955710411071777,ok
LA_D_1394305,9.64877700805664,9.65450668334961,ok
LA_D_1394492,15.7134370803833,15.715084075927734,ok
LA_D_1396590,15.091670036315918,15.096120834350586,ok
LA_D_1396790,12.406180381774902,12.413064956665039,ok
LA_D_1397703,16.942628860473633,16.949499130249023,ok
LA_D_1398743,7.563479423522949,7.558709621429443,ok
LA_D_1401409,16.68103790283203,16.6872501373291,ok
LA_D_1401933,17.481828689575195,17.497621536254883,ok
LA_D_1402046,21.165464401245117,21.18230628967285,ok
LA_D_1402940,15.948773384094238,15.949517250061035,ok
LA_D_1403762,-10.104568481445312,-10.129847526550293,ok
LA_D_1404026,13.607691764831543,13.62759780883789,ok
LA_D_1405812,12.456639289855957,12.469378471374512,ok
LA_D_1406745,12.283256530761719,12.287964820861816,ok
LA_D_1406948,15.900050163269043,15.926888465881348,ok
LA_D_1408290,19.2520694732666,19.254762649536133,ok
LA_D_1409799,8.616466522216797,8.623077392578125,ok
LA_D_1409881,15.679665565490723,15.690306663513184,ok
LA_D_1410704,-9.282994270324707,-9.283242225646973,ok
LA_D_1412270,16.03133201599121,16.08049964904785,ok
LA_D_1412369,8.306994438171387,8.307038307189941,ok
LA_D_1412552,-13.287787437438965,-13.295666694641113,ok
LA_D_1412931,13.670038223266602,13.678168296813965,ok
LA_D_1413701,11.503460884094238,11.506094932556152,ok
LA_D_1414224,17.469497680664062,17.474946975708008,ok
LA_D_1414287,12.139995574951172,12.150486946105957,ok
LA_D_1414826,12.364025115966797,12.368451118469238,ok
LA_D_1414919,17.01671600341797,17.02329444885254,ok
LA_D_1415528,10.832545280456543,10.832503318786621,ok
LA_D_1415728,11.243867874145508,11.243738174438477,ok
LA_D_1416022,17.09003448486328,17.099645614624023,ok
LA_D_1416122,15.499503135681152,15.557575225830078,ok
LA_D_1416969,10.953951835632324,10.959508895874023,ok
LA_D_1417565,13.842754364013672,13.856648445129395,ok
LA_D_1418549,17.704885482788086,17.725194931030273,ok
LA_D_1418965,13.849954605102539,13.858887672424316,ok
LA_D_1419364,9.468091011047363,9.471911430358887,ok
LA_D_1419526,12.505888938903809,12.511687278747559,ok
LA_D_1420574,18.833677291870117,18.85959815979004,ok
LA_D_1422129,6.756624698638916,6.756099224090576,ok
LA_D_1423006,-6.985372066497803,-6.9896135330200195,ok
LA_D_1424372,12.806598663330078,12.827543258666992,ok
LA_D_1424811,15.963996887207031,15.96500301361084,ok
LA_D_1425046,15.3046293258667,15.307608604431152,ok
LA_D_1426011,13.32387924194336,13.350305557250977,ok
LA_D_1427018,13.258759498596191,13.263564109802246,ok
LA_D_1427618,14.516892433166504,14.532868385314941,ok
LA_D_1427710,-14.890338897705078,-14.890751838684082,ok
LA_D_1428381,13.178971290588379,13.180472373962402,ok
LA_D_1429979,12.79293441772461,12.80681037902832,ok
LA_D_1432668,15.734482765197754,15.746682167053223,ok
LA_D_1433046,18.29521369934082,18.367525100708008,ok
LA_D_1433061,11.256979942321777,11.274287223815918,ok
LA_D_1433129,17.912479400634766,17.911840438842773,ok
LA_D_1433873,12.469724655151367,12.47673225402832,ok
LA_D_1434547,20.98870086669922,21.048343658447266,ok
LA_D_1434551,16.75691032409668,16.7797908782959,ok
LA_D_1434780,15.642546653747559,15.696764945983887,ok
LA_D_1434936,11.455292701721191,11.466374397277832,ok
LA_D_1435647,13.711066246032715,13.71126651763916,ok
LA_D_1436004,13.693952560424805,13.694214820861816,ok
LA_D_1438615,-13.214380264282227,-13.243966102600098,ok
LA_D_1438742,12.691062927246094,12.694849967956543,ok
LA_D_1440229,12.370697975158691,12.382725715637207,ok
LA_D_1440908,17.464813232421875,17.469717025756836,ok
LA_D_1441701,18.419668197631836,18.419702529907227,ok
LA_D_1442792,15.46190357208252,15.475811958312988,ok
LA_D_1443809,13.284653663635254,13.299323081970215,ok
LA_D_1444623,17.248945236206055,17.280498504638672,ok
LA_D_1445468,-10.016897201538086,-10.022178649902344,ok
LA_D_1447056,15.022466659545898,15.029773712158203,ok
LA_D_1447238,3.750983715057373,3.7515556812286377,ok
LA_D_1447250,19.222841262817383,19.300508499145508,ok
LA_D_1447776,20.989912033081055,21.011701583862305,ok
LA_D_1448869,14.161792755126953,14.163283348083496,ok
LA_D_1449303,9.605629920959473,9.60462474822998,ok
LA_D_1451466,7.107182502746582,7.111172199249268,ok
LA_D_1452937,17.232500076293945,17.235445022583008,ok
LA_D_1453864,17.48431396484375,17.511802673339844,ok
LA_D_1454955,13.978727340698242,13.981698036193848,ok
LA_D_1454984,14.934371948242188,14.947258949279785,ok
LA_D_1459201,16.3940372467041,16.402246475219727,ok
LA_D_1459300,10.909981727600098,10.91303825378418,ok
LA_D_1459930,-11.070233345031738,-11.139734268188477,ok
LA_D_1461015,15.38457202911377,15.389616966247559,ok
LA_D_1461462,14.416143417358398,14.424025535583496,ok
LA_D_1461530,8.743682861328125,8.751507759094238,ok
LA_D_1461752,12.573785781860352,12.574615478515625,ok
LA_D_1462484,-13.016451835632324,-13.03128433227539,ok
LA_D_1462556,16.846149444580078,16.94130516052246,ok
LA_D_1463624,16.33998680114746,16.348779678344727,ok
LA_D_1463958,9.713203430175781,9.713227272033691,ok
LA_D_1463984,12.3400297164917,12.341099739074707,ok
LA_D_1464997,15.983099937438965,15.994162559509277,ok
LA_D_1467819,14.71182632446289,14.728650093078613,ok
LA_D_1468044,11.68136978149414,11.683274269104004,ok
LA_D_1468408,17.14229965209961,17.164112091064453,ok
LA_D_1469404,-8.957904815673828,-8.962323188781738,ok
LA_D_1469415,12.477107048034668,12.477007865905762,ok
LA_D_1471187,11.928930282592773,11.933112144470215,ok
LA_D_1471595,15.288813591003418,15.29760456085205,ok
LA_D_1472284,12.611510276794434,12.612792015075684,ok
LA_D_1472719,16.721986770629883,16.731718063354492,ok
LA_D_1473255,-6.280290126800537,-6.281048774719238,ok
LA_D_1473361,9.552006721496582,9.551337242126465,ok
LA_D_1475296,13.906607627868652,13.90971851348877,ok
LA_D_1476062,9.504684448242188,9.511237144470215,ok
LA_D_1476819,12.923373222351074,12.945497512817383,ok
LA_D_1477090,12.198915481567383,12.23752498626709,ok
LA_D_1477768,15.164396286010742,15.169862747192383,ok
LA_D_1478351,16.109113693237305,16.11823844909668,ok
LA_D_1479514,16.05187225341797,16.05850601196289,ok
LA_D_1479561,8.83288288116455,8.835912704467773,ok
LA_D_1479871,13.69631290435791,13.699332237243652,ok
LA_D_1480186,-0.8545870780944824,-0.8603401780128479,ok
LA_D_1481057,-12.777375221252441,-12.785107612609863,ok
LA_D_1481205,10.938361167907715,10.939875602722168,ok
LA_D_1481335,-12.029385566711426,-12.040898323059082,ok
LA_D_1481725,15.014358520507812,15.096827507019043,ok
LA_D_1482068,9.146679878234863,9.159241676330566,ok
LA_D_1482998,-14.944981575012207,-14.957488059997559,ok
LA_D_1483054,15.503347396850586,15.514492988586426,ok
LA_D_1483493,-12.815149307250977,-12.82358455657959,ok
LA_D_1483498,12.799551963806152,12.820959091186523,ok
LA_D_1483761,8.943161010742188,8.957884788513184,ok
LA_D_1484616,14.490289688110352,14.493428230285645,ok
LA_D_1484758,15.245047569274902,15.275327682495117,ok
LA_D_1485960,12.712438583374023,12.720844268798828,ok
LA_D_1485983,14.440335273742676,14.464627265930176,ok
LA_D_1487457,12.099129676818848,12.10239028930664,ok
LA_D_1488314,17.9436092376709,17.945032119750977,ok
LA_D_1488449,-14.40380573272705,-14.446829795837402,ok
LA_D_1488756,16.795427322387695,16.809396743774414,ok
LA_D_1494418,-13.649813652038574,-13.667496681213379,ok
LA_D_1495117,13.442915916442871,13.443169593811035,ok
LA_D_1495339,16.7510986328125,16.76946449279785,ok
LA_D_1496491,17.999753952026367,18.008577346801758,ok
LA_D_1496754,15.895878791809082,15.943490028381348,ok
LA_D_1497236,10.426416397094727,10.433791160583496,ok
LA_D_1498058,14.697456359863281,14.70740032196045,ok
LA_D_1499350,15.228909492492676,15.227385520935059,ok
LA_D_1500385,-13.971858978271484,-13.973736763000488,ok
LA_D_1500993,-14.690937995910645,-14.70718002319336,ok
LA_D_1502443,12.899208068847656,12.90315055847168,ok
LA_D_1502852,15.66999626159668,15.670032501220703,ok
LA_D_1503604,-14.436246871948242,-14.438421249389648,ok
LA_D_1504502,16.816617965698242,16.838600158691406,ok
LA_D_1506183,14.49708366394043,14.501181602478027,ok
LA_D_1506235,10.205913543701172,10.208565711975098,ok
LA_D_1506631,13.855856895446777,13.85839557647705,ok
LA_D_1507549,14.61784839630127,14.620513916015625,ok
LA_D_1509117,13.927078247070312,13.93563461303711,ok
LA_D_1509923,16.351970672607422,16.3586368560791,ok
LA_D_1509962,14.929764747619629,14.94621467590332,ok
LA_D_1510431,12.176926612854004,12.223288536071777,ok
LA_D_1511574,18.829378128051758,18.837488174438477,ok
LA_D_1512564,10.126813888549805,10.128907203674316,ok
LA_D_1512979,15.38586139678955,15.403023719787598,ok
LA_D_1513681,16.4265079498291,16.436649322509766,ok
LA_D_1513725,-15.596674919128418,-15.619857788085938,ok
LA_D_1514602,10.131464004516602,10.137372016906738,ok
LA_D_1516617,13.690000534057617,13.692408561706543,ok
LA_D_1517144,17.043127059936523,17.048572540283203,ok
LA_D_1517231,-12.720392227172852,-12.751896858215332,ok
LA_D_1518141,17.602794647216797,17.60500144958496,ok
LA_D_1518174,12.033204078674316,12.039554595947266,ok
LA_D_1519187,11.004861831665039,11.014471054077148,ok
LA_D_1519237,-13.31589412689209,-13.322150230407715,ok
LA_D_1519429,10.42757511138916,10.46550464630127,ok
LA_D_1520589,14.991718292236328,15.024123191833496,ok
LA_D_1520617,16.044572830200195,16.058528900146484,ok
LA_D_1520830,-15.314867973327637,-15.322943687438965,ok
LA_D_1521999,14.329756736755371,14.342489242553711,ok
LA_D_1522185,17.27638816833496,17.303043365478516,ok
LA_D_1522579,5.612863063812256,5.610440731048584,ok
LA_D_1523141,20.53890609741211,20.55008888244629,ok
LA_D_1523180,-12.309785842895508,-12.314946174621582,ok
LA_D_1523483,-11.777976989746094,-11.779566764831543,ok
LA_D_1523689,18.806354522705078,18.814224243164062,ok
LA_D_1526424,15.993086814880371,15.992737770080566,ok
LA_D_1526816,17.068389892578125,17.09287452697754,ok
LA_D_1526842,17.371583938598633,17.385786056518555,ok
LA_D_1527493,15.372796058654785,15.37269115447998,ok
LA_D_1527843,19.286670684814453,19.325651168823242,ok
LA_D_1528176,12.408239364624023,12.418844223022461,ok
LA_D_1528364,13.036344528198242,13.037759780883789,ok
LA_D_1528504,13.003710746765137,13.008305549621582,ok
LA_D_1528709,12.54861068725586,12.548720359802246,ok
LA_D_1529378,9.871556282043457,9.88688850402832,ok
LA_D_1529875,15.665151596069336,15.677411079406738,ok
LA_D_1530620,12.750716209411621,12.750702857971191,ok
LA_D_1531184,19.561124801635742,19.586406707763672,ok
LA_D_1531229,12.902257919311523,12.902825355529785,ok
LA_D_1533857,14.794978141784668,14.805540084838867,ok
LA_D_1534651,13.944415092468262,13.96147632598877,ok
LA_D_1534693,9.726387977600098,9.726397514343262,ok
LA_D_1534909,17.502235412597656,17.61695671081543,ok
LA_D_1534944,11.622905731201172,11.62412166595459,ok
LA_D_1535343,10.262017250061035,10.2620210647583,ok
LA_D_1535464,14.69176959991455,14.734511375427246,ok
LA_D_1538546,13.676299095153809,13.684712409973145,ok
LA_D_1539089,12.293672561645508,12.299872398376465,ok
LA_D_1539250,14.432188034057617,14.43478012084961,ok
LA_D_1539541,17.444650650024414,17.4511775970459,ok
LA_D_1540639,18.577621459960938,18.6055965423584,ok
LA_D_1541008,5.388444900512695,5.405989170074463,ok
LA_D_1541459,13.847818374633789,13.849553108215332,ok
LA_D_1541519,-12.647289276123047,-12.662590980529785,ok
LA_D_1541976,11.485884666442871,11.4871826171875,ok
LA_D_1543611,15.752888679504395,15.7556734085083,ok
LA_D_1544054,8.942389488220215,8.959333419799805,ok
LA_D_1544533,11.43614673614502,11.441828727722168,ok
LA_D_1544944,17.194744110107422,17.211994171142578,ok
LA_D_1546363,11.8760347366333,11.88027286529541,ok
LA_D_1546478,10.689214706420898,10.722715377807617,ok
LA_D_1548278,10.797541618347168,10.812888145446777,ok
LA_D_1549509,19.957660675048828,19.957637786865234,ok
LA_D_1551137,18.6389217376709,18.65349769592285,ok
LA_D_1555028,17.534095764160156,17.536609649658203,ok
LA_D_1555301,14.040748596191406,14.061814308166504,ok
LA_D_1555695,14.873374938964844,14.875007629394531,ok
LA_D_1555757,16.751497268676758,16.7518367767334,ok
LA_D_1555842,11.408416748046875,11.412215232849121,ok
LA_D_1556162,10.166902542114258,10.166441917419434,ok
LA_D_1556595,0.9598699808120728,0.9577754735946655,ok
LA_D_1556777,16.773813247680664,16.78557777404785,ok
LA_D_1557405,17.014373779296875,17.022645950317383,ok
LA_D_1557675,5.416788578033447,5.416520118713379,ok
LA_D_1557737,13.154995918273926,13.16603946685791,ok
LA_D_1558714,-13.324223518371582,-13.333976745605469,ok
LA_D_1559429,13.177281379699707,13.17973518371582,ok
LA_D_1560273,-11.953730583190918,-11.960522651672363,ok
LA_D_1560491,11.85407543182373,11.854373931884766,ok
LA_D_1561479,17.491195678710938,17.518260955810547,ok
LA_D_1561860,10.24254322052002,10.242025375366211,ok
LA_D_1561911,16.110952377319336,16.113149642944336,ok
LA_D_1562732,-16.321903228759766,-16.326417922973633,ok
LA_D_1563071,16.818115234375,16.82575035095215,ok
LA_D_1564452,12.628427505493164,12.65644359588623,ok
LA_D_1565390,-13.57701587677002,-13.583308219909668,ok
LA_D_1566347,17.722816467285156,17.73809242248535,ok
LA_D_1566398,7.388890266418457,7.405563831329346,ok
LA_D_1566542,16.10089874267578,16.106006622314453,ok
LA_D_1567126,-13.90872859954834,-13.912781715393066,ok
LA_D_1567712,13.699529647827148,13.6995267868042,ok
LA_D_1568497,12.103188514709473,12.103282928466797,ok
LA_D_1569257,15.776305198669434,15.77684211730957,ok
LA_D_1570710,21.86461067199707,21.95475196838379,ok
LA_D_1571595,4.805144309997559,4.819360256195068,ok
LA_D_1571783,11.69385051727295,11.693882942199707,ok
LA_D_1572003,14.229018211364746,14.24030590057373,ok
LA_D_1573404,13.819847106933594,13.822087287902832,ok
LA_D_1574269,11.753302574157715,11.754082679748535,ok
LA_D_1574961,14.476981163024902,14.559237480163574,ok
LA_D_1574963,13.796415328979492,13.795964241027832,ok
LA_D_1576565,15.516611099243164,15.530230522155762,ok
LA_D_1577587,12.389962196350098,12.430099487304688,ok
LA_D_1580544,16.1959228515625,16.19571304321289,ok
LA_D_1580841,13.86568832397461,13.881855010986328,ok
LA_D_1581342,12.98114013671875,12.98704719543457,ok
LA_D_1581762,12.702998161315918,12.718033790588379,ok
LA_D_1583428,12.17713737487793,12.17849063873291,ok
LA_D_1588604,14.508280754089355,14.558817863464355,ok
LA_D_1589222,14.880683898925781,14.893038749694824,ok
LA_D_1589359,23.349971771240234,23.350587844848633,ok
LA_D_1590758,13.323853492736816,13.32392406463623,ok
LA_D_1591743,13.988889694213867,14.018078804016113,ok
LA_D_1592559,8.529415130615234,8.531916618347168,ok
LA_D_1593502,14.878243446350098,14.897706985473633,ok
LA_D_1594784,13.926403999328613,13.962608337402344,ok
LA_D_1594826,12.042977333068848,12.042906761169434,ok
LA_D_1596158,16.220006942749023,16.221622467041016,ok
LA_D_1596779,14.238182067871094,14.247888565063477,ok
LA_D_1598405,20.98957061767578,21.0438289642334,ok
LA_D_1600156,14.020661354064941,14.02534008026123,ok
LA_D_1600157,17.961774826049805,17.96917152404785,ok
LA_D_1600216,21.129770278930664,21.134563446044922,ok
LA_D_1601494,12.552693367004395,12.558838844299316,ok
LA_D_1601648,9.748197555541992,9.748080253601074,ok
LA_D_1601789,14.385872840881348,14.405146598815918,ok
LA_D_1601833,17.43568992614746,17.441774368286133,ok
LA_D_1602771,14.085653305053711,14.110474586486816,ok
LA_D_1603312,12.395580291748047,12.398544311523438,ok
LA_D_1604831,13.52840805053711,13.53337574005127,ok
LA_D_1604925,14.722884178161621,14.725374221801758,ok
LA_D_1606599,16.45094871520996,16.47321128845215,ok
LA_D_1607104,-12.484704971313477,-12.529473304748535,ok
LA_D_1607262,17.719655990600586,17.792747497558594,ok
LA_D_1607304,19.432392120361328,19.435415267944336,ok
LA_D_1608588,11.086114883422852,11.086165428161621,ok
LA_D_1608931,12.387194633483887,12.409453392028809,ok
LA_D_1609520,11.622944831848145,11.626208305358887,ok
LA_D_1609660,11.27349853515625,11.274683952331543,ok
LA_D_1611025,12.825209617614746,12.845691680908203,ok
LA_D_1611108,16.568761825561523,16.602270126342773,ok
LA_D_1611581,13.706831932067871,13.707376480102539,ok
LA_D_1611993,14.960442543029785,14.96553897857666,ok
LA_D_1612620,15.036258697509766,15.055008888244629,ok
LA_D_1613798,10.586554527282715,10.599164009094238,ok
LA_D_1613851,14.294883728027344,14.31604290008545,ok
LA_D_1613936,18.335529327392578,18.350778579711914,ok
LA_D_1614382,14.466550827026367,14.469274520874023,ok
LA_D_1614845,17.14685821533203,17.165971755981445,ok
LA_D_1615516,12.200173377990723,12.219206809997559,ok
LA_D_1616093,18.85196304321289,18.88532829284668,ok
LA_D_1621509,17.170345306396484,17.23687171936035,ok
LA_D_1622941,9.321490287780762,9.325175285339355,ok
LA_D_1623705,10.564179420471191,10.56576156616211,ok
LA_D_1623783,10.687294006347656,10.697381019592285,ok
LA_D_1624895,11.635645866394043,11.648761749267578,ok
LA_D_1625102,13.724104881286621,13.762232780456543,ok
LA_D_1628180,12.76545524597168,12.794187545776367,ok
LA_D_1629379,15.410799980163574,15.44003677368164,ok
LA_D_1630527,13.935178756713867,13.937691688537598,ok
LA_D_1632847,13.14268684387207,13.161940574645996,ok
LA_D_1635246,16.136777877807617,16.15737533569336,ok
LA_D_1637491,16.81074333190918,16.823869705200195,ok
LA_D_1637629,14.443078994750977,14.45621395111084,ok
LA_D_1637646,15.079729080200195,15.094765663146973,ok
LA_D_1638692,16.206708908081055,16.214385986328125,ok
LA_D_1639348,15.539655685424805,15.550141334533691,ok
LA_D_1639860,14.082209587097168,14.083220481872559,ok
LA_D_1639891,14.700469017028809,14.70090389251709,ok
LA_D_1640383,9.568767547607422,9.568713188171387,ok
LA_D_1640497,-12.947980880737305,-12.948564529418945,ok
LA_D_1643538,8.620426177978516,8.620491981506348,ok
LA_D_1644764,-14.095831871032715,-14.102500915527344,ok
LA_D_1645531,6.672435760498047,6.6798272132873535,ok
LA_D_1646097,15.259507179260254,15.289626121520996,ok
LA_D_1648141,17.963624954223633,17.97958755493164,ok
LA_D_1648291,-15.394390106201172,-15.412840843200684,ok
LA_D_1649885,15.97991943359375,16.010478973388672,ok
LA_D_1649887,11.153597831726074,11.153599739074707,ok
LA_D_1649895,14.49707317352295,14.49726390838623,ok
LA_D_1652776,17.299779891967773,17.335020065307617,ok
LA_D_1653412,12.422409057617188,12.420062065124512,ok
LA_D_1654772,16.818449020385742,16.83087730407715,ok
LA_D_1655634,9.049705505371094,9.0488920211792,ok
LA_D_1656978,11.039458274841309,11.040921211242676,ok
LA_D_1657707,13.516117095947266,13.524816513061523,ok
LA_D_1658555,15.217854499816895,15.22143268585205,ok
LA_D_1659148,14.082995414733887,14.086421012878418,ok
LA_D_1659731,12.37803840637207,12.40027141571045,ok
LA_D_1659955,15.226668357849121,15.244978904724121,ok
LA_D_1660121,14.325430870056152,14.332136154174805,ok
LA_D_1662448,13.84355640411377,13.868891716003418,ok
LA_D_1664055,17.79247283935547,17.798791885375977,ok
LA_D_1664425,14.053150177001953,14.05428695678711,ok
LA_D_1664915,15.043769836425781,15.062796592712402,ok
LA_D_1667962,9.764886856079102,9.767842292785645,ok
LA_D_1669057,12.089738845825195,12.090327262878418,ok
LA_D_1670207,13.917614936828613,13.919339179992676,ok
LA_D_1673360,12.461897850036621,12.46639347076416,ok
LA_D_1674536,19.06934356689453,19.07866859436035,ok
LA_D_1675550,14.326199531555176,14.33435344696045,ok
LA_D_1675990,13.48060131072998,13.489801406860352,ok
LA_D_1677234,8.636124610900879,8.643874168395996,ok
LA_D_1677598,13.416709899902344,13.440613746643066,ok
LA_D_1677846,12.444278717041016,12.463689804077148,ok
LA_D_1678096,5.408022403717041,5.414397716522217,ok
LA_D_1678967,9.092913627624512,9.093993186950684,ok
LA_D_1680060,16.73326301574707,16.756439208984375,ok
LA_D_1680201,-13.653154373168945,-13.655049324035645,ok
LA_D_1683013,13.107651710510254,13.148774147033691,ok
LA_D_1683892,7.543464183807373,7.547609806060791,ok
LA_D_1684010,11.802532196044922,11.816990852355957,ok
LA_D_1685139,14.825310707092285,14.828886985778809,ok
LA_D_1685766,14.305564880371094,14.320926666259766,ok
LA_D_1685863,14.657124519348145,14.675293922424316,ok
LA_D_1686743,-12.192904472351074,-12.23416805267334,ok
LA_D_1689082,-11.42457389831543,-11.429059028625488,ok
LA_D_1689302,12.557823181152344,12.557754516601562,ok
LA_D_1691193,16.929000854492188,16.939271926879883,ok
LA_D_1693615,14.75454330444336,14.770294189453125,ok
LA_D_1693970,10.957085609436035,10.957459449768066,ok
LA_D_1694092,9.066028594970703,9.068395614624023,ok
LA_D_1694389,18.65870475769043,18.658626556396484,ok
LA_D_1697322,12.174649238586426,12.180195808410645,ok
LA_D_1697663,14.241340637207031,14.242110252380371,ok
LA_D_1699200,15.29194450378418,15.292186737060547,ok
LA_D_1699219,10.270700454711914,10.270638465881348,ok
LA_D_1702355,15.621805191040039,15.627028465270996,ok
LA_D_1702527,14.768375396728516,14.78344440460205,ok
LA_D_1702824,12.076687812805176,12.076964378356934,ok
LA_D_1702942,13.532907485961914,13.53458023071289,ok
LA_D_1703167,10.645575523376465,10.645848274230957,ok
LA_D_1705054,16.266048431396484,16.271007537841797,ok
LA_D_1705349,19.899471282958984,19.90597152709961,ok
LA_D_1706159,13.705649375915527,13.71240234375,ok
LA_D_1707779,9.378368377685547,9.380642890930176,ok
LA_D_1708689,13.035508155822754,13.037220001220703,ok
LA_D_1711559,-11.521538734436035,-11.52553653717041,ok
LA_D_1711564,16.66041374206543,16.67335319519043,ok
LA_D_1711747,14.68959903717041,14.689451217651367,ok
LA_D_1712120,17.59427833557129,17.598905563354492,ok
LA_D_1713212,10.82731819152832,10.834511756896973,ok
LA_D_1714449,16.30048942565918,16.314367294311523,ok
LA_D_1715749,8.890356063842773,8.896851539611816,ok
LA_D_1715778,8.83498764038086,8.835257530212402,ok
LA_D_1715794,13.681154251098633,13.682666778564453,ok
LA_D_1715922,14.376530647277832,14.387990951538086,ok
LA_D_1716033,-13.069680213928223,-13.109643936157227,ok
LA_D_1716656,17.825111389160156,17.857378005981445,ok
LA_D_1717085,16.95012092590332,16.96101188659668,ok
LA_D_1719951,11.450750350952148,11.451079368591309,ok
LA_D_1720015,16.35883140563965,16.363466262817383,ok
LA_D_1721527,-15.306235313415527,-15.331747055053711,ok
LA_D_1722779,-9.19112777709961,-9.214005470275879,ok
LA_D_1723025,8.379687309265137,8.37950325012207,ok
LA_D_1723129,10.189640998840332,10.189776420593262,ok
LA_D_1723393,16.533485412597656,16.538633346557617,ok
LA_D_1725328,12.903536796569824,12.923527717590332,ok
LA_D_1725588,17.863563537597656,17.87060546875,ok
LA_D_1725718,12.121197700500488,12.121806144714355,ok
LA_D_1725978,15.386734008789062,15.406847953796387,ok
LA_D_1728557,12.86358642578125,12.864197731018066,ok
LA_D_1728757,18.738405227661133,18.76787757873535,ok
LA_D_1728920,9.989660263061523,9.990020751953125,ok
LA_D_1730959,-13.767868041992188,-13.77110767364502,ok
LA_D_1731771,13.223662376403809,13.22884464263916,ok
LA_D_1732607,11.766959190368652,11.777009010314941,ok
LA_D_1732752,-13.985404014587402,-13.98739242553711,ok
LA_D_1733065,11.796038627624512,11.807427406311035,ok
LA_D_1733253,13.709122657775879,13.740020751953125,ok
LA_D_1733691,-13.019820213317871,-13.02185344696045,ok
LA_D_1734049,14.840193748474121,14.840357780456543,ok
LA_D_1734325,13.905132293701172,13.911906242370605,ok
LA_D_1734430,15.168710708618164,15.1752290725708,ok
LA_D_1736286,-15.08685302734375,-15.092483520507812,ok
LA_D_1738100,14.330897331237793,14.334400177001953,ok
LA_D_1738251,11.490655899047852,11.490866661071777,ok
LA_D_1738651,19.367679595947266,19.40742301940918,ok
LA_D_1743004,15.137336730957031,15.172595024108887,ok
LA_D_1743744,4.386575698852539,4.3876142501831055,ok
LA_D_1744737,9.60939884185791,9.614038467407227,ok
LA_D_1746170,16.280019760131836,16.30585289001465,ok
LA_D_1751728,6.190971374511719,6.186825275421143,ok
LA_D_1751782,11.900160789489746,11.90362548828125,ok
LA_D_1751918,12.158419609069824,12.159419059753418,ok
LA_D_1755243,13.018178939819336,13.018303871154785,ok
LA_D_1755482,15.339325904846191,15.349932670593262,ok
LA_D_1755776,17.3814697265625,17.387529373168945,ok
LA_D_1757134,11.605929374694824,11.616846084594727,ok
LA_D_1757843,13.364228248596191,13.370755195617676,ok
LA_D_1758018,4.36044454574585,4.360987186431885,ok
LA_D_1758405,11.810790061950684,11.818652153015137,ok
LA_D_1758957,16.053560256958008,16.055315017700195,ok
LA_D_1759608,15.922840118408203,15.92293643951416,ok
LA_D_1760472,-12.103325843811035,-12.106521606445312,ok
LA_D_1763710,16.553049087524414,16.55719757080078,ok
LA_D_1764251,17.7485294342041,17.755598068237305,ok
LA_D_1764443,10.32540512084961,10.350529670715332,ok
LA_D_1765969,14.796677589416504,14.870243072509766,ok
LA_D_1766425,12.078248977661133,12.082991600036621,ok
LA_D_1767120,12.143270492553711,12.145600318908691,ok
LA_D_1767206,12.169820785522461,12.174300193786621,ok
LA_D_1767230,17.189830780029297,17.23552703857422,ok
LA_D_1768067,16.322439193725586,16.332504272460938,ok
LA_D_1768591,16.783401489257812,16.79756736755371,ok
LA_D_1768659,13.184813499450684,13.184809684753418,ok
LA_D_1770174,-13.030619621276855,-13.055731773376465,ok
LA_D_1770638,10.189167022705078,10.19880199432373,ok
LA_D_1771272,12.036259651184082,12.07601261138916,ok
LA_D_1772083,15.59703254699707,15.64387035369873,ok
LA_D_1772237,-14.82570743560791,-14.833819389343262,ok
LA_D_1772977,13.2097806930542,13.211485862731934,ok
LA_D_1773079,12.545612335205078,12.548018455505371,ok
LA_D_1775541,18.545869827270508,18.556102752685547,ok
LA_D_1776073,11.489459991455078,11.504759788513184,ok
LA_D_1776380,15.817442893981934,15.849780082702637,ok
LA_D_1777002,14.180851936340332,14.182352066040039,ok
LA_D_1777158,10.907602310180664,10.942386627197266,ok
LA_D_1778489,15.689632415771484,15.699615478515625,ok
LA_D_1778690,11.81523609161377,11.828316688537598,ok
LA_D_1778772,11.580204963684082,11.570175170898438,ok
LA_D_1778872,13.47701358795166,13.477961540222168,ok
LA_D_1780000,10.351545333862305,10.348994255065918,ok
LA_D_1780523,11.116049766540527,11.117098808288574,ok
LA_D_1782967,14.34699821472168,14.347752571105957,ok
LA_D_1783037,18.891658782958984,18.9333553314209,ok
LA_D_1783287,18.2425594329834,18.253686904907227,ok
LA_D_1783574,16.92034339904785,16.93866539001465,ok
LA_D_1783942,12.451778411865234,12.457250595092773,ok
LA_D_1786331,13.844381332397461,13.856409072875977,ok
LA_D_1786730,-11.11391830444336,-11.124011039733887,ok
LA_D_1788098,14.342551231384277,14.355989456176758,ok
LA_D_1789894,12.733529090881348,12.739971160888672,ok
LA_D_1789917,17.260953903198242,17.278209686279297,ok
LA_D_1792373,13.54712200164795,13.553204536437988,ok
LA_D_1793186,14.698929786682129,14.70979118347168,ok
LA_D_1794906,14.681843757629395,14.684296607971191,ok
LA_D_1796445,-15.563584327697754,-15.56758975982666,ok
LA_D_1797576,16.04081153869629,16.076372146606445,ok
LA_D_1798555,14.962031364440918,14.963457107543945,ok
LA_D_1798838,12.823790550231934,12.829047203063965,ok
LA_D_1798881,14.687335968017578,14.70479679107666,ok
LA_D_1799143,12.488851547241211,12.494638442993164,ok
LA_D_1799775,12.06980037689209,12.070096015930176,ok
LA_D_1800659,15.210785865783691,15.220495223999023,ok
LA_D_1802495,15.769415855407715,15.773750305175781,ok
LA_D_1803008,-13.172091484069824,-13.242860794067383,ok
LA_D_1803165,15.30750846862793,15.313570022583008,ok
LA_D_1804384,13.622414588928223,13.638439178466797,ok
LA_D_1805177,-15.92417049407959,-15.926575660705566,ok
LA_D_1805483,-14.820014953613281,-14.830301284790039,ok
LA_D_1805502,10.975729942321777,10.975983619689941,ok
LA_D_1805739,-13.178621292114258,-13.189440727233887,ok
LA_D_1805963,16.77644157409668,16.779735565185547,ok
LA_D_1808507,10.819931983947754,10.825729370117188,ok
LA_D_1808956,10.545045852661133,10.574111938476562,ok
LA_D_1809307,14.480274200439453,14.48627758026123,ok
LA_D_1811445,9.770450592041016,9.770217895507812,ok
LA_D_1811965,15.111932754516602,15.117486000061035,ok
LA_D_1811978,13.499017715454102,13.502158164978027,ok
LA_D_1812094,11.848649978637695,11.848997116088867,ok
LA_D_1812623,-12.095641136169434,-12.123103141784668,ok
LA_D_1812724,15.592101097106934,15.593253135681152,ok
LA_D_1812831,15.022302627563477,15.028554916381836,ok
LA_D_1813321,13.865090370178223,13.865124702453613,ok
LA_D_1813906,12.070731163024902,12.082844734191895,ok
LA_D_1815265,11.513833999633789,11.529866218566895,ok
LA_D_1816644,11.166913986206055,11.166863441467285,ok
LA_D_1818653,13.099072456359863,13.102349281311035,ok
LA_D_1820743,11.313450813293457,11.326549530029297,ok
LA_D_1821879,8.241854667663574,8.246468544006348,ok
LA_D_1822549,11.733386993408203,11.751677513122559,ok
LA_D_1823585,10.000157356262207,10.002296447753906,ok
LA_D_1824180,-14.712143898010254,-14.716740608215332,ok
LA_D_1824827,3.837785243988037,3.838108777999878,ok
LA_D_1828356,20.04593849182129,20.063629150390625,ok
LA_D_1830470,9.035188674926758,9.035202980041504,ok
LA_D_1830521,14.549986839294434,14.557066917419434,ok
LA_D_1830846,13.230935096740723,13.232748985290527,ok
LA_D_1831145,14.919597625732422,14.931527137756348,ok
LA_D_1832937,16.094921112060547,16.104536056518555,ok
LA_D_1833652,-12.825684547424316,-12.82934284210205,ok
LA_D_1834815,16.049022674560547,16.059009552001953,ok
LA_D_1834958,15.688247680664062,15.690995216369629,ok
LA_D_1836171,12.685794830322266,12.699292182922363,ok
LA_D_1836354,13.353655815124512,13.405037879943848,ok
LA_D_1838028,10.31592845916748,10.317215919494629,ok
LA_D_1838386,1.2089613676071167,1.2006491422653198,ok
LA_D_1838534,12.843282699584961,12.852716445922852,ok
LA_D_1840120,14.780977249145508,14.781144142150879,ok
LA_D_1841254,9.684778213500977,9.687117576599121,ok
LA_D_1841439,17.38788604736328,17.41364288330078,ok
LA_D_1842165,11.587647438049316,11.59530258178711,ok
LA_D_1842516,13.294692993164062,13.292744636535645,ok
LA_D_1842990,-13.501408576965332,-13.513602256774902,ok
LA_D_1844495,15.997990608215332,15.998948097229004,ok
LA_D_1844563,20.413658142089844,20.430463790893555,ok
LA_D_1845069,11.34334659576416,11.35009479522705,ok
LA_D_1845654,16.7008056640625,16.715686798095703,ok
LA_D_1846103,16.304704666137695,16.323486328125,ok
LA_D_1846916,10.875925064086914,10.888688087463379,ok
LA_D_1847073,14.564008712768555,14.566533088684082,ok
LA_D_1847944,20.420381546020508,20.434511184692383,ok
LA_D_1848103,12.857925415039062,12.864014625549316,ok
LA_D_1848165,12.030004501342773,12.030932426452637,ok
LA_D_1848349,13.140217781066895,13.140519142150879,ok
LA_D_1849915,15.231103897094727,15.254561424255371,ok
LA_D_1850987,16.607328414916992,16.64432144165039,ok
LA_D_1851336,13.36780834197998,13.36867904663086,ok
LA_D_1853446,15.758158683776855,15.764439582824707,ok
LA_D_1853731,14.296442985534668,14.298253059387207,ok
LA_D_1854905,16.89338493347168,16.92209815979004,ok
LA_D_1855851,11.313119888305664,11.312603950500488,ok
LA_D_1855940,11.61001205444336,11.61092472076416,ok
LA_D_1856189,14.104094505310059,14.104171752929688,ok
LA_D_1856497,16.198104858398438,16.201711654663086,ok
LA_D_1858151,13.708901405334473,13.7388334274292,ok
LA_D_1858381,14.582149505615234,14.596993446350098,ok
LA_D_1859048,-11.974583625793457,-11.987482070922852,ok
LA_D_1860065,18.01369285583496,18.02393913269043,ok
LA_D_1860158,11.169042587280273,11.213910102844238,ok
LA_D_1860197,14.527091026306152,14.553160667419434,ok
LA_D_1861262,15.707636833190918,15.729684829711914,ok
LA_D_1862965,11.684785842895508,11.686573028564453,ok
LA_D_1863131,9.505844116210938,9.501470565795898,ok
LA_D_1863279,20.769357681274414,20.838544845581055,ok
LA_D_1863901,14.824333190917969,14.824727058410645,ok
LA_D_1864294,13.110675811767578,13.119153022766113,ok
LA_D_1864612,16.780380249023438,16.78460693359375,ok
LA_D_1864652,14.002284049987793,14.025968551635742,ok
LA_D_1865763,16.926603317260742,16.929738998413086,ok
LA_D_1866166,14.174476623535156,14.175713539123535,ok
LA_D_1866244,13.953840255737305,13.972456932067871,ok
LA_D_1867335,11.208234786987305,11.208319664001465,ok
LA_D_1868045,17.015865325927734,17.032733917236328,ok
LA_D_1870030,14.625617980957031,14.661818504333496,ok
LA_D_1870684,13.10669994354248,13.139573097229004,ok
LA_D_1870741,12.71833610534668,12.722309112548828,ok
LA_D_1871223,17.494792938232422,17.54949951171875,ok
LA_D_1871635,22.403278350830078,22.403470993041992,ok
LA_D_1872618,17.14484977722168,17.165197372436523,ok
LA_D_1872772,13.507063865661621,13.51248836517334,ok
LA_D_1873473,13.445760726928711,13.461524963378906,ok
LA_D_1874001,15.535359382629395,15.55617618560791,ok
LA_D_1874557,15.290482521057129,15.304265975952148,ok
LA_D_1874896,12.634285926818848,12.647040367126465,ok
LA_D_1876225,10.257918357849121,10.258264541625977,ok
LA_D_1876360,14.950337409973145,14.963364601135254,ok
LA_D_1877105,-17.126516342163086,-17.137746810913086,ok
LA_D_1877141,14.34531021118164,14.351202964782715,ok
LA_D_1877966,15.616601943969727,15.625470161437988,ok
LA_D_1878310,14.37442684173584,14.37533950805664,ok
LA_D_1879539,16.291828155517578,16.333744049072266,ok
LA_D_1880286,13.238275527954102,13.239977836608887,ok
LA_D_1881500,16.006567001342773,16.04401969909668,ok
LA_D_1881643,19.907560348510742,19.927427291870117,ok
LA_D_1881724,-14.529790878295898,-14.541352272033691,ok
LA_D_1882065,-11.543952941894531,-11.544313430786133,ok
LA_D_1882691,11.97876262664795,11.979281425476074,ok
LA_D_1884569,8.678092956542969,8.677947044372559,ok
LA_D_1884725,10.832084655761719,10.837298393249512,ok
LA_D_1885115,-12.325319290161133,-12.330615997314453,ok
LA_D_1885226,13.349244117736816,13.364978790283203,ok
LA_D_1886178,17.778371810913086,17.784273147583008,ok
LA_D_1886400,14.664026260375977,14.685843467712402,ok
LA_D_1889595,10.697739601135254,10.704216957092285,ok
LA_D_1889615,13.831818580627441,13.845703125,ok
LA_D_1889727,16.239152908325195,16.248950958251953,ok
LA_D_1890878,17.359329223632812,17.390336990356445,ok
LA_D_1891787,13.315804481506348,13.317925453186035,ok
LA_D_1892568,4.4856061935424805,4.488832950592041,ok
LA_D_1893758,16.522876739501953,16.542043685913086,ok
LA_D_1893786,16.915246963500977,16.928071975708008,ok
LA_D_1894103,9.27759838104248,9.282071113586426,ok
LA_D_1895153,9.855489730834961,9.857739448547363,ok
LA_D_1895274,-14.452311515808105,-14.48013687133789,ok
LA_D_1896433,17.28699493408203,17.303647994995117,ok
LA_D_1897056,10.025420188903809,10.042830467224121,ok
LA_D_1897148,4.687607288360596,4.686019420623779,ok
LA_D_1897326,10.827998161315918,10.83267879486084,ok
LA_D_1897752,14.209077835083008,14.22144603729248,ok
LA_D_1898207,-14.49775218963623,-14.502580642700195,ok
LA_D_1898947,12.580506324768066,12.598113059997559,ok
LA_D_1899250,15.757737159729004,15.769834518432617,ok
LA_D_1899277,11.457242012023926,11.46052074432373,ok
LA_D_1900218,14.131511688232422,14.138884544372559,ok
LA_D_1901077,12.091840744018555,12.091788291931152,ok
LA_D_1903761,14.868436813354492,14.877673149108887,ok
LA_D_1904462,12.86234188079834,12.877349853515625,ok
LA_D_1904999,14.11888599395752,14.126734733581543,ok
LA_D_1905761,18.87831687927246,18.894418716430664,ok
LA_D_1906480,14.681095123291016,14.684907913208008,ok
LA_D_1907062,15.33576488494873,15.34341049194336,ok
LA_D_1907731,17.69597053527832,17.719511032104492,ok
LA_D_1907831,14.617300033569336,14.658502578735352,ok
LA_D_1909708,12.740165710449219,12.743741035461426,ok
LA_D_1909993,13.100385665893555,13.123339653015137,ok
LA_D_1911374,15.705081939697266,15.759749412536621,ok
LA_D_1911980,15.993569374084473,16.016584396362305,ok
LA_D_1915163,16.150007247924805,16.16318702697754,ok
LA_D_1915883,16.573501586914062,16.574949264526367,ok
LA_D_1915992,15.694243431091309,15.699668884277344,ok
LA_D_1916885,14.485982894897461,14.494647979736328,ok
LA_D_1917155,11.809671401977539,11.809883117675781,ok
LA_D_1917753,10.115758895874023,10.121047019958496,ok
LA_D_1918445,-12.293448448181152,-12.3412446975708,ok
LA_D_1918819,12.101994514465332,12.10204792022705,ok
LA_D_1918968,16.0922908782959,16.09770965576172,ok
LA_D_1919505,14.681977272033691,14.686857223510742,ok
LA_D_1920639,12.711079597473145,12.717425346374512,ok
LA_D_1921825,16.241243362426758,16.250558853149414,ok
LA_D_1921890,17.730398178100586,17.7376708984375,ok
LA_D_1921938,14.603683471679688,14.606656074523926,ok
LA_D_1922621,12.930161476135254,12.935396194458008,ok
LA_D_1922892,17.912778854370117,17.94352149963379,ok
LA_D_1924724,16.81010627746582,16.81529998779297,ok
LA_D_1924915,11.742072105407715,11.745200157165527,ok
LA_D_1925258,15.651448249816895,15.652236938476562,ok
LA_D_1925587,13.195618629455566,13.195638656616211,ok
LA_D_1927087,13.315929412841797,13.331411361694336,ok
LA_D_1928274,11.278145790100098,11.301852226257324,ok
LA_D_1929031,19.431386947631836,19.451736450195312,ok
LA_D_1930073,16.122295379638672,16.130640029907227,ok
LA_D_1930138,-9.430253028869629,-9.518111228942871,ok
LA_D_1930356,16.73282241821289,16.767122268676758,ok
LA_D_1930859,11.987727165222168,11.998021125793457,ok
LA_D_1932009,16.311811447143555,16.313064575195312,ok
LA_D_1932089,23.57461166381836,23.581663131713867,ok
LA_D_1933165,16.580087661743164,16.62728500366211,ok
LA_D_1934985,15.447125434875488,15.45190143585205,ok
LA_D_1935532,13.169620513916016,13.177203178405762,ok
LA_D_1935726,11.855947494506836,11.861132621765137,ok
LA_D_1936614,14.411806106567383,14.414597511291504,ok
LA_D_1939610,18.679885864257812,18.697956085205078,ok
LA_D_1940050,15.663578033447266,15.6716947555542,ok
LA_D_1941143,4.560171127319336,4.572505950927734,ok
LA_D_1941384,17.350727081298828,17.35542869567871,ok
LA_D_1943080,15.634040832519531,15.650607109069824,ok
LA_D_1943271,10.584790229797363,10.587320327758789,ok
LA_D_1943277,11.711216926574707,11.735306739807129,ok
LA_D_1943421,25.771387100219727,25.818897247314453,ok
LA_D_1944808,20.46875,20.476205825805664,ok
LA_D_1945994,17.22744369506836,17.246469497680664,ok
LA_D_1946747,12.116296768188477,12.118597984313965,ok
LA_D_1948572,18.229490280151367,18.242002487182617,ok
LA_D_1948580,6.996715068817139,6.998198986053467,ok
LA_D_1949008,12.132871627807617,12.135741233825684,ok
LA_D_1952217,14.08193302154541,14.083856582641602,ok
LA_D_1952275,12.776180267333984,12.777297973632812,ok
LA_D_1953575,11.073944091796875,11.077275276184082,ok
LA_D_1953786,14.35610294342041,14.361784934997559,ok
LA_D_1953828,13.24677848815918,13.26423168182373,ok
LA_D_1953933,11.505108833312988,11.514578819274902,ok
LA_D_1954043,22.655902862548828,22.670045852661133,ok
LA_D_1954275,11.236988067626953,11.253250122070312,ok
LA_D_1954410,-14.044256210327148,-14.052041053771973,ok
LA_D_1955179,12.872527122497559,12.875733375549316,ok
LA_D_1955572,13.93477725982666,13.96618366241455,ok
LA_D_1957667,15.787943840026855,15.793845176696777,ok
LA_D_1958672,14.355256080627441,14.38158130645752,ok
LA_D_1959435,11.419900894165039,11.42056655883789,ok
LA_D_1959983,11.02743148803711,11.030537605285645,ok
LA_D_1962163,13.454038619995117,13.463761329650879,ok
LA_D_1962374,19.724536895751953,19.748226165771484,ok
LA_D_1962948,12.142677307128906,12.14500904083252,ok
LA_D_1964458,14.573731422424316,14.577485084533691,ok
LA_D_1964638,-9.314213752746582,-9.32880687713623,ok
LA_D_1965512,10.660670280456543,10.663192749023438,ok
LA_D_1966095,19.524627685546875,19.534940719604492,ok
LA_D_1966347,16.236923217773438,16.238985061645508,ok
LA_D_1966690,13.413796424865723,13.422322273254395,ok
LA_D_1966794,14.704736709594727,14.712214469909668,ok
LA_D_1968546,17.069040298461914,17.106334686279297,ok
LA_D_1968679,18.63200569152832,18.632465362548828,ok
LA_D_1969568,-14.69973373413086,-14.717373847961426,ok
LA_D_1969657,16.645231246948242,16.645286560058594,ok
LA_D_1971465,14.300384521484375,14.300501823425293,ok
LA_D_1971987,8.79052448272705,8.797240257263184,ok
LA_D_1972495,10.75342845916748,10.770028114318848,ok
LA_D_1972557,15.616647720336914,15.6177396774292,ok
LA_D_1974894,19.31690788269043,19.34792709350586,ok
LA_D_1975267,15.691153526306152,15.720102310180664,ok
LA_D_1975386,12.022950172424316,12.045204162597656,ok
LA_D_1975814,13.823996543884277,13.836530685424805,ok
LA_D_1975824,16.137683868408203,16.144086837768555,ok
LA_D_1975835,14.022622108459473,14.030354499816895,ok
LA_D_1975844,12.213650703430176,12.218647003173828,ok
LA_D_1976284,15.231701850891113,15.270895004272461,ok
LA_D_1976624,11.638455390930176,11.639128684997559,ok
LA_D_1976814,12.2153959274292,12.217198371887207,ok
LA_D_1977942,13.922063827514648,13.922598838806152,ok
LA_D_1979046,12.088356018066406,12.08887767791748,ok
LA_D_1980534,-13.96292495727539,-13.97162914276123,ok
LA_D_1980562,17.69138526916504,17.703208923339844,ok
LA_D_1982159,-8.046082496643066,-8.052496910095215,ok
LA_D_1982638,10.074665069580078,10.079719543457031,ok
LA_D_1983415,-11.879220008850098,-11.880244255065918,ok
LA_D_1984025,18.390417098999023,18.40852165222168,ok
LA_D_1984425,16.69989013671875,16.7174015045166,ok
LA_D_1984995,-11.1788969039917,-11.186299324035645,ok
LA_D_1985162,14.68138313293457,14.723607063293457,ok
LA_D_1985217,13.875956535339355,13.881982803344727,ok
LA_D_1985278,12.047439575195312,12.050949096679688,ok
LA_D_1985982,11.74710464477539,11.748741149902344,ok
LA_D_1986382,13.444801330566406,13.450586318969727,ok
LA_D_1988141,11.721744537353516,11.725091934204102,ok
LA_D_1988690,8.254040718078613,8.254046440124512,ok
LA_D_1989443,12.281298637390137,12.291655540466309,ok
LA_D_1990270,9.222641944885254,9.223393440246582,ok
LA_D_1991616,12.230074882507324,12.231374740600586,ok
LA_D_1992569,11.06873607635498,11.069554328918457,ok
LA_D_1993921,14.243139266967773,14.286101341247559,ok
LA_D_1994320,11.178506851196289,11.18061351776123,ok
LA_D_1994966,14.988306999206543,14.992091178894043,ok
LA_D_1995660,18.844669342041016,18.848369598388672,ok
LA_D_1996500,14.625836372375488,14.699646949768066,ok
LA_D_1997529,-13.985858917236328,-13.986237525939941,ok
LA_D_1998989,15.491828918457031,15.494516372680664,ok
LA_D_1999219,13.189181327819824,13.190114974975586,ok
LA_D_1999238,13.611221313476562,13.617408752441406,ok
LA_D_1999944,10.583362579345703,10.584707260131836,ok
LA_D_2000093,12.665337562561035,12.683924674987793,ok
LA_D_2000640,15.285269737243652,15.288400650024414,ok
LA_D_2000885,16.04336166381836,16.069517135620117,ok
LA_D_2002365,-11.619329452514648,-11.62239933013916,ok
LA_D_2002433,11.125689506530762,11.125772476196289,ok
LA_D_2002669,15.077981948852539,15.09723949432373,ok
LA_D_2002767,12.726978302001953,12.727816581726074,ok
LA_D_2003609,11.37922477722168,11.388890266418457,ok
LA_D_2004905,9.94445514678955,9.96357250213623,ok
LA_D_2005065,23.320770263671875,23.40570831298828,ok
LA_D_2005388,13.516549110412598,13.525152206420898,ok
LA_D_2006600,14.270979881286621,14.274850845336914,ok
LA_D_2006815,9.757172584533691,9.760209083557129,ok
LA_D_2007184,10.69991397857666,10.699884414672852,ok
LA_D_2007901,12.27213191986084,12.283649444580078,ok
LA_D_2008956,17.8396053314209,17.846460342407227,ok
LA_D_2009306,15.284936904907227,15.292856216430664,ok
LA_D_2010593,13.65733814239502,13.665757179260254,ok
LA_D_2010812,10.576094627380371,10.57607364654541,ok
LA_D_2011219,12.130209922790527,12.152344703674316,ok
LA_D_2013632,10.560822486877441,10.569537162780762,ok
LA_D_2016158,15.644742965698242,15.664806365966797,ok
LA_D_2017057,15.06501293182373,15.068690299987793,ok
LA_D_2017083,13.979162216186523,13.99206829071045,ok
LA_D_2017160,12.197530746459961,12.200752258300781,ok
LA_D_2017198,19.10481834411621,19.11821174621582,ok
LA_D_2017678,15.712514877319336,15.716748237609863,ok
LA_D_2018219,18.56658935546875,18.57667350769043,ok
LA_D_2018291,12.535233497619629,12.545132637023926,ok
LA_D_2019341,13.530854225158691,13.549409866333008,ok
LA_D_2020279,20.400978088378906,20.4608211517334,ok
LA_D_2020535,17.21702766418457,17.22563362121582,ok
LA_D_2021379,18.38601303100586,18.388940811157227,ok
LA_D_2021657,14.345817565917969,14.356945991516113,ok
LA_D_2021939,11.598618507385254,11.599896430969238,ok
LA_D_2022501,12.797533988952637,12.811766624450684,ok
LA_D_2022777,19.248762130737305,19.249658584594727,ok
LA_D_2025064,19.807281494140625,19.807815551757812,ok
LA_D_2026077,13.462603569030762,13.467896461486816,ok
LA_D_2026367,6.420155048370361,6.419283390045166,ok
LA_D_2026758,9.748071670532227,9.757674217224121,ok
LA_D_2028337,9.932397842407227,9.953332901000977,ok
LA_D_2028395,12.222759246826172,12.230134963989258,ok
LA_D_2031125,20.372234344482422,20.395689010620117,ok
LA_D_2031889,15.26677417755127,15.281078338623047,ok
LA_D_2032120,14.451141357421875,14.454012870788574,ok
LA_D_2033572,21.278425216674805,21.30378532409668,ok
LA_D_2033794,15.625448226928711,15.626662254333496,ok
LA_D_2034813,10.460987091064453,10.46119213104248,ok
LA_D_2035158,-14.85523509979248,-14.861288070678711,ok
LA_D_2035624,12.440991401672363,12.443350791931152,ok
LA_D_2036773,11.272424697875977,11.272430419921875,ok
LA_D_2038901,14.81589126586914,14.818353652954102,ok
LA_D_2039768,14.69339370727539,14.697511672973633,ok
LA_D_2039939,16.188207626342773,16.199583053588867,ok
LA_D_2039988,10.90126895904541,10.903778076171875,ok
LA_D_2040882,15.871135711669922,15.880596160888672,ok
LA_D_2040913,11.970961570739746,11.970993995666504,ok
LA_D_2041511,1.970502495765686,1.9635511636734009,ok
LA_D_2042101,12.294356346130371,12.301590919494629,ok
LA_D_2042102,10.757095336914062,10.76145076751709,ok
LA_D_2042650,9.958394050598145,9.961045265197754,ok
LA_D_2042770,12.093573570251465,12.098654747009277,ok
LA_D_2044088,-13.418834686279297,-13.431407928466797,ok
LA_D_2044181,7.657346248626709,7.66461706161499,ok
LA_D_2045409,13.421676635742188,13.43649959564209,ok
LA_D_2045790,12.739823341369629,12.742568016052246,ok
LA_D_2045953,15.0834379196167,15.085915565490723,ok
LA_D_2046470,14.152235984802246,14.167824745178223,ok
LA_D_2046924,25.948755264282227,25.993492126464844,ok
LA_D_2047498,15.855030059814453,15.884529113769531,ok
LA_D_2049288,14.242094039916992,14.251984596252441,ok
LA_D_2049455,17.869606018066406,17.883359909057617,ok
LA_D_2049968,13.738493919372559,13.776366233825684,ok
LA_D_2050794,16.4333438873291,16.44972801208496,ok
LA_D_2051517,15.800105094909668,15.80316162109375,ok
LA_D_2051572,13.814263343811035,13.81705379486084,ok
LA_D_2052113,14.696310043334961,14.700575828552246,ok
LA_D_2052144,14.463431358337402,14.464218139648438,ok
LA_D_2052753,14.811327934265137,14.815468788146973,ok
LA_D_2053527,-13.27447509765625,-13.29421329498291,ok
LA_D_2053681,11.51850414276123,11.51926326751709,ok
LA_D_2054506,15.152785301208496,15.153623580932617,ok
LA_D_2054654,-2.4751269817352295,-2.4804601669311523,ok
LA_D_2058787,14.015366554260254,14.027955055236816,ok
LA_D_2058872,13.5626220703125,13.565528869628906,ok
LA_D_2059102,14.202494621276855,14.205259323120117,ok
LA_D_2059452,13.453978538513184,13.476771354675293,ok
LA_D_2062744,-7.645009517669678,-7.657756328582764,ok
LA_D_2062974,16.496780395507812,16.49876594543457,ok
LA_D_2063490,15.42071533203125,15.423720359802246,ok
LA_D_2063669,-12.022216796875,-12.039313316345215,ok
LA_D_2064600,12.453415870666504,12.458817481994629,ok
LA_D_2064757,10.800297737121582,10.804699897766113,ok
LA_D_2065272,19.489837646484375,19.52452278137207,ok
LA_D_2065981,18.651140213012695,18.67293357849121,ok
LA_D_2067864,14.94717025756836,14.950003623962402,ok
LA_D_2069465,5.072164535522461,5.073670864105225,ok
LA_D_2069946,13.070176124572754,13.072699546813965,ok
LA_D_2070148,10.41704273223877,10.416963577270508,ok
LA_D_2071557,15.020930290222168,15.033585548400879,ok
LA_D_2073559,9.229236602783203,9.236212730407715,ok
LA_D_2074154,13.572527885437012,13.580343246459961,ok
LA_D_2074516,6.4927978515625,6.49232816696167,ok
LA_D_2074827,16.58353042602539,16.613479614257812,ok
LA_D_2077190,11.548426628112793,11.550311088562012,ok
LA_D_2077413,11.097335815429688,11.101988792419434,ok
LA_D_2078394,18.208587646484375,18.214418411254883,ok
LA_D_2079731,12.269796371459961,12.278695106506348,ok
LA_D_2079819,14.942368507385254,14.94566535949707,ok
LA_D_2080320,14.652894020080566,14.70113754272461,ok
LA_D_2081014,10.456350326538086,10.46033763885498,ok
LA_D_2081259,15.08198070526123,15.081584930419922,ok
LA_D_2081459,12.268636703491211,12.29001522064209,ok
LA_D_2082270,18.60833168029785,18.613529205322266,ok
LA_D_2082295,-13.65137004852295,-13.678292274475098,ok
LA_D_2083098,11.76500129699707,11.768218040466309,ok
LA_D_2084084,13.529881477355957,13.530512809753418,ok
LA_D_2085012,15.29037857055664,15.291662216186523,ok
LA_D_2085166,11.850456237792969,11.855957984924316,ok
LA_D_2085656,16.23554229736328,16.254478454589844,ok
LA_D_2086920,8.311718940734863,8.311774253845215,ok
LA_D_2087494,12.19150447845459,12.193358421325684,ok
LA_D_2087690,11.145950317382812,11.148359298706055,ok
LA_D_2088943,13.870323181152344,13.87341022491455,ok
LA_D_2092684,14.780054092407227,14.802035331726074,ok
LA_D_2093247,10.674544334411621,10.67456340789795,ok
LA_D_2094262,10.24289608001709,10.291743278503418,ok
LA_D_2095392,-12.566969871520996,-12.576165199279785,ok
LA_D_2096892,-12.163856506347656,-12.170331001281738,ok
LA_D_2097045,13.862466812133789,13.874506950378418,ok
LA_D_2097283,12.696009635925293,12.699212074279785,ok
LA_D_2097438,10.677424430847168,10.68458366394043,ok
LA_D_2097600,12.300990104675293,12.31091022491455,ok
LA_D_2100372,15.748089790344238,15.759808540344238,ok
LA_D_2101345,13.792283058166504,13.815686225891113,ok
LA_D_2101566,10.93824291229248,10.952977180480957,ok
LA_D_2103093,14.129658699035645,14.13868236541748,ok
LA_D_2103518,18.224544525146484,18.246170043945312,ok
LA_D_2103653,17.53359603881836,17.53705596923828,ok
LA_D_2103892,13.989812850952148,14.031929016113281,ok
LA_D_2104324,11.626693725585938,11.634719848632812,ok
LA_D_2104365,13.411633491516113,13.41310977935791,ok
LA_D_2104529,14.627097129821777,14.633004188537598,ok
LA_D_2105580,-13.523468017578125,-13.52391242980957,ok
LA_D_2106652,11.279518127441406,11.28425121307373,ok
LA_D_2106919,16.64027214050293,16.640893936157227,ok
LA_D_2107075,11.497540473937988,11.49851131439209,ok
LA_D_2107954,14.02670669555664,14.028826713562012,ok
LA_D_2108357,17.25838279724121,17.26468849182129,ok
LA_D_2109062,-10.926301956176758,-10.992122650146484,ok
LA_D_2110432,11.569866180419922,11.572481155395508,ok
LA_D_2111041,14.377041816711426,14.395060539245605,ok
LA_D_2111647,13.343235969543457,13.356971740722656,ok
LA_D_2111682,7.972720623016357,8.010146141052246,ok
LA_D_2111881,10.121284484863281,10.121810913085938,ok
LA_D_2112026,18.728322982788086,18.73343276977539,ok
LA_D_2113515,16.243410110473633,16.244091033935547,ok
LA_D_2113565,16.6922607421875,16.6923770904541,ok
LA_D_2113716,4.148446083068848,4.149781703948975,ok
LA_D_2115009,8.987030029296875,8.989802360534668,ok
LA_D_2115072,14.429489135742188,14.434930801391602,ok
LA_D_2117591,12.776070594787598,12.82625675201416,ok
LA_D_2117812,18.083478927612305,18.104015350341797,ok
LA_D_2118489,13.167884826660156,13.181055068969727,ok
LA_D_2118778,14.529829025268555,14.549430847167969,ok
LA_D_2118848,11.62131404876709,11.635947227478027,ok
LA_D_2120805,13.766587257385254,13.767291069030762,ok
LA_D_2121556,16.319198608398438,16.33097267150879,ok
LA_D_2123475,16.090225219726562,16.0987491607666,ok
LA_D_2123885,13.310457229614258,13.317248344421387,ok
LA_D_2124188,15.83745002746582,15.866448402404785,ok
LA_D_2124468,13.461950302124023,13.478466033935547,ok
LA_D_2125183,10.80689525604248,10.806914329528809,ok
LA_D_2126341,11.226181030273438,11.232858657836914,ok
LA_D_2126762,9.968052864074707,9.97290325164795,ok
LA_D_2127486,13.875541687011719,13.880293846130371,ok
LA_D_2128440,14.59775161743164,14.605464935302734,ok
LA_D_2128519,18.022573471069336,18.03092384338379,ok
LA_D_2128991,17.301931381225586,17.317956924438477,ok
LA_D_2129319,11.785475730895996,11.786182403564453,ok
LA_D_2129411,14.08710765838623,14.09721851348877,ok
LA_D_2130196,15.18736457824707,15.192008018493652,ok
LA_D_2130605,-14.45395278930664,-14.4622220993042,ok
LA_D_2131399,14.04993724822998,14.050317764282227,ok
LA_D_2133031,9.223373413085938,9.229823112487793,ok
LA_D_2135966,2.9140987396240234,2.914997100830078,ok
LA_D_2135991,23.664045333862305,23.682435989379883,ok
LA_D_2136240,22.23762321472168,22.28499412536621,ok
LA_D_2136816,13.567160606384277,13.569329261779785,ok
LA_D_2136896,9.184367179870605,9.197548866271973,ok
LA_D_2137133,11.591662406921387,11.591221809387207,ok
LA_D_2138850,18.533205032348633,18.545774459838867,ok
LA_D_2140164,16.107158660888672,16.13761329650879,ok
LA_D_2140323,-13.813485145568848,-13.817293167114258,ok
LA_D_2140441,20.09386444091797,20.096506118774414,ok
LA_D_2140627,15.319527626037598,15.330817222595215,ok
LA_D_2140638,13.873285293579102,13.882798194885254,ok
LA_D_2141097,14.351801872253418,14.360821723937988,ok
LA_D_2142744,18.66088104248047,18.66357421875,ok
LA_D_2143384,-11.503958702087402,-11.505187034606934,ok
LA_D_2143588,12.296140670776367,12.311919212341309,ok
LA_D_2143625,19.893861770629883,19.89537811279297,ok
LA_D_2143803,16.52876091003418,16.529687881469727,ok
LA_D_2144689,15.830880165100098,15.84097957611084,ok
LA_D_2145419,15.3291015625,15.333831787109375,ok
LA_D_2146476,14.080618858337402,14.080906867980957,ok
LA_D_2147894,18.41875457763672,18.42082405090332,ok
LA_D_2151951,11.554868698120117,11.559835433959961,ok
LA_D_2152100,13.066553115844727,13.072285652160645,ok
LA_D_2153291,11.410294532775879,11.415127754211426,ok
LA_D_2153758,15.057207107543945,15.060173988342285,ok
LA_D_2156580,13.160694122314453,13.163960456848145,ok
LA_D_2156985,-14.976149559020996,-14.977701187133789,ok
LA_D_2157831,13.180283546447754,13.200222969055176,ok
LA_D_2158229,15.383068084716797,15.394696235656738,ok
LA_D_2159690,9.035664558410645,9.04675579071045,ok
LA_D_2159915,18.500205993652344,18.534940719604492,ok
LA_D_2160169,13.252030372619629,13.26534366607666,ok
LA_D_2161419,18.87599754333496,18.8789005279541,ok
LA_D_2161752,11.745935440063477,11.759333610534668,ok
LA_D_2161760,12.200020790100098,12.200590133666992,ok
LA_D_2161873,18.23272705078125,18.25050926208496,ok
LA_D_2162549,16.50019073486328,16.51624298095703,ok
LA_D_2165495,13.02519416809082,13.030417442321777,ok
LA_D_2165611,18.18950843811035,18.200464248657227,ok
LA_D_2166570,10.565847396850586,10.57106876373291,ok
LA_D_2166742,10.960681915283203,10.962220191955566,ok
LA_D_2166764,11.710367202758789,11.711915969848633,ok
LA_D_2171727,12.250628471374512,12.295681953430176,ok
LA_D_2173227,9.30062198638916,9.302153587341309,ok
LA_D_2173475,14.321653366088867,14.338067054748535,ok
LA_D_2173667,11.715861320495605,11.72721004486084,ok
LA_D_2174187,12.539307594299316,12.565756797790527,ok
LA_D_2175694,8.048992156982422,8.061577796936035,ok
LA_D_2176634,15.344403266906738,15.35827922821045,ok
LA_D_2177055,15.635298728942871,15.67194938659668,ok
LA_D_2177921,13.391345024108887,13.401503562927246,ok
LA_D_2178723,-7.219010353088379,-7.223867893218994,ok
LA_D_2178889,16.04308319091797,16.042715072631836,ok
LA_D_2179611,10.305970191955566,10.311639785766602,ok
LA_D_2180694,14.265504837036133,14.27049446105957,ok
LA_D_2182436,11.984480857849121,11.986769676208496,ok
LA_D_2183037,14.039216995239258,14.040202140808105,ok
LA_D_2184401,14.990402221679688,14.9941987991333,ok
LA_D_2184798,16.293663024902344,16.30057144165039,ok
LA_D_2185134,15.235694885253906,15.241565704345703,ok
LA_D_2185899,17.300384521484375,17.34128761291504,ok
LA_D_2187760,17.585886001586914,17.681489944458008,ok
LA_D_2187904,15.044760704040527,15.045835494995117,ok
LA_D_2188246,-14.88597583770752,-14.892805099487305,ok
LA_D_2188344,15.137886047363281,15.152852058410645,ok
LA_D_2188353,11.666509628295898,11.666234970092773,ok
LA_D_2189504,18.293649673461914,18.2948055267334,ok
LA_D_2189641,16.240489959716797,16.260854721069336,ok
LA_D_2193624,18.52176284790039,18.540977478027344,ok
LA_D_2193916,13.056178092956543,13.062325477600098,ok
LA_D_2195201,14.69674301147461,14.702648162841797,ok
LA_D_2195251,15.969694137573242,15.97802448272705,ok
LA_D_2195595,16.840869903564453,16.84647560119629,ok
LA_D_2195628,14.633319854736328,14.65110969543457,ok
LA_D_2195736,8.843391418457031,8.846256256103516,ok
LA_D_2195770,10.659887313842773,10.661669731140137,ok
LA_D_2196548,15.312857627868652,15.34831714630127,ok
LA_D_2196978,13.635409355163574,13.635819435119629,ok
LA_D_2197132,9.683975219726562,9.69564437866211,ok
LA_D_2197541,13.162981033325195,13.268576622009277,ok
LA_D_2197811,16.387176513671875,16.409860610961914,ok
LA_D_2197985,16.064300537109375,16.10152244567871,ok
LA_D_2199278,2.1656363010406494,2.175957441329956,ok
LA_D_2200669,11.701396942138672,11.703424453735352,ok
LA_D_2201205,12.97183895111084,12.990456581115723,ok
LA_D_2202228,14.471434593200684,14.471619606018066,ok
LA_D_2204353,15.644932746887207,15.690186500549316,ok
LA_D_2205300,16.935075759887695,16.941001892089844,ok
LA_D_2207720,7.566934108734131,7.567216396331787,ok
LA_D_2210828,17.56321144104004,17.609262466430664,ok
LA_D_2211657,12.135046005249023,12.138506889343262,ok
LA_D_2212414,-11.252558708190918,-11.2549409866333,ok
LA_D_2212427,17.099105834960938,17.10492515563965,ok
LA_D_2214692,11.772171974182129,11.772712707519531,ok
LA_D_2215298,13.22342300415039,13.226799964904785,ok
LA_D_2216664,12.437630653381348,12.446685791015625,ok
LA_D_2217221,11.930196762084961,11.932843208312988,ok
LA_D_2218447,15.211106300354004,15.21900463104248,ok
LA_D_2219009,17.535112380981445,17.56568717956543,ok
LA_D_2222489,9.034855842590332,9.060497283935547,ok
LA_D_2222567,15.073423385620117,15.075846672058105,ok
LA_D_2223300,16.411502838134766,16.45433235168457,ok
LA_D_2223782,9.519537925720215,9.520215034484863,ok
LA_D_2224110,21.428852081298828,21.47028923034668,ok
LA_D_2225547,12.139893531799316,12.151776313781738,ok
LA_D_2225574,23.202802658081055,23.219560623168945,ok
LA_D_2226134,13.942304611206055,13.967142105102539,ok
LA_D_2226291,7.278853893280029,7.289012908935547,ok
LA_D_2226509,11.932361602783203,11.9484224319458,ok
LA_D_2227239,2.2570230960845947,2.25646710395813,ok
LA_D_2227552,12.86347484588623,12.863476753234863,ok
LA_D_2227757,11.657023429870605,11.663968086242676,ok
LA_D_2228121,8.070605278015137,8.071050643920898,ok
LA_D_2228504,10.769500732421875,10.769901275634766,ok
LA_D_2228641,13.232855796813965,13.234461784362793,ok
LA_D_2228764,16.326644897460938,16.338584899902344,ok
LA_D_2230192,-14.426398277282715,-14.431286811828613,ok
LA_D_2230362,15.790358543395996,15.793389320373535,ok
LA_D_2231364,8.402082443237305,8.399012565612793,ok
LA_D_2231411,15.03044605255127,15.037812232971191,ok
LA_D_2233973,14.847561836242676,14.850813865661621,ok
LA_D_2234125,15.918998718261719,15.927070617675781,ok
LA_D_2235229,11.972713470458984,11.972729682922363,ok
LA_D_2236885,14.754916191101074,14.758913040161133,ok
LA_D_2237572,10.650933265686035,10.656508445739746,ok
LA_D_2238363,13.159164428710938,13.23943042755127,ok
LA_D_2239594,12.209112167358398,12.2299222946167,ok
LA_D_2240504,18.385007858276367,18.414409637451172,ok
LA_D_2242800,11.727214813232422,11.738204002380371,ok
LA_D_2243154,13.733254432678223,13.733819007873535,ok
LA_D_2243169,13.597506523132324,13.598349571228027,ok
LA_D_2244005,17.02695655822754,17.033109664916992,ok
LA_D_2245059,8.457901000976562,8.497015953063965,ok
LA_D_2245814,13.882481575012207,13.889427185058594,ok
LA_D_2246688,16.35761260986328,16.368099212646484,ok
LA_D_2247282,10.622527122497559,10.624093055725098,ok
LA_D_2247309,12.899699211120605,12.908408164978027,ok
LA_D_2249074,13.367578506469727,13.382706642150879,ok
LA_D_2250398,11.492963790893555,11.49390697479248,ok
LA_D_2251423,11.860806465148926,11.86365795135498,ok
LA_D_2254293,17.889677047729492,17.908512115478516,ok
LA_D_2254543,9.909896850585938,9.91268253326416,ok
LA_D_2254857,13.61239242553711,13.620051383972168,ok
LA_D_2255247,-13.81136417388916,-13.81145191192627,ok
LA_D_2255957,17.1758975982666,17.22712516784668,ok
LA_D_2256022,13.152870178222656,13.158266067504883,ok
LA_D_2258459,15.15560531616211,15.192294120788574,ok
LA_D_2258741,13.522079467773438,13.540942192077637,ok
LA_D_2259016,12.856118202209473,12.870198249816895,ok
LA_D_2259292,13.440418243408203,13.451029777526855,ok
LA_D_2259476,5.326103210449219,5.326986789703369,ok
LA_D_2259759,14.722064018249512,14.754380226135254,ok
LA_D_2260376,15.866504669189453,15.871859550476074,ok
LA_D_2263211,14.509980201721191,14.522160530090332,ok
LA_D_2264682,-13.724653244018555,-13.7254638671875,ok
LA_D_2265031,14.668563842773438,14.663379669189453,ok
LA_D_2265315,-15.66150951385498,-15.679431915283203,ok
LA_D_2265384,15.901270866394043,15.934074401855469,ok
LA_D_2265492,15.666176795959473,15.669733047485352,ok
LA_D_2265780,9.668910026550293,9.695082664489746,ok
LA_D_2267325,15.303377151489258,15.305357933044434,ok
LA_D_2270025,13.741781234741211,13.7633638381958,ok
LA_D_2270073,14.428573608398438,14.45649242401123,ok
LA_D_2274606,17.73808479309082,17.744709014892578,ok
LA_D_2274956,16.87421989440918,16.89809226989746,ok
LA_D_2275470,11.5324125289917,11.533132553100586,ok
LA_D_2275662,11.364006042480469,11.36535358428955,ok
LA_D_2276836,15.590277671813965,15.591846466064453,ok
LA_D_2276956,8.959772109985352,8.9600191116333,ok
LA_D_2278186,11.904491424560547,11.91611099243164,ok
LA_D_2278407,12.639004707336426,12.641810417175293,ok
LA_D_2279448,11.488012313842773,11.518198013305664,ok
LA_D_2279462,18.929929733276367,18.951234817504883,ok
LA_D_2280242,16.754737854003906,16.78227424621582,ok
LA_D_2280644,17.46479606628418,17.530115127563477,ok
LA_D_2281493,12.862936019897461,12.884997367858887,ok
LA_D_2282941,17.40788459777832,17.46396255493164,ok
LA_D_2284017,11.439117431640625,11.439079284667969,ok
LA_D_2284232,14.008376121520996,14.025175094604492,ok
LA_D_2287068,15.088969230651855,15.089461326599121,ok
LA_D_2287585,-13.309330940246582,-13.320649147033691,ok
LA_D_2288300,12.221579551696777,12.241507530212402,ok
LA_D_2289303,-10.87025260925293,-10.916152000427246,ok
LA_D_2289504,15.585880279541016,15.594549179077148,ok
LA_D_2289906,12.693406105041504,12.69996166229248,ok
LA_D_2289949,12.596968650817871,12.602330207824707,ok
LA_D_2290106,7.556075572967529,7.556455135345459,ok
LA_D_2290223,12.004558563232422,12.006503105163574,ok
LA_D_2290771,10.448220252990723,10.474893569946289,ok
LA_D_2291890,12.78345012664795,12.80943489074707,ok
LA_D_2292066,16.626516342163086,16.630874633789062,ok
LA_D_2293379,17.632190704345703,17.632192611694336,ok
LA_D_2293597,11.42470932006836,11.424715995788574,ok
LA_D_2293647,16.22397804260254,16.23598289489746,ok
LA_D_2294546,17.016170501708984,17.05220603942871,ok
LA_D_2295230,14.551029205322266,14.567461967468262,ok
LA_D_2295451,9.370743751525879,9.37779712677002,ok
LA_D_2296372,11.204154014587402,11.207262992858887,ok
LA_D_2298020,9.738871574401855,9.741965293884277,ok
LA_D_2298155,16.376922607421875,16.38361930847168,ok
LA_D_2298248,14.127758979797363,14.13425350189209,ok
LA_D_2299839,10.818192481994629,10.81952953338623,ok
LA_D_2300503,15.528410911560059,15.533072471618652,ok
LA_D_2300597,16.650575637817383,16.676790237426758,ok
LA_D_2301497,14.201444625854492,14.207100868225098,ok
LA_D_2303609,-13.85881519317627,-13.868866920471191,ok
LA_D_2304250,15.987059593200684,15.992688179016113,ok
LA_D_2305845,11.510172843933105,11.514864921569824,ok
LA_D_2306690,12.985397338867188,13.025592803955078,ok
LA_D_2306860,14.912052154541016,14.927254676818848,ok
LA_D_2307932,14.055203437805176,14.058793067932129,ok
LA_D_2308716,15.4188871383667,15.421333312988281,ok
LA_D_2309565,14.7162504196167,14.715855598449707,ok
LA_D_2309660,9.636034965515137,9.641921997070312,ok
LA_D_2311080,17.311159133911133,17.326366424560547,ok
LA_D_2311237,-14.753889083862305,-14.769022941589355,ok
LA_D_2314822,11.118395805358887,11.122567176818848,ok
LA_D_2318160,15.025718688964844,15.036890983581543,ok
LA_D_2319450,10.869714736938477,10.874058723449707,ok
LA_D_2319804,12.123452186584473,12.135211944580078,ok
LA_D_2319940,17.639490127563477,17.652481079101562,ok
LA_D_2321124,14.609990119934082,14.613456726074219,ok
LA_D_2322081,-14.937065124511719,-14.938185691833496,ok
LA_D_2322141,14.11541748046875,14.121855735778809,ok
LA_D_2322982,12.657438278198242,12.666952133178711,ok
LA_D_2323900,13.79185676574707,13.797505378723145,ok
LA_D_2324235,-12.643718719482422,-12.654773712158203,ok
LA_D_2325645,12.469862937927246,12.492142677307129,ok
LA_D_2327416,16.270313262939453,16.27902603149414,ok
LA_D_2327560,15.538235664367676,15.542573928833008,ok
LA_D_2328159,19.415700912475586,19.449066162109375,ok
LA_D_2329756,12.880425453186035,12.896879196166992,ok
LA_D_2330702,16.302282333374023,16.31196403503418,ok
LA_D_2332467,11.477896690368652,11.479260444641113,ok
LA_D_2332596,15.359219551086426,15.365437507629395,ok
LA_D_2334588,-13.443739891052246,-13.462980270385742,ok
LA_D_2335219,14.447144508361816,14.451224327087402,ok
LA_D_2335395,9.90882682800293,9.951973915100098,ok
LA_D_2335490,16.846885681152344,16.89585304260254,ok
LA_D_2335769,15.56323528289795,15.570761680603027,ok
LA_D_2336005,18.52724838256836,18.536409378051758,ok
LA_D_2338525,-12.263789176940918,-12.266256332397461,ok
LA_D_2339812,13.802038192749023,13.832213401794434,ok
LA_D_2339825,-11.924495697021484,-11.934431076049805,ok
LA_D_2340415,12.546188354492188,12.557333946228027,ok
LA_D_2340770,13.16956615447998,13.1687593460083,ok
LA_D_2341150,13.47696590423584,13.47690486907959,ok
LA_D_2341615,13.082749366760254,13.089909553527832,ok
LA_D_2341646,12.393794059753418,12.397333145141602,ok
LA_D_2342254,17.342824935913086,17.370527267456055,ok
LA_D_2342626,16.950536727905273,16.95288848876953,ok
LA_D_2343950,14.63409423828125,14.639107704162598,ok
LA_D_2344292,16.877126693725586,16.882516860961914,ok
LA_D_2344679,10.931475639343262,10.942028045654297,ok
LA_D_2345337,18.21078109741211,18.22273063659668,ok
LA_D_2345402,8.956733703613281,8.95930290222168,ok
LA_D_2346599,17.349458694458008,17.357641220092773,ok
LA_D_2347486,13.995325088500977,13.99975872039795,ok
LA_D_2349125,12.538128852844238,12.546791076660156,ok
LA_D_2350008,15.324699401855469,15.328661918640137,ok
LA_D_2350123,15.475930213928223,15.486553192138672,ok
LA_D_2350572,13.170509338378906,13.182028770446777,ok
LA_D_2350784,14.811673164367676,14.822880744934082,ok
LA_D_2352643,11.422303199768066,11.427145957946777,ok
LA_D_2352862,12.162476539611816,12.167229652404785,ok
LA_D_2352948,14.463242530822754,14.469843864440918,ok
LA_D_2353795,13.599116325378418,13.599333763122559,ok
LA_D_2354611,14.76937198638916,14.771870613098145,ok
LA_D_2357327,13.758254051208496,13.762099266052246,ok
LA_D_2357497,18.59604263305664,18.6423397064209,ok
LA_D_2358779,15.236791610717773,15.256729125976562,ok
LA_D_2360026,15.171346664428711,15.176950454711914,ok
LA_D_2361529,10.929600715637207,10.929888725280762,ok
LA_D_2361610,13.76678466796875,13.794371604919434,ok
LA_D_2361735,14.3831787109375,14.419743537902832,ok
LA_D_2363490,14.882719993591309,14.910101890563965,ok
LA_D_2363543,12.881296157836914,12.88233470916748,ok
LA_D_2363836,-14.439202308654785,-14.453335762023926,ok
LA_D_2364299,16.69388771057129,16.701236724853516,ok
LA_D_2364584,14.020707130432129,14.022978782653809,ok
LA_D_2364597,15.037919044494629,15.045001029968262,ok
LA_D_2365147,-12.737191200256348,-12.747594833374023,ok
LA_D_2365482,14.135149955749512,14.13886547088623,ok
LA_D_2365865,17.081602096557617,17.087377548217773,ok
LA_D_2366142,17.2408390045166,17.316556930541992,ok
LA_D_2367658,13.20477294921875,13.229826927185059,ok
LA_D_2367854,12.870424270629883,12.871638298034668,ok
LA_D_2367943,18.26167106628418,18.272092819213867,ok
LA_D_2368097,18.164505004882812,18.236284255981445,ok
LA_D_2369381,13.741850852966309,13.768982887268066,ok
LA_D_2369549,19.454423904418945,19.457761764526367,ok
LA_D_2370383,-15.333929061889648,-15.342832565307617,ok
LA_D_2370652,9.199362754821777,9.199437141418457,ok
LA_D_2371320,17.771728515625,17.78318214416504,ok
LA_D_2371366,13.96517562866211,13.969490051269531,ok
LA_D_2371531,13.596536636352539,13.635197639465332,ok
LA_D_2372787,18.336864471435547,18.373327255249023,ok
LA_D_2372835,14.494220733642578,14.516077995300293,ok
LA_D_2373826,17.985868453979492,18.030908584594727,ok
LA_D_2374054,12.862566947937012,12.872170448303223,ok
LA_D_2374547,16.065641403198242,16.091630935668945,ok
LA_D_2374590,12.274923324584961,12.275273323059082,ok
LA_D_2375001,16.45608139038086,16.472841262817383,ok
LA_D_2375008,-14.376190185546875,-14.378390312194824,ok
LA_D_2375973,8.723917007446289,8.732132911682129,ok
LA_D_2376428,16.35707664489746,16.36530876159668,ok
LA_D_2379249,15.01063060760498,15.028773307800293,ok
LA_D_2379549,11.37471866607666,11.382403373718262,ok
LA_D_2380064,-13.53783130645752,-13.589193344116211,ok
LA_D_2380135,12.03783130645752,12.038018226623535,ok
LA_D_2380365,10.104959487915039,10.14560604095459,ok
LA_D_2381000,12.159603118896484,12.195744514465332,ok
LA_D_2382522,-14.67403507232666,-14.674337387084961,ok
LA_D_2382681,14.633139610290527,14.633313179016113,ok
LA_D_2382959,12.903881072998047,12.924883842468262,ok
LA_D_2385054,14.4617919921875,14.469393730163574,ok
LA_D_2386184,18.2641658782959,18.28131103515625,ok
LA_D_2386577,18.737579345703125,18.742782592773438,ok
LA_D_2388211,11.221451759338379,11.224783897399902,ok
LA_D_2388321,13.498382568359375,13.539826393127441,ok
LA_D_2389765,14.271151542663574,14.277957916259766,ok
LA_D_2392484,13.037890434265137,13.052363395690918,ok
LA_D_2393554,14.47387981414795,14.482852935791016,ok
LA_D_2394024,15.95448112487793,15.956315040588379,ok
LA_D_2395590,12.138603210449219,12.147757530212402,ok
LA_D_2395644,14.256316184997559,14.264318466186523,ok
LA_D_2395699,17.71697998046875,17.753602981567383,ok
LA_D_2396760,11.119882583618164,11.127776145935059,ok
LA_D_2396773,10.746272087097168,10.747267723083496,ok
LA_D_2397533,8.557113647460938,8.561600685119629,ok
LA_D_2399485,14.293322563171387,14.30889892578125,ok
LA_D_2399961,15.925373077392578,15.931979179382324,ok
LA_D_2400343,13.92694091796875,13.95232105255127,ok
LA_D_2401656,12.465639114379883,12.465943336486816,ok
LA_D_2402189,7.495840072631836,7.5172014236450195,ok
LA_D_2403062,9.142027854919434,9.142650604248047,ok
LA_D_2403365,8.366582870483398,8.369159698486328,ok
LA_D_2403858,14.417884826660156,14.423430442810059,ok
LA_D_2404279,10.828939437866211,10.829156875610352,ok
LA_D_2404405,-14.126869201660156,-14.128458023071289,ok
LA_D_2405181,16.046899795532227,16.046863555908203,ok
LA_D_2405339,16.38325309753418,16.413999557495117,ok
LA_D_2405558,13.795327186584473,13.877279281616211,ok
LA_D_2406469,18.055505752563477,18.078588485717773,ok
LA_D_2406653,10.86950969696045,10.873735427856445,ok
LA_D_2406981,6.813239097595215,6.861917018890381,ok
LA_D_2408504,14.115629196166992,14.117827415466309,ok
LA_D_2409304,15.052082061767578,15.060820579528809,ok
LA_D_2409344,16.460390090942383,16.5253849029541,ok
LA_D_2410043,5.403567314147949,5.405847549438477,ok
LA_D_2412061,16.468984603881836,16.488962173461914,ok
LA_D_2412410,7.418683052062988,7.422149181365967,ok
LA_D_2412446,11.998396873474121,12.002934455871582,ok
LA_D_2412575,8.938851356506348,8.956506729125977,ok
LA_D_2412960,-6.788234710693359,-6.801781177520752,ok
LA_D_2413214,15.68953800201416,15.697248458862305,ok
LA_D_2413811,13.320382118225098,13.330436706542969,ok
LA_D_2414625,15.202824592590332,15.206648826599121,ok
LA_D_2416790,13.304951667785645,13.317866325378418,ok
LA_D_2417193,-16.49968147277832,-16.51993751525879,ok
LA_D_2417651,14.602141380310059,14.674439430236816,ok
LA_D_2417938,14.315827369689941,14.331395149230957,ok
LA_D_2418862,14.507235527038574,14.51583480834961,ok
LA_D_2418943,13.472152709960938,13.483536720275879,ok
LA_D_2419036,17.51382827758789,17.527368545532227,ok
LA_D_2419210,17.830190658569336,17.83722496032715,ok
LA_D_2419825,17.48296546936035,17.536680221557617,ok
LA_D_2419904,18.73295783996582,18.808683395385742,ok
LA_D_2421665,12.059366226196289,12.071715354919434,ok
LA_D_2422297,13.08266544342041,13.09359073638916,ok
LA_D_2422770,15.739771842956543,15.743212699890137,ok
LA_D_2423406,17.73134994506836,17.735567092895508,ok
LA_D_2424417,13.215570449829102,13.215249061584473,ok
LA_D_2424487,12.679481506347656,12.679505348205566,ok
LA_D_2425412,14.561371803283691,14.56311321258545,ok
LA_D_2425446,18.954914093017578,18.96940803527832,ok
LA_D_2425743,14.692174911499023,14.707984924316406,ok
LA_D_2426166,11.138998985290527,11.148094177246094,ok
LA_D_2426319,19.191083908081055,19.195220947265625,ok
LA_D_2427111,11.771044731140137,11.774270057678223,ok
LA_D_2427116,8.464009284973145,8.471728324890137,ok
LA_D_2427170,19.775794982910156,19.7919979095459,ok
LA_D_2427445,18.38640594482422,18.471120834350586,ok
LA_D_2428124,14.570533752441406,14.592613220214844,ok
LA_D_2428239,13.190605163574219,13.194855690002441,ok
LA_D_2428433,17.62101173400879,17.631183624267578,ok
LA_D_2430078,9.02552604675293,9.03195858001709,ok
LA_D_2430243,15.32210636138916,15.332221031188965,ok
LA_D_2431857,15.28432846069336,15.308693885803223,ok
LA_D_2432615,14.25989055633545,14.263787269592285,ok
LA_D_2433056,12.705251693725586,12.708916664123535,ok
LA_D_2434538,18.867130279541016,18.86777687072754,ok
LA_D_2435960,8.792655944824219,8.789508819580078,ok
LA_D_2436364,-15.199173927307129,-15.203937530517578,ok
LA_D_2437354,10.730767250061035,10.747933387756348,ok
LA_D_2437399,16.881052017211914,16.910688400268555,ok
LA_D_2439299,17.77189064025879,17.78571891784668,ok
LA_D_2441093,12.836063385009766,12.839547157287598,ok
LA_D_2441155,11.937138557434082,11.980658531188965,ok
LA_D_2441943,-12.788010597229004,-12.803887367248535,ok
LA_D_2442523,15.406332015991211,15.425471305847168,ok
LA_D_2443752,16.243446350097656,16.24437141418457,ok
LA_D_2444360,14.456465721130371,14.47183609008789,ok
LA_D_2444810,12.786442756652832,12.809144973754883,ok
LA_D_2445037,14.179862022399902,14.179976463317871,ok
LA_D_2445554,-14.833174705505371,-14.838311195373535,ok
LA_D_2445772,14.059589385986328,14.059558868408203,ok
LA_D_2446049,12.925261497497559,12.93088436126709,ok
LA_D_2446369,17.465539932250977,17.48807144165039,ok
LA_D_2447524,16.57672119140625,16.592618942260742,ok
LA_D_2448121,14.832464218139648,14.843716621398926,ok
LA_D_2448162,9.872113227844238,9.872275352478027,ok
LA_D_2449761,8.771698951721191,8.788795471191406,ok
LA_D_2451673,14.736557960510254,14.765122413635254,ok
LA_D_2451686,17.8319034576416,17.833906173706055,ok
LA_D_2451802,19.194931030273438,19.195833206176758,ok
LA_D_2452544,-12.073357582092285,-12.117203712463379,ok
LA_D_2454370,19.271442413330078,19.29149055480957,ok
LA_D_2455516,19.107091903686523,19.13691520690918,ok
LA_D_2456990,17.65445899963379,17.654462814331055,ok
LA_D_2458766,15.37792682647705,15.391342163085938,ok
LA_D_2460010,15.937108993530273,15.976147651672363,ok
LA_D_2460108,14.27920913696289,14.287007331848145,ok
LA_D_2460221,16.533702850341797,16.539241790771484,ok
LA_D_2460870,16.941225051879883,16.961023330688477,ok
LA_D_2461413,12.412078857421875,12.416631698608398,ok
LA_D_2461506,13.245932579040527,13.25117015838623,ok
LA_D_2461601,12.798319816589355,12.8074951171875,ok
LA_D_2462449,15.038297653198242,15.037339210510254,ok
LA_D_2462521,-13.087100982666016,-13.092432975769043,ok
LA_D_2464441,12.164422035217285,12.177504539489746,ok
LA_D_2465807,15.82211971282959,15.824322700500488,ok
LA_D_2466781,-11.997018814086914,-12.003063201904297,ok
LA_D_2466917,10.555279731750488,10.558022499084473,ok
LA_D_2467416,15.431086540222168,15.432122230529785,ok
LA_D_2467700,16.42486572265625,16.4405460357666,ok
LA_D_2468278,7.971526145935059,7.977911472320557,ok
LA_D_2469934,18.6346435546875,18.681039810180664,ok
LA_D_2471375,13.314592361450195,13.310830116271973,ok
LA_D_2471995,17.877689361572266,17.894495010375977,ok
LA_D_2473428,10.27336597442627,10.279776573181152,ok
LA_D_2473723,15.859026908874512,15.866528511047363,ok
LA_D_2473777,12.160392761230469,12.165678977966309,ok
LA_D_2473895,18.143888473510742,18.155115127563477,ok
LA_D_2473905,16.887245178222656,16.892702102661133,ok
LA_D_2475221,11.674809455871582,11.675599098205566,ok
LA_D_2475830,13.245862007141113,13.269248008728027,ok
LA_D_2478413,14.927695274353027,14.934332847595215,ok
LA_D_2478969,16.06171226501465,16.064565658569336,ok
LA_D_2479312,14.701717376708984,14.702670097351074,ok
LA_D_2480484,23.45311737060547,23.46929359436035,ok
LA_D_2481318,12.84699821472168,12.850720405578613,ok
LA_D_2481485,15.699413299560547,15.716292381286621,ok
LA_D_2481560,13.628724098205566,13.629294395446777,ok
LA_D_2482572,15.392495155334473,15.404467582702637,ok
LA_D_2482996,14.09920883178711,14.120583534240723,ok
LA_D_2483131,17.276838302612305,17.283796310424805,ok
LA_D_2484663,14.81783676147461,14.824389457702637,ok
LA_D_2485107,19.10704803466797,19.110307693481445,ok
LA_D_2485529,13.167490005493164,13.167458534240723,ok
LA_D_2485725,20.029348373413086,20.05624008178711,ok
LA_D_2488691,17.137794494628906,17.163408279418945,ok
LA_D_2488913,12.887579917907715,12.887343406677246,ok
LA_D_2488992,11.663228988647461,11.667569160461426,ok
LA_D_2489813,15.34891128540039,15.355011940002441,ok
LA_D_2490025,12.090572357177734,12.112942695617676,ok
LA_D_2490231,15.254987716674805,15.2728853225708,ok
LA_D_2490654,17.33814811706543,17.410078048706055,ok
LA_D_2490787,7.988138675689697,7.983946323394775,ok
LA_D_2491741,8.674410820007324,8.690825462341309,ok
LA_D_2492206,16.303964614868164,16.30510139465332,ok
LA_D_2492831,10.503328323364258,10.51941204071045,ok
LA_D_2493315,-3.736224412918091,-3.736487627029419,ok
LA_D_2494446,14.500341415405273,14.506501197814941,ok
LA_D_2494449,12.21830940246582,12.236807823181152,ok
LA_D_2494496,12.432260513305664,12.454903602600098,ok
LA_D_2494939,12.532661437988281,12.533605575561523,ok
LA_D_2496910,-9.820528984069824,-9.831913948059082,ok
LA_D_2497046,16.81760025024414,16.819311141967773,ok
LA_D_2498281,21.001895904541016,21.025644302368164,ok
LA_D_2498389,12.376198768615723,12.37772274017334,ok
LA_D_2498703,15.326186180114746,15.33300495147705,ok
LA_D_2499496,18.468582153320312,18.477827072143555,ok
LA_D_2499638,11.733013153076172,11.73528003692627,ok
LA_D_2499680,14.905277252197266,14.909138679504395,ok
LA_D_2499954,8.16694450378418,8.168601036071777,ok
LA_D_2499979,12.686912536621094,12.709071159362793,ok
LA_D_2500876,11.75125503540039,11.75198745727539,ok
LA_D_2501643,11.02403736114502,11.024714469909668,ok
LA_D_2502418,13.508931159973145,13.516695976257324,ok
LA_D_2502471,10.877181053161621,10.878714561462402,ok
LA_D_2502487,11.367471694946289,11.3901948928833,ok
LA_D_2503313,16.564075469970703,16.56740951538086,ok
LA_D_2504438,14.409123420715332,14.428603172302246,ok
LA_D_2504571,18.160797119140625,18.200529098510742,ok
LA_D_2507417,11.990593910217285,12.015135765075684,ok
LA_D_2507973,14.975976943969727,14.989300727844238,ok
LA_D_2508069,16.440805435180664,16.46049690246582,ok
LA_D_2508484,11.267757415771484,11.269736289978027,ok
LA_D_2508763,10.342540740966797,10.350753784179688,ok
LA_D_2509891,12.635796546936035,12.654964447021484,ok
LA_D_2510886,13.12630558013916,13.130908966064453,ok
LA_D_2511151,10.2431640625,10.245633125305176,ok
LA_D_2513024,10.932685852050781,10.967970848083496,ok
LA_D_2514874,6.286947250366211,6.291926860809326,ok
LA_D_2515908,13.00981616973877,13.030671119689941,ok
LA_D_2516382,13.418362617492676,13.429194450378418,ok
LA_D_2517022,-14.353001594543457,-14.462489128112793,ok
LA_D_2517481,15.72776985168457,15.745011329650879,ok
LA_D_2518822,-12.945229530334473,-12.946008682250977,ok
LA_D_2518987,9.697504043579102,9.697630882263184,ok
LA_D_2519499,10.1160249710083,10.121052742004395,ok
LA_D_2519581,16.24382972717285,16.250961303710938,ok
LA_D_2519862,-13.847131729125977,-13.853495597839355,ok
LA_D_2522340,17.44784927368164,17.460298538208008,ok
LA_D_2523108,23.230255126953125,23.25701332092285,ok
LA_D_2525000,-14.91329574584961,-14.920048713684082,ok
LA_D_2525110,14.724806785583496,14.752854347229004,ok
LA_D_2525525,11.004889488220215,11.006122589111328,ok
LA_D_2525577,14.406736373901367,14.418700218200684,ok
LA_D_2526971,7.66500997543335,7.668874263763428,ok
LA_D_2527215,18.194955825805664,18.23267936706543,ok
LA_D_2527247,15.582575798034668,15.582743644714355,ok
LA_D_2528296,15.092727661132812,15.097542762756348,ok
LA_D_2529982,17.557519912719727,17.670063018798828,ok
LA_D_2530462,13.215310096740723,13.215486526489258,ok
LA_D_2530547,19.556819915771484,19.6407413482666,ok
LA_D_2531373,-13.057741165161133,-13.100918769836426,ok
LA_D_2531385,15.85587215423584,15.866095542907715,ok
LA_D_2532530,16.54138946533203,16.544904708862305,ok
LA_D_2532665,16.02930450439453,16.054052352905273,ok
LA_D_2533846,10.608287811279297,10.609814643859863,ok
LA_D_2534146,11.53861141204834,11.542959213256836,ok
LA_D_2534849,-13.457405090332031,-13.500475883483887,ok
LA_D_2536110,18.100929260253906,18.123361587524414,ok
LA_D_2536179,11.27556324005127,11.285553932189941,ok
LA_D_2536291,4.499156475067139,4.506009578704834,ok
LA_D_2537525,14.698966026306152,14.714251518249512,ok
LA_D_2539732,12.807595252990723,12.820666313171387,ok
LA_D_2540693,12.108386039733887,12.140338897705078,ok
LA_D_2541236,16.89315414428711,16.894392013549805,ok
LA_D_2541397,12.665757179260254,12.668257713317871,ok
LA_D_2541811,12.417043685913086,12.41979694366455,ok
LA_D_2541982,16.420591354370117,16.44879722595215,ok
LA_D_2542296,11.093168258666992,11.097549438476562,ok
LA_D_2542630,10.835925102233887,10.836638450622559,ok
LA_D_2542779,14.133241653442383,14.134376525878906,ok
LA_D_2542974,14.034289360046387,14.045201301574707,ok
LA_D_2543157,15.246469497680664,15.280985832214355,ok
LA_D_2544213,15.38135051727295,15.392085075378418,ok
LA_D_2544697,14.359091758728027,14.378114700317383,ok
LA_D_2545209,14.080409049987793,14.101414680480957,ok
LA_D_2545730,17.07724952697754,17.09700584411621,ok
LA_D_2545950,14.068068504333496,14.06832218170166,ok
LA_D_2546184,14.343364715576172,14.348159790039062,ok
LA_D_2547623,14.404751777648926,14.438775062561035,ok
LA_D_2549631,11.015305519104004,11.060952186584473,ok
LA_D_2549993,13.007203102111816,13.007105827331543,ok
LA_D_2550165,15.015847206115723,15.028197288513184,ok
LA_D_2550548,14.01791763305664,14.023282051086426,ok
LA_D_2551261,12.77175235748291,12.782315254211426,ok
LA_D_2552841,10.789921760559082,10.807863235473633,ok
LA_D_2553532,9.14503288269043,9.148153305053711,ok
LA_D_2555715,14.819073677062988,14.88398551940918,ok
LA_D_2556606,17.644445419311523,17.64777374267578,ok
LA_D_2557760,13.94830322265625,13.976855278015137,ok
LA_D_2557946,16.120685577392578,16.148427963256836,ok
LA_D_2558084,12.38665771484375,12.394196510314941,ok
LA_D_2558912,15.649785041809082,15.663869857788086,ok
LA_D_2559493,12.6103515625,12.628003120422363,ok
LA_D_2561400,13.168829917907715,13.18533706665039,ok
LA_D_2562850,15.060632705688477,15.132184982299805,ok
LA_D_2563154,12.6202974319458,12.634406089782715,ok
LA_D_2563213,15.468360900878906,15.500210762023926,ok
LA_D_2564083,13.617921829223633,13.637715339660645,ok
LA_D_2565263,12.622222900390625,12.622762680053711,ok
LA_D_2565359,-15.474072456359863,-15.481464385986328,ok
LA_D_2565381,16.791587829589844,16.791799545288086,ok
LA_D_2566690,13.157543182373047,13.161402702331543,ok
LA_D_2566965,17.955812454223633,18.03715705871582,ok
LA_D_2567965,11.575906753540039,11.585515022277832,ok
LA_D_2570184,10.11154556274414,10.111676216125488,ok
LA_D_2570544,10.886898040771484,10.8906888961792,ok
LA_D_2570780,12.017964363098145,12.027606964111328,ok
LA_D_2571309,14.103764533996582,14.112130165100098,ok
LA_D_2572361,16.49853515625,16.49847984313965,ok
LA_D_2573565,14.732144355773926,14.748900413513184,ok
LA_D_2575136,19.424962997436523,19.4549617767334,ok
LA_D_2575495,11.030845642089844,11.031332969665527,ok
LA_D_2576768,13.134840965270996,13.13457202911377,ok
LA_D_2576822,11.831459999084473,11.839837074279785,ok
LA_D_2577424,6.191459655761719,6.192923069000244,ok
LA_D_2578749,-13.212924003601074,-13.224825859069824,ok
LA_D_2579139,14.716273307800293,14.731846809387207,ok
LA_D_2579249,12.235206604003906,12.236258506774902,ok
LA_D_2579907,11.685369491577148,11.700837135314941,ok
LA_D_2581071,11.133524894714355,11.13791561126709,ok
LA_D_2581733,17.064382553100586,17.082643508911133,ok
LA_D_2583710,14.210037231445312,14.22866439819336,ok
LA_D_2583973,16.271615982055664,16.288312911987305,ok
LA_D_2586141,9.674033164978027,9.674057006835938,ok
LA_D_2587030,10.891437530517578,10.907929420471191,ok
LA_D_2589783,15.01948070526123,15.039935111999512,ok
LA_D_2590726,-15.261408805847168,-15.272031784057617,ok
LA_D_2590744,10.861368179321289,10.866671562194824,ok
LA_D_2590761,16.3408145904541,16.348642349243164,ok
LA_D_2592823,16.712909698486328,16.731033325195312,ok
LA_D_2595427,13.327360153198242,13.341126441955566,ok
LA_D_2595652,11.567291259765625,11.567571640014648,ok
LA_D_2596003,15.68862247467041,15.688974380493164,ok
LA_D_2596513,11.806513786315918,11.80855655670166,ok
LA_D_2597129,11.516000747680664,11.517678260803223,ok
LA_D_2597444,14.328387260437012,14.334054946899414,ok
LA_D_2597748,-14.94247817993164,-14.968398094177246,ok
LA_D_2598079,13.162896156311035,13.164860725402832,ok
LA_D_2598117,12.577508926391602,12.583085060119629,ok
LA_D_2598422,14.25826358795166,14.283005714416504,ok
LA_D_2598470,4.123398780822754,4.123748779296875,ok
LA_D_2598664,20.346845626831055,20.4188175201416,ok
LA_D_2600674,11.003495216369629,11.003703117370605,ok
LA_D_2601154,17.117761611938477,17.124774932861328,ok
LA_D_2602113,12.94736099243164,12.949362754821777,ok
LA_D_2602453,16.8038387298584,16.807878494262695,ok
LA_D_2602670,16.33687400817871,16.344127655029297,ok
LA_D_2602925,13.238714218139648,13.245403289794922,ok
LA_D_2603106,11.80283260345459,11.806622505187988,ok
LA_D_2604446,14.729391098022461,14.7496976852417,ok
LA_D_2606095,9.818166732788086,9.818696022033691,ok
LA_D_2607016,16.419918060302734,16.430286407470703,ok
LA_D_2607277,14.845826148986816,14.87097454071045,ok
LA_D_2608601,15.862098693847656,15.893265724182129,ok
LA_D_2609052,11.420987129211426,11.427994728088379,ok
LA_D_2609323,-13.066473960876465,-13.082037925720215,ok
LA_D_2609462,16.108858108520508,16.11142921447754,ok
LA_D_2610325,12.710397720336914,12.716062545776367,ok
LA_D_2612254,-15.515119552612305,-15.5255765914917,ok
LA_D_2613067,20.306751251220703,20.35699462890625,ok
LA_D_2613646,12.323346138000488,12.329485893249512,ok
LA_D_2615945,11.037055969238281,11.045432090759277,ok
LA_D_2616799,12.085856437683105,12.096077919006348,ok
LA_D_2617066,13.336026191711426,13.34003734588623,ok
LA_D_2617516,14.532110214233398,14.53809642791748,ok
LA_D_2618723,13.057581901550293,13.060298919677734,ok
LA_D_2618748,14.065256118774414,14.067294120788574,ok
LA_D_2619504,11.687808990478516,11.69865894317627,ok
LA_D_2621156,13.81897258758545,13.823676109313965,ok
LA_D_2621260,10.753243446350098,10.752466201782227,ok
LA_D_2622778,10.185582160949707,10.18552303314209,ok
LA_D_2623262,21.10014533996582,21.120040893554688,ok
LA_D_2625096,11.027741432189941,11.033574104309082,ok
LA_D_2625129,19.172304153442383,19.3530330657959,ok
LA_D_2625605,14.523680686950684,14.527705192565918,ok
LA_D_2626102,15.797435760498047,15.851518630981445,ok
LA_D_2626312,14.27946662902832,14.290003776550293,ok
LA_D_2626325,15.058874130249023,15.062549591064453,ok
LA_D_2627199,17.5118350982666,17.542768478393555,ok
LA_D_2627350,15.159804344177246,15.213152885437012,ok
LA_D_2628079,11.649953842163086,11.657919883728027,ok
LA_D_2628131,14.526355743408203,14.530465126037598,ok
LA_D_2628460,14.606156349182129,14.607872009277344,ok
LA_D_2628592,15.802430152893066,15.816699028015137,ok
LA_D_2628819,16.670595169067383,16.679533004760742,ok
LA_D_2630786,15.352188110351562,15.360995292663574,ok
LA_D_2632286,16.97754669189453,16.9847469329834,ok
LA_D_2632718,11.71978759765625,11.759551048278809,ok
LA_D_2633677,18.371976852416992,18.397310256958008,ok
LA_D_2634056,11.195056915283203,11.195097923278809,ok
LA_D_2634266,7.5550642013549805,7.556125164031982,ok
LA_D_2636579,20.801822662353516,20.82663917541504,ok
LA_D_2637205,10.502132415771484,10.50196361541748,ok
LA_D_2638013,15.959782600402832,15.985201835632324,ok
LA_D_2638042,14.223386764526367,14.223610877990723,ok
LA_D_2639105,17.577392578125,17.58251190185547,ok
LA_D_2642581,8.59809684753418,8.599193572998047,ok
LA_D_2643003,14.82223892211914,14.846209526062012,ok
LA_D_2643276,15.237338066101074,15.299392700195312,ok
LA_D_2643397,19.13296890258789,19.160959243774414,ok
LA_D_2644387,-5.110208988189697,-5.111763000488281,ok
LA_D_2644554,13.362143516540527,13.391026496887207,ok
LA_D_2645663,14.841160774230957,14.864112854003906,ok
LA_D_2646681,23.139516830444336,23.1717586517334,ok
LA_D_2647059,10.17723274230957,10.178502082824707,ok
LA_D_2648396,12.390390396118164,12.390934944152832,ok
LA_D_2648941,16.77246856689453,16.77638053894043,ok
LA_D_2649278,18.638774871826172,18.663738250732422,ok
LA_D_2649880,14.98804759979248,14.999188423156738,ok
LA_D_2651341,9.257918357849121,9.25834846496582,ok
LA_D_2651795,8.908907890319824,8.90979290008545,ok
LA_D_2652985,9.058897972106934,9.060422897338867,ok
LA_D_2653429,9.480514526367188,9.530010223388672,ok
LA_D_2653610,13.397661209106445,13.400580406188965,ok
LA_D_2654160,13.623700141906738,13.625361442565918,ok
LA_D_2655283,12.809245109558105,12.808796882629395,ok
LA_D_2655610,-12.756500244140625,-12.761282920837402,ok
LA_D_2655621,15.815237998962402,15.870892524719238,ok
LA_D_2656565,14.985621452331543,14.987835884094238,ok
LA_D_2657707,14.026589393615723,14.029484748840332,ok
LA_D_2658622,-12.515600204467773,-12.533474922180176,ok
LA_D_2658832,11.745282173156738,11.758091926574707,ok
LA_D_2658907,7.193079948425293,7.193856716156006,ok
LA_D_2659066,-13.042808532714844,-13.044400215148926,ok
LA_D_2660381,17.668474197387695,17.697900772094727,ok
LA_D_2660438,9.406424522399902,9.40832805633545,ok
LA_D_2660514,14.140751838684082,14.146409034729004,ok
LA_D_2661411,16.877891540527344,16.899402618408203,ok
LA_D_2661690,15.795166969299316,15.825159072875977,ok
LA_D_2661958,14.252925872802734,14.253262519836426,ok
LA_D_2663437,15.459633827209473,15.46983528137207,ok
LA_D_2665880,9.417011260986328,9.42806339263916,ok
LA_D_2666258,15.686083793640137,15.735282897949219,ok
LA_D_2667561,16.386463165283203,16.41386604309082,ok
LA_D_2667967,15.480094909667969,15.480155944824219,ok
LA_D_2668830,11.021028518676758,11.02507495880127,ok
LA_D_2669080,18.867578506469727,18.872575759887695,ok
LA_D_2669376,15.820929527282715,15.840853691101074,ok
LA_D_2669790,12.574511528015137,12.579330444335938,ok
LA_D_2670809,14.820615768432617,14.835772514343262,ok
LA_D_2671594,8.656489372253418,8.657605171203613,ok
LA_D_2674105,14.900724411010742,14.905694007873535,ok
LA_D_2676220,9.8710355758667,9.870537757873535,ok
LA_D_2677497,12.693344116210938,12.69414234161377,ok
LA_D_2677654,9.703526496887207,9.703518867492676,ok
LA_D_2680311,11.030255317687988,11.032878875732422,ok
LA_D_2682641,15.303584098815918,15.320805549621582,ok
LA_D_2683285,18.002660751342773,18.018476486206055,ok
LA_D_2684010,14.516851425170898,14.522980690002441,ok
LA_D_2684959,15.14569091796875,15.16641616821289,ok
LA_D_2685703,19.22115135192871,19.238792419433594,ok
LA_D_2686014,14.742033004760742,14.760641098022461,ok
LA_D_2686278,10.700439453125,10.704217910766602,ok
LA_D_2688414,-9.863680839538574,-9.871495246887207,ok
LA_D_2688863,14.387770652770996,14.394718170166016,ok
LA_D_2689404,13.935140609741211,13.945935249328613,ok
LA_D_2690336,13.67113208770752,13.675921440124512,ok
LA_D_2690518,11.679217338562012,11.680548667907715,ok
LA_D_2690780,-12.853211402893066,-12.854958534240723,ok
LA_D_2691745,16.00371742248535,16.021116256713867,ok
LA_D_2691829,10.150506973266602,10.160924911499023,ok
LA_D_2691873,15.0164155960083,15.028035163879395,ok
LA_D_2691898,15.120301246643066,15.121271133422852,ok
LA_D_2692136,19.781875610351562,19.82917594909668,ok
LA_D_2692895,10.120909690856934,10.122525215148926,ok
LA_D_2693758,10.38422679901123,10.383957862854004,ok
LA_D_2693786,13.024897575378418,13.025873184204102,ok
LA_D_2695373,17.159191131591797,17.169992446899414,ok
LA_D_2696306,12.630762100219727,12.638834953308105,ok
LA_D_2696379,9.223073959350586,9.224358558654785,ok
LA_D_2696634,12.994590759277344,13.004694938659668,ok
LA_D_2697100,12.6890869140625,12.709214210510254,ok
LA_D_2698574,14.188525199890137,14.191914558410645,ok
LA_D_2699739,10.205412864685059,10.206015586853027,ok
LA_D_2700899,13.803298950195312,13.816802024841309,ok
LA_D_2700963,14.706032752990723,14.7114839553833,ok
LA_D_2701856,12.868833541870117,12.891655921936035,ok
LA_D_2705731,11.363653182983398,11.363341331481934,ok
LA_D_2706710,16.200117111206055,16.20462989807129,ok
LA_D_2707454,12.302068710327148,12.302289009094238,ok
LA_D_2707564,14.994924545288086,15.003067970275879,ok
LA_D_2708011,16.6838436126709,16.71576499938965,ok
LA_D_2708980,14.93953800201416,14.942344665527344,ok
LA_D_2709061,14.427505493164062,14.43349838256836,ok
LA_D_2709080,13.914233207702637,13.916592597961426,ok
LA_D_2709100,16.096834182739258,16.103334426879883,ok
LA_D_2709105,11.286401748657227,11.286553382873535,ok
LA_D_2709995,14.205474853515625,14.216696739196777,ok
LA_D_2710906,9.886635780334473,9.89412784576416,ok
LA_D_2712069,18.879411697387695,18.95905303955078,ok
LA_D_2712599,-15.750147819519043,-15.763203620910645,ok
LA_D_2715241,8.083453178405762,8.091156959533691,ok
LA_D_2715552,17.48322868347168,17.483503341674805,ok
LA_D_2715685,16.195232391357422,16.215513229370117,ok
LA_D_2717878,9.185969352722168,9.191041946411133,ok
LA_D_2717961,5.466426849365234,5.466442584991455,ok
LA_D_2718507,16.978498458862305,16.98160743713379,ok
LA_D_2718909,-15.653180122375488,-15.66292667388916,ok
LA_D_2719811,12.875980377197266,12.875753402709961,ok
LA_D_2720139,13.78667163848877,13.798243522644043,ok
LA_D_2720424,8.374364852905273,8.374469757080078,ok
LA_D_2720435,14.864364624023438,14.868083953857422,ok
LA_D_2720510,12.36848258972168,12.381300926208496,ok
LA_D_2720782,12.586886405944824,12.59225082397461,ok
LA_D_2721191,14.416594505310059,14.421387672424316,ok
LA_D_2722401,12.879251480102539,12.88428783416748,ok
LA_D_2723107,9.939347267150879,9.95273208618164,ok
LA_D_2723301,14.592490196228027,14.608447074890137,ok
LA_D_2724699,17.378007888793945,17.37993621826172,ok
LA_D_2724805,11.431559562683105,11.438397407531738,ok
LA_D_2726610,16.77971839904785,16.7908878326416,ok
LA_D_2726931,13.923370361328125,13.929612159729004,ok
LA_D_2727763,9.884087562561035,9.90459156036377,ok
LA_D_2727780,13.3684663772583,13.374290466308594,ok
LA_D_2728150,13.226554870605469,13.229302406311035,ok
LA_D_2728628,11.146991729736328,11.156624794006348,ok
LA_D_2730974,19.130441665649414,19.149127960205078,ok
LA_D_2731036,14.4639253616333,14.466629981994629,ok
LA_D_2731741,-14.403046607971191,-14.428833961486816,ok
LA_D_2732640,15.178207397460938,15.19675350189209,ok
LA_D_2733428,-15.496858596801758,-15.499242782592773,ok
LA_D_2733623,13.007737159729004,13.03033447265625,ok
LA_D_2734048,11.19051742553711,11.194552421569824,ok
LA_D_2734913,14.75999641418457,14.797353744506836,ok
LA_D_2735004,18.014266967773438,18.014474868774414,ok
LA_D_2736443,18.66478157043457,18.66741371154785,ok
LA_D_2736449,11.161727905273438,11.165852546691895,ok
LA_D_2736752,12.65035629272461,12.66430377960205,ok
LA_D_2736869,12.430644035339355,12.439789772033691,ok
LA_D_2737875,14.918718338012695,14.919967651367188,ok
LA_D_2738222,13.16270637512207,13.200204849243164,ok
LA_D_2739423,15.545145988464355,15.546395301818848,ok
LA_D_2743059,9.737985610961914,9.740211486816406,ok
LA_D_2745051,16.8794002532959,16.890623092651367,ok
LA_D_2746243,10.806940078735352,10.813532829284668,ok
LA_D_2746267,16.35069465637207,16.356800079345703,ok
LA_D_2747265,16.2183895111084,16.22599983215332,ok
LA_D_2748583,-15.395855903625488,-15.406832695007324,ok
LA_D_2749481,17.354488372802734,17.362051010131836,ok
LA_D_2752788,13.510611534118652,13.525054931640625,ok
LA_D_2753356,8.184477806091309,8.183907508850098,ok
LA_D_2753362,8.4445219039917,8.441229820251465,ok
LA_D_2753816,-11.646025657653809,-11.647521018981934,ok
LA_D_2756525,10.635445594787598,10.636431694030762,ok
LA_D_2756724,-15.165848731994629,-15.170665740966797,ok
LA_D_2757814,15.073212623596191,15.075373649597168,ok
LA_D_2757833,14.80572509765625,14.826377868652344,ok
LA_D_2759411,6.099137306213379,6.098960876464844,ok
LA_D_2759783,12.4957914352417,12.5042085647583,ok
LA_D_2761640,14.496630668640137,14.499855041503906,ok
LA_D_2761727,12.205780982971191,12.205789566040039,ok
LA_D_2761966,15.253355979919434,15.284886360168457,ok
LA_D_2762669,10.334321022033691,10.336888313293457,ok
LA_D_2762693,19.286521911621094,19.33066749572754,ok
LA_D_2763276,11.97857666015625,12.00228500366211,ok
LA_D_2766494,8.665058135986328,8.680784225463867,ok
LA_D_2768110,11.387816429138184,11.388198852539062,ok
LA_D_2769397,10.768474578857422,10.781014442443848,ok
LA_D_2769521,14.03563404083252,14.0574312210083,ok
LA_D_2771030,8.742902755737305,8.750222206115723,ok
LA_D_2771079,13.6528959274292,13.654253005981445,ok
LA_D_2772436,13.489013671875,13.490129470825195,ok
LA_D_2772837,8.374263763427734,8.369138717651367,ok
LA_D_2773764,-14.725278854370117,-14.737865447998047,ok
LA_D_2774468,-13.5228853225708,-13.536859512329102,ok
LA_D_2775026,14.721184730529785,14.721142768859863,ok
LA_D_2776056,14.01131820678711,14.023564338684082,ok
LA_D_2776677,12.738892555236816,12.741622924804688,ok
LA_D_2777169,13.036105155944824,13.046404838562012,ok
LA_D_2777831,14.262259483337402,14.286032676696777,ok
LA_D_2780378,6.9017839431762695,6.905188083648682,ok
LA_D_2783081,12.838091850280762,12.839335441589355,ok
LA_D_2783850,10.332473754882812,10.338764190673828,ok
LA_D_2784153,25.205846786499023,25.284347534179688,ok
LA_D_2786535,16.023420333862305,16.03284454345703,ok
LA_D_2786957,14.2051362991333,14.216683387756348,ok
LA_D_2787302,12.481081008911133,12.492587089538574,ok
LA_D_2789277,10.377305030822754,10.396422386169434,ok
LA_D_2791447,17.380859375,17.428274154663086,ok
LA_D_2791553,11.55739974975586,11.559479713439941,ok
LA_D_2792366,10.029131889343262,10.029960632324219,ok
LA_D_2793042,15.001550674438477,15.026121139526367,ok
LA_D_2793288,11.646173477172852,11.646486282348633,ok
LA_D_2794299,13.95930004119873,13.960265159606934,ok
LA_D_2795326,18.419694900512695,18.42075538635254,ok
LA_D_2796486,13.110930442810059,13.115530967712402,ok
LA_D_2796669,17.518112182617188,17.561208724975586,ok
LA_D_2797619,11.93194580078125,11.943840980529785,ok
LA_D_2797757,12.490355491638184,12.502886772155762,ok
LA_D_2798444,11.026596069335938,11.02672290802002,ok
LA_D_2798789,11.781384468078613,11.784757614135742,ok
LA_D_2799892,11.794315338134766,11.797407150268555,ok
LA_D_2800113,-13.70931339263916,-13.73514461517334,ok
LA_D_2800343,15.022607803344727,15.030203819274902,ok
LA_D_2800479,12.426346778869629,12.469944953918457,ok
LA_D_2805826,13.712636947631836,13.730669975280762,ok
LA_D_2806150,17.212261199951172,17.215572357177734,ok
LA_D_2807278,18.966938018798828,18.980146408081055,ok
LA_D_2807440,12.618996620178223,12.622929573059082,ok
LA_D_2808442,11.248391151428223,11.279335021972656,ok
LA_D_2808846,15.419198036193848,15.4284086227417,ok
LA_D_2809588,14.718822479248047,14.718460083007812,ok
LA_D_2810734,19.464717864990234,19.475515365600586,ok
LA_D_2811040,15.292248725891113,15.313319206237793,ok
LA_D_2811662,-16.916446685791016,-16.9256649017334,ok
LA_D_2812544,-15.222126007080078,-15.228198051452637,ok
LA_D_2812689,16.52872085571289,16.538118362426758,ok
LA_D_2813154,-7.6540937423706055,-7.6547369956970215,ok
LA_D_2814875,12.694483757019043,12.694544792175293,ok
LA_D_2815191,12.714303970336914,12.718202590942383,ok
LA_D_2815461,15.613738059997559,15.613741874694824,ok
LA_D_2816042,15.673948287963867,15.702247619628906,ok
LA_D_2816289,11.827444076538086,11.831064224243164,ok
LA_D_2816308,9.986970901489258,9.98713207244873,ok
LA_D_2816765,-14.190827369689941,-14.199100494384766,ok
LA_D_2817557,-16.130739212036133,-16.131269454956055,ok
LA_D_2819105,13.441789627075195,13.442696571350098,ok
LA_D_2820525,14.294419288635254,14.33707046508789,ok
LA_D_2821637,12.662564277648926,12.671920776367188,ok
LA_D_2822470,11.348047256469727,11.34923267364502,ok
LA_D_2824576,15.659244537353516,15.670364379882812,ok
LA_D_2824820,-14.357147216796875,-14.396815299987793,ok
LA_D_2824952,15.64113712310791,15.656583786010742,ok
LA_D_2825662,11.77843189239502,11.779576301574707,ok
LA_D_2826776,18.49648666381836,18.50311279296875,ok
LA_D_2827159,13.962715148925781,13.965954780578613,ok
LA_D_2831303,13.372779846191406,13.373120307922363,ok
LA_D_2831646,13.607930183410645,13.690451622009277,ok
LA_D_2831844,7.3565521240234375,7.358178615570068,ok
LA_D_2832141,-14.430809020996094,-14.432275772094727,ok
LA_D_2832394,18.347278594970703,18.367034912109375,ok
LA_D_2833236,7.182422637939453,7.179534435272217,ok
LA_D_2833762,12.54508113861084,12.547497749328613,ok
LA_D_2835194,13.160128593444824,13.159994125366211,ok
LA_D_2835573,19.78909683227539,19.845373153686523,ok
LA_D_2835735,8.851720809936523,8.8516263961792,ok
LA_D_2837203,21.350791931152344,21.360960006713867,ok
LA_D_2837325,11.716145515441895,11.723329544067383,ok
LA_D_2839838,15.234857559204102,15.235519409179688,ok
LA_D_2839913,-14.953410148620605,-14.954365730285645,ok
LA_D_2842063,-13.598869323730469,-13.59924602508545,ok
LA_D_2844602,9.201509475708008,9.206711769104004,ok
LA_D_2844735,-13.238556861877441,-13.242779731750488,ok
LA_D_2847323,11.85092830657959,11.85234546661377,ok
LA_D_2849155,8.281427383422852,8.277298927307129,ok
LA_D_2849994,11.748469352722168,11.756878852844238,ok
LA_D_2850234,17.0146484375,17.021100997924805,ok
LA_D_2850456,7.358673572540283,7.359323978424072,ok
LA_D_2851293,13.683832168579102,13.6854829788208,ok
LA_D_2852000,-16.580713272094727,-16.587594985961914,ok
LA_D_2852714,14.976113319396973,15.042064666748047,ok
LA_D_2853583,14.100711822509766,14.106175422668457,ok
LA_D_2853662,20.191816329956055,20.207792282104492,ok
LA_D_2854193,17.114646911621094,17.114770889282227,ok
LA_D_2854358,14.587106704711914,14.593064308166504,ok
LA_D_2854806,16.850502014160156,16.86281967163086,ok
LA_D_2855249,15.10251235961914,15.136479377746582,ok
LA_D_2856557,13.43850326538086,13.455399513244629,ok
LA_D_2859163,12.2531156539917,12.26414680480957,ok
LA_D_2859709,20.00620460510254,20.01908302307129,ok
LA_D_2860247,14.714628219604492,14.715975761413574,ok
LA_D_2860670,12.856219291687012,12.870973587036133,ok
LA_D_2861324,13.813861846923828,13.836220741271973,ok
LA_D_2861753,9.200282096862793,9.205218315124512,ok
LA_D_2862464,14.214874267578125,14.222033500671387,ok
LA_D_2862862,11.057641983032227,11.081177711486816,ok
LA_D_2863133,-12.311872482299805,-12.315279960632324,ok
LA_D_2863900,12.872129440307617,12.876133918762207,ok
LA_D_2864137,12.670395851135254,12.678887367248535,ok
LA_D_2864689,6.568976879119873,6.56988525390625,ok
LA_D_2866362,18.107471466064453,18.123445510864258,ok
LA_D_2866947,-11.492488861083984,-11.500632286071777,ok
LA_D_2866949,15.003416061401367,15.014573097229004,ok
LA_D_2867530,14.933412551879883,14.938421249389648,ok
LA_D_2868405,17.673629760742188,17.6905574798584,ok
LA_D_2868410,18.026803970336914,18.075265884399414,ok
LA_D_2868921,2.9470717906951904,2.9572911262512207,ok
LA_D_2869692,17.19306182861328,17.262203216552734,ok
LA_D_2869838,13.129167556762695,13.129023551940918,ok
LA_D_2870458,14.968422889709473,14.97286319732666,ok
LA_D_2870777,7.810266494750977,7.8134965896606445,ok
LA_D_2871536,8.16623306274414,8.16688346862793,ok
LA_D_2872359,13.951727867126465,13.952165603637695,ok
LA_D_2872772,9.849072456359863,9.861237525939941,ok
LA_D_2873975,18.02672004699707,18.030080795288086,ok
LA_D_2874104,15.35797119140625,15.381190299987793,ok
LA_D_2874107,13.699222564697266,13.70284366607666,ok
LA_D_2874951,19.2006778717041,19.255062103271484,ok
LA_D_2875270,20.904844284057617,20.908126831054688,ok
LA_D_2876241,13.486536026000977,13.485915184020996,ok
LA_D_2876938,14.926560401916504,14.955714225769043,ok
LA_D_2877032,13.899406433105469,13.900989532470703,ok
LA_D_2877891,15.85466480255127,15.88761043548584,ok
LA_D_2878270,22.91193962097168,22.919687271118164,ok
LA_D_2878681,11.93531322479248,11.945454597473145,ok
LA_D_2878966,13.055566787719727,13.05734920501709,ok
LA_D_2879784,13.582785606384277,13.601584434509277,ok
LA_D_2879814,11.484538078308105,11.484335899353027,ok
LA_D_2880430,15.450726509094238,15.464805603027344,ok
LA_D_2880781,10.830400466918945,10.831589698791504,ok
LA_D_2881171,19.62323760986328,19.621736526489258,ok
LA_D_2881179,16.686927795410156,16.68906021118164,ok
LA_D_2882773,21.638484954833984,21.6390380859375,ok
LA_D_2883720,14.497038841247559,14.497004508972168,ok
LA_D_2884464,15.591395378112793,15.635245323181152,ok
LA_D_2884522,-10.992390632629395,-10.993755340576172,ok
LA_D_2884632,12.542285919189453,12.54780101776123,ok
LA_D_2885274,15.587352752685547,15.595269203186035,ok
LA_D_2885606,15.07097339630127,15.078812599182129,ok
LA_D_2886143,10.239249229431152,10.255061149597168,ok
LA_D_2887586,14.17850112915039,14.183987617492676,ok
LA_D_2887628,13.361351013183594,13.364729881286621,ok
LA_D_2888191,14.285242080688477,14.29207706451416,ok
LA_D_2888387,17.614614486694336,17.628103256225586,ok
LA_D_2888561,12.453885078430176,12.46036434173584,ok
LA_D_2888596,11.558021545410156,11.571267127990723,ok
LA_D_2888827,11.93546199798584,11.935975074768066,ok
LA_D_2888854,11.412870407104492,11.416583061218262,ok
LA_D_2889500,17.412221908569336,17.42081069946289,ok
LA_D_2889881,22.71491813659668,22.71503257751465,ok
LA_D_2890608,11.940845489501953,11.961180686950684,ok
LA_D_2892419,18.778614044189453,18.7852725982666,ok
LA_D_2893126,16.883485794067383,16.903566360473633,ok
LA_D_2895802,-14.7647705078125,-14.793726921081543,ok
LA_D_2895937,11.797905921936035,11.79843807220459,ok
LA_D_2895942,13.154056549072266,13.16191577911377,ok
LA_D_2896082,-9.91810131072998,-9.931890487670898,ok
LA_D_2896219,14.693218231201172,14.70325756072998,ok
LA_D_2896345,-11.258245468139648,-11.261992454528809,ok
LA_D_2897075,15.503329277038574,15.503289222717285,ok
LA_D_2899054,9.865863800048828,9.876311302185059,ok
LA_D_2901718,13.69715690612793,13.704255104064941,ok
LA_D_2902556,11.4530668258667,11.457061767578125,ok
LA_D_2903458,12.34573745727539,12.362920761108398,ok
LA_D_2905137,14.968941688537598,14.981884956359863,ok
LA_D_2905424,-11.573320388793945,-11.57435417175293,ok
LA_D_2906326,10.626179695129395,10.652095794677734,ok
LA_D_2906873,-9.310030937194824,-9.310925483703613,ok
LA_D_2907481,16.417423248291016,16.445941925048828,ok
LA_D_2907952,15.396580696105957,15.423002243041992,ok
LA_D_2908532,15.80288314819336,15.806373596191406,ok
LA_D_2909263,13.687500953674316,13.689030647277832,ok
LA_D_2909551,11.171248435974121,11.17694091796875,ok
LA_D_2910262,10.468233108520508,10.478516578674316,ok
LA_D_2912682,13.989883422851562,14.005095481872559,ok
LA_D_2914985,15.223828315734863,15.231650352478027,ok
LA_D_2915405,9.671539306640625,9.672574996948242,ok
LA_D_2915994,10.290555953979492,10.290663719177246,ok
LA_D_2916024,-12.699151992797852,-12.699612617492676,ok
LA_D_2916691,14.355466842651367,14.38289737701416,ok
LA_D_2917041,14.433043479919434,14.45748233795166,ok
LA_D_2918223,22.63167381286621,22.664369583129883,ok
LA_D_2919741,7.435415267944336,7.451085090637207,ok
LA_D_2920207,20.94441032409668,20.969518661499023,ok
LA_D_2920298,13.080816268920898,13.099796295166016,ok
LA_D_2920588,2.969252347946167,2.96814227104187,ok
LA_D_2921930,15.650866508483887,15.674299240112305,ok
LA_D_2921952,15.270800590515137,15.271529197692871,ok
LA_D_2922852,13.515411376953125,13.518048286437988,ok
LA_D_2923426,-13.056784629821777,-13.05738353729248,ok
LA_D_2923476,14.2353515625,14.23628044128418,ok
LA_D_2923622,14.088713645935059,14.09243106842041,ok
LA_D_2924504,-10.81832218170166,-10.825799942016602,ok
LA_D_2925315,16.429553985595703,16.49627113342285,ok
LA_D_2925498,18.20384979248047,18.230998992919922,ok
LA_D_2925553,14.800399780273438,14.8046236038208,ok
LA_D_2928032,18.984153747558594,18.985153198242188,ok
LA_D_2928444,19.598188400268555,19.703447341918945,ok
LA_D_2929910,17.155149459838867,17.166223526000977,ok
LA_D_2931790,14.976297378540039,14.983290672302246,ok
LA_D_2933176,14.018807411193848,14.03538990020752,ok
LA_D_2933330,18.472524642944336,18.47865104675293,ok
LA_D_2933367,16.374271392822266,16.376882553100586,ok
LA_D_2933402,14.756799697875977,14.7697172164917,ok
LA_D_2934273,15.313486099243164,15.318410873413086,ok
LA_D_2934981,-14.460968017578125,-14.46188735961914,ok
LA_D_2938296,13.222545623779297,13.224627494812012,ok
LA_D_2938883,10.209712028503418,10.211398124694824,ok
LA_D_2939024,16.188058853149414,16.1914005279541,ok
LA_D_2939086,22.0822696685791,22.097505569458008,ok
LA_D_2939133,16.852985382080078,16.87917137145996,ok
LA_D_2940135,15.925928115844727,15.95707893371582,ok
LA_D_2940539,15.75304889678955,15.801141738891602,ok
LA_D_2940992,6.831963539123535,6.834590911865234,ok
LA_D_2941369,15.104668617248535,15.1117525100708,ok
LA_D_2942585,20.02671241760254,20.058889389038086,ok
LA_D_2943031,7.432555675506592,7.43428897857666,ok
LA_D_2943221,13.328524589538574,13.329689979553223,ok
LA_D_2943260,-13.394696235656738,-13.40976619720459,ok
LA_D_2943983,20.669635772705078,20.68491554260254,ok
LA_D_2945771,12.577653884887695,12.58635139465332,ok
LA_D_2946273,13.885478019714355,13.889242172241211,ok
LA_D_2946840,12.919049263000488,12.926591873168945,ok
LA_D_2946958,-10.559510231018066,-10.561053276062012,ok
LA_D_2948723,13.503328323364258,13.515158653259277,ok
LA_D_2949120,12.890610694885254,12.894370079040527,ok
LA_D_2949516,13.516534805297852,13.530374526977539,ok
LA_D_2950326,16.93990707397461,16.941162109375,ok
LA_D_2950518,17.744382858276367,17.764047622680664,ok
LA_D_2950820,9.293392181396484,9.29419994354248,ok
LA_D_2951507,10.4625825881958,10.4668607711792,ok
LA_D_2956552,13.907662391662598,13.927692413330078,ok
LA_D_2956834,13.721879959106445,13.733208656311035,ok
LA_D_2957996,14.70822525024414,14.727883338928223,ok
LA_D_2958095,13.624815940856934,13.632391929626465,ok
LA_D_2958099,15.726211547851562,15.72930908203125,ok
LA_D_2959609,20.720155715942383,20.749731063842773,ok
LA_D_2960332,14.975571632385254,14.976092338562012,ok
LA_D_2962271,14.15001392364502,14.161759376525879,ok
LA_D_2962430,14.93822956085205,14.95377254486084,ok
LA_D_2963867,10.787064552307129,10.806013107299805,ok
LA_D_2964456,16.43781280517578,16.443449020385742,ok
LA_D_2964886,13.509235382080078,13.523951530456543,ok
LA_D_2964992,12.768580436706543,12.776686668395996,ok
LA_D_2966111,11.554279327392578,11.554075241088867,ok
LA_D_2966463,15.984430313110352,15.992465019226074,ok
LA_D_2968040,18.526329040527344,18.5413818359375,ok
LA_D_2968176,19.04329490661621,19.048185348510742,ok
LA_D_2969521,12.281039237976074,12.286051750183105,ok
LA_D_2970295,12.251888275146484,12.252035140991211,ok
LA_D_2970964,15.294398307800293,15.299723625183105,ok
LA_D_2971299,17.186321258544922,17.194936752319336,ok
LA_D_2971908,13.61588191986084,13.634439468383789,ok
LA_D_2973882,11.611964225769043,11.6151704788208,ok
LA_D_2974704,13.879277229309082,13.878693580627441,ok
LA_D_2975584,14.497281074523926,14.503198623657227,ok
LA_D_2976553,-0.47101619839668274,-0.47125735878944397,ok
LA_D_2977005,-12.376629829406738,-12.441607475280762,ok
LA_D_2977245,9.177958488464355,9.184144020080566,ok
LA_D_2977454,16.58536148071289,16.591798782348633,ok
LA_D_2977725,18.227582931518555,18.228240966796875,ok
LA_D_2977892,-11.092754364013672,-11.094046592712402,ok
LA_D_2977895,19.156021118164062,19.166858673095703,ok
LA_D_2979011,-10.042594909667969,-10.042732238769531,ok
LA_D_2979369,11.865792274475098,11.86857795715332,ok
LA_D_2981298,18.36163902282715,18.365331649780273,ok
LA_D_2981561,9.124027252197266,9.12537956237793,ok
LA_D_2981790,18.690969467163086,18.715242385864258,ok
LA_D_2982066,19.50288963317871,19.683656692504883,ok
LA_D_2983374,13.48005199432373,13.494410514831543,ok
LA_D_2983401,15.30270767211914,15.319584846496582,ok
LA_D_2984362,15.148053169250488,15.165118217468262,ok
LA_D_2984512,20.873851776123047,20.89393424987793,ok
LA_D_2985114,12.438055038452148,12.462817192077637,ok
LA_D_2985329,13.652595520019531,13.666003227233887,ok
LA_D_2986383,15.230795860290527,15.236015319824219,ok
LA_D_2986907,11.93376350402832,11.965106010437012,ok
LA_D_2986975,14.531235694885254,14.532594680786133,ok
LA_D_2987481,15.37210464477539,15.374423027038574,ok
LA_D_2987509,15.35302734375,15.367074012756348,ok
LA_D_2989479,-15.297300338745117,-15.306221961975098,ok
LA_D_2990184,10.597487449645996,10.597896575927734,ok
LA_D_2990459,13.648837089538574,13.683667182922363,ok
LA_D_2991252,11.670304298400879,11.677655220031738,ok
LA_D_2991667,-12.85476303100586,-12.884961128234863,ok
LA_D_2993148,16.04273223876953,16.04682159423828,ok
LA_D_2993864,17.31612205505371,17.31633758544922,ok
LA_D_2996584,-13.700249671936035,-13.717942237854004,ok
LA_D_2997155,15.29389762878418,15.31432819366455,ok
LA_D_2997217,13.344959259033203,13.34751033782959,ok
LA_D_2998083,10.25599479675293,10.258585929870605,ok
LA_D_2999032,13.96051025390625,13.96142578125,ok
LA_D_2999196,9.761053085327148,9.764395713806152,ok
LA_D_2999262,8.275158882141113,8.279179573059082,ok
LA_D_2999694,13.4273681640625,13.431408882141113,ok
LA_D_2999774,12.534669876098633,12.5409517288208,ok
LA_D_3003454,11.64708137512207,11.65050983428955,ok
LA_D_3004195,12.86733627319336,12.867605209350586,ok
LA_D_3004327,11.803108215332031,11.809000015258789,ok
LA_D_3004782,12.154156684875488,12.155770301818848,ok
LA_D_3004811,13.022987365722656,13.026785850524902,ok
LA_D_3004845,9.583970069885254,9.584183692932129,ok
LA_D_3005942,-14.216778755187988,-14.221273422241211,ok
LA_D_3006014,10.073044776916504,10.078795433044434,ok
LA_D_3007029,13.709471702575684,13.70932388305664,ok
LA_D_3007276,15.091455459594727,15.14858627319336,ok
LA_D_3009969,10.463876724243164,10.463790893554688,ok
LA_D_3010559,6.025120258331299,6.0254316329956055,ok
LA_D_3010789,15.956701278686523,15.969466209411621,ok
LA_D_3012833,14.38983154296875,14.412142753601074,ok
LA_D_3013009,7.783255100250244,7.802215576171875,ok
LA_D_3014327,15.21001148223877,15.211915016174316,ok
LA_D_3014451,15.906454086303711,15.92432975769043,ok
LA_D_3015288,19.22641944885254,19.25860023498535,ok
LA_D_3015558,14.38577651977539,14.389433860778809,ok
LA_D_3015714,17.829833984375,17.842287063598633,ok
LA_D_3015735,4.952760696411133,4.977760314941406,ok
LA_D_3017121,11.770207405090332,11.780224800109863,ok
LA_D_3018635,-13.536927223205566,-13.5593900680542,ok
LA_D_3019114,5.9702887535095215,5.96712589263916,ok
LA_D_3019929,13.562907218933105,13.575422286987305,ok
LA_D_3020621,8.499716758728027,8.497551918029785,ok
LA_D_3025684,-14.50854778289795,-14.515908241271973,ok
LA_D_3027137,12.423727035522461,12.428110122680664,ok
LA_D_3027433,9.512115478515625,9.545573234558105,ok
LA_D_3029021,-15.168546676635742,-15.170682907104492,ok
LA_D_3030929,5.633525371551514,5.636380672454834,ok
LA_D_3033254,10.0569486618042,10.056988716125488,ok
LA_D_3034938,14.671516418457031,14.681034088134766,ok
LA_D_3035741,21.2888126373291,21.315309524536133,ok
LA_D_3036760,14.873072624206543,14.873957633972168,ok
LA_D_3038261,14.641289710998535,14.663627624511719,ok
LA_D_3038598,15.766570091247559,15.770400047302246,ok
LA_D_3039018,15.722150802612305,15.73776912689209,ok
LA_D_3039122,13.875105857849121,13.897921562194824,ok
LA_D_3039159,15.637274742126465,15.65529727935791,ok
LA_D_3039424,-13.22099781036377,-13.229666709899902,ok
LA_D_3040572,13.123391151428223,13.130148887634277,ok
LA_D_3040717,14.02444076538086,14.024622917175293,ok
LA_D_3043536,19.171506881713867,19.203643798828125,ok
LA_D_3044379,-13.86025333404541,-13.862835884094238,ok
LA_D_3045712,16.84493064880371,16.861623764038086,ok
LA_D_3046025,13.750704765319824,13.75816822052002,ok
LA_D_3047959,14.67412281036377,14.675515174865723,ok
LA_D_3048061,15.475430488586426,15.50564956665039,ok
LA_D_3048577,23.42066192626953,23.468942642211914,ok
LA_D_3049487,15.025933265686035,15.043730735778809,ok
LA_D_3049880,14.767030715942383,14.76708984375,ok
LA_D_3049992,18.415754318237305,18.43068504333496,ok
LA_D_3050700,14.042129516601562,14.066457748413086,ok
LA_D_3051172,13.591490745544434,13.61463451385498,ok
LA_D_3051445,12.085366249084473,12.09426212310791,ok
LA_D_3051718,-13.437606811523438,-13.441329002380371,ok
LA_D_3051998,14.213981628417969,14.213250160217285,ok
LA_D_3053264,-13.817668914794922,-13.82434368133545,ok
LA_D_3053606,15.202715873718262,15.210442543029785,ok
LA_D_3054411,11.511652946472168,11.518719673156738,ok
LA_D_3054881,11.501049995422363,11.50344181060791,ok
LA_D_3055819,11.903899192810059,11.909388542175293,ok
LA_D_3056214,14.627903938293457,14.628583908081055,ok
LA_D_3057414,18.527183532714844,18.54396629333496,ok
LA_D_3057445,11.448657989501953,11.450532913208008,ok
LA_D_3057475,12.383030891418457,12.389120101928711,ok
LA_D_3057551,12.387984275817871,12.402615547180176,ok
LA_D_3057901,19.439828872680664,19.50102424621582,ok
LA_D_3059648,13.862969398498535,13.874726295471191,ok
LA_D_3060623,15.730935096740723,15.749184608459473,ok
LA_D_3061050,-12.500264167785645,-12.50369930267334,ok
LA_D_3061471,-3.0469870567321777,-3.049010753631592,ok
LA_D_3062025,-13.827394485473633,-13.836028099060059,ok
LA_D_3062235,13.936244010925293,13.944539070129395,ok
LA_D_3063506,12.956412315368652,12.963500022888184,ok
LA_D_3064595,-11.866436958312988,-11.871404647827148,ok
LA_D_3065072,15.290243148803711,15.293326377868652,ok
LA_D_3065174,10.715961456298828,10.72913932800293,ok
LA_D_3065517,13.284993171691895,13.285246849060059,ok
LA_D_3067742,20.5617733001709,20.564292907714844,ok
LA_D_3068570,13.765341758728027,13.788655281066895,ok
LA_D_3068710,13.462760925292969,13.471641540527344,ok
LA_D_3069822,15.46643352508545,15.480792045593262,ok
LA_D_3070334,10.022034645080566,10.029319763183594,ok
LA_D_3072540,16.488872528076172,16.510032653808594,ok
LA_D_3074985,-6.9540629386901855,-6.959075450897217,ok
LA_D_3075008,13.502445220947266,13.504501342773438,ok
LA_D_3075527,13.649518966674805,13.667218208312988,ok
LA_D_3075580,-6.212896823883057,-6.217552185058594,ok
LA_D_3077475,14.327717781066895,14.328091621398926,ok
LA_D_3078454,14.609389305114746,14.615556716918945,ok
LA_D_3078486,17.221614837646484,17.23195457458496,ok
LA_D_3079418,17.217498779296875,17.23967170715332,ok
LA_D_3080108,-14.590642929077148,-14.611105918884277,ok
LA_D_3080340,18.66794204711914,18.68154525756836,ok
LA_D_3081705,11.464642524719238,11.466753959655762,ok
LA_D_3081777,11.767565727233887,11.768867492675781,ok
LA_D_3082988,10.501035690307617,10.549722671508789,ok
LA_D_3083417,17.630754470825195,17.632295608520508,ok
LA_D_3084091,14.561790466308594,14.56651782989502,ok
LA_D_3084288,16.792613983154297,16.84800148010254,ok
LA_D_3084702,-7.707662105560303,-7.767861843109131,ok
LA_D_3085915,14.302925109863281,14.318646430969238,ok
LA_D_3087285,8.611970901489258,8.612041473388672,ok
LA_D_3087310,19.372285842895508,19.3731689453125,ok
LA_D_3087575,12.860688209533691,12.887118339538574,ok
LA_D_3087684,18.909780502319336,18.927297592163086,ok
LA_D_3087814,14.35842514038086,14.394336700439453,ok
LA_D_3088084,10.682677268981934,10.682724952697754,ok
LA_D_3089498,14.25576400756836,14.26566219329834,ok
LA_D_3090097,13.610301971435547,13.613929748535156,ok
LA_D_3090466,16.541339874267578,16.597246170043945,ok
LA_D_3090583,12.288233757019043,12.293614387512207,ok
LA_D_3092472,15.856745719909668,15.899859428405762,ok
LA_D_3092700,13.505912780761719,13.543293952941895,ok
LA_D_3092822,17.924367904663086,17.950170516967773,ok
LA_D_3093185,16.999042510986328,17.030054092407227,ok
LA_D_3093534,12.93790054321289,12.96484661102295,ok
LA_D_3094177,4.6419572830200195,4.642105579376221,ok
LA_D_3094249,17.033367156982422,17.08241844177246,ok
LA_D_3094853,14.180645942687988,14.183350563049316,ok
LA_D_3094874,17.8710880279541,17.89449691772461,ok
LA_D_3097956,14.698500633239746,14.7047758102417,ok
LA_D_3098960,13.403157234191895,13.41447639465332,ok
LA_D_3100616,-15.244585037231445,-15.251110076904297,ok
LA_D_3100634,9.549100875854492,9.550179481506348,ok
LA_D_3101356,14.704336166381836,14.714287757873535,ok
LA_D_3101861,16.86383628845215,16.86644172668457,ok
LA_D_3101866,9.687810897827148,9.687810897827148,ok
LA_D_3104226,14.274784088134766,14.278326988220215,ok
LA_D_3104504,19.360979080200195,19.388547897338867,ok
LA_D_3104950,20.522071838378906,20.555110931396484,ok
LA_D_3105314,17.610754013061523,17.7048397064209,ok
LA_D_3106011,15.029534339904785,15.038385391235352,ok
LA_D_3106089,13.72568416595459,13.732597351074219,ok
LA_D_3106372,8.340228080749512,8.344645500183105,ok
LA_D_3106519,15.52472972869873,15.573783874511719,ok
LA_D_3107692,14.590102195739746,14.626044273376465,ok
LA_D_3109173,12.431633949279785,12.436148643493652,ok
LA_D_3109309,14.023611068725586,14.038122177124023,ok
LA_D_3109683,11.006922721862793,11.0072603225708,ok
LA_D_3109792,12.967185974121094,12.990849494934082,ok
LA_D_3111133,10.591434478759766,10.597846031188965,ok
LA_D_3112339,14.024012565612793,14.035276412963867,ok
LA_D_3112824,10.877204895019531,10.889697074890137,ok
LA_D_3113300,10.721155166625977,10.72421932220459,ok
LA_D_3113314,0.9236494302749634,0.920356273651123,ok
LA_D_3113412,12.118814468383789,12.130431175231934,ok
LA_D_3113960,15.197854042053223,15.208954811096191,ok
LA_D_3114167,16.576448440551758,16.584760665893555,ok
LA_D_3114677,18.089231491088867,18.092206954956055,ok
LA_D_3114938,11.050264358520508,11.050366401672363,ok
LA_D_3115301,11.044352531433105,11.065999031066895,ok
LA_D_3115572,12.183207511901855,12.193625450134277,ok
LA_D_3115590,13.367801666259766,13.397089958190918,ok
LA_D_3115750,13.255163192749023,13.25212574005127,ok
LA_D_3116201,-14.340676307678223,-14.35348892211914,ok
LA_D_3116504,8.607499122619629,8.60804271697998,ok
LA_D_3116736,11.080257415771484,11.077901840209961,ok
LA_D_3117119,-13.108589172363281,-13.109593391418457,ok
LA_D_3117274,12.395256042480469,12.395256996154785,ok
LA_D_3117454,17.443134307861328,17.450410842895508,ok
LA_D_3117655,13.08648681640625,13.093123435974121,ok
LA_D_3118362,20.134727478027344,20.146631240844727,ok
LA_D_3118975,13.8928804397583,13.908429145812988,ok
LA_D_3119133,18.9007625579834,18.904020309448242,ok
LA_D_3119195,12.438865661621094,12.438387870788574,ok
LA_D_3119853,10.270320892333984,10.27049732208252,ok
LA_D_3121037,16.057262420654297,16.07533836364746,ok
LA_D_3121066,2.9471795558929443,2.9563403129577637,ok
LA_D_3122174,6.985603332519531,6.975051403045654,ok
LA_D_3122333,17.624412536621094,17.82204818725586,ok
LA_D_3122510,-15.142497062683105,-15.146201133728027,ok
LA_D_3124216,14.25322437286377,14.25760555267334,ok
LA_D_3124251,-11.518379211425781,-11.520289421081543,ok
LA_D_3124864,18.11139678955078,18.114442825317383,ok
LA_D_3126147,13.199795722961426,13.201066017150879,ok
LA_D_3128008,16.00564193725586,16.023799896240234,ok
LA_D_3128163,16.31993293762207,16.324033737182617,ok
LA_D_3129767,12.581498146057129,12.583908081054688,ok
LA_D_3129833,16.387775421142578,16.38957405090332,ok
LA_D_3129993,13.414337158203125,13.420127868652344,ok
LA_D_3130241,11.677474021911621,11.701221466064453,ok
LA_D_3130414,12.352378845214844,12.357327461242676,ok
LA_D_3130678,12.758044242858887,12.759073257446289,ok
LA_D_3131527,17.280996322631836,17.300622940063477,ok
LA_D_3132921,11.64049243927002,11.639702796936035,ok
LA_D_3133562,17.545486450195312,17.555007934570312,ok
LA_D_3134629,10.447487831115723,10.466012001037598,ok
LA_D_3135599,9.909521102905273,9.909283638000488,ok
LA_D_3135627,16.462800979614258,16.46394920349121,ok
LA_D_3135628,13.10094928741455,13.105504035949707,ok
LA_D_3136384,16.730615615844727,16.740413665771484,ok
LA_D_3138020,12.45995807647705,12.46115779876709,ok
LA_D_3138080,8.360684394836426,8.359784126281738,ok
LA_D_3139557,14.943303108215332,14.964631080627441,ok
LA_D_3140567,13.102200508117676,13.130199432373047,ok
LA_D_3141028,13.784693717956543,13.785122871398926,ok
LA_D_3142727,14.550333976745605,14.552130699157715,ok
LA_D_3143593,14.282246589660645,14.28942584991455,ok
LA_D_3144395,10.341151237487793,10.343836784362793,ok
LA_D_3144485,15.072365760803223,15.082605361938477,ok
LA_D_3144528,18.201208114624023,18.220067977905273,ok
LA_D_3144655,9.906556129455566,9.914448738098145,ok
LA_D_3145865,14.796475410461426,14.796510696411133,ok
LA_D_3146791,14.386419296264648,14.42044448852539,ok
LA_D_3148237,18.272151947021484,18.308265686035156,ok
LA_D_3149229,15.227568626403809,15.235396385192871,ok
LA_D_3150054,15.830719947814941,15.871819496154785,ok
LA_D_3150169,12.028300285339355,12.064471244812012,ok
LA_D_3150235,-12.973048210144043,-12.97527027130127,ok
LA_D_3150295,11.979808807373047,11.98041820526123,ok
LA_D_3150574,18.695865631103516,18.721818923950195,ok
LA_D_3150612,15.11719036102295,15.120311737060547,ok
LA_D_3151652,12.845399856567383,12.859639167785645,ok
LA_D_3151881,15.706454277038574,15.719409942626953,ok
LA_D_3152954,16.080703735351562,16.09079933166504,ok
LA_D_3153050,8.913922309875488,8.914435386657715,ok
LA_D_3153699,15.074569702148438,15.095597267150879,ok
LA_D_3154368,-13.638371467590332,-13.64335823059082,ok
LA_D_3154837,15.244329452514648,15.246832847595215,ok
LA_D_3157175,20.066709518432617,20.08612823486328,ok
LA_D_3158494,8.311676979064941,8.34763240814209,ok
LA_D_3158600,13.454303741455078,13.45589542388916,ok
LA_D_3158608,14.550978660583496,14.551146507263184,ok
LA_D_3158956,13.023887634277344,13.05439567565918,ok
LA_D_3159204,16.142475128173828,16.142484664916992,ok
LA_D_3162269,14.91378116607666,14.927773475646973,ok
LA_D_3162441,17.461055755615234,17.46334457397461,ok
LA_D_3163081,14.722870826721191,14.774965286254883,ok
LA_D_3163255,-12.039055824279785,-12.0419340133667,ok
LA_D_3163751,17.31145477294922,17.311674118041992,ok
LA_D_3164806,14.195222854614258,14.198716163635254,ok
LA_D_3165659,10.782919883728027,10.787373542785645,ok
LA_D_3169361,20.181163787841797,20.198286056518555,ok
LA_D_3169410,-12.399365425109863,-12.411603927612305,ok
LA_D_3169991,17.028512954711914,17.031522750854492,ok
LA_D_3170323,1.6783028841018677,1.6769570112228394,ok
LA_D_3170420,-14.109713554382324,-14.11894702911377,ok
LA_D_3171047,2.6927759647369385,2.6933364868164062,ok
LA_D_3171199,9.712780952453613,9.713740348815918,ok
LA_D_3171725,16.230283737182617,16.258310317993164,ok
LA_D_3173565,17.78536033630371,17.82133674621582,ok
LA_D_3174145,6.5941362380981445,6.6464152336120605,ok
LA_D_3174960,11.96159839630127,12.058362007141113,ok
LA_D_3174998,-8.911894798278809,-8.960550308227539,ok
LA_D_3176069,12.522839546203613,12.53218936920166,ok
LA_D_3176378,9.22423267364502,9.224875450134277,ok
LA_D_3176946,17.987716674804688,18.001953125,ok
LA_D_3176978,13.798422813415527,13.805865287780762,ok
LA_D_3177701,11.514575004577637,11.51469898223877,ok
LA_D_3177863,16.794265747070312,16.799413681030273,ok
LA_D_3178726,11.99243450164795,12.034781455993652,ok
LA_D_3179260,14.993911743164062,15.008467674255371,ok
LA_D_3179309,16.466007232666016,16.474618911743164,ok
LA_D_3179337,15.103285789489746,15.111954689025879,ok
LA_D_3179951,12.944540977478027,12.95042896270752,ok
LA_D_3180081,13.619528770446777,13.639636039733887,ok
LA_D_3180411,15.019376754760742,15.029226303100586,ok
LA_D_3182064,9.573793411254883,9.590576171875,ok
LA_D_3183800,11.756003379821777,11.770451545715332,ok
LA_D_3184170,12.9378662109375,12.975290298461914,ok
LA_D_3184245,19.12311363220215,19.125410079956055,ok
LA_D_3184350,10.709060668945312,10.708966255187988,ok
LA_D_3184698,16.26422882080078,16.31084632873535,ok
LA_D_3186042,7.664265155792236,7.66368293762207,ok
LA_D_3186776,16.610397338867188,16.617027282714844,ok
LA_D_3187395,11.40548038482666,11.407496452331543,ok
LA_D_3188234,13.550775527954102,13.5689058303833,ok
LA_D_3189890,15.174777030944824,15.177462577819824,ok
LA_D_3192629,14.272032737731934,14.272149085998535,ok
LA_D_3193424,17.855066299438477,17.858930587768555,ok
LA_D_3194286,-9.96667194366455,-9.97298526763916,ok
LA_D_3194587,18.070955276489258,18.1882266998291,ok
LA_D_3195295,15.793363571166992,15.825840950012207,ok
LA_D_3195614,22.01546859741211,22.042940139770508,ok
LA_D_3197490,13.314203262329102,13.318744659423828,ok
LA_D_3197569,12.429095268249512,12.429073333740234,ok
LA_D_3197572,16.399288177490234,16.41455841064453,ok
LA_D_3197929,15.764605522155762,15.778607368469238,ok
LA_D_3198087,-15.049335479736328,-15.05440616607666,ok
LA_D_3198381,13.927332878112793,13.937100410461426,ok
LA_D_3198699,14.730386734008789,14.737466812133789,ok
LA_D_3199021,16.05756187438965,16.069808959960938,ok
LA_D_3199741,11.767260551452637,11.77465534210205,ok
LA_D_3200206,16.201086044311523,16.209516525268555,ok
LA_D_3200727,19.76920509338379,19.78618049621582,ok
LA_D_3203561,17.1700382232666,17.19443130493164,ok
LA_D_3204150,9.790814399719238,9.792317390441895,ok
LA_D_3204366,11.109726905822754,11.113499641418457,ok
LA_D_3205024,7.919682025909424,7.924135684967041,ok
LA_D_3205671,-13.775506019592285,-13.779243469238281,ok
LA_D_3207501,16.58390998840332,16.58678436279297,ok
LA_D_3207833,15.317939758300781,15.331998825073242,ok
LA_D_3210739,-8.007885932922363,-8.009425163269043,ok
LA_D_3211269,14.372504234313965,14.378405570983887,ok
LA_D_3211293,18.528881072998047,18.55316925048828,ok
LA_D_3211435,-15.879446029663086,-15.88626766204834,ok
LA_D_3211572,16.52583122253418,16.528812408447266,ok
LA_D_3212454,13.123625755310059,13.142340660095215,ok
LA_D_3213386,14.062171936035156,14.063565254211426,ok
LA_D_3213920,18.190006256103516,18.20473289489746,ok
LA_D_3215318,12.180398941040039,12.182295799255371,ok
LA_D_3217329,13.773377418518066,13.786015510559082,ok
LA_D_3217409,16.234376907348633,16.238126754760742,ok
LA_D_3220081,12.94713020324707,12.950577735900879,ok
LA_D_3220337,15.234074592590332,15.236536979675293,ok
LA_D_3222129,16.395687103271484,16.40272331237793,ok
LA_D_3224671,-13.882221221923828,-13.89778995513916,ok
LA_D_3224812,9.434103965759277,9.434110641479492,ok
LA_D_3225529,13.780167579650879,13.793946266174316,ok
LA_D_3226074,14.641533851623535,14.649916648864746,ok
LA_D_3226693,15.5747652053833,15.588944435119629,ok
LA_D_3227446,16.616954803466797,16.62297248840332,ok
LA_D_3228132,20.127397537231445,20.131990432739258,ok
LA_D_3228176,10.914788246154785,10.927287101745605,ok
LA_D_3229118,13.775468826293945,13.782562255859375,ok
LA_D_3229215,-11.561464309692383,-11.565974235534668,ok
LA_D_3229435,13.934333801269531,13.934874534606934,ok
LA_D_3230643,17.890178680419922,17.92600440979004,ok
LA_D_3230806,15.56799030303955,15.57312297821045,ok
LA_D_3230838,15.097962379455566,15.124695777893066,ok
LA_D_3231093,16.327516555786133,16.34527587890625,ok
LA_D_3232132,5.989065170288086,5.9897308349609375,ok
LA_D_3232533,10.626083374023438,10.625996589660645,ok
LA_D_3233282,17.580612182617188,17.58753776550293,ok
LA_D_3233966,-14.304702758789062,-14.30686092376709,ok
LA_D_3239072,14.045256614685059,14.0720796585083,ok
LA_D_3241180,13.0216646194458,13.039978981018066,ok
LA_D_3242114,8.895666122436523,8.8954496383667,ok
LA_D_3242439,10.263885498046875,10.261722564697266,ok
LA_D_3242739,12.918614387512207,12.918976783752441,ok
LA_D_3243106,12.088233947753906,12.110745429992676,ok
LA_D_3243854,16.73223876953125,16.738040924072266,ok
LA_D_3244196,12.237140655517578,12.266345024108887,ok
LA_D_3244618,17.102806091308594,17.12696647644043,ok
LA_D_3244699,12.9514799118042,12.958209037780762,ok
LA_D_3245031,13.464083671569824,13.464859962463379,ok
LA_D_3246218,11.181231498718262,11.19905948638916,ok
LA_D_3247685,-13.606670379638672,-13.629467964172363,ok
LA_D_3248074,10.058457374572754,10.058459281921387,ok
LA_D_3248256,15.705848693847656,15.718634605407715,ok
LA_D_3248319,10.67203140258789,10.702303886413574,ok
LA_D_3248547,18.080026626586914,18.0803279876709,ok
LA_D_3249077,15.410543441772461,15.416884422302246,ok
LA_D_3249552,-12.508935928344727,-12.522926330566406,ok
LA_D_3250253,-14.563804626464844,-14.570660591125488,ok
LA_D_3250407,17.5970516204834,17.62326431274414,ok
LA_D_3250607,15.12289810180664,15.122800827026367,ok
LA_D_3250830,-14.440937995910645,-14.448983192443848,ok
LA_D_3251058,-16.858264923095703,-16.862642288208008,ok
LA_D_3251211,12.185914993286133,12.1864013671875,ok
LA_D_3251300,16.352670669555664,16.352441787719727,ok
LA_D_3253942,-12.185476303100586,-12.185689926147461,ok
LA_D_3254201,9.561417579650879,9.561227798461914,ok
LA_D_3255096,9.365217208862305,9.384708404541016,ok
LA_D_3255789,0.9270424842834473,0.9330589175224304,ok
LA_D_3256090,7.100485324859619,7.103257179260254,ok
LA_D_3256092,11.960447311401367,11.959555625915527,ok
LA_D_3257808,7.340035438537598,7.376070499420166,ok
LA_D_3258000,13.583632469177246,13.595088005065918,ok
LA_D_3258501,-13.37698745727539,-13.38880729675293,ok
LA_D_3259137,17.429603576660156,17.435380935668945,ok
LA_D_3260123,14.782876968383789,14.8849515914917,ok
LA_D_3260640,14.348755836486816,14.352436065673828,ok
LA_D_3260902,13.095115661621094,13.09570598602295,ok
LA_D_3261219,14.734175682067871,14.738117218017578,ok
LA_D_3262859,-9.846829414367676,-9.897086143493652,ok
LA_D_3263334,17.845111846923828,17.852096557617188,ok
LA_D_3263579,13.902173042297363,13.905940055847168,ok
LA_D_3264696,-12.965563774108887,-12.970155715942383,ok
LA_D_3266246,12.466217041015625,12.504805564880371,ok
LA_D_3266553,13.326451301574707,13.327643394470215,ok
LA_D_3268836,-10.267483711242676,-10.271964073181152,ok
LA_D_3269593,17.24101448059082,17.25297737121582,ok
LA_D_3273302,17.718181610107422,17.743703842163086,ok
LA_D_3273842,13.031648635864258,13.032696723937988,ok
LA_D_3274531,-15.683444023132324,-15.684897422790527,ok
LA_D_3274635,10.107770919799805,10.112616539001465,ok
LA_D_3275794,18.355756759643555,18.363014221191406,ok
LA_D_3276030,23.517005920410156,23.526124954223633,ok
LA_D_3276105,13.309654235839844,13.317219734191895,ok
LA_D_3276721,8.59889030456543,8.597514152526855,ok
LA_D_3278230,14.786604881286621,14.794261932373047,ok
LA_D_3280853,-13.949370384216309,-13.950818061828613,ok
LA_D_3281386,8.242208480834961,8.244224548339844,ok
LA_D_3282066,18.288124084472656,18.30507469177246,ok
LA_D_3282769,13.260077476501465,13.327683448791504,ok
LA_D_3283074,12.813068389892578,12.813612937927246,ok
LA_D_3284727,14.812124252319336,14.822720527648926,ok
LA_D_3284907,15.445152282714844,15.462625503540039,ok
LA_D_3285424,15.68765926361084,15.692864418029785,ok
LA_D_3285435,14.504552841186523,14.515881538391113,ok
LA_D_3286040,12.29564380645752,12.333649635314941,ok
LA_D_3287162,17.775959014892578,17.811819076538086,ok
LA_D_3290566,10.560855865478516,10.56192684173584,ok
LA_D_3292062,15.707244873046875,15.715632438659668,ok
LA_D_3292105,12.839982032775879,12.87012767791748,ok
LA_D_3292767,11.117796897888184,11.124428749084473,ok
LA_D_3294853,16.705169677734375,16.710084915161133,ok
LA_D_3294977,14.518125534057617,14.540324211120605,ok
LA_D_3295441,12.377902030944824,12.391213417053223,ok
LA_D_3295650,10.011629104614258,10.01163101196289,ok
LA_D_3298952,16.887115478515625,16.918825149536133,ok
LA_D_3301231,15.358047485351562,15.368544578552246,ok
LA_D_3301577,15.110979080200195,15.116519927978516,ok
LA_D_3302549,15.030447006225586,15.073187828063965,ok
LA_D_3303443,14.566327095031738,14.567355155944824,ok
LA_D_3305146,19.706012725830078,19.769947052001953,ok
LA_D_3305165,12.541006088256836,12.580471992492676,ok
LA_D_3306187,-13.6572904586792,-13.666998863220215,ok
LA_D_3307235,14.320855140686035,14.323363304138184,ok
LA_D_3307287,12.262357711791992,12.2639741897583,ok
LA_D_3307902,11.832934379577637,11.841408729553223,ok
LA_D_3309731,16.17916488647461,16.186769485473633,ok
LA_D_3310507,17.350191116333008,17.35106086730957,ok
LA_D_3312475,-14.967636108398438,-14.983057975769043,ok
LA_D_3312747,12.862300872802734,12.882122993469238,ok
LA_D_3313031,15.21908187866211,15.221489906311035,ok
LA_D_3313241,7.836208820343018,7.83759880065918,ok
LA_D_3313354,15.209776878356934,15.219891548156738,ok
LA_D_3313777,13.157010078430176,13.176907539367676,ok
LA_D_3314744,6.401361465454102,6.402127742767334,ok
LA_D_3317337,9.39676570892334,9.402076721191406,ok
LA_D_3317920,12.591958045959473,12.593138694763184,ok
LA_D_3318711,14.192819595336914,14.211146354675293,ok
LA_D_3319355,13.601510047912598,13.602112770080566,ok
LA_D_3319403,13.195926666259766,13.208687782287598,ok
LA_D_3320713,17.974172592163086,17.975515365600586,ok
LA_D_3321986,13.985300064086914,13.9852933883667,ok
LA_D_3323539,-12.239577293395996,-12.245444297790527,ok
LA_D_3325540,14.661544799804688,14.666769027709961,ok
LA_D_3325797,18.810434341430664,18.820772171020508,ok
LA_D_3325936,10.487653732299805,10.498703956604004,ok
LA_D_3327924,-15.033958435058594,-15.049229621887207,ok
LA_D_3329701,-12.261564254760742,-12.27087116241455,ok
LA_D_3329999,13.797510147094727,13.808533668518066,ok
LA_D_3331368,16.302471160888672,16.32145118713379,ok
LA_D_3331528,14.472494125366211,14.473251342773438,ok
LA_D_3331849,13.854606628417969,13.867744445800781,ok
LA_D_3332845,13.170180320739746,13.183287620544434,ok
LA_D_3333324,13.567520141601562,13.598586082458496,ok
LA_D_3334659,15.423843383789062,15.468487739562988,ok
LA_D_3334928,16.38007354736328,16.38346290588379,ok
LA_D_3335716,13.723435401916504,13.742866516113281,ok
LA_D_3336031,11.130125045776367,11.13985538482666,ok
LA_D_3336827,14.681374549865723,14.685996055603027,ok
LA_D_3337239,11.708152770996094,11.708481788635254,ok
LA_D_3337611,16.678354263305664,16.680927276611328,ok
LA_D_3339394,15.399870872497559,15.428393363952637,ok
LA_D_3341294,12.52547550201416,12.530926704406738,ok
LA_D_3341814,12.634461402893066,12.634322166442871,ok
LA_D_3342069,12.4350004196167,12.523734092712402,ok
LA_D_3342452,-6.553803443908691,-6.554612636566162,ok
LA_D_3342664,15.942777633666992,15.94497013092041,ok
LA_D_3346281,17.070772171020508,17.07082176208496,ok
LA_D_3346891,14.295523643493652,14.29969310760498,ok
LA_D_3347156,13.243873596191406,13.244168281555176,ok
LA_D_3347716,9.631147384643555,9.64462947845459,ok
LA_D_3347861,13.195382118225098,13.198738098144531,ok
LA_D_3348941,-13.53660774230957,-13.549050331115723,ok
LA_D_3349453,8.309856414794922,8.309637069702148,ok
LA_D_3349461,9.654868125915527,9.659818649291992,ok
LA_D_3349542,11.92273998260498,11.933349609375,ok
LA_D_3350240,4.890717029571533,4.890585422515869,ok
LA_D_3352586,12.36889934539795,12.369102478027344,ok
LA_D_3353739,19.467487335205078,19.49400520324707,ok
LA_D_3353973,18.4698429107666,18.469966888427734,ok
LA_D_3354359,12.143780708312988,12.185530662536621,ok
LA_D_3355874,15.641626358032227,15.66303539276123,ok
LA_D_3356308,15.356145858764648,15.358688354492188,ok
LA_D_3357328,16.319358825683594,16.32644271850586,ok
LA_D_3359713,8.522847175598145,8.5228853225708,ok
LA_D_3360066,13.464010238647461,13.513199806213379,ok
LA_D_3364219,11.538741111755371,11.538920402526855,ok
LA_D_3367868,19.36643409729004,19.367700576782227,ok
LA_D_3368030,12.753782272338867,12.764437675476074,ok
LA_D_3368444,16.34610366821289,16.372438430786133,ok
LA_D_3369365,13.161490440368652,13.162226676940918,ok
LA_D_3371337,15.494824409484863,15.512420654296875,ok
LA_D_3373017,-12.626558303833008,-12.631026268005371,ok
LA_D_3373431,-14.26565170288086,-14.292576789855957,ok
LA_D_3373606,16.358890533447266,16.36177635192871,ok
LA_D_3373830,17.032472610473633,17.069271087646484,ok
LA_D_3374460,12.679844856262207,12.682394981384277,ok
LA_D_3374782,16.0670108795166,16.068653106689453,ok
LA_D_3375546,8.825249671936035,8.835034370422363,ok
LA_D_3375685,8.650880813598633,8.653521537780762,ok
LA_D_3375994,13.112563133239746,13.11666202545166,ok
LA_D_3376676,15.530083656311035,15.538454055786133,ok
LA_D_3376846,17.409650802612305,17.43235206604004,ok
LA_D_3376856,17.709028244018555,17.763813018798828,ok
LA_D_3377038,21.56760025024414,21.583358764648438,ok
LA_D_3377698,-11.190117835998535,-11.271132469177246,ok
LA_D_3378402,9.411298751831055,9.409737586975098,ok
LA_D_3378615,10.704455375671387,10.710803031921387,ok
LA_D_3379000,11.3945951461792,11.4120454788208,ok
LA_D_3379127,15.865739822387695,15.863519668579102,ok
LA_D_3379278,17.444425582885742,17.4561767578125,ok
LA_D_3380409,17.718236923217773,17.73416519165039,ok
LA_D_3381862,14.41505241394043,14.423667907714844,ok
LA_D_3383046,14.638651847839355,14.651542663574219,ok
LA_D_3383198,-10.607327461242676,-10.610825538635254,ok
LA_D_3384993,11.377212524414062,11.409750938415527,ok
LA_D_3386014,11.432392120361328,11.437758445739746,ok
LA_D_3386727,18.48507308959961,18.485750198364258,ok
LA_D_3387666,15.482290267944336,15.491047859191895,ok
LA_D_3387918,14.028369903564453,14.05189037322998,ok
LA_D_3387937,12.556879997253418,12.563300132751465,ok
LA_D_3387945,13.255655288696289,13.260293960571289,ok
LA_D_3389603,12.8524751663208,12.853493690490723,ok
LA_D_3389737,-15.183349609375,-15.190999031066895,ok
LA_D_3392617,13.300566673278809,13.301289558410645,ok
LA_D_3392778,10.560171127319336,10.561434745788574,ok
LA_D_3393465,15.186671257019043,15.210906028747559,ok
LA_D_3395278,13.039883613586426,13.045392036437988,ok
LA_D_3395368,18.07553482055664,18.08336639404297,ok
LA_D_3397208,-14.956453323364258,-14.96033000946045,ok
LA_D_3398271,13.783284187316895,13.786920547485352,ok
LA_D_3398607,11.514753341674805,11.51783275604248,ok
LA_D_3399535,13.624104499816895,13.626690864562988,ok
LA_D_3399790,-12.284778594970703,-12.305699348449707,ok
LA_D_3399798,6.667455196380615,6.668105602264404,ok
LA_D_3401079,20.47500228881836,20.49677085876465,ok
LA_D_3401398,17.190269470214844,17.192411422729492,ok
LA_D_3402273,14.189960479736328,14.198418617248535,ok
LA_D_3404722,13.599933624267578,13.600953102111816,ok
LA_D_3405582,10.383990287780762,10.387377738952637,ok
LA_D_3405832,-13.697944641113281,-13.71306324005127,ok
LA_D_3406247,-13.379332542419434,-13.383341789245605,ok
LA_D_3408202,19.45325469970703,19.466978073120117,ok
LA_D_3409145,-13.597025871276855,-13.601615905761719,ok
LA_D_3409583,16.888874053955078,16.939476013183594,ok
LA_D_3410467,14.451756477355957,14.472289085388184,ok
LA_D_3410479,-13.749674797058105,-13.756014823913574,ok
LA_D_3410619,10.604928016662598,10.604964256286621,ok
LA_D_3411132,11.807100296020508,11.80876350402832,ok
LA_D_3411825,12.833553314208984,12.83121395111084,ok
LA_D_3412324,15.248600006103516,15.26329517364502,ok
LA_D_3412330,14.497269630432129,14.507197380065918,ok
LA_D_3412517,16.139562606811523,16.160005569458008,ok
LA_D_3412736,16.299606323242188,16.302310943603516,ok
LA_D_3413740,15.563356399536133,15.568150520324707,ok
LA_D_3413905,16.10335350036621,16.123483657836914,ok
LA_D_3413908,15.921748161315918,15.929933547973633,ok
LA_D_3415474,12.723997116088867,12.734902381896973,ok
LA_D_3415789,15.836843490600586,15.850907325744629,ok
LA_D_3416276,4.2807416915893555,4.280904293060303,ok
LA_D_3416456,13.031846046447754,13.114219665527344,ok
LA_D_3416535,11.696499824523926,11.696565628051758,ok
LA_D_3416825,5.1825175285339355,5.190852642059326,ok
LA_D_3416934,16.922670364379883,16.937040328979492,ok
LA_D_3416978,16.318384170532227,16.368288040161133,ok
LA_D_3417657,14.458675384521484,14.462258338928223,ok
LA_D_3418140,18.6583309173584,18.683862686157227,ok
LA_D_3418220,14.843184471130371,14.851557731628418,ok
LA_D_3418840,10.269425392150879,10.283650398254395,ok
LA_D_3419658,14.336100578308105,14.381265640258789,ok
LA_D_3420388,17.55777931213379,17.57444190979004,ok
LA_D_3421085,16.39333724975586,16.48764991760254,ok
LA_D_3421613,16.141523361206055,16.146947860717773,ok
LA_D_3422355,15.273721694946289,15.28699779510498,ok
LA_D_3423664,19.861417770385742,19.89584732055664,ok
LA_D_3424068,9.119413375854492,9.119707107543945,ok
LA_D_3424949,12.785475730895996,12.789924621582031,ok
LA_D_3425507,12.292526245117188,12.292386054992676,ok
LA_D_3425732,14.052861213684082,14.067413330078125,ok
LA_D_3425851,15.266829490661621,15.296735763549805,ok
LA_D_3425869,12.351088523864746,12.351909637451172,ok
LA_D_3425893,9.891962051391602,9.908278465270996,ok
LA_D_3426729,15.399737358093262,15.405390739440918,ok
LA_D_3427278,18.027448654174805,18.050373077392578,ok
LA_D_3427328,18.986574172973633,18.99203872680664,ok
LA_D_3428449,11.738746643066406,11.743403434753418,ok
LA_D_3429746,10.242679595947266,10.255179405212402,ok
LA_D_3430397,11.98987865447998,11.989888191223145,ok
LA_D_3430677,18.138696670532227,18.14314079284668,ok
LA_D_3431144,15.556427955627441,15.577078819274902,ok
LA_D_3431472,12.461405754089355,12.465582847595215,ok
LA_D_3432100,13.733500480651855,13.737845420837402,ok
LA_D_3432834,18.76995086669922,18.80304527282715,ok
LA_D_3434212,13.19449234008789,13.204910278320312,ok
LA_D_3434819,15.004786491394043,15.035832405090332,ok
LA_D_3434821,10.457984924316406,10.465546607971191,ok
LA_D_3435616,14.019680976867676,14.02320671081543,ok
LA_D_3435721,20.700531005859375,20.776968002319336,ok
LA_D_3435784,16.03792953491211,16.038373947143555,ok
LA_D_3435957,15.342673301696777,15.35956859588623,ok
LA_D_3436742,15.962434768676758,16.005474090576172,ok
LA_D_3436779,24.170726776123047,24.258325576782227,ok
LA_D_3438062,11.982979774475098,12.023070335388184,ok
LA_D_3438542,9.259742736816406,9.27355670928955,ok
LA_D_3440131,-12.915153503417969,-12.915751457214355,ok
LA_D_3440449,8.364601135253906,8.365200996398926,ok
LA_D_3440841,15.382923126220703,15.410405158996582,ok
LA_D_3441226,13.19354248046875,13.192464828491211,ok
LA_D_3441390,16.47366714477539,16.473669052124023,ok
LA_D_3441965,4.00537109375,4.005041122436523,ok
LA_D_3442349,16.282011032104492,16.283655166625977,ok
LA_D_3443299,16.556251525878906,16.561399459838867,ok
LA_D_3443410,14.08727741241455,14.091633796691895,ok
LA_D_3443703,-14.548096656799316,-14.635358810424805,ok
LA_D_3444541,-13.982073783874512,-13.986231803894043,ok
LA_D_3444944,12.626517295837402,12.65080738067627,ok
LA_D_3445488,14.329553604125977,14.333330154418945,ok
LA_D_3445715,14.984301567077637,14.985672950744629,ok
LA_D_3446159,10.442543983459473,10.45940113067627,ok
LA_D_3446645,18.181676864624023,18.187456130981445,ok
LA_D_3448069,13.693033218383789,13.695712089538574,ok
LA_D_3449059,15.566413879394531,15.57583999633789,ok
LA_D_3449675,16.741254806518555,16.750816345214844,ok
LA_D_3449692,15.660309791564941,15.726716041564941,ok
LA_D_3450019,16.763530731201172,16.793912887573242,ok
LA_D_3450749,16.011247634887695,16.032541275024414,ok
LA_D_3451581,9.353310585021973,9.360397338867188,ok
LA_D_3452933,11.291929244995117,11.30302906036377,ok
LA_D_3453232,12.048604965209961,12.052409172058105,ok
LA_D_3457024,12.182140350341797,12.194628715515137,ok
LA_D_3457581,16.79900550842285,16.81404685974121,ok
LA_D_3457616,14.79273509979248,14.795727729797363,ok
LA_D_3459378,14.087267875671387,14.08821964263916,ok
LA_D_3460862,15.267078399658203,15.267367362976074,ok
LA_D_3461793,14.960761070251465,14.966731071472168,ok
LA_D_3461825,24.693708419799805,24.718175888061523,ok
LA_D_3461953,10.297483444213867,10.297005653381348,ok
LA_D_3464373,12.759367942810059,12.76854419708252,ok
LA_D_3465485,15.52872085571289,15.541841506958008,ok
LA_D_3465878,14.31031608581543,14.325396537780762,ok
LA_D_3466785,9.395769119262695,9.398648262023926,ok
LA_D_3467346,-14.217926025390625,-14.233668327331543,ok
LA_D_3467485,-12.819283485412598,-12.83290958404541,ok
LA_D_3468243,17.587303161621094,17.656545639038086,ok
LA_D_3468801,13.582889556884766,13.584458351135254,ok
LA_D_3469008,17.813079833984375,17.814556121826172,ok
LA_D_3470313,16.31220245361328,16.316869735717773,ok
LA_D_3470341,14.142850875854492,14.147786140441895,ok
LA_D_3472117,11.560837745666504,11.577071189880371,ok
LA_D_3472699,11.605674743652344,11.63375473022461,ok
LA_D_3472855,17.466278076171875,17.486942291259766,ok
LA_D_3473674,17.292034149169922,17.293933868408203,ok
LA_D_3474604,18.47208023071289,18.5007266998291,ok
LA_D_3475865,-14.111491203308105,-14.113598823547363,ok
LA_D_3476544,-9.954304695129395,-9.958139419555664,ok
LA_D_3476552,11.979290008544922,11.986454963684082,ok
LA_D_3476775,14.983323097229004,15.008709907531738,ok
LA_D_3476956,-13.419920921325684,-13.460610389709473,ok
LA_D_3477279,15.167179107666016,15.238344192504883,ok
LA_D_3478144,16.608858108520508,16.614782333374023,ok
LA_D_3479801,-15.222051620483398,-15.228608131408691,ok
LA_D_3481053,11.726820945739746,11.7283935546875,ok
LA_D_3481326,14.725322723388672,14.72536849975586,ok
LA_D_3481855,7.892127990722656,7.915861129760742,ok
LA_D_3481947,12.410866737365723,12.41439151763916,ok
LA_D_3482541,10.644879341125488,10.644246101379395,ok
LA_D_3482661,-11.908857345581055,-11.909520149230957,ok
LA_D_3483451,-14.521257400512695,-14.557576179504395,ok
LA_D_3484658,14.541292190551758,14.551172256469727,ok
LA_D_3485246,12.236083030700684,12.23786449432373,ok
LA_D_3486393,14.093941688537598,14.126612663269043,ok
LA_D_3487340,14.343271255493164,14.364789009094238,ok
LA_D_3490249,12.129047393798828,12.129237174987793,ok
LA_D_3490654,18.14874267578125,18.148778915405273,ok
LA_D_3492096,14.532732963562012,14.556355476379395,ok
LA_D_3492327,24.106708526611328,24.118314743041992,ok
LA_D_3494648,1.7550396919250488,1.756597876548767,ok
LA_D_3495106,14.291102409362793,14.331064224243164,ok
LA_D_3495418,11.074508666992188,11.075005531311035,ok
LA_D_3495463,11.28409194946289,11.29242992401123,ok
LA_D_3495466,19.029415130615234,19.073959350585938,ok
LA_D_3495492,15.121849060058594,15.14562702178955,ok
LA_D_3495507,12.228864669799805,12.229327201843262,ok
LA_D_3496116,13.765030860900879,13.769866943359375,ok
LA_D_3496241,7.227646350860596,7.227926254272461,ok
LA_D_3496584,19.134340286254883,19.137187957763672,ok
LA_D_3496658,16.247974395751953,16.253637313842773,ok
LA_D_3497818,9.977191925048828,9.98388671875,ok
LA_D_3497883,12.608907699584961,12.620354652404785,ok
LA_D_3498197,17.413896560668945,17.429569244384766,ok
LA_D_3498834,11.674155235290527,11.676941871643066,ok
LA_D_3499835,9.739001274108887,9.73993968963623,ok
LA_D_3499981,12.195820808410645,12.198307991027832,ok
LA_D_3501342,9.754822731018066,9.753539085388184,ok
LA_D_3504200,8.826476097106934,8.828461647033691,ok
LA_D_3504984,14.424107551574707,14.429710388183594,ok
LA_D_3506531,15.9217529296875,15.941221237182617,ok
LA_D_3506569,16.818401336669922,16.837759017944336,ok
LA_D_3507662,13.048806190490723,13.049052238464355,ok
LA_D_3507835,9.130528450012207,9.136612892150879,ok
LA_D_3508441,14.030349731445312,14.04254150390625,ok
LA_D_3508879,7.765900135040283,7.765581130981445,ok
LA_D_3509644,15.671834945678711,15.706435203552246,ok
LA_D_3510395,14.188199043273926,14.19944953918457,ok
LA_D_3510615,16.47041893005371,16.470945358276367,ok
LA_D_3512251,9.611584663391113,9.617318153381348,ok
LA_D_3512316,16.090648651123047,16.10735511779785,ok
LA_D_3512336,16.232524871826172,16.234819412231445,ok
LA_D_3512887,13.556344032287598,13.578999519348145,ok
LA_D_3513335,-15.297842979431152,-15.305070877075195,ok
LA_D_3514242,-14.533623695373535,-14.605268478393555,ok
LA_D_3514513,12.184581756591797,12.18431568145752,ok
LA_D_3515006,16.159622192382812,16.159881591796875,ok
LA_D_3517587,15.614595413208008,15.622573852539062,ok
LA_D_3519840,-15.59416389465332,-15.601582527160645,ok
LA_D_3522779,14.53395938873291,14.536540031433105,ok
LA_D_3522934,17.364858627319336,17.394428253173828,ok
LA_D_3523121,12.118069648742676,12.1198148727417,ok
LA_D_3523213,14.834833145141602,14.867231369018555,ok
LA_D_3524386,12.158324241638184,12.176603317260742,ok
LA_D_3525708,13.201139450073242,13.209450721740723,ok
LA_D_3526413,-12.516785621643066,-12.517403602600098,ok
LA_D_3526562,17.923290252685547,17.942724227905273,ok
LA_D_3527270,14.897287368774414,14.906872749328613,ok
LA_D_3527786,13.488973617553711,13.491475105285645,ok
LA_D_3529126,13.9753999710083,13.98762035369873,ok
LA_D_3529673,14.315607070922852,14.327718734741211,ok
LA_D_3533142,7.532552242279053,7.532589912414551,ok
LA_D_3533489,14.268052101135254,14.30808162689209,ok
LA_D_3533916,10.143081665039062,10.143171310424805,ok
LA_D_3534463,20.295021057128906,20.297163009643555,ok
LA_D_3534602,10.022361755371094,10.022459030151367,ok
LA_D_3536394,3.6111185550689697,3.6110920906066895,ok
LA_D_3536487,12.752530097961426,12.78062915802002,ok
LA_D_3538356,10.76156997680664,10.764704704284668,ok
LA_D_3538677,17.01847267150879,17.027650833129883,ok
LA_D_3539484,12.210270881652832,12.212447166442871,ok
LA_D_3539811,15.044307708740234,15.057859420776367,ok
LA_D_3539892,15.190369606018066,15.203701972961426,ok
LA_D_3542619,-14.091531753540039,-14.100024223327637,ok
LA_D_3543093,15.484695434570312,15.48930835723877,ok
LA_D_3544844,15.24294662475586,15.287883758544922,ok
LA_D_3545477,10.059074401855469,10.068245887756348,ok
LA_D_3545859,14.657309532165527,14.65827465057373,ok
LA_D_3546305,9.474549293518066,9.474358558654785,ok
LA_D_3547035,-11.170218467712402,-11.174631118774414,ok
LA_D_3547584,19.736608505249023,19.750947952270508,ok
LA_D_3548300,14.675175666809082,14.68698787689209,ok
LA_D_3548515,-13.684562683105469,-13.686641693115234,ok
LA_D_3548689,14.255678176879883,14.262517929077148,ok
LA_D_3549897,13.174945831298828,13.175942420959473,ok
LA_D_3551244,12.300141334533691,12.309040069580078,ok
LA_D_3552234,15.687588691711426,15.70972728729248,ok
LA_D_3552805,5.475306987762451,5.503302574157715,ok
LA_D_3553006,14.0018892288208,14.003987312316895,ok
LA_D_3553429,14.11300277709961,14.120844841003418,ok
LA_D_3553483,14.789016723632812,14.78864574432373,ok
LA_D_3553967,18.145355224609375,18.21002769470215,ok
LA_D_3554651,12.30547046661377,12.324481964111328,ok
LA_D_3554660,20.760705947875977,20.792505264282227,ok
LA_D_3555076,16.68560028076172,16.70686912536621,ok
LA_D_3555349,11.79109001159668,11.801213264465332,ok
LA_D_3555723,15.876463890075684,15.883237838745117,ok
LA_D_3555810,9.340042114257812,9.34131145477295,ok
LA_D_3556001,14.779213905334473,14.793411254882812,ok
LA_D_3556561,15.596322059631348,15.60837459564209,ok
LA_D_3559270,-14.834114074707031,-14.881351470947266,ok
LA_D_3561784,13.814059257507324,13.833333969116211,ok
LA_D_3562009,14.217662811279297,14.232420921325684,ok
LA_D_3564164,-14.488990783691406,-14.504953384399414,ok
LA_D_3565165,28.761011123657227,28.883167266845703,ok
LA_D_3565303,18.59064292907715,18.610776901245117,ok
LA_D_3567404,15.400235176086426,15.405643463134766,ok
LA_D_3567520,16.5856876373291,16.664445877075195,ok
LA_D_3569726,16.840229034423828,16.86170196533203,ok
LA_D_3569824,-10.885683059692383,-10.891914367675781,ok
LA_D_3569855,17.612789154052734,17.613245010375977,ok
LA_D_3570749,-16.211013793945312,-16.218778610229492,ok
LA_D_3571070,16.421661376953125,16.45200538635254,ok
LA_D_3571216,15.64043140411377,15.658991813659668,ok
LA_D_3571681,15.95751667022705,15.9766845703125,ok
LA_D_3571831,13.420515060424805,13.424836158752441,ok
LA_D_3572777,15.305747985839844,15.313355445861816,ok
LA_D_3573085,13.300154685974121,13.301369667053223,ok
LA_D_3574020,15.4100980758667,15.427569389343262,ok
LA_D_3576459,-10.851081848144531,-10.853289604187012,ok
LA_D_3577801,-10.833988189697266,-10.834196090698242,ok
LA_D_3577998,18.105600357055664,18.10981559753418,ok
LA_D_3578253,10.858234405517578,10.874825477600098,ok
LA_D_3579076,18.197162628173828,18.19767189025879,ok
LA_D_3579245,15.728565216064453,15.732686042785645,ok
LA_D_3579781,-11.648791313171387,-11.651514053344727,ok
LA_D_3579823,11.645400047302246,11.647994041442871,ok
LA_D_3580620,11.789141654968262,11.81143569946289,ok
LA_D_3581277,5.411610126495361,5.41208028793335,ok
LA_D_3581963,15.998234748840332,16.013790130615234,ok
LA_D_3582263,10.71950626373291,10.719783782958984,ok
LA_D_3582380,9.614595413208008,9.614882469177246,ok
LA_D_3586862,10.337194442749023,10.341018676757812,ok
LA_D_3587612,19.769996643066406,19.77567481994629,ok
LA_D_3588547,16.090328216552734,16.110204696655273,ok
LA_D_3588628,15.39849853515625,15.401670455932617,ok
LA_D_3589247,14.408732414245605,14.416837692260742,ok
LA_D_3589383,13.954635620117188,13.97370433807373,ok
LA_D_3589733,18.731489181518555,18.737777709960938,ok
LA_D_3590829,16.940650939941406,16.986169815063477,ok
LA_D_3591261,19.030244827270508,19.075632095336914,ok
LA_D_3591679,13.626021385192871,13.640450477600098,ok
LA_D_3593160,9.666894912719727,9.670500755310059,ok
LA_D_3593928,16.497526168823242,16.497594833374023,ok
LA_D_3595174,11.308632850646973,11.316962242126465,ok
LA_D_3596015,-15.563084602355957,-15.570090293884277,ok
LA_D_3597531,12.256711959838867,12.262085914611816,ok
LA_D_3597601,14.939306259155273,14.95404052734375,ok
LA_D_3597738,17.607803344726562,17.617677688598633,ok
LA_D_3597947,9.274517059326172,9.295483589172363,ok
LA_D_3598081,9.736367225646973,9.737162590026855,ok
LA_D_3599443,-13.076072692871094,-13.0830659866333,ok
LA_D_3601430,-11.588885307312012,-11.617758750915527,ok
LA_D_3602669,13.306952476501465,13.333695411682129,ok
LA_D_3603256,11.321322441101074,11.341354370117188,ok
LA_D_3604214,14.11202335357666,14.111503601074219,ok
LA_D_3604610,-11.094768524169922,-11.095746994018555,ok
LA_D_3605046,11.103495597839355,11.104683876037598,ok
LA_D_3605088,15.647314071655273,15.64739990234375,ok
LA_D_3605726,10.190553665161133,10.198296546936035,ok
LA_D_3607289,-11.14090347290039,-11.151862144470215,ok
LA_D_3608535,9.838751792907715,9.838826179504395,ok
LA_D_3608783,12.271681785583496,12.272345542907715,ok
LA_D_3608947,11.264555931091309,11.289481163024902,ok
LA_D_3609505,16.289777755737305,16.29159164428711,ok
LA_D_3609977,-13.04603385925293,-13.049580574035645,ok
LA_D_3610743,13.600601196289062,13.609492301940918,ok
LA_D_3611170,15.074514389038086,15.077406883239746,ok
LA_D_3611237,16.51875114440918,16.529809951782227,ok
LA_D_3611560,11.538640022277832,11.53915023803711,ok
LA_D_3613644,12.168991088867188,12.174459457397461,ok
LA_D_3614881,16.293094635009766,16.297426223754883,ok
LA_D_3614949,16.186355590820312,16.192323684692383,ok
LA_D_3615500,13.147621154785156,13.151593208312988,ok
LA_D_3615708,11.592562675476074,11.593385696411133,ok
LA_D_3617105,16.75971031188965,16.773618698120117,ok
LA_D_3617321,13.333826065063477,13.33547306060791,ok
LA_D_3617757,18.61549949645996,18.616552352905273,ok
LA_D_3617770,14.124214172363281,14.134921073913574,ok
LA_D_3618771,14.545639991760254,14.545852661132812,ok
LA_D_3619292,16.954296112060547,16.971837997436523,ok
LA_D_3620817,12.166218757629395,12.1808443069458,ok
LA_D_3621506,11.295815467834473,11.311565399169922,ok
LA_D_3621540,11.707804679870605,11.732362747192383,ok
LA_D_3621915,11.60196590423584,11.601906776428223,ok
LA_D_3622353,15.94897174835205,15.980998039245605,ok
LA_D_3622835,-2.190524101257324,-2.1957030296325684,ok
LA_D_3623206,-13.958405494689941,-13.966251373291016,ok
LA_D_3623933,9.343862533569336,9.343926429748535,ok
LA_D_3626485,9.829681396484375,9.859383583068848,ok
LA_D_3626798,17.000986099243164,17.002140045166016,ok
LA_D_3627257,10.493924140930176,10.490351676940918,ok
LA_D_3629732,12.387608528137207,12.387957572937012,ok
LA_D_3630229,9.463532447814941,9.46558666229248,ok
LA_D_3630490,11.389957427978516,11.40058422088623,ok
LA_D_3631999,-10.845203399658203,-10.846375465393066,ok
LA_D_3634368,17.22243309020996,17.23351287841797,ok
LA_D_3634420,9.262357711791992,9.264459609985352,ok
LA_D_3634650,17.276981353759766,17.30095863342285,ok
LA_D_3635351,15.710749626159668,15.7288179397583,ok
LA_D_3635835,10.814762115478516,10.816266059875488,ok
LA_D_3636142,9.832596778869629,9.833916664123535,ok
LA_D_3637154,11.682502746582031,11.685625076293945,ok
LA_D_3639272,12.526280403137207,12.528275489807129,ok
LA_D_3639376,12.629534721374512,12.639180183410645,ok
LA_D_3639895,12.799891471862793,12.807374000549316,ok
LA_D_3641330,12.253669738769531,12.253779411315918,ok
LA_D_3642434,23.19685173034668,23.20234489440918,ok
LA_D_3643887,14.856274604797363,14.861549377441406,ok
LA_D_3645082,8.564959526062012,8.565282821655273,ok
LA_D_3645170,14.912227630615234,14.913799285888672,ok
LA_D_3646040,13.879629135131836,13.886322975158691,ok
LA_D_3646143,13.728083610534668,13.729691505432129,ok
LA_D_3648769,12.991273880004883,12.992571830749512,ok
LA_D_3649862,14.84830093383789,14.874388694763184,ok
LA_D_3651367,13.60898208618164,13.619349479675293,ok
LA_D_3652898,13.154101371765137,13.167038917541504,ok
LA_D_3653770,18.71695327758789,18.722862243652344,ok
LA_D_3654875,15.053930282592773,15.10782527923584,ok
LA_D_3655047,13.7089262008667,13.7151517868042,ok
LA_D_3655500,-15.140872955322266,-15.14371395111084,ok
LA_D_3655812,12.22746753692627,12.234583854675293,ok
LA_D_3658031,15.385396003723145,15.420720100402832,ok
LA_D_3659236,17.3149471282959,17.334394454956055,ok
LA_D_3660282,13.242996215820312,13.256245613098145,ok
LA_D_3662303,12.431160926818848,12.441031455993652,ok
LA_D_3662875,13.329059600830078,13.333353996276855,ok
LA_D_3663843,13.171273231506348,13.185266494750977,ok
LA_D_3664298,13.178759574890137,13.189136505126953,ok
LA_D_3664914,10.474016189575195,10.47392463684082,ok
LA_D_3666430,9.642403602600098,9.651065826416016,ok
LA_D_3666804,12.876679420471191,12.878412246704102,ok
LA_D_3666824,12.888362884521484,12.895357131958008,ok
LA_D_3668484,-13.362483978271484,-13.362577438354492,ok
LA_D_3668631,12.907139778137207,12.915602684020996,ok
LA_D_3668954,7.349007606506348,7.3576579093933105,ok
LA_D_3669578,-7.404977321624756,-7.405378818511963,ok
LA_D_3669836,17.19132423400879,17.21052360534668,ok
LA_D_3671059,11.124252319335938,11.127021789550781,ok
LA_D_3671184,13.742605209350586,13.766095161437988,ok
LA_D_3671224,17.778226852416992,17.781667709350586,ok
LA_D_3671795,13.205513954162598,13.21981143951416,ok
LA_D_3672445,16.38355827331543,16.3972225189209,ok
LA_D_3673082,13.439266204833984,13.447770118713379,ok
LA_D_3673596,15.604694366455078,15.610821723937988,ok
LA_D_3673803,10.190143585205078,10.190143585205078,ok
LA_D_3674440,11.292479515075684,11.29788875579834,ok
LA_D_3674534,13.498273849487305,13.499825477600098,ok
LA_D_3674928,12.16260814666748,12.174260139465332,ok
LA_D_3675542,16.938512802124023,16.96444320678711,ok
LA_D_3675685,14.67891788482666,14.686802864074707,ok
LA_D_3675957,15.725440979003906,15.749329566955566,ok
LA_D_3676772,10.33255386352539,10.33174991607666,ok
LA_D_3676923,11.076830863952637,11.105134010314941,ok
LA_D_3678117,9.983668327331543,9.983748435974121,ok
LA_D_3679086,14.334968566894531,14.347219467163086,ok
LA_D_3679618,19.15436553955078,19.159048080444336,ok
LA_D_3680733,12.288172721862793,12.288002967834473,ok
LA_D_3681485,14.832449913024902,14.838401794433594,ok
LA_D_3681599,15.387222290039062,15.410341262817383,ok
LA_D_3682065,11.957503318786621,11.970036506652832,ok
LA_D_3682613,12.592630386352539,12.592832565307617,ok
LA_D_3683215,15.36556339263916,15.378743171691895,ok
LA_D_3685390,16.51207733154297,16.521875381469727,ok
LA_D_3687327,11.275558471679688,11.303437232971191,ok
LA_D_3687811,18.972076416015625,19.018484115600586,ok
LA_D_3688613,16.095895767211914,16.122303009033203,ok
LA_D_3688837,18.26705551147461,18.29082489013672,ok
LA_D_3689048,12.781126022338867,12.808123588562012,ok
LA_D_3690604,7.977862358093262,7.9873785972595215,ok
LA_D_3691360,-13.791800498962402,-13.798975944519043,ok
LA_D_3691538,16.364866256713867,16.416358947753906,ok
LA_D_3691736,15.846445083618164,15.859162330627441,ok
LA_D_3691914,13.634651184082031,13.658034324645996,ok
LA_D_3694012,16.069211959838867,16.105003356933594,ok
LA_D_3694037,9.144952774047852,9.15229606628418,ok
LA_D_3694349,8.374942779541016,8.375215530395508,ok
LA_D_3695422,16.129716873168945,16.142202377319336,ok
LA_D_3695649,14.274463653564453,14.285714149475098,ok
LA_D_3697262,13.943398475646973,13.944951057434082,ok
LA_D_3698358,-13.834619522094727,-13.835820198059082,ok
LA_D_3700696,11.655807495117188,11.659893989562988,ok
LA_D_3701247,16.691720962524414,16.700517654418945,ok
LA_D_3703420,11.54515266418457,11.546756744384766,ok
LA_D_3703706,14.781638145446777,14.782649040222168,ok
LA_D_3703829,5.373244762420654,5.3746418952941895,ok
LA_D_3705070,17.4202880859375,17.445770263671875,ok
LA_D_3706083,-14.171470642089844,-14.175461769104004,ok
LA_D_3706159,11.78115177154541,11.788370132446289,ok
LA_D_3707430,14.601701736450195,14.620453834533691,ok
LA_D_3707499,14.451482772827148,14.460265159606934,ok
LA_D_3707801,15.267135620117188,15.279133796691895,ok
LA_D_3708116,14.37944507598877,14.391280174255371,ok
LA_D_3709016,13.267656326293945,13.26810073852539,ok
LA_D_3709912,15.343039512634277,15.357012748718262,ok
LA_D_3710720,15.221207618713379,15.223889350891113,ok
LA_D_3711375,13.434652328491211,13.44140625,ok
LA_D_3712672,15.280029296875,15.302960395812988,ok
LA_D_3712860,16.853368759155273,16.890512466430664,ok
LA_D_3713460,14.95425796508789,14.95877456665039,ok
LA_D_3713639,14.505471229553223,14.556015968322754,ok
LA_D_3713729,12.444692611694336,12.449677467346191,ok
LA_D_3714587,15.042216300964355,15.042267799377441,ok
LA_D_3720476,10.834284782409668,10.8371000289917,ok
LA_D_3720743,10.914566993713379,10.921976089477539,ok
LA_D_3721304,11.428801536560059,11.42939281463623,ok
LA_D_3725212,16.02236557006836,16.077680587768555,ok
LA_D_3725938,8.04699993133545,8.047067642211914,ok
LA_D_3726596,18.633596420288086,18.659482955932617,ok
LA_D_3727464,8.43099594116211,8.431464195251465,ok
LA_D_3727622,17.951520919799805,17.95232391357422,ok
LA_D_3731175,-12.729686737060547,-12.749842643737793,ok
LA_D_3732490,14.836019515991211,14.857283592224121,ok
LA_D_3732635,14.077655792236328,14.091039657592773,ok
LA_D_3733302,13.039283752441406,13.040511131286621,ok
LA_D_3733779,-10.808302879333496,-10.811911582946777,ok
LA_D_3734390,9.604513168334961,9.604687690734863,ok
LA_D_3736436,16.569974899291992,16.570266723632812,ok
LA_D_3736974,13.56610107421875,13.571516990661621,ok
LA_D_3737744,17.035404205322266,17.072067260742188,ok
LA_D_3738196,12.451054573059082,12.461600303649902,ok
LA_D_3740186,11.83194351196289,11.83717155456543,ok
LA_D_3740798,13.091334342956543,13.099102973937988,ok
LA_D_3741233,4.608286380767822,4.608886241912842,ok
LA_D_3741474,16.185712814331055,16.188175201416016,ok
LA_D_3741607,16.11014175415039,16.136314392089844,ok
LA_D_3741865,15.76167106628418,15.76810073852539,ok
LA_D_3742795,17.212505340576172,17.222196578979492,ok
LA_D_3743022,15.943804740905762,15.985060691833496,ok
LA_D_3743658,16.629743576049805,16.638729095458984,ok
LA_D_3744491,11.9895601272583,11.98987865447998,ok
LA_D_3745321,16.463987350463867,16.47319221496582,ok
LA_D_3746211,-14.108723640441895,-14.11757755279541,ok
LA_D_3746495,9.756263732910156,9.758023262023926,ok
LA_D_3746592,13.57636833190918,13.58500862121582,ok
LA_D_3746754,16.318103790283203,16.33119773864746,ok
LA_D_3747854,7.976900577545166,7.977111339569092,ok
LA_D_3749584,21.257123947143555,21.290544509887695,ok
LA_D_3749655,15.27489185333252,15.274896621704102,ok
LA_D_3749921,15.015547752380371,15.0293550491333,ok
LA_D_3750214,11.31535816192627,11.325650215148926,ok
LA_D_3750321,11.053677558898926,11.053715705871582,ok
LA_D_3750938,5.264991760253906,5.272759914398193,ok
LA_D_3751177,13.526045799255371,13.54378604888916,ok
LA_D_3751233,11.97939395904541,12.002431869506836,ok
LA_D_3752691,10.60948657989502,10.610071182250977,ok
LA_D_3752882,15.559732437133789,15.60866641998291,ok
LA_D_3753443,15.554008483886719,15.56187629699707,ok
LA_D_3753747,19.33546257019043,19.339014053344727,ok
LA_D_3754318,15.734402656555176,15.734881401062012,ok
LA_D_3754369,11.350905418395996,11.363890647888184,ok
LA_D_3757923,12.922635078430176,12.931867599487305,ok
LA_D_3758904,15.152291297912598,15.155768394470215,ok
LA_D_3759608,15.066285133361816,15.087483406066895,ok
LA_D_3759918,16.426759719848633,16.4884090423584,ok
LA_D_3760422,10.97424030303955,10.981646537780762,ok
LA_D_3761372,13.60168170928955,13.61919116973877,ok
LA_D_3762414,10.181329727172852,10.183967590332031,ok
LA_D_3762985,16.240814208984375,16.243419647216797,ok
LA_D_3763099,9.335586547851562,9.346552848815918,ok
LA_D_3763362,11.002510070800781,11.004509925842285,ok
LA_D_3765509,1.504372000694275,1.4961448907852173,ok
LA_D_3766019,8.8665132522583,8.86603832244873,ok
LA_D_3767360,14.217967987060547,14.2204008102417,ok
LA_D_3767648,15.848969459533691,15.853001594543457,ok
LA_D_3767704,15.809389114379883,15.82111644744873,ok
LA_D_3768058,6.33226203918457,6.326523780822754,ok
LA_D_3768185,14.851582527160645,14.874176979064941,ok
LA_D_3769543,9.600102424621582,9.601767539978027,ok
LA_D_3770674,-14.684503555297852,-14.701764106750488,ok
LA_D_3770745,16.633005142211914,16.639862060546875,ok
LA_D_3770754,16.64943504333496,16.655614852905273,ok
LA_D_3771019,16.118816375732422,16.157535552978516,ok
LA_D_3771563,10.839014053344727,10.839072227478027,ok
LA_D_3771602,13.92411994934082,13.924176216125488,ok
LA_D_3772496,16.315242767333984,16.325740814208984,ok
LA_D_3772573,13.682246208190918,13.700889587402344,ok
LA_D_3773329,15.75091552734375,15.775288581848145,ok
LA_D_3773558,11.236624717712402,11.234698295593262,ok
LA_D_3774026,18.650924682617188,18.688169479370117,ok
LA_D_3774137,-15.30330753326416,-15.326558113098145,ok
LA_D_3775288,11.558208465576172,11.589323997497559,ok
LA_D_3775667,12.925152778625488,12.92538833618164,ok
LA_D_3775817,10.497788429260254,10.504894256591797,ok
LA_D_3775896,8.325420379638672,8.327488899230957,ok
LA_D_3776249,12.4404935836792,12.442527770996094,ok
LA_D_3776327,15.03907299041748,15.047661781311035,ok
LA_D_3776414,-12.106637001037598,-12.110428810119629,ok
LA_D_3777012,15.77031135559082,15.774199485778809,ok
LA_D_3777358,11.837617874145508,11.83757495880127,ok
LA_D_3777433,18.196495056152344,18.232736587524414,ok
LA_D_3777702,12.553435325622559,12.561882972717285,ok
LA_D_3778535,14.980256080627441,14.988319396972656,ok
LA_D_3779051,13.302428245544434,13.34453296661377,ok
LA_D_3780178,12.418560981750488,12.418778419494629,ok
LA_D_3780481,13.575864791870117,13.601373672485352,ok
LA_D_3780562,16.68759536743164,16.728931427001953,ok
LA_D_3781670,-13.459497451782227,-13.460253715515137,ok
LA_D_3782076,19.04045295715332,19.05497932434082,ok
LA_D_3782739,18.308273315429688,18.319499969482422,ok
LA_D_3783520,16.141382217407227,16.146949768066406,ok
LA_D_3783864,15.268837928771973,15.278573036193848,ok
LA_D_3784534,10.75097370147705,10.768670082092285,ok
LA_D_3785236,15.255791664123535,15.263313293457031,ok
LA_D_3787070,-13.0503511428833,-13.060914039611816,ok
LA_D_3787257,17.878000259399414,17.888845443725586,ok
LA_D_3787464,-15.614336013793945,-15.618324279785156,ok
LA_D_3788427,16.233152389526367,16.348087310791016,ok
LA_D_3788624,15.765091896057129,15.810449600219727,ok
LA_D_3788675,16.719810485839844,16.722455978393555,ok
LA_D_3789724,14.130411148071289,14.151062965393066,ok
LA_D_3789801,15.500364303588867,15.507262229919434,ok
LA_D_3790568,14.808113098144531,14.823602676391602,ok
LA_D_3791494,16.959712982177734,16.97393226623535,ok
LA_D_3792366,15.673070907592773,15.674256324768066,ok
LA_D_3792397,-15.472052574157715,-15.51403522491455,ok
LA_D_3792583,13.038942337036133,13.057183265686035,ok
LA_D_3792705,7.553805828094482,7.553827285766602,ok
LA_D_3793172,19.087678909301758,19.13092613220215,ok
LA_D_3794623,14.493880271911621,14.497204780578613,ok
LA_D_3794629,13.160646438598633,13.169553756713867,ok
LA_D_3795179,17.680206298828125,17.724767684936523,ok
LA_D_3795570,10.562520027160645,10.567618370056152,ok
LA_D_3795890,10.564554214477539,10.57112979888916,ok
LA_D_3796498,-12.49295711517334,-12.514233589172363,ok
LA_D_3797749,-14.802275657653809,-14.865785598754883,ok
LA_D_3798024,8.431246757507324,8.427535057067871,ok
LA_D_3799314,19.510202407836914,19.514814376831055,ok
LA_D_3799415,7.975318431854248,7.975334644317627,ok
LA_D_3799822,15.723350524902344,15.72377872467041,ok
LA_D_3802210,11.538375854492188,11.53842830657959,ok
LA_D_3802962,15.141915321350098,15.148923873901367,ok
LA_D_3803714,16.34445571899414,16.344345092773438,ok
LA_D_3803791,14.547395706176758,14.547982215881348,ok
LA_D_3804397,11.40793514251709,11.408358573913574,ok
LA_D_3805827,15.048664093017578,15.04776668548584,ok
LA_D_3806582,15.623344421386719,15.623281478881836,ok
LA_D_3807326,15.01502799987793,15.030167579650879,ok
LA_D_3808030,18.001468658447266,18.001325607299805,ok
LA_D_3810542,-11.035309791564941,-11.039566040039062,ok
LA_D_3811484,12.975933074951172,12.987116813659668,ok
LA_D_3811662,15.003378868103027,15.098731994628906,ok
LA_D_3813018,13.812209129333496,13.832887649536133,ok
LA_D_3814257,12.17057991027832,12.171534538269043,ok
LA_D_3814355,14.341364860534668,14.356978416442871,ok
LA_D_3814791,14.341630935668945,14.351176261901855,ok
LA_D_3815316,13.772754669189453,13.775103569030762,ok
LA_D_3815884,16.416513442993164,16.441715240478516,ok
LA_D_3819582,17.201011657714844,17.205862045288086,ok
LA_D_3820104,13.027339935302734,13.036734580993652,ok
LA_D_3820911,14.435163497924805,14.460655212402344,ok
LA_D_3821359,11.200528144836426,11.204352378845215,ok
LA_D_3822372,10.997467041015625,11.006945610046387,ok
LA_D_3822874,13.97083568572998,13.97255802154541,ok
LA_D_3823574,13.855323791503906,13.855417251586914,ok
LA_D_3823928,9.977104187011719,9.997796058654785,ok
LA_D_3825048,16.071882247924805,16.072080612182617,ok
LA_D_3825329,13.435192108154297,13.445233345031738,ok
LA_D_3826920,14.47665786743164,14.499826431274414,ok
LA_D_3827873,12.060056686401367,12.065339088439941,ok
LA_D_3828014,16.678895950317383,16.705974578857422,ok
LA_D_3828841,4.291377067565918,4.29088830947876,ok
LA_D_3828893,9.18563461303711,9.186978340148926,ok
LA_D_3829330,15.940900802612305,15.950146675109863,ok
LA_D_3830921,10.793947219848633,10.793054580688477,ok
LA_D_3831261,14.51290225982666,14.528964042663574,ok
LA_D_3831306,11.11329460144043,11.118467330932617,ok
LA_D_3833623,9.419760704040527,9.422268867492676,ok
LA_D_3834961,13.664063453674316,13.712035179138184,ok
LA_D_3835319,11.85035228729248,11.855219841003418,ok
LA_D_3837714,13.524620056152344,13.524685859680176,ok
LA_D_3838632,21.958820343017578,22.015520095825195,ok
LA_D_3840866,11.268664360046387,11.268288612365723,ok
LA_D_3843488,16.846281051635742,16.85642433166504,ok
LA_D_3843705,14.767818450927734,14.783905982971191,ok
LA_D_3843887,14.256316184997559,14.284595489501953,ok
LA_D_3845484,11.749822616577148,11.750567436218262,ok
LA_D_3847966,17.482269287109375,17.50739860534668,ok
LA_D_3848465,11.593365669250488,11.595906257629395,ok
LA_D_3848625,12.314595222473145,12.332042694091797,ok
LA_D_3849533,18.339679718017578,18.347047805786133,ok
LA_D_3850425,12.640219688415527,12.643855094909668,ok
LA_D_3851125,12.48356819152832,12.494621276855469,ok
LA_D_3851144,16.9074764251709,16.917781829833984,ok
LA_D_3851855,-12.234627723693848,-12.246993064880371,ok
LA_D_3851996,-13.2267427444458,-13.23194408416748,ok
LA_D_3852341,16.365962982177734,16.383989334106445,ok
LA_D_3852849,17.933732986450195,17.953643798828125,ok
LA_D_3854807,13.699615478515625,13.70346736907959,ok
LA_D_3855845,4.882742881774902,4.885384559631348,ok
LA_D_3857058,-13.91358757019043,-13.924601554870605,ok
LA_D_3857446,-14.614923477172852,-14.63968563079834,ok
LA_D_3857630,16.48436737060547,16.505876541137695,ok
LA_D_3858607,11.818828582763672,11.881714820861816,ok
LA_D_3859466,15.551440238952637,15.578412055969238,ok
LA_D_3860312,-8.2659273147583,-8.266341209411621,ok
LA_D_3860524,16.20217514038086,16.224872589111328,ok
LA_D_3861037,11.280637741088867,11.283510208129883,ok
LA_D_3861045,16.50077247619629,16.505468368530273,ok
LA_D_3861154,-8.154914855957031,-8.155157089233398,ok
LA_D_3862599,17.56597900390625,17.574777603149414,ok
LA_D_3862793,18.125600814819336,18.128597259521484,ok
LA_D_3862795,14.975996017456055,14.985250473022461,ok
LA_D_3863318,13.4843111038208,13.491377830505371,ok
LA_D_3863951,12.760963439941406,12.763300895690918,ok
LA_D_3864419,15.247335433959961,15.337374687194824,ok
LA_D_3864495,14.198052406311035,14.214550971984863,ok
LA_D_3865981,10.300373077392578,10.304315567016602,ok
LA_D_3866941,9.928186416625977,9.973076820373535,ok
LA_D_3867494,12.336125373840332,12.338282585144043,ok
LA_D_3868002,16.057106018066406,16.073101043701172,ok
LA_D_3868258,16.358797073364258,16.379980087280273,ok
LA_D_3870318,17.853166580200195,17.865434646606445,ok
LA_D_3871798,15.081746101379395,15.098559379577637,ok
LA_D_3872770,11.491595268249512,11.491850852966309,ok
LA_D_3873126,14.570810317993164,14.572976112365723,ok
LA_D_3874085,11.9649658203125,11.983473777770996,ok
LA_D_3874710,13.170319557189941,13.18454647064209,ok
LA_D_3876769,9.028765678405762,9.033287048339844,ok
LA_D_3878527,13.918781280517578,13.920452117919922,ok
LA_D_3879195,13.615548133850098,13.628743171691895,ok
LA_D_3879227,12.067980766296387,12.072125434875488,ok
LA_D_3880845,14.337285995483398,14.361303329467773,ok
LA_D_3882685,17.092926025390625,17.10736656188965,ok
LA_D_3883337,13.92070484161377,13.922028541564941,ok
LA_D_3884249,12.706284523010254,12.711304664611816,ok
LA_D_3884845,14.828433990478516,14.872891426086426,ok
LA_D_3887131,16.755064010620117,16.787752151489258,ok
LA_D_3887452,-12.988348960876465,-12.988572120666504,ok
LA_D_3888719,14.358245849609375,14.3684663772583,ok
LA_D_3888968,16.998497009277344,17.00830078125,ok
LA_D_3890187,20.057275772094727,20.058252334594727,ok
LA_D_3890727,14.244542121887207,14.247594833374023,ok
LA_D_3891696,-16.18964958190918,-16.19352912902832,ok
LA_D_3892057,-11.487300872802734,-11.490023612976074,ok
LA_D_3893271,16.61492347717285,16.642362594604492,ok
LA_D_3895547,20.448820114135742,20.46134376525879,ok
LA_D_3895551,-12.604687690734863,-12.615949630737305,ok
LA_D_3896851,19.18825340270996,19.216602325439453,ok
LA_D_3898085,-12.30544662475586,-12.311753273010254,ok
LA_D_3898333,16.643129348754883,16.682865142822266,ok
LA_D_3898925,9.916142463684082,9.974276542663574,ok
LA_D_3901273,16.25455665588379,16.278223037719727,ok
LA_D_3902856,15.245595932006836,15.257893562316895,ok
LA_D_3903402,16.286521911621094,16.299850463867188,ok
LA_D_3905848,11.168758392333984,11.169129371643066,ok
LA_D_3907778,-12.536785125732422,-12.536921501159668,ok
LA_D_3908047,14.408263206481934,14.415549278259277,ok
LA_D_3909128,15.984943389892578,16.003629684448242,ok
LA_D_3911013,17.85948944091797,17.85978889465332,ok
LA_D_3912485,13.99742317199707,14.01241397857666,ok
LA_D_3913064,11.98038387298584,11.981772422790527,ok
LA_D_3913569,16.350189208984375,16.442026138305664,ok
LA_D_3913882,15.808453559875488,15.8119535446167,ok
LA_D_3914448,12.940823554992676,12.94543170928955,ok
LA_D_3914511,19.456829071044922,19.55304527282715,ok
LA_D_3914541,15.204073905944824,15.208648681640625,ok
LA_D_3914577,7.752435684204102,7.752472400665283,ok
LA_D_3914594,15.9181547164917,15.937868118286133,ok
LA_D_3914684,18.71768569946289,18.71879768371582,ok
LA_D_3915707,12.884251594543457,12.8886079788208,ok
LA_D_3916686,12.826678276062012,12.829310417175293,ok
LA_D_3917851,14.785557746887207,14.791522979736328,ok
LA_D_3918474,17.691566467285156,17.720199584960938,ok
LA_D_3921032,12.587233543395996,12.601790428161621,ok
LA_D_3921050,8.827275276184082,8.829078674316406,ok
LA_D_3922266,-12.078810691833496,-12.10461711883545,ok
LA_D_3924068,13.40332317352295,13.404014587402344,ok
LA_D_3924244,12.86472225189209,12.87317943572998,ok
LA_D_3928290,17.446861267089844,17.517290115356445,ok
LA_D_3928764,14.676471710205078,14.686814308166504,ok
LA_D_3928922,15.718862533569336,15.73399829864502,ok
LA_D_3929323,13.610860824584961,13.61108112335205,ok
LA_D_3930165,16.35842514038086,16.370180130004883,ok
LA_D_3930677,13.638144493103027,13.65137767791748,ok
LA_D_3931288,10.850950241088867,10.865077018737793,ok
LA_D_3931322,14.200194358825684,14.208168983459473,ok
LA_D_3931549,16.62403106689453,16.62738609313965,ok
LA_D_3931582,14.368077278137207,14.384576797485352,ok
LA_D_3932504,14.015058517456055,14.019617080688477,ok
LA_D_3933506,-13.044164657592773,-13.072107315063477,ok
LA_D_3934729,11.09153938293457,11.096829414367676,ok
LA_D_3935443,14.153097152709961,14.169193267822266,ok
LA_D_3937097,13.619409561157227,13.635279655456543,ok
LA_D_3937744,14.409976959228516,14.411749839782715,ok
LA_D_3939937,18.460147857666016,18.46689796447754,ok
LA_D_3940913,-11.084918022155762,-11.093942642211914,ok
LA_D_3941447,-11.842730522155762,-11.84778118133545,ok
LA_D_3942424,12.780889511108398,12.787123680114746,ok
LA_D_3942605,9.665122985839844,9.668185234069824,ok
LA_D_3942708,13.351905822753906,13.35921573638916,ok
LA_D_3942877,9.404743194580078,9.407930374145508,ok
LA_D_3943414,16.706424713134766,16.72370719909668,ok
LA_D_3943938,17.35226058959961,17.358049392700195,ok
LA_D_3945155,12.591157913208008,12.606287956237793,ok
LA_D_3945227,13.631360054016113,13.635870933532715,ok
LA_D_3945922,14.205824851989746,14.24841022491455,ok
LA_D_3946264,14.90115737915039,14.910737037658691,ok
LA_D_3947384,-1.814471960067749,-1.8242427110671997,ok
LA_D_3947953,14.422050476074219,14.428444862365723,ok
LA_D_3949631,15.074190139770508,15.079410552978516,ok
LA_D_3949661,14.960342407226562,14.974478721618652,ok
LA_D_3951142,17.411630630493164,17.415071487426758,ok
LA_D_3951175,10.666786193847656,10.664875030517578,ok
LA_D_3952183,18.683212280273438,18.697736740112305,ok
LA_D_3954136,15.761985778808594,15.7924165725708,ok
LA_D_3956242,-12.709996223449707,-12.731633186340332,ok
LA_D_3956535,13.818105697631836,13.8295259475708,ok
LA_D_3957229,21.302621841430664,21.411205291748047,ok
LA_D_3958057,12.684174537658691,12.694561958312988,ok
LA_D_3958645,11.0748872756958,11.108256340026855,ok
LA_D_3958701,13.769793510437012,13.780315399169922,ok
LA_D_3960353,11.950201988220215,11.958878517150879,ok
LA_D_3960616,12.654479026794434,12.66684341430664,ok
LA_D_3962973,18.375917434692383,18.43092918395996,ok
LA_D_3963572,19.05794334411621,19.073122024536133,ok
LA_D_3965345,19.186100006103516,19.229236602783203,ok
LA_D_3965995,16.315473556518555,16.327373504638672,ok
LA_D_3966698,11.660127639770508,11.659438133239746,ok
LA_D_3967203,-12.77219009399414,-12.79989242553711,ok
LA_D_3967616,15.884968757629395,15.91745662689209,ok
LA_D_3969544,12.410283088684082,12.413681983947754,ok
LA_D_3969914,13.528240203857422,13.537571907043457,ok
LA_D_3970121,9.933751106262207,9.938309669494629,ok
LA_D_3970673,16.3685302734375,16.395307540893555,ok
LA_D_3971945,-1.8707318305969238,-1.894114375114441,ok
LA_D_3971956,17.583255767822266,17.590959548950195,ok
LA_D_3975146,11.421406745910645,11.480931282043457,ok
LA_D_3975408,13.11452865600586,13.118887901306152,ok
LA_D_3975996,11.623932838439941,11.636523246765137,ok
LA_D_3977034,-15.263856887817383,-15.269204139709473,ok
LA_D_3977471,16.11084747314453,16.119752883911133,ok
LA_D_3977983,18.082345962524414,18.0828857421875,ok
LA_D_3979729,14.420084953308105,14.432269096374512,ok
LA_D_3980944,17.48896598815918,17.49851417541504,ok
LA_D_3981366,17.869340896606445,17.935503005981445,ok
LA_D_3981584,-15.155965805053711,-15.156811714172363,ok
LA_D_3981689,11.701837539672852,11.7035493850708,ok
LA_D_3983088,14.068998336791992,14.121317863464355,ok
LA_D_3983406,-16.75511360168457,-16.763662338256836,ok
LA_D_3983835,20.782556533813477,20.839637756347656,ok
LA_D_3983910,13.736502647399902,13.747540473937988,ok
LA_D_3984579,14.408039093017578,14.41872501373291,ok
LA_D_3986002,-11.058210372924805,-11.068196296691895,ok
LA_D_3989236,13.43519115447998,13.442425727844238,ok
LA_D_3989246,18.385377883911133,18.400991439819336,ok
LA_D_3989469,8.490796089172363,8.521600723266602,ok
LA_D_3991844,12.732264518737793,12.732796669006348,ok
LA_D_3991910,12.573253631591797,12.577945709228516,ok
LA_D_3995155,15.37005615234375,15.373892784118652,ok
LA_D_3996355,-13.103288650512695,-13.1143798828125,ok
LA_D_3999380,-11.593591690063477,-11.595696449279785,ok
LA_D_4002788,17.511869430541992,17.52322006225586,ok
LA_D_4002921,9.00424575805664,9.006401062011719,ok
LA_D_4003135,13.897815704345703,13.899415016174316,ok
LA_D_4004968,-15.311153411865234,-15.313102722167969,ok
LA_D_4005134,12.799758911132812,12.814374923706055,ok
LA_D_4005743,8.838340759277344,8.839568138122559,ok
LA_D_4005820,6.396762371063232,6.396953105926514,ok
LA_D_4007335,17.650514602661133,17.651771545410156,ok
LA_D_4007368,10.81969928741455,10.82087516784668,ok
LA_D_4007785,14.07276439666748,14.078764915466309,ok
LA_D_4008273,16.146602630615234,16.1471004486084,ok
LA_D_4008967,14.469705581665039,14.470908164978027,ok
LA_D_4011113,15.260721206665039,15.270160675048828,ok
LA_D_4011462,14.739473342895508,14.75085735321045,ok
LA_D_4013164,-14.592264175415039,-14.59392261505127,ok
LA_D_4013189,12.659710884094238,12.664437294006348,ok
LA_D_4014487,-12.837976455688477,-12.838799476623535,ok
LA_D_4014725,8.37542724609375,8.395543098449707,ok
LA_D_4014814,17.38983726501465,17.404253005981445,ok
LA_D_4015488,15.165846824645996,15.172932624816895,ok
LA_D_4016003,-10.281418800354004,-10.308509826660156,ok
LA_D_4016591,-13.210774421691895,-13.21757698059082,ok
LA_D_4016743,-13.776747703552246,-13.777426719665527,ok
LA_D_4018947,11.567800521850586,11.576573371887207,ok
LA_D_4019274,14.159233093261719,14.163715362548828,ok
LA_D_4019473,14.843170166015625,14.8609037399292,ok
LA_D_4019987,13.360296249389648,13.374346733093262,ok
LA_D_4020788,9.984801292419434,9.991808891296387,ok
LA_D_4020807,9.257208824157715,9.258831977844238,ok
LA_D_4021153,-15.649053573608398,-15.651188850402832,ok
LA_D_4021573,-12.397699356079102,-12.405123710632324,ok
LA_D_4021676,11.764678955078125,11.766509056091309,ok
LA_D_4021977,13.776618003845215,13.808852195739746,ok
LA_D_4022532,12.997368812561035,13.011146545410156,ok
LA_D_4024245,15.052583694458008,15.060470581054688,ok
LA_D_4024567,17.174468994140625,17.176889419555664,ok
LA_D_4024701,10.634541511535645,10.640097618103027,ok
LA_D_4025786,16.50206756591797,16.501859664916992,ok
LA_D_4026006,14.073850631713867,14.087924003601074,ok
LA_D_4026230,13.84878921508789,13.856040954589844,ok
LA_D_4026264,-9.669534683227539,-9.669988632202148,ok
LA_D_4026338,10.905255317687988,10.904444694519043,ok
LA_D_4027041,13.46915054321289,13.478765487670898,ok
LA_D_4027137,13.603080749511719,13.613778114318848,ok
LA_D_4028437,13.912484169006348,13.912673950195312,ok
LA_D_4029187,18.445812225341797,18.472810745239258,ok
LA_D_4029515,15.896517753601074,15.929274559020996,ok
LA_D_4029888,11.798707008361816,11.81728458404541,ok
LA_D_4030356,15.9498291015625,15.968961715698242,ok
LA_D_4031294,8.553858757019043,8.554039001464844,ok
LA_D_4031375,12.181297302246094,12.181614875793457,ok
LA_D_4033093,-14.212186813354492,-14.2222261428833,ok
LA_D_4033240,12.784451484680176,12.795013427734375,ok
LA_D_4033330,12.979131698608398,13.0070219039917,ok
LA_D_4033961,12.960095405578613,12.97716999053955,ok
LA_D_4035138,14.076403617858887,14.120939254760742,ok
LA_D_4036070,14.027998924255371,14.041382789611816,ok
LA_D_4037283,-14.503297805786133,-14.51467227935791,ok
LA_D_4037520,11.558568954467773,11.570403099060059,ok
LA_D_4037538,13.939579010009766,13.940460205078125,ok
LA_D_4037663,14.174314498901367,14.189175605773926,ok
LA_D_4038636,16.724241256713867,16.724910736083984,ok
LA_D_4039179,10.06287670135498,10.062962532043457,ok
LA_D_4039301,16.054231643676758,16.09213638305664,ok
LA_D_4039557,13.861373901367188,13.882964134216309,ok
LA_D_4039836,17.088211059570312,17.101999282836914,ok
LA_D_4042844,15.848994255065918,15.85204792022705,ok
LA_D_4042958,12.189730644226074,12.195826530456543,ok
LA_D_4043027,-12.889678001403809,-12.891819953918457,ok
LA_D_4043035,14.995705604553223,15.002249717712402,ok
LA_D_4043306,-16.820636749267578,-16.82132339477539,ok
LA_D_4044356,15.774681091308594,15.782801628112793,ok
LA_D_4044969,14.023138999938965,14.027754783630371,ok
LA_D_4045695,12.891249656677246,12.89435863494873,ok
LA_D_4046048,14.555828094482422,14.599702835083008,ok
LA_D_4046580,11.669506072998047,11.681805610656738,ok
LA_D_4046673,15.695130348205566,15.706814765930176,ok
LA_D_4046741,12.501555442810059,12.525762557983398,ok
LA_D_4046895,13.577320098876953,13.600459098815918,ok
LA_D_4046963,15.344003677368164,15.344173431396484,ok
LA_D_4048306,16.38094711303711,16.396581649780273,ok
LA_D_4048880,10.888395309448242,10.894874572753906,ok
LA_D_4051775,12.69281005859375,12.69304084777832,ok
LA_D_4052162,12.691065788269043,12.698395729064941,ok
LA_D_4052216,-14.582795143127441,-14.59284496307373,ok
LA_D_4052276,8.713394165039062,8.71374797821045,ok
LA_D_4052746,-13.395668029785156,-13.424735069274902,ok
LA_D_4055045,7.461300373077393,7.4632391929626465,ok
LA_D_4056923,12.991724967956543,12.999120712280273,ok
LA_D_4057142,-12.11198902130127,-12.112469673156738,ok
LA_D_4057176,18.459505081176758,18.60199546813965,ok
LA_D_4058412,17.1102352142334,17.110944747924805,ok
LA_D_4058547,12.306467056274414,12.311978340148926,ok
LA_D_4058844,17.73440170288086,17.79909324645996,ok
LA_D_4061704,12.172080993652344,12.175124168395996,ok
LA_D_4062551,8.999211311340332,9.0000638961792,ok
LA_D_4062752,13.623627662658691,13.631324768066406,ok
LA_D_4063282,13.08381175994873,13.099967956542969,ok
LA_D_4064599,12.530900001525879,12.537827491760254,ok
LA_D_4067176,11.594379425048828,11.594505310058594,ok
LA_D_4067593,10.294593811035156,10.294947624206543,ok
LA_D_4067852,15.05876636505127,15.086545944213867,ok
LA_D_4067937,16.35127830505371,16.35948371887207,ok
LA_D_4069031,21.13106918334961,21.173452377319336,ok
LA_D_4070411,8.601099014282227,8.603516578674316,ok
LA_D_4071164,15.032071113586426,15.033835411071777,ok
LA_D_4072040,3.838012933731079,3.836984872817993,ok
LA_D_4073647,11.225968360900879,11.24019718170166,ok
LA_D_4073939,19.387948989868164,19.41567039489746,ok
LA_D_4074087,19.313608169555664,19.371334075927734,ok
LA_D_4074277,13.584982872009277,13.608176231384277,ok
LA_D_4075366,10.177337646484375,10.188499450683594,ok
LA_D_4075891,13.606081008911133,13.711228370666504,ok
LA_D_4075975,18.226835250854492,18.230012893676758,ok
LA_D_4076013,15.370474815368652,15.371509552001953,ok
LA_D_4076814,-12.096087455749512,-12.09805965423584,ok
LA_D_4076908,19.479440689086914,19.524866104125977,ok
LA_D_4079102,17.239931106567383,17.247844696044922,ok
LA_D_4079359,14.404806137084961,14.405145645141602,ok
LA_D_4080966,15.029864311218262,15.046363830566406,ok
LA_D_4081483,8.205156326293945,8.225918769836426,ok
LA_D_4082852,22.84345245361328,22.84779167175293,ok
LA_D_4083446,7.716990947723389,7.71332311630249,ok
LA_D_4083478,-15.16187572479248,-15.167581558227539,ok
LA_D_4083902,12.369182586669922,12.369908332824707,ok
LA_D_4084629,13.553369522094727,13.571098327636719,ok
LA_D_4085373,10.04704761505127,10.04842472076416,ok
LA_D_4085392,20.647058486938477,20.712934494018555,ok
LA_D_4087816,14.430682182312012,14.431723594665527,ok
LA_D_4088889,10.097871780395508,10.13144588470459,ok
LA_D_4089906,13.006680488586426,13.024596214294434,ok
LA_D_4091821,13.81682014465332,13.830184936523438,ok
LA_D_4091974,15.828770637512207,15.833823204040527,ok
LA_D_4093216,16.75617790222168,16.77686882019043,ok
LA_D_4094129,15.19150161743164,15.193461418151855,ok
LA_D_4095002,15.037551879882812,15.079645156860352,ok
LA_D_4095293,-9.916037559509277,-9.919787406921387,ok
LA_D_4095496,14.574246406555176,14.582449913024902,ok
LA_D_4096026,14.995001792907715,15.040592193603516,ok
LA_D_4099396,14.378198623657227,14.386714935302734,ok
LA_D_4099499,15.495933532714844,15.500242233276367,ok
LA_D_4099596,11.645788192749023,11.6506986618042,ok
LA_D_4101216,-14.314613342285156,-14.315326690673828,ok
LA_D_4101246,16.309066772460938,16.320981979370117,ok
LA_D_4102879,14.024613380432129,14.031542778015137,ok
LA_D_4103125,15.800000190734863,15.822983741760254,ok
LA_D_4103449,3.4385530948638916,3.4485909938812256,ok
LA_D_4104036,18.136682510375977,18.139204025268555,ok
LA_D_4104349,12.386672019958496,12.387099266052246,ok
LA_D_4105672,8.635847091674805,8.636645317077637,ok
LA_D_4106360,-14.981534004211426,-14.987763404846191,ok
LA_D_4107017,16.84002685546875,16.92255401611328,ok
LA_D_4107126,15.886432647705078,15.904500007629395,ok
LA_D_4107279,10.142403602600098,10.144364356994629,ok
LA_D_4108210,11.969643592834473,11.986311912536621,ok
LA_D_4108558,15.430730819702148,15.460139274597168,ok
LA_D_4108953,12.692938804626465,12.701691627502441,ok
LA_D_4110412,15.12646198272705,15.137425422668457,ok
LA_D_4110914,15.99440860748291,15.995146751403809,ok
LA_D_4111379,12.570534706115723,12.576876640319824,ok
LA_D_4113219,14.612688064575195,14.615848541259766,ok
LA_D_4113356,12.579126358032227,12.589137077331543,ok
LA_D_4113491,15.521260261535645,15.528289794921875,ok
LA_D_4114596,16.682218551635742,16.68644905090332,ok
LA_D_4116325,10.080177307128906,10.080206871032715,ok
LA_D_4116714,13.932883262634277,13.959704399108887,ok
LA_D_4117970,10.818309783935547,10.82172679901123,ok
LA_D_4119404,14.536866188049316,14.542019844055176,ok
LA_D_4119592,12.755126953125,12.762665748596191,ok
LA_D_4121148,12.602278709411621,12.604022979736328,ok
LA_D_4121278,12.681739807128906,12.682156562805176,ok
LA_D_4121809,8.13588809967041,8.147004127502441,ok
LA_D_4122895,15.948894500732422,15.963227272033691,ok
LA_D_4123062,17.806119918823242,17.8118839263916,ok
LA_D_4123108,12.795862197875977,12.803220748901367,ok
LA_D_4123677,-14.161226272583008,-14.177566528320312,ok
LA_D_4123679,12.970335960388184,12.983139038085938,ok
LA_D_4124707,-13.87434196472168,-13.87621021270752,ok
LA_D_4127237,12.779396057128906,12.780314445495605,ok
LA_D_4127746,11.108686447143555,11.107016563415527,ok
LA_D_4128580,11.69732666015625,11.70582389831543,ok
LA_D_4128802,12.356380462646484,12.356807708740234,ok
LA_D_4130527,15.445704460144043,15.491183280944824,ok
LA_D_4131648,18.70194435119629,18.74532127380371,ok
LA_D_4131978,12.764183044433594,12.764233589172363,ok
LA_D_4132005,17.133913040161133,17.138887405395508,ok
LA_D_4134915,11.249112129211426,11.319695472717285,ok
LA_D_4135542,13.993537902832031,13.998286247253418,ok
LA_D_4136401,10.297569274902344,10.303483009338379,ok
LA_D_4137927,-6.234370708465576,-6.239429950714111,ok
LA_D_4140612,12.941287994384766,12.94910717010498,ok
LA_D_4140711,15.33864688873291,15.349258422851562,ok
LA_D_4140724,13.78339672088623,13.808124542236328,ok
LA_D_4141520,17.069459915161133,17.092565536499023,ok
LA_D_4142294,15.440999031066895,15.453168869018555,ok
LA_D_4142832,17.580204010009766,17.593032836914062,ok
LA_D_4143632,15.885673522949219,15.894892692565918,ok
LA_D_4143635,13.095192909240723,13.096184730529785,ok
LA_D_4144411,13.2620849609375,13.33561897277832,ok
LA_D_4146741,-12.668364524841309,-12.67576789855957,ok
LA_D_4148714,16.763717651367188,16.7664794921875,ok
LA_D_4148744,12.82754898071289,12.833313941955566,ok
LA_D_4148951,12.737098693847656,12.7658109664917,ok
LA_D_4149777,15.588923454284668,15.59047794342041,ok
LA_D_4150517,17.823957443237305,17.82927894592285,ok
LA_D_4151774,-13.86153507232666,-13.863757133483887,ok
LA_D_4153076,14.344892501831055,14.344998359680176,ok
LA_D_4154332,15.293991088867188,15.325921058654785,ok
LA_D_4154887,-11.111289978027344,-11.111716270446777,ok
LA_D_4155987,17.44393539428711,17.451007843017578,ok
LA_D_4156717,16.088075637817383,16.090360641479492,ok
LA_D_4156807,-14.090893745422363,-14.110945701599121,ok
LA_D_4157572,11.128445625305176,11.130378723144531,ok
LA_D_4157946,10.47697925567627,10.490986824035645,ok
LA_D_4158625,11.90498161315918,11.90952205657959,ok
LA_D_4158867,13.41051959991455,13.419142723083496,ok
LA_D_4160780,16.75392723083496,16.761281967163086,ok
LA_D_4160962,-12.915541648864746,-12.915881156921387,ok
LA_D_4162885,12.857683181762695,12.859373092651367,ok
LA_D_4163700,19.632360458374023,19.6453914642334,ok
LA_D_4163754,14.461613655090332,14.500194549560547,ok
LA_D_4164238,13.386675834655762,13.385869979858398,ok
LA_D_4164409,15.97764778137207,15.983586311340332,ok
LA_D_4164660,13.178960800170898,13.189471244812012,ok
LA_D_4164777,11.557164192199707,11.557246208190918,ok
LA_D_4165061,5.421313762664795,5.435033321380615,ok
LA_D_4166028,15.835363388061523,15.871861457824707,ok
LA_D_4166644,-15.040887832641602,-15.04333782196045,ok
LA_D_4167033,14.087509155273438,14.125544548034668,ok
LA_D_4167431,15.25286865234375,15.259712219238281,ok
LA_D_4168527,-11.178200721740723,-11.197712898254395,ok
LA_D_4169547,12.239882469177246,12.27640438079834,ok
LA_D_4171064,14.119836807250977,14.136163711547852,ok
LA_D_4171217,17.38294219970703,17.40325164794922,ok
LA_D_4171570,14.839665412902832,14.864070892333984,ok
LA_D_4171941,11.561545372009277,11.564351081848145,ok
LA_D_4172288,13.661286354064941,13.662758827209473,ok
LA_D_4173079,19.278305053710938,19.283870697021484,ok
LA_D_4174255,18.121252059936523,18.14972496032715,ok
LA_D_4174389,-13.754135131835938,-13.75537109375,ok
LA_D_4174420,-14.84719181060791,-14.852386474609375,ok
LA_D_4176167,12.394355773925781,12.39452838897705,ok
LA_D_4179863,11.836215019226074,11.847780227661133,ok
LA_D_4180382,12.063036918640137,12.067963600158691,ok
LA_D_4180571,6.603572845458984,6.597911357879639,ok
LA_D_4181398,14.798145294189453,14.80985164642334,ok
LA_D_4181484,13.666725158691406,13.668852806091309,ok
LA_D_4181824,8.795479774475098,8.795268058776855,ok
LA_D_4182338,18.966129302978516,18.991456985473633,ok
LA_D_4182510,13.515562057495117,13.523507118225098,ok
LA_D_4182578,14.953361511230469,14.981255531311035,ok
LA_D_4183063,14.25638484954834,14.26637077331543,ok
LA_D_4184441,12.557024955749512,12.57999038696289,ok
LA_D_4184582,9.9166841506958,9.925329208374023,ok
LA_D_4185000,13.775921821594238,13.791581153869629,ok
LA_D_4185259,12.837449073791504,12.840692520141602,ok
LA_D_4185261,11.437684059143066,11.439278602600098,ok
LA_D_4187195,20.24555778503418,20.246809005737305,ok
LA_D_4187375,13.254422187805176,13.254931449890137,ok
LA_D_4189838,14.627542495727539,14.630148887634277,ok
LA_D_4189888,15.514596939086914,15.530800819396973,ok
LA_D_4190213,12.241722106933594,12.241616249084473,ok
LA_D_4190797,15.342842102050781,15.353020668029785,ok
LA_D_4190801,16.138402938842773,16.139423370361328,ok
LA_D_4190863,17.976762771606445,17.976842880249023,ok
LA_D_4191166,16.611783981323242,16.61327362060547,ok
LA_D_4191537,16.25698471069336,16.266948699951172,ok
LA_D_4191582,13.159170150756836,13.163750648498535,ok
LA_D_4191752,14.022271156311035,14.02452278137207,ok
LA_D_4191826,10.726606369018555,10.728166580200195,ok
LA_D_4192008,15.580897331237793,15.58067512512207,ok
LA_D_4193632,14.557825088500977,14.59326457977295,ok
LA_D_4194240,16.65809440612793,16.660367965698242,ok
LA_D_4195024,11.415867805480957,11.419817924499512,ok
LA_D_4195342,-16.90703010559082,-16.912174224853516,ok
LA_D_4195600,15.238422393798828,15.241056442260742,ok
LA_D_4196303,14.363895416259766,14.36545467376709,ok
LA_D_4196632,14.824556350708008,14.875603675842285,ok
LA_D_4196661,14.36743450164795,14.371294975280762,ok
LA_D_4196989,16.684463500976562,16.69068717956543,ok
LA_D_4197046,12.362813949584961,12.36343765258789,ok
LA_D_4198004,-12.405797958374023,-12.412192344665527,ok
LA_D_4198326,8.96220874786377,8.963313102722168,ok
LA_D_4198486,14.428040504455566,14.430920600891113,ok
LA_D_4198686,11.859694480895996,11.862175941467285,ok
LA_D_4199273,14.36259937286377,14.368399620056152,ok
LA_D_4199363,16.253612518310547,16.25992774963379,ok
LA_D_4200118,13.202881813049316,13.209351539611816,ok
LA_D_4200741,11.083783149719238,11.083830833435059,ok
LA_D_4200824,9.59957504272461,9.599371910095215,ok
LA_D_4200974,15.375534057617188,15.382119178771973,ok
LA_D_4201607,12.077634811401367,12.07915210723877,ok
LA_D_4202629,15.144754409790039,15.149033546447754,ok
LA_D_4203364,16.2419376373291,16.245006561279297,ok
LA_D_4203374,-9.508546829223633,-9.509174346923828,ok
LA_D_4203887,14.67223834991455,14.697561264038086,ok
LA_D_4204191,14.963351249694824,14.981535911560059,ok
LA_D_4204784,13.640270233154297,13.667728424072266,ok
LA_D_4205148,6.953747749328613,6.9537672996521,ok
LA_D_4205821,15.293970108032227,15.320740699768066,ok
LA_D_4206038,16.103309631347656,16.112150192260742,ok
LA_D_4206300,14.523222923278809,14.539671897888184,ok
LA_D_4206329,12.213932991027832,12.21706485748291,ok
LA_D_4206836,9.60314655303955,9.603354454040527,ok
LA_D_4206952,13.690810203552246,13.7251558303833,ok
LA_D_4207134,15.16038703918457,15.169933319091797,ok
LA_D_4208169,10.647132873535156,10.651764869689941,ok
LA_D_4208598,17.505035400390625,17.532306671142578,ok
LA_D_4210738,13.99689769744873,14.003207206726074,ok
LA_D_4213958,13.596881866455078,13.621264457702637,ok
LA_D_4216273,17.357275009155273,17.357818603515625,ok
LA_D_4218588,12.316898345947266,12.3167085647583,ok
LA_D_4221800,-12.01655387878418,-12.019092559814453,ok
LA_D_4223757,9.990005493164062,9.989581108093262,ok
LA_D_4224687,16.744434356689453,16.753652572631836,ok
LA_D_4225333,19.318883895874023,19.323156356811523,ok
LA_D_4225742,17.479190826416016,17.497194290161133,ok
LA_D_4226126,11.989151954650879,11.987707138061523,ok
LA_D_4228094,15.279501914978027,15.307211875915527,ok
LA_D_4228550,5.848532676696777,5.848752498626709,ok
LA_D_4228555,13.602927207946777,13.61168098449707,ok
LA_D_4230212,8.692032814025879,8.709246635437012,ok
LA_D_4231134,17.91307830810547,17.936960220336914,ok
LA_D_4231438,17.542667388916016,17.574647903442383,ok
LA_D_4231672,20.030515670776367,20.07101058959961,ok
LA_D_4232791,6.3929595947265625,6.388045310974121,ok
LA_D_4232929,17.397993087768555,17.424226760864258,ok
LA_D_4234032,13.957670211791992,13.959906578063965,ok
LA_D_4234629,15.549908638000488,15.596212387084961,ok
LA_D_4235390,-14.600141525268555,-14.606673240661621,ok
LA_D_4236528,13.056485176086426,13.077338218688965,ok
LA_D_4236787,13.949882507324219,13.96352767944336,ok
LA_D_4239074,-15.319402694702148,-15.325427055358887,ok
LA_D_4239546,20.826562881469727,20.829275131225586,ok
LA_D_4239778,11.231281280517578,11.260575294494629,ok
LA_D_4239904,16.152246475219727,16.21632957458496,ok
LA_D_4240232,14.827354431152344,14.830560684204102,ok
LA_D_4240572,17.739595413208008,17.73981475830078,ok
LA_D_4241032,11.975013732910156,12.013532638549805,ok
LA_D_4243835,14.578741073608398,14.583789825439453,ok
LA_D_4246171,-17.335416793823242,-17.338876724243164,ok
LA_D_4246414,18.17451286315918,18.186208724975586,ok
LA_D_4246754,15.911705017089844,15.912040710449219,ok
LA_D_4246774,16.699777603149414,16.77073860168457,ok
LA_D_4246993,-7.502030372619629,-7.507964611053467,ok
LA_D_4248918,-14.257919311523438,-14.26290225982666,ok
LA_D_4249169,13.612994194030762,13.614460945129395,ok
LA_D_4249206,13.931349754333496,13.9475679397583,ok
LA_D_4249243,14.330513954162598,14.333697319030762,ok
LA_D_4249444,11.281874656677246,11.290738105773926,ok
LA_D_4250284,11.669166564941406,11.674568176269531,ok
LA_D_4251305,13.619102478027344,13.619368553161621,ok
LA_D_4253070,14.39724063873291,14.397530555725098,ok
LA_D_4253580,18.69029998779297,18.70775032043457,ok
LA_D_4254213,12.496989250183105,12.511307716369629,ok
LA_D_4254629,13.969575881958008,13.984421730041504,ok
LA_D_4255574,16.240005493164062,16.257904052734375,ok
LA_D_4256004,9.045487403869629,9.046172142028809,ok
LA_D_4256065,7.6627888679504395,7.6772589683532715,ok
LA_D_4256903,12.9464693069458,12.947527885437012,ok
LA_D_4258777,14.558492660522461,14.564777374267578,ok
LA_D_4258858,16.056676864624023,16.086719512939453,ok
LA_D_4258977,16.315017700195312,16.314943313598633,ok
LA_D_4259040,14.844125747680664,14.846938133239746,ok
LA_D_4259794,16.638660430908203,16.70209312438965,ok
LA_D_4260004,15.117607116699219,15.126391410827637,ok
LA_D_4260320,15.94831657409668,15.969987869262695,ok
LA_D_4261339,14.598370552062988,14.608768463134766,ok
LA_D_4262014,13.275936126708984,13.30899715423584,ok
LA_D_4262940,13.311656951904297,13.31594181060791,ok
LA_D_4263760,15.192480087280273,15.19308090209961,ok
LA_D_4264656,14.212486267089844,14.214863777160645,ok
LA_D_4264923,11.734973907470703,11.752589225769043,ok
LA_D_4265472,13.044343948364258,13.045907020568848,ok
LA_D_4265541,10.035104751586914,10.04327392578125,ok
LA_D_4266524,16.010169982910156,16.021652221679688,ok
LA_D_4269476,13.61295223236084,13.613286972045898,ok
LA_D_4270306,10.009344100952148,10.030070304870605,ok
LA_D_4272619,13.186344146728516,13.19383716583252,ok
LA_D_4272960,14.703359603881836,14.705521583557129,ok
LA_D_4274327,14.486010551452637,14.51330852508545,ok
LA_D_4274975,-12.555094718933105,-12.556136131286621,ok
LA_D_4274981,9.072840690612793,9.071553230285645,ok
LA_D_4276883,13.31940746307373,13.329090118408203,ok
LA_D_4277166,19.882001876831055,19.91742515563965,ok
LA_D_4277377,13.224858283996582,13.231492042541504,ok
LA_D_4277712,14.834494590759277,14.847249031066895,ok
LA_D_4278889,15.409497261047363,15.416088104248047,ok
LA_D_4279179,11.975542068481445,11.983798027038574,ok
LA_D_4279522,-14.984418869018555,-14.997145652770996,ok
LA_D_4280433,14.32957935333252,14.341485023498535,ok
LA_D_4281656,11.85241985321045,11.868170738220215,ok
LA_D_4281667,16.513017654418945,16.51603889465332,ok
LA_D_4282533,12.300838470458984,12.304193496704102,ok
LA_D_4282724,-11.913641929626465,-11.916609764099121,ok
LA_D_4283190,21.307632446289062,21.416215896606445,ok
LA_D_4284194,8.420981407165527,8.420652389526367,ok
LA_D_4285827,18.68883514404297,18.689899444580078,ok
LA_D_4286664,11.235363960266113,11.235673904418945,ok
LA_D_4289169,13.550402641296387,13.55044937133789,ok
LA_D_4290017,16.074386596679688,16.10686683654785,ok
LA_D_4291104,10.803598403930664,10.813511848449707,ok
LA_D_4293112,-14.077777862548828,-14.083261489868164,ok
LA_D_4293326,13.360074043273926,13.36457633972168,ok
LA_D_4293774,15.419820785522461,15.433680534362793,ok
LA_D_4293805,14.89814567565918,14.911675453186035,ok
LA_D_4294751,15.463258743286133,15.47019100189209,ok
LA_D_4296133,13.750824928283691,13.750754356384277,ok
LA_D_4296893,17.072254180908203,17.095861434936523,ok
LA_D_4297095,16.637683868408203,16.667388916015625,ok
LA_D_4297354,15.006784439086914,15.045522689819336,ok
LA_D_4297667,15.112561225891113,15.145834922790527,ok
LA_D_4300523,17.4935245513916,17.504796981811523,ok
LA_D_4301521,9.89807415008545,9.902934074401855,ok
LA_D_4301954,9.931740760803223,9.932147026062012,ok
LA_D_4302088,10.927364349365234,10.93321704864502,ok
LA_D_4302254,17.163549423217773,17.193357467651367,ok
LA_D_4302814,16.36138153076172,16.372358322143555,ok
LA_D_4304225,12.618786811828613,12.61976146697998,ok
LA_D_4304868,-13.12498950958252,-13.13249397277832,ok
LA_D_4306636,10.026611328125,10.026688575744629,ok
LA_D_4308561,14.986742973327637,15.022863388061523,ok
LA_D_4309122,14.067155838012695,14.073564529418945,ok
LA_D_4309636,16.846515655517578,16.84720802307129,ok
LA_D_4309711,-4.855983734130859,-4.861242771148682,ok
LA_D_4311841,16.561708450317383,16.57109260559082,ok
LA_D_4311857,19.465669631958008,19.478580474853516,ok
LA_D_4315355,14.20508098602295,14.209609031677246,ok
LA_D_4318753,-11.7405366897583,-11.749024391174316,ok
LA_D_4319137,11.118234634399414,11.127143859863281,ok
LA_D_4320036,-3.618079662322998,-3.6203079223632812,ok
LA_D_4320182,15.153745651245117,15.169312477111816,ok
LA_D_4321061,14.690482139587402,14.691112518310547,ok
LA_D_4322439,21.02594566345215,21.057756423950195,ok
LA_D_4322842,10.613511085510254,10.61337947845459,ok
LA_D_4324080,11.949810981750488,11.950596809387207,ok
LA_D_4324943,12.593758583068848,12.595672607421875,ok
LA_D_4326060,11.67829704284668,11.684450149536133,ok
LA_D_4326894,17.426359176635742,17.4451961517334,ok
LA_D_4329029,16.353761672973633,16.367727279663086,ok
LA_D_4330465,18.8681583404541,18.935195922851562,ok
LA_D_4330927,13.931645393371582,13.943205833435059,ok
LA_D_4331052,16.104501724243164,16.111669540405273,ok
LA_D_4332689,17.02692985534668,17.037919998168945,ok
LA_D_4332784,16.192039489746094,16.234336853027344,ok
LA_D_4333191,16.114654541015625,16.119766235351562,ok
LA_D_4333326,10.807390213012695,10.811440467834473,ok
LA_D_4335525,19.124292373657227,19.147836685180664,ok
LA_D_4335932,12.864886283874512,12.866433143615723,ok
LA_D_4337797,17.487762451171875,17.493410110473633,ok
LA_D_4338785,-14.466745376586914,-14.473860740661621,ok
LA_D_4338918,12.668116569519043,12.676460266113281,ok
LA_D_4339384,15.259711265563965,15.261652946472168,ok
LA_D_4339387,17.720430374145508,17.729116439819336,ok
LA_D_4339462,18.923723220825195,18.93564796447754,ok
LA_D_4339595,12.87090015411377,12.876587867736816,ok
LA_D_4339686,14.239232063293457,14.255463600158691,ok
LA_D_4339929,16.903757095336914,16.95842170715332,ok
LA_D_4340193,17.865432739257812,17.88148307800293,ok
LA_D_4341247,8.222853660583496,8.223361015319824,ok
LA_D_4341889,-12.618810653686523,-12.619413375854492,ok
LA_D_4342639,13.370861053466797,13.399321556091309,ok
LA_D_4342949,16.344396591186523,16.347856521606445,ok
LA_D_4343772,16.356645584106445,16.3760929107666,ok
LA_D_4344112,15.484842300415039,15.484589576721191,ok
LA_D_4344125,13.140377044677734,13.151611328125,ok
LA_D_4344547,13.493638038635254,13.508760452270508,ok
LA_D_4344561,13.878235816955566,13.922876358032227,ok
LA_D_4344587,13.926046371459961,13.929322242736816,ok
LA_D_4344989,12.334065437316895,12.345601081848145,ok
LA_D_4347397,12.959142684936523,12.979942321777344,ok
LA_D_4347644,11.687661170959473,11.688273429870605,ok
LA_D_4348250,17.05440330505371,17.063814163208008,ok
LA_D_4348413,4.891327857971191,4.890518665313721,ok
LA_D_4350243,9.646596908569336,9.666563034057617,ok
LA_D_4350271,-14.331573486328125,-14.333441734313965,ok
LA_D_4353332,11.12817096710205,11.13160228729248,ok
LA_D_4354056,-15.354445457458496,-15.37110424041748,ok
LA_D_4354832,14.983002662658691,14.985556602478027,ok
LA_D_4355155,14.877423286437988,14.882135391235352,ok
LA_D_4356104,14.20039176940918,14.209558486938477,ok
LA_D_4356541,-14.270073890686035,-14.279438972473145,ok
LA_D_4356737,16.529661178588867,16.54722023010254,ok
LA_D_4357087,14.261953353881836,14.27127742767334,ok
LA_D_4357332,13.301058769226074,13.30409049987793,ok
LA_D_4358018,14.912348747253418,14.92195987701416,ok
LA_D_4358026,17.447160720825195,17.44706916809082,ok
LA_D_4359265,6.257499694824219,6.271188735961914,ok
LA_D_4359700,9.876428604125977,9.881146430969238,ok
LA_D_4360961,7.9411187171936035,7.943160533905029,ok
LA_D_4362724,18.90362548828125,18.940580368041992,ok
LA_D_4363125,13.723800659179688,13.72245979309082,ok
LA_D_4365682,12.060845375061035,12.062969207763672,ok
LA_D_4367665,-16.72356414794922,-16.734590530395508,ok
LA_D_4368080,16.971479415893555,16.998083114624023,ok
LA_D_4368585,11.330926895141602,11.33321475982666,ok
LA_D_4371142,-13.157471656799316,-13.163087844848633,ok
LA_D_4371820,14.671093940734863,14.67722225189209,ok
LA_D_4372021,6.6174445152282715,6.617849826812744,ok
LA_D_4372323,13.69845962524414,13.720197677612305,ok
LA_D_4373476,8.90224552154541,8.90520191192627,ok
LA_D_4373860,14.173782348632812,14.18805980682373,ok
LA_D_4374868,16.832046508789062,16.843019485473633,ok
LA_D_4375717,6.2358598709106445,6.236571788787842,ok
LA_D_4375763,8.965728759765625,8.999342918395996,ok
LA_D_4376066,13.802247047424316,13.85104751586914,ok
LA_D_4377114,9.58678913116455,9.587116241455078,ok
LA_D_4378003,12.47877025604248,12.502518653869629,ok
LA_D_4378419,13.413182258605957,13.505986213684082,ok
LA_D_4382110,13.195384979248047,13.230382919311523,ok
LA_D_4382584,15.83038330078125,15.841168403625488,ok
LA_D_4382768,15.366063117980957,15.407049179077148,ok
LA_D_4384335,13.32213306427002,13.323847770690918,ok
LA_D_4385188,13.40432357788086,13.410751342773438,ok
LA_D_4385637,11.396164894104004,11.397675514221191,ok
LA_D_4386137,11.6502103805542,11.652094841003418,ok
LA_D_4386823,-14.083089828491211,-14.109135627746582,ok
LA_D_4387141,2.769543170928955,2.7643015384674072,ok
LA_D_4388836,13.358968734741211,13.369612693786621,ok
LA_D_4389304,11.383170127868652,11.383017539978027,ok
LA_D_4389927,13.406405448913574,13.461965560913086,ok
LA_D_4390516,7.845221042633057,7.841405868530273,ok
LA_D_4391860,8.231371879577637,8.239206314086914,ok
LA_D_4394367,17.10680389404297,17.135866165161133,ok
LA_D_4394399,15.46066665649414,15.508700370788574,ok
LA_D_4395658,12.487441062927246,12.48779582977295,ok
LA_D_4396214,12.084731101989746,12.08973217010498,ok
LA_D_4396892,14.266792297363281,14.3353853225708,ok
LA_D_4397003,16.569868087768555,16.58891487121582,ok
LA_D_4397064,13.44359302520752,13.444009780883789,ok
LA_D_4397256,13.755400657653809,13.778998374938965,ok
LA_D_4398059,13.363572120666504,13.363741874694824,ok
LA_D_4398399,14.494339942932129,14.494366645812988,ok
LA_D_4399191,17.499753952026367,17.501035690307617,ok
LA_D_4399431,15.394322395324707,15.438916206359863,ok
LA_D_4399466,11.577315330505371,11.586773872375488,ok
LA_D_4399522,-11.514266014099121,-11.516651153564453,ok
LA_D_4401526,10.087337493896484,10.087794303894043,ok
LA_D_4401633,-9.457755088806152,-9.460835456848145,ok
LA_D_4401901,12.414847373962402,12.415026664733887,ok
LA_D_4402259,14.285473823547363,14.290007591247559,ok
LA_D_4402495,13.478897094726562,13.490374565124512,ok
LA_D_4402714,-14.937803268432617,-14.939091682434082,ok
LA_D_4402866,16.61595344543457,16.62336540222168,ok
LA_D_4404330,13.704941749572754,13.706570625305176,ok
LA_D_4407003,13.95982837677002,13.964800834655762,ok
LA_D_4407357,14.161425590515137,14.166560173034668,ok
LA_D_4407498,15.196172714233398,15.197480201721191,ok
LA_D_4407872,12.001120567321777,12.013288497924805,ok
LA_D_4409009,17.41579818725586,17.43913459777832,ok
LA_D_4409637,11.918703079223633,11.919468879699707,ok
LA_D_4411229,20.425390243530273,20.452322006225586,ok
LA_D_4411557,9.252603530883789,9.25673770904541,ok
LA_D_4411643,13.523395538330078,13.581259727478027,ok
LA_D_4411754,-14.434591293334961,-14.45462417602539,ok
LA_D_4411966,10.370811462402344,10.376914978027344,ok
LA_D_4412539,12.190299987792969,12.193944931030273,ok
LA_D_4412972,16.184606552124023,16.23413848876953,ok
LA_D_4413908,15.42794418334961,15.46462345123291,ok
LA_D_4414981,16.915630340576172,16.916751861572266,ok
LA_D_4415743,12.905341148376465,12.907998085021973,ok
LA_D_4416329,12.023859977722168,12.025837898254395,ok
LA_D_4416737,14.340624809265137,14.349818229675293,ok
LA_D_4418265,10.98055648803711,10.983048439025879,ok
LA_D_4418754,17.02358055114746,17.027851104736328,ok
LA_D_4419471,20.258947372436523,20.26993751525879,ok
LA_D_4421402,12.585738182067871,12.598173141479492,ok
LA_D_4421531,13.348677635192871,13.347275733947754,ok
LA_D_4422512,-10.691365242004395,-10.692839622497559,ok
LA_D_4427641,7.247640609741211,7.250762939453125,ok
LA_D_4427871,15.227696418762207,15.229270935058594,ok
LA_D_4429476,17.179912567138672,17.194948196411133,ok
LA_D_4430284,14.40002155303955,14.404539108276367,ok
LA_D_4430789,16.08419418334961,16.152084350585938,ok
LA_D_4432534,11.140674591064453,11.162318229675293,ok
LA_D_4432873,13.51223373413086,13.523170471191406,ok
LA_D_4433509,-11.854471206665039,-11.854817390441895,ok
LA_D_4434620,13.643876075744629,13.656928062438965,ok
LA_D_4434827,19.212703704833984,19.2379207611084,ok
LA_D_4436213,11.71061897277832,11.7116060256958,ok
LA_D_4436601,13.499228477478027,13.500118255615234,ok
LA_D_4437561,12.81603717803955,12.830900192260742,ok
LA_D_4437954,8.624857902526855,8.62636947631836,ok
LA_D_4438261,12.91357707977295,12.920771598815918,ok
LA_D_4438405,12.950571060180664,12.956809043884277,ok
LA_D_4440657,17.095064163208008,17.111648559570312,ok
LA_D_4441414,12.002045631408691,12.012961387634277,ok
LA_D_4441987,-8.682430267333984,-8.709208488464355,ok
LA_D_4442289,14.0715970993042,14.079930305480957,ok
LA_D_4442511,11.945801734924316,11.947379112243652,ok
LA_D_4445174,14.231086730957031,14.244223594665527,ok
LA_D_4445250,-14.400959968566895,-14.416194915771484,ok
LA_D_4446874,14.841795921325684,14.868765830993652,ok
LA_D_4447831,12.364903450012207,12.369072914123535,ok
LA_D_4448951,14.880569458007812,14.886805534362793,ok
LA_D_4448977,15.112627029418945,15.131195068359375,ok
LA_D_4449596,14.3209810256958,14.32551383972168,ok
LA_D_4450404,13.907719612121582,13.916552543640137,ok
LA_D_4451989,14.012697219848633,14.04035472869873,ok
LA_D_4452476,12.471409797668457,12.474761009216309,ok
LA_D_4452994,19.749059677124023,19.78327178955078,ok
LA_D_4453721,14.899806022644043,14.935271263122559,ok
LA_D_4453838,16.80088996887207,16.8070011138916,ok
LA_D_4455937,10.310983657836914,10.314055442810059,ok
LA_D_4457189,-2.7481088638305664,-2.7571346759796143,ok
LA_D_4458062,17.075763702392578,17.086362838745117,ok
LA_D_4458668,9.483490943908691,9.494452476501465,ok
LA_D_4459406,13.72206974029541,13.730786323547363,ok
LA_D_4459748,8.621889114379883,8.623236656188965,ok
LA_D_4459933,12.458090782165527,12.45918083190918,ok
LA_D_4460089,15.302342414855957,15.305829048156738,ok
LA_D_4460163,7.751533031463623,7.759073734283447,ok
LA_D_4461485,13.086532592773438,13.086699485778809,ok
LA_D_4462615,-12.781877517700195,-12.792184829711914,ok
LA_D_4463511,14.919894218444824,14.926989555358887,ok
LA_D_4463930,10.292973518371582,10.293108940124512,ok
LA_D_4464967,14.02828598022461,14.028264045715332,ok
LA_D_4467077,13.942327499389648,13.963162422180176,ok
LA_D_4467119,12.213979721069336,12.225285530090332,ok
LA_D_4468016,-13.260241508483887,-13.271876335144043,ok
LA_D_4469053,-15.658618927001953,-15.661187171936035,ok
LA_D_4469400,12.52908706665039,12.558344841003418,ok
LA_D_4469413,9.02711296081543,9.033612251281738,ok
LA_D_4471810,12.309063911437988,12.311291694641113,ok
LA_D_4472082,22.47685432434082,22.507137298583984,ok
LA_D_4472623,13.052602767944336,13.059173583984375,ok
LA_D_4472967,14.798139572143555,14.803196907043457,ok
LA_D_4474720,17.420928955078125,17.432580947875977,ok
LA_D_4475454,14.681144714355469,14.678857803344727,ok
LA_D_4475626,-13.074518203735352,-13.076162338256836,ok
LA_D_4476116,15.148151397705078,15.15131664276123,ok
LA_D_4476408,16.263883590698242,16.26620101928711,ok
LA_D_4477471,15.704010009765625,15.730301856994629,ok
LA_D_4481672,13.919296264648438,13.925703048706055,ok
LA_D_4482667,13.920442581176758,13.921486854553223,ok
LA_D_4483013,14.709982872009277,14.730504035949707,ok
LA_D_4484594,17.75079345703125,17.846824645996094,ok
LA_D_4485182,-6.184911251068115,-6.190023899078369,ok
LA_D_4485320,18.503576278686523,18.525978088378906,ok
LA_D_4485361,15.039085388183594,15.045584678649902,ok
LA_D_4485889,11.691765785217285,11.69457721710205,ok
LA_D_4486700,14.721981048583984,14.734198570251465,ok
LA_D_4487386,17.578943252563477,17.608217239379883,ok
LA_D_4487653,20.251501083374023,20.25443458557129,ok
LA_D_4487745,15.508283615112305,15.534817695617676,ok
LA_D_4487776,10.706737518310547,10.715271949768066,ok
LA_D_4488152,14.22484302520752,14.243433952331543,ok
LA_D_4488391,12.239880561828613,12.262494087219238,ok
LA_D_4488718,19.752893447875977,19.76774787902832,ok
LA_D_4488788,15.30575180053711,15.367002487182617,ok
LA_D_4488838,14.639347076416016,14.655782699584961,ok
LA_D_4489969,-15.49942398071289,-15.501504898071289,ok
LA_D_4490548,12.953265190124512,12.95913314819336,ok
LA_D_4491910,20.993343353271484,20.995180130004883,ok
LA_D_4492452,15.006904602050781,15.029467582702637,ok
LA_D_4492847,-3.189730644226074,-3.2020645141601562,ok
LA_D_4494703,15.490681648254395,15.55630874633789,ok
LA_D_4496115,11.6884183883667,11.700004577636719,ok
LA_D_4497485,23.986045837402344,24.000972747802734,ok
LA_D_4498003,13.681607246398926,13.688572883605957,ok
LA_D_4499351,18.35404396057129,18.354646682739258,ok
LA_D_4499477,13.115222930908203,13.116193771362305,ok
LA_D_4500243,-13.118668556213379,-13.190658569335938,ok
LA_D_4502872,15.333510398864746,15.343916893005371,ok
LA_D_4504946,11.508362770080566,11.510692596435547,ok
LA_D_4505123,10.912522315979004,10.944144248962402,ok
LA_D_4505290,10.47730827331543,10.509594917297363,ok
LA_D_4505937,8.385623931884766,8.385454177856445,ok
LA_D_4506133,14.532270431518555,14.543720245361328,ok
LA_D_4506633,11.37865161895752,11.379881858825684,ok
LA_D_4507888,13.152931213378906,13.163335800170898,ok
LA_D_4509357,14.77593994140625,14.780207633972168,ok
LA_D_4510369,10.535457611083984,10.537066459655762,ok
LA_D_4511424,13.409727096557617,13.445493698120117,ok
LA_D_4512980,16.692655563354492,16.706653594970703,ok
LA_D_4513531,-12.65530776977539,-12.659533500671387,ok
LA_D_4514090,15.785602569580078,15.81564998626709,ok
LA_D_4514194,19.724260330200195,19.788320541381836,ok
LA_D_4515281,14.887537002563477,14.887755393981934,ok
LA_D_4516804,-14.392870903015137,-14.395586967468262,ok
LA_D_4516952,10.049471855163574,10.050032615661621,ok
LA_D_4518823,12.463929176330566,12.53111457824707,ok
LA_D_4519635,18.097978591918945,18.101795196533203,ok
LA_D_4520104,-12.920584678649902,-12.92798900604248,ok
LA_D_4522480,14.110857009887695,14.122319221496582,ok
LA_D_4523165,9.565966606140137,9.578128814697266,ok
LA_D_4524225,18.091026306152344,18.095422744750977,ok
LA_D_4526494,17.623241424560547,17.639060974121094,ok
LA_D_4526867,12.339385032653809,12.349578857421875,ok
LA_D_4527422,13.260709762573242,13.268342018127441,ok
LA_D_4527658,15.179683685302734,15.191191673278809,ok
LA_D_4528435,10.953529357910156,10.983918190002441,ok
LA_D_4529395,16.930452346801758,16.934648513793945,ok
LA_D_4529749,8.565587997436523,8.580961227416992,ok
LA_D_4530249,11.504685401916504,11.504939079284668,ok
LA_D_4530450,-12.820368766784668,-12.82143497467041,ok
LA_D_4530557,11.32765007019043,11.34436321258545,ok
LA_D_4532710,12.142999649047852,12.153117179870605,ok
LA_D_4533373,12.017145156860352,12.031168937683105,ok
LA_D_4537572,11.743400573730469,11.75615406036377,ok
LA_D_4538385,12.696749687194824,12.704079627990723,ok
LA_D_4538751,14.67398452758789,14.681578636169434,ok
LA_D_4539356,11.943838119506836,11.957413673400879,ok
LA_D_4540134,14.18879222869873,14.189600944519043,ok
LA_D_4540166,-12.713418960571289,-12.71630573272705,ok
LA_D_4540622,16.856626510620117,16.864721298217773,ok
LA_D_4540896,15.77646255493164,15.79348373413086,ok
LA_D_4541749,13.987706184387207,14.074799537658691,ok
LA_D_4541793,10.600397109985352,10.600817680358887,ok
LA_D_4541895,17.536514282226562,17.570837020874023,ok
LA_D_4542234,12.655707359313965,12.664437294006348,ok
LA_D_4542657,13.759610176086426,13.762541770935059,ok
LA_D_4542806,14.906126976013184,14.913504600524902,ok
LA_D_4542962,15.854209899902344,15.865129470825195,ok
LA_D_4543139,13.201770782470703,13.210921287536621,ok
LA_D_4544395,12.920866012573242,12.962124824523926,ok
LA_D_4544796,13.765541076660156,13.765746116638184,ok
LA_D_4545053,16.440370559692383,16.480133056640625,ok
LA_D_4545082,12.67745304107666,12.679795265197754,ok
LA_D_4545884,13.162853240966797,13.203465461730957,ok
LA_D_4546481,-10.434610366821289,-10.441484451293945,ok
LA_D_4547626,14.12544059753418,14.136167526245117,ok
LA_D_4548556,13.897141456604004,13.9010648727417,ok
LA_D_4550388,14.74155330657959,14.758882522583008,ok
LA_D_4551336,-14.16718864440918,-14.17077350616455,ok
LA_D_4551409,11.356836318969727,11.36281681060791,ok
LA_D_4551639,14.634435653686523,14.699066162109375,ok
LA_D_4551946,12.786699295043945,12.801526069641113,ok
LA_D_4552327,-14.905556678771973,-14.949687957763672,ok
LA_D_4552584,14.915834426879883,14.919182777404785,ok
LA_D_4552742,18.724332809448242,18.753665924072266,ok
LA_D_4554165,12.626465797424316,12.626163482666016,ok
LA_D_4554509,14.139617919921875,14.1752347946167,ok
LA_D_4555408,14.348301887512207,14.35034465789795,ok
LA_D_4556349,13.426959991455078,13.449631690979004,ok
LA_D_4557906,17.430953979492188,17.431459426879883,ok
LA_D_4558500,8.36103630065918,8.362774848937988,ok
LA_D_4561179,16.66792869567871,16.67120361328125,ok
LA_D_4562728,10.179208755493164,10.182316780090332,ok
LA_D_4562819,14.572691917419434,14.572794914245605,ok
LA_D_4562820,17.94416046142578,17.950044631958008,ok
LA_D_4564375,14.323050498962402,14.325312614440918,ok
LA_D_4565223,15.1134614944458,15.141484260559082,ok
LA_D_4567317,13.682039260864258,13.678431510925293,ok
LA_D_4567649,16.44241714477539,16.442596435546875,ok
LA_D_4567671,15.39742660522461,15.40018367767334,ok
LA_D_4567965,12.63320255279541,12.634317398071289,ok
LA_D_4568975,10.488301277160645,10.496501922607422,ok
LA_D_4571818,-13.658551216125488,-13.692912101745605,ok
LA_D_4572219,12.602970123291016,12.613722801208496,ok
LA_D_4573144,15.778270721435547,15.79668140411377,ok
LA_D_4573581,14.183430671691895,14.197519302368164,ok
LA_D_4573944,11.615015983581543,11.616192817687988,ok
LA_D_4574274,-12.118552207946777,-12.120331764221191,ok
LA_D_4575411,15.520349502563477,15.54880142211914,ok
LA_D_4575624,18.13887596130371,18.141008377075195,ok
LA_D_4577893,14.235101699829102,14.2382173538208,ok
LA_D_4579960,18.393226623535156,18.434724807739258,ok
LA_D_4580301,-14.601652145385742,-14.613184928894043,ok
LA_D_4580639,18.98530387878418,18.985965728759766,ok
LA_D_4581451,7.782429218292236,7.78346061706543,ok
LA_D_4582769,17.826034545898438,17.91518211364746,ok
LA_D_4583096,12.237536430358887,12.24051570892334,ok
LA_D_4583777,11.129782676696777,11.138754844665527,ok
LA_D_4583809,11.734938621520996,11.735920906066895,ok
LA_D_4584142,10.175056457519531,10.195815086364746,ok
LA_D_4585046,10.582215309143066,10.582523345947266,ok
LA_D_4585137,14.916141510009766,14.91617488861084,ok
LA_D_4585435,12.654010772705078,12.689583778381348,ok
LA_D_4585593,16.525022506713867,16.53151512145996,ok
LA_D_4586638,15.26388931274414,15.308684349060059,ok
LA_D_4586853,-9.169235229492188,-9.17017650604248,ok
LA_D_4588355,14.570660591125488,14.58023452758789,ok
LA_D_4589187,13.174958229064941,13.182731628417969,ok
LA_D_4590771,15.280972480773926,15.29554271697998,ok
LA_D_4591057,12.411637306213379,12.432538032531738,ok
LA_D_4592786,23.328786849975586,23.406784057617188,ok
LA_D_4593106,12.465921401977539,12.47331714630127,ok
LA_D_4593298,14.367271423339844,14.451563835144043,ok
LA_D_4593541,9.763538360595703,9.76414966583252,ok
LA_D_4593675,15.530284881591797,15.536787986755371,ok
LA_D_4594870,13.806561470031738,13.80673599243164,ok
LA_D_4595256,13.746075630187988,13.74588394165039,ok
LA_D_4598556,13.81281566619873,13.820751190185547,ok
LA_D_4598678,10.537985801696777,10.540314674377441,ok
LA_D_4599014,10.749044418334961,10.75011157989502,ok
LA_D_4599790,20.07479476928711,20.08213233947754,ok
LA_D_4599849,18.230859756469727,18.237226486206055,ok
LA_D_4601171,11.094545364379883,11.09497356414795,ok
LA_D_4601520,12.354373931884766,12.36169147491455,ok
LA_D_4601616,10.9064359664917,10.90527057647705,ok
LA_D_4601843,12.78161907196045,12.783671379089355,ok
LA_D_4602617,12.206075668334961,12.216349601745605,ok
LA_D_4602795,12.518695831298828,12.519530296325684,ok
LA_D_4603625,-13.278468132019043,-13.279426574707031,ok
LA_D_4603798,14.016396522521973,14.027173042297363,ok
LA_D_4603886,16.46700096130371,16.4715576171875,ok
LA_D_4606355,15.005650520324707,15.014328956604004,ok
LA_D_4606442,-11.985627174377441,-12.054884910583496,ok
LA_D_4608336,16.82401466369629,16.839387893676758,ok
LA_D_4609401,12.41454029083252,12.416901588439941,ok
LA_D_4610013,15.629953384399414,15.648573875427246,ok
LA_D_4610210,13.8953218460083,13.906795501708984,ok
LA_D_4610422,13.919715881347656,13.943013191223145,ok
LA_D_4611322,15.518803596496582,15.533659934997559,ok
LA_D_4613712,9.184951782226562,9.18513011932373,ok
LA_D_4615442,15.219940185546875,15.247761726379395,ok
LA_D_4617063,13.142777442932129,13.149163246154785,ok
LA_D_4617565,13.854351043701172,13.866499900817871,ok
LA_D_4620892,-12.693055152893066,-12.695097923278809,ok
LA_D_4623751,16.836772918701172,16.851442337036133,ok
LA_D_4624019,2.3150477409362793,2.3132567405700684,ok
LA_D_4626331,-11.199618339538574,-11.20159912109375,ok
LA_D_4626453,16.57996368408203,16.581253051757812,ok
LA_D_4626552,13.52706527709961,13.536837577819824,ok
LA_D_4627319,12.218196868896484,12.218629837036133,ok
LA_D_4627714,15.354026794433594,15.37357234954834,ok
LA_D_4628640,15.160725593566895,15.185052871704102,ok
LA_D_4629056,5.133289813995361,5.1333136558532715,ok
LA_D_4629979,14.487730979919434,14.487805366516113,ok
LA_D_4631033,14.587848663330078,14.59331226348877,ok
LA_D_4631627,12.667272567749023,12.667450904846191,ok
LA_D_4637561,11.13218879699707,11.137401580810547,ok
LA_D_4637943,15.956560134887695,15.981614112854004,ok
LA_D_4638718,15.437910079956055,15.454545021057129,ok
LA_D_4644831,-11.724555969238281,-11.72716236114502,ok
LA_D_4645660,-13.356417655944824,-13.36835765838623,ok
LA_D_4646934,-9.872726440429688,-9.886813163757324,ok
LA_D_4647613,16.383474349975586,16.414165496826172,ok
LA_D_4647964,14.692906379699707,14.699596405029297,ok
LA_D_4648402,5.223966121673584,5.216685771942139,ok
LA_D_4649265,20.211746215820312,20.218442916870117,ok
LA_D_4650704,14.250290870666504,14.258566856384277,ok
LA_D_4650788,13.159828186035156,13.16412353515625,ok
LA_D_4650858,15.952715873718262,16.068941116333008,ok
LA_D_4653523,10.58570671081543,10.593567848205566,ok
LA_D_4653609,14.022570610046387,14.026540756225586,ok
LA_D_4653724,14.093189239501953,14.109910011291504,ok
LA_D_4654776,13.469781875610352,13.472779273986816,ok
LA_D_4654807,16.148372650146484,16.16149139404297,ok
LA_D_4657076,12.12320613861084,12.125727653503418,ok
LA_D_4662010,13.673649787902832,13.683008193969727,ok
LA_D_4662308,12.829845428466797,12.833876609802246,ok
LA_D_4663919,-16.290573120117188,-16.30889892578125,ok
LA_D_4665317,9.554347038269043,9.555131912231445,ok
LA_D_4665366,17.730072021484375,17.746387481689453,ok
LA_D_4666647,-12.90779972076416,-12.923855781555176,ok
LA_D_4667621,-13.626788139343262,-13.680460929870605,ok
LA_D_4668049,14.379899978637695,14.395894050598145,ok
LA_D_4668862,19.093860626220703,19.104581832885742,ok
LA_D_4669726,9.029427528381348,9.048245429992676,ok
LA_D_4673693,16.02958869934082,16.0523738861084,ok
LA_D_4673712,15.012429237365723,15.042552947998047,ok
LA_D_4673891,14.336080551147461,14.340883255004883,ok
LA_D_4674363,13.905627250671387,13.920379638671875,ok
LA_D_4674650,-14.65553092956543,-14.716317176818848,ok
LA_D_4678507,14.938619613647461,14.941906929016113,ok
LA_D_4678519,10.224625587463379,10.228472709655762,ok
LA_D_4678659,20.296512603759766,20.319978713989258,ok
LA_D_4679930,14.533648490905762,14.537403106689453,ok
LA_D_4680031,11.17202377319336,11.17042064666748,ok
LA_D_4681179,10.577282905578613,10.5791654586792,ok
LA_D_4681486,14.260499954223633,14.277043342590332,ok
LA_D_4682422,13.13953685760498,13.143902778625488,ok
LA_D_4683194,10.682294845581055,10.687338829040527,ok
LA_D_4683975,8.618536949157715,8.62014102935791,ok
LA_D_4684075,12.781686782836914,12.783117294311523,ok
LA_D_4685405,12.435379028320312,12.462368965148926,ok
LA_D_4685861,16.52601432800293,16.544584274291992,ok
LA_D_4686116,9.138291358947754,9.156120300292969,ok
LA_D_4688262,9.286986351013184,9.28798770904541,ok
LA_D_4691600,19.731449127197266,19.736204147338867,ok
LA_D_4694664,13.115303993225098,13.117491722106934,ok
LA_D_4694886,12.361907005310059,12.364909172058105,ok
LA_D_4696311,16.30962371826172,16.341869354248047,ok
LA_D_4697088,16.36690902709961,16.397165298461914,ok
LA_D_4698298,13.54784107208252,13.557465553283691,ok
LA_D_4698419,-13.725470542907715,-13.728100776672363,ok
LA_D_4698607,14.65038013458252,14.694587707519531,ok
LA_D_4699301,15.247357368469238,15.250102043151855,ok
LA_D_4699456,15.529204368591309,15.53292465209961,ok
LA_D_4700200,14.1979398727417,14.20067310333252,ok
LA_D_4702053,13.852194786071777,13.85693073272705,ok
LA_D_4702125,11.946849822998047,11.951752662658691,ok
LA_D_4702864,15.987595558166504,16.06035614013672,ok
LA_D_4702964,8.143341064453125,8.162593841552734,ok
LA_D_4703340,-15.27540111541748,-15.370253562927246,ok
LA_D_4703894,13.856441497802734,13.857007026672363,ok
LA_D_4704078,14.000798225402832,14.000710487365723,ok
LA_D_4704993,10.5377779006958,10.538236618041992,ok
LA_D_4707076,16.38890838623047,16.429685592651367,ok
LA_D_4708179,13.15152645111084,13.156133651733398,ok
LA_D_4708202,9.718878746032715,9.721575736999512,ok
LA_D_4708436,15.230792045593262,15.315001487731934,ok
LA_D_4708516,13.50497055053711,13.50711727142334,ok
LA_D_4708806,9.664091110229492,9.66479206085205,ok
LA_D_4708858,10.168434143066406,10.172608375549316,ok
LA_D_4709234,11.08021354675293,11.082579612731934,ok
LA_D_4710439,15.23898696899414,15.25448989868164,ok
LA_D_4710772,14.107962608337402,14.11130142211914,ok
LA_D_4710912,12.941755294799805,12.95121955871582,ok
LA_D_4712578,15.9735689163208,15.978758811950684,ok
LA_D_4713595,12.486981391906738,12.511527061462402,ok
LA_D_4715249,13.953526496887207,13.957655906677246,ok
LA_D_4716316,17.5595760345459,17.563175201416016,ok
LA_D_4717087,-8.25796127319336,-8.25976276397705,ok
LA_D_4718173,11.454631805419922,11.45531940460205,ok
LA_D_4718710,12.63269329071045,12.641039848327637,ok
LA_D_4718837,11.63753604888916,11.64731502532959,ok
LA_D_4719420,10.436179161071777,10.434812545776367,ok
LA_D_4719892,13.683218002319336,13.685175895690918,ok
LA_D_4719986,12.598876953125,12.60200023651123,ok
LA_D_4720755,15.41622257232666,15.435171127319336,ok
LA_D_4720854,13.784780502319336,13.78868293762207,ok
LA_D_4720930,14.508772850036621,14.513167381286621,ok
LA_D_4721136,9.969700813293457,9.9756498336792,ok
LA_D_4721344,14.090025901794434,14.092535018920898,ok
LA_D_4721356,19.78777313232422,19.793344497680664,ok
LA_D_4722011,15.531457901000977,15.539202690124512,ok
LA_D_4722555,12.775586128234863,12.78358268737793,ok
LA_D_4723086,-11.362935066223145,-11.374435424804688,ok
LA_D_4723558,-2.5573627948760986,-2.557328701019287,ok
LA_D_4723647,-12.9220609664917,-12.928069114685059,ok
LA_D_4724411,15.620479583740234,15.657083511352539,ok
LA_D_4724496,17.288331985473633,17.300739288330078,ok
LA_D_4724979,14.69857120513916,14.704256057739258,ok
LA_D_4725187,10.503289222717285,10.507031440734863,ok
LA_D_4727143,15.459043502807617,15.463759422302246,ok
LA_D_4728446,13.411483764648438,13.421648025512695,ok
LA_D_4728531,3.1126439571380615,3.112644910812378,ok
LA_D_4729804,14.82207202911377,14.826521873474121,ok
LA_D_4729932,12.183772087097168,12.186577796936035,ok
LA_D_4730109,15.850654602050781,15.86403751373291,ok
LA_D_4730111,19.74423599243164,19.762834548950195,ok
LA_D_4730310,13.425423622131348,13.428788185119629,ok
LA_D_4732324,15.666147232055664,15.675524711608887,ok
LA_D_4732747,17.032413482666016,17.066707611083984,ok
LA_D_4734716,12.437585830688477,12.45394229888916,ok
LA_D_4735638,14.816794395446777,14.958264350891113,ok
LA_D_4735766,7.913638591766357,7.916266441345215,ok
LA_D_4736001,11.397724151611328,11.469568252563477,ok
LA_D_4736119,14.772027015686035,14.801314353942871,ok
LA_D_4736521,18.650707244873047,18.6942138671875,ok
LA_D_4736721,13.584403038024902,13.592779159545898,ok
LA_D_4737267,16.349933624267578,16.375783920288086,ok
LA_D_4737764,10.503067016601562,10.5054292678833,ok
LA_D_4737822,13.462926864624023,13.469883918762207,ok
LA_D_4740253,11.508861541748047,11.522472381591797,ok
LA_D_4741663,10.24072551727295,10.240955352783203,ok
LA_D_4741755,14.847057342529297,14.863728523254395,ok
LA_D_4744246,16.90362548828125,16.935409545898438,ok
LA_D_4745476,12.99837875366211,13.022128105163574,ok
LA_D_4745806,5.289792537689209,5.289962291717529,ok
LA_D_4746243,11.599720001220703,11.600825309753418,ok
LA_D_4747124,6.392218112945557,6.397607326507568,ok
LA_D_4747651,13.085407257080078,13.089895248413086,ok
LA_D_4747773,10.478826522827148,10.479321479797363,ok
LA_D_4750966,10.561568260192871,10.56196117401123,ok
LA_D_4751390,5.833838939666748,5.833579063415527,ok
LA_D_4752694,15.441405296325684,15.451666831970215,ok
LA_D_4752880,7.5630083084106445,7.559013843536377,ok
LA_D_4753739,12.080986976623535,12.08398151397705,ok
LA_D_4754875,15.041580200195312,15.056946754455566,ok
LA_D_4755066,11.061785697937012,11.089238166809082,ok
LA_D_4755303,17.53367042541504,17.54143714904785,ok
LA_D_4757475,-16.455753326416016,-16.45977783203125,ok
LA_D_4757865,14.327357292175293,14.328780174255371,ok
LA_D_4758316,20.89128303527832,20.891427993774414,ok
LA_D_4758741,9.021448135375977,9.036887168884277,ok
LA_D_4760053,17.300426483154297,17.30190086364746,ok
LA_D_4762105,6.793898105621338,6.8046393394470215,ok
LA_D_4762537,10.370820045471191,10.38692569732666,ok
LA_D_4763142,16.809255599975586,16.83739471435547,ok
LA_D_4763361,12.88778305053711,12.887894630432129,ok
LA_D_4764117,13.450448989868164,13.457833290100098,ok
LA_D_4765138,12.558271408081055,12.559002876281738,ok
LA_D_4765748,21.38385009765625,21.50977897644043,ok
LA_D_4765823,18.427000045776367,18.44637680053711,ok
LA_D_4766369,13.333574295043945,13.334978103637695,ok
LA_D_4766442,13.587503433227539,13.60122013092041,ok
LA_D_4766470,13.928720474243164,13.937051773071289,ok
LA_D_4766616,14.494889259338379,14.497918128967285,ok
LA_D_4766671,11.852023124694824,11.854523658752441,ok
LA_D_4767028,-15.174674034118652,-15.181973457336426,ok
LA_D_4767464,17.218399047851562,17.222929000854492,ok
LA_D_4767743,16.15099334716797,16.21122932434082,ok
LA_D_4767892,12.400528907775879,12.420552253723145,ok
LA_D_4768212,15.570300102233887,15.58729362487793,ok
LA_D_4768782,12.39024543762207,12.390341758728027,ok
LA_D_4768822,12.386953353881836,12.397459030151367,ok
LA_D_4769016,13.733765602111816,13.741963386535645,ok
LA_D_4769081,15.108831405639648,15.113957405090332,ok
LA_D_4769401,9.292529106140137,9.308283805847168,ok
LA_D_4770612,18.224519729614258,18.237092971801758,ok
LA_D_4770781,16.726970672607422,16.728532791137695,ok
LA_D_4770965,12.827919960021973,12.829012870788574,ok
LA_D_4771283,12.905557632446289,12.90919017791748,ok
LA_D_4771311,10.702877044677734,10.709321975708008,ok
LA_D_4771389,17.295881271362305,17.313634872436523,ok
LA_D_4771667,-16.305696487426758,-16.311107635498047,ok
LA_D_4771745,14.63902473449707,14.64555835723877,ok
LA_D_4771783,-13.75409984588623,-13.754770278930664,ok
LA_D_4772711,12.630260467529297,12.63438892364502,ok
LA_D_4773088,12.013265609741211,12.0214204788208,ok
LA_D_4774155,22.255300521850586,22.374971389770508,ok
LA_D_4774710,12.115174293518066,12.144129753112793,ok
LA_D_4776677,15.354620933532715,15.354996681213379,ok
LA_D_4776681,-14.93066120147705,-14.932125091552734,ok
LA_D_4777273,12.383085250854492,12.39077091217041,ok
LA_D_4777626,-13.210609436035156,-13.235687255859375,ok
LA_D_4777881,-13.151615142822266,-13.161778450012207,ok
LA_D_4778221,13.919293403625488,13.924102783203125,ok
LA_D_4781086,-13.899909019470215,-13.91616439819336,ok
LA_D_4784347,18.605405807495117,18.64966583251953,ok
LA_D_4784805,12.212023735046387,12.236550331115723,ok
LA_D_4784827,-2.5731899738311768,-2.5838606357574463,ok
LA_D_4786059,15.474699974060059,15.480300903320312,ok
LA_D_4788201,12.796244621276855,12.80284309387207,ok
LA_D_4788415,14.155067443847656,14.15869426727295,ok
LA_D_4788531,14.382296562194824,14.398191452026367,ok
LA_D_4788913,11.444534301757812,11.468162536621094,ok
LA_D_4789511,13.35916519165039,13.364579200744629,ok
LA_D_4789758,14.305071830749512,14.3178071975708,ok
LA_D_4790022,14.660235404968262,14.673579216003418,ok
LA_D_4790311,17.678466796875,17.6873836517334,ok
LA_D_4791058,16.09830093383789,16.109615325927734,ok
LA_D_4791127,15.194988250732422,15.197409629821777,ok
LA_D_4793229,11.208436965942383,11.21106243133545,ok
LA_D_4793285,19.199472427368164,19.204404830932617,ok
LA_D_4794184,9.612778663635254,9.617116928100586,ok
LA_D_4796345,11.76494312286377,11.78192138671875,ok
LA_D_4796348,16.988622665405273,16.993852615356445,ok
LA_D_4797304,12.50310230255127,12.520453453063965,ok
LA_D_4797830,16.728290557861328,16.72937774658203,ok
LA_D_4797934,11.816201210021973,11.831700325012207,ok
LA_D_4798662,13.89072036743164,13.8971586227417,ok
LA_D_4798963,17.400596618652344,17.44199562072754,ok
LA_D_4798984,13.4727783203125,13.491805076599121,ok
LA_D_4799307,15.167550086975098,15.178994178771973,ok
LA_D_4799572,15.249957084655762,15.25380802154541,ok
LA_D_4801414,17.666828155517578,17.687847137451172,ok
LA_D_4802475,18.03168296813965,18.033283233642578,ok
LA_D_4802794,16.86658477783203,16.8781795501709,ok
LA_D_4803902,-12.79397201538086,-12.809823036193848,ok
LA_D_4804270,10.552942276000977,10.55463695526123,ok
LA_D_4804886,9.950772285461426,9.951226234436035,ok
LA_D_4807296,-11.414244651794434,-11.420182228088379,ok
LA_D_4810605,13.372102737426758,13.372828483581543,ok
LA_D_4811625,-11.865306854248047,-11.872637748718262,ok
LA_D_4812481,7.930334091186523,7.954794406890869,ok
LA_D_4812719,14.597826957702637,14.638094902038574,ok
LA_D_4813001,15.376412391662598,15.396883964538574,ok
LA_D_4813446,11.315361976623535,11.318207740783691,ok
LA_D_4813520,-12.625419616699219,-12.625543594360352,ok
LA_D_4813945,12.056140899658203,12.057112693786621,ok
LA_D_4814402,6.8751726150512695,6.898304462432861,ok
LA_D_4814981,12.005459785461426,12.00532341003418,ok
LA_D_4815856,15.231860160827637,15.23884105682373,ok
LA_D_4816070,17.4249267578125,17.47003173828125,ok
LA_D_4816127,-12.174538612365723,-12.176690101623535,ok
LA_D_4816769,11.011159896850586,11.013903617858887,ok
LA_D_4818528,-11.345675468444824,-11.347143173217773,ok
LA_D_4820874,9.816679954528809,9.817564010620117,ok
LA_D_4821411,-12.012420654296875,-12.013946533203125,ok
LA_D_4822832,14.103870391845703,14.106627464294434,ok
LA_D_4823498,15.346503257751465,15.405618667602539,ok
LA_D_4824323,13.356794357299805,13.456985473632812,ok
LA_D_4825371,11.866034507751465,11.868430137634277,ok
LA_D_4825555,10.99837589263916,11.002663612365723,ok
LA_D_4825650,9.23578929901123,9.238072395324707,ok
LA_D_4825873,10.61283016204834,10.616039276123047,ok
LA_D_4825879,19.62271499633789,19.629350662231445,ok
LA_D_4828615,13.732673645019531,13.743706703186035,ok
LA_D_4828901,-14.010530471801758,-14.041232109069824,ok
LA_D_4830541,8.478370666503906,8.479784965515137,ok
LA_D_4830591,11.61885929107666,11.62112045288086,ok
LA_D_4831370,11.42287826538086,11.426279067993164,ok
LA_D_4831551,16.41380500793457,16.414583206176758,ok
LA_D_4832159,14.704726219177246,14.714903831481934,ok
LA_D_4833484,13.370655059814453,13.373976707458496,ok
LA_D_4834228,-12.855965614318848,-12.860441207885742,ok
LA_D_4835735,11.518226623535156,11.523605346679688,ok
LA_D_4835906,14.596199035644531,14.603230476379395,ok
LA_D_4836452,13.734322547912598,13.7348051071167,ok
LA_D_4837193,14.598356246948242,14.624504089355469,ok
LA_D_4838177,15.293889999389648,15.31531810760498,ok
LA_D_4838987,14.629748344421387,14.631455421447754,ok
LA_D_4840993,17.083375930786133,17.086782455444336,ok
LA_D_4841921,17.941543579101562,17.958084106445312,ok
LA_D_4842833,10.779436111450195,10.780367851257324,ok
LA_D_4843399,13.029346466064453,13.035470008850098,ok
LA_D_4845159,14.787492752075195,14.806862831115723,ok
LA_D_4846038,15.631606101989746,15.63260555267334,ok
LA_D_4846158,11.302570343017578,11.324263572692871,ok
LA_D_4850290,16.968013763427734,16.98141098022461,ok
LA_D_4850598,17.54939079284668,17.675148010253906,ok
LA_D_4850913,14.981607437133789,14.988656044006348,ok
LA_D_4851492,14.94657039642334,14.948046684265137,ok
LA_D_4851657,16.166316986083984,16.185514450073242,ok
LA_D_4852037,13.354704856872559,13.362666130065918,ok
LA_D_4852255,6.2380266189575195,6.243626117706299,ok
LA_D_4852798,17.38617515563965,17.417808532714844,ok
LA_D_4853863,8.361947059631348,8.376501083374023,ok
LA_D_4854280,14.006678581237793,14.027388572692871,ok
LA_D_4855092,13.511627197265625,13.534750938415527,ok
LA_D_4856350,17.315887451171875,17.31879234313965,ok
LA_D_4857699,13.667737007141113,13.67753791809082,ok
LA_D_4859174,11.385406494140625,11.404376029968262,ok
LA_D_4859889,10.18660831451416,10.199599266052246,ok
LA_D_4859938,12.6412935256958,12.655647277832031,ok
LA_D_4860045,16.69150161743164,16.72205924987793,ok
LA_D_4860228,11.977362632751465,12.005146980285645,ok
LA_D_4863244,12.117425918579102,12.117569923400879,ok
LA_D_4863395,11.995978355407715,12.00428295135498,ok
LA_D_4864665,17.757625579833984,17.76780128479004,ok
LA_D_4864976,16.605398178100586,16.61302375793457,ok
LA_D_4865380,24.519641876220703,24.541202545166016,ok
LA_D_4866981,-14.263826370239258,-14.276840209960938,ok
LA_D_4867067,-13.129793167114258,-13.160340309143066,ok
LA_D_4868270,17.288496017456055,17.30651092529297,ok
LA_D_4868553,18.794897079467773,18.803850173950195,ok
LA_D_4868564,16.22626304626465,16.233530044555664,ok
LA_D_4869707,15.574690818786621,15.585686683654785,ok
LA_D_4870195,15.615556716918945,15.630524635314941,ok
LA_D_4871022,12.35504150390625,12.357990264892578,ok
LA_D_4871506,14.632782936096191,14.637043952941895,ok
LA_D_4872589,15.229111671447754,15.246989250183105,ok
LA_D_4873396,13.214859008789062,13.217473030090332,ok
LA_D_4874226,17.326818466186523,17.32874870300293,ok
LA_D_4874503,6.656064510345459,6.6572747230529785,ok
LA_D_4874621,12.757201194763184,12.759878158569336,ok
LA_D_4875350,13.834808349609375,13.85232925415039,ok
LA_D_4876121,-14.181843757629395,-14.184626579284668,ok
LA_D_4876159,11.796955108642578,11.806955337524414,ok
LA_D_4876374,10.300146102905273,10.303893089294434,ok
LA_D_4876945,10.554746627807617,10.554642677307129,ok
LA_D_4876965,14.489134788513184,14.490851402282715,ok
LA_D_4877447,10.593189239501953,10.59326457977295,ok
LA_D_4881980,13.85387134552002,13.887946128845215,ok
LA_D_4882385,12.771448135375977,12.783146858215332,ok
LA_D_4882560,9.274446487426758,9.275918960571289,ok
LA_D_4883594,16.00459098815918,16.044904708862305,ok
LA_D_4884481,13.945676803588867,13.955864906311035,ok
LA_D_4884741,12.613096237182617,12.614506721496582,ok
LA_D_4887466,18.206029891967773,18.215375900268555,ok
LA_D_4888486,10.497804641723633,10.49807071685791,ok
LA_D_4888907,14.449250221252441,14.464960098266602,ok
LA_D_4891515,11.9228515625,11.925503730773926,ok
LA_D_4891582,17.686302185058594,17.692995071411133,ok
LA_D_4893333,17.579301834106445,17.586109161376953,ok
LA_D_4893461,17.502159118652344,17.521581649780273,ok
LA_D_4893544,13.59498405456543,13.610247611999512,ok
LA_D_4893596,14.43494701385498,14.454886436462402,ok
LA_D_4894198,-15.054511070251465,-15.075957298278809,ok
LA_D_4894754,14.197994232177734,14.20246696472168,ok
LA_D_4895062,12.790255546569824,12.79474925994873,ok
LA_D_4895511,18.07415199279785,18.09449005126953,ok
LA_D_4896823,12.677340507507324,12.677750587463379,ok
LA_D_4897076,-9.510400772094727,-9.54273509979248,ok
LA_D_4897222,13.975506782531738,13.9768705368042,ok
LA_D_4898740,13.111568450927734,13.13003921508789,ok
LA_D_4899370,11.9937162399292,12.001765251159668,ok
LA_D_4900313,14.624713897705078,14.698807716369629,ok
LA_D_4900323,14.17609977722168,14.178956985473633,ok
LA_D_4901474,17.079830169677734,17.083017349243164,ok
LA_D_4902826,21.753719329833984,21.769765853881836,ok
LA_D_4903304,-13.916034698486328,-13.919946670532227,ok
LA_D_4904641,15.381566047668457,15.384909629821777,ok
LA_D_4904642,13.454683303833008,13.465353965759277,ok
LA_D_4907345,13.538596153259277,13.543731689453125,ok
LA_D_4907389,14.671638488769531,14.683857917785645,ok
LA_D_4907676,6.142111778259277,6.135265350341797,ok
LA_D_4908581,13.517802238464355,13.5178804397583,ok
LA_D_4909030,15.194233894348145,15.2098970413208,ok
LA_D_4909565,14.475014686584473,14.481181144714355,ok
LA_D_4910268,15.887740135192871,15.892899513244629,ok
LA_D_4911106,13.85545825958252,13.87647533416748,ok
LA_D_4911711,14.657706260681152,14.66104793548584,ok
LA_D_4912137,15.001178741455078,15.014001846313477,ok
LA_D_4914250,17.723243713378906,17.730398178100586,ok
LA_D_4915280,17.13084602355957,17.134340286254883,ok
LA_D_4915395,15.883624076843262,15.887663841247559,ok
LA_D_4915695,13.426464080810547,13.42750072479248,ok
LA_D_4917895,-11.92370891571045,-11.925204277038574,ok
LA_D_4919668,11.645598411560059,11.666121482849121,ok
LA_D_4919685,13.662153244018555,13.664233207702637,ok
LA_D_4919707,14.843554496765137,14.848362922668457,ok
LA_D_4919746,10.702278137207031,10.711514472961426,ok
LA_D_4920424,8.297416687011719,8.297450065612793,ok
LA_D_4920544,15.063924789428711,15.073853492736816,ok
LA_D_4921306,10.329508781433105,10.345946311950684,ok
LA_D_4921369,14.161806106567383,14.170029640197754,ok
LA_D_4922394,6.139145374298096,6.141024112701416,ok
LA_D_4923977,16.487916946411133,16.5379638671875,ok
LA_D_4924355,16.73335075378418,16.742464065551758,ok
LA_D_4925465,18.315967559814453,18.319543838500977,ok
LA_D_4925887,19.947769165039062,20.031476974487305,ok
LA_D_4927828,15.312088966369629,15.335290908813477,ok
LA_D_4928075,14.395768165588379,14.422557830810547,ok
LA_D_4928308,15.778077125549316,15.824223518371582,ok
LA_D_4929114,15.431326866149902,15.439959526062012,ok
LA_D_4929440,15.43818187713623,15.439162254333496,ok
LA_D_4929561,15.873929023742676,15.89257526397705,ok
LA_D_4929765,19.862607955932617,19.912925720214844,ok
LA_D_4929781,10.217817306518555,10.21937084197998,ok
LA_D_4931293,17.204965591430664,17.21468734741211,ok
LA_D_4931376,15.444263458251953,15.444011688232422,ok
LA_D_4931710,11.792130470275879,11.792253494262695,ok
LA_D_4932083,14.40614128112793,14.420092582702637,ok
LA_D_4933001,11.651835441589355,11.65566349029541,ok
LA_D_4933527,10.792824745178223,10.792983055114746,ok
LA_D_4934401,11.843497276306152,11.843485832214355,ok
LA_D_4935046,15.29977035522461,15.299607276916504,ok
LA_D_4935731,16.32227897644043,16.322107315063477,ok
LA_D_4935985,18.462656021118164,18.469690322875977,ok
LA_D_4936226,13.877375602722168,13.91110897064209,ok
LA_D_4938185,23.275236129760742,23.30318260192871,ok
LA_D_4938958,13.906540870666504,13.908629417419434,ok
LA_D_4938987,18.081632614135742,18.09238624572754,ok
LA_D_4939706,7.851696491241455,7.846895217895508,ok
LA_D_4940984,14.490256309509277,14.490221977233887,ok
LA_D_4941783,11.66652774810791,11.677384376525879,ok
LA_D_4942826,12.088777542114258,12.117730140686035,ok
LA_D_4943612,15.911232948303223,15.963835716247559,ok
LA_D_4944706,14.285483360290527,14.295354843139648,ok
LA_D_4945608,-11.517516136169434,-11.519291877746582,ok
LA_D_4946274,14.793642044067383,14.80566120147705,ok
LA_D_4946335,17.853347778320312,17.887609481811523,ok
LA_D_4946717,14.462794303894043,14.480599403381348,ok
LA_D_4947147,-9.635337829589844,-9.64535140991211,ok
LA_D_4947156,12.933072090148926,12.939201354980469,ok
LA_D_4947786,12.969026565551758,12.969427108764648,ok
LA_D_4947818,16.03592872619629,16.04925537109375,ok
LA_D_4947939,12.57394790649414,12.596078872680664,ok
LA_D_4949629,13.692706108093262,13.696967124938965,ok
LA_D_4950221,15.144660949707031,15.188023567199707,ok
LA_D_4950294,13.735189437866211,13.737603187561035,ok
LA_D_4952066,13.748919486999512,13.751782417297363,ok
LA_D_4952493,-14.25051212310791,-14.257172584533691,ok
LA_D_4952907,13.74507999420166,13.754598617553711,ok
LA_D_4953037,12.430634498596191,12.436372756958008,ok
LA_D_4954651,12.494808197021484,12.49567699432373,ok
LA_D_4954842,16.749004364013672,16.752058029174805,ok
LA_D_4956039,11.979866027832031,12.026241302490234,ok
LA_D_4958833,15.64139175415039,15.67844009399414,ok
LA_D_4959035,8.999872207641602,9.006482124328613,ok
LA_D_4960294,12.113874435424805,12.115439414978027,ok
LA_D_4960326,10.799521446228027,10.801785469055176,ok
LA_D_4961315,-14.276925086975098,-14.279064178466797,ok
LA_D_4961502,15.643692016601562,15.64655590057373,ok
LA_D_4961527,11.10087776184082,11.096428871154785,ok
LA_D_4961829,8.086648941040039,8.099385261535645,ok
LA_D_4962492,-13.232365608215332,-13.2603178024292,ok
LA_D_4962965,14.750931739807129,14.756489753723145,ok
LA_D_4963074,16.81559944152832,16.820051193237305,ok
LA_D_4964036,13.603384017944336,13.617415428161621,ok
LA_D_4964260,-13.817840576171875,-13.82076358795166,ok
LA_D_4964309,16.219858169555664,16.251001358032227,ok
LA_D_4965816,9.297521591186523,9.318535804748535,ok
LA_D_4965981,10.718546867370605,10.720524787902832,ok
LA_D_4966032,15.532548904418945,15.541287422180176,ok
LA_D_4966083,-13.662317276000977,-13.66784381866455,ok
LA_D_4966175,13.85145378112793,13.889337539672852,ok
LA_D_4966242,16.96267318725586,16.991756439208984,ok
LA_D_4967942,20.094589233398438,20.123857498168945,ok
LA_D_4968305,-15.534334182739258,-15.540539741516113,ok
LA_D_4969607,-13.704957008361816,-13.713095664978027,ok
LA_D_4969859,-15.428953170776367,-15.433832168579102,ok
LA_D_4969991,12.489253997802734,12.49746036529541,ok
LA_D_4970282,14.507308006286621,14.51880168914795,ok
LA_D_4971078,-9.09569263458252,-9.098016738891602,ok
LA_D_4972385,14.060652732849121,14.068772315979004,ok
LA_D_4972782,9.041622161865234,9.043728828430176,ok
LA_D_4973412,-12.622581481933594,-12.665647506713867,ok
LA_D_4974078,10.803919792175293,10.802845001220703,ok
LA_D_4974659,14.192800521850586,14.204218864440918,ok
LA_D_4977098,11.068227767944336,11.068289756774902,ok
LA_D_4977329,-15.235857963562012,-15.243380546569824,ok
LA_D_4978565,16.189943313598633,16.199440002441406,ok
LA_D_4979134,13.945992469787598,13.953177452087402,ok
LA_D_4979175,12.208641052246094,12.210917472839355,ok
LA_D_4979666,8.651281356811523,8.650579452514648,ok
LA_D_4981603,18.68514633178711,18.68560028076172,ok
LA_D_4982133,13.115225791931152,13.11806583404541,ok
LA_D_4983313,14.314834594726562,14.328198432922363,ok
LA_D_4984003,13.935049057006836,13.950761795043945,ok
LA_D_4984074,13.211413383483887,13.217391014099121,ok
LA_D_4984317,12.288127899169922,12.289688110351562,ok
LA_D_4984754,12.403219223022461,12.419843673706055,ok
LA_D_4985773,13.860937118530273,13.889339447021484,ok
LA_D_4986715,14.201359748840332,14.20511531829834,ok
LA_D_4986753,16.351049423217773,16.351240158081055,ok
LA_D_4987822,10.941838264465332,10.942245483398438,ok
LA_D_4990292,14.360992431640625,14.368441581726074,ok
LA_D_4990575,13.203242301940918,13.205683708190918,ok
LA_D_4991294,16.560964584350586,16.561952590942383,ok
LA_D_4992364,-14.603150367736816,-14.61647891998291,ok
LA_D_4992474,19.648456573486328,19.650644302368164,ok
LA_D_4992708,16.834989547729492,16.855867385864258,ok
LA_D_4993211,10.265154838562012,10.293408393859863,ok
LA_D_4994552,12.327482223510742,12.332728385925293,ok
LA_D_4995063,13.304015159606934,13.305437088012695,ok
LA_D_4995679,13.881170272827148,13.895707130432129,ok
LA_D_4996496,14.986907958984375,14.999913215637207,ok
LA_D_4999216,16.756452560424805,16.783279418945312,ok
LA_D_4999305,14.750897407531738,14.753559112548828,ok
LA_D_5001469,14.785140037536621,14.792695045471191,ok
LA_D_5002979,10.041579246520996,10.049413681030273,ok
LA_D_5004092,15.236100196838379,15.260687828063965,ok
LA_D_5005167,14.571453094482422,14.578076362609863,ok
LA_D_5005646,13.60244369506836,13.617955207824707,ok
LA_D_5005973,13.196383476257324,13.216227531433105,ok
LA_D_5008093,16.813512802124023,16.82693099975586,ok
LA_D_5008157,10.307001113891602,10.307827949523926,ok
LA_D_5009375,12.874263763427734,12.875286102294922,ok
LA_D_5010817,9.356905937194824,9.377685546875,ok
LA_D_5011300,16.016019821166992,16.022991180419922,ok
LA_D_5011714,-15.376374244689941,-15.38393497467041,ok
LA_D_5012127,14.913761138916016,14.915451049804688,ok
LA_D_5012472,16.181482315063477,16.192468643188477,ok
LA_D_5013159,9.077530860900879,9.148962020874023,ok
LA_D_5013243,10.485095024108887,10.484984397888184,ok
LA_D_5013283,14.910602569580078,14.924492835998535,ok
LA_D_5014370,14.193224906921387,14.210051536560059,ok
LA_D_5016623,17.72635269165039,17.723310470581055,ok
LA_D_5017002,12.483717918395996,12.484265327453613,ok
LA_D_5017814,15.00125503540039,15.0040922164917,ok
LA_D_5018111,9.09587287902832,9.09812068939209,ok
LA_D_5018258,-11.69169807434082,-11.694831848144531,ok
LA_D_5018490,11.517627716064453,11.519965171813965,ok
LA_D_5018816,11.980562210083008,11.984253883361816,ok
LA_D_5018866,16.87265396118164,16.87775230407715,ok
LA_D_5021244,-12.39824390411377,-12.398665428161621,ok
LA_D_5023844,13.7198486328125,13.742827415466309,ok
LA_D_5026079,13.347301483154297,13.352742195129395,ok
LA_D_5026225,16.1549072265625,16.183752059936523,ok
LA_D_5026406,10.48952865600586,10.500763893127441,ok
LA_D_5026441,10.938776016235352,10.957115173339844,ok
LA_D_5026692,-13.295305252075195,-13.343338966369629,ok
LA_D_5026948,13.344444274902344,13.353558540344238,ok
LA_D_5028072,19.904695510864258,19.981273651123047,ok
LA_D_5028641,17.399675369262695,17.429349899291992,ok
LA_D_5028697,11.929851531982422,11.936549186706543,ok
LA_D_5029303,15.241310119628906,15.266161918640137,ok
LA_D_5029338,-7.457076072692871,-7.465359210968018,ok
LA_D_5030185,17.54378318786621,17.56282615661621,ok
LA_D_5031248,13.651686668395996,13.686907768249512,ok
LA_D_5032508,16.370967864990234,16.386106491088867,ok
LA_D_5034046,17.849328994750977,17.854848861694336,ok
LA_D_5034203,11.191969871520996,11.19864559173584,ok
LA_D_5035533,8.928299903869629,8.928799629211426,ok
LA_D_5039819,13.12257194519043,13.123074531555176,ok
LA_D_5040114,11.993276596069336,12.001218795776367,ok
LA_D_5041256,11.67381763458252,11.67967700958252,ok
LA_D_5042622,14.424600601196289,14.425774574279785,ok
LA_D_5044120,16.54363250732422,16.573022842407227,ok
LA_D_5046909,13.363452911376953,13.382294654846191,ok
LA_D_5047683,5.884932518005371,5.889394283294678,ok
LA_D_5048362,17.03850746154785,17.05386734008789,ok
LA_D_5049280,15.15250301361084,15.160845756530762,ok
LA_D_5050513,10.81458568572998,10.81578254699707,ok
LA_D_5051331,17.947986602783203,17.95990753173828,ok
LA_D_5051597,16.3769588470459,16.38153839111328,ok
LA_D_5051791,12.217097282409668,12.240036964416504,ok
LA_D_5051913,14.707666397094727,14.716361999511719,ok
LA_D_5052184,12.86144733428955,12.869475364685059,ok
LA_D_5053631,19.812767028808594,19.8150577545166,ok
LA_D_5054258,17.271263122558594,17.27924156188965,ok
LA_D_5054541,10.834757804870605,10.834863662719727,ok
LA_D_5054607,13.021143913269043,13.027678489685059,ok
LA_D_5054904,-12.240159034729004,-12.2452974319458,ok
LA_D_5055165,22.5293025970459,22.55156707763672,ok
LA_D_5056218,-14.34122085571289,-14.345147132873535,ok
LA_D_5057705,10.097314834594727,10.097212791442871,ok
LA_D_5058489,13.851055145263672,13.889634132385254,ok
LA_D_5060788,13.841038703918457,13.8534574508667,ok
LA_D_5062241,13.063045501708984,13.135687828063965,ok
LA_D_5063604,11.72333812713623,11.730982780456543,ok
LA_D_5064398,13.342551231384277,13.356583595275879,ok
LA_D_5065135,13.93488883972168,13.961804389953613,ok
LA_D_5066173,14.577908515930176,14.5897216796875,ok
LA_D_5066427,12.657329559326172,12.694965362548828,ok
LA_D_5067087,17.68790626525879,17.694841384887695,ok
LA_D_5067184,12.074106216430664,12.076581001281738,ok
LA_D_5067930,13.492836952209473,13.496803283691406,ok
LA_D_5068271,10.642498016357422,10.663270950317383,ok
LA_D_5068352,18.333223342895508,18.33613395690918,ok
LA_D_5070212,10.934342384338379,10.928208351135254,ok
LA_D_5070679,13.643298149108887,13.644394874572754,ok
LA_D_5071457,11.84408950805664,11.84864330291748,ok
LA_D_5073015,6.35902738571167,6.359023571014404,ok
LA_D_5073126,15.858563423156738,15.858392715454102,ok
LA_D_5074328,15.30955696105957,15.3165922164917,ok
LA_D_5074906,12.07711124420166,12.096116065979004,ok
LA_D_5074932,13.103351593017578,13.105328559875488,ok
LA_D_5075029,-14.346517562866211,-14.354327201843262,ok
LA_D_5076123,14.925025939941406,14.944451332092285,ok
LA_D_5076610,17.36357307434082,17.36756706237793,ok
LA_D_5076674,9.553804397583008,9.558187484741211,ok
LA_D_5076694,18.345346450805664,18.362760543823242,ok
LA_D_5077584,8.907618522644043,8.912274360656738,ok
LA_D_5077681,13.98983383178711,14.0260591506958,ok
LA_D_5079558,10.222243309020996,10.235747337341309,ok
LA_D_5081966,13.514822959899902,13.514386177062988,ok
LA_D_5082258,14.025749206542969,14.03579044342041,ok
LA_D_5084830,14.143264770507812,14.184311866760254,ok
LA_D_5085425,11.270905494689941,11.272522926330566,ok
LA_D_5086729,12.265154838562012,12.274985313415527,ok
LA_D_5088369,13.766549110412598,13.767023086547852,ok
LA_D_5089751,12.743857383728027,12.746922492980957,ok
LA_D_5090421,-12.342950820922852,-12.3443021774292,ok
LA_D_5090531,14.610562324523926,14.629717826843262,ok
LA_D_5090551,14.752931594848633,14.765706062316895,ok
LA_D_5090608,19.35363006591797,19.36797523498535,ok
LA_D_5090803,-11.501476287841797,-11.5111665725708,ok
LA_D_5091510,7.751585960388184,7.7513747215271,ok
LA_D_5091691,16.230466842651367,16.239938735961914,ok
LA_D_5091760,14.693291664123535,14.701162338256836,ok
LA_D_5092098,14.957954406738281,14.973162651062012,ok
LA_D_5092272,15.055651664733887,15.05562973022461,ok
LA_D_5092434,18.148427963256836,18.19864273071289,ok
LA_D_5092533,13.879219055175781,13.895026206970215,ok
LA_D_5092940,15.940114974975586,15.951476097106934,ok
LA_D_5094867,15.4598388671875,15.473742485046387,ok
LA_D_5095193,16.328611373901367,16.364484786987305,ok
LA_D_5095523,12.809952735900879,12.820034980773926,ok
LA_D_5096284,12.409728050231934,12.412714004516602,ok
LA_D_5097555,14.955244064331055,15.021947860717773,ok
LA_D_5098281,12.431418418884277,12.433592796325684,ok
LA_D_5098442,17.455562591552734,17.496564865112305,ok
LA_D_5100182,17.350675582885742,17.373172760009766,ok
LA_D_5100382,9.069711685180664,9.097203254699707,ok
LA_D_5100813,17.16893196105957,17.170269012451172,ok
LA_D_5101551,13.395954132080078,13.39747142791748,ok
LA_D_5101720,8.150924682617188,8.170015335083008,ok
LA_D_5103356,19.3436279296875,19.365276336669922,ok
LA_D_5103566,12.202500343322754,12.21557331085205,ok
LA_D_5104907,10.760011672973633,10.756935119628906,ok
LA_D_5106469,8.773710250854492,8.796900749206543,ok
LA_D_5107192,15.316689491271973,15.318449974060059,ok
LA_D_5107868,12.698500633239746,12.69878101348877,ok
LA_D_5109502,15.281213760375977,15.321219444274902,ok
LA_D_5109561,16.329059600830078,16.344633102416992,ok
LA_D_5110293,15.22536849975586,15.228320121765137,ok
LA_D_5110992,-14.03083610534668,-14.033064842224121,ok
LA_D_5111401,23.41302490234375,23.47568130493164,ok
LA_D_5115596,11.366718292236328,11.383378028869629,ok
LA_D_5116527,11.586687088012695,11.600865364074707,ok
LA_D_5117145,10.161229133605957,10.18940544128418,ok
LA_D_5117623,16.671390533447266,16.670961380004883,ok
LA_D_5118097,16.335586547851562,16.36903953552246,ok
LA_D_5118215,16.99973487854004,17.009077072143555,ok
LA_D_5119493,11.205323219299316,11.20873737335205,ok
LA_D_5120421,13.240517616271973,13.241595268249512,ok
LA_D_5120726,14.137590408325195,14.137944221496582,ok
LA_D_5123725,12.738720893859863,12.741580963134766,ok
LA_D_5123844,15.676128387451172,15.686788558959961,ok
LA_D_5124586,13.293143272399902,13.293831825256348,ok
LA_D_5126554,15.338898658752441,15.341269493103027,ok
LA_D_5126998,6.302716255187988,6.308545112609863,ok
LA_D_5127521,10.745716094970703,10.746783256530762,ok
LA_D_5127607,17.65834617614746,17.69329833984375,ok
LA_D_5128111,16.36696434020996,16.380144119262695,ok
LA_D_5131261,12.547628402709961,12.565348625183105,ok
LA_D_5131724,8.778688430786133,8.778922080993652,ok
LA_D_5133121,14.026798248291016,14.042166709899902,ok
LA_D_5133384,10.894280433654785,10.901610374450684,ok
LA_D_5135042,-15.42863655090332,-15.44931697845459,ok
LA_D_5135623,10.30205249786377,10.30556583404541,ok
LA_D_5136094,14.735418319702148,14.731986999511719,ok
LA_D_5138201,16.19704246520996,16.21549415588379,ok
LA_D_5138851,15.570733070373535,15.574294090270996,ok
LA_D_5139344,13.043013572692871,13.052159309387207,ok
LA_D_5139863,21.14014434814453,21.167470932006836,ok
LA_D_5140041,17.280227661132812,17.286149978637695,ok
LA_D_5140118,14.3323392868042,14.336441040039062,ok
LA_D_5140508,15.7653226852417,15.782522201538086,ok
LA_D_5140773,13.389864921569824,13.391545295715332,ok
LA_D_5142081,14.964503288269043,14.996593475341797,ok
LA_D_5145079,12.91377067565918,12.916455268859863,ok
LA_D_5145753,16.019224166870117,16.02508544921875,ok
LA_D_5146064,-12.57962703704834,-12.672276496887207,ok
LA_D_5147678,12.862834930419922,12.862805366516113,ok
LA_D_5147912,14.590622901916504,14.61237907409668,ok
LA_D_5148813,17.664289474487305,17.670461654663086,ok
LA_D_5149214,7.648258209228516,7.671478748321533,ok
LA_D_5149734,17.586652755737305,17.58880043029785,ok
LA_D_5151081,20.370346069335938,20.372047424316406,ok
LA_D_5151616,13.919442176818848,13.926393508911133,ok
LA_D_5152377,16.551170349121094,16.571447372436523,ok
LA_D_5153538,11.398943901062012,11.398869514465332,ok
LA_D_5155418,10.739566802978516,10.758366584777832,ok
LA_D_5156009,9.981362342834473,9.981889724731445,ok
LA_D_5157129,16.2110538482666,16.21978759765625,ok
LA_D_5157517,17.441499710083008,17.443880081176758,ok
LA_D_5157632,11.307466506958008,11.324316024780273,ok
LA_D_5158638,-14.102513313293457,-14.145649909973145,ok
LA_D_5159936,14.570990562438965,14.57362174987793,ok
LA_D_5163083,10.988211631774902,10.988367080688477,ok
LA_D_5163761,19.65692710876465,19.717065811157227,ok
LA_D_5163985,14.843184471130371,14.85770320892334,ok
LA_D_5164039,11.990751266479492,11.993780136108398,ok
LA_D_5165049,14.7565336227417,14.800665855407715,ok
LA_D_5165259,19.541555404663086,19.544652938842773,ok
LA_D_5167234,8.360456466674805,8.367379188537598,ok
LA_D_5167361,13.07735538482666,13.07793140411377,ok
LA_D_5167363,14.780267715454102,14.791975975036621,ok
LA_D_5168716,14.034442901611328,14.096476554870605,ok
LA_D_5168787,9.913945198059082,9.968573570251465,ok
LA_D_5169731,20.187490463256836,20.189321517944336,ok
LA_D_5169953,15.020190238952637,15.043107032775879,ok
LA_D_5170331,15.200328826904297,15.20276927947998,ok
LA_D_5170428,16.477985382080078,16.494539260864258,ok
LA_D_5171645,14.768807411193848,14.793723106384277,ok
LA_D_5172398,18.13066291809082,18.15138816833496,ok
LA_D_5173528,13.84790325164795,13.850874900817871,ok
LA_D_5174000,16.223289489746094,16.225358963012695,ok
LA_D_5174186,14.287017822265625,14.290274620056152,ok
LA_D_5174430,-1.0346091985702515,-1.0437281131744385,ok
LA_D_5174566,10.39674186706543,10.402731895446777,ok
LA_D_5175082,12.246499061584473,12.24749755859375,ok
LA_D_5176156,12.055950164794922,12.057233810424805,ok
LA_D_5176173,15.063617706298828,15.092829704284668,ok
LA_D_5177326,19.3131160736084,19.34475326538086,ok
LA_D_5177748,12.990280151367188,12.992387771606445,ok
LA_D_5178524,15.85088062286377,15.85108757019043,ok
LA_D_5179475,8.724817276000977,8.725064277648926,ok
LA_D_5181153,13.48066234588623,13.498429298400879,ok
LA_D_5181684,21.491209030151367,21.500890731811523,ok
LA_D_5181769,14.182223320007324,14.189953804016113,ok
LA_D_5182268,9.560831069946289,9.561680793762207,ok
LA_D_5182772,14.0863676071167,14.088175773620605,ok
LA_D_5184277,11.84903335571289,11.873114585876465,ok
LA_D_5184417,13.9869384765625,13.98931884765625,ok
LA_D_5185723,10.758301734924316,10.760676383972168,ok
LA_D_5186676,12.574195861816406,12.574475288391113,ok
LA_D_5187334,8.026544570922852,8.027970314025879,ok
LA_D_5188638,15.27968692779541,15.301989555358887,ok
LA_D_5188766,14.418580055236816,14.424346923828125,ok
LA_D_5189187,12.418416023254395,12.417941093444824,ok
LA_D_5189335,13.895112991333008,13.89553165435791,ok
LA_D_5189947,15.659971237182617,15.754030227661133,ok
LA_D_5191461,17.61909294128418,17.637266159057617,ok
LA_D_5192013,15.374600410461426,15.38112735748291,ok
LA_D_5192033,12.119539260864258,12.137995719909668,ok
LA_D_5193343,17.276113510131836,17.277530670166016,ok
LA_D_5193473,9.425134658813477,9.428927421569824,ok
LA_D_5193544,15.191189765930176,15.210984230041504,ok
LA_D_5193789,14.698439598083496,14.706273078918457,ok
LA_D_5194683,16.53997802734375,16.540725708007812,ok
LA_D_5194904,12.310803413391113,12.367873191833496,ok
LA_D_5196563,16.112707138061523,16.13242530822754,ok
LA_D_5196907,16.66737937927246,16.675710678100586,ok
LA_D_5197000,-12.042333602905273,-12.089778900146484,ok
LA_D_5198588,14.360445976257324,14.405488014221191,ok
LA_D_5199048,13.266522407531738,13.373337745666504,ok
LA_D_5202763,18.710018157958984,18.739398956298828,ok
LA_D_5203690,19.270872116088867,19.271947860717773,ok
LA_D_5203733,-14.389801025390625,-14.404361724853516,ok
LA_D_5205569,12.878743171691895,12.881792068481445,ok
LA_D_5207545,17.1412410736084,17.147247314453125,ok
LA_D_5208898,17.15706443786621,17.166471481323242,ok
LA_D_5209189,17.50099754333496,17.50178337097168,ok
LA_D_5210678,14.227684020996094,14.251947402954102,ok
LA_D_5210752,13.83635139465332,13.86828899383545,ok
LA_D_5212385,18.924470901489258,18.925540924072266,ok
LA_D_5212614,-11.075028419494629,-11.093981742858887,ok
LA_D_5213207,16.46927261352539,16.468351364135742,ok
LA_D_5216313,17.130416870117188,17.137454986572266,ok
LA_D_5216508,12.763132095336914,12.796603202819824,ok
LA_D_5216823,14.016716957092285,14.030043601989746,ok
LA_D_5219734,15.307976722717285,15.315393447875977,ok
LA_D_5220475,11.740174293518066,11.779276847839355,ok
LA_D_5220521,14.363250732421875,14.363412857055664,ok
LA_D_5223490,13.614459037780762,13.63014030456543,ok
LA_D_5224129,-13.435253143310547,-13.452187538146973,ok
LA_D_5225846,11.131016731262207,11.13823413848877,ok
LA_D_5226379,-11.460912704467773,-11.463391304016113,ok
LA_D_5228503,16.10418128967285,16.11895179748535,ok
LA_D_5229682,14.699197769165039,14.701775550842285,ok
LA_D_5232139,13.290828704833984,13.294886589050293,ok
LA_D_5232800,16.434650421142578,16.452470779418945,ok
LA_D_5233239,13.335489273071289,13.352042198181152,ok
LA_D_5233431,16.312366485595703,16.31370735168457,ok
LA_D_5234713,13.065425872802734,13.069987297058105,ok
LA_D_5234827,14.12684154510498,14.213770866394043,ok
LA_D_5236165,15.098979949951172,15.121068000793457,ok
LA_D_5236557,12.248711585998535,12.274786949157715,ok
LA_D_5237899,7.953784465789795,7.953722953796387,ok
LA_D_5238266,12.425609588623047,12.447600364685059,ok
LA_D_5238810,17.84014129638672,17.876066207885742,ok
LA_D_5239066,16.65041160583496,16.65830421447754,ok
LA_D_5239525,16.37730598449707,16.386371612548828,ok
LA_D_5241214,13.635651588439941,13.643889427185059,ok
LA_D_5241744,13.875144004821777,13.875428199768066,ok
LA_D_5242419,18.201488494873047,18.206079483032227,ok
LA_D_5242519,14.912884712219238,14.927617073059082,ok
LA_D_5242820,-0.41081371903419495,-0.41170066595077515,ok
LA_D_5243479,14.880093574523926,14.906973838806152,ok
LA_D_5245223,10.826079368591309,10.82606029510498,ok
LA_D_5245987,-11.524765968322754,-11.542950630187988,ok
LA_D_5246094,15.245942115783691,15.25286865234375,ok
LA_D_5246193,10.945609092712402,10.967370986938477,ok
LA_D_5246247,13.768034934997559,13.77063274383545,ok
LA_D_5246528,10.493352890014648,10.502547264099121,ok
LA_D_5248127,-14.729157447814941,-14.735637664794922,ok
LA_D_5248372,-12.038333892822266,-12.046133041381836,ok
LA_D_5249364,11.985332489013672,11.987025260925293,ok
LA_D_5250042,-13.729764938354492,-13.734150886535645,ok
LA_D_5253806,15.584603309631348,15.586730003356934,ok
LA_D_5253814,15.161590576171875,15.165637969970703,ok
LA_D_5254267,20.138044357299805,20.16127586364746,ok
LA_D_5256245,13.80072021484375,13.801736831665039,ok
LA_D_5257176,14.424362182617188,14.439742088317871,ok
LA_D_5257381,9.502276420593262,9.516802787780762,ok
LA_D_5258807,13.650565147399902,13.655116081237793,ok
LA_D_5259851,14.762444496154785,14.778729438781738,ok
LA_D_5260084,-15.30723762512207,-15.32508659362793,ok
LA_D_5260994,12.211870193481445,12.218210220336914,ok
LA_D_5261718,13.799922943115234,13.801057815551758,ok
LA_D_5262166,9.357203483581543,9.357460975646973,ok
LA_D_5262821,-13.329357147216797,-13.33029842376709,ok
LA_D_5263011,9.717245101928711,9.72824764251709,ok
LA_D_5264948,12.325140953063965,12.361045837402344,ok
LA_D_5264996,20.748703002929688,20.76561164855957,ok
LA_D_5265768,12.103740692138672,12.11500072479248,ok
LA_D_5266068,16.636249542236328,16.65347671508789,ok
LA_D_5266850,-14.857624053955078,-14.858610153198242,ok
LA_D_5267572,10.426090240478516,10.426909446716309,ok
LA_D_5267968,12.093878746032715,12.10482120513916,ok
LA_D_5269027,12.800962448120117,12.829434394836426,ok
LA_D_5269386,19.05614471435547,19.13117027282715,ok
LA_D_5269652,9.780774116516113,9.779247283935547,ok
LA_D_5269881,14.855382919311523,14.876477241516113,ok
LA_D_5269911,16.897974014282227,16.91786003112793,ok
LA_D_5270228,16.161928176879883,16.209415435791016,ok
LA_D_5271094,9.618507385253906,9.624016761779785,ok
LA_D_5271956,11.156754493713379,11.172279357910156,ok
LA_D_5272211,12.097209930419922,12.098089218139648,ok
LA_D_5274055,8.87985610961914,8.88659381866455,ok
LA_D_5274812,12.829916000366211,12.830985069274902,ok
LA_D_5275494,14.9537353515625,14.965882301330566,ok
LA_D_5275946,12.066832542419434,12.076546669006348,ok
LA_D_5276027,15.107818603515625,15.143529891967773,ok
LA_D_5276746,14.732882499694824,14.738860130310059,ok
LA_D_5277162,10.771098136901855,10.771244049072266,ok
LA_D_5279500,14.501089096069336,14.52362060546875,ok
LA_D_5280085,16.2687931060791,16.30459213256836,ok
LA_D_5281076,15.399419784545898,15.422730445861816,ok
LA_D_5282749,9.435338020324707,9.468034744262695,ok
LA_D_5282843,12.460429191589355,12.465924263000488,ok
LA_D_5283786,13.006217956542969,13.006231307983398,ok
LA_D_5285009,8.911880493164062,8.911890983581543,ok
LA_D_5285039,10.929230690002441,10.935673713684082,ok
LA_D_5285268,13.184781074523926,13.210318565368652,ok
LA_D_5285970,11.538139343261719,11.580605506896973,ok
LA_D_5286510,14.39128589630127,14.407211303710938,ok
LA_D_5287056,17.03094482421875,17.033477783203125,ok
LA_D_5287350,8.6990327835083,8.699299812316895,ok
LA_D_5287819,15.232452392578125,15.236300468444824,ok
LA_D_5288785,11.245315551757812,11.24706745147705,ok
LA_D_5289575,20.624492645263672,20.650907516479492,ok
LA_D_5291143,15.874417304992676,15.907713890075684,ok
LA_D_5292647,10.30866527557373,10.31834888458252,ok
LA_D_5293338,10.10898494720459,10.10987377166748,ok
LA_D_5294224,1.5672760009765625,1.5634573698043823,ok
LA_D_5294929,13.590227127075195,13.602431297302246,ok
LA_D_5295482,1.65578031539917,1.6670852899551392,ok
LA_D_5295577,10.497941017150879,10.49902057647705,ok
LA_D_5296414,9.3661470413208,9.368329048156738,ok
LA_D_5296519,21.544021606445312,21.559123992919922,ok
LA_D_5297304,14.882875442504883,14.885621070861816,ok
LA_D_5297443,15.402957916259766,15.417607307434082,ok
LA_D_5297638,12.704047203063965,12.702337265014648,ok
LA_D_5298731,13.075770378112793,13.082602500915527,ok
LA_D_5299238,9.184819221496582,9.185874938964844,ok
LA_D_5299709,9.796910285949707,9.790019035339355,ok
LA_D_5300130,12.399219512939453,12.405745506286621,ok
LA_D_5300881,13.821765899658203,13.823721885681152,ok
LA_D_5301172,15.019543647766113,15.030502319335938,ok
LA_D_5301983,19.44207191467285,19.45567512512207,ok
LA_D_5303302,14.334163665771484,14.350969314575195,ok
LA_D_5304792,11.201905250549316,11.217582702636719,ok
LA_D_5305086,15.607423782348633,15.607420921325684,ok
LA_D_5305473,13.798869132995605,13.812033653259277,ok
LA_D_5305767,9.196288108825684,9.198760986328125,ok
LA_D_5306498,12.98771858215332,13.02192211151123,ok
LA_D_5306960,12.696608543395996,12.70017147064209,ok
LA_D_5307600,14.962347030639648,14.962712287902832,ok
LA_D_5308008,8.465231895446777,8.465246200561523,ok
LA_D_5308188,10.748705863952637,10.751741409301758,ok
LA_D_5308230,17.53858184814453,17.54374122619629,ok
LA_D_5308766,15.029388427734375,15.029784202575684,ok
LA_D_5308866,20.479188919067383,20.534589767456055,ok
LA_D_5310517,14.467537879943848,14.467564582824707,ok
LA_D_5312245,13.651923179626465,13.698623657226562,ok
LA_D_5312350,-14.329681396484375,-14.333062171936035,ok
LA_D_5312607,-9.199234008789062,-9.200447082519531,ok
LA_D_5313766,15.72734546661377,15.761128425598145,ok
LA_D_5314825,15.652348518371582,15.660335540771484,ok
LA_D_5315354,15.610387802124023,15.619633674621582,ok
LA_D_5315391,10.143876075744629,10.144564628601074,ok
LA_D_5318221,15.406624794006348,15.438859939575195,ok
LA_D_5322570,17.313432693481445,17.313434600830078,ok
LA_D_5323011,14.853987693786621,14.894242286682129,ok
LA_D_5323426,15.868428230285645,15.870207786560059,ok
LA_D_5325527,10.310685157775879,10.315995216369629,ok
LA_D_5325697,14.953409194946289,14.967482566833496,ok
LA_D_5326644,10.716035842895508,10.71726131439209,ok
LA_D_5327408,10.927472114562988,10.931984901428223,ok
LA_D_5327544,16.24713897705078,16.2557373046875,ok
LA_D_5328469,12.016496658325195,12.016636848449707,ok
LA_D_5328894,13.905137062072754,13.907535552978516,ok
LA_D_5329061,12.486136436462402,12.492732048034668,ok
LA_D_5330155,13.525498390197754,13.563783645629883,ok
LA_D_5330416,8.420928955078125,8.42148208618164,ok
LA_D_5330909,15.460592269897461,15.465042114257812,ok
LA_D_5331264,-15.690570831298828,-15.716917037963867,ok
LA_D_5331428,11.769481658935547,11.778135299682617,ok
LA_D_5331450,12.876203536987305,12.89026927947998,ok
LA_D_5332246,8.293704986572266,8.302556037902832,ok
LA_D_5332359,-14.597221374511719,-14.599953651428223,ok
LA_D_5332565,9.48501968383789,9.48924446105957,ok
LA_D_5336165,13.034130096435547,13.04164981842041,ok
LA_D_5337300,12.137434959411621,12.160737037658691,ok
LA_D_5337439,17.400419235229492,17.425233840942383,ok
LA_D_5337615,3.357037305831909,3.3504998683929443,ok
LA_D_5338385,21.966581344604492,21.976993560791016,ok
LA_D_5339390,12.377071380615234,12.376975059509277,ok
LA_D_5341323,11.979768753051758,11.97661304473877,ok
LA_D_5341375,-12.305540084838867,-12.345114707946777,ok
LA_D_5341623,10.697832107543945,10.699772834777832,ok
LA_D_5341780,13.662729263305664,13.672977447509766,ok
LA_D_5343352,14.441773414611816,14.45045280456543,ok
LA_D_5345215,15.39080810546875,15.392444610595703,ok
LA_D_5345225,-14.404243469238281,-14.425045013427734,ok
LA_D_5345453,11.556166648864746,11.559179306030273,ok
LA_D_5346070,16.423063278198242,16.427812576293945,ok
LA_D_5348157,12.413016319274902,12.420737266540527,ok
LA_D_5349132,-14.399682998657227,-14.402796745300293,ok
LA_D_5349360,11.224523544311523,11.229229927062988,ok
LA_D_5349891,12.82121467590332,12.825658798217773,ok
LA_D_5350529,15.187211990356445,15.200809478759766,ok
LA_D_5350670,16.2703800201416,16.280454635620117,ok
LA_D_5355457,-15.533269882202148,-15.53516960144043,ok
LA_D_5356350,13.281414031982422,13.281250953674316,ok
LA_D_5357142,11.570436477661133,11.571260452270508,ok
LA_D_5357932,13.438328742980957,13.45862865447998,ok
LA_D_5358070,8.823502540588379,8.821420669555664,ok
LA_D_5358232,16.213638305664062,16.214263916015625,ok
LA_D_5359798,15.09376049041748,15.095152854919434,ok
LA_D_5359950,12.527631759643555,12.52949047088623,ok
LA_D_5360138,11.347569465637207,11.371726036071777,ok
LA_D_5362013,14.32489013671875,14.328214645385742,ok
LA_D_5362934,16.251937866210938,16.262374877929688,ok
LA_D_5363458,15.113434791564941,15.143797874450684,ok
LA_D_5364410,-5.1195855140686035,-5.121333599090576,ok
LA_D_5366058,16.38233184814453,16.382488250732422,ok
LA_D_5368042,15.294323921203613,15.298697471618652,ok
LA_D_5369394,7.654587268829346,7.654726505279541,ok
LA_D_5370145,15.679657936096191,15.685050010681152,ok
LA_D_5371276,8.50371265411377,8.51537799835205,ok
LA_D_5372592,14.441872596740723,14.529448509216309,ok
LA_D_5374725,13.868438720703125,13.87040901184082,ok
LA_D_5377943,20.531007766723633,20.79588508605957,ok
LA_D_5378463,16.97161102294922,16.994802474975586,ok
LA_D_5379068,18.495929718017578,18.50394630432129,ok
LA_D_5379360,11.936455726623535,11.95338249206543,ok
LA_D_5380020,11.69414234161377,11.694478034973145,ok
LA_D_5380614,9.27558708190918,9.276326179504395,ok
LA_D_5381315,12.557112693786621,12.56264877319336,ok
LA_D_5381358,20.2084903717041,20.305387496948242,ok
LA_D_5382385,15.552510261535645,15.558125495910645,ok
LA_D_5383174,-13.41202449798584,-13.442133903503418,ok
LA_D_5383636,15.160270690917969,15.170038223266602,ok
LA_D_5383844,12.881980895996094,12.883444786071777,ok
LA_D_5384145,16.08553123474121,16.108320236206055,ok
LA_D_5384475,15.562606811523438,15.582762718200684,ok
LA_D_5384711,12.053693771362305,12.056351661682129,ok
LA_D_5385507,14.111188888549805,14.138154029846191,ok
LA_D_5386489,10.691953659057617,10.70015811920166,ok
LA_D_5389869,12.661592483520508,12.708453178405762,ok
LA_D_5390706,17.593095779418945,17.594308853149414,ok
LA_D_5391312,15.195113182067871,15.19775390625,ok
LA_D_5392108,13.818869590759277,13.844225883483887,ok
LA_D_5392234,14.224382400512695,14.242741584777832,ok
LA_D_5392292,17.009140014648438,17.011629104614258,ok
LA_D_5392790,14.674242973327637,14.690206527709961,ok
LA_D_5393942,17.301687240600586,17.301626205444336,ok
LA_D_5393982,12.487616539001465,12.487452507019043,ok
LA_D_5394100,16.78525161743164,16.802688598632812,ok
LA_D_5394501,17.603025436401367,17.622953414916992,ok
LA_D_5395822,15.210288047790527,15.2343168258667,ok
LA_D_5396149,20.098400115966797,20.123849868774414,ok
LA_D_5396174,12.706221580505371,12.707697868347168,ok
LA_D_5396335,11.60682487487793,11.614830017089844,ok
LA_D_5396397,11.882447242736816,11.884456634521484,ok
LA_D_5397319,-12.87275505065918,-12.874442100524902,ok
LA_D_5397434,18.092008590698242,18.114973068237305,ok
LA_D_5398194,13.056556701660156,13.066939353942871,ok
LA_D_5398887,18.614042282104492,18.632909774780273,ok
LA_D_5399074,14.188637733459473,14.201619148254395,ok
LA_D_5399266,15.242863655090332,15.24559497833252,ok
LA_D_5399865,12.953580856323242,12.969538688659668,ok
LA_D_5400157,13.943344116210938,13.956134796142578,ok
LA_D_5400630,18.608455657958984,18.63907814025879,ok
LA_D_5400787,12.211064338684082,12.211393356323242,ok
LA_D_5401230,10.310539245605469,10.320395469665527,ok
LA_D_5402017,14.250622749328613,14.276683807373047,ok
LA_D_5402192,18.012781143188477,18.089006423950195,ok
LA_D_5402252,14.20458984375,14.207435607910156,ok
LA_D_5402646,7.584402084350586,7.579577445983887,ok
LA_D_5404416,9.455362319946289,9.459117889404297,ok
LA_D_5404458,16.52726936340332,16.57171058654785,ok
LA_D_5405376,18.565027236938477,18.58790397644043,ok
LA_D_5406274,16.194711685180664,16.18937110900879,ok
LA_D_5407356,15.38728141784668,15.393397331237793,ok
LA_D_5407463,11.927328109741211,11.928412437438965,ok
LA_D_5409509,15.886832237243652,15.897854804992676,ok
LA_D_5409547,9.781668663024902,9.781726837158203,ok
LA_D_5410675,18.05318832397461,18.06138801574707,ok
LA_D_5411425,7.557791709899902,7.566216468811035,ok
LA_D_5411434,-14.867311477661133,-14.871796607971191,ok
LA_D_5411748,-12.566573143005371,-12.59435749053955,ok
LA_D_5412347,15.064669609069824,15.094563484191895,ok
LA_D_5412628,21.502769470214844,21.53147315979004,ok
LA_D_5413087,15.223751068115234,15.250823974609375,ok
LA_D_5414308,11.839905738830566,11.864709854125977,ok
LA_D_5416414,6.147691249847412,6.147698402404785,ok
LA_D_5416674,-15.295114517211914,-15.297174453735352,ok
LA_D_5416891,12.438836097717285,12.448493957519531,ok
LA_D_5419620,8.519527435302734,8.519220352172852,ok
LA_D_5420932,16.019611358642578,16.026052474975586,ok
LA_D_5421212,24.31458282470703,24.357213973999023,ok
LA_D_5422337,18.266813278198242,18.300668716430664,ok
LA_D_5422570,12.552879333496094,12.579623222351074,ok
LA_D_5424592,15.470111846923828,15.48256778717041,ok
LA_D_5425829,-14.563838005065918,-14.58372974395752,ok
LA_D_5426906,20.115007400512695,20.20265007019043,ok
LA_D_5427352,16.903791427612305,16.91253089904785,ok
LA_D_5427426,15.603673934936523,15.616515159606934,ok
LA_D_5427830,13.038603782653809,13.047788619995117,ok
LA_D_5427856,12.500151634216309,12.505457878112793,ok
LA_D_5428077,14.805334091186523,14.809460639953613,ok
LA_D_5428590,11.431785583496094,11.43388557434082,ok
LA_D_5429622,12.370903968811035,12.400206565856934,ok
LA_D_5430038,13.02570915222168,13.037007331848145,ok
LA_D_5430421,11.544551849365234,11.545567512512207,ok
LA_D_5431156,-14.5584716796875,-14.561111450195312,ok
LA_D_5431286,14.005447387695312,14.005853652954102,ok
LA_D_5432198,15.266022682189941,15.264701843261719,ok
LA_D_5432736,14.39395809173584,14.427327156066895,ok
LA_D_5433558,9.238200187683105,9.239142417907715,ok
LA_D_5433599,12.781660079956055,12.794161796569824,ok
LA_D_5434948,14.97004222869873,14.996270179748535,ok
LA_D_5435340,15.830438613891602,15.831802368164062,ok
LA_D_5435996,16.587743759155273,16.598501205444336,ok
LA_D_5437115,11.979595184326172,11.995237350463867,ok
LA_D_5437717,12.871853828430176,12.873047828674316,ok
LA_D_5438251,-12.163771629333496,-12.194226264953613,ok
LA_D_5439819,16.094388961791992,16.113508224487305,ok
LA_D_5441022,12.433097839355469,12.439465522766113,ok
LA_D_5441203,12.64413833618164,12.658568382263184,ok
LA_D_5441778,-13.69313907623291,-13.694600105285645,ok
LA_D_5442160,17.11766815185547,17.117956161499023,ok
LA_D_5442437,13.777203559875488,13.790515899658203,ok
LA_D_5443022,14.287236213684082,14.30868148803711,ok
LA_D_5444967,14.993254661560059,15.006625175476074,ok
LA_D_5445370,10.425272941589355,10.43724536895752,ok
LA_D_5445641,-13.006305694580078,-13.016640663146973,ok
LA_D_5448101,9.769203186035156,9.768045425415039,ok
LA_D_5448251,15.942011833190918,15.985014915466309,ok
LA_D_5448474,9.835945129394531,9.836173057556152,ok
LA_D_5449899,15.29983139038086,15.305537223815918,ok
LA_D_5450646,15.974875450134277,15.98009967803955,ok
LA_D_5450980,16.449949264526367,16.4499568939209,ok
LA_D_5451234,16.891239166259766,16.89879035949707,ok
LA_D_5451855,14.147719383239746,14.247278213500977,ok
LA_D_5452047,10.686981201171875,10.68961238861084,ok
LA_D_5452596,19.362459182739258,19.37322425842285,ok
LA_D_5452800,14.062397956848145,14.061766624450684,ok
LA_D_5453267,15.398002624511719,15.406706809997559,ok
LA_D_5453346,14.682126998901367,14.685669898986816,ok
LA_D_5453395,13.949496269226074,13.955431938171387,ok
LA_D_5453401,9.53044319152832,9.541523933410645,ok
LA_D_5453991,13.161160469055176,13.183928489685059,ok
LA_D_5454156,14.111783027648926,14.111726760864258,ok
LA_D_5454408,15.654073715209961,15.66055965423584,ok
LA_D_5455243,13.991803169250488,14.012347221374512,ok
LA_D_5455456,13.413643836975098,13.418654441833496,ok
LA_D_5455958,12.874367713928223,12.88049602508545,ok
LA_D_5456457,12.934900283813477,12.964879989624023,ok
LA_D_5456485,11.336530685424805,11.336688995361328,ok
LA_D_5456536,10.708256721496582,10.7085599899292,ok
LA_D_5457188,10.089150428771973,10.08910083770752,ok
LA_D_5458074,15.9403715133667,15.941006660461426,ok
LA_D_5458288,13.025139808654785,13.034693717956543,ok
LA_D_5458900,13.449962615966797,13.450297355651855,ok
LA_D_5459095,13.92344856262207,13.944904327392578,ok
LA_D_5462805,13.192242622375488,13.21211051940918,ok
LA_D_5462959,13.94611644744873,13.94922161102295,ok
LA_D_5463025,10.669730186462402,10.68171215057373,ok
LA_D_5463411,-14.09240436553955,-14.092948913574219,ok
LA_D_5463444,-12.509710311889648,-12.529805183410645,ok
LA_D_5463700,14.599605560302734,14.604092597961426,ok
LA_D_5464038,14.465816497802734,14.47170352935791,ok
LA_D_5464792,12.305440902709961,12.308747291564941,ok
LA_D_5465575,14.866128921508789,14.880654335021973,ok
LA_D_5465758,19.189090728759766,19.197900772094727,ok
LA_D_5466886,14.868403434753418,14.882353782653809,ok
LA_D_5467345,-13.703763008117676,-13.706578254699707,ok
LA_D_5467548,17.22495460510254,17.279573440551758,ok
LA_D_5467780,13.956459999084473,13.962417602539062,ok
LA_D_5470214,13.439388275146484,13.495284080505371,ok
LA_D_5470881,14.756558418273926,14.75674819946289,ok
LA_D_5471746,12.131172180175781,12.139623641967773,ok
LA_D_5472216,6.315056324005127,6.314983367919922,ok
LA_D_5472358,16.526744842529297,16.53388023376465,ok
LA_D_5472628,12.25820255279541,12.292693138122559,ok
LA_D_5473083,9.338995933532715,9.339217185974121,ok
LA_D_5473316,12.552014350891113,12.567090034484863,ok
LA_D_5474605,14.76557731628418,14.782532691955566,ok
LA_D_5474661,15.09135627746582,15.120553016662598,ok
LA_D_5475290,7.238892078399658,7.251900672912598,ok
LA_D_5475950,-13.432280540466309,-13.448993682861328,ok
LA_D_5476324,15.172905921936035,15.183587074279785,ok
LA_D_5476791,9.179768562316895,9.18093204498291,ok
LA_D_5476884,16.769071578979492,16.77369499206543,ok
LA_D_5478028,13.272843360900879,13.27381420135498,ok
LA_D_5479621,10.23971939086914,10.242325782775879,ok
LA_D_5480395,17.12701416015625,17.167190551757812,ok
LA_D_5481003,16.27585792541504,16.332809448242188,ok
LA_D_5481956,17.373153686523438,17.373586654663086,ok
LA_D_5482180,13.405242919921875,13.413469314575195,ok
LA_D_5483705,12.727849960327148,12.740379333496094,ok
LA_D_5483730,12.517721176147461,12.529736518859863,ok
LA_D_5484649,14.700849533081055,14.716670989990234,ok
LA_D_5485139,13.975912094116211,14.005172729492188,ok
LA_D_5485515,6.112020015716553,6.12099027633667,ok
LA_D_5486513,19.3723201751709,19.380762100219727,ok
LA_D_5486734,14.88416576385498,14.908574104309082,ok
LA_D_5486800,21.90380859375,21.950801849365234,ok
LA_D_5487218,13.531532287597656,13.53331470489502,ok
LA_D_5487740,2.283379316329956,2.2894210815429688,ok
LA_D_5488860,11.4338960647583,11.434391021728516,ok
LA_D_5488938,12.585750579833984,12.605538368225098,ok
LA_D_5490153,15.944846153259277,15.968999862670898,ok
LA_D_5490168,16.90080451965332,16.967008590698242,ok
LA_D_5490332,13.236736297607422,13.236736297607422,ok
LA_D_5490757,-12.579319953918457,-12.581438064575195,ok
LA_D_5490947,12.252077102661133,12.283446311950684,ok
LA_D_5491412,18.459346771240234,18.469249725341797,ok
LA_D_5492356,14.616500854492188,14.648015975952148,ok
LA_D_5493977,12.237166404724121,12.238776206970215,ok
LA_D_5495040,-14.124737739562988,-14.171160697937012,ok
LA_D_5495669,19.278608322143555,19.292360305786133,ok
LA_D_5496756,13.598085403442383,13.615588188171387,ok
LA_D_5497034,-14.3004150390625,-14.302367210388184,ok
LA_D_5498432,11.452937126159668,11.46526050567627,ok
LA_D_5502210,12.675180435180664,12.68783187866211,ok
LA_D_5502506,-12.32530689239502,-12.330626487731934,ok
LA_D_5502789,13.49487018585205,13.528483390808105,ok
LA_D_5503012,-14.358609199523926,-14.375494956970215,ok
LA_D_5503083,12.165067672729492,12.172636985778809,ok
LA_D_5503291,7.347169399261475,7.347779750823975,ok
LA_D_5504182,14.795343399047852,14.795063018798828,ok
LA_D_5505351,13.504740715026855,13.507311820983887,ok
LA_D_5505879,21.690013885498047,21.737913131713867,ok
LA_D_5506307,12.847890853881836,12.850594520568848,ok
LA_D_5506813,17.743343353271484,17.775392532348633,ok
LA_D_5507210,-14.672496795654297,-14.678014755249023,ok
LA_D_5507848,14.735426902770996,14.739161491394043,ok
LA_D_5507926,12.10407829284668,12.107904434204102,ok
LA_D_5508990,13.924799919128418,13.932833671569824,ok
LA_D_5509643,14.881501197814941,14.923039436340332,ok
LA_D_5510010,9.929183006286621,9.930106163024902,ok
LA_D_5510532,13.631202697753906,13.648146629333496,ok
LA_D_5511445,9.05428695678711,9.055763244628906,ok
LA_D_5512289,-12.770467758178711,-12.773214340209961,ok
LA_D_5512449,10.924525260925293,10.939242362976074,ok
LA_D_5513082,-14.333168029785156,-14.335461616516113,ok
LA_D_5514319,12.588423728942871,12.60977840423584,ok
LA_D_5514689,21.08606719970703,21.086063385009766,ok
LA_D_5515164,10.906070709228516,10.926318168640137,ok
LA_D_5517898,11.338377952575684,11.33922290802002,ok
LA_D_5518780,15.993145942687988,16.01215171813965,ok
LA_D_5519117,15.100586891174316,15.123215675354004,ok
LA_D_5519425,14.431325912475586,14.456854820251465,ok
LA_D_5519522,19.272628784179688,19.27638816833496,ok
LA_D_5521568,-13.54992389678955,-13.557005882263184,ok
LA_D_5522142,8.842573165893555,8.842970848083496,ok
LA_D_5523423,18.61073112487793,18.61094856262207,ok
LA_D_5524814,22.77927017211914,22.79007339477539,ok
LA_D_5525120,15.894545555114746,15.89699649810791,ok
LA_D_5525422,18.755834579467773,18.777664184570312,ok
LA_D_5529065,12.166114807128906,12.198569297790527,ok
LA_D_5529080,11.845934867858887,11.84762191772461,ok
LA_D_5531013,13.457462310791016,13.457791328430176,ok
LA_D_5531293,13.579460144042969,13.584050178527832,ok
LA_D_5531330,8.836363792419434,8.837516784667969,ok
LA_D_5532057,16.239221572875977,16.364307403564453,ok
LA_D_5532100,12.100000381469727,12.101860046386719,ok
LA_D_5534887,16.362810134887695,16.484384536743164,ok
LA_D_5535805,12.147624969482422,12.149136543273926,ok
LA_D_5536552,14.629861831665039,14.643064498901367,ok
LA_D_5538242,23.374683380126953,23.452579498291016,ok
LA_D_5539101,15.629762649536133,15.642983436584473,ok
LA_D_5539912,16.602481842041016,16.612401962280273,ok
LA_D_5541379,-13.68667221069336,-13.71118450164795,ok
LA_D_5542976,19.840242385864258,19.85764503479004,ok
LA_D_5543089,10.81716537475586,10.837129592895508,ok
LA_D_5545146,-15.735088348388672,-15.739882469177246,ok
LA_D_5545619,14.763259887695312,14.894176483154297,ok
LA_D_5546624,13.746134757995605,13.752389907836914,ok
LA_D_5548039,11.720377922058105,11.7335786819458,ok
LA_D_5548468,11.460107803344727,11.46004867553711,ok
LA_D_5549134,17.278366088867188,17.290565490722656,ok
LA_D_5549592,14.670492172241211,14.679938316345215,ok
LA_D_5549868,16.68690299987793,16.69189453125,ok
LA_D_5550880,17.663240432739258,17.664440155029297,ok
LA_D_5551594,17.164823532104492,17.191377639770508,ok
LA_D_5551945,17.687286376953125,17.695791244506836,ok
LA_D_5552740,14.243056297302246,14.249283790588379,ok
LA_D_5553386,13.68034839630127,13.697044372558594,ok
LA_D_5553767,10.480188369750977,10.48302173614502,ok
LA_D_5554206,9.210868835449219,9.213186264038086,ok
LA_D_5554788,20.72770118713379,20.816972732543945,ok
LA_D_5556633,5.898074150085449,5.929781913757324,ok
LA_D_5558097,11.272918701171875,11.280379295349121,ok
LA_D_5558598,18.810749053955078,18.8257999420166,ok
LA_D_5560002,9.442914009094238,9.445775032043457,ok
LA_D_5561180,17.1269474029541,17.127166748046875,ok
LA_D_5561293,-14.087160110473633,-14.0961275100708,ok
LA_D_5563808,15.004424095153809,15.015281677246094,ok
LA_D_5565540,14.069416999816895,14.099488258361816,ok
LA_D_5565973,15.604532241821289,15.632607460021973,ok
LA_D_5567251,-10.943531036376953,-10.954558372497559,ok
LA_D_5567412,11.95275592803955,11.95262622833252,ok
LA_D_5567932,7.75789737701416,7.771701335906982,ok
LA_D_5568300,13.84473991394043,13.850050926208496,ok
LA_D_5569369,10.267462730407715,10.270362854003906,ok
LA_D_5570032,15.270878791809082,15.28093433380127,ok
LA_D_5570541,10.382375717163086,10.38249683380127,ok
LA_D_5571629,14.083736419677734,14.083712577819824,ok
LA_D_5571676,16.830448150634766,16.835853576660156,ok
LA_D_5572271,16.315107345581055,16.315954208374023,ok
LA_D_5572324,15.973705291748047,15.978842735290527,ok
LA_D_5572661,12.16120433807373,12.161347389221191,ok
LA_D_5574112,7.87187385559082,7.904565811157227,ok
LA_D_5574945,11.643993377685547,11.643686294555664,ok
LA_D_5576148,14.868919372558594,14.882780075073242,ok
LA_D_5576532,17.27109718322754,17.32340431213379,ok
LA_D_5579170,17.621122360229492,17.66263198852539,ok
LA_D_5579476,9.484357833862305,9.48598861694336,ok
LA_D_5580217,12.269622802734375,12.290812492370605,ok
LA_D_5580783,7.185648441314697,7.1939263343811035,ok
LA_D_5583563,12.767229080200195,12.767251968383789,ok
LA_D_5583898,12.835444450378418,12.862580299377441,ok
LA_D_5584723,13.4524507522583,13.461174964904785,ok
LA_D_5584734,15.763126373291016,15.766973495483398,ok
LA_D_5586056,11.607867240905762,11.624768257141113,ok
LA_D_5586705,16.389951705932617,16.393136978149414,ok
LA_D_5586813,9.508198738098145,9.508234977722168,ok
LA_D_5588765,-9.942673683166504,-9.96313762664795,ok
LA_D_5592106,15.919538497924805,15.935195922851562,ok
LA_D_5592383,14.338539123535156,14.345597267150879,ok
LA_D_5592740,17.411157608032227,17.43244171142578,ok
LA_D_5593819,18.202136993408203,18.253206253051758,ok
LA_D_5594622,14.652176856994629,14.654295921325684,ok
LA_D_5594965,13.517387390136719,13.5372953414917,ok
LA_D_5596835,12.63419246673584,12.634745597839355,ok
LA_D_5596855,16.18686866760254,16.18788719177246,ok
LA_D_5596917,13.524175643920898,13.528342247009277,ok
LA_D_5597058,14.883277893066406,14.904258728027344,ok
LA_D_5597072,12.351984977722168,12.359199523925781,ok
LA_D_5597126,10.439515113830566,10.464391708374023,ok
LA_D_5598437,9.72707462310791,9.743090629577637,ok
LA_D_5599035,11.632025718688965,11.637237548828125,ok
LA_D_5599281,15.900439262390137,15.905928611755371,ok
LA_D_5600729,18.426626205444336,18.482046127319336,ok
LA_D_5601935,15.662795066833496,15.717432022094727,ok
LA_D_5602174,7.267551422119141,7.278873920440674,ok
LA_D_5602437,11.635321617126465,11.635995864868164,ok
LA_D_5605656,14.442606925964355,14.448298454284668,ok
LA_D_5606948,16.178977966308594,16.18114471435547,ok
LA_D_5607232,14.710902214050293,14.731358528137207,ok
LA_D_5609165,17.683624267578125,17.686033248901367,ok
LA_D_5609423,16.665510177612305,16.686376571655273,ok
LA_D_5610125,13.754552841186523,13.768712043762207,ok
LA_D_5610893,6.4770283699035645,6.477237224578857,ok
LA_D_5611461,14.911898612976074,14.928162574768066,ok
LA_D_5611885,14.375852584838867,14.386297225952148,ok
LA_D_5612664,13.444829940795898,13.469285011291504,ok
LA_D_5612758,13.934820175170898,13.952813148498535,ok
LA_D_5613224,14.096677780151367,14.10469913482666,ok
LA_D_5613500,11.697829246520996,11.698552131652832,ok
LA_D_5613820,19.28662109375,19.315263748168945,ok
LA_D_5614245,11.559885025024414,11.5619478225708,ok
LA_D_5614406,15.256258010864258,15.259391784667969,ok
LA_D_5615493,9.920158386230469,9.920232772827148,ok
LA_D_5616692,15.50877857208252,15.530081748962402,ok
LA_D_5617123,15.155923843383789,15.187429428100586,ok
LA_D_5617907,14.275805473327637,14.279438972473145,ok
LA_D_5621016,-0.9084659218788147,-0.9102758765220642,ok
LA_D_5621269,12.635578155517578,12.638452529907227,ok
LA_D_5621483,13.292252540588379,13.323486328125,ok
LA_D_5621900,14.75082778930664,14.761719703674316,ok
LA_D_5622630,13.250845909118652,13.256844520568848,ok
LA_D_5623014,15.33651065826416,15.34167194366455,ok
LA_D_5623022,8.175614356994629,8.17517375946045,ok
LA_D_5623559,-10.683152198791504,-10.683232307434082,ok
LA_D_5624531,14.689437866210938,14.703490257263184,ok
LA_D_5624856,14.444742202758789,14.452122688293457,ok
LA_D_5626492,21.099180221557617,21.121023178100586,ok
LA_D_5626564,15.564960479736328,15.571626663208008,ok
LA_D_5627177,11.179585456848145,11.190407752990723,ok
LA_D_5627497,19.672977447509766,19.72344207763672,ok
LA_D_5629187,7.136359691619873,7.14312219619751,ok
LA_D_5629796,11.449454307556152,11.454541206359863,ok
LA_D_5630768,15.616618156433105,15.617274284362793,ok
LA_D_5631323,14.533080101013184,14.552948951721191,ok
LA_D_5631357,15.5108060836792,15.520757675170898,ok
LA_D_5631850,-12.829017639160156,-12.834463119506836,ok
LA_D_5633647,9.005409240722656,9.025954246520996,ok
LA_D_5634985,19.71674919128418,19.774539947509766,ok
LA_D_5635914,14.492773056030273,14.50629711151123,ok
LA_D_5636069,-14.332377433776855,-14.376191139221191,ok
LA_D_5637114,14.154523849487305,14.162487983703613,ok
LA_D_5637928,14.75132942199707,14.774048805236816,ok
LA_D_5637979,13.799230575561523,13.80067253112793,ok
LA_D_5639347,12.965620040893555,12.965993881225586,ok
LA_D_5639584,15.201778411865234,15.265356063842773,ok
LA_D_5642763,14.234890937805176,14.246167182922363,ok
LA_D_5643163,12.816240310668945,12.816338539123535,ok
LA_D_5644446,7.607865810394287,7.607875823974609,ok
LA_D_5646610,9.074796676635742,9.078587532043457,ok
LA_D_5647135,15.153096199035645,15.169074058532715,ok
LA_D_5647328,18.715341567993164,18.775968551635742,ok
LA_D_5647508,5.9865522384643555,6.038471698760986,ok
LA_D_5648484,2.5325675010681152,2.5336976051330566,ok
LA_D_5651240,-13.418160438537598,-13.489480972290039,ok
LA_D_5651896,15.128884315490723,15.151482582092285,ok
LA_D_5652503,15.229116439819336,15.251835823059082,ok
LA_D_5653979,16.896821975708008,16.906484603881836,ok
LA_D_5654315,-6.714840412139893,-6.76552152633667,ok
LA_D_5654371,10.695924758911133,10.701668739318848,ok
LA_D_5654375,12.660577774047852,12.663124084472656,ok
LA_D_5655417,13.05144214630127,13.055766105651855,ok
LA_D_5656124,14.938393592834473,14.96052074432373,ok
LA_D_5657749,17.738773345947266,17.79262351989746,ok
LA_D_5657789,19.130929946899414,19.190767288208008,ok
LA_D_5658047,10.472350120544434,10.486322402954102,ok
LA_D_5659751,13.459403038024902,13.47124195098877,ok
LA_D_5660127,15.577878952026367,15.578299522399902,ok
LA_D_5661104,14.192106246948242,14.237397193908691,ok
LA_D_5661640,17.086538314819336,17.100557327270508,ok
LA_D_5661698,14.15135383605957,14.152669906616211,ok
LA_D_5662897,17.99549674987793,18.0330867767334,ok
LA_D_5663851,11.748019218444824,11.757006645202637,ok
LA_D_5664870,-14.634888648986816,-14.637733459472656,ok
LA_D_5665100,21.522903442382812,21.553686141967773,ok
LA_D_5665194,-14.943855285644531,-14.954215049743652,ok
LA_D_5668161,16.232620239257812,16.240259170532227,ok
LA_D_5669124,18.184099197387695,18.257640838623047,ok
LA_D_5671767,10.263639450073242,10.264532089233398,ok
LA_D_5673312,19.191259384155273,19.21094512939453,ok
LA_D_5673334,11.667037010192871,11.66894245147705,ok
LA_D_5673436,-12.57192325592041,-12.57444953918457,ok
LA_D_5673630,3.9237442016601562,3.9259674549102783,ok
LA_D_5674798,10.974675178527832,11.005249977111816,ok
LA_D_5676897,-14.466403007507324,-14.47797966003418,ok
LA_D_5677611,6.092926502227783,6.089701175689697,ok
LA_D_5679192,11.943826675415039,11.950568199157715,ok
LA_D_5679699,15.844734191894531,15.844976425170898,ok
LA_D_5680161,14.52678394317627,14.546971321105957,ok
LA_D_5680395,12.698564529418945,12.707610130310059,ok
LA_D_5681705,13.486984252929688,13.496237754821777,ok
LA_D_5682188,15.93270492553711,15.955910682678223,ok
LA_D_5682398,17.581270217895508,17.62025260925293,ok
LA_D_5682639,13.902216911315918,13.911894798278809,ok
LA_D_5683175,14.333219528198242,14.34507942199707,ok
LA_D_5684092,14.961238861083984,14.967906951904297,ok
LA_D_5684697,4.239981651306152,4.23863410949707,ok
LA_D_5685369,16.26808738708496,16.27705192565918,ok
LA_D_5685998,12.007431983947754,12.023625373840332,ok
LA_D_5687626,9.369084358215332,9.37740421295166,ok
LA_D_5689198,14.463528633117676,14.465665817260742,ok
LA_D_5689576,13.60131549835205,13.605511665344238,ok
LA_D_5690287,14.80874252319336,14.821242332458496,ok
LA_D_5690727,17.21672821044922,17.221328735351562,ok
LA_D_5691072,-13.193949699401855,-13.196525573730469,ok
LA_D_5691372,13.4712495803833,13.485957145690918,ok
LA_D_5691756,7.515786170959473,7.5157341957092285,ok
LA_D_5693207,13.220559120178223,13.222811698913574,ok
LA_D_5693331,17.85064125061035,17.85086441040039,ok
LA_D_5695559,13.840888977050781,13.852184295654297,ok
LA_D_5695682,14.958839416503906,14.960844993591309,ok
LA_D_5695691,-13.226354598999023,-13.23131275177002,ok
LA_D_5697626,14.054720878601074,14.055602073669434,ok
LA_D_5697939,12.854555130004883,12.855517387390137,ok
LA_D_5697969,16.171974182128906,16.1726016998291,ok
LA_D_5698259,23.300485610961914,23.308198928833008,ok
LA_D_5698379,-12.702156066894531,-12.732880592346191,ok
LA_D_5699257,14.688302993774414,14.696976661682129,ok
LA_D_5699731,0.48144012689590454,0.47657477855682373,ok
LA_D_5700704,12.071240425109863,12.076881408691406,ok
LA_D_5702239,15.446121215820312,15.451430320739746,ok
LA_D_5702258,13.957773208618164,13.96274471282959,ok
LA_D_5702698,18.28156089782715,18.297657012939453,ok
LA_D_5704173,11.65588665008545,11.656623840332031,ok
LA_D_5706448,13.177705764770508,13.179433822631836,ok
LA_D_5706472,17.890851974487305,17.90226936340332,ok
LA_D_5710236,21.055891036987305,21.082334518432617,ok
LA_D_5710259,11.83723258972168,11.837292671203613,ok
LA_D_5710714,12.252664566040039,12.255293846130371,ok
LA_D_5711305,16.007661819458008,16.036399841308594,ok
LA_D_5711351,8.01714038848877,8.013875961303711,ok
LA_D_5712427,13.722256660461426,13.722230911254883,ok
LA_D_5712604,14.206493377685547,14.209352493286133,ok
LA_D_5712684,-16.453882217407227,-16.45609474182129,ok
LA_D_5712950,16.201711654663086,16.208202362060547,ok
LA_D_5713062,12.822782516479492,12.837041854858398,ok
LA_D_5713417,14.250753402709961,14.295045852661133,ok
LA_D_5713865,17.36212730407715,17.39177703857422,ok
LA_D_5714169,13.954812049865723,13.96942138671875,ok
LA_D_5715212,8.921941757202148,8.922696113586426,ok
LA_D_5715402,17.646820068359375,17.6602725982666,ok
LA_D_5716651,18.377159118652344,18.38215446472168,ok
LA_D_5716855,13.282706260681152,13.287177085876465,ok
LA_D_5717327,16.006624221801758,16.029027938842773,ok
LA_D_5718984,17.23847770690918,17.251888275146484,ok
LA_D_5719323,-8.763273239135742,-8.764816284179688,ok
LA_D_5719332,12.301980972290039,12.313509941101074,ok
LA_D_5721193,12.98676586151123,12.993905067443848,ok
LA_D_5723098,12.819371223449707,12.8674955368042,ok
LA_D_5723608,10.508085250854492,10.507901191711426,ok
LA_D_5723701,5.8243937492370605,5.82483434677124,ok
LA_D_5724728,-14.192912101745605,-14.208491325378418,ok
LA_D_5724957,15.805464744567871,15.806714057922363,ok
LA_D_5725878,-8.4794282913208,-8.482882499694824,ok
LA_D_5726307,15.883637428283691,15.897065162658691,ok
LA_D_5726814,12.97282600402832,12.972723960876465,ok
LA_D_5727251,17.75448226928711,17.762866973876953,ok
LA_D_5728642,18.207910537719727,18.236825942993164,ok
LA_D_5729926,14.003467559814453,14.004690170288086,ok
LA_D_5730320,23.30012321472168,23.341835021972656,ok
LA_D_5731221,11.53171157836914,11.539597511291504,ok
LA_D_5731514,9.687761306762695,9.691149711608887,ok
LA_D_5732035,17.599393844604492,17.60358238220215,ok
LA_D_5732655,18.27060890197754,18.27286720275879,ok
LA_D_5733338,16.354764938354492,16.38191795349121,ok
LA_D_5734083,14.358145713806152,14.399020195007324,ok
LA_D_5734480,-14.997350692749023,-15.001263618469238,ok
LA_D_5734535,14.18072509765625,14.190518379211426,ok
LA_D_5735487,16.381895065307617,16.40878677368164,ok
LA_D_5735559,17.64971160888672,17.667295455932617,ok
LA_D_5735922,21.460857391357422,21.521081924438477,ok
LA_D_5736677,19.715654373168945,19.753236770629883,ok
LA_D_5736694,16.34423828125,16.388099670410156,ok
LA_D_5737035,16.91374397277832,16.921321868896484,ok
LA_D_5737273,20.751617431640625,20.7587890625,ok
LA_D_5737796,13.186173439025879,13.199429512023926,ok
LA_D_5737966,12.640177726745605,12.640128135681152,ok
LA_D_5738684,14.522195816040039,14.527861595153809,ok
LA_D_5738833,13.069756507873535,13.069973945617676,ok
LA_D_5741681,18.211769104003906,18.21175193786621,ok
LA_D_5742424,12.837944984436035,12.844182014465332,ok
LA_D_5742561,16.94097137451172,16.95278549194336,ok
LA_D_5742661,11.568865776062012,11.569930076599121,ok
LA_D_5743533,10.465184211730957,10.465288162231445,ok
LA_D_5743745,15.836006164550781,15.844482421875,ok
LA_D_5744723,20.481996536254883,20.607755661010742,ok
LA_D_5746789,16.002864837646484,16.028738021850586,ok
LA_D_5747580,-13.13165283203125,-13.142050743103027,ok
LA_D_5747601,15.947135925292969,15.9678955078125,ok
LA_D_5748042,12.95928955078125,12.9681978225708,ok
LA_D_5751531,12.154387474060059,12.162476539611816,ok
LA_D_5751891,17.723814010620117,17.738801956176758,ok
LA_D_5752206,16.426565170288086,16.482812881469727,ok
LA_D_5752437,14.849395751953125,14.911913871765137,ok
LA_D_5752916,13.258801460266113,13.260064125061035,ok
LA_D_5754462,14.896883964538574,14.916041374206543,ok
LA_D_5755154,13.131932258605957,13.135586738586426,ok
LA_D_5755194,12.868636131286621,12.873000144958496,ok
LA_D_5755628,18.446622848510742,18.449007034301758,ok
LA_D_5756079,14.23997688293457,14.277409553527832,ok
LA_D_5758976,-13.59269905090332,-13.608968734741211,ok
LA_D_5759383,-11.67583179473877,-11.689330101013184,ok
LA_D_5760810,12.86434268951416,12.864521980285645,ok
LA_D_5761294,1.723516821861267,1.7369592189788818,ok
LA_D_5761885,18.26466178894043,18.365148544311523,ok
LA_D_5763453,-3.720492362976074,-3.736574649810791,ok
LA_D_5763793,11.104257583618164,11.119889259338379,ok
LA_D_5765155,14.9953031539917,15.031203269958496,ok
LA_D_5765277,9.107029914855957,9.11142635345459,ok
LA_D_5765948,12.075879096984863,12.087929725646973,ok
LA_D_5767805,18.584674835205078,18.62805938720703,ok
LA_D_5769133,-12.863515853881836,-12.871872901916504,ok
LA_D_5769169,12.851980209350586,12.852316856384277,ok
LA_D_5769309,19.103927612304688,19.10883903503418,ok
LA_D_5770185,-13.960490226745605,-13.976054191589355,ok
LA_D_5770424,8.104632377624512,8.104952812194824,ok
LA_D_5771160,12.784595489501953,12.79105281829834,ok
LA_D_5772488,18.238794326782227,18.26676368713379,ok
LA_D_5774345,9.314922332763672,9.319055557250977,ok
LA_D_5774989,-14.593806266784668,-14.603654861450195,ok
LA_D_5776830,17.816110610961914,17.8238525390625,ok
LA_D_5779022,10.686758041381836,10.686575889587402,ok
LA_D_5779977,-8.549846649169922,-8.55190658569336,ok
LA_D_5781241,11.716906547546387,11.737192153930664,ok
LA_D_5781617,9.91919994354248,9.919404029846191,ok
LA_D_5782359,12.497346878051758,12.508454322814941,ok
LA_D_5786164,12.507697105407715,12.507678031921387,ok
LA_D_5786237,-12.226837158203125,-12.232243537902832,ok
LA_D_5788523,12.51559066772461,12.515707015991211,ok
LA_D_5788830,12.748368263244629,12.759005546569824,ok
LA_D_5789585,18.76667594909668,18.794553756713867,ok
LA_D_5789727,13.04612922668457,13.048781394958496,ok
LA_D_5790394,-3.704005002975464,-3.717738628387451,ok
LA_D_5790567,-10.360733032226562,-10.376206398010254,ok
LA_D_5791316,14.927712440490723,14.968810081481934,ok
LA_D_5791423,10.543709754943848,10.56379222869873,ok
LA_D_5792148,11.44166374206543,11.443018913269043,ok
LA_D_5793111,11.316126823425293,11.316451072692871,ok
LA_D_5794620,-14.95622444152832,-14.97815227508545,ok
LA_D_5795353,9.770190238952637,9.77193546295166,ok
LA_D_5796246,-14.269933700561523,-14.274920463562012,ok
LA_D_5796502,16.313425064086914,16.358781814575195,ok
LA_D_5798590,16.557531356811523,16.561857223510742,ok
LA_D_5799657,15.442317008972168,15.453170776367188,ok
LA_D_5800550,15.870875358581543,15.896391868591309,ok
LA_D_5800838,9.203635215759277,9.203890800476074,ok
LA_D_5800896,16.32320213317871,16.331968307495117,ok
LA_D_5801020,17.94510269165039,17.95393180847168,ok
LA_D_5802664,15.01431941986084,15.023646354675293,ok
LA_D_5803007,15.449146270751953,15.456144332885742,ok
LA_D_5803857,13.283836364746094,13.295634269714355,ok
LA_D_5804847,12.761444091796875,12.778433799743652,ok
LA_D_5805227,15.84593391418457,15.863730430603027,ok
LA_D_5805258,15.320505142211914,15.332026481628418,ok
LA_D_5805679,9.881841659545898,9.898863792419434,ok
LA_D_5806432,15.894145011901855,15.925835609436035,ok
LA_D_5806611,-9.86086368560791,-9.862449645996094,ok
LA_D_5808200,0.6026241183280945,0.6050028204917908,ok
LA_D_5809176,15.073646545410156,15.082852363586426,ok
LA_D_5809254,-12.589784622192383,-12.649374961853027,ok
LA_D_5810774,11.995403289794922,12.012595176696777,ok
LA_D_5811636,13.884916305541992,13.905732154846191,ok
LA_D_5812356,10.796490669250488,10.80366039276123,ok
LA_D_5813568,15.499337196350098,15.537787437438965,ok
LA_D_5814298,14.877723693847656,14.885281562805176,ok
LA_D_5815871,10.893402099609375,10.904881477355957,ok
LA_D_5815879,11.925864219665527,11.930323600769043,ok
LA_D_5817478,17.55588722229004,17.570951461791992,ok
LA_D_5817787,5.4084601402282715,5.414975166320801,ok
LA_D_5818741,18.34103775024414,18.345518112182617,ok
LA_D_5819339,15.299723625183105,15.304438591003418,ok
LA_D_5819741,12.457281112670898,12.45827865600586,ok
LA_D_5820637,9.542634010314941,9.54271411895752,ok
LA_D_5821269,14.231284141540527,14.233023643493652,ok
LA_D_5822388,3.802541494369507,3.8029279708862305,ok
LA_D_5822586,12.273652076721191,12.27442455291748,ok
LA_D_5824362,14.577791213989258,14.58847713470459,ok
LA_D_5824879,23.820913314819336,23.912771224975586,ok
LA_D_5824998,-10.023764610290527,-10.035942077636719,ok
LA_D_5825167,17.160497665405273,17.171937942504883,ok
LA_D_5825711,-12.833024978637695,-12.83741283416748,ok
LA_D_5826732,11.685795783996582,11.685324668884277,ok
LA_D_5826748,11.874430656433105,11.876226425170898,ok
LA_D_5827420,9.643134117126465,9.643460273742676,ok
LA_D_5828981,13.489229202270508,13.493258476257324,ok
LA_D_5830215,16.840974807739258,16.847347259521484,ok
LA_D_5830923,20.02276039123535,20.032024383544922,ok
LA_D_5831724,16.8739013671875,16.886444091796875,ok
LA_D_5832271,16.069921493530273,16.076221466064453,ok
LA_D_5832702,14.978431701660156,14.982952117919922,ok
LA_D_5833231,-15.66231632232666,-15.666549682617188,ok
LA_D_5834045,15.916839599609375,15.918456077575684,ok
LA_D_5834157,-14.297158241271973,-14.333346366882324,ok
LA_D_5834232,19.50807762145996,19.53150749206543,ok
LA_D_5834246,11.526067733764648,11.551777839660645,ok
LA_D_5834907,11.736459732055664,11.76573657989502,ok
LA_D_5835778,12.5535249710083,12.558074951171875,ok
LA_D_5835948,13.128731727600098,13.132058143615723,ok
LA_D_5836628,13.806081771850586,13.808876991271973,ok
LA_D_5837845,13.72767162322998,13.729289054870605,ok
LA_D_5838098,16.585044860839844,16.588706970214844,ok
LA_D_5838500,17.974328994750977,17.97852897644043,ok
LA_D_5838540,-13.173541069030762,-13.177374839782715,ok
LA_D_5839530,15.210081100463867,15.213187217712402,ok
LA_D_5839621,6.919210433959961,6.922220230102539,ok
LA_D_5840187,12.080842018127441,12.08935260772705,ok
LA_D_5841055,10.076702117919922,10.076881408691406,ok
LA_D_5841267,-15.175424575805664,-15.17746639251709,ok
LA_D_5841342,15.860322952270508,15.87193489074707,ok
LA_D_5841697,11.806982040405273,11.80932331085205,ok
LA_D_5842927,10.872040748596191,10.886009216308594,ok
LA_D_5844214,6.888259410858154,6.886940956115723,ok
LA_D_5844846,10.80494499206543,10.804930686950684,ok
LA_D_5845529,16.878812789916992,16.886409759521484,ok
LA_D_5846104,-12.531898498535156,-12.54197883605957,ok
LA_D_5847069,15.460846900939941,15.475089073181152,ok
LA_D_5847801,13.420856475830078,13.437362670898438,ok
LA_D_5848108,13.968996047973633,13.970555305480957,ok
LA_D_5849098,12.878318786621094,12.934075355529785,ok
LA_D_5849476,15.132298469543457,15.153412818908691,ok
LA_D_5849620,12.42939567565918,12.439933776855469,ok
LA_D_5850460,10.971077919006348,10.973910331726074,ok
LA_D_5851479,18.609968185424805,18.638349533081055,ok
LA_D_5853595,12.072602272033691,12.076920509338379,ok
LA_D_5854092,12.417044639587402,12.419602394104004,ok
LA_D_5854347,13.068188667297363,13.070331573486328,ok
LA_D_5854712,12.023904800415039,12.0526704788208,ok
LA_D_5855173,11.21290111541748,11.223639488220215,ok
LA_D_5855679,17.78841781616211,17.79695701599121,ok
LA_D_5856383,8.342732429504395,8.343159675598145,ok
LA_D_5856426,14.961407661437988,14.962555885314941,ok
LA_D_5856691,12.940143585205078,12.972859382629395,ok
LA_D_5857128,14.485038757324219,14.495246887207031,ok
LA_D_5858013,9.850531578063965,9.852593421936035,ok
LA_D_5858787,9.394583702087402,9.389994621276855,ok
LA_D_5858893,11.27369499206543,11.288553237915039,ok
LA_D_5859057,14.118041038513184,14.124940872192383,ok
LA_D_5861399,12.821958541870117,12.822041511535645,ok
LA_D_5861749,12.63812255859375,12.637551307678223,ok
LA_D_5863016,12.609396934509277,12.618420600891113,ok
LA_D_5863611,-11.833648681640625,-11.840458869934082,ok
LA_D_5863762,13.499216079711914,13.502906799316406,ok
LA_D_5865733,13.553627967834473,13.553658485412598,ok
LA_D_5866255,17.972412109375,17.991212844848633,ok
LA_D_5866849,11.220043182373047,11.220831871032715,ok
LA_D_5866992,16.11974334716797,16.126962661743164,ok
LA_D_5867269,7.9072184562683105,7.907264709472656,ok
LA_D_5867393,13.871062278747559,13.876032829284668,ok
LA_D_5868407,-13.130207061767578,-13.131087303161621,ok
LA_D_5869640,17.659696578979492,17.66991424560547,ok
LA_D_5870140,14.232995986938477,14.242538452148438,ok
LA_D_5871349,13.754010200500488,13.754668235778809,ok
LA_D_5871402,16.763912200927734,16.796356201171875,ok
LA_D_5871485,18.35623550415039,18.365327835083008,ok
LA_D_5872598,17.290170669555664,17.33668327331543,ok
LA_D_5873514,9.315311431884766,9.315311431884766,ok
LA_D_5873604,15.743758201599121,15.75145149230957,ok
LA_D_5873758,11.504907608032227,11.522448539733887,ok
LA_D_5873832,16.064435958862305,16.06633186340332,ok
LA_D_5874054,10.762746810913086,10.765742301940918,ok
LA_D_5874196,14.493972778320312,14.510405540466309,ok
LA_D_5874425,12.299345016479492,12.305472373962402,ok
LA_D_5875439,16.401412963867188,16.406497955322266,ok
LA_D_5875499,15.511895179748535,15.52596664428711,ok
LA_D_5875987,13.929438591003418,13.944381713867188,ok
LA_D_5876621,16.1737003326416,16.178266525268555,ok
LA_D_5878266,16.87471580505371,16.890884399414062,ok
LA_D_5878616,13.67607307434082,13.679965019226074,ok
LA_D_5879570,-14.137070655822754,-14.163750648498535,ok
LA_D_5880856,14.411347389221191,14.417275428771973,ok
LA_D_5881167,12.932567596435547,12.940086364746094,ok
LA_D_5881442,10.94677448272705,10.947016716003418,ok
LA_D_5882342,14.544060707092285,14.575782775878906,ok
LA_D_5882834,11.060222625732422,11.067842483520508,ok
LA_D_5884456,11.741165161132812,11.748295783996582,ok
LA_D_5885239,13.152320861816406,13.159377098083496,ok
LA_D_5886832,12.850961685180664,12.852961540222168,ok
LA_D_5887076,13.73965072631836,13.740482330322266,ok
LA_D_5888899,9.365960121154785,9.366612434387207,ok
LA_D_5889135,15.664006233215332,15.68885326385498,ok
LA_D_5889358,20.901716232299805,20.923734664916992,ok
LA_D_5889397,11.400607109069824,11.404326438903809,ok
LA_D_5890209,10.990316390991211,10.990376472473145,ok
LA_D_5890290,12.140968322753906,12.147547721862793,ok
LA_D_5891155,14.989381790161133,15.000611305236816,ok
LA_D_5891453,-12.149438858032227,-12.167162895202637,ok
LA_D_5891869,15.946978569030762,15.946904182434082,ok
LA_D_5893651,13.419909477233887,13.420671463012695,ok
LA_D_5893732,16.07249641418457,16.127294540405273,ok
LA_D_5894140,8.238478660583496,8.239209175109863,ok
LA_D_5895018,15.326530456542969,15.32542896270752,ok
LA_D_5895216,15.595174789428711,15.607292175292969,ok
LA_D_5897281,17.08353042602539,17.084745407104492,ok
LA_D_5897721,15.60801887512207,15.661815643310547,ok
LA_D_5897761,12.977660179138184,12.98117446899414,ok
LA_D_5898202,8.766166687011719,8.76686954498291,ok
LA_D_5898234,-12.944267272949219,-12.94725513458252,ok
LA_D_5899377,8.007586479187012,8.007120132446289,ok
LA_D_5899837,12.146439552307129,12.149560928344727,ok
LA_D_5900756,12.452628135681152,12.452666282653809,ok
LA_D_5901105,12.696224212646484,12.706761360168457,ok
LA_D_5901190,16.776830673217773,16.784151077270508,ok
LA_D_5901525,13.929224014282227,13.934532165527344,ok
LA_D_5902939,16.172346115112305,16.202688217163086,ok
LA_D_5903262,14.398627281188965,14.409219741821289,ok
LA_D_5903873,-10.74721908569336,-10.755359649658203,ok
LA_D_5905554,14.332526206970215,14.375617027282715,ok
LA_D_5905737,10.857887268066406,10.871659278869629,ok
LA_D_5907805,14.19388198852539,14.23862361907959,ok
LA_D_5908876,15.617959022521973,15.626177787780762,ok
LA_D_5909772,13.691990852355957,13.703999519348145,ok
LA_D_5909916,14.916296005249023,14.97636890411377,ok
LA_D_5909998,18.796388626098633,18.817934036254883,ok
LA_D_5910081,14.64566707611084,14.648920059204102,ok
LA_D_5911892,9.362414360046387,9.360940933227539,ok
LA_D_5912421,14.839892387390137,14.851438522338867,ok
LA_D_5913608,15.184200286865234,15.190808296203613,ok
LA_D_5914226,12.350521087646484,12.355424880981445,ok
LA_D_5914572,15.459203720092773,15.461323738098145,ok
LA_D_5915443,16.945133209228516,16.9597225189209,ok
LA_D_5915454,14.08254337310791,14.096453666687012,ok
LA_D_5917934,15.814240455627441,15.820039749145508,ok
LA_D_5918137,9.261613845825195,9.26359748840332,ok
LA_D_5918268,13.678171157836914,13.689587593078613,ok
LA_D_5918480,13.873994827270508,13.914664268493652,ok
LA_D_5918498,14.9362211227417,14.943655967712402,ok
LA_D_5919154,13.532475471496582,13.53954792022705,ok
LA_D_5921230,13.425177574157715,13.460402488708496,ok
LA_D_5921937,15.223885536193848,15.226813316345215,ok
LA_D_5922375,14.399266242980957,14.41334342956543,ok
LA_D_5924199,9.060707092285156,9.06118106842041,ok
LA_D_5925557,-11.523185729980469,-11.54149055480957,ok
LA_D_5925659,-11.68264102935791,-11.682995796203613,ok
LA_D_5926059,9.920319557189941,9.918652534484863,ok
LA_D_5926484,17.878894805908203,17.87940788269043,ok
LA_D_5927325,12.796664237976074,12.801003456115723,ok
LA_D_5927388,-14.85849380493164,-14.867770195007324,ok
LA_D_5927782,22.628368377685547,22.6401309967041,ok
LA_D_5929796,3.947950839996338,3.9424545764923096,ok
LA_D_5930167,14.280550003051758,14.298717498779297,ok
LA_D_5931137,16.381507873535156,16.40683937072754,ok
LA_D_5931445,17.960203170776367,18.025041580200195,ok
LA_D_5931696,12.043619155883789,12.04589557647705,ok
LA_D_5932598,10.99096393585205,10.991026878356934,ok
LA_D_5932613,-11.81799602508545,-11.86330509185791,ok
LA_D_5932720,8.445718765258789,8.446398735046387,ok
LA_D_5934154,15.336552619934082,15.339103698730469,ok
LA_D_5934239,13.21472454071045,13.234808921813965,ok
LA_D_5934426,-15.363687515258789,-15.367571830749512,ok
LA_D_5934440,7.643556118011475,7.647580623626709,ok
LA_D_5935284,16.210329055786133,16.215391159057617,ok
LA_D_5936355,8.935308456420898,8.93607234954834,ok
LA_D_5937021,9.108427047729492,9.174055099487305,ok
LA_D_5937369,9.452473640441895,9.453070640563965,ok
LA_D_5938241,15.880631446838379,15.888077735900879,ok
LA_D_5939156,15.345359802246094,15.35970687866211,ok
LA_D_5940165,15.35234260559082,15.358736991882324,ok
LA_D_5940340,7.868439674377441,7.895413875579834,ok
LA_D_5940767,15.703474044799805,15.833686828613281,ok
LA_D_5940824,22.44242286682129,22.45140266418457,ok
LA_D_5944292,10.339136123657227,10.344473838806152,ok
LA_D_5945248,23.306257247924805,23.352828979492188,ok
LA_D_5945817,6.969805717468262,6.969940662384033,ok
LA_D_5947257,-14.357345581054688,-14.37398910522461,ok
LA_D_5948278,18.137550354003906,18.14177131652832,ok
LA_D_5948925,10.71884822845459,10.741074562072754,ok
LA_D_5950523,16.56544303894043,16.583621978759766,ok
LA_D_5952548,-7.722470283508301,-7.729123115539551,ok
LA_D_5952895,12.352357864379883,12.37415885925293,ok
LA_D_5953510,16.659881591796875,16.694684982299805,ok
LA_D_5953565,14.23954963684082,14.244902610778809,ok
LA_D_5954148,11.590914726257324,11.591948509216309,ok
LA_D_5954862,15.606780052185059,15.610730171203613,ok
LA_D_5955756,15.7760648727417,15.77699089050293,ok
LA_D_5957373,14.074456214904785,14.083048820495605,ok
LA_D_5958463,18.539236068725586,18.552900314331055,ok
LA_D_5958767,15.465497970581055,15.471697807312012,ok
LA_D_5959072,12.48128604888916,12.481297492980957,ok
LA_D_5959728,12.740363121032715,12.738425254821777,ok
LA_D_5960315,8.784158706665039,8.785310745239258,ok
LA_D_5960511,11.295389175415039,11.29549503326416,ok
LA_D_5961259,16.94066619873047,16.945587158203125,ok
LA_D_5961603,13.483089447021484,13.486771583557129,ok
LA_D_5961859,17.85896110534668,17.86656379699707,ok
LA_D_5962580,-14.426122665405273,-14.442460060119629,ok
LA_D_5962786,10.530460357666016,10.561101913452148,ok
LA_D_5965400,9.999177932739258,9.999104499816895,ok
LA_D_5965871,15.401654243469238,15.400514602661133,ok
LA_D_5966088,12.308341979980469,12.322213172912598,ok
LA_D_5966111,12.860420227050781,12.860833168029785,ok
LA_D_5966896,14.03670883178711,14.046721458435059,ok
LA_D_5967483,5.626183032989502,5.643685817718506,ok
LA_D_5968191,14.122133255004883,14.14184856414795,ok
LA_D_5970267,12.564545631408691,12.586338996887207,ok
LA_D_5972086,-5.755635738372803,-5.755879878997803,ok
LA_D_5972627,-14.476191520690918,-14.478772163391113,ok
LA_D_5972830,15.483016014099121,15.48408031463623,ok
LA_D_5973374,11.215997695922852,11.225486755371094,ok
LA_D_5974398,15.846817016601562,15.849547386169434,ok
LA_D_5974456,21.373140335083008,21.401948928833008,ok
LA_D_5974545,13.068914413452148,13.07254695892334,ok
LA_D_5975736,17.775184631347656,17.808748245239258,ok
LA_D_5975960,17.241228103637695,17.248411178588867,ok
LA_D_5977520,17.79627799987793,17.811769485473633,ok
LA_D_5981243,18.63453483581543,18.655479431152344,ok
LA_D_5981705,13.092143058776855,13.128767967224121,ok
LA_D_5982804,14.071911811828613,14.080798149108887,ok
LA_D_5985415,13.537819862365723,13.53740406036377,ok
LA_D_5985635,17.125476837158203,17.140871047973633,ok
LA_D_5986166,13.791786193847656,13.792468070983887,ok
LA_D_5986701,14.261725425720215,14.263598442077637,ok
LA_D_5989901,15.895050048828125,15.908745765686035,ok
LA_D_5991498,15.663930892944336,15.669995307922363,ok
LA_D_5991520,15.106520652770996,15.125800132751465,ok
LA_D_5991891,13.598258972167969,13.612513542175293,ok
LA_D_5992495,9.075169563293457,9.106101036071777,ok
LA_D_5996371,12.718123435974121,12.72373104095459,ok
LA_D_5997151,15.175047874450684,15.183298110961914,ok
LA_D_5998708,18.647401809692383,18.686796188354492,ok
LA_D_6000442,12.023736953735352,12.03542709350586,ok
LA_D_6000471,17.293214797973633,17.299814224243164,ok
LA_D_6001078,15.979084014892578,15.99642276763916,ok
LA_D_6001607,14.006867408752441,14.008885383605957,ok
LA_D_6001731,15.846212387084961,15.852537155151367,ok
LA_D_6002746,19.19978904724121,19.227216720581055,ok
LA_D_6003803,12.682062149047852,12.686235427856445,ok
LA_D_6004306,13.357165336608887,13.365939140319824,ok
LA_D_6004323,12.602237701416016,12.609716415405273,ok
LA_D_6004959,15.9105863571167,15.918601036071777,ok
LA_D_6005916,-14.147343635559082,-14.148283958435059,ok
LA_D_6008941,-11.19456672668457,-11.232792854309082,ok
LA_D_6009636,15.387797355651855,15.430032730102539,ok
LA_D_6011658,14.165566444396973,14.1669282913208,ok
LA_D_6013126,-11.662044525146484,-11.662423133850098,ok
LA_D_6013665,17.29146385192871,17.363176345825195,ok
LA_D_6013990,15.397988319396973,15.422711372375488,ok
LA_D_6015629,19.6778621673584,19.690752029418945,ok
LA_D_6016215,-3.160754919052124,-3.1659631729125977,ok
LA_D_6016576,22.14352035522461,22.177547454833984,ok
LA_D_6017131,17.414661407470703,17.454565048217773,ok
LA_D_6018250,10.313872337341309,10.349730491638184,ok
LA_D_6018972,12.17893123626709,12.180113792419434,ok
LA_D_6019558,14.411229133605957,14.450063705444336,ok
LA_D_6020080,16.929845809936523,16.940778732299805,ok
LA_D_6020277,8.051050186157227,8.057361602783203,ok
LA_D_6020756,8.135469436645508,8.135926246643066,ok
LA_D_6021297,14.997986793518066,15.01771068572998,ok
LA_D_6021341,11.139769554138184,11.142102241516113,ok
LA_D_6022629,-1.9235267639160156,-1.9439376592636108,ok
LA_D_6022964,13.682126998901367,13.688142776489258,ok
LA_D_6023359,16.149015426635742,16.246047973632812,ok
LA_D_6024993,11.381237030029297,11.383488655090332,ok
LA_D_6025730,10.368424415588379,10.370718955993652,ok
LA_D_6026070,15.998164176940918,16.00807762145996,ok
LA_D_6026073,17.037221908569336,17.109981536865234,ok
LA_D_6027499,14.279278755187988,14.31116771697998,ok
LA_D_6027798,-14.867494583129883,-14.892374992370605,ok
LA_D_6028528,14.170735359191895,14.213053703308105,ok
LA_D_6028756,11.850378036499023,11.850852012634277,ok
LA_D_6029420,15.436332702636719,15.452472686767578,ok
LA_D_6032630,-15.601143836975098,-15.617024421691895,ok
LA_D_6032690,17.719850540161133,17.7402286529541,ok
LA_D_6033416,14.455327987670898,14.45949649810791,ok
LA_D_6035078,6.498837471008301,6.501608371734619,ok
LA_D_6035108,14.211563110351562,14.278890609741211,ok
LA_D_6036733,14.128890037536621,14.148207664489746,ok
LA_D_6037279,15.098373413085938,15.100595474243164,ok
LA_D_6038131,16.30069351196289,16.321142196655273,ok
LA_D_6038912,13.994159698486328,13.996163368225098,ok
LA_D_6039051,13.057123184204102,13.057449340820312,ok
LA_D_6040176,7.392071723937988,7.419169902801514,ok
LA_D_6043277,-6.823728084564209,-6.825594425201416,ok
LA_D_6043519,-14.831987380981445,-14.836596488952637,ok
LA_D_6045245,18.186201095581055,18.19808578491211,ok
LA_D_6046406,-16.035438537597656,-16.036733627319336,ok
LA_D_6046443,11.835589408874512,11.833168983459473,ok
LA_D_6047115,10.969660758972168,10.970866203308105,ok
LA_D_6048851,11.75936222076416,11.76069164276123,ok
LA_D_6049791,14.069747924804688,14.075911521911621,ok
LA_D_6051475,14.411848068237305,14.425068855285645,ok
LA_D_6052126,14.253639221191406,14.278996467590332,ok
LA_D_6052360,14.670514106750488,14.729860305786133,ok
LA_D_6052530,20.28144645690918,20.3461971282959,ok
LA_D_6053770,15.22071361541748,15.25987434387207,ok
LA_D_6054337,12.37331771850586,12.374539375305176,ok
LA_D_6055459,9.14828872680664,9.160405158996582,ok
LA_D_6056258,10.44659423828125,10.457266807556152,ok
LA_D_6059094,18.718318939208984,18.732633590698242,ok
LA_D_6060308,4.959599494934082,4.959670543670654,ok
LA_D_6060748,13.92868423461914,13.932488441467285,ok
LA_D_6060780,15.154215812683105,15.161595344543457,ok
LA_D_6062114,18.53530502319336,18.58464241027832,ok
LA_D_6062316,9.051440238952637,9.051581382751465,ok
LA_D_6063219,13.830554008483887,13.866134643554688,ok
LA_D_6064218,-14.586502075195312,-14.604859352111816,ok
LA_D_6064341,8.576419830322266,8.583456993103027,ok
LA_D_6065429,8.465156555175781,8.465680122375488,ok
LA_D_6068075,-13.570422172546387,-13.577165603637695,ok
LA_D_6070172,13.761992454528809,13.770792961120605,ok
LA_D_6071593,14.676642417907715,14.678349494934082,ok
LA_D_6073207,17.1477108001709,17.16196632385254,ok
LA_D_6073354,-15.927024841308594,-15.931445121765137,ok
LA_D_6073856,19.342037200927734,19.34861183166504,ok
LA_D_6078000,10.035436630249023,10.048829078674316,ok
LA_D_6078362,14.39527416229248,14.40792179107666,ok
LA_D_6078371,13.943320274353027,13.962702751159668,ok
LA_D_6079595,14.762449264526367,14.769804000854492,ok
LA_D_6079609,11.40207290649414,11.410311698913574,ok
LA_D_6080461,19.013410568237305,19.02606201171875,ok
LA_D_6081377,16.00995445251465,16.01054573059082,ok
LA_D_6081678,-4.932492733001709,-4.933460712432861,ok
LA_D_6083224,12.989008903503418,12.989059448242188,ok
LA_D_6084356,15.232638359069824,15.239768028259277,ok
LA_D_6084402,10.856847763061523,10.860570907592773,ok
LA_D_6084753,13.207932472229004,13.216161727905273,ok
LA_D_6085002,-7.151474952697754,-7.151925086975098,ok
LA_D_6085681,9.730024337768555,9.737133979797363,ok
LA_D_6086453,14.724416732788086,14.732314109802246,ok
LA_D_6087767,14.280097007751465,14.291213035583496,ok
LA_D_6087781,12.685641288757324,12.70468521118164,ok
LA_D_6088761,15.660001754760742,15.659417152404785,ok
LA_D_6090760,16.370685577392578,16.406938552856445,ok
LA_D_6091182,9.79096794128418,9.791285514831543,ok
LA_D_6092752,-12.316431045532227,-12.31726360321045,ok
LA_D_6093121,11.365165710449219,11.423952102661133,ok
LA_D_6093454,15.821027755737305,15.829297065734863,ok
LA_D_6093649,15.214941024780273,15.215500831604004,ok
LA_D_6095686,16.03901481628418,16.06913185119629,ok
LA_D_6096386,16.1068058013916,16.113588333129883,ok
LA_D_6096734,17.534212112426758,17.53752326965332,ok
LA_D_6097312,15.523004531860352,15.534095764160156,ok
LA_D_6097465,16.617746353149414,16.626068115234375,ok
LA_D_6097564,16.877492904663086,16.879396438598633,ok
LA_D_6098242,11.734222412109375,11.736603736877441,ok
LA_D_6099244,18.015790939331055,18.020795822143555,ok
LA_D_6100016,7.918700218200684,7.919121742248535,ok
LA_D_6103118,14.912664413452148,14.964163780212402,ok
LA_D_6103320,17.81153106689453,17.811582565307617,ok
LA_D_6105321,11.59836483001709,11.599732398986816,ok
LA_D_6105514,11.630047798156738,11.633481979370117,ok
LA_D_6105901,13.141419410705566,13.142241477966309,ok
LA_D_6107290,13.308955192565918,13.310738563537598,ok
LA_D_6108925,16.732879638671875,16.784120559692383,ok
LA_D_6111501,13.043169975280762,13.054570198059082,ok
LA_D_6112086,10.176765441894531,10.177205085754395,ok
LA_D_6112353,12.988260269165039,12.989083290100098,ok
LA_D_6113422,17.17943572998047,17.190052032470703,ok
LA_D_6113648,17.34186553955078,17.390148162841797,ok
LA_D_6113830,8.658257484436035,8.716297149658203,ok
LA_D_6113951,16.532649993896484,16.55925941467285,ok
LA_D_6114748,15.945566177368164,15.953126907348633,ok
LA_D_6115335,13.537671089172363,13.55642032623291,ok
LA_D_6115657,14.429404258728027,14.431707382202148,ok
LA_D_6115922,14.962367057800293,14.972176551818848,ok
LA_D_6116293,9.537869453430176,9.551800727844238,ok
LA_D_6116905,11.354402542114258,11.357953071594238,ok
LA_D_6117748,-14.345738410949707,-14.367103576660156,ok
LA_D_6120066,16.756454467773438,16.77761459350586,ok
LA_D_6120152,-14.10639762878418,-14.106823921203613,ok
LA_D_6121156,13.667987823486328,13.679171562194824,ok
LA_D_6123683,13.260951042175293,13.263919830322266,ok
LA_D_6124016,17.28860855102539,17.313953399658203,ok
LA_D_6124472,15.352916717529297,15.360686302185059,ok
LA_D_6124905,-14.308646202087402,-14.349764823913574,ok
LA_D_6125461,18.523832321166992,18.525888442993164,ok
LA_D_6126827,8.682762145996094,8.68294620513916,ok
LA_D_6127252,13.05941104888916,13.060752868652344,ok
LA_D_6127270,14.5678071975708,14.593352317810059,ok
LA_D_6127324,10.73029899597168,10.728997230529785,ok
LA_D_6127867,12.098714828491211,12.099196434020996,ok
LA_D_6128648,8.369797706604004,8.37072467803955,ok
LA_D_6129031,14.422647476196289,14.425056457519531,ok
LA_D_6129214,11.886648178100586,11.899090766906738,ok
LA_D_6131631,14.632397651672363,14.632097244262695,ok
LA_D_6131696,10.876667976379395,10.878703117370605,ok
LA_D_6132532,17.82082748413086,17.82472801208496,ok
LA_D_6135335,10.196138381958008,10.2023344039917,ok
LA_D_6135553,18.12812614440918,18.178442001342773,ok
LA_D_6136274,12.241204261779785,12.247119903564453,ok
LA_D_6137322,14.93637466430664,14.959612846374512,ok
LA_D_6138007,17.383853912353516,17.384708404541016,ok
LA_D_6138839,-12.571854591369629,-12.58891773223877,ok
LA_D_6141449,17.71327018737793,17.713972091674805,ok
LA_D_6143159,14.05765438079834,14.065048217773438,ok
LA_D_6143239,13.542810440063477,13.549628257751465,ok
LA_D_6143596,15.260364532470703,15.270779609680176,ok
LA_D_6145108,20.91457176208496,20.919458389282227,ok
LA_D_6145523,9.730756759643555,9.731489181518555,ok
LA_D_6146856,14.054348945617676,14.079218864440918,ok
LA_D_6147694,15.807024955749512,15.818260192871094,ok
LA_D_6151616,15.027329444885254,15.040264129638672,ok
LA_D_6153129,13.50341796875,13.5045804977417,ok
LA_D_6153465,16.581222534179688,16.594995498657227,ok
LA_D_6153562,12.574539184570312,12.578807830810547,ok
LA_D_6153919,12.119945526123047,12.123604774475098,ok
LA_D_6153942,-6.921914100646973,-6.921948432922363,ok
LA_D_6154657,19.226776123046875,19.267534255981445,ok
LA_D_6154971,12.888426780700684,12.904022216796875,ok
LA_D_6155558,3.7247941493988037,3.7253804206848145,ok
LA_D_6156090,-7.770305156707764,-7.770391941070557,ok
LA_D_6157715,11.924914360046387,11.95573902130127,ok
LA_D_6159317,11.908249855041504,11.906096458435059,ok
LA_D_6160000,-2.031245708465576,-2.0313515663146973,ok
LA_D_6160245,15.831318855285645,15.841534614562988,ok
LA_D_6161090,17.879823684692383,17.91766929626465,ok
LA_D_6161483,15.661087989807129,15.69540786743164,ok
LA_D_6162323,14.781376838684082,14.809709548950195,ok
LA_D_6162330,13.662108421325684,13.662056922912598,ok
LA_D_6164377,11.30413818359375,11.309903144836426,ok
LA_D_6164680,8.737278938293457,8.747052192687988,ok
LA_D_6165178,13.175212860107422,13.178021430969238,ok
LA_D_6165551,16.504337310791016,16.518924713134766,ok
LA_D_6165815,11.968791007995605,11.969564437866211,ok
LA_D_6165860,7.808547019958496,7.809387683868408,ok
LA_D_6166462,11.14017391204834,11.148405075073242,ok
LA_D_6166673,14.53425121307373,14.538872718811035,ok
LA_D_6167979,13.75429916381836,13.758360862731934,ok
LA_D_6168336,14.514257431030273,14.51828384399414,ok
LA_D_6168688,12.808663368225098,12.808573722839355,ok
LA_D_6168902,9.109360694885254,9.109359741210938,ok
LA_D_6171374,13.04813003540039,13.07227611541748,ok
LA_D_6171581,14.740175247192383,14.769233703613281,ok
LA_D_6172873,21.649677276611328,21.765968322753906,ok
LA_D_6174114,11.158414840698242,11.175406455993652,ok
LA_D_6174345,15.635802268981934,15.639296531677246,ok
LA_D_6175023,8.422990798950195,8.432364463806152,ok
LA_D_6176750,13.525092124938965,13.539186477661133,ok
LA_D_6177242,12.962675094604492,12.97878360748291,ok
LA_D_6177458,15.128246307373047,15.14534854888916,ok
LA_D_6178175,17.28304672241211,17.308317184448242,ok
LA_D_6178691,6.021999835968018,6.035836696624756,ok
LA_D_6178956,-13.83155345916748,-13.834053993225098,ok
LA_D_6179226,17.52812957763672,17.566598892211914,ok
LA_D_6179252,13.38577651977539,13.392882347106934,ok
LA_D_6180201,12.644200325012207,12.655003547668457,ok
LA_D_6181747,14.04000473022461,14.044018745422363,ok
LA_D_6181877,17.419546127319336,17.43414878845215,ok
LA_D_6183125,14.970661163330078,14.977667808532715,ok
LA_D_6183356,-16.165517807006836,-16.18885612487793,ok
LA_D_6184039,3.077768087387085,3.0824050903320312,ok
LA_D_6184612,17.238740921020508,17.240381240844727,ok
LA_D_6185674,15.201801300048828,15.214802742004395,ok
LA_D_6185691,11.764636039733887,11.764870643615723,ok
LA_D_6186728,16.513948440551758,16.518980026245117,ok
LA_D_6187174,17.236684799194336,17.23661231994629,ok
LA_D_6187512,15.419763565063477,15.448749542236328,ok
LA_D_6188881,14.269134521484375,14.268322944641113,ok
LA_D_6188980,14.76911735534668,14.795364379882812,ok
LA_D_6190533,13.441463470458984,13.442206382751465,ok
LA_D_6192145,20.71773910522461,20.7804012298584,ok
LA_D_6192792,15.343268394470215,15.344505310058594,ok
LA_D_6193524,15.532730102539062,15.533405303955078,ok
LA_D_6194235,15.524707794189453,15.527389526367188,ok
LA_D_6194442,20.20026397705078,20.24197769165039,ok
LA_D_6196078,13.916407585144043,13.918684959411621,ok
LA_D_6197060,16.489299774169922,16.503084182739258,ok
LA_D_6197341,14.73074722290039,14.736002922058105,ok
LA_D_6197535,16.592681884765625,16.60065269470215,ok
LA_D_6197862,11.46304988861084,11.463591575622559,ok
LA_D_6197886,12.901719093322754,12.901768684387207,ok
LA_D_6198361,14.672672271728516,14.674373626708984,ok
LA_D_6198746,-17.329116821289062,-17.330768585205078,ok
LA_D_6201103,11.546887397766113,11.552431106567383,ok
LA_D_6201251,16.970111846923828,16.97798728942871,ok
LA_D_6201607,13.94083023071289,13.944119453430176,ok
LA_D_6202447,16.760528564453125,16.770124435424805,ok
LA_D_6203299,15.215407371520996,15.28100872039795,ok
LA_D_6203431,13.465167999267578,13.49158000946045,ok
LA_D_6203837,17.219188690185547,17.227294921875,ok
LA_D_6206158,12.612030982971191,12.613943099975586,ok
LA_D_6207345,-14.471016883850098,-14.50125789642334,ok
LA_D_6208335,12.400032043457031,12.400097846984863,ok
LA_D_6208485,13.715720176696777,13.7556734085083,ok
LA_D_6208799,12.117366790771484,12.127982139587402,ok
LA_D_6209989,17.493444442749023,17.506059646606445,ok
LA_D_6209992,8.677990913391113,8.678252220153809,ok
LA_D_6210440,14.906094551086426,14.912711143493652,ok
LA_D_6210490,15.685178756713867,15.719523429870605,ok
LA_D_6211090,16.18733024597168,16.19849967956543,ok
LA_D_6211330,-12.044517517089844,-12.049895286560059,ok
LA_D_6211901,20.84172248840332,20.8420467376709,ok
LA_D_6211991,9.753030776977539,9.753825187683105,ok
LA_D_6212648,14.668180465698242,14.679466247558594,ok
LA_D_6212794,15.223532676696777,15.23834228515625,ok
LA_D_6214703,14.448649406433105,14.502039909362793,ok
LA_D_6214749,7.84363317489624,7.843883991241455,ok
LA_D_6215452,14.586929321289062,14.621566772460938,ok
LA_D_6216331,8.16183090209961,8.168905258178711,ok
LA_D_6218509,12.571819305419922,12.56957721710205,ok
LA_D_6218929,11.062313079833984,11.090568542480469,ok
LA_D_6220807,15.902087211608887,15.919054985046387,ok
LA_D_6222247,17.71017837524414,17.7464542388916,ok
LA_D_6222475,12.484740257263184,12.517269134521484,ok
LA_D_6223286,-12.828460693359375,-12.831330299377441,ok
LA_D_6223774,18.044939041137695,18.05725860595703,ok
LA_D_6224605,14.3527193069458,14.352824211120605,ok
LA_D_6226652,21.875524520874023,21.917020797729492,ok
LA_D_6226707,18.934263229370117,18.946250915527344,ok
LA_D_6227080,17.606197357177734,17.6113224029541,ok
LA_D_6228522,13.649292945861816,13.649279594421387,ok
LA_D_6230272,10.878951072692871,10.880143165588379,ok
LA_D_6230736,9.974645614624023,9.977931022644043,ok
LA_D_6231603,12.886248588562012,12.885491371154785,ok
LA_D_6231724,14.891115188598633,14.903107643127441,ok
LA_D_6233911,9.872220993041992,9.884427070617676,ok
LA_D_6234671,9.215176582336426,9.225654602050781,ok
LA_D_6235468,14.212912559509277,14.227402687072754,ok
LA_D_6236753,-10.474719047546387,-10.47810173034668,ok
LA_D_6237040,14.094768524169922,14.106917381286621,ok
LA_D_6238446,16.53618621826172,16.53738784790039,ok
LA_D_6239873,16.152891159057617,16.159696578979492,ok
LA_D_6241133,10.490971565246582,10.49703311920166,ok
LA_D_6241209,16.4691104888916,16.486326217651367,ok
LA_D_6241521,16.34137535095215,16.34560203552246,ok
LA_D_6241916,14.300383567810059,14.30358600616455,ok
LA_D_6242242,10.734781265258789,10.7374906539917,ok
LA_D_6243690,14.316463470458984,14.31484603881836,ok
LA_D_6244463,12.744763374328613,12.745140075683594,ok
LA_D_6244693,14.572637557983398,14.595475196838379,ok
LA_D_6245298,13.702651977539062,13.70555591583252,ok
LA_D_6246305,11.538915634155273,11.549090385437012,ok
LA_D_6246382,19.5872745513916,19.67579460144043,ok
LA_D_6247219,7.610827922821045,7.6250128746032715,ok
LA_D_6250024,12.067323684692383,12.086897850036621,ok
LA_D_6251984,12.599353790283203,12.604607582092285,ok
LA_D_6252124,-8.34835433959961,-8.348864555358887,ok
LA_D_6252209,15.506163597106934,15.5107421875,ok
LA_D_6252325,8.56394100189209,8.565779685974121,ok
LA_D_6252373,20.363109588623047,20.461368560791016,ok
LA_D_6253995,13.10710334777832,13.13265323638916,ok
LA_D_6254318,-15.010265350341797,-15.019196510314941,ok
LA_D_6255539,15.866662979125977,15.880784034729004,ok
LA_D_6256464,10.99720287322998,11.01060962677002,ok
LA_D_6256706,12.323586463928223,12.337895393371582,ok
LA_D_6256750,11.714916229248047,11.7197265625,ok
LA_D_6259884,16.422773361206055,16.43406867980957,ok
LA_D_6262512,2.9548959732055664,2.950110673904419,ok
LA_D_6262648,10.939525604248047,10.93977165222168,ok
LA_D_6263129,-13.700922966003418,-13.714900016784668,ok
LA_D_6264639,16.328893661499023,16.33521270751953,ok
LA_D_6264742,15.435297012329102,15.435694694519043,ok
LA_D_6264799,15.658334732055664,15.662943840026855,ok
LA_D_6264877,14.759258270263672,14.809334754943848,ok
LA_D_6264911,16.652488708496094,16.689451217651367,ok
LA_D_6265877,14.86351490020752,14.866997718811035,ok
LA_D_6266806,-10.63282299041748,-10.63498592376709,ok
LA_D_6267621,13.360025405883789,13.365755081176758,ok
LA_D_6268154,13.539643287658691,13.542309761047363,ok
LA_D_6268296,14.972877502441406,14.978639602661133,ok
LA_D_6270673,7.029656410217285,7.0369343757629395,ok
LA_D_6270876,10.605538368225098,10.603850364685059,ok
LA_D_6270919,14.989721298217773,14.99339485168457,ok
LA_D_6271904,16.705352783203125,16.743696212768555,ok
LA_D_6271997,16.526269912719727,16.53614616394043,ok
LA_D_6272018,10.737948417663574,10.741374015808105,ok
LA_D_6273410,8.900634765625,8.947272300720215,ok
LA_D_6273504,13.692091941833496,13.7091703414917,ok
LA_D_6275031,18.514726638793945,18.532594680786133,ok
LA_D_6276774,12.508155822753906,12.512124061584473,ok
LA_D_6276971,15.238870620727539,15.247973442077637,ok
LA_D_6278890,18.442216873168945,18.44487953186035,ok
LA_D_6279022,18.911487579345703,18.947025299072266,ok
LA_D_6280073,11.311684608459473,11.323619842529297,ok
LA_D_6280436,12.548659324645996,12.558016777038574,ok
LA_D_6280709,-13.000611305236816,-13.027602195739746,ok
LA_D_6280736,19.072532653808594,19.077604293823242,ok
LA_D_6281576,16.054349899291992,16.061552047729492,ok
LA_D_6282556,13.599065780639648,13.606193542480469,ok
LA_D_6283174,12.579482078552246,12.587078094482422,ok
LA_D_6284910,12.809076309204102,12.820381164550781,ok
LA_D_6285068,9.364424705505371,9.36593246459961,ok
LA_D_6287077,14.902403831481934,14.9278564453125,ok
LA_D_6287239,-9.605146408081055,-9.607215881347656,ok
LA_D_6288186,20.03248405456543,20.045358657836914,ok
LA_D_6288557,-15.927157402038574,-15.952754974365234,ok
LA_D_6288787,-14.766018867492676,-14.780610084533691,ok
LA_D_6289317,-14.92241382598877,-14.941224098205566,ok
LA_D_6289788,-14.406344413757324,-14.44591999053955,ok
LA_D_6290153,12.648591995239258,12.661578178405762,ok
LA_D_6290294,11.845348358154297,11.86652660369873,ok
LA_D_6290952,14.167754173278809,14.17337417602539,ok
LA_D_6291610,11.787662506103516,11.78805160522461,ok
LA_D_6291738,-14.057368278503418,-14.058320045471191,ok
LA_D_6292198,-12.374634742736816,-12.38912296295166,ok
LA_D_6292340,14.474504470825195,14.479409217834473,ok
LA_D_6292396,13.082426071166992,13.091578483581543,ok
LA_D_6293152,9.524373054504395,9.525174140930176,ok
LA_D_6293245,13.005518913269043,13.00730037689209,ok
LA_D_6293545,16.085983276367188,16.104450225830078,ok
LA_D_6293563,11.579645156860352,11.59723949432373,ok
LA_D_6295513,11.936439514160156,11.956432342529297,ok
LA_D_6295904,13.306264877319336,13.307497024536133,ok
LA_D_6298403,12.963631629943848,12.983939170837402,ok
LA_D_6298541,16.11503028869629,16.116304397583008,ok
LA_D_6300071,11.969686508178711,11.971549034118652,ok
LA_D_6301347,3.813222646713257,3.8180904388427734,ok
LA_D_6301940,13.123132705688477,13.123858451843262,ok
LA_D_6302480,-14.235532760620117,-14.23963451385498,ok
LA_D_6302669,13.269929885864258,13.291668891906738,ok
LA_D_6303671,11.276887893676758,11.280047416687012,ok
LA_D_6304222,-13.102685928344727,-13.152815818786621,ok
LA_D_6304781,11.237964630126953,11.244685173034668,ok
LA_D_6305298,14.990141868591309,14.99366569519043,ok
LA_D_6305743,12.233054161071777,12.233485221862793,ok
LA_D_6306641,10.19446849822998,10.198089599609375,ok
LA_D_6307445,14.007566452026367,14.010157585144043,ok
LA_D_6308295,-13.050474166870117,-13.072953224182129,ok
LA_D_6308947,13.510496139526367,13.514815330505371,ok
LA_D_6309997,9.112369537353516,9.11541748046875,ok
LA_D_6310267,-13.397828102111816,-13.408915519714355,ok
LA_D_6310412,9.319062232971191,9.319270133972168,ok
LA_D_6311046,-14.622366905212402,-14.631749153137207,ok
LA_D_6314728,12.923955917358398,12.924927711486816,ok
LA_D_6315394,12.496268272399902,12.496140480041504,ok
LA_D_6315906,13.84660816192627,13.85607624053955,ok
LA_D_6316102,14.88784408569336,14.895112037658691,ok
LA_D_6316118,12.655179023742676,12.657586097717285,ok
LA_D_6316498,24.445114135742188,24.46387481689453,ok
LA_D_6316737,12.798316955566406,12.810263633728027,ok
LA_D_6317931,17.403789520263672,17.430959701538086,ok
LA_D_6319262,16.832548141479492,16.833646774291992,ok
LA_D_6320458,5.920506000518799,5.9182257652282715,ok
LA_D_6320996,13.544037818908691,13.562870979309082,ok
LA_D_6321029,14.686921119689941,14.6957368850708,ok
LA_D_6321182,13.764076232910156,13.766572952270508,ok
LA_D_6321273,14.904966354370117,14.9346923828125,ok
LA_D_6322158,13.985594749450684,13.986405372619629,ok
LA_D_6322470,17.870161056518555,17.88849449157715,ok
LA_D_6323705,8.549288749694824,8.549727439880371,ok
LA_D_6324927,-15.147785186767578,-15.150134086608887,ok
LA_D_6325680,-13.304262161254883,-13.352639198303223,ok
LA_D_6325916,12.64615535736084,12.649415969848633,ok
LA_D_6326082,7.805534362792969,7.8098554611206055,ok
LA_D_6327399,18.66558837890625,18.665788650512695,ok
LA_D_6328554,9.443863868713379,9.455138206481934,ok
LA_D_6331537,11.45730209350586,11.460064888000488,ok
LA_D_6332738,17.248092651367188,17.28372573852539,ok
LA_D_6333127,19.431814193725586,19.46495246887207,ok
LA_D_6333663,10.186339378356934,10.187833786010742,ok
LA_D_6335322,13.870315551757812,13.881619453430176,ok
LA_D_6335987,14.647997856140137,14.668992042541504,ok
LA_D_6337308,13.169187545776367,13.17590045928955,ok
LA_D_6338190,10.617868423461914,10.617901802062988,ok
LA_D_6338424,10.896598815917969,10.898691177368164,ok
LA_D_6338534,15.109177589416504,15.119348526000977,ok
LA_D_6338898,-12.945630073547363,-12.960171699523926,ok
LA_D_6339525,8.641656875610352,8.659879684448242,ok
LA_D_6341314,11.193482398986816,11.207880973815918,ok
LA_D_6341396,17.72177505493164,17.739545822143555,ok
LA_D_6343112,16.07893943786621,16.08271598815918,ok
LA_D_6343657,7.157105922698975,7.172810077667236,ok
LA_D_6343761,-3.907463788986206,-3.90718412399292,ok
LA_D_6344509,14.266772270202637,14.282123565673828,ok
LA_D_6345029,13.212264060974121,13.215943336486816,ok
LA_D_6345131,20.956708908081055,21.028684616088867,ok
LA_D_6345168,15.165389060974121,15.181073188781738,ok
LA_D_6345960,17.03810691833496,17.042415618896484,ok
LA_D_6346160,10.788773536682129,10.798173904418945,ok
LA_D_6346227,11.53399658203125,11.534897804260254,ok
LA_D_6346837,12.903962135314941,12.924363136291504,ok
LA_D_6347250,16.61751937866211,16.61761474609375,ok
LA_D_6349894,13.848312377929688,13.850415229797363,ok
LA_D_6350034,16.17401695251465,16.1690731048584,ok
LA_D_6350241,16.56855010986328,16.59657859802246,ok
LA_D_6351813,14.865058898925781,14.86740493774414,ok
LA_D_6351880,12.06358814239502,12.06801700592041,ok
LA_D_6352712,16.26980972290039,16.294981002807617,ok
LA_D_6353064,10.232560157775879,10.23588752746582,ok
LA_D_6353632,13.697671890258789,13.719122886657715,ok
LA_D_6353813,14.31905746459961,14.334935188293457,ok
LA_D_6354373,10.623794555664062,10.631205558776855,ok
LA_D_6355954,11.872472763061523,11.877507209777832,ok
LA_D_6356896,12.214354515075684,12.229134559631348,ok
LA_D_6359460,11.706147193908691,11.74465274810791,ok
LA_D_6359496,14.093236923217773,14.10018253326416,ok
LA_D_6361022,18.892719268798828,18.900094985961914,ok
LA_D_6361258,12.197725296020508,12.216009140014648,ok
LA_D_6362359,16.935136795043945,16.935697555541992,ok
LA_D_6363189,12.848348617553711,12.860692977905273,ok
LA_D_6363274,8.90403938293457,8.914237022399902,ok
LA_D_6364752,10.949167251586914,10.951659202575684,ok
LA_D_6365603,12.956936836242676,12.972919464111328,ok
LA_D_6366232,13.113509178161621,13.116920471191406,ok
LA_D_6366738,10.650694847106934,10.657898902893066,ok
LA_D_6367142,15.318071365356445,15.343063354492188,ok
LA_D_6367157,-12.983499526977539,-13.065217018127441,ok
LA_D_6367384,15.07630729675293,15.077563285827637,ok
LA_D_6367650,14.616671562194824,14.643224716186523,ok
LA_D_6368049,-4.361622333526611,-4.379786014556885,ok
LA_D_6368816,14.159710884094238,14.193744659423828,ok
LA_D_6368871,14.890661239624023,14.897449493408203,ok
LA_D_6368988,12.746109008789062,12.747374534606934,ok
LA_D_6369142,14.455897331237793,14.483059883117676,ok
LA_D_6369227,13.57730770111084,13.585219383239746,ok
LA_D_6369583,-15.760876655578613,-15.774199485778809,ok
LA_D_6371255,16.511062622070312,16.539453506469727,ok
LA_D_6371287,15.102928161621094,15.117027282714844,ok
LA_D_6371872,12.311054229736328,12.313801765441895,ok
LA_D_6372376,10.953063011169434,10.953315734863281,ok
LA_D_6373060,5.221330642700195,5.219235420227051,ok
LA_D_6373288,8.395853996276855,8.395598411560059,ok
LA_D_6374273,13.917498588562012,13.919283866882324,ok
LA_D_6374661,16.986604690551758,17.033105850219727,ok
LA_D_6375943,12.018631935119629,12.02377986907959,ok
LA_D_6376974,11.874984741210938,11.88166332244873,ok
LA_D_6378566,14.104097366333008,14.153660774230957,ok
LA_D_6378781,10.813657760620117,10.812560081481934,ok
LA_D_6379069,17.08454132080078,17.117595672607422,ok
LA_D_6379116,14.504014015197754,14.505284309387207,ok
LA_D_6379274,10.97200870513916,10.976483345031738,ok
LA_D_6379749,11.757341384887695,11.779068946838379,ok
LA_D_6380070,14.651447296142578,14.66183090209961,ok
LA_D_6380295,-11.463199615478516,-11.46484375,ok
LA_D_6382055,-6.507197856903076,-6.513699054718018,ok
LA_D_6383543,9.85433578491211,9.850194931030273,ok
LA_D_6383686,18.113910675048828,18.113788604736328,ok
LA_D_6383761,15.066510200500488,15.07077407836914,ok
LA_D_6387199,12.218257904052734,12.225666999816895,ok
LA_D_6388120,17.787494659423828,17.79523277282715,ok
LA_D_6388231,12.306979179382324,12.307286262512207,ok
LA_D_6390103,12.077211380004883,12.077486991882324,ok
LA_D_6390760,10.641193389892578,10.641247749328613,ok
LA_D_6391228,15.317645072937012,15.325663566589355,ok
LA_D_6391278,13.116673469543457,13.12304401397705,ok
LA_D_6392613,14.646842002868652,14.649611473083496,ok
LA_D_6393543,15.441826820373535,15.451111793518066,ok
LA_D_6396489,18.834457397460938,18.905900955200195,ok
LA_D_6397450,16.56453514099121,16.577234268188477,ok
LA_D_6400478,14.667454719543457,14.675660133361816,ok
LA_D_6401176,19.041757583618164,19.04630470275879,ok
LA_D_6401440,10.236024856567383,10.24498462677002,ok
LA_D_6401566,19.075843811035156,19.09185218811035,ok
LA_D_6401633,12.814207077026367,12.820540428161621,ok
LA_D_6404209,15.523212432861328,15.55115032196045,ok
LA_D_6404620,12.809377670288086,12.832842826843262,ok
LA_D_6405087,10.835247039794922,10.860209465026855,ok
LA_D_6405665,7.595897197723389,7.599625110626221,ok
LA_D_6407177,16.673646926879883,16.749038696289062,ok
LA_D_6407830,18.40018653869629,18.404159545898438,ok
LA_D_6408762,17.481958389282227,17.500043869018555,ok
LA_D_6409431,13.046148300170898,13.05960750579834,ok
LA_D_6409786,4.7095112800598145,4.709875583648682,ok
LA_D_6409900,21.26010513305664,21.271013259887695,ok
LA_D_6410108,13.270586967468262,13.270783424377441,ok
LA_D_6411224,12.082795143127441,12.087546348571777,ok
LA_D_6411228,13.412842750549316,13.431963920593262,ok
LA_D_6413013,16.95451545715332,16.97104835510254,ok
LA_D_6413397,6.684637546539307,6.689057350158691,ok
LA_D_6413462,14.578753471374512,14.581400871276855,ok
LA_D_6414092,14.36161994934082,14.377131462097168,ok
LA_D_6415614,18.368043899536133,18.379276275634766,ok
LA_D_6415971,9.669099807739258,9.669596672058105,ok
LA_D_6417597,13.460515975952148,13.462528228759766,ok
LA_D_6418577,-11.37369155883789,-11.393315315246582,ok
LA_D_6419157,5.761088848114014,5.7601518630981445,ok
LA_D_6419449,20.86884117126465,20.86966896057129,ok
LA_D_6421601,8.950288772583008,8.95069408416748,ok
LA_D_6422582,16.054996490478516,16.071775436401367,ok
LA_D_6423308,13.971306800842285,13.974812507629395,ok
LA_D_6423611,12.952574729919434,12.970202445983887,ok
LA_D_6424034,17.05065155029297,17.12544059753418,ok
LA_D_6424276,14.526615142822266,14.552291870117188,ok
LA_D_6424715,17.764991760253906,17.76896095275879,ok
LA_D_6425717,20.487363815307617,20.519784927368164,ok
LA_D_6425908,13.183459281921387,13.214472770690918,ok
LA_D_6426866,15.275459289550781,15.292376518249512,ok
LA_D_6427369,7.498508453369141,7.500723361968994,ok
LA_D_6428297,14.596330642700195,14.609349250793457,ok
LA_D_6428957,17.003061294555664,17.030349731445312,ok
LA_D_6430063,19.924715042114258,19.972475051879883,ok
LA_D_6431120,13.089771270751953,13.132637977600098,ok
LA_D_6431288,14.42831802368164,14.440812110900879,ok
LA_D_6431658,15.444902420043945,15.464446067810059,ok
LA_D_6431886,11.579225540161133,11.579737663269043,ok
LA_D_6432124,14.542976379394531,14.574175834655762,ok
LA_D_6434161,14.363190650939941,14.364699363708496,ok
LA_D_6434711,15.89956283569336,15.911230087280273,ok
LA_D_6434721,13.630575180053711,13.635170936584473,ok
LA_D_6435266,14.284588813781738,14.330449104309082,ok
LA_D_6435582,-13.873492240905762,-13.886383056640625,ok
LA_D_6439502,15.169268608093262,15.184440612792969,ok
LA_D_6439730,-2.7271065711975098,-2.7286651134490967,ok
LA_D_6440445,16.817096710205078,16.821462631225586,ok
LA_D_6440826,10.214529991149902,10.215347290039062,ok
LA_D_6441885,8.246625900268555,8.268447875976562,ok
LA_D_6442014,-6.58446741104126,-6.584897518157959,ok
LA_D_6442890,13.22928237915039,13.236769676208496,ok
LA_D_6443383,11.523128509521484,11.525744438171387,ok
LA_D_6443649,-11.801050186157227,-11.808782577514648,ok
LA_D_6444033,14.677701950073242,14.728083610534668,ok
LA_D_6444125,12.069249153137207,12.072676658630371,ok
LA_D_6445561,10.604413032531738,10.616013526916504,ok
LA_D_6445749,14.588241577148438,14.594863891601562,ok
LA_D_6445884,15.604804039001465,15.613738059997559,ok
LA_D_6446002,14.429044723510742,14.491080284118652,ok
LA_D_6446521,7.424533367156982,7.4297003746032715,ok
LA_D_6446759,-1.0878772735595703,-1.0927399396896362,ok
LA_D_6447251,9.184762954711914,9.196812629699707,ok
LA_D_6449816,14.160263061523438,14.194558143615723,ok
LA_D_6450264,10.60885238647461,10.624438285827637,ok
LA_D_6450379,14.641448974609375,14.643101692199707,ok
LA_D_6451106,9.0824556350708,9.081502914428711,ok
LA_D_6452637,13.551952362060547,13.55964183807373,ok
LA_D_6454321,15.546977043151855,15.566489219665527,ok
LA_D_6454374,9.140835762023926,9.141879081726074,ok
LA_D_6455155,19.782922744750977,19.78785514831543,ok
LA_D_6457597,15.934974670410156,15.945630073547363,ok
LA_D_6458120,21.82565689086914,21.826345443725586,ok
LA_D_6458272,-11.99380111694336,-12.022228240966797,ok
LA_D_6458836,9.916418075561523,9.92062759399414,ok
LA_D_6460049,-13.190716743469238,-13.208273887634277,ok
LA_D_6461042,17.724966049194336,17.8007869720459,ok
LA_D_6462722,15.92184066772461,15.936854362487793,ok
LA_D_6462902,16.414297103881836,16.41623878479004,ok
LA_D_6462905,16.117908477783203,16.13509750366211,ok
LA_D_6462998,9.683307647705078,9.683304786682129,ok
LA_D_6463589,14.395378112792969,14.397039413452148,ok
LA_D_6464994,16.465797424316406,16.498125076293945,ok
LA_D_6465758,11.766916275024414,11.768083572387695,ok
LA_D_6468405,18.12030792236328,18.15488624572754,ok
LA_D_6468412,14.563944816589355,14.616186141967773,ok
LA_D_6468524,14.219657897949219,14.326390266418457,ok
LA_D_6469029,14.893689155578613,14.905289649963379,ok
LA_D_6469406,12.646937370300293,12.671183586120605,ok
LA_D_6469647,14.887496948242188,14.925089836120605,ok
LA_D_6470899,15.618330955505371,15.643742561340332,ok
LA_D_6471870,-0.7329541444778442,-0.7397090196609497,ok
LA_D_6472939,17.398313522338867,17.40848159790039,ok
LA_D_6474102,16.80105209350586,16.80385398864746,ok
LA_D_6474531,11.834360122680664,11.846173286437988,ok
LA_D_6474870,11.498124122619629,11.52253246307373,ok
LA_D_6475261,-11.268095016479492,-11.274344444274902,ok
LA_D_6475497,14.030884742736816,14.040131568908691,ok
LA_D_6475624,14.720873832702637,14.727974891662598,ok
LA_D_6477172,22.433399200439453,22.50712776184082,ok
LA_D_6477185,11.32299518585205,11.333380699157715,ok
LA_D_6478753,-8.806113243103027,-8.807872772216797,ok
LA_D_6479435,17.336292266845703,17.347745895385742,ok
LA_D_6479457,-14.014857292175293,-14.032151222229004,ok
LA_D_6479825,15.769171714782715,15.808440208435059,ok
LA_D_6480348,-12.18549919128418,-12.186923027038574,ok
LA_D_6480457,11.76425838470459,11.79226016998291,ok
LA_D_6480551,-14.236879348754883,-14.243269920349121,ok
LA_D_6482383,11.685859680175781,11.699548721313477,ok
LA_D_6484471,14.004199028015137,14.00731372833252,ok
LA_D_6484577,15.623405456542969,15.625711441040039,ok
LA_D_6485701,13.857577323913574,13.859753608703613,ok
LA_D_6486723,16.59486961364746,16.604936599731445,ok
LA_D_6486980,9.73780632019043,9.734557151794434,ok
LA_D_6487009,15.55583381652832,15.55959415435791,ok
LA_D_6487170,9.666786193847656,9.668303489685059,ok
LA_D_6487933,-14.95793628692627,-14.983646392822266,ok
LA_D_6489536,12.374802589416504,12.390629768371582,ok
LA_D_6490097,16.588626861572266,16.598087310791016,ok
LA_D_6492056,-12.308355331420898,-12.329812049865723,ok
LA_D_6493011,14.474068641662598,14.478255271911621,ok
LA_D_6495207,13.045024871826172,13.063899993896484,ok
LA_D_6495668,11.075270652770996,11.075186729431152,ok
LA_D_6495848,-4.66160249710083,-4.682011127471924,ok
LA_D_6497525,16.667070388793945,16.670066833496094,ok
LA_D_6497583,12.848793983459473,12.8556547164917,ok
LA_D_6497625,-8.514928817749023,-8.520197868347168,ok
LA_D_6497646,13.781079292297363,13.801426887512207,ok
LA_D_6498637,12.367676734924316,12.370473861694336,ok
LA_D_6499586,14.441597938537598,14.452186584472656,ok
LA_D_6499603,-12.475852966308594,-12.479754447937012,ok
LA_D_6499728,16.188735961914062,16.1887264251709,ok
LA_D_6499924,18.68075180053711,18.69956398010254,ok
LA_D_6502358,11.495140075683594,11.499146461486816,ok
LA_D_6502735,15.223140716552734,15.242424964904785,ok
LA_D_6502976,-8.111727714538574,-8.116181373596191,ok
LA_D_6503475,-12.239648818969727,-12.24451732635498,ok
LA_D_6506104,11.87352180480957,11.884322166442871,ok
LA_D_6506607,14.720978736877441,14.733675003051758,ok
LA_D_6506972,15.11827278137207,15.140640258789062,ok
LA_D_6506973,13.605886459350586,13.617415428161621,ok
LA_D_6506991,10.479104042053223,10.485320091247559,ok
LA_D_6509120,13.985840797424316,14.004232406616211,ok
LA_D_6509189,-13.692204475402832,-13.70905590057373,ok
LA_D_6511162,10.865715026855469,10.868782043457031,ok
LA_D_6511574,14.185904502868652,14.210186004638672,ok
LA_D_6511989,-13.632542610168457,-13.633343696594238,ok
LA_D_6513609,12.185598373413086,12.185907363891602,ok
LA_D_6514590,16.423879623413086,16.425235748291016,ok
LA_D_6514670,15.456720352172852,15.460070610046387,ok
LA_D_6515358,13.57158088684082,13.574965476989746,ok
LA_D_6515867,-12.665884017944336,-12.66672134399414,ok
LA_D_6516261,13.376285552978516,13.39582633972168,ok
LA_D_6516523,10.889812469482422,10.897533416748047,ok
LA_D_6516575,16.32993507385254,16.3363094329834,ok
LA_D_6516814,17.190195083618164,17.19258689880371,ok
LA_D_6517273,17.53353500366211,17.54196548461914,ok
LA_D_6517455,8.036781311035156,8.036803245544434,ok
LA_D_6517704,9.497117042541504,9.500406265258789,ok
LA_D_6518159,-9.53752326965332,-9.537871360778809,ok
LA_D_6518794,14.251848220825195,14.255290031433105,ok
LA_D_6520063,16.968830108642578,16.97889518737793,ok
LA_D_6520436,10.235628128051758,10.236130714416504,ok
LA_D_6520929,8.59279727935791,8.592668533325195,ok
LA_D_6520984,-14.114811897277832,-14.126494407653809,ok
LA_D_6521320,15.269744873046875,15.27785587310791,ok
LA_D_6522313,11.42455768585205,11.42481517791748,ok
LA_D_6522419,11.6581392288208,11.664921760559082,ok
LA_D_6525071,15.851137161254883,15.930208206176758,ok
LA_D_6525234,15.059455871582031,15.060017585754395,ok
LA_D_6525320,13.291686058044434,13.303102493286133,ok
LA_D_6525457,20.46344566345215,20.52730369567871,ok
LA_D_6526168,9.61192798614502,9.61242389678955,ok
LA_D_6526664,13.225118637084961,13.247578620910645,ok
LA_D_6529379,-8.981222152709961,-8.990208625793457,ok
LA_D_6530169,19.399417877197266,19.414907455444336,ok
LA_D_6531960,18.644289016723633,18.661834716796875,ok
LA_D_6532301,13.048178672790527,13.041340827941895,ok
LA_D_6532619,17.969057083129883,17.96940803527832,ok
LA_D_6532972,10.77895450592041,10.8299560546875,ok
LA_D_6536882,10.80612564086914,10.80772876739502,ok
LA_D_6537903,10.74754524230957,10.7485990524292,ok
LA_D_6539878,-12.821341514587402,-12.824601173400879,ok
LA_D_6540535,13.318964958190918,13.322226524353027,ok
LA_D_6542740,12.553898811340332,12.61889934539795,ok
LA_D_6542878,12.872570037841797,12.89574146270752,ok
LA_D_6544888,18.63809585571289,18.68925666809082,ok
LA_D_6545121,11.907923698425293,11.908495903015137,ok
LA_D_6546081,14.775775909423828,14.790719985961914,ok
LA_D_6547198,16.737390518188477,16.7465877532959,ok
LA_D_6547607,12.877674102783203,12.902792930603027,ok
LA_D_6547828,9.500992774963379,9.506842613220215,ok
LA_D_6547919,13.892345428466797,13.893315315246582,ok
LA_D_6548234,15.68263053894043,15.69959545135498,ok
LA_D_6549159,-15.612778663635254,-15.655879974365234,ok
LA_D_6549373,-13.966259956359863,-13.972046852111816,ok
LA_D_6550208,14.904937744140625,14.915499687194824,ok
LA_D_6550883,13.885890007019043,13.892437934875488,ok
LA_D_6551202,14.232199668884277,14.237211227416992,ok
LA_D_6551642,11.785614967346191,11.790112495422363,ok
LA_D_6551713,14.428350448608398,14.444443702697754,ok
LA_D_6553554,9.782805442810059,9.805766105651855,ok
LA_D_6553908,14.277714729309082,14.282320976257324,ok
LA_D_6554548,15.30732250213623,15.3207426071167,ok
LA_D_6556225,8.771346092224121,8.77099895477295,ok
LA_D_6556306,10.445594787597656,10.454060554504395,ok
LA_D_6556577,9.715262413024902,9.745813369750977,ok
LA_D_6557355,12.802135467529297,12.80945110321045,ok
LA_D_6558890,-13.119989395141602,-13.129884719848633,ok
LA_D_6561538,-12.936511993408203,-12.939428329467773,ok
LA_D_6563482,16.12830352783203,16.137062072753906,ok
LA_D_6564975,10.81920051574707,10.819161415100098,ok
LA_D_6565562,11.770147323608398,11.770857810974121,ok
LA_D_6566671,19.881216049194336,19.922155380249023,ok
LA_D_6567387,18.800031661987305,18.80036735534668,ok
LA_D_6567611,11.286107063293457,11.306791305541992,ok
LA_D_6568047,17.700979232788086,17.705299377441406,ok
LA_D_6568052,15.618223190307617,15.627022743225098,ok
LA_D_6568071,-15.80482292175293,-15.814878463745117,ok
LA_D_6568228,16.316673278808594,16.321044921875,ok
LA_D_6569285,9.052346229553223,9.05831241607666,ok
LA_D_6570628,-15.483597755432129,-15.492077827453613,ok
LA_D_6572116,17.041074752807617,17.055456161499023,ok
LA_D_6573061,14.71008586883545,14.71461009979248,ok
LA_D_6574060,9.53763484954834,9.541089057922363,ok
LA_D_6575341,14.778923034667969,14.787060737609863,ok
LA_D_6575380,13.648319244384766,13.650389671325684,ok
LA_D_6575610,16.006853103637695,16.01204490661621,ok
LA_D_6575860,11.207069396972656,11.218329429626465,ok
LA_D_6576940,13.265759468078613,13.272492408752441,ok
LA_D_6577158,14.655891418457031,14.66512393951416,ok
LA_D_6577591,11.930024147033691,11.94061279296875,ok
LA_D_6578659,-14.746174812316895,-14.756686210632324,ok
LA_D_6579134,14.209748268127441,14.22455883026123,ok
LA_D_6579479,13.969420433044434,13.979188919067383,ok
LA_D_6579719,20.421905517578125,20.4239559173584,ok
LA_D_6582126,14.371138572692871,14.378693580627441,ok
LA_D_6582780,12.864791870117188,12.870341300964355,ok
LA_D_6585381,13.705074310302734,13.710749626159668,ok
LA_D_6585774,16.902727127075195,16.906097412109375,ok
LA_D_6586128,16.987821578979492,16.9979305267334,ok
LA_D_6587165,12.385679244995117,12.395979881286621,ok
LA_D_6588379,16.49512481689453,16.542003631591797,ok
LA_D_6588865,16.14215850830078,16.16060447692871,ok
LA_D_6589534,16.94586944580078,16.949113845825195,ok
LA_D_6589944,11.997983932495117,12.004227638244629,ok
LA_D_6590996,15.393733024597168,15.40042781829834,ok
LA_D_6591249,13.517722129821777,13.521098136901855,ok
LA_D_6593008,14.055798530578613,14.06184196472168,ok
LA_D_6593011,11.79193115234375,11.804722785949707,ok
LA_D_6593270,-15.79448413848877,-15.802811622619629,ok
LA_D_6593636,22.245389938354492,22.291460037231445,ok
LA_D_6594747,15.215232849121094,15.223679542541504,ok
LA_D_6594807,7.210424900054932,7.211895942687988,ok
LA_D_6595610,16.118017196655273,16.321535110473633,ok
LA_D_6596114,17.155282974243164,17.174488067626953,ok
LA_D_6596613,16.97323226928711,16.996641159057617,ok
LA_D_6596958,16.5416316986084,16.550065994262695,ok
LA_D_6597050,13.241511344909668,13.319825172424316,ok
LA_D_6597204,16.26823616027832,16.281370162963867,ok
LA_D_6597330,14.086651802062988,14.119267463684082,ok
LA_D_6597750,12.899750709533691,12.907727241516113,ok
LA_D_6598354,-15.471397399902344,-15.478296279907227,ok
LA_D_6598826,10.666769027709961,10.670488357543945,ok
LA_D_6598988,11.643389701843262,11.655434608459473,ok
LA_D_6599019,14.722434043884277,14.733000755310059,ok
LA_D_6599233,11.003436088562012,11.02397346496582,ok
LA_D_6599356,10.154748916625977,10.184828758239746,ok
LA_D_6600446,14.677098274230957,14.684266090393066,ok
LA_D_6600800,13.6871337890625,13.705313682556152,ok
LA_D_6600823,13.490880012512207,13.50854778289795,ok
LA_D_6601160,13.161556243896484,13.16310977935791,ok
LA_D_6602571,13.772315979003906,13.78848648071289,ok
LA_D_6603047,11.364365577697754,11.391715049743652,ok
LA_D_6603638,9.944226264953613,9.94462776184082,ok
LA_D_6603822,11.794780731201172,11.801667213439941,ok
LA_D_6604093,10.36113452911377,10.35922622680664,ok
LA_D_6604594,13.98032283782959,13.984564781188965,ok
LA_D_6606092,16.878530502319336,16.88091468811035,ok
LA_D_6606839,15.550750732421875,15.567815780639648,ok
LA_D_6607748,7.321563720703125,7.3890299797058105,ok
LA_D_6609032,5.695316791534424,5.698770999908447,ok
LA_D_6609619,11.901572227478027,11.902298927307129,ok
LA_D_6609902,15.38565731048584,15.402375221252441,ok
LA_D_6609968,-3.8028626441955566,-3.8074982166290283,ok
LA_D_6610656,12.432395935058594,12.454377174377441,ok
LA_D_6612387,13.088469505310059,13.09643268585205,ok
LA_D_6612646,16.35316276550293,16.370243072509766,ok
LA_D_6613069,10.894525527954102,10.907118797302246,ok
LA_D_6613848,14.531654357910156,14.566314697265625,ok
LA_D_6614217,10.595754623413086,10.595871925354004,ok
LA_D_6614329,-13.373636245727539,-13.403660774230957,ok
LA_D_6616471,14.599016189575195,14.606340408325195,ok
LA_D_6617994,-11.663381576538086,-11.696819305419922,ok
LA_D_6619464,11.737604141235352,11.738911628723145,ok
LA_D_6620261,12.349409103393555,12.3524169921875,ok
LA_D_6620544,14.115791320800781,14.161497116088867,ok
LA_D_6621246,10.297154426574707,10.30501651763916,ok
LA_D_6621753,20.076496124267578,20.082788467407227,ok
LA_D_6622164,16.383930206298828,16.391332626342773,ok
LA_D_6622348,-14.47350025177002,-14.514622688293457,ok
LA_D_6623102,-13.888533592224121,-13.892550468444824,ok
LA_D_6623501,13.849221229553223,13.850478172302246,ok
LA_D_6623727,13.312085151672363,13.318005561828613,ok
LA_D_6623812,13.939911842346191,13.948234558105469,ok
LA_D_6624176,13.456145286560059,13.465632438659668,ok
LA_D_6624488,14.081938743591309,14.108455657958984,ok
LA_D_6624621,-10.209205627441406,-10.210585594177246,ok
LA_D_6625374,17.82151222229004,17.823408126831055,ok
LA_D_6625840,11.624273300170898,11.633105278015137,ok
LA_D_6626817,-14.185379028320312,-14.189563751220703,ok
LA_D_6626918,15.977988243103027,15.983394622802734,ok
LA_D_6627213,9.425494194030762,9.454400062561035,ok
LA_D_6629886,16.33060073852539,16.337804794311523,ok
LA_D_6631414,18.19413185119629,18.215734481811523,ok
LA_D_6633566,12.649852752685547,12.667506217956543,ok
LA_D_6634201,15.762866973876953,15.772583961486816,ok
LA_D_6634413,12.494384765625,12.508320808410645,ok
LA_D_6634897,13.443838119506836,13.445464134216309,ok
LA_D_6635685,13.258511543273926,13.258855819702148,ok
LA_D_6636415,14.369991302490234,14.385210037231445,ok
LA_D_6636661,-11.185769081115723,-11.19229793548584,ok
LA_D_6637850,17.47817039489746,17.485538482666016,ok
LA_D_6638128,18.97359275817871,18.982954025268555,ok
LA_D_6639964,8.126687049865723,8.129812240600586,ok
LA_D_6640384,9.208816528320312,9.209641456604004,ok
LA_D_6640572,24.5781192779541,24.598615646362305,ok
LA_D_6642454,-11.88775634765625,-11.900629997253418,ok
LA_D_6642673,10.675318717956543,10.732898712158203,ok
LA_D_6642678,14.85387134552002,14.879737854003906,ok
LA_D_6644343,10.178877830505371,10.186464309692383,ok
LA_D_6646870,17.601320266723633,17.60529899597168,ok
LA_D_6648074,12.895623207092285,12.897303581237793,ok
LA_D_6648419,20.32044792175293,20.331663131713867,ok
LA_D_6649816,10.512900352478027,10.531038284301758,ok
LA_D_6649982,16.36688995361328,16.369495391845703,ok
LA_D_6650126,-13.197288513183594,-13.210015296936035,ok
LA_D_6650483,10.466713905334473,10.479752540588379,ok
LA_D_6650700,6.143538951873779,6.143373012542725,ok
LA_D_6651726,11.707792282104492,11.709240913391113,ok
LA_D_6653512,19.569425582885742,19.5932674407959,ok
LA_D_6653711,15.286304473876953,15.319427490234375,ok
LA_D_6654217,9.332472801208496,9.332515716552734,ok
LA_D_6654690,10.209068298339844,10.224263191223145,ok
LA_D_6655563,12.435202598571777,12.459269523620605,ok
LA_D_6656541,17.798582077026367,17.825775146484375,ok
LA_D_6659622,-13.543679237365723,-13.551522254943848,ok
LA_D_6660188,16.670000076293945,16.673112869262695,ok
LA_D_6660220,22.166141510009766,22.211183547973633,ok
LA_D_6661592,14.78516960144043,14.788220405578613,ok
LA_D_6662010,10.638197898864746,10.684014320373535,ok
LA_D_6662518,13.369549751281738,13.379096031188965,ok
LA_D_6663132,16.964309692382812,16.979501724243164,ok
LA_D_6663729,7.584704399108887,7.584768772125244,ok
LA_D_6665426,16.369495391845703,16.371171951293945,ok
LA_D_6666039,14.644047737121582,14.66231632232666,ok
LA_D_6666182,14.96171760559082,14.979273796081543,ok
LA_D_6666840,17.437246322631836,17.459688186645508,ok
LA_D_6668024,-13.301789283752441,-13.308493614196777,ok
LA_D_6669051,17.704998016357422,17.737258911132812,ok
LA_D_6669736,-15.558778762817383,-15.5674467086792,ok
LA_D_6670902,13.05302619934082,13.067239761352539,ok
LA_D_6670965,20.081401824951172,20.11335563659668,ok
LA_D_6671443,17.9727783203125,17.973535537719727,ok
LA_D_6672152,12.5974760055542,12.60237979888916,ok
LA_D_6672477,-12.228181838989258,-12.256625175476074,ok
LA_D_6675849,15.23597240447998,15.238672256469727,ok
LA_D_6676522,14.25912094116211,14.281855583190918,ok
LA_D_6677490,11.118470191955566,11.127089500427246,ok
LA_D_6677818,13.610991477966309,13.621600151062012,ok
LA_D_6678773,12.859126091003418,12.890236854553223,ok
LA_D_6678932,13.003639221191406,13.013398170471191,ok
LA_D_6680138,-8.611135482788086,-8.611757278442383,ok
LA_D_6681675,11.727338790893555,11.72750186920166,ok
LA_D_6681710,-12.655096054077148,-12.685310363769531,ok
LA_D_6682281,11.64051628112793,11.64709758758545,ok
LA_D_6682326,10.407051086425781,10.407470703125,ok
LA_D_6685036,8.948781967163086,8.979930877685547,ok
LA_D_6688232,15.8399658203125,15.850035667419434,ok
LA_D_6688724,10.584335327148438,10.589102745056152,ok
LA_D_6689023,12.672719955444336,12.689444541931152,ok
LA_D_6689857,18.015945434570312,18.0433292388916,ok
LA_D_6690982,17.067583084106445,17.067970275878906,ok
LA_D_6690990,14.006863594055176,14.021924018859863,ok
LA_D_6691154,16.576948165893555,16.57745361328125,ok
LA_D_6691337,13.201629638671875,13.203309059143066,ok
LA_D_6692133,19.55051040649414,19.555238723754883,ok
LA_D_6692719,16.493953704833984,16.494035720825195,ok
LA_D_6692967,17.111406326293945,17.1340274810791,ok
LA_D_6693898,13.146476745605469,13.157038688659668,ok
LA_D_6694820,13.64688777923584,13.649134635925293,ok
LA_D_6695161,11.924661636352539,11.925082206726074,ok
LA_D_6695214,6.478809833526611,6.489654064178467,ok
LA_D_6695450,14.806361198425293,14.823689460754395,ok
LA_D_6695615,17.371845245361328,17.3935489654541,ok
LA_D_6696204,15.611138343811035,15.623018264770508,ok
LA_D_6696589,14.955538749694824,14.960238456726074,ok
LA_D_6697232,11.676250457763672,11.685101509094238,ok
LA_D_6697944,15.058250427246094,15.060432434082031,ok
LA_D_6698865,12.269972801208496,12.270464897155762,ok
LA_D_6699665,13.799586296081543,13.81879711151123,ok
LA_D_6701963,-15.318709373474121,-15.325252532958984,ok
LA_D_6704472,-15.64415454864502,-15.655203819274902,ok
LA_D_6704901,11.721285820007324,11.72322940826416,ok
LA_D_6706248,11.785592079162598,11.796120643615723,ok
LA_D_6707722,13.608410835266113,13.671406745910645,ok
LA_D_6708714,15.288677215576172,15.3141450881958,ok
LA_D_6709571,13.16235065460205,13.162693977355957,ok
LA_D_6710142,14.241782188415527,14.25096607208252,ok
LA_D_6710195,11.65238094329834,11.645659446716309,ok
LA_D_6710328,-16.08779525756836,-16.090587615966797,ok
LA_D_6710971,14.590271949768066,14.5942964553833,ok
LA_D_6711029,9.909634590148926,9.91048526763916,ok
LA_D_6711434,-14.681713104248047,-14.682212829589844,ok
LA_D_6712579,11.328282356262207,11.331108093261719,ok
LA_D_6713264,19.77703857421875,19.783550262451172,ok
LA_D_6716159,-15.502779960632324,-15.504168510437012,ok
LA_D_6716178,16.319639205932617,16.348024368286133,ok
LA_D_6716544,11.140420913696289,11.141377449035645,ok
LA_D_6716819,17.142065048217773,17.18109893798828,ok
LA_D_6717375,-13.90478229522705,-13.927214622497559,ok
LA_D_6717508,17.59392738342285,17.601627349853516,ok
LA_D_6717975,15.327226638793945,15.327912330627441,ok
LA_D_6718237,-13.830805778503418,-13.843850135803223,ok
LA_D_6719368,14.149232864379883,14.150994300842285,ok
LA_D_6721591,14.293876647949219,14.31801700592041,ok
LA_D_6721785,15.152402877807617,15.161344528198242,ok
LA_D_6722285,12.73613452911377,12.737533569335938,ok
LA_D_6723637,9.732178688049316,9.733292579650879,ok
LA_D_6725130,15.890093803405762,15.91170883178711,ok
LA_D_6726447,11.358755111694336,11.377833366394043,ok
LA_D_6727952,12.536966323852539,12.548285484313965,ok
LA_D_6728041,12.580571174621582,12.600258827209473,ok
LA_D_6728141,-13.369163513183594,-13.372854232788086,ok
LA_D_6729690,15.756914138793945,15.788249015808105,ok
LA_D_6733057,11.152298927307129,11.155499458312988,ok
LA_D_6733844,7.488947868347168,7.489414691925049,ok
LA_D_6734401,8.850457191467285,8.871930122375488,ok
LA_D_6734573,14.477837562561035,14.482523918151855,ok
LA_D_6736028,-14.34255313873291,-14.351052284240723,ok
LA_D_6736452,13.437698364257812,13.44293212890625,ok
LA_D_6736813,7.979568004608154,7.980081081390381,ok
LA_D_6738457,9.402312278747559,9.411253929138184,ok
LA_D_6738889,18.02171516418457,18.027727127075195,ok
LA_D_6740610,14.277539253234863,14.294407844543457,ok
LA_D_6741986,-12.509947776794434,-12.510794639587402,ok
LA_D_6742117,15.127349853515625,15.135697364807129,ok
LA_D_6742661,13.353601455688477,13.357258796691895,ok
LA_D_6742796,16.90693473815918,16.908212661743164,ok
LA_D_6743141,17.118301391601562,17.127851486206055,ok
LA_D_6743274,11.646907806396484,11.664790153503418,ok
LA_D_6744596,12.776869773864746,12.782099723815918,ok
LA_D_6747363,19.15154266357422,19.17443084716797,ok
LA_D_6747561,10.658589363098145,10.663751602172852,ok
LA_D_6748543,15.836305618286133,15.84046745300293,ok
LA_D_6748977,20.82600212097168,20.84975242614746,ok
LA_D_6749090,12.77618408203125,12.795430183410645,ok
LA_D_6749101,-10.838401794433594,-10.845138549804688,ok
LA_D_6751659,16.226383209228516,16.2544002532959,ok
LA_D_6751883,16.846187591552734,16.919771194458008,ok
LA_D_6752187,8.285188674926758,8.288866996765137,ok
LA_D_6752719,16.336376190185547,16.336650848388672,ok
LA_D_6754663,12.332710266113281,12.35326862335205,ok
LA_D_6754774,16.918270111083984,16.92469596862793,ok
LA_D_6756999,14.670259475708008,14.670205116271973,ok
LA_D_6757692,-12.209556579589844,-12.217108726501465,ok
LA_D_6757990,18.40193748474121,18.44184112548828,ok
LA_D_6759383,14.06523609161377,14.072632789611816,ok
LA_D_6759403,15.380741119384766,15.411686897277832,ok
LA_D_6760408,11.500289916992188,11.50863265991211,ok
LA_D_6762250,8.837963104248047,8.857928276062012,ok
LA_D_6762877,10.257561683654785,10.2796630859375,ok
LA_D_6763784,9.347980499267578,9.348282814025879,ok
LA_D_6765632,17.661041259765625,17.682382583618164,ok
LA_D_6766548,18.382308959960938,18.38897705078125,ok
LA_D_6767586,17.198896408081055,17.235485076904297,ok
LA_D_6767763,17.54527473449707,17.549854278564453,ok
LA_D_6767768,7.21978235244751,7.239102840423584,ok
LA_D_6768042,12.572942733764648,12.607465744018555,ok
LA_D_6768434,16.03876304626465,16.0419979095459,ok
LA_D_6770649,17.455673217773438,17.48815155029297,ok
LA_D_6771345,14.868292808532715,14.869826316833496,ok
LA_D_6773067,12.846471786499023,12.847672462463379,ok
LA_D_6773995,13.053171157836914,13.053523063659668,ok
LA_D_6776598,11.898029327392578,11.899836540222168,ok
LA_D_6776653,13.530227661132812,13.540586471557617,ok
LA_D_6777944,9.013313293457031,9.01755428314209,ok
LA_D_6779692,12.853596687316895,12.862393379211426,ok
LA_D_6780816,15.258583068847656,15.266805648803711,ok
LA_D_6781568,10.516328811645508,10.514408111572266,ok
LA_D_6784610,15.109453201293945,15.112961769104004,ok
LA_D_6785127,15.82140827178955,15.842145919799805,ok
LA_D_6786099,15.039128303527832,15.048967361450195,ok
LA_D_6787599,10.894712448120117,10.895228385925293,ok
LA_D_6788465,17.118144989013672,17.14012336730957,ok
LA_D_6788782,10.6135835647583,10.62478256225586,ok
LA_D_6789571,14.724869728088379,14.720080375671387,ok
LA_D_6791229,14.979111671447754,15.028397560119629,ok
LA_D_6793108,15.468948364257812,15.570137023925781,ok
LA_D_6793210,14.577587127685547,14.583724975585938,ok
LA_D_6794210,8.214178085327148,8.229683876037598,ok
LA_D_6795264,-14.563228607177734,-14.58642864227295,ok
LA_D_6795503,16.718828201293945,16.73345947265625,ok
LA_D_6795908,15.407732963562012,15.417136192321777,ok
LA_D_6797923,16.209716796875,16.21010398864746,ok
LA_D_6798093,10.269423484802246,10.271662712097168,ok
LA_D_6798242,14.167705535888672,14.177693367004395,ok
LA_D_6798609,13.93350887298584,13.94161319732666,ok
LA_D_6799496,-14.536097526550293,-14.557738304138184,ok
LA_D_6801331,14.985767364501953,14.99996566772461,ok
LA_D_6802049,12.582292556762695,12.589954376220703,ok
LA_D_6802153,11.606634140014648,11.608342170715332,ok
LA_D_6802172,17.230043411254883,17.31013298034668,ok
LA_D_6804587,6.468398571014404,6.4657440185546875,ok
LA_D_6805723,14.017823219299316,14.021416664123535,ok
LA_D_6806656,15.902084350585938,15.912842750549316,ok
LA_D_6806823,14.298127174377441,14.314824104309082,ok
LA_D_6806988,14.158512115478516,14.15855884552002,ok
LA_D_6807774,14.057027816772461,14.060975074768066,ok
LA_D_6807841,5.018684387207031,5.033266544342041,ok
LA_D_6809474,14.474454879760742,14.479046821594238,ok
LA_D_6810036,12.679800033569336,12.705981254577637,ok
LA_D_6810679,16.67218780517578,16.676958084106445,ok
LA_D_6810732,-13.063777923583984,-13.064362525939941,ok
LA_D_6810969,12.7703275680542,12.783992767333984,ok
LA_D_6811737,10.467174530029297,10.46773624420166,ok
LA_D_6812624,15.888489723205566,15.938719749450684,ok
LA_D_6813136,13.848128318786621,13.849798202514648,ok
LA_D_6813740,13.30612564086914,13.323840141296387,ok
LA_D_6813990,8.313529968261719,8.31591510772705,ok
LA_D_6814264,10.473173141479492,10.473694801330566,ok
LA_D_6814636,16.923019409179688,16.993154525756836,ok
LA_D_6816441,15.161948204040527,15.232933044433594,ok
LA_D_6818615,10.794173240661621,10.79419994354248,ok
LA_D_6820465,9.160009384155273,9.167084693908691,ok
LA_D_6821250,10.25739574432373,10.257389068603516,ok
LA_D_6821909,-11.808353424072266,-11.812738418579102,ok
LA_D_6822464,3.1256027221679688,3.1256308555603027,ok
LA_D_6822833,12.870174407958984,12.870610237121582,ok
LA_D_6824022,-11.413718223571777,-11.417263984680176,ok
LA_D_6825223,7.366065979003906,7.385046482086182,ok
LA_D_6826053,14.241439819335938,14.242444038391113,ok
LA_D_6826884,17.65877914428711,17.681379318237305,ok
LA_D_6826887,13.73261833190918,13.745469093322754,ok
LA_D_6827798,10.493654251098633,10.493358612060547,ok
LA_D_6828209,13.988594055175781,14.047700881958008,ok
LA_D_6828979,14.911806106567383,14.913610458374023,ok
LA_D_6830532,7.1373443603515625,7.137094497680664,ok
LA_D_6830608,16.12591552734375,16.13294219970703,ok
LA_D_6832377,13.172476768493652,13.176361083984375,ok
LA_D_6832697,9.335037231445312,9.336380958557129,ok
LA_D_6832953,12.562021255493164,12.569493293762207,ok
LA_D_6834540,16.886812210083008,16.917795181274414,ok
LA_D_6834652,18.25146484375,18.26475715637207,ok
LA_D_6835954,11.40149974822998,11.402297019958496,ok
LA_D_6836003,-15.269705772399902,-15.302934646606445,ok
LA_D_6837161,12.862817764282227,12.901217460632324,ok
LA_D_6837499,13.837156295776367,13.852060317993164,ok
LA_D_6838627,13.402621269226074,13.406432151794434,ok
LA_D_6840108,13.302764892578125,13.302559852600098,ok
LA_D_6840556,14.891244888305664,14.900328636169434,ok
LA_D_6840690,12.592710494995117,12.592730522155762,ok
LA_D_6840971,17.294185638427734,17.296268463134766,ok
LA_D_6841789,-10.85928726196289,-10.861159324645996,ok
LA_D_6842136,-15.582748413085938,-15.605663299560547,ok
LA_D_6842546,10.555340766906738,10.561274528503418,ok
LA_D_6843205,-11.074265480041504,-11.077073097229004,ok
LA_D_6843468,-14.507140159606934,-14.50874137878418,ok
LA_D_6844056,11.776451110839844,11.778327941894531,ok
LA_D_6844450,15.671867370605469,15.68530559539795,ok
LA_D_6845080,12.512080192565918,12.5247163772583,ok
LA_D_6846040,18.5734920501709,18.57843017578125,ok
LA_D_6846115,14.844186782836914,14.841630935668945,ok
LA_D_6846914,11.261545181274414,11.261521339416504,ok
LA_D_6847229,12.988757133483887,12.995104789733887,ok
LA_D_6849663,17.056734085083008,17.063867568969727,ok
LA_D_6851421,14.62838077545166,14.676953315734863,ok
LA_D_6851877,15.297774314880371,15.312578201293945,ok
LA_D_6852175,10.650763511657715,10.660822868347168,ok
LA_D_6852390,12.369901657104492,12.381808280944824,ok
LA_D_6852869,5.538193225860596,5.537251949310303,ok
LA_D_6853671,17.552337646484375,17.5526065826416,ok
LA_D_6854275,17.532060623168945,17.566286087036133,ok
LA_D_6855752,17.43560218811035,17.533151626586914,ok
LA_D_6858597,17.0073299407959,17.007421493530273,ok
LA_D_6858810,16.616378784179688,16.639644622802734,ok
LA_D_6859973,13.791899681091309,13.800154685974121,ok
LA_D_6860124,11.9511137008667,11.979107856750488,ok
LA_D_6861811,14.36916446685791,14.413043022155762,ok
LA_D_6862159,16.375459671020508,16.377714157104492,ok
LA_D_6862553,15.998759269714355,16.03268814086914,ok
LA_D_6863055,4.989484786987305,4.989527225494385,ok
LA_D_6863380,12.350264549255371,12.352372169494629,ok
LA_D_6863957,9.317145347595215,9.31794261932373,ok
LA_D_6864087,23.3681697845459,23.38524055480957,ok
LA_D_6864236,-7.63629674911499,-7.6412129402160645,ok
LA_D_6865799,9.821769714355469,9.822747230529785,ok
LA_D_6865911,13.13918685913086,13.141186714172363,ok
LA_D_6866603,19.60232925415039,19.604551315307617,ok
LA_D_6868021,16.404741287231445,16.42778205871582,ok
LA_D_6868445,12.460588455200195,12.462820053100586,ok
LA_D_6868998,-12.611440658569336,-12.625168800354004,ok
LA_D_6869232,15.359175682067871,15.359662055969238,ok
LA_D_6870040,14.590356826782227,14.595330238342285,ok
LA_D_6870125,12.782259941101074,12.782374382019043,ok
LA_D_6871726,10.906079292297363,10.917640686035156,ok
LA_D_6872655,10.63858413696289,10.663640022277832,ok
LA_D_6874210,8.431138038635254,8.4371919631958,ok
LA_D_6874297,-13.101056098937988,-13.112338066101074,ok
LA_D_6875907,14.615995407104492,14.626961708068848,ok
LA_D_6876630,-14.904524803161621,-14.928583145141602,ok
LA_D_6876959,18.41278648376465,18.421463012695312,ok
LA_D_6877026,7.697849273681641,7.697226047515869,ok
LA_D_6878638,12.793274879455566,12.796425819396973,ok
LA_D_6878756,9.925156593322754,9.932916641235352,ok
LA_D_6879359,9.566837310791016,9.569991111755371,ok
LA_D_6880419,14.814289093017578,14.820716857910156,ok
LA_D_6882166,16.51093292236328,16.519092559814453,ok
LA_D_6884110,15.068359375,15.09530258178711,ok
LA_D_6884626,6.885077953338623,6.884770393371582,ok
LA_D_6886878,15.074097633361816,15.07866382598877,ok
LA_D_6887218,13.342228889465332,13.353400230407715,ok
LA_D_6890596,19.26531410217285,19.26535415649414,ok
LA_D_6890842,15.846166610717773,15.855774879455566,ok
LA_D_6890939,16.482288360595703,16.496694564819336,ok
LA_D_6892152,18.943111419677734,18.951101303100586,ok
LA_D_6892674,15.946781158447266,15.953242301940918,ok
LA_D_6893250,12.597981452941895,12.606162071228027,ok
LA_D_6893706,15.564655303955078,15.567572593688965,ok
LA_D_6895177,8.528623580932617,8.528931617736816,ok
LA_D_6897891,14.031126976013184,14.050056457519531,ok
LA_D_6898133,10.727678298950195,10.733874320983887,ok
LA_D_6898383,13.601524353027344,13.604132652282715,ok
LA_D_6899810,17.353635787963867,17.354936599731445,ok
LA_D_6900371,7.697444915771484,7.697500228881836,ok
LA_D_6901051,17.453916549682617,17.463075637817383,ok
LA_D_6902611,15.292072296142578,15.295750617980957,ok
LA_D_6902833,14.268013954162598,14.281033515930176,ok
LA_D_6903594,11.809563636779785,11.813122749328613,ok
LA_D_6903687,13.934671401977539,13.935928344726562,ok
LA_D_6903783,12.30232048034668,12.317341804504395,ok
LA_D_6904064,12.582965850830078,12.585081100463867,ok
LA_D_6904176,9.801310539245605,9.800599098205566,ok
LA_D_6905344,8.389322280883789,8.389081001281738,ok
LA_D_6906792,15.731842041015625,15.73878002166748,ok
LA_D_6908091,-14.425420761108398,-14.435060501098633,ok
LA_D_6908205,10.819320678710938,10.845969200134277,ok
LA_D_6908815,12.8004732131958,12.816546440124512,ok
LA_D_6909580,19.49771499633789,19.50493812561035,ok
LA_D_6910092,12.531660079956055,12.576872825622559,ok
LA_D_6911238,18.423166275024414,18.437541961669922,ok
LA_D_6913174,12.984294891357422,12.990617752075195,ok
LA_D_6913240,-13.726903915405273,-13.729961395263672,ok
LA_D_6913633,15.577115058898926,15.593074798583984,ok
LA_D_6913699,16.762487411499023,16.80381965637207,ok
LA_D_6914532,8.256159782409668,8.256767272949219,ok
LA_D_6914760,7.728732109069824,7.733989715576172,ok
LA_D_6919214,8.305913925170898,8.307330131530762,ok
LA_D_6920274,10.903728485107422,10.904309272766113,ok
LA_D_6920360,13.20833969116211,13.21414566040039,ok
LA_D_6920856,9.76487922668457,9.780783653259277,ok
LA_D_6920891,12.783652305603027,12.785871505737305,ok
LA_D_6921099,18.25199317932129,18.259614944458008,ok
LA_D_6921684,-13.257416725158691,-13.288762092590332,ok
LA_D_6921859,11.289175987243652,11.291617393493652,ok
LA_D_6923831,14.286593437194824,14.30538272857666,ok
LA_D_6923993,15.884742736816406,15.90307331085205,ok
LA_D_6924353,11.757150650024414,11.76094913482666,ok
LA_D_6925004,11.438225746154785,11.455151557922363,ok
LA_D_6925745,14.731913566589355,14.739381790161133,ok
LA_D_6925836,9.810946464538574,9.811553001403809,ok
LA_D_6927348,15.99562931060791,16.039161682128906,ok
LA_D_6927495,16.91992950439453,16.93107795715332,ok
LA_D_6928296,12.416006088256836,12.4209623336792,ok
LA_D_6928395,14.218395233154297,14.221392631530762,ok
LA_D_6928429,15.17811393737793,15.186856269836426,ok
LA_D_6930111,12.144168853759766,12.147193908691406,ok
LA_D_6930733,13.519604682922363,13.520962715148926,ok
LA_D_6931090,13.719894409179688,13.724505424499512,ok
LA_D_6931606,11.85696029663086,11.857550621032715,ok
LA_D_6931611,-12.626391410827637,-12.629959106445312,ok
LA_D_6931896,9.329480171203613,9.343008995056152,ok
LA_D_6932984,10.590097427368164,10.592927932739258,ok
LA_D_6933658,13.225061416625977,13.229790687561035,ok
LA_D_6934200,14.275553703308105,14.27997875213623,ok
LA_D_6935031,-14.495890617370605,-14.506340026855469,ok
LA_D_6935294,18.724489212036133,18.73470115661621,ok
LA_D_6935657,14.611741065979004,14.62170124053955,ok
LA_D_6936162,-15.286409378051758,-15.331677436828613,ok
LA_D_6936838,16.70182991027832,16.701860427856445,ok
LA_D_6936936,11.649827003479004,11.661327362060547,ok
LA_D_6937056,13.374003410339355,13.3778715133667,ok
LA_D_6937150,12.764533996582031,12.765795707702637,ok
LA_D_6937285,14.922531127929688,14.934377670288086,ok
LA_D_6937667,8.279094696044922,8.279181480407715,ok
LA_D_6938301,-12.234872817993164,-12.236037254333496,ok
LA_D_6938657,15.290914535522461,15.319750785827637,ok
LA_D_6939541,-11.933749198913574,-11.974791526794434,ok
LA_D_6940521,14.874513626098633,14.886940956115723,ok
LA_D_6942448,11.635987281799316,11.638400077819824,ok
LA_D_6943274,14.996868133544922,14.99820613861084,ok
LA_D_6945296,8.604552268981934,8.605305671691895,ok
LA_D_6945696,14.022673606872559,14.027917861938477,ok
LA_D_6946419,13.382850646972656,13.407317161560059,ok
LA_D_6946644,16.135339736938477,16.156545639038086,ok
LA_D_6946995,12.912519454956055,12.920723915100098,ok
LA_D_6947289,12.192995071411133,12.242851257324219,ok
LA_D_6947953,13.475153923034668,13.476174354553223,ok
LA_D_6947992,12.3788480758667,12.379652976989746,ok
LA_D_6948051,17.384714126586914,17.398727416992188,ok
LA_D_6948552,14.153297424316406,14.18371868133545,ok
LA_D_6949687,9.646629333496094,9.649248123168945,ok
LA_D_6950600,6.011879920959473,6.009714126586914,ok
LA_D_6951006,15.496037483215332,15.49865436553955,ok
LA_D_6952781,16.839632034301758,16.85056495666504,ok
LA_D_6953406,15.643052101135254,15.657425880432129,ok
LA_D_6953783,12.992366790771484,12.993468284606934,ok
LA_D_6954064,14.440948486328125,14.442564010620117,ok
LA_D_6954164,12.607189178466797,12.615766525268555,ok
LA_D_6954213,13.356093406677246,13.382184028625488,ok
LA_D_6956269,13.155497550964355,13.164840698242188,ok
LA_D_6957117,16.989093780517578,17.043794631958008,ok
LA_D_6957283,14.36586856842041,14.385210037231445,ok
LA_D_6960999,16.961732864379883,16.96363639831543,ok
LA_D_6961697,12.554852485656738,12.557175636291504,ok
LA_D_6962147,16.16255760192871,16.19004249572754,ok
LA_D_6962233,15.736557006835938,15.745097160339355,ok
LA_D_6963143,4.969755172729492,4.970878601074219,ok
LA_D_6963297,14.402231216430664,14.436001777648926,ok
LA_D_6963411,-14.350743293762207,-14.378323554992676,ok
LA_D_6963530,-11.680928230285645,-11.681305885314941,ok
LA_D_6965307,9.134200096130371,9.133193969726562,ok
LA_D_6965493,16.477384567260742,16.4793643951416,ok
LA_D_6965771,18.85249900817871,18.887054443359375,ok
LA_D_6966164,12.71358871459961,12.715518951416016,ok
LA_D_6966577,20.483097076416016,20.55757713317871,ok
LA_D_6966943,7.004450798034668,7.020193576812744,ok
LA_D_6967013,19.61659812927246,19.624385833740234,ok
LA_D_6968726,19.962047576904297,19.9926700592041,ok
LA_D_6970550,16.782333374023438,16.784198760986328,ok
LA_D_6970983,15.798165321350098,15.806830406188965,ok
LA_D_6971538,15.52396297454834,15.526237487792969,ok
LA_D_6971712,11.685142517089844,11.68940258026123,ok
LA_D_6973097,10.726371765136719,10.732521057128906,ok
LA_D_6973797,11.298705101013184,11.300737380981445,ok
LA_D_6975418,17.252859115600586,17.281892776489258,ok
LA_D_6975465,13.320148468017578,13.327049255371094,ok
LA_D_6976547,7.492248058319092,7.495639324188232,ok
LA_D_6978333,15.589492797851562,15.603224754333496,ok
LA_D_6978904,13.654254913330078,13.667182922363281,ok
LA_D_6979806,14.872244834899902,14.876222610473633,ok
LA_D_6980166,-16.25197982788086,-16.25571632385254,ok
LA_D_6982355,11.308123588562012,11.309410095214844,ok
LA_D_6983240,7.257752895355225,7.2624831199646,ok
LA_D_6984588,11.408465385437012,11.408805847167969,ok
LA_D_6984595,-14.851033210754395,-14.86069393157959,ok
LA_D_6985192,12.150361061096191,12.1539945602417,ok
LA_D_6985201,15.585710525512695,15.586735725402832,ok
LA_D_6987202,10.488319396972656,10.49348258972168,ok
LA_D_6988249,13.029695510864258,13.041190147399902,ok
LA_D_6989506,-13.923531532287598,-13.958416938781738,ok
LA_D_6990164,9.798428535461426,9.799600601196289,ok
LA_D_6990804,18.24197006225586,18.247941970825195,ok
LA_D_6991662,7.048313140869141,7.060153484344482,ok
LA_D_6993157,9.043136596679688,9.042571067810059,ok
LA_D_6994349,-14.89538860321045,-14.918131828308105,ok
LA_D_6998107,15.313015937805176,15.321325302124023,ok
LA_D_6998182,18.240459442138672,18.278100967407227,ok
LA_D_7005622,14.651971817016602,14.700762748718262,ok
LA_D_7008532,14.682125091552734,14.691363334655762,ok
LA_D_7008788,12.786096572875977,12.787755966186523,ok
LA_D_7009736,11.221094131469727,11.227320671081543,ok
LA_D_7009859,9.482583999633789,9.483436584472656,ok
LA_D_7010911,11.126326560974121,11.141777992248535,ok
LA_D_7012203,12.977397918701172,12.979979515075684,ok
LA_D_7015167,19.283124923706055,19.285470962524414,ok
LA_D_7015174,-16.00979995727539,-16.023557662963867,ok
LA_D_7015244,14.527824401855469,14.528399467468262,ok
LA_D_7015832,15.812676429748535,15.817204475402832,ok
LA_D_7016609,14.909445762634277,14.909893035888672,ok
LA_D_7016944,15.67818546295166,15.692063331604004,ok
LA_D_7016945,15.399603843688965,15.405869483947754,ok
LA_D_7017711,16.17933464050293,16.181875228881836,ok
LA_D_7018313,15.456759452819824,15.457385063171387,ok
LA_D_7018339,14.19543743133545,14.19702434539795,ok
LA_D_7021156,17.713069915771484,17.724763870239258,ok
LA_D_7021627,14.281584739685059,14.28791618347168,ok
LA_D_7021859,17.49801254272461,17.500825881958008,ok
LA_D_7023105,8.76313304901123,8.787185668945312,ok
LA_D_7023167,12.718369483947754,12.723479270935059,ok
LA_D_7024538,15.436901092529297,15.43734073638916,ok
LA_D_7026375,14.489192008972168,14.489577293395996,ok
LA_D_7026875,11.347573280334473,11.363167762756348,ok
LA_D_7028251,22.3745174407959,22.421966552734375,ok
LA_D_7029392,-2.0160183906555176,-2.016019105911255,ok
LA_D_7030186,18.097394943237305,18.104997634887695,ok
LA_D_7030273,14.383524894714355,14.40420913696289,ok
LA_D_7030281,-15.429974555969238,-15.442351341247559,ok
LA_D_7030824,15.53994369506836,15.56303596496582,ok
LA_D_7030836,18.784971237182617,18.786651611328125,ok
LA_D_7031080,5.383634090423584,5.388441562652588,ok
LA_D_7031306,11.252534866333008,11.260443687438965,ok
LA_D_7031958,18.98176383972168,18.982240676879883,ok
LA_D_7033344,16.453723907470703,16.467409133911133,ok
LA_D_7034096,16.485048294067383,16.503087997436523,ok
LA_D_7034755,11.268616676330566,11.271450996398926,ok
LA_D_7035349,-13.564249038696289,-13.568161964416504,ok
LA_D_7035543,11.364213943481445,11.380064964294434,ok
LA_D_7036071,11.503881454467773,11.51073169708252,ok
LA_D_7037337,13.065451622009277,13.074912071228027,ok
LA_D_7038318,6.760069847106934,6.764400005340576,ok
LA_D_7038523,12.423553466796875,12.43697452545166,ok
LA_D_7038606,19.35386085510254,19.370588302612305,ok
LA_D_7039023,12.678149223327637,12.692212104797363,ok
LA_D_7039466,-15.112980842590332,-15.124493598937988,ok
LA_D_7039777,10.826096534729004,10.835760116577148,ok
LA_D_7039816,14.494502067565918,14.500889778137207,ok
LA_D_7040526,13.22838306427002,13.238783836364746,ok
LA_D_7040833,17.427505493164062,17.431562423706055,ok
LA_D_7040973,16.574649810791016,16.5850887298584,ok
LA_D_7041179,17.150968551635742,17.15349006652832,ok
LA_D_7041352,10.09084415435791,10.095559120178223,ok
LA_D_7041661,13.498820304870605,13.502652168273926,ok
LA_D_7043000,15.71946907043457,15.816978454589844,ok
LA_D_7043976,15.693780899047852,15.732452392578125,ok
LA_D_7044931,8.41306209564209,8.450640678405762,ok
LA_D_7045141,3.318429708480835,3.3176422119140625,ok
LA_D_7045415,10.881082534790039,10.881260871887207,ok
LA_D_7045724,12.223640441894531,12.232739448547363,ok
LA_D_7045833,13.829729080200195,13.834345817565918,ok
LA_D_7049162,17.84952735900879,17.866064071655273,ok
LA_D_7051341,10.639629364013672,10.649221420288086,ok
LA_D_7051804,13.397367477416992,13.418838500976562,ok
LA_D_7052154,15.407697677612305,15.412323951721191,ok
LA_D_7052613,9.022088050842285,9.023337364196777,ok
LA_D_7053102,9.027633666992188,9.027764320373535,ok
LA_D_7053354,11.76555347442627,11.778108596801758,ok
LA_D_7054436,15.819473266601562,15.823925971984863,ok
LA_D_7057190,-13.69260311126709,-13.703940391540527,ok
LA_D_7057633,14.27442455291748,14.2897310256958,ok
LA_D_7058822,17.563915252685547,17.580707550048828,ok
LA_D_7059463,9.642793655395508,9.675204277038574,ok
LA_D_7061416,13.85015869140625,13.850391387939453,ok
LA_D_7063095,13.664536476135254,13.674363136291504,ok
LA_D_7063172,7.967015266418457,7.964482307434082,ok
LA_D_7063977,15.60733413696289,15.607500076293945,ok
LA_D_7064077,13.430423736572266,13.431361198425293,ok
LA_D_7064323,13.135992050170898,13.137114524841309,ok
LA_D_7065014,16.271976470947266,16.32781410217285,ok
LA_D_7065500,6.009266376495361,6.009326934814453,ok
LA_D_7066186,11.007912635803223,11.017254829406738,ok
LA_D_7066954,15.249990463256836,15.332396507263184,ok
LA_D_7066960,-16.497711181640625,-16.510818481445312,ok
LA_D_7067028,9.451370239257812,9.472114562988281,ok
LA_D_7067333,-11.56641674041748,-11.567152976989746,ok
LA_D_7068182,16.30008888244629,16.314027786254883,ok
LA_D_7070716,15.291531562805176,15.303542137145996,ok
LA_D_7072258,11.292071342468262,11.30893611907959,ok
LA_D_7073678,-4.408373832702637,-4.425787448883057,ok
LA_D_7076522,14.430116653442383,14.44990062713623,ok
LA_D_7080605,15.257391929626465,15.262773513793945,ok
LA_D_7080978,16.205026626586914,16.219860076904297,ok
LA_D_7081771,-15.218249320983887,-15.227299690246582,ok
LA_D_7081849,16.621427536010742,16.639986038208008,ok
LA_D_7082816,21.55645751953125,21.567806243896484,ok
LA_D_7083288,12.80976390838623,12.811125755310059,ok
LA_D_7083969,7.346918106079102,7.388466835021973,ok
LA_D_7084497,16.734668731689453,16.757661819458008,ok
LA_D_7086357,19.19736671447754,19.22295379638672,ok
LA_D_7086639,13.919137001037598,13.93514347076416,ok
LA_D_7086814,14.297850608825684,14.30722713470459,ok
LA_D_7087327,14.51624584197998,14.520081520080566,ok
LA_D_7088669,12.716161727905273,12.716142654418945,ok
LA_D_7089929,-10.243205070495605,-10.269577026367188,ok
LA_D_7090148,12.810136795043945,12.81505298614502,ok
LA_D_7090657,-12.526166915893555,-12.537402153015137,ok
LA_D_7091196,15.900809288024902,15.924504280090332,ok
LA_D_7091662,12.98349380493164,12.98897647857666,ok
LA_D_7092291,14.22184944152832,14.22636604309082,ok
LA_D_7092752,14.90794563293457,14.908246040344238,ok
LA_D_7094041,10.860899925231934,10.864818572998047,ok
LA_D_7094796,12.191059112548828,12.198674201965332,ok
LA_D_7096240,12.74304485321045,12.75429916381836,ok
LA_D_7096314,13.627888679504395,13.64205265045166,ok
LA_D_7097009,12.218985557556152,12.245023727416992,ok
LA_D_7097361,14.712827682495117,14.71186637878418,ok
LA_D_7098546,14.610824584960938,14.615165710449219,ok
LA_D_7100095,13.151298522949219,13.15124797821045,ok
LA_D_7100242,13.10724925994873,13.130834579467773,ok
LA_D_7100478,10.336992263793945,10.337080955505371,ok
LA_D_7100790,16.623878479003906,16.695959091186523,ok
LA_D_7101123,13.468426704406738,13.501588821411133,ok
LA_D_7103223,14.424779891967773,14.443140983581543,ok
LA_D_7104527,15.726815223693848,15.735098838806152,ok
LA_D_7107466,7.405660152435303,7.401649475097656,ok
LA_D_7109251,12.5632905960083,12.594511985778809,ok
LA_D_7109771,15.851092338562012,15.85302448272705,ok
LA_D_7109981,-16.87662124633789,-16.891157150268555,ok
LA_D_7110669,-15.14491081237793,-15.145598411560059,ok
LA_D_7111174,13.117510795593262,13.152840614318848,ok
LA_D_7112224,16.91476058959961,16.9161434173584,ok
LA_D_7112267,14.068915367126465,14.174312591552734,ok
LA_D_7112692,12.586993217468262,12.59119701385498,ok
LA_D_7112975,10.095548629760742,10.09760570526123,ok
LA_D_7112988,11.567862510681152,11.569108009338379,ok
LA_D_7113087,12.946033477783203,12.963578224182129,ok
LA_D_7114007,12.438222885131836,12.438355445861816,ok
LA_D_7114213,17.436704635620117,17.506322860717773,ok
LA_D_7114977,-14.434701919555664,-14.441876411437988,ok
LA_D_7115178,15.46252155303955,15.467631340026855,ok
LA_D_7115973,15.118223190307617,15.163506507873535,ok
LA_D_7116605,17.460002899169922,17.48366928100586,ok
LA_D_7117158,17.277971267700195,17.292966842651367,ok
LA_D_7119255,15.654130935668945,15.710529327392578,ok
LA_D_7119606,12.503628730773926,12.511143684387207,ok
LA_D_7120164,8.74627685546875,8.745393753051758,ok
LA_D_7120318,11.392470359802246,11.412898063659668,ok
LA_D_7120364,13.94788646697998,13.960101127624512,ok
LA_D_7120378,12.833650588989258,12.833823204040527,ok
LA_D_7121049,12.36803913116455,12.371535301208496,ok
LA_D_7122184,-12.40468978881836,-12.408891677856445,ok
LA_D_7122312,12.532917976379395,12.54934024810791,ok
LA_D_7123142,11.170781135559082,11.180207252502441,ok
LA_D_7123406,-11.290846824645996,-11.29674243927002,ok
LA_D_7124167,17.930124282836914,17.94544792175293,ok
LA_D_7124239,16.044740676879883,16.053239822387695,ok
LA_D_7125605,17.44278335571289,17.48773193359375,ok
LA_D_7125815,15.906500816345215,15.932999610900879,ok
LA_D_7126476,19.10688018798828,19.105609893798828,ok
LA_D_7126534,15.859223365783691,15.871237754821777,ok
LA_D_7127082,16.421836853027344,16.423463821411133,ok
LA_D_7127633,14.729703903198242,14.745824813842773,ok
LA_D_7129621,12.398849487304688,12.39920425415039,ok
LA_D_7129774,11.811003684997559,11.811161994934082,ok
LA_D_7130070,-13.910467147827148,-13.911656379699707,ok
LA_D_7130454,11.002521514892578,11.007355690002441,ok
LA_D_7130895,19.982526779174805,19.982797622680664,ok
LA_D_7133142,18.490659713745117,18.52523422241211,ok
LA_D_7135015,14.808389663696289,14.80561351776123,ok
LA_D_7135654,14.178191184997559,14.218144416809082,ok
LA_D_7137953,11.612405776977539,11.627191543579102,ok
LA_D_7137971,14.454532623291016,14.455541610717773,ok
LA_D_7138607,14.7235746383667,14.725322723388672,ok
LA_D_7138620,16.864994049072266,16.871450424194336,ok
LA_D_7139438,15.290044784545898,15.307557106018066,ok
LA_D_7139553,-12.134654998779297,-12.136239051818848,ok
LA_D_7139694,21.637117385864258,21.640911102294922,ok
LA_D_7139855,16.031280517578125,16.040607452392578,ok
LA_D_7139969,11.834250450134277,11.836091041564941,ok
LA_D_7140664,14.143389701843262,14.14555549621582,ok
LA_D_7141763,12.829706192016602,12.833088874816895,ok
LA_D_7141905,20.589191436767578,20.611265182495117,ok
LA_D_7142124,17.775115966796875,17.796266555786133,ok
LA_D_7143938,17.833396911621094,17.837446212768555,ok
LA_D_7145015,12.242176055908203,12.320551872253418,ok
LA_D_7145643,10.256945610046387,10.258084297180176,ok
LA_D_7147745,15.859318733215332,15.861729621887207,ok
LA_D_7148219,13.148043632507324,13.152474403381348,ok
LA_D_7149026,9.82121467590332,9.819336891174316,ok
LA_D_7149435,17.792909622192383,17.855207443237305,ok
LA_D_7149695,11.382158279418945,11.386469841003418,ok
LA_D_7151621,14.178491592407227,14.183717727661133,ok
LA_D_7152817,-15.904292106628418,-15.917502403259277,ok
LA_D_7153247,16.0179386138916,16.04498291015625,ok
LA_D_7153518,17.361425399780273,17.392824172973633,ok
LA_D_7154160,13.8875150680542,13.89008617401123,ok
LA_D_7154479,-13.051803588867188,-13.053610801696777,ok
LA_D_7154683,12.18139362335205,12.181456565856934,ok
LA_D_7157816,6.527737617492676,6.529259204864502,ok
LA_D_7160142,13.322628021240234,13.325114250183105,ok
LA_D_7160537,12.231988906860352,12.252345085144043,ok
LA_D_7160972,-1.4599628448486328,-1.463039755821228,ok
LA_D_7162317,-15.572187423706055,-15.581355094909668,ok
LA_D_7164376,-14.466085433959961,-14.47126293182373,ok
LA_D_7164827,16.23090171813965,16.247446060180664,ok
LA_D_7165623,11.728572845458984,11.737455368041992,ok
LA_D_7165792,11.456198692321777,11.46492862701416,ok
LA_D_7166280,14.317118644714355,14.339548110961914,ok
LA_D_7166669,11.496965408325195,11.500643730163574,ok
LA_D_7166738,7.139004707336426,7.138691425323486,ok
LA_D_7166843,21.527568817138672,21.554121017456055,ok
LA_D_7167124,17.57901382446289,17.582639694213867,ok
LA_D_7167134,12.448493003845215,12.471702575683594,ok
LA_D_7168411,12.67298698425293,12.695374488830566,ok
LA_D_7169168,9.3760347366333,9.37939739227295,ok
LA_D_7169217,16.350780487060547,16.37826156616211,ok
LA_D_7170139,11.45208740234375,11.5018949508667,ok
LA_D_7170458,9.261639595031738,9.26250171661377,ok
LA_D_7170607,11.887320518493652,11.898701667785645,ok
LA_D_7170608,15.952258110046387,15.969748497009277,ok
LA_D_7170620,14.41249942779541,14.447397232055664,ok
LA_D_7171461,4.957403182983398,4.951414585113525,ok
LA_D_7172075,14.132039070129395,14.146400451660156,ok
LA_D_7173210,6.024069786071777,6.03603982925415,ok
LA_D_7173433,16.218467712402344,16.268918991088867,ok
LA_D_7173940,14.917143821716309,14.921518325805664,ok
LA_D_7174232,17.652742385864258,17.66172218322754,ok
LA_D_7175689,15.142021179199219,15.156529426574707,ok
LA_D_7175704,12.635052680969238,12.635372161865234,ok
LA_D_7176031,16.480751037597656,16.502065658569336,ok
LA_D_7176078,15.738311767578125,15.751164436340332,ok
LA_D_7178248,7.67772102355957,7.681451320648193,ok
LA_D_7179358,15.06304931640625,15.074556350708008,ok
LA_D_7179593,-13.706625938415527,-13.70776081085205,ok
LA_D_7180447,15.314227104187012,15.349635124206543,ok
LA_D_7181044,1.9981242418289185,1.9968358278274536,ok
LA_D_7182532,16.486780166625977,16.532794952392578,ok
LA_D_7183546,11.972195625305176,11.974806785583496,ok
LA_D_7183894,20.318429946899414,20.331369400024414,ok
LA_D_7186069,19.299997329711914,19.306339263916016,ok
LA_D_7186648,12.792363166809082,12.7921781539917,ok
LA_D_7187188,14.25653076171875,14.25886058807373,ok
LA_D_7187563,11.699604034423828,11.712281227111816,ok
LA_D_7187597,14.016140937805176,14.019163131713867,ok
LA_D_7187720,17.6248779296875,17.663719177246094,ok
LA_D_7188227,12.9690523147583,13.013640403747559,ok
LA_D_7189280,-15.69143295288086,-15.693567276000977,ok
LA_D_7189435,12.490324020385742,12.502972602844238,ok
LA_D_7189804,10.776374816894531,10.781234741210938,ok
LA_D_7190406,13.445484161376953,13.445748329162598,ok
LA_D_7190581,16.56220054626465,16.585535049438477,ok
LA_D_7191599,10.171443939208984,10.171280860900879,ok
LA_D_7191759,11.118582725524902,11.12794017791748,ok
LA_D_7191859,17.0114688873291,17.094486236572266,ok
LA_D_7192041,14.837818145751953,14.846413612365723,ok
LA_D_7192415,12.591439247131348,12.597402572631836,ok
LA_D_7193344,13.260336875915527,13.283130645751953,ok
LA_D_7194141,16.48628044128418,16.53384017944336,ok
LA_D_7194672,14.328124046325684,14.33182144165039,ok
LA_D_7194718,13.802371978759766,13.80489444732666,ok
LA_D_7194931,12.417903900146484,12.433744430541992,ok
LA_D_7196231,16.067768096923828,16.069028854370117,ok
LA_D_7196635,13.513291358947754,13.517584800720215,ok
LA_D_7197317,7.609006404876709,7.606712818145752,ok
LA_D_7199102,15.045223236083984,15.086349487304688,ok
LA_D_7200372,13.69002914428711,13.713047981262207,ok
LA_D_7200480,-5.700818061828613,-5.714759349822998,ok
LA_D_7200791,-13.771926879882812,-13.78154182434082,ok
LA_D_7201438,13.737122535705566,13.758941650390625,ok
LA_D_7201951,11.81599235534668,11.838379859924316,ok
LA_D_7203605,-9.619525909423828,-9.633857727050781,ok
LA_D_7204569,-13.803462982177734,-13.84972858428955,ok
LA_D_7205018,16.330989837646484,16.35268783569336,ok
LA_D_7205609,11.318938255310059,11.336241722106934,ok
LA_D_7206552,11.657576560974121,11.661723136901855,ok
LA_D_7207516,7.601315498352051,7.601961612701416,ok
LA_D_7207798,-6.375724792480469,-6.377308368682861,ok
LA_D_7209731,12.265511512756348,12.265135765075684,ok
LA_D_7209780,12.562431335449219,12.568242073059082,ok
LA_D_7210071,16.289508819580078,16.310216903686523,ok
LA_D_7211753,13.692544937133789,13.691390991210938,ok
LA_D_7212540,8.125465393066406,8.128544807434082,ok
LA_D_7212590,14.738350868225098,14.7393217086792,ok
LA_D_7213885,-12.723753929138184,-12.757551193237305,ok
LA_D_7215553,3.7960617542266846,3.8006889820098877,ok
LA_D_7215783,13.972987174987793,13.980056762695312,ok
LA_D_7218456,10.254199028015137,10.257126808166504,ok
LA_D_7218513,15.556571006774902,15.557503700256348,ok
LA_D_7219075,18.42945671081543,18.47234344482422,ok
LA_D_7219088,13.41722297668457,13.419662475585938,ok
LA_D_7219426,-5.031610488891602,-5.032130718231201,ok
LA_D_7219660,10.873997688293457,10.875029563903809,ok
LA_D_7219959,16.574705123901367,16.582212448120117,ok
LA_D_7220382,15.812464714050293,15.823637962341309,ok
LA_D_7222508,14.851439476013184,14.851451873779297,ok
LA_D_7223284,12.69911003112793,12.716561317443848,ok
LA_D_7224171,12.81448745727539,12.815685272216797,ok
LA_D_7224568,4.72768497467041,4.728105068206787,ok
LA_D_7225053,14.352514266967773,14.35122013092041,ok
LA_D_7225338,9.752220153808594,9.752982139587402,ok
LA_D_7225984,15.074084281921387,15.072331428527832,ok
LA_D_7226739,15.570013046264648,15.585577011108398,ok
LA_D_7227396,10.330582618713379,10.337813377380371,ok
LA_D_7228303,12.178079605102539,12.199847221374512,ok
LA_D_7229041,14.015961647033691,14.029922485351562,ok
LA_D_7229340,13.771888732910156,13.773306846618652,ok
LA_D_7230566,-15.39427375793457,-15.41785717010498,ok
LA_D_7230852,15.945140838623047,15.951440811157227,ok
LA_D_7233780,16.599748611450195,16.626352310180664,ok
LA_D_7234016,14.735669136047363,14.740058898925781,ok
LA_D_7234278,15.313722610473633,15.321525573730469,ok
LA_D_7235373,-14.84205150604248,-14.854555130004883,ok
LA_D_7235672,17.036916732788086,17.04186248779297,ok
LA_D_7237488,20.538970947265625,20.545488357543945,ok
LA_D_7237811,25.023155212402344,25.04241943359375,ok
LA_D_7238018,-14.814785957336426,-14.816123962402344,ok
LA_D_7241809,19.48968505859375,19.5018253326416,ok
LA_D_7244876,13.115900039672852,13.175436973571777,ok
LA_D_7245573,9.242707252502441,9.256150245666504,ok
LA_D_7246488,14.82831859588623,14.830269813537598,ok
LA_D_7248069,11.339643478393555,11.34620189666748,ok
LA_D_7248953,15.466170310974121,15.476839065551758,ok
LA_D_7249074,16.686124801635742,16.74323081970215,ok
LA_D_7249552,10.15945053100586,10.182282447814941,ok
LA_D_7250780,15.638405799865723,15.648985862731934,ok
LA_D_7253146,-13.132513999938965,-13.136322975158691,ok
LA_D_7253310,10.127098083496094,10.128010749816895,ok
LA_D_7253817,11.619585990905762,11.619744300842285,ok
LA_D_7254011,12.935102462768555,12.955283164978027,ok
LA_D_7254050,15.551329612731934,15.585214614868164,ok
LA_D_7254378,25.048343658447266,25.090665817260742,ok
LA_D_7255005,-14.289411544799805,-14.324742317199707,ok
LA_D_7255755,15.8504638671875,15.87475872039795,ok
LA_D_7256748,12.638375282287598,12.650468826293945,ok
LA_D_7257796,13.442977905273438,13.44360065460205,ok
LA_D_7260355,16.192567825317383,16.202396392822266,ok
LA_D_7261120,-8.92076301574707,-8.929308891296387,ok
LA_D_7261537,12.0845947265625,12.085999488830566,ok
LA_D_7261761,12.139555931091309,12.162751197814941,ok
LA_D_7262716,15.142350196838379,15.16529369354248,ok
LA_D_7262720,12.407270431518555,12.410551071166992,ok
LA_D_7263188,16.47576332092285,16.493505477905273,ok
LA_D_7263401,16.94605255126953,16.946359634399414,ok
LA_D_7264686,12.568017959594727,12.57139778137207,ok
LA_D_7265371,13.208345413208008,13.212305068969727,ok
LA_D_7267402,-9.415186882019043,-9.426900863647461,ok
LA_D_7269077,14.747486114501953,14.759603500366211,ok
LA_D_7269587,9.266463279724121,9.273077964782715,ok
LA_D_7270074,-17.00697135925293,-17.01713752746582,ok
LA_D_7271587,-14.292667388916016,-14.303338050842285,ok
LA_D_7272412,15.074474334716797,15.074960708618164,ok
LA_D_7273712,15.244329452514648,15.259112358093262,ok
LA_D_7273954,9.418333053588867,9.419029235839844,ok
LA_D_7274330,9.773316383361816,9.774757385253906,ok
LA_D_7277373,-13.670469284057617,-13.676883697509766,ok
LA_D_7277920,14.491907119750977,14.492400169372559,ok
LA_D_7277959,12.870223045349121,12.870165824890137,ok
LA_D_7278311,17.71034049987793,17.727373123168945,ok
LA_D_7278858,9.96573257446289,9.966585159301758,ok
LA_D_7279265,15.072572708129883,15.079781532287598,ok
LA_D_7279410,7.758525371551514,7.7586798667907715,ok
LA_D_7281015,10.721023559570312,10.742138862609863,ok
LA_D_7281159,15.01141357421875,15.039045333862305,ok
LA_D_7282044,8.194766998291016,8.197989463806152,ok
LA_D_7283308,11.705402374267578,11.715168952941895,ok
LA_D_7283586,14.443625450134277,14.446202278137207,ok
LA_D_7284760,18.003938674926758,18.017202377319336,ok
LA_D_7284920,9.634282112121582,9.63488483428955,ok
LA_D_7285246,15.242337226867676,15.310080528259277,ok
LA_D_7286535,11.963128089904785,11.980517387390137,ok
LA_D_7288605,20.911962509155273,20.922746658325195,ok
LA_D_7288713,12.20283031463623,12.2028169631958,ok
LA_D_7289124,17.623010635375977,17.670244216918945,ok
LA_D_7289423,11.996136665344238,12.002470016479492,ok
LA_D_7289655,8.636070251464844,8.635970115661621,ok
LA_D_7290012,19.742923736572266,19.745141983032227,ok
LA_D_7290138,20.570634841918945,20.570280075073242,ok
LA_D_7290285,14.857330322265625,14.869568824768066,ok
LA_D_7293816,9.918655395507812,9.937355995178223,ok
LA_D_7294059,10.439033508300781,10.45714282989502,ok
LA_D_7295722,18.259540557861328,18.28118324279785,ok
LA_D_7296201,11.139277458190918,11.1365966796875,ok
LA_D_7297087,12.275930404663086,12.275642395019531,ok
LA_D_7297385,15.01214599609375,15.014615058898926,ok
LA_D_7297643,16.84274673461914,16.866716384887695,ok
LA_D_7298083,11.339898109436035,11.370920181274414,ok
LA_D_7298541,10.568964958190918,10.57103157043457,ok
LA_D_7298589,12.794984817504883,12.823334693908691,ok
LA_D_7299439,16.115503311157227,16.205148696899414,ok
LA_D_7299514,-11.866817474365234,-11.87728500366211,ok
LA_D_7299706,7.018847942352295,7.019848823547363,ok
LA_D_7299749,14.590919494628906,14.593542098999023,ok
LA_D_7300406,10.676497459411621,10.679317474365234,ok
LA_D_7300764,11.700006484985352,11.707444190979004,ok
LA_D_7302282,10.812114715576172,10.835346221923828,ok
LA_D_7302367,14.447592735290527,14.459824562072754,ok
LA_D_7302757,15.8572416305542,15.867595672607422,ok
LA_D_7302765,10.4110107421875,10.437220573425293,ok
LA_D_7304634,-10.586926460266113,-10.599745750427246,ok
LA_D_7306507,12.379450798034668,12.3875093460083,ok
LA_D_7307287,18.093740463256836,18.103281021118164,ok
LA_D_7307702,16.272066116333008,16.2742862701416,ok
LA_D_7308100,18.24241065979004,18.3033390045166,ok
LA_D_7308358,8.101805686950684,8.102055549621582,ok
LA_D_7310490,7.754510879516602,7.753986358642578,ok
LA_D_7312402,10.005248069763184,10.014998435974121,ok
LA_D_7312535,10.657602310180664,10.667786598205566,ok
LA_D_7312592,20.001779556274414,20.0366268157959,ok
LA_D_7312870,18.51651954650879,18.565950393676758,ok
LA_D_7313112,11.783133506774902,11.784321784973145,ok
LA_D_7313906,12.200471878051758,12.210516929626465,ok
LA_D_7314322,-11.053572654724121,-11.054769515991211,ok
LA_D_7314849,13.500060081481934,13.500149726867676,ok
LA_D_7317360,17.69349479675293,17.708343505859375,ok
LA_D_7317597,11.243895530700684,11.24426555633545,ok
LA_D_7318854,10.17060661315918,10.170654296875,ok
LA_D_7319497,-13.850441932678223,-13.874350547790527,ok
LA_D_7320269,12.562142372131348,12.565815925598145,ok
LA_D_7321136,17.823654174804688,17.843242645263672,ok
LA_D_7322306,10.50976848602295,10.51922607421875,ok
LA_D_7322960,11.527993202209473,11.557936668395996,ok
LA_D_7324285,-11.797144889831543,-11.801074028015137,ok
LA_D_7325586,11.936138153076172,11.945611953735352,ok
LA_D_7325649,11.323073387145996,11.357892036437988,ok
LA_D_7326976,14.491177558898926,14.496355056762695,ok
LA_D_7328344,9.833606719970703,9.8366060256958,ok
LA_D_7328872,14.166988372802734,14.172404289245605,ok
LA_D_7330298,12.90169906616211,12.903985023498535,ok
LA_D_7331566,15.084433555603027,15.08980655670166,ok
LA_D_7331654,13.162225723266602,13.166600227355957,ok
LA_D_7332066,14.109512329101562,14.119805335998535,ok
LA_D_7333250,12.641839027404785,12.642719268798828,ok
LA_D_7333352,-10.656859397888184,-10.664971351623535,ok
LA_D_7334119,8.200761795043945,8.200823783874512,ok
LA_D_7334607,11.907088279724121,11.912035942077637,ok
LA_D_7336188,13.387227058410645,13.389557838439941,ok
LA_D_7336955,13.40701675415039,13.417487144470215,ok
LA_D_7337126,15.714503288269043,15.726290702819824,ok
LA_D_7337279,23.480737686157227,23.48993492126465,ok
LA_D_7337689,11.373346328735352,11.373696327209473,ok
LA_D_7338327,9.290901184082031,9.297234535217285,ok
LA_D_7339440,15.821133613586426,15.841058731079102,ok
LA_D_7339762,-10.947226524353027,-10.949156761169434,ok
LA_D_7339843,14.422842979431152,14.430407524108887,ok
LA_D_7342043,10.62326717376709,10.626568794250488,ok
LA_D_7342694,8.435373306274414,8.439248085021973,ok
LA_D_7342764,11.828800201416016,11.829136848449707,ok
LA_D_7343331,13.577444076538086,13.585721015930176,ok
LA_D_7343735,16.220077514648438,16.227169036865234,ok
LA_D_7346067,9.943987846374512,9.959052085876465,ok
LA_D_7346604,7.0639142990112305,7.079883098602295,ok
LA_D_7346965,8.793242454528809,8.794650077819824,ok
LA_D_7347549,13.93257999420166,13.932153701782227,ok
LA_D_7350895,13.305217742919922,13.31118106842041,ok
LA_D_7352908,13.064350128173828,13.072522163391113,ok
LA_D_7354898,16.041793823242188,16.04819679260254,ok
LA_D_7355156,12.5410737991333,12.54633617401123,ok
LA_D_7355507,16.506792068481445,16.50779914855957,ok
LA_D_7355604,13.079675674438477,13.095011711120605,ok
LA_D_7355945,10.580395698547363,10.580660820007324,ok
LA_D_7357609,12.69184398651123,12.703049659729004,ok
LA_D_7359047,19.690725326538086,19.71080207824707,ok
LA_D_7359378,14.599340438842773,14.610417366027832,ok
LA_D_7360950,13.063788414001465,13.100800514221191,ok
LA_D_7361566,-13.20587158203125,-13.214173316955566,ok
LA_D_7362645,10.119393348693848,10.128355026245117,ok
LA_D_7363059,13.914413452148438,13.91409683227539,ok
LA_D_7363405,12.803143501281738,12.80331039428711,ok
LA_D_7363496,14.17304515838623,14.174107551574707,ok
LA_D_7363764,-14.751559257507324,-14.805521965026855,ok
LA_D_7365945,14.049288749694824,14.05713176727295,ok
LA_D_7366011,11.116469383239746,11.122147560119629,ok
LA_D_7367187,16.190359115600586,16.198057174682617,ok
LA_D_7367873,14.922009468078613,14.934200286865234,ok
LA_D_7368554,11.694056510925293,11.70494556427002,ok
LA_D_7368744,12.308112144470215,12.374951362609863,ok
LA_D_7368863,17.598243713378906,17.612699508666992,ok
LA_D_7369444,13.30527400970459,13.308598518371582,ok
LA_D_7370306,-9.141518592834473,-9.160712242126465,ok
LA_D_7370520,-6.315984725952148,-6.323875904083252,ok
LA_D_7372276,10.085309028625488,10.084749221801758,ok
LA_D_7373220,15.34237003326416,15.344902992248535,ok
LA_D_7373443,14.351771354675293,14.36208438873291,ok
LA_D_7373652,16.735742568969727,16.7480411529541,ok
LA_D_7373710,11.737666130065918,11.739516258239746,ok
LA_D_7374784,12.139547348022461,12.141209602355957,ok
LA_D_7375499,11.89936637878418,11.902445793151855,ok
LA_D_7375840,17.081554412841797,17.148523330688477,ok
LA_D_7377187,7.41505765914917,7.414758682250977,ok
LA_D_7380127,13.636533737182617,13.641398429870605,ok
LA_D_7380433,11.090389251708984,11.09343147277832,ok
LA_D_7380582,-15.104233741760254,-15.129948616027832,ok
LA_D_7380667,10.090996742248535,10.092623710632324,ok
LA_D_7380699,17.689468383789062,17.716367721557617,ok
LA_D_7382039,19.234771728515625,19.360328674316406,ok
LA_D_7382673,18.740367889404297,18.754358291625977,ok
LA_D_7382692,12.724093437194824,12.724029541015625,ok
LA_D_7383133,15.148491859436035,15.162641525268555,ok
LA_D_7383463,9.630366325378418,9.630290031433105,ok
LA_D_7383599,-11.23710823059082,-11.238184928894043,ok
LA_D_7385274,-15.259527206420898,-15.288098335266113,ok
LA_D_7385727,11.295809745788574,11.295331001281738,ok
LA_D_7386222,11.275434494018555,11.278159141540527,ok
LA_D_7388625,10.3218994140625,10.324210166931152,ok
LA_D_7388723,12.57025146484375,12.568333625793457,ok
LA_D_7389015,13.312992095947266,13.312369346618652,ok
LA_D_7390522,14.654921531677246,14.661758422851562,ok
LA_D_7391591,-14.396602630615234,-14.405702590942383,ok
LA_D_7392383,16.58391761779785,16.61617088317871,ok
LA_D_7393779,15.849326133728027,15.859792709350586,ok
LA_D_7394528,14.877835273742676,14.885581016540527,ok
LA_D_7394757,-8.484715461730957,-8.486760139465332,ok
LA_D_7394778,15.061808586120605,15.074077606201172,ok
LA_D_7395153,21.30322265625,21.33791160583496,ok
LA_D_7395983,13.1831693649292,13.183130264282227,ok
LA_D_7398116,11.876330375671387,11.884787559509277,ok
LA_D_7398349,13.340351104736328,13.352276802062988,ok
LA_D_7398714,12.935568809509277,12.94011402130127,ok
LA_D_7399269,11.355497360229492,11.377860069274902,ok
LA_D_7399969,15.438111305236816,15.44092845916748,ok
LA_D_7400680,-14.47685432434082,-14.483585357666016,ok
LA_D_7401877,12.055800437927246,12.058552742004395,ok
LA_D_7401894,15.599516868591309,15.613337516784668,ok
LA_D_7401919,11.683014869689941,11.683491706848145,ok
LA_D_7402503,7.9524126052856445,7.95454740524292,ok
LA_D_7403376,14.901474952697754,14.91711711883545,ok
LA_D_7404557,14.450360298156738,14.465543746948242,ok
LA_D_7404738,15.473733901977539,15.482317924499512,ok
LA_D_7406865,11.196531295776367,11.1981782913208,ok
LA_D_7407432,-2.9763073921203613,-2.9802398681640625,ok
LA_D_7408100,-10.150928497314453,-10.157113075256348,ok
LA_D_7408392,10.12264347076416,10.123443603515625,ok
LA_D_7409252,17.506675720214844,17.519914627075195,ok
LA_D_7410620,12.454641342163086,12.461466789245605,ok
LA_D_7410931,13.8175687789917,13.843657493591309,ok
LA_D_7411008,11.062826156616211,11.062499046325684,ok
LA_D_7411256,14.894405364990234,14.945391654968262,ok
LA_D_7412100,12.041182518005371,12.054558753967285,ok
LA_D_7414510,15.887245178222656,15.887764930725098,ok
LA_D_7415426,18.742109298706055,18.750675201416016,ok
LA_D_7415755,16.542034149169922,16.561756134033203,ok
LA_D_7415932,13.218074798583984,13.240620613098145,ok
LA_D_7418362,16.364479064941406,16.37023162841797,ok
LA_D_7418963,13.538810729980469,13.539770126342773,ok
LA_D_7419811,7.686452388763428,7.686455726623535,ok
LA_D_7420352,12.545117378234863,12.56912612915039,ok
LA_D_7420382,9.397518157958984,9.402104377746582,ok
LA_D_7421260,17.94313621520996,17.96954917907715,ok
LA_D_7421536,16.033994674682617,16.057769775390625,ok
LA_D_7421940,13.349623680114746,13.351408958435059,ok
LA_D_7421972,15.489557266235352,15.511897087097168,ok
LA_D_7422802,14.696554183959961,14.758330345153809,ok
LA_D_7423342,-14.100980758666992,-14.109236717224121,ok
LA_D_7424751,14.776595115661621,14.778657913208008,ok
LA_D_7425009,12.753523826599121,12.755439758300781,ok
LA_D_7425122,17.412717819213867,17.44234275817871,ok
LA_D_7427303,16.297006607055664,16.30079460144043,ok
LA_D_7428513,-13.870771408081055,-13.888425827026367,ok
LA_D_7428865,16.533538818359375,16.553789138793945,ok
LA_D_7429028,20.895320892333984,20.8991641998291,ok
LA_D_7430270,13.464550971984863,13.472643852233887,ok
LA_D_7430660,11.297263145446777,11.296784400939941,ok
LA_D_7430939,14.350878715515137,14.383292198181152,ok
LA_D_7431648,15.501434326171875,15.500466346740723,ok
LA_D_7431998,15.202757835388184,15.204071044921875,ok
LA_D_7433900,15.389617919921875,15.394030570983887,ok
LA_D_7434265,12.745203971862793,12.757802963256836,ok
LA_D_7435327,14.48870849609375,14.494690895080566,ok
LA_D_7436720,14.035497665405273,14.055436134338379,ok
LA_D_7438016,9.159310340881348,9.158185958862305,ok
LA_D_7439452,13.336579322814941,13.349593162536621,ok
LA_D_7440074,15.043022155761719,15.045353889465332,ok
LA_D_7440389,14.05276870727539,14.06469440460205,ok
LA_D_7442253,15.978043556213379,15.99518871307373,ok
LA_D_7442269,9.525495529174805,9.525519371032715,ok
LA_D_7444518,14.519831657409668,14.546156883239746,ok
LA_D_7445146,15.36187744140625,15.383804321289062,ok
LA_D_7445946,23.89016342163086,23.92849349975586,ok
LA_D_7446128,15.316634178161621,15.332101821899414,ok
LA_D_7447795,13.759345054626465,13.759429931640625,ok
LA_D_7448493,9.818991661071777,9.821200370788574,ok
LA_D_7448540,10.058716773986816,10.077363014221191,ok
LA_D_7449021,16.52912139892578,16.539613723754883,ok
LA_D_7449236,-13.944376945495605,-13.944844245910645,ok
LA_D_7450739,-14.48427963256836,-14.49203872680664,ok
LA_D_7451179,10.49537181854248,10.5054292678833,ok
LA_D_7451276,-12.432132720947266,-12.443913459777832,ok
LA_D_7451358,12.75495719909668,12.781508445739746,ok
LA_D_7451364,-9.379257202148438,-9.38722038269043,ok
LA_D_7452217,17.668542861938477,17.69675064086914,ok
LA_D_7453123,16.55784797668457,16.59929084777832,ok
LA_D_7453706,7.512541770935059,7.508686065673828,ok
LA_D_7454687,10.173737525939941,10.184708595275879,ok
LA_D_7455119,-10.111902236938477,-10.147873878479004,ok
LA_D_7456275,15.166108131408691,15.170169830322266,ok
LA_D_7457091,12.695324897766113,12.71609878540039,ok
LA_D_7459319,13.075437545776367,13.11085033416748,ok
LA_D_7460094,14.03797721862793,14.048800468444824,ok
LA_D_7460902,-12.791115760803223,-12.79118537902832,ok
LA_D_7461756,14.901564598083496,14.906733512878418,ok
LA_D_7464280,14.789251327514648,14.800925254821777,ok
LA_D_7464417,14.66073226928711,14.666522026062012,ok
LA_D_7464682,-15.455618858337402,-15.458513259887695,ok
LA_D_7464906,11.281063079833984,11.284451484680176,ok
LA_D_7466640,9.562491416931152,9.56533145904541,ok
LA_D_7466992,18.59156036376953,18.608646392822266,ok
LA_D_7467158,-11.520191192626953,-11.5215482711792,ok
LA_D_7467696,-13.99600601196289,-13.998580932617188,ok
LA_D_7467996,16.64889144897461,16.68419075012207,ok
LA_D_7468306,17.055551528930664,17.06795310974121,ok
LA_D_7468708,15.052491188049316,15.057333946228027,ok
LA_D_7468954,12.660843849182129,12.661206245422363,ok
LA_D_7469397,13.440345764160156,13.452254295349121,ok
LA_D_7470679,12.908270835876465,12.91074275970459,ok
LA_D_7471232,15.355457305908203,15.402909278869629,ok
LA_D_7471560,-14.470490455627441,-14.48728084564209,ok
LA_D_7472227,13.836647987365723,13.840088844299316,ok
LA_D_7473056,20.03074073791504,20.065664291381836,ok
LA_D_7473191,-14.381049156188965,-14.391790390014648,ok
LA_D_7473280,12.584515571594238,12.58518123626709,ok
LA_D_7473607,15.160904884338379,15.161438941955566,ok
LA_D_7473728,12.86991024017334,12.870058059692383,ok
LA_D_7476328,12.698643684387207,12.70169734954834,ok
LA_D_7477006,19.934600830078125,19.946712493896484,ok
LA_D_7478232,8.55712890625,8.557509422302246,ok
LA_D_7479337,11.391971588134766,11.392001152038574,ok
LA_D_7479581,14.337820053100586,14.338767051696777,ok
LA_D_7479660,16.060312271118164,16.06086540222168,ok
LA_D_7480369,5.649477958679199,5.649556636810303,ok
LA_D_7480903,-6.480030536651611,-6.481895923614502,ok
LA_D_7481545,14.053139686584473,14.059406280517578,ok
LA_D_7481774,17.00465202331543,17.01933479309082,ok
LA_D_7481984,12.857423782348633,12.861865043640137,ok
LA_D_7482285,6.947292327880859,6.947684288024902,ok
LA_D_7482753,11.441136360168457,11.44239330291748,ok
LA_D_7484463,22.389801025390625,22.393091201782227,ok
LA_D_7484552,15.44694709777832,15.460943222045898,ok
LA_D_7484636,12.859089851379395,12.860905647277832,ok
LA_D_7484913,15.755809783935547,15.75578498840332,ok
LA_D_7485630,-13.784971237182617,-13.792572975158691,ok
LA_D_7486320,13.459988594055176,13.476601600646973,ok
LA_D_7487831,14.680341720581055,14.700505256652832,ok
LA_D_7489647,14.410482406616211,14.420671463012695,ok
LA_D_7489677,10.808918952941895,10.812027931213379,ok
LA_D_7490527,11.254199981689453,11.259292602539062,ok
LA_D_7491481,16.939699172973633,16.955354690551758,ok
LA_D_7491886,16.0240535736084,16.024900436401367,ok
LA_D_7493620,11.943775177001953,11.95090103149414,ok
LA_D_7493894,6.0549492835998535,6.0548834800720215,ok
LA_D_7496196,-11.180811882019043,-11.185559272766113,ok
LA_D_7496841,8.180520057678223,8.18200397491455,ok
LA_D_7499183,14.097214698791504,14.106650352478027,ok
LA_D_7500473,15.136385917663574,15.146903038024902,ok
LA_D_7501132,14.58895492553711,14.597514152526855,ok
LA_D_7501222,13.96148681640625,13.967534065246582,ok
LA_D_7502624,14.57620620727539,14.581674575805664,ok
LA_D_7503562,14.575211524963379,14.577052116394043,ok
LA_D_7503637,14.279256820678711,14.27940845489502,ok
LA_D_7504069,12.306879043579102,12.310656547546387,ok
LA_D_7504343,10.602560997009277,10.60278034210205,ok
LA_D_7504762,10.965116500854492,10.984968185424805,ok
LA_D_7506025,14.027289390563965,14.052590370178223,ok
LA_D_7506195,19.2745361328125,19.34816551208496,ok
LA_D_7506627,16.629398345947266,16.631006240844727,ok
LA_D_7508544,25.784793853759766,25.810733795166016,ok
LA_D_7509263,14.923999786376953,14.928622245788574,ok
LA_D_7509663,-12.90498161315918,-12.911835670471191,ok
LA_D_7510202,-13.072455406188965,-13.110337257385254,ok
LA_D_7510219,9.129490852355957,9.130963325500488,ok
LA_D_7510776,17.407997131347656,17.41228675842285,ok
LA_D_7510866,18.578819274902344,18.593915939331055,ok
LA_D_7511640,10.607995986938477,10.608840942382812,ok
LA_D_7512294,-10.265663146972656,-10.270905494689941,ok
LA_D_7512399,15.414481163024902,15.452932357788086,ok
LA_D_7516190,14.39216423034668,14.396973609924316,ok
LA_D_7519102,12.84763240814209,12.850359916687012,ok
LA_D_7519937,15.856108665466309,15.860589027404785,ok
LA_D_7519959,13.84524917602539,13.847660064697266,ok
LA_D_7520064,10.328817367553711,10.364624977111816,ok
LA_D_7520400,16.869083404541016,16.884033203125,ok
LA_D_7520496,11.937116622924805,11.94225025177002,ok
LA_D_7521790,14.52686882019043,14.53780746459961,ok
LA_D_7522278,12.779197692871094,12.78571605682373,ok
LA_D_7523717,14.332086563110352,14.332262992858887,ok
LA_D_7524440,14.030076026916504,14.039166450500488,ok
LA_D_7524908,14.568467140197754,14.571585655212402,ok
LA_D_7525010,15.32271671295166,15.326817512512207,ok
LA_D_7525091,16.044660568237305,16.095441818237305,ok
LA_D_7525244,18.376108169555664,18.380815505981445,ok
LA_D_7525926,-12.0465726852417,-12.05739688873291,ok
LA_D_7526293,10.44086742401123,10.44423770904541,ok
LA_D_7526777,9.543512344360352,9.550673484802246,ok
LA_D_7528137,13.939626693725586,13.948492050170898,ok
LA_D_7529258,14.167048454284668,14.253247261047363,ok
LA_D_7529532,16.394973754882812,16.41901206970215,ok
LA_D_7530789,-14.935275077819824,-14.937851905822754,ok
LA_D_7532592,18.103391647338867,18.108606338500977,ok
LA_D_7533258,7.590668201446533,7.58323860168457,ok
LA_D_7533494,17.778108596801758,17.777292251586914,ok
LA_D_7535260,10.047659873962402,10.090481758117676,ok
LA_D_7535853,12.861482620239258,12.864912033081055,ok
LA_D_7536394,8.454977035522461,8.464495658874512,ok
LA_D_7536401,16.01690101623535,16.018619537353516,ok
LA_D_7536830,18.740638732910156,18.777490615844727,ok
LA_D_7537666,15.11746883392334,15.126015663146973,ok
LA_D_7537886,14.614928245544434,14.623692512512207,ok
LA_D_7538760,15.465448379516602,15.466324806213379,ok
LA_D_7540473,13.613530158996582,13.61491584777832,ok
LA_D_7541122,10.872665405273438,10.892521858215332,ok
LA_D_7542569,-13.143853187561035,-13.14509105682373,ok
LA_D_7543704,15.74083137512207,15.743340492248535,ok
LA_D_7543928,12.992124557495117,13.005316734313965,ok
LA_D_7544809,13.301043510437012,13.301946640014648,ok
LA_D_7546312,17.770450592041016,17.785673141479492,ok
LA_D_7546610,12.488113403320312,12.494441032409668,ok
LA_D_7547533,16.580665588378906,16.623056411743164,ok
LA_D_7549839,13.439805030822754,13.43934154510498,ok
LA_D_7550546,-14.30282974243164,-14.31550121307373,ok
LA_D_7550549,9.709024429321289,9.709980964660645,ok
LA_D_7550680,13.115935325622559,13.124436378479004,ok
LA_D_7551227,11.98743724822998,11.9884672164917,ok
LA_D_7551589,10.533100128173828,10.54652214050293,ok
LA_D_7551987,19.293371200561523,19.297903060913086,ok
LA_D_7552298,14.564927101135254,14.569499969482422,ok
LA_D_7552379,12.957012176513672,12.96838092803955,ok
LA_D_7554584,16.01076889038086,16.01422119140625,ok
LA_D_7554684,16.759078979492188,16.761178970336914,ok
LA_D_7555845,14.124480247497559,14.133170127868652,ok
LA_D_7555962,12.873987197875977,12.874463081359863,ok
LA_D_7556397,-12.399568557739258,-12.400187492370605,ok
LA_D_7557700,14.379497528076172,14.382146835327148,ok
LA_D_7558312,16.357221603393555,16.387203216552734,ok
LA_D_7558612,11.106813430786133,11.110507011413574,ok
LA_D_7559932,15.229788780212402,15.233858108520508,ok
LA_D_7560065,5.786968231201172,5.7890944480896,ok
LA_D_7560590,-13.628971099853516,-13.633057594299316,ok
LA_D_7560677,17.13097381591797,17.146631240844727,ok
LA_D_7560734,11.061184883117676,11.0628080368042,ok
LA_D_7562190,-13.134879112243652,-13.14244556427002,ok
LA_D_7562908,13.65315055847168,13.656990051269531,ok
LA_D_7562913,15.422499656677246,15.426008224487305,ok
LA_D_7563022,14.710287094116211,14.728803634643555,ok
LA_D_7563550,16.563142776489258,16.575666427612305,ok
LA_D_7563714,17.324243545532227,17.334232330322266,ok
LA_D_7564052,12.286128997802734,12.296732902526855,ok
LA_D_7564617,16.281700134277344,16.292606353759766,ok
LA_D_7564800,13.999674797058105,14.012142181396484,ok
LA_D_7565415,13.36305046081543,13.36900806427002,ok
LA_D_7566925,-14.642147064208984,-14.667685508728027,ok
LA_D_7567281,11.073336601257324,11.076460838317871,ok
LA_D_7567334,11.381524085998535,11.388994216918945,ok
LA_D_7567821,9.766733169555664,9.768162727355957,ok
LA_D_7568059,8.079575538635254,8.080328941345215,ok
LA_D_7568962,13.135581970214844,13.135998725891113,ok
LA_D_7569481,14.464394569396973,14.464025497436523,ok
LA_D_7570554,-12.99647045135498,-12.996525764465332,ok
LA_D_7570899,-16.166114807128906,-16.1672306060791,ok
LA_D_7571658,11.11963176727295,11.12486743927002,ok
LA_D_7572295,12.401544570922852,12.401905059814453,ok
LA_D_7573124,14.961003303527832,14.96446418762207,ok
LA_D_7573833,14.849556922912598,14.851552963256836,ok
LA_D_7574071,11.4844331741333,11.484801292419434,ok
LA_D_7574255,16.518692016601562,16.540159225463867,ok
LA_D_7575592,12.538891792297363,12.541635513305664,ok
LA_D_7575803,13.760415077209473,13.803945541381836,ok
LA_D_7575877,13.927505493164062,13.931206703186035,ok
LA_D_7576905,14.365127563476562,14.37818431854248,ok
LA_D_7577366,16.795793533325195,16.815370559692383,ok
LA_D_7577850,17.940519332885742,17.968172073364258,ok
LA_D_7579833,12.322992324829102,12.36899471282959,ok
LA_D_7579942,11.049582481384277,11.05019474029541,ok
LA_D_7581183,10.70376968383789,10.706891059875488,ok
LA_D_7584788,15.9275541305542,15.92740535736084,ok
LA_D_7585893,15.409377098083496,15.429858207702637,ok
LA_D_7587942,18.082046508789062,18.104646682739258,ok
LA_D_7588199,15.606773376464844,15.636284828186035,ok
LA_D_7588214,5.236254692077637,5.234852313995361,ok
LA_D_7588829,15.05368709564209,15.09179401397705,ok
LA_D_7588911,16.638383865356445,16.644460678100586,ok
LA_D_7590299,5.8765692710876465,5.874755382537842,ok
LA_D_7591062,12.191417694091797,12.219433784484863,ok
LA_D_7591549,18.549453735351562,18.572145462036133,ok
LA_D_7592898,7.640925884246826,7.647196292877197,ok
LA_D_7594892,-14.125336647033691,-14.127087593078613,ok
LA_D_7595396,20.10478973388672,20.1224308013916,ok
LA_D_7595937,13.204814910888672,13.205537796020508,ok
LA_D_7596547,18.885929107666016,18.89191246032715,ok
LA_D_7596579,-12.32273006439209,-12.330757141113281,ok
LA_D_7596619,-15.022760391235352,-15.035085678100586,ok
LA_D_7597147,13.983569145202637,13.992898941040039,ok
LA_D_7598446,18.092588424682617,18.098350524902344,ok
LA_D_7599548,12.647254943847656,12.657240867614746,ok
LA_D_7599571,17.316425323486328,17.322832107543945,ok
LA_D_7599610,11.204163551330566,11.21336555480957,ok
LA_D_7600381,-9.233452796936035,-9.234208106994629,ok
LA_D_7601827,14.208611488342285,14.218339920043945,ok
LA_D_7603558,15.509516716003418,15.52628231048584,ok
LA_D_7603562,13.244767189025879,13.2471342086792,ok
LA_D_7604548,12.732003211975098,12.760258674621582,ok
LA_D_7604669,12.885974884033203,12.90368366241455,ok
LA_D_7605047,-12.218058586120605,-12.227887153625488,ok
LA_D_7605675,15.136483192443848,15.15463638305664,ok
LA_D_7605953,-12.306203842163086,-12.306214332580566,ok
LA_D_7606081,12.46644401550293,12.470280647277832,ok
LA_D_7606254,14.138150215148926,14.146918296813965,ok
LA_D_7607538,11.839045524597168,11.842925071716309,ok
LA_D_7607582,9.32552433013916,9.32990550994873,ok
LA_D_7608424,14.886561393737793,14.899432182312012,ok
LA_D_7608750,14.47481632232666,14.47516918182373,ok
LA_D_7608776,13.033760070800781,13.040748596191406,ok
LA_D_7611234,16.592864990234375,16.6051082611084,ok
LA_D_7611530,10.113359451293945,10.113143920898438,ok
LA_D_7611990,-14.082027435302734,-14.10478687286377,ok
LA_D_7612992,14.922021865844727,14.94305419921875,ok
LA_D_7613584,14.752605438232422,14.772600173950195,ok
LA_D_7614264,9.837935447692871,9.841826438903809,ok
LA_D_7614468,10.143721580505371,10.144478797912598,ok
LA_D_7614935,12.151498794555664,12.17502212524414,ok
LA_D_7615134,10.268542289733887,10.272604942321777,ok
LA_D_7616056,14.180279731750488,14.184269905090332,ok
LA_D_7616531,12.636280059814453,12.636279106140137,ok
LA_D_7616866,13.59032154083252,13.60405445098877,ok
LA_D_7618520,5.766610145568848,5.767582416534424,ok
LA_D_7618637,-13.523475646972656,-13.56252670288086,ok
LA_D_7618965,11.517587661743164,11.517939567565918,ok
LA_D_7620039,11.51916217803955,11.523026466369629,ok
LA_D_7620311,9.92728328704834,9.927553176879883,ok
LA_D_7621816,11.497553825378418,11.502394676208496,ok
LA_D_7622887,13.988380432128906,14.036303520202637,ok
LA_D_7623214,9.76895809173584,9.769275665283203,ok
LA_D_7623757,16.772790908813477,16.78394889831543,ok
LA_D_7625011,18.27279281616211,18.274839401245117,ok
LA_D_7625238,17.13360023498535,17.137741088867188,ok
LA_D_7626133,19.097557067871094,19.10417366027832,ok
LA_D_7626873,10.436772346496582,10.437980651855469,ok
LA_D_7627638,16.029342651367188,16.03902244567871,ok
LA_D_7627669,12.562335014343262,12.562514305114746,ok
LA_D_7628095,18.388620376586914,18.41292381286621,ok
LA_D_7628615,9.428610801696777,9.446944236755371,ok
LA_D_7628970,15.85554313659668,15.869210243225098,ok
LA_D_7629070,13.158992767333984,13.159621238708496,ok
LA_D_7629200,16.056453704833984,16.067546844482422,ok
LA_D_7630499,13.929874420166016,13.93138599395752,ok
LA_D_7631811,13.065653800964355,13.067195892333984,ok
LA_D_7632057,8.156779289245605,8.162232398986816,ok
LA_D_7632221,15.421154975891113,15.458962440490723,ok
LA_D_7634407,11.617862701416016,11.631470680236816,ok
LA_D_7635520,16.754262924194336,16.77155876159668,ok
LA_D_7635942,11.77245044708252,11.77895450592041,ok
LA_D_7640331,16.510269165039062,16.512468338012695,ok
LA_D_7640908,10.199405670166016,10.20101547241211,ok
LA_D_7640990,-14.295890808105469,-14.310853004455566,ok
LA_D_7641113,14.365809440612793,14.370647430419922,ok
LA_D_7641447,13.821027755737305,13.822915077209473,ok
LA_D_7643557,17.07411766052246,17.082138061523438,ok
LA_D_7643772,14.213379859924316,14.215192794799805,ok
LA_D_7643858,6.255172252655029,6.263679504394531,ok
LA_D_7643950,14.80660629272461,14.810724258422852,ok
LA_D_7644072,14.060720443725586,14.067313194274902,ok
LA_D_7644378,14.906352996826172,14.911587715148926,ok
LA_D_7645542,14.23002815246582,14.240119934082031,ok
LA_D_7647218,16.40544891357422,16.442663192749023,ok
LA_D_7647812,-15.565327644348145,-15.571586608886719,ok
LA_D_7647841,16.342449188232422,16.34673500061035,ok
LA_D_7647923,16.93526840209961,16.937898635864258,ok
LA_D_7650371,14.609716415405273,14.701491355895996,ok
LA_D_7651024,16.351640701293945,16.353771209716797,ok
LA_D_7651671,-10.693648338317871,-10.697501182556152,ok
LA_D_7652023,13.10181713104248,13.126997947692871,ok
LA_D_7655235,17.85684585571289,17.858640670776367,ok
LA_D_7655266,10.141502380371094,10.140862464904785,ok
LA_D_7655279,13.002033233642578,13.007157325744629,ok
LA_D_7655377,13.792308807373047,13.7930269241333,ok
LA_D_7655527,14.920635223388672,14.920641899108887,ok
LA_D_7656709,9.818739891052246,9.819158554077148,ok
LA_D_7656827,16.288837432861328,16.34316062927246,ok
LA_D_7657304,16.661903381347656,16.667951583862305,ok
LA_D_7659039,18.449806213378906,18.462087631225586,ok
LA_D_7659121,18.015758514404297,18.019006729125977,ok
LA_D_7660152,18.898351669311523,18.918426513671875,ok
LA_D_7660511,18.011699676513672,18.018613815307617,ok
LA_D_7660720,9.75816822052002,9.75844669342041,ok
LA_D_7661091,12.942580223083496,12.946473121643066,ok
LA_D_7661298,13.916481971740723,13.923274993896484,ok
LA_D_7661318,10.65233325958252,10.656412124633789,ok
LA_D_7661904,14.60675048828125,14.613448143005371,ok
LA_D_7662648,15.658233642578125,15.662094116210938,ok
LA_D_7663034,17.957366943359375,18.005687713623047,ok
LA_D_7663086,10.8837251663208,10.882840156555176,ok
LA_D_7663996,9.325544357299805,9.328100204467773,ok
LA_D_7664409,15.756026268005371,15.769083023071289,ok
LA_D_7664602,13.53654956817627,13.545982360839844,ok
LA_D_7664721,11.820060729980469,11.848333358764648,ok
LA_D_7664865,16.357328414916992,16.44148826599121,ok
LA_D_7665160,15.757745742797852,15.761597633361816,ok
LA_D_7666735,17.902568817138672,17.922149658203125,ok
LA_D_7667125,16.941484451293945,16.94230079650879,ok
LA_D_7667637,13.689550399780273,13.700860023498535,ok
LA_D_7668402,11.781065940856934,11.808480262756348,ok
LA_D_7669397,15.025955200195312,15.030327796936035,ok
LA_D_7670870,12.837512969970703,12.851134300231934,ok
LA_D_7672778,9.93781852722168,9.956232070922852,ok
LA_D_7673323,7.240600109100342,7.245119571685791,ok
LA_D_7674419,13.748640060424805,13.818734169006348,ok
LA_D_7674620,19.441993713378906,19.44224739074707,ok
LA_D_7675126,13.467331886291504,13.47056770324707,ok
LA_D_7677736,14.094051361083984,14.109519004821777,ok
LA_D_7678069,16.37778091430664,16.385663986206055,ok
LA_D_7678162,18.26053810119629,18.28118896484375,ok
LA_D_7679169,-13.395282745361328,-13.398457527160645,ok
LA_D_7679219,19.49503517150879,19.49532699584961,ok
LA_D_7679395,15.781722068786621,15.781363487243652,ok
LA_D_7679781,14.777379035949707,14.777424812316895,ok
LA_D_7680436,10.332948684692383,10.333998680114746,ok
LA_D_7680881,18.371047973632812,18.381601333618164,ok
LA_D_7681644,15.101306915283203,15.098322868347168,ok
LA_D_7681851,15.354924201965332,15.38417911529541,ok
LA_D_7682953,-13.52786636352539,-13.546772956848145,ok
LA_D_7683536,17.941692352294922,17.977680206298828,ok
LA_D_7684667,15.170005798339844,15.192334175109863,ok
LA_D_7684971,16.6236515045166,16.65929412841797,ok
LA_D_7685864,14.870615005493164,14.869518280029297,ok
LA_D_7687575,17.616209030151367,17.64154624938965,ok
LA_D_7688135,16.021757125854492,16.056785583496094,ok
LA_D_7689936,17.112642288208008,17.145784378051758,ok
LA_D_7690544,11.328460693359375,11.334117889404297,ok
LA_D_7690918,12.475285530090332,12.485121726989746,ok
LA_D_7691716,12.471574783325195,12.507412910461426,ok
LA_D_7692183,10.93881893157959,10.944724082946777,ok
LA_D_7693345,16.97776985168457,16.996248245239258,ok
LA_D_7693912,7.911647796630859,7.909179210662842,ok
LA_D_7694154,16.78468132019043,16.78993797302246,ok
LA_D_7694213,18.63182258605957,18.667192459106445,ok
LA_D_7697515,13.265122413635254,13.28459358215332,ok
LA_D_7698637,16.352251052856445,16.360475540161133,ok
LA_D_7702151,14.113566398620605,14.113694190979004,ok
LA_D_7702883,14.345402717590332,14.346795082092285,ok
LA_D_7703631,16.539081573486328,16.554288864135742,ok
LA_D_7704331,12.059247016906738,12.059698104858398,ok
LA_D_7704814,15.555142402648926,15.578782081604004,ok
LA_D_7704954,-14.9932861328125,-14.999390602111816,ok
LA_D_7705939,14.569982528686523,14.585282325744629,ok
LA_D_7705946,13.022507667541504,13.034550666809082,ok
LA_D_7707569,14.512436866760254,14.514719009399414,ok
LA_D_7707754,-12.607109069824219,-12.61281681060791,ok
LA_D_7708338,16.164899826049805,16.182836532592773,ok
LA_D_7711223,16.86395263671875,16.901214599609375,ok
LA_D_7711351,9.039345741271973,9.051538467407227,ok
LA_D_7711976,7.777162551879883,7.778136253356934,ok
LA_D_7712763,14.435931205749512,14.44530963897705,ok
LA_D_7712887,16.954689025878906,17.093767166137695,ok
LA_D_7712944,11.6715669631958,11.674936294555664,ok
LA_D_7714440,16.168310165405273,16.197132110595703,ok
LA_D_7717790,13.104521751403809,13.103628158569336,ok
LA_D_7718050,-13.242377281188965,-13.243725776672363,ok
LA_D_7718079,-12.428078651428223,-12.439742088317871,ok
LA_D_7718364,-11.466781616210938,-11.467270851135254,ok
LA_D_7719213,13.528846740722656,13.569785118103027,ok
LA_D_7720126,-14.396449089050293,-14.426712036132812,ok
LA_D_7720647,15.036741256713867,15.068253517150879,ok
LA_D_7721121,13.63665771484375,13.637794494628906,ok
LA_D_7721167,13.684112548828125,13.701373100280762,ok
LA_D_7723211,16.01944351196289,16.023080825805664,ok
LA_D_7723352,15.533858299255371,15.533719062805176,ok
LA_D_7724545,12.900105476379395,12.900641441345215,ok
LA_D_7724772,-12.874298095703125,-12.877144813537598,ok
LA_D_7725114,13.294061660766602,13.305248260498047,ok
LA_D_7726114,-10.860638618469238,-10.866406440734863,ok
LA_D_7728140,12.804028511047363,12.80420207977295,ok
LA_D_7731461,21.306121826171875,21.314037322998047,ok
LA_D_7731909,-15.143369674682617,-15.15539264678955,ok
LA_D_7733072,17.08490562438965,17.082679748535156,ok
LA_D_7733474,12.660843849182129,12.68631649017334,ok
LA_D_7734402,11.133631706237793,11.133437156677246,ok
LA_D_7734687,16.2286319732666,16.396879196166992,ok
LA_D_7735219,13.502440452575684,13.57254695892334,ok
LA_D_7735847,13.76328182220459,13.793061256408691,ok
LA_D_7736037,15.349710464477539,15.375298500061035,ok
LA_D_7736331,14.63207721710205,14.661513328552246,ok
LA_D_7736435,15.913134574890137,15.917255401611328,ok
LA_D_7736497,13.505989074707031,13.515474319458008,ok
LA_D_7736692,17.125890731811523,17.140989303588867,ok
LA_D_7738175,10.108489036560059,10.116695404052734,ok
LA_D_7738182,10.142901420593262,10.154789924621582,ok
LA_D_7738912,14.72680950164795,14.739439010620117,ok
LA_D_7739036,10.795307159423828,10.796125411987305,ok
LA_D_7740163,13.793330192565918,13.811273574829102,ok
LA_D_7740262,18.963754653930664,18.977436065673828,ok
LA_D_7741491,16.170265197753906,16.178247451782227,ok
LA_D_7742306,14.830780982971191,14.837010383605957,ok
LA_D_7742793,12.332860946655273,12.374136924743652,ok
LA_D_7743189,8.764122009277344,8.766556739807129,ok
LA_D_7743470,13.195133209228516,13.225936889648438,ok
LA_D_7744376,12.887847900390625,12.890213966369629,ok
LA_D_7745862,13.544194221496582,13.551016807556152,ok
LA_D_7747702,9.985835075378418,9.987424850463867,ok
LA_D_7748160,22.36129379272461,22.366483688354492,ok
LA_D_7748254,13.963410377502441,13.975558280944824,ok
LA_D_7748381,26.41380500793457,26.425203323364258,ok
LA_D_7748502,10.253236770629883,10.257916450500488,ok
LA_D_7748664,14.95765495300293,14.968256950378418,ok
LA_D_7750101,12.128931045532227,12.143880844116211,ok
LA_D_7750113,14.369933128356934,14.374307632446289,ok
LA_D_7750829,15.679755210876465,15.687503814697266,ok
LA_D_7752556,9.654271125793457,9.658001899719238,ok
LA_D_7753521,-14.183293342590332,-14.211491584777832,ok
LA_D_7753669,10.807896614074707,10.808045387268066,ok
LA_D_7754957,10.945535659790039,10.945788383483887,ok
LA_D_7755104,17.810436248779297,17.811494827270508,ok
LA_D_7756238,14.55039119720459,14.552790641784668,ok
LA_D_7757055,10.228992462158203,10.230021476745605,ok
LA_D_7757173,13.545393943786621,13.572782516479492,ok
LA_D_7759688,13.519999504089355,13.521965026855469,ok
LA_D_7760363,11.75519847869873,11.755101203918457,ok
LA_D_7760476,14.409148216247559,14.412371635437012,ok
LA_D_7760578,-14.61231517791748,-14.63283920288086,ok
LA_D_7760924,9.545018196105957,9.54727554321289,ok
LA_D_7761946,16.22081184387207,16.23818016052246,ok
LA_D_7763323,13.220843315124512,13.219231605529785,ok
LA_D_7763354,12.111016273498535,12.111786842346191,ok
LA_D_7763874,9.558019638061523,9.563508033752441,ok
LA_D_7764203,9.890933990478516,9.915974617004395,ok
LA_D_7764747,12.478195190429688,12.499045372009277,ok
LA_D_7765088,-15.829062461853027,-15.835871696472168,ok
LA_D_7765457,14.608263969421387,14.616270065307617,ok
LA_D_7766550,12.788652420043945,12.790860176086426,ok
LA_D_7766576,15.197602272033691,15.210055351257324,ok
LA_D_7768185,3.851327419281006,3.8509786128997803,ok
LA_D_7768286,13.962526321411133,13.998710632324219,ok
LA_D_7769275,11.163627624511719,11.167552947998047,ok
LA_D_7769896,14.479723930358887,14.480692863464355,ok
LA_D_7770558,13.2735013961792,13.28134822845459,ok
LA_D_7771073,17.2515811920166,17.318761825561523,ok
LA_D_7771621,15.028069496154785,15.044751167297363,ok
LA_D_7772478,9.943134307861328,9.9612398147583,ok
LA_D_7772523,17.16278076171875,17.178525924682617,ok
LA_D_7772989,18.553789138793945,18.57612419128418,ok
LA_D_7773434,8.502233505249023,8.509642601013184,ok
LA_D_7773540,16.45455551147461,16.456798553466797,ok
LA_D_7773583,19.844459533691406,19.85230827331543,ok
LA_D_7773769,14.663646697998047,14.667852401733398,ok
LA_D_7774259,15.145576477050781,15.158581733703613,ok
LA_D_7774318,14.07260513305664,14.07115364074707,ok
LA_D_7774346,12.803275108337402,12.836058616638184,ok
LA_D_7775067,14.446990013122559,14.45616340637207,ok
LA_D_7775116,13.066852569580078,13.085556030273438,ok
LA_D_7775830,15.713539123535156,15.718202590942383,ok
LA_D_7775873,14.97258472442627,15.004755973815918,ok
LA_D_7780225,12.766922950744629,12.768450736999512,ok
LA_D_7783081,11.222908973693848,11.22484302520752,ok
LA_D_7783250,-14.421008110046387,-14.42307186126709,ok
LA_D_7783288,-11.709214210510254,-11.737946510314941,ok
LA_D_7783712,-15.097716331481934,-15.127878189086914,ok
LA_D_7784081,15.724969863891602,15.729206085205078,ok
LA_D_7784356,14.86561107635498,14.891509056091309,ok
LA_D_7784995,19.443227767944336,19.465970993041992,ok
LA_D_7785816,18.9962100982666,19.050031661987305,ok
LA_D_7786100,15.709074020385742,15.710246086120605,ok
LA_D_7789202,12.993538856506348,13.03077220916748,ok
LA_D_7789272,5.44669771194458,5.4496636390686035,ok
LA_D_7789532,14.641971588134766,14.654160499572754,ok
LA_D_7790850,-16.258319854736328,-16.276052474975586,ok
LA_D_7792362,10.861350059509277,10.874608039855957,ok
LA_D_7792652,14.01115608215332,14.012993812561035,ok
LA_D_7792788,12.154884338378906,12.155316352844238,ok
LA_D_7793474,17.39396095275879,17.4157772064209,ok
LA_D_7793940,15.005071640014648,15.008086204528809,ok
LA_D_7794367,12.34302043914795,12.35346508026123,ok
LA_D_7794776,13.945877075195312,13.969630241394043,ok
LA_D_7795388,13.405253410339355,13.413549423217773,ok
LA_D_7795831,12.636909484863281,12.663022994995117,ok
LA_D_7796753,-15.345617294311523,-15.350762367248535,ok
LA_D_7796964,13.885540962219238,13.88562297821045,ok
LA_D_7798691,14.722175598144531,14.724017143249512,ok
LA_D_7799234,14.850281715393066,14.86746883392334,ok
LA_D_7800026,8.886171340942383,8.887149810791016,ok
LA_D_7800270,16.21803092956543,16.24065589904785,ok
LA_D_7801572,4.091497421264648,4.0973687171936035,ok
LA_D_7803058,19.089588165283203,19.09004783630371,ok
LA_D_7803358,14.739245414733887,14.73918342590332,ok
LA_D_7803428,14.065423965454102,14.067212104797363,ok
LA_D_7803538,13.790535926818848,13.830784797668457,ok
LA_D_7804582,15.971088409423828,15.971091270446777,ok
LA_D_7804785,14.865283012390137,14.873610496520996,ok
LA_D_7805571,7.55063533782959,7.552186965942383,ok
LA_D_7806158,12.727044105529785,12.731104850769043,ok
LA_D_7806943,13.975317001342773,14.000887870788574,ok
LA_D_7808217,16.899507522583008,16.921998977661133,ok
LA_D_7809381,13.269831657409668,13.277925491333008,ok
LA_D_7810138,11.322416305541992,11.32313060760498,ok
LA_D_7810535,11.594568252563477,11.616495132446289,ok
LA_D_7812846,15.669677734375,15.687755584716797,ok
LA_D_7813172,12.139062881469727,12.158156394958496,ok
LA_D_7813228,-10.529215812683105,-10.52993106842041,ok
LA_D_7813614,23.223661422729492,23.28251838684082,ok
LA_D_7815618,14.997233390808105,15.008340835571289,ok
LA_D_7821144,17.860580444335938,17.898536682128906,ok
LA_D_7821302,14.161660194396973,14.16242790222168,ok
LA_D_7822260,-14.958016395568848,-14.973870277404785,ok
LA_D_7822867,11.915328979492188,11.917439460754395,ok
LA_D_7823248,11.745969772338867,11.745902061462402,ok
LA_D_7823985,18.45620346069336,18.463668823242188,ok
LA_D_7824275,11.378551483154297,11.3803129196167,ok
LA_D_7824549,14.144917488098145,14.148622512817383,ok
LA_D_7824709,10.361495971679688,10.367562294006348,ok
LA_D_7825070,16.931137084960938,16.930660247802734,ok
LA_D_7826604,16.16815185546875,16.17679786682129,ok
LA_D_7827911,11.954702377319336,11.964186668395996,ok
LA_D_7828554,16.159677505493164,16.16901206970215,ok
LA_D_7828929,15.602276802062988,15.619002342224121,ok
LA_D_7829453,15.086041450500488,15.096278190612793,ok
LA_D_7831531,13.375518798828125,13.380037307739258,ok
LA_D_7832705,17.62946319580078,17.65428924560547,ok
LA_D_7833173,10.893170356750488,10.916903495788574,ok
LA_D_7833826,21.25493812561035,21.26620864868164,ok
LA_D_7834333,11.258042335510254,11.266865730285645,ok
LA_D_7834454,15.435218811035156,15.493420600891113,ok
LA_D_7836235,14.028580665588379,14.024778366088867,ok
LA_D_7836755,11.124890327453613,11.144381523132324,ok
LA_D_7836916,-4.470717906951904,-4.4738450050354,ok
LA_D_7836942,17.10212516784668,17.126209259033203,ok
LA_D_7837262,18.31275749206543,18.325471878051758,ok
LA_D_7839744,18.327251434326172,18.335378646850586,ok
LA_D_7840753,13.869888305664062,13.86989688873291,ok
LA_D_7841911,-16.428691864013672,-16.438838958740234,ok
LA_D_7843372,16.739639282226562,16.754131317138672,ok
LA_D_7843877,10.609816551208496,10.61544418334961,ok
LA_D_7845355,14.06588363647461,14.161069869995117,ok
LA_D_7845923,15.319931030273438,15.324262619018555,ok
LA_D_7847128,17.48305892944336,17.51776695251465,ok
LA_D_7852940,13.861318588256836,13.88448429107666,ok
LA_D_7853660,18.959253311157227,18.959962844848633,ok
LA_D_7853908,12.128863334655762,12.128729820251465,ok
LA_D_7855371,11.847496032714844,11.848467826843262,ok
LA_D_7856417,13.974817276000977,13.976840019226074,ok
LA_D_7858202,10.649553298950195,10.663286209106445,ok
LA_D_7858791,12.962549209594727,12.979565620422363,ok
LA_D_7860380,2.984351873397827,2.9925434589385986,ok
LA_D_7861602,17.153358459472656,17.173952102661133,ok
LA_D_7862876,17.573694229125977,17.58485221862793,ok
LA_D_7863446,11.118592262268066,11.117596626281738,ok
LA_D_7863940,11.108338356018066,11.110767364501953,ok
LA_D_7864167,17.106470108032227,17.13201904296875,ok
LA_D_7865378,12.163593292236328,12.175995826721191,ok
LA_D_7866293,16.119298934936523,16.12358856201172,ok
LA_D_7866849,-6.164506912231445,-6.1887383460998535,ok
LA_D_7870160,-15.417120933532715,-15.434017181396484,ok
LA_D_7870262,18.298105239868164,18.307308197021484,ok
LA_D_7870469,17.847816467285156,17.846948623657227,ok
LA_D_7871009,-15.6920804977417,-15.704010963439941,ok
LA_D_7871600,9.47471809387207,9.482067108154297,ok
LA_D_7872579,14.587674140930176,14.58834171295166,ok
LA_D_7874275,-13.109030723571777,-13.122905731201172,ok
LA_D_7874436,14.414973258972168,14.436259269714355,ok
LA_D_7877117,14.937948226928711,14.93903636932373,ok
LA_D_7878130,14.928380012512207,14.938316345214844,ok
LA_D_7878150,8.752949714660645,8.755356788635254,ok
LA_D_7879955,-11.750409126281738,-11.756088256835938,ok
LA_D_7880514,15.12466812133789,15.128787994384766,ok
LA_D_7880553,10.824665069580078,10.826319694519043,ok
LA_D_7882779,12.497058868408203,12.519038200378418,ok
LA_D_7882957,14.276683807373047,14.27673625946045,ok
LA_D_7883377,-11.033095359802246,-11.037928581237793,ok
LA_D_7883460,14.563013076782227,14.577988624572754,ok
LA_D_7884675,15.50173568725586,15.510218620300293,ok
LA_D_7887063,17.962890625,17.964521408081055,ok
LA_D_7887508,16.63587188720703,16.644166946411133,ok
LA_D_7888661,9.01883602142334,9.019574165344238,ok
LA_D_7890490,8.45278263092041,8.468528747558594,ok
LA_D_7891516,20.382659912109375,20.386428833007812,ok
LA_D_7891639,15.565971374511719,15.591660499572754,ok
LA_D_7891889,16.705490112304688,16.72279167175293,ok
LA_D_7892017,12.497323989868164,12.504094123840332,ok
LA_D_7893531,12.24679183959961,12.247541427612305,ok
LA_D_7893603,9.894033432006836,9.897833824157715,ok
LA_D_7894097,13.685389518737793,13.68836498260498,ok
LA_D_7895930,20.342668533325195,20.444530487060547,ok
LA_D_7895951,11.836162567138672,11.83631420135498,ok
LA_D_7896930,14.983633995056152,15.019474983215332,ok
LA_D_7898281,17.15576171875,17.173311233520508,ok
LA_D_7900629,14.90146541595459,14.924077987670898,ok
LA_D_7901021,-16.40566635131836,-16.410985946655273,ok
LA_D_7901168,13.636452674865723,13.72236442565918,ok
LA_D_7901390,12.621129035949707,12.622184753417969,ok
LA_D_7901552,13.835787773132324,13.840760231018066,ok
LA_D_7901691,14.049010276794434,14.066073417663574,ok
LA_D_7903297,14.6831636428833,14.682233810424805,ok
LA_D_7903763,17.630788803100586,17.72062110900879,ok
LA_D_7904161,15.131484985351562,15.139801979064941,ok
LA_D_7904343,14.695979118347168,14.701431274414062,ok
LA_D_7905314,12.785408973693848,12.789813995361328,ok
LA_D_7905993,12.816040992736816,12.822243690490723,ok
LA_D_7906477,12.709163665771484,12.724696159362793,ok
LA_D_7906665,12.934983253479004,12.94899845123291,ok
LA_D_7906750,15.694928169250488,15.698196411132812,ok
LA_D_7907328,14.65217113494873,14.66669750213623,ok
LA_D_7907493,11.955239295959473,11.992186546325684,ok
LA_D_7907871,14.984891891479492,14.997611045837402,ok
LA_D_7909240,15.036747932434082,15.079729080200195,ok
LA_D_7910632,17.710939407348633,17.718963623046875,ok
LA_D_7912035,15.649680137634277,15.708053588867188,ok
LA_D_7912198,14.178479194641113,14.216228485107422,ok
LA_D_7912208,12.491616249084473,12.500597953796387,ok
LA_D_7915757,16.36620330810547,16.4443302154541,ok
LA_D_7916323,9.863665580749512,9.887063980102539,ok
LA_D_7918457,16.12554168701172,16.20983123779297,ok
LA_D_7918811,15.226700782775879,15.235219955444336,ok
LA_D_7919147,13.206953048706055,13.213852882385254,ok
LA_D_7919190,-13.492112159729004,-13.502272605895996,ok
LA_D_7920014,10.974444389343262,10.995392799377441,ok
LA_D_7920083,17.1210994720459,17.15130043029785,ok
LA_D_7920196,5.268013000488281,5.271941184997559,ok
LA_D_7922506,11.660299301147461,11.667107582092285,ok
LA_D_7922604,17.38888168334961,17.40217399597168,ok
LA_D_7922711,12.497546195983887,12.497403144836426,ok
LA_D_7925481,16.17030906677246,16.174692153930664,ok
LA_D_7927430,15.503625869750977,15.520371437072754,ok
LA_D_7928225,7.207463264465332,7.209540843963623,ok
LA_D_7930498,13.973367691040039,13.984001159667969,ok
LA_D_7931400,17.5173397064209,17.535669326782227,ok
LA_D_7931644,12.077919006347656,12.078240394592285,ok
LA_D_7932133,12.19157600402832,12.195969581604004,ok
LA_D_7932134,17.17860221862793,17.364717483520508,ok
LA_D_7932767,14.542529106140137,14.576106071472168,ok
LA_D_7933136,14.574301719665527,14.581559181213379,ok
LA_D_7933208,-13.95544719696045,-13.95949935913086,ok
LA_D_7934417,13.897994995117188,13.904175758361816,ok
LA_D_7936437,11.779419898986816,11.779669761657715,ok
LA_D_7937424,14.92786979675293,14.942778587341309,ok
LA_D_7937903,18.72161865234375,18.723024368286133,ok
LA_D_7938162,10.892814636230469,10.896331787109375,ok
LA_D_7939810,16.219806671142578,16.224882125854492,ok
LA_D_7940727,8.404586791992188,8.408355712890625,ok
LA_D_7941843,18.000810623168945,18.07050132751465,ok
LA_D_7942115,13.3997163772583,13.411396980285645,ok
LA_D_7944594,16.646852493286133,16.662599563598633,ok
LA_D_7944625,-8.540461540222168,-8.562819480895996,ok
LA_D_7945750,15.869803428649902,15.920329093933105,ok
LA_D_7946330,16.825258255004883,16.854215621948242,ok
LA_D_7947630,12.672348976135254,12.686086654663086,ok
LA_D_7948287,17.770301818847656,17.789819717407227,ok
LA_D_7949260,11.51406192779541,11.519792556762695,ok
LA_D_7950517,12.295843124389648,12.3071870803833,ok
LA_D_7952081,17.694133758544922,17.705472946166992,ok
LA_D_7953159,13.337785720825195,13.353468894958496,ok
LA_D_7953344,15.983664512634277,15.990340232849121,ok
LA_D_7953471,12.520183563232422,12.529446601867676,ok
LA_D_7954147,9.12419319152832,9.123015403747559,ok
LA_D_7954380,18.294546127319336,18.31495475769043,ok
LA_D_7955580,13.890419960021973,13.896750450134277,ok
LA_D_7957109,11.382554054260254,11.395761489868164,ok
LA_D_7957211,-12.164385795593262,-12.183287620544434,ok
LA_D_7957664,9.769723892211914,9.778254508972168,ok
LA_D_7958457,12.07213306427002,12.074167251586914,ok
LA_D_7958461,7.2591118812561035,7.268183708190918,ok
LA_D_7959836,12.406842231750488,12.41418743133545,ok
LA_D_7960499,7.893063545227051,7.897453308105469,ok
LA_D_7961471,11.973468780517578,11.974814414978027,ok
LA_D_7962163,16.004302978515625,16.015283584594727,ok
LA_D_7963921,18.911149978637695,18.945262908935547,ok
LA_D_7964973,14.663710594177246,14.696321487426758,ok
LA_D_7965379,7.418711185455322,7.4214887619018555,ok
LA_D_7965716,14.584992408752441,14.58864974975586,ok
LA_D_7967827,9.706972122192383,9.709447860717773,ok
LA_D_7969154,17.935665130615234,17.975858688354492,ok
LA_D_7969869,18.01070785522461,18.02524757385254,ok
LA_D_7970013,14.334925651550293,14.357878684997559,ok
LA_D_7970494,9.31298828125,9.322054862976074,ok
LA_D_7970984,19.24717140197754,19.319185256958008,ok
LA_D_7971494,15.01943588256836,15.040128707885742,ok
LA_D_7972028,18.08953857421875,18.094980239868164,ok
LA_D_7972252,14.274431228637695,14.28557300567627,ok
LA_D_7972724,-14.269360542297363,-14.278251647949219,ok
LA_D_7973047,12.221075057983398,12.251749992370605,ok
LA_D_7973088,10.894201278686523,10.90363597869873,ok
LA_D_7973788,14.089154243469238,14.100682258605957,ok
LA_D_7974481,11.693195343017578,11.69432544708252,ok
LA_D_7974536,-14.716269493103027,-14.731114387512207,ok
LA_D_7974697,11.600911140441895,11.606793403625488,ok
LA_D_7975085,14.715411186218262,14.747342109680176,ok
LA_D_7977077,14.965106010437012,14.970050811767578,ok
LA_D_7977320,14.85877799987793,14.874772071838379,ok
LA_D_7978065,7.019691467285156,7.019929885864258,ok
LA_D_7979163,12.225543975830078,12.22783374786377,ok
LA_D_7979281,19.59766387939453,19.600431442260742,ok
LA_D_7979297,15.325919151306152,15.347525596618652,ok
LA_D_7979905,13.438304901123047,13.438812255859375,ok
LA_D_7980033,15.055170059204102,15.069436073303223,ok
LA_D_7981282,14.88352108001709,14.951533317565918,ok
LA_D_7982514,-14.356245040893555,-14.36180591583252,ok
LA_D_7984251,16.011341094970703,16.010456085205078,ok
LA_D_7984768,15.376436233520508,15.385287284851074,ok
LA_D_7984933,14.8709716796875,14.881267547607422,ok
LA_D_7985250,13.562809944152832,13.5943021774292,ok
LA_D_7985410,8.908919334411621,8.911232948303223,ok
LA_D_7986044,16.18402862548828,16.19028663635254,ok
LA_D_7986305,16.694194793701172,16.703948974609375,ok
LA_D_7988938,16.565237045288086,16.602998733520508,ok
LA_D_7989171,10.997147560119629,11.001448631286621,ok
LA_D_7989607,-12.234968185424805,-12.236332893371582,ok
LA_D_7989855,23.18754005432129,23.290586471557617,ok
LA_D_7990145,13.304366111755371,13.343811988830566,ok
LA_D_7990767,7.447502136230469,7.465904712677002,ok
LA_D_7991093,14.099260330200195,14.109721183776855,ok
LA_D_7992518,23.582746505737305,23.607439041137695,ok
LA_D_7993138,22.05030059814453,22.17877769470215,ok
LA_D_7993478,15.60660171508789,15.610716819763184,ok
LA_D_7994905,11.340368270874023,11.345233917236328,ok
LA_D_7994992,10.959417343139648,10.966145515441895,ok
LA_D_7995508,15.98677921295166,16.005634307861328,ok
LA_D_7995545,7.898734092712402,7.933538436889648,ok
LA_D_7995659,17.977924346923828,17.99753761291504,ok
LA_D_7996201,12.431856155395508,12.441128730773926,ok
LA_D_7996866,11.894102096557617,11.89687442779541,ok
LA_D_7996904,9.43552017211914,9.435576438903809,ok
LA_D_7997330,19.15213966369629,19.165685653686523,ok
LA_D_7998693,9.298683166503906,9.300619125366211,ok
LA_D_7999736,17.005207061767578,17.018468856811523,ok
LA_D_8000547,17.798118591308594,17.82895851135254,ok
LA_D_8001922,12.586021423339844,12.59106159210205,ok
LA_D_8002093,7.801451683044434,7.8321003913879395,ok
LA_D_8002427,16.34745216369629,16.355344772338867,ok
LA_D_8002591,13.670062065124512,13.673069953918457,ok
LA_D_8003757,14.825481414794922,14.827733039855957,ok
LA_D_8003982,8.281091690063477,8.280060768127441,ok
LA_D_8006078,20.93047332763672,20.94037437438965,ok
LA_D_8006339,-14.362723350524902,-14.364245414733887,ok
LA_D_8006888,14.602334022521973,14.675471305847168,ok
LA_D_8008375,12.829946517944336,12.835395812988281,ok
LA_D_8008446,11.961248397827148,11.982682228088379,ok
LA_D_8010160,16.48941421508789,16.543067932128906,ok
LA_D_8011201,11.47892951965332,11.496140480041504,ok
LA_D_8012683,12.41795825958252,12.44909954071045,ok
LA_D_8014808,11.01195240020752,11.009432792663574,ok
LA_D_8015998,18.222442626953125,18.261240005493164,ok
LA_D_8018834,13.812708854675293,13.82083797454834,ok
LA_D_8019379,13.18143081665039,13.184897422790527,ok
LA_D_8020367,11.086894989013672,11.09813404083252,ok
LA_D_8022264,13.582318305969238,13.61104965209961,ok
LA_D_8022584,18.182222366333008,18.18596076965332,ok
LA_D_8022699,11.858158111572266,11.882651329040527,ok
LA_D_8023557,9.633845329284668,9.636762619018555,ok
LA_D_8024787,20.04844856262207,20.050004959106445,ok
LA_D_8025687,15.43092155456543,15.441454887390137,ok
LA_D_8026429,16.346830368041992,16.347909927368164,ok
LA_D_8027836,14.154764175415039,14.168493270874023,ok
LA_D_8028295,9.749922752380371,9.757730484008789,ok
LA_D_8028589,15.480240821838379,15.485745429992676,ok
LA_D_8029129,6.70413875579834,6.70832633972168,ok
LA_D_8029227,-11.456478118896484,-11.460399627685547,ok
LA_D_8029513,13.204802513122559,13.204888343811035,ok
LA_D_8030349,15.38843822479248,15.41140079498291,ok
LA_D_8030557,14.232552528381348,14.26717472076416,ok
LA_D_8031870,-15.506730079650879,-15.554986000061035,ok
LA_D_8033621,-14.98537540435791,-15.001740455627441,ok
LA_D_8035203,13.629196166992188,13.676373481750488,ok
LA_D_8035288,10.639251708984375,10.640568733215332,ok
LA_D_8035773,8.472472190856934,8.473443031311035,ok
LA_D_8037199,-14.431395530700684,-14.433527946472168,ok
LA_D_8037358,-12.101487159729004,-12.102680206298828,ok
LA_D_8037458,6.596705913543701,6.596956729888916,ok
LA_D_8037537,12.832793235778809,12.836926460266113,ok
LA_D_8038151,13.706125259399414,13.731406211853027,ok
LA_D_8039108,2.5776281356811523,2.5793659687042236,ok
LA_D_8039247,14.45673656463623,14.4592866897583,ok
LA_D_8042295,13.318364143371582,13.324957847595215,ok
LA_D_8042846,-12.197271347045898,-12.200173377990723,ok
LA_D_8043080,-15.499777793884277,-15.506341934204102,ok
LA_D_8043094,8.266860008239746,8.277359962463379,ok
LA_D_8044665,18.18465232849121,18.20237922668457,ok
LA_D_8045100,11.718751907348633,11.724970817565918,ok
LA_D_8045695,11.521063804626465,11.526822090148926,ok
LA_D_8046608,5.793785095214844,5.797426223754883,ok
LA_D_8047166,12.967251777648926,12.974400520324707,ok
LA_D_8047998,17.43998146057129,17.448293685913086,ok
LA_D_8048204,9.299882888793945,9.295648574829102,ok
LA_D_8048240,9.579538345336914,9.58829402923584,ok
LA_D_8048655,8.03083610534668,8.03671932220459,ok
LA_D_8050534,10.120979309082031,10.120682716369629,ok
LA_D_8051414,14.493523597717285,14.500741958618164,ok
LA_D_8051595,9.170655250549316,9.206028938293457,ok
LA_D_8052049,10.476937294006348,10.477046012878418,ok
LA_D_8052749,15.444986343383789,15.465631484985352,ok
LA_D_8055872,-17.267784118652344,-17.288747787475586,ok
LA_D_8055923,15.491601943969727,15.528409004211426,ok
LA_D_8056679,14.596050262451172,14.619418144226074,ok
LA_D_8056722,11.499619483947754,11.500383377075195,ok
LA_D_8056974,14.674851417541504,14.68032169342041,ok
LA_D_8057316,7.450721740722656,7.452238082885742,ok
LA_D_8058106,14.687967300415039,14.6939058303833,ok
LA_D_8059988,10.37693977355957,10.378644943237305,ok
LA_D_8060077,10.889556884765625,10.892361640930176,ok
LA_D_8061400,-15.004379272460938,-15.011981964111328,ok
LA_D_8062342,15.943258285522461,15.952681541442871,ok
LA_D_8063128,16.24040985107422,16.246362686157227,ok
LA_D_8063205,15.413206100463867,15.417193412780762,ok
LA_D_8063814,17.493440628051758,17.495283126831055,ok
LA_D_8063853,12.236190795898438,12.236224174499512,ok
LA_D_8066346,13.121392250061035,13.15601634979248,ok
LA_D_8068169,14.564358711242676,14.56743335723877,ok
LA_D_8069387,16.03343963623047,16.037126541137695,ok
LA_D_8069736,10.989799499511719,11.012272834777832,ok
LA_D_8070544,14.473292350769043,14.505549430847168,ok
LA_D_8071214,17.085573196411133,17.134441375732422,ok
LA_D_8072455,18.260662078857422,18.269399642944336,ok
LA_D_8073022,15.703168869018555,15.713879585266113,ok
LA_D_8073420,16.576711654663086,16.59281349182129,ok
LA_D_8073490,-12.418171882629395,-12.420199394226074,ok
LA_D_8075316,11.3330078125,11.33460807800293,ok
LA_D_8075381,10.292255401611328,10.309054374694824,ok
LA_D_8075963,11.482037544250488,11.495158195495605,ok
LA_D_8076309,-13.500638961791992,-13.513081550598145,ok
LA_D_8076373,14.94899845123291,14.948994636535645,ok
LA_D_8076419,7.942812442779541,7.948585033416748,ok
LA_D_8076714,11.081428527832031,11.082072257995605,ok
LA_D_8076909,14.912602424621582,14.924015998840332,ok
LA_D_8076952,13.898283958435059,13.910292625427246,ok
LA_D_8077226,12.391040802001953,12.400391578674316,ok
LA_D_8077642,17.565353393554688,17.589405059814453,ok
LA_D_8078382,-11.165729522705078,-11.175674438476562,ok
LA_D_8080127,9.32641315460205,9.327187538146973,ok
LA_D_8086346,13.702666282653809,13.704665184020996,ok
LA_D_8087903,13.07977294921875,13.079718589782715,ok
LA_D_8088423,14.405218124389648,14.425963401794434,ok
LA_D_8088848,14.849588394165039,14.870218276977539,ok
LA_D_8089053,11.733713150024414,11.735513687133789,ok
LA_D_8089175,-5.04764461517334,-5.051364421844482,ok
LA_D_8090102,16.80491065979004,16.81686782836914,ok
LA_D_8090443,20.19574737548828,20.196170806884766,ok
LA_D_8091175,14.37460708618164,14.38228702545166,ok
LA_D_8091393,14.79825496673584,14.79857349395752,ok
LA_D_8091742,15.935639381408691,15.9719820022583,ok
LA_D_8091794,15.791542053222656,15.794774055480957,ok
LA_D_8092331,13.507608413696289,13.543244361877441,ok
LA_D_8093378,17.855554580688477,17.863269805908203,ok
LA_D_8094005,10.561697959899902,10.562146186828613,ok
LA_D_8094196,17.850614547729492,17.86647605895996,ok
LA_D_8094886,10.304036140441895,10.303229331970215,ok
LA_D_8095844,15.901931762695312,15.912217140197754,ok
LA_D_8096872,14.523843765258789,14.545186996459961,ok
LA_D_8097725,12.405696868896484,12.405585289001465,ok
LA_D_8099371,11.10374927520752,11.111108779907227,ok
LA_D_8099511,10.67886734008789,10.678643226623535,ok
LA_D_8099861,12.636041641235352,12.645241737365723,ok
LA_D_8100525,16.635778427124023,16.66829490661621,ok
LA_D_8100591,-12.768239974975586,-12.772658348083496,ok
LA_D_8102825,13.018531799316406,13.032281875610352,ok
LA_D_8103199,7.84935998916626,7.846757411956787,ok
LA_D_8103595,15.929890632629395,15.94771671295166,ok
LA_D_8103599,-14.128040313720703,-14.1445894241333,ok
LA_D_8106710,9.269847869873047,9.276846885681152,ok
LA_D_8106755,15.334063529968262,15.335719108581543,ok
LA_D_8107336,10.582205772399902,10.587541580200195,ok
LA_D_8108711,12.064031600952148,12.06618881225586,ok
LA_D_8108942,16.072284698486328,16.091054916381836,ok
LA_D_8110188,14.757246017456055,14.762886047363281,ok
LA_D_8111494,18.914663314819336,18.96527671813965,ok
LA_D_8111703,16.069936752319336,16.075054168701172,ok
LA_D_8112113,12.761116027832031,12.766547203063965,ok
LA_D_8113228,11.875478744506836,11.903891563415527,ok
LA_D_8113627,12.431822776794434,12.449421882629395,ok
LA_D_8113820,15.05599308013916,15.091121673583984,ok
LA_D_8113827,11.954813957214355,11.959596633911133,ok
LA_D_8114334,12.539990425109863,12.540837287902832,ok
LA_D_8115137,13.426824569702148,13.4271821975708,ok
LA_D_8115280,16.306970596313477,16.308639526367188,ok
LA_D_8116083,2.8894002437591553,2.8879809379577637,ok
LA_D_8116371,8.494145393371582,8.509809494018555,ok
LA_D_8116593,14.772686958312988,14.776239395141602,ok
LA_D_8116629,14.299901008605957,14.314927101135254,ok
LA_D_8117597,14.685648918151855,14.685925483703613,ok
LA_D_8117787,-13.69809341430664,-13.742814064025879,ok
LA_D_8117889,14.600113868713379,14.603116035461426,ok
LA_D_8118074,-15.432244300842285,-15.456870079040527,ok
LA_D_8118167,3.765383243560791,3.7969913482666016,ok
LA_D_8118910,15.599984169006348,15.601012229919434,ok
LA_D_8120238,9.694287300109863,9.694944381713867,ok
LA_D_8121898,14.678421974182129,14.692337036132812,ok
LA_D_8122140,16.617387771606445,16.625356674194336,ok
LA_D_8123213,16.604515075683594,16.6075382232666,ok
LA_D_8125219,15.360630989074707,15.365311622619629,ok
LA_D_8125961,17.154415130615234,17.1546573638916,ok
LA_D_8126031,13.40997314453125,13.41341495513916,ok
LA_D_8126226,15.749253273010254,15.751411437988281,ok
LA_D_8126437,-14.187541007995605,-14.222387313842773,ok
LA_D_8126699,12.117371559143066,12.132216453552246,ok
LA_D_8127049,11.736489295959473,11.751055717468262,ok
LA_D_8128338,8.116726875305176,8.116131782531738,ok
LA_D_8128439,15.317840576171875,15.329354286193848,ok
LA_D_8128480,11.960921287536621,11.962738990783691,ok
LA_D_8128482,16.060312271118164,16.091907501220703,ok
LA_D_8128760,10.223006248474121,10.221907615661621,ok
LA_D_8130173,-8.640295028686523,-8.701970100402832,ok
LA_D_8130384,15.702832221984863,15.706637382507324,ok
LA_D_8131208,11.350709915161133,11.354758262634277,ok
LA_D_8133720,14.361318588256836,14.373608589172363,ok
LA_D_8135380,15.666976928710938,15.669222831726074,ok
LA_D_8136728,17.203889846801758,17.245616912841797,ok
LA_D_8137767,14.439282417297363,14.456067085266113,ok
LA_D_8137810,16.654455184936523,16.667272567749023,ok
LA_D_8138035,19.65936279296875,19.669736862182617,ok
LA_D_8138165,15.756560325622559,15.79947280883789,ok
LA_D_8138478,16.417259216308594,16.53424835205078,ok
LA_D_8138691,13.228671073913574,13.230813026428223,ok
LA_D_8140249,15.608972549438477,15.641929626464844,ok
LA_D_8141415,15.96789836883545,15.990077018737793,ok
LA_D_8141901,9.826045989990234,9.835570335388184,ok
LA_D_8142373,-15.442590713500977,-15.444275856018066,ok
LA_D_8142949,12.770064353942871,12.773329734802246,ok
LA_D_8143487,14.024601936340332,14.038619041442871,ok
LA_D_8145413,14.075161933898926,14.0778226852417,ok
LA_D_8145529,12.17521858215332,12.20482349395752,ok
LA_D_8145979,12.989489555358887,12.993691444396973,ok
LA_D_8146012,1.713045358657837,1.7164193391799927,ok
LA_D_8146146,17.228261947631836,17.28483009338379,ok
LA_D_8147163,-3.1907148361206055,-3.2134666442871094,ok
LA_D_8147839,15.163854598999023,15.168065071105957,ok
LA_D_8149667,6.506748199462891,6.508422374725342,ok
LA_D_8152318,24.904569625854492,25.035371780395508,ok
LA_D_8155157,12.094292640686035,12.123595237731934,ok
LA_D_8155318,-14.474456787109375,-14.478472709655762,ok
LA_D_8156106,15.815679550170898,15.821122169494629,ok
LA_D_8156558,14.585859298706055,14.588334083557129,ok
LA_D_8159037,18.221038818359375,18.221010208129883,ok
LA_D_8160527,12.819082260131836,12.820775985717773,ok
LA_D_8161159,-15.366226196289062,-15.368925094604492,ok
LA_D_8161190,11.299696922302246,11.314838409423828,ok
LA_D_8161346,9.623617172241211,9.623600006103516,ok
LA_D_8161836,-15.439848899841309,-15.452360153198242,ok
LA_D_8161949,12.50218677520752,12.504456520080566,ok
LA_D_8162284,16.840848922729492,16.844282150268555,ok
LA_D_8162971,17.05597686767578,17.07293128967285,ok
LA_D_8164002,14.681818008422852,14.710416793823242,ok
LA_D_8165556,9.441688537597656,9.453141212463379,ok
LA_D_8167480,19.369800567626953,19.384801864624023,ok
LA_D_8167492,12.108338356018066,12.108777046203613,ok
LA_D_8168206,-10.308504104614258,-10.30996036529541,ok
LA_D_8169185,19.46563148498535,19.47499656677246,ok
LA_D_8169310,21.66518783569336,21.69269371032715,ok
LA_D_8169401,15.900715827941895,15.90375804901123,ok
LA_D_8169593,16.532567977905273,16.553922653198242,ok
LA_D_8169706,12.478743553161621,12.498050689697266,ok
LA_D_8170828,13.357563018798828,13.360207557678223,ok
LA_D_8170962,12.177525520324707,12.178589820861816,ok
LA_D_8171758,17.4079647064209,17.422163009643555,ok
LA_D_8172272,16.2247257232666,16.28672218322754,ok
LA_D_8172352,0.5905359387397766,0.5856293439865112,ok
LA_D_8172970,10.990242004394531,10.989644050598145,ok
LA_D_8173305,12.510479927062988,12.51426887512207,ok
LA_D_8173717,7.511567115783691,7.513050079345703,ok
LA_D_8173750,14.782674789428711,14.79703426361084,ok
LA_D_8174334,16.333646774291992,16.370708465576172,ok
LA_D_8174656,16.06807518005371,16.074047088623047,ok
LA_D_8174725,-14.169020652770996,-14.18801212310791,ok
LA_D_8175426,14.517611503601074,14.520140647888184,ok
LA_D_8176963,17.075206756591797,17.106586456298828,ok
LA_D_8177576,19.28228187561035,19.33348846435547,ok
LA_D_8179191,-13.649991989135742,-13.66097640991211,ok
LA_D_8181591,19.102258682250977,19.121484756469727,ok
LA_D_8181617,17.108211517333984,17.117399215698242,ok
LA_D_8181944,13.327454566955566,13.336538314819336,ok
LA_D_8182095,13.279929161071777,13.292302131652832,ok
LA_D_8182963,10.479206085205078,10.479809761047363,ok
LA_D_8183218,15.070252418518066,15.084880828857422,ok
LA_D_8183682,11.684810638427734,11.69877815246582,ok
LA_D_8183756,16.698238372802734,16.698060989379883,ok
LA_D_8184153,15.26384162902832,15.264693260192871,ok
LA_D_8185311,14.841452598571777,14.855080604553223,ok
LA_D_8187108,12.874221801757812,12.883966445922852,ok
LA_D_8187236,14.834842681884766,14.83577823638916,ok
LA_D_8187801,-13.550686836242676,-13.602072715759277,ok
LA_D_8189332,12.78398609161377,12.783682823181152,ok
LA_D_8191193,5.726123809814453,5.726083278656006,ok
LA_D_8191353,14.20020580291748,14.201590538024902,ok
LA_D_8191875,16.616912841796875,16.610122680664062,ok
LA_D_8192015,18.640748977661133,18.677446365356445,ok
LA_D_8192047,-13.503621101379395,-13.505727767944336,ok
LA_D_8193062,19.42109489440918,19.42863655090332,ok
LA_D_8195070,17.874645233154297,17.898218154907227,ok
LA_D_8197154,-15.520167350769043,-15.523259162902832,ok
LA_D_8197390,14.580644607543945,14.606894493103027,ok
LA_D_8197963,13.579971313476562,13.588851928710938,ok
LA_D_8198807,13.39244556427002,13.400025367736816,ok
LA_D_8198887,18.266704559326172,18.278324127197266,ok
LA_D_8199055,17.03947639465332,17.080081939697266,ok
LA_D_8200105,19.244096755981445,19.265504837036133,ok
LA_D_8200506,16.739755630493164,16.747289657592773,ok
LA_D_8201742,13.437667846679688,13.43761157989502,ok
LA_D_8202140,18.254920959472656,18.256649017333984,ok
LA_D_8203772,8.720361709594727,8.723776817321777,ok
LA_D_8203916,9.988759994506836,9.994921684265137,ok
LA_D_8204811,15.542547225952148,15.567216873168945,ok
LA_D_8205041,12.562952995300293,12.563443183898926,ok
LA_D_8205467,7.461562633514404,7.468817710876465,ok
LA_D_8205767,13.552770614624023,13.555936813354492,ok
LA_D_8206665,13.015959739685059,13.017308235168457,ok
LA_D_8208840,8.710911750793457,8.723299980163574,ok
LA_D_8208934,11.913615226745605,11.919167518615723,ok
LA_D_8210004,8.413506507873535,8.42302131652832,ok
LA_D_8210054,-12.6439208984375,-12.648482322692871,ok
LA_D_8210164,-16.171255111694336,-16.188871383666992,ok
LA_D_8213309,12.060137748718262,12.070182800292969,ok
LA_D_8214303,-14.367799758911133,-14.383598327636719,ok
LA_D_8214679,-12.390156745910645,-12.424576759338379,ok
LA_D_8214776,11.8099365234375,11.822710990905762,ok
LA_D_8216112,17.440631866455078,17.482189178466797,ok
LA_D_8217131,13.16164493560791,13.184883117675781,ok
LA_D_8217709,14.439915657043457,14.440309524536133,ok
LA_D_8218322,11.535687446594238,11.538578033447266,ok
LA_D_8220161,19.018564224243164,19.043928146362305,ok
LA_D_8220439,13.323643684387207,13.329362869262695,ok
LA_D_8220866,-13.299307823181152,-13.318918228149414,ok
LA_D_8221506,13.995818138122559,14.001581192016602,ok
LA_D_8221856,13.646522521972656,13.654451370239258,ok
LA_D_8222020,-16.31591796875,-16.324609756469727,ok
LA_D_8222053,6.756992816925049,6.760176181793213,ok
LA_D_8222620,-15.392019271850586,-15.397773742675781,ok
LA_D_8222801,11.07907772064209,11.086784362792969,ok
LA_D_8223331,14.046309471130371,14.059737205505371,ok
LA_D_8223817,11.577667236328125,11.598732948303223,ok
LA_D_8224117,15.82919979095459,15.840535163879395,ok
LA_D_8224626,13.64757251739502,13.648385047912598,ok
LA_D_8226027,13.818583488464355,13.821761131286621,ok
LA_D_8226217,10.041666984558105,10.055964469909668,ok
LA_D_8228250,14.602852821350098,14.610297203063965,ok
LA_D_8228939,15.010823249816895,15.014018058776855,ok
LA_D_8228955,15.701087951660156,15.712874412536621,ok
LA_D_8229090,15.43026351928711,15.445317268371582,ok
LA_D_8229496,16.349149703979492,16.35100555419922,ok
LA_D_8231246,15.085244178771973,15.087651252746582,ok
LA_D_8233417,17.354969024658203,17.364940643310547,ok
LA_D_8233626,13.931714057922363,13.943243980407715,ok
LA_D_8234296,8.97279167175293,8.972655296325684,ok
LA_D_8235144,-11.8436279296875,-11.847662925720215,ok
LA_D_8237075,-14.381281852722168,-14.382304191589355,ok
LA_D_8238983,13.264331817626953,13.272927284240723,ok
LA_D_8239123,-13.321099281311035,-13.322591781616211,ok
LA_D_8239585,13.746576309204102,13.755915641784668,ok
LA_D_8240404,12.448150634765625,12.4674654006958,ok
LA_D_8241189,13.799629211425781,13.82319450378418,ok
LA_D_8242715,14.669374465942383,14.68386173248291,ok
LA_D_8243334,15.806333541870117,15.806405067443848,ok
LA_D_8243405,12.020478248596191,12.022350311279297,ok
LA_D_8243419,15.090943336486816,15.093525886535645,ok
LA_D_8243640,14.67597484588623,14.676785469055176,ok
LA_D_8243797,16.274744033813477,16.291309356689453,ok
LA_D_8244804,20.530487060546875,20.550533294677734,ok
LA_D_8244933,8.977429389953613,8.987689018249512,ok
LA_D_8245412,17.1733455657959,17.17576026916504,ok
LA_D_8246386,18.392908096313477,18.40082359313965,ok
LA_D_8247746,14.009971618652344,14.022236824035645,ok
LA_D_8248087,13.499847412109375,13.50442886352539,ok
LA_D_8248529,16.978300094604492,16.988950729370117,ok
LA_D_8249434,15.6657075881958,15.681754112243652,ok
LA_D_8249675,15.287090301513672,15.318940162658691,ok
LA_D_8250257,13.953863143920898,13.955408096313477,ok
LA_D_8250392,13.098421096801758,13.102349281311035,ok
LA_D_8250953,14.09475040435791,14.094861030578613,ok
LA_D_8252368,4.556257247924805,4.602052211761475,ok
LA_D_8256584,11.138986587524414,11.140528678894043,ok
LA_D_8257354,17.40911293029785,17.435483932495117,ok
LA_D_8257425,15.464040756225586,15.468154907226562,ok
LA_D_8257669,14.178074836730957,14.20232105255127,ok
LA_D_8258080,13.52954387664795,13.530423164367676,ok
LA_D_8258450,7.011956691741943,7.010021686553955,ok
LA_D_8258459,11.024484634399414,11.043177604675293,ok
LA_D_8259778,9.59245491027832,9.59883975982666,ok
LA_D_8259798,14.340547561645508,14.353273391723633,ok
LA_D_8260717,15.196627616882324,15.209174156188965,ok
LA_D_8260762,-14.650972366333008,-14.653746604919434,ok
LA_D_8261063,14.872709274291992,14.905213356018066,ok
LA_D_8261443,16.705734252929688,16.72547149658203,ok
LA_D_8261853,15.58531379699707,15.639294624328613,ok
LA_D_8261899,16.046009063720703,16.054224014282227,ok
LA_D_8261981,6.013702392578125,6.013733386993408,ok
LA_D_8262471,14.355772972106934,14.366093635559082,ok
LA_D_8262652,14.176379203796387,14.1832914352417,ok
LA_D_8263001,12.72175407409668,12.723397254943848,ok
LA_D_8263452,-10.587520599365234,-10.590925216674805,ok
LA_D_8264187,13.753650665283203,13.755768775939941,ok
LA_D_8264531,15.611405372619629,15.613715171813965,ok
LA_D_8264863,14.341200828552246,14.400009155273438,ok
LA_D_8265007,12.515144348144531,12.5164794921875,ok
LA_D_8265432,16.62667465209961,16.67475700378418,ok
LA_D_8266174,19.815040588378906,19.839365005493164,ok
LA_D_8267794,13.910581588745117,13.912689208984375,ok
LA_D_8268288,12.97089958190918,12.971782684326172,ok
LA_D_8269720,13.323667526245117,13.324101448059082,ok
LA_D_8270285,9.320318222045898,9.319069862365723,ok
LA_D_8270568,7.450474262237549,7.451572418212891,ok
LA_D_8270674,12.935524940490723,12.96749496459961,ok
LA_D_8270902,-13.79448413848877,-13.814169883728027,ok
LA_D_8271340,15.160529136657715,15.170783996582031,ok
LA_D_8271714,14.002827644348145,14.006916999816895,ok
LA_D_8272979,13.101791381835938,13.101784706115723,ok
LA_D_8274833,-12.672369956970215,-12.696789741516113,ok
LA_D_8276399,11.302464485168457,11.322715759277344,ok
LA_D_8277450,10.744781494140625,10.75163459777832,ok
LA_D_8279014,13.984309196472168,13.985125541687012,ok
LA_D_8281201,16.968833923339844,16.972314834594727,ok
LA_D_8281902,16.46503257751465,16.477266311645508,ok
LA_D_8282334,13.437287330627441,13.446806907653809,ok
LA_D_8283203,14.103999137878418,14.127727508544922,ok
LA_D_8283567,10.84463119506836,10.84546184539795,ok
LA_D_8283819,11.937804222106934,11.940627098083496,ok
LA_D_8284400,12.131126403808594,12.147631645202637,ok
LA_D_8284460,9.834136009216309,9.863885879516602,ok
LA_D_8284994,-13.07414436340332,-13.086897850036621,ok
LA_D_8285076,14.90804386138916,14.911521911621094,ok
LA_D_8285541,17.09960174560547,17.108718872070312,ok
LA_D_8285739,10.016609191894531,10.02584171295166,ok
LA_D_8286094,11.564669609069824,11.56788158416748,ok
LA_D_8286400,14.222615242004395,14.221854209899902,ok
LA_D_8287063,9.246917724609375,9.246914863586426,ok
LA_D_8288732,-14.479825019836426,-14.483606338500977,ok
LA_D_8289522,-10.431412696838379,-10.444321632385254,ok
LA_D_8289729,-14.21156120300293,-14.22744083404541,ok
LA_D_8291086,16.958818435668945,16.97911262512207,ok
LA_D_8291737,15.06544303894043,15.066667556762695,ok
LA_D_8292706,14.885554313659668,14.901673316955566,ok
LA_D_8297100,-6.220863342285156,-6.225584983825684,ok
LA_D_8297660,10.824645042419434,10.82805347442627,ok
LA_D_8299676,15.712791442871094,15.721306800842285,ok
LA_D_8299781,8.140594482421875,8.155563354492188,ok
LA_D_8300528,12.361321449279785,12.367027282714844,ok
LA_D_8301954,20.974319458007812,21.09591293334961,ok
LA_D_8302640,-15.162768363952637,-15.167553901672363,ok
LA_D_8302698,14.721904754638672,14.751827239990234,ok
LA_D_8304989,8.763935089111328,8.766576766967773,ok
LA_D_8305381,19.830108642578125,19.8665714263916,ok
LA_D_8308097,17.998157501220703,18.012521743774414,ok
LA_D_8308855,16.799638748168945,16.80405616760254,ok
LA_D_8309750,16.78799819946289,16.820634841918945,ok
LA_D_8309783,17.006412506103516,17.021196365356445,ok
LA_D_8310080,10.827986717224121,10.827569961547852,ok
LA_D_8310930,14.622882843017578,14.623812675476074,ok
LA_D_8311323,16.674449920654297,16.69048500061035,ok
LA_D_8312564,13.15085220336914,13.184502601623535,ok
LA_D_8313277,16.169063568115234,16.174833297729492,ok
LA_D_8313425,12.062088966369629,12.063265800476074,ok
LA_D_8313645,-7.224905967712402,-7.225002765655518,ok
LA_D_8314448,-13.026613235473633,-13.041407585144043,ok
LA_D_8314649,10.923104286193848,10.920882225036621,ok
LA_D_8315307,10.226544380187988,10.230006217956543,ok
LA_D_8315403,13.097766876220703,13.09990406036377,ok
LA_D_8316071,15.743637084960938,15.76156234741211,ok
LA_D_8316696,19.07046890258789,19.201053619384766,ok
LA_D_8317011,16.273582458496094,16.313989639282227,ok
LA_D_8317813,17.297868728637695,17.29985237121582,ok
LA_D_8318381,12.677691459655762,12.691141128540039,ok
LA_D_8318742,10.284226417541504,10.286739349365234,ok
LA_D_8318899,-13.8552885055542,-13.863101959228516,ok
LA_D_8320443,17.661701202392578,17.69318962097168,ok
LA_D_8321387,14.334922790527344,14.339791297912598,ok
LA_D_8321453,19.464454650878906,19.495588302612305,ok
LA_D_8321562,16.46025848388672,16.467172622680664,ok
LA_D_8322084,13.304482460021973,13.303890228271484,ok
LA_D_8322404,7.93205451965332,7.932226181030273,ok
LA_D_8322431,13.84019660949707,13.852554321289062,ok
LA_D_8322502,15.850412368774414,15.850451469421387,ok
LA_D_8322509,16.257787704467773,16.2827205657959,ok
LA_D_8322984,7.779236316680908,7.785495758056641,ok
LA_D_8323372,22.77183723449707,22.78948402404785,ok
LA_D_8325357,13.261201858520508,13.268900871276855,ok
LA_D_8328324,12.73843765258789,12.74689769744873,ok
LA_D_8328358,15.645224571228027,15.665505409240723,ok
LA_D_8328368,15.086804389953613,15.090219497680664,ok
LA_D_8329201,0.7310148477554321,0.7280569076538086,ok
LA_D_8332272,16.410673141479492,16.4221134185791,ok
LA_D_8332415,14.962347030639648,14.979246139526367,ok
LA_D_8333263,7.5985636711120605,7.598710536956787,ok
LA_D_8333710,13.070656776428223,13.075516700744629,ok
LA_D_8335083,9.902688026428223,9.914618492126465,ok
LA_D_8335202,10.958925247192383,10.958797454833984,ok
LA_D_8335993,9.424575805664062,9.42579174041748,ok
LA_D_8336903,12.386544227600098,12.403714179992676,ok
LA_D_8337861,13.472677230834961,13.506065368652344,ok
LA_D_8338088,14.845337867736816,14.845452308654785,ok
LA_D_8338331,16.914043426513672,16.915586471557617,ok
LA_D_8338896,18.39411735534668,18.426984786987305,ok
LA_D_8339674,17.919570922851562,17.953405380249023,ok
LA_D_8340325,15.194119453430176,15.200970649719238,ok
LA_D_8340433,-13.000266075134277,-13.001923561096191,ok
LA_D_8340873,14.36691665649414,14.372787475585938,ok
LA_D_8341574,16.04258155822754,16.053306579589844,ok
LA_D_8341752,10.951285362243652,10.968796730041504,ok
LA_D_8342451,17.007614135742188,17.01356315612793,ok
LA_D_8343646,6.950963973999023,6.977594375610352,ok
LA_D_8344568,15.948182106018066,15.962270736694336,ok
LA_D_8344962,9.068211555480957,9.068614959716797,ok
LA_D_8345800,12.608858108520508,12.631248474121094,ok
LA_D_8346348,13.075324058532715,13.089336395263672,ok
LA_D_8347056,6.7230329513549805,6.733917713165283,ok
LA_D_8348255,12.148402214050293,12.185973167419434,ok
LA_D_8348470,14.465054512023926,14.472098350524902,ok
LA_D_8348783,9.86109733581543,9.862395286560059,ok
LA_D_8348784,10.82827377319336,10.829819679260254,ok
LA_D_8350907,13.21052074432373,13.277776718139648,ok
LA_D_8350950,14.931296348571777,14.933072090148926,ok
LA_D_8351401,13.900747299194336,13.907754898071289,ok
LA_D_8352186,19.045150756835938,19.04573631286621,ok
LA_D_8353342,15.47761344909668,15.492112159729004,ok
LA_D_8353917,10.596261978149414,10.601794242858887,ok
LA_D_8355334,2.935317039489746,2.935690402984619,ok
LA_D_8355933,11.782907485961914,11.790316581726074,ok
LA_D_8355987,14.581247329711914,14.589924812316895,ok
LA_D_8357910,11.337380409240723,11.340351104736328,ok
LA_D_8358692,16.640748977661133,16.640743255615234,ok
LA_D_8358881,14.519248008728027,14.519957542419434,ok
LA_D_8359118,9.267537117004395,9.267105102539062,ok
LA_D_8359755,7.53180456161499,7.536518573760986,ok
LA_D_8361609,11.754040718078613,11.752800941467285,ok
LA_D_8362045,8.197650909423828,8.19756031036377,ok
LA_D_8362355,15.26513385772705,15.2822847366333,ok
LA_D_8362390,16.944679260253906,16.983060836791992,ok
LA_D_8362861,11.630120277404785,11.637508392333984,ok
LA_D_8362912,19.909339904785156,19.991472244262695,ok
LA_D_8363627,12.331686973571777,12.357433319091797,ok
LA_D_8364571,14.205257415771484,14.255291938781738,ok
LA_D_8364730,8.65157413482666,8.658234596252441,ok
LA_D_8364986,13.320466995239258,13.320799827575684,ok
LA_D_8365194,-14.785111427307129,-14.797381401062012,ok
LA_D_8365489,10.58469295501709,10.584914207458496,ok
LA_D_8366444,15.424639701843262,15.431108474731445,ok
LA_D_8366884,14.903548240661621,14.915671348571777,ok
LA_D_8367470,11.991104125976562,11.99585247039795,ok
LA_D_8367768,15.930630683898926,15.931406021118164,ok
LA_D_8367777,10.768876075744629,10.769713401794434,ok
LA_D_8367897,14.048800468444824,14.051653861999512,ok
LA_D_8367907,17.010868072509766,17.027753829956055,ok
LA_D_8368027,12.757040023803711,12.7579984664917,ok
LA_D_8371178,-13.756779670715332,-13.809895515441895,ok
LA_D_8371769,14.448719024658203,14.462885856628418,ok
LA_D_8372141,19.991886138916016,20.054723739624023,ok
LA_D_8372696,15.267183303833008,15.289200782775879,ok
LA_D_8373517,17.038503646850586,17.050283432006836,ok
LA_D_8373522,16.165863037109375,16.17402458190918,ok
LA_D_8374831,14.029273986816406,14.033768653869629,ok
LA_D_8374952,18.312562942504883,18.31096076965332,ok
LA_D_8375726,10.413687705993652,10.415133476257324,ok
LA_D_8376156,17.449546813964844,17.466535568237305,ok
LA_D_8376351,14.337735176086426,14.388596534729004,ok
LA_D_8377469,12.28671932220459,12.286709785461426,ok
LA_D_8377834,11.827550888061523,11.841137886047363,ok
LA_D_8377841,9.025323867797852,9.026023864746094,ok
LA_D_8378530,13.887710571289062,13.896718978881836,ok
LA_D_8379770,7.983406066894531,7.990961074829102,ok
LA_D_8380344,14.756866455078125,14.767838478088379,ok
LA_D_8380959,12.910499572753906,12.939555168151855,ok
LA_D_8381871,12.483979225158691,12.484408378601074,ok
LA_D_8382417,14.378690719604492,14.387362480163574,ok
LA_D_8383254,11.053545951843262,11.095001220703125,ok
LA_D_8384015,9.247907638549805,9.251748085021973,ok
LA_D_8386102,12.142961502075195,12.14551067352295,ok
LA_D_8388061,12.525409698486328,12.53342056274414,ok
LA_D_8389167,15.457114219665527,15.489483833312988,ok
LA_D_8391101,15.736322402954102,15.74790096282959,ok
LA_D_8392731,13.669421195983887,13.686604499816895,ok
LA_D_8394417,-13.962973594665527,-13.97967529296875,ok
LA_D_8395121,15.039926528930664,15.073890686035156,ok
LA_D_8397551,-15.13904857635498,-15.146146774291992,ok
LA_D_8398091,13.0127534866333,13.016249656677246,ok
LA_D_8400810,14.793676376342773,14.794240951538086,ok
LA_D_8400994,12.677787780761719,12.678204536437988,ok
LA_D_8404295,10.677949905395508,10.680630683898926,ok
LA_D_8406853,18.597610473632812,18.619003295898438,ok
LA_D_8407147,14.779433250427246,14.79114818572998,ok
LA_D_8407252,14.176717758178711,14.191994667053223,ok
LA_D_8407555,17.440879821777344,17.446741104125977,ok
LA_D_8408532,13.800353050231934,13.839489936828613,ok
LA_D_8408912,15.095698356628418,15.096266746520996,ok
LA_D_8411616,11.931553840637207,11.944781303405762,ok
LA_D_8412208,10.61697769165039,10.617935180664062,ok
LA_D_8412543,14.490960121154785,14.503066062927246,ok
LA_D_8413012,13.545002937316895,13.56104564666748,ok
LA_D_8413105,-16.377931594848633,-16.38636589050293,ok
LA_D_8417277,14.00509262084961,14.014677047729492,ok
LA_D_8417993,18.305923461914062,18.33225440979004,ok
LA_D_8418152,15.202139854431152,15.208847045898438,ok
LA_D_8418326,18.149023056030273,18.14969825744629,ok
LA_D_8418660,17.243160247802734,17.258581161499023,ok
LA_D_8420931,18.456377029418945,18.45867347717285,ok
LA_D_8423289,8.194798469543457,8.197253227233887,ok
LA_D_8424157,12.52640151977539,12.549145698547363,ok
LA_D_8425884,19.044897079467773,19.10804557800293,ok
LA_D_8426461,-14.562581062316895,-14.581703186035156,ok
LA_D_8426999,22.876483917236328,22.884105682373047,ok
LA_D_8427353,19.036827087402344,19.049665451049805,ok
LA_D_8428519,15.80902099609375,15.828653335571289,ok
LA_D_8429218,12.937965393066406,12.946510314941406,ok
LA_D_8429648,15.466950416564941,15.470855712890625,ok
LA_D_8429827,-13.612669944763184,-13.61305046081543,ok
LA_D_8431362,11.397476196289062,11.405837059020996,ok
LA_D_8432686,12.6317777633667,12.634629249572754,ok
LA_D_8433898,-15.697203636169434,-15.708821296691895,ok
LA_D_8434044,17.360675811767578,17.385690689086914,ok
LA_D_8434051,9.255769729614258,9.257036209106445,ok
LA_D_8435642,13.386475563049316,13.438750267028809,ok
LA_D_8436519,9.468562126159668,9.507967948913574,ok
LA_D_8437828,13.653714179992676,13.655670166015625,ok
LA_D_8438420,13.862273216247559,13.862576484680176,ok
LA_D_8438549,13.73975658416748,13.74743938446045,ok
LA_D_8439511,12.528057098388672,12.54189395904541,ok
LA_D_8440240,16.791370391845703,16.80996322631836,ok
LA_D_8440843,-8.794562339782715,-8.795671463012695,ok
LA_D_8441069,10.535608291625977,10.546748161315918,ok
LA_D_8441935,14.7986478805542,14.80817985534668,ok
LA_D_8442443,15.21827220916748,15.242409706115723,ok
LA_D_8445701,11.351875305175781,11.355156898498535,ok
LA_D_8445966,13.955262184143066,13.96926212310791,ok
LA_D_8446758,17.1498966217041,17.204328536987305,ok
LA_D_8447480,11.909687042236328,11.935011863708496,ok
LA_D_8447703,11.656844139099121,11.669793128967285,ok
LA_D_8450248,17.83955955505371,17.851118087768555,ok
LA_D_8450378,19.30274200439453,19.3090763092041,ok
LA_D_8450426,14.748541831970215,14.758118629455566,ok
LA_D_8450502,14.34917163848877,14.379429817199707,ok
LA_D_8450719,18.484233856201172,18.48439598083496,ok
LA_D_8452415,14.455660820007324,14.468464851379395,ok
LA_D_8453487,15.982776641845703,15.983759880065918,ok
LA_D_8453540,9.775653839111328,9.7850980758667,ok
LA_D_8454223,14.719491004943848,14.729127883911133,ok
LA_D_8454906,10.906220436096191,10.908220291137695,ok
LA_D_8455214,16.051517486572266,16.05787467956543,ok
LA_D_8456039,11.467275619506836,11.467310905456543,ok
LA_D_8456544,10.0228271484375,10.071537971496582,ok
LA_D_8457237,11.872519493103027,11.876424789428711,ok
LA_D_8457325,-12.440425872802734,-12.448643684387207,ok
LA_D_8458426,12.379255294799805,12.388055801391602,ok
LA_D_8459341,15.17125129699707,15.196450233459473,ok
LA_D_8461185,13.482293128967285,13.489296913146973,ok
LA_D_8461526,8.31805419921875,8.31779956817627,ok
LA_D_8461949,-5.015983581542969,-5.01912260055542,ok
LA_D_8463046,14.01108169555664,14.030171394348145,ok
LA_D_8463562,13.440879821777344,13.443194389343262,ok
LA_D_8464147,21.11408042907715,21.18279266357422,ok
LA_D_8464223,12.733749389648438,12.73470401763916,ok
LA_D_8465207,18.440107345581055,18.473127365112305,ok
LA_D_8465272,13.992757797241211,13.995606422424316,ok
LA_D_8465947,12.641286849975586,12.652549743652344,ok
LA_D_8467187,10.509184837341309,10.50925064086914,ok
LA_D_8467523,14.1109619140625,14.126450538635254,ok
LA_D_8467738,11.576956748962402,11.63247013092041,ok
LA_D_8467991,11.431439399719238,11.431647300720215,ok
LA_D_8468180,15.261149406433105,15.262923240661621,ok
LA_D_8468186,17.56419563293457,17.58110237121582,ok
LA_D_8468652,13.410706520080566,13.443737983703613,ok
LA_D_8470242,13.954797744750977,13.964346885681152,ok
LA_D_8470269,13.777909278869629,13.777935981750488,ok
LA_D_8471747,14.3668851852417,14.367989540100098,ok
LA_D_8472714,16.359128952026367,16.3594970703125,ok
LA_D_8473267,-12.193603515625,-12.202869415283203,ok
LA_D_8473774,13.517528533935547,13.527915000915527,ok
LA_D_8473995,15.41926097869873,15.45253849029541,ok
LA_D_8474115,16.775671005249023,16.77547836303711,ok
LA_D_8476350,12.65694808959961,12.66992473602295,ok
LA_D_8478346,16.33867073059082,16.357873916625977,ok
LA_D_8479165,18.006999969482422,18.00702476501465,ok
LA_D_8479815,17.99185562133789,18.00421714782715,ok
LA_D_8480078,10.162753105163574,10.168862342834473,ok
LA_D_8480524,13.081369400024414,13.092202186584473,ok
LA_D_8481340,11.172223091125488,11.195114135742188,ok
LA_D_8481565,15.714131355285645,15.795443534851074,ok
LA_D_8481884,15.553114891052246,15.556289672851562,ok
LA_D_8482059,9.557694435119629,9.562195777893066,ok
LA_D_8482703,5.030242919921875,5.037807941436768,ok
LA_D_8482937,16.2587890625,16.25892448425293,ok
LA_D_8483290,13.014840126037598,13.018302917480469,ok
LA_D_8483715,16.51468276977539,16.536880493164062,ok
LA_D_8484861,14.928825378417969,14.939474105834961,ok
LA_D_8485138,12.614596366882324,12.654393196105957,ok
LA_D_8486261,12.150864601135254,12.160067558288574,ok
LA_D_8486455,11.079078674316406,11.092105865478516,ok
LA_D_8487209,9.89609146118164,9.904213905334473,ok
LA_D_8488988,15.394293785095215,15.396662712097168,ok
LA_D_8489512,-9.902579307556152,-9.906876564025879,ok
LA_D_8491201,14.177374839782715,14.18822956085205,ok
LA_D_8491532,15.95527172088623,15.957281112670898,ok
LA_D_8492975,8.441366195678711,8.441771507263184,ok
LA_D_8493833,14.088122367858887,14.088767051696777,ok
LA_D_8494207,14.6199951171875,14.623875617980957,ok
LA_D_8494760,-10.28299617767334,-10.286602973937988,ok
LA_D_8495231,13.640000343322754,13.647002220153809,ok
LA_D_8496632,15.821576118469238,15.830911636352539,ok
LA_D_8497674,13.014429092407227,13.021294593811035,ok
LA_D_8498981,-13.26555347442627,-13.2893705368042,ok
LA_D_8499403,16.85185432434082,16.910184860229492,ok
LA_D_8499637,11.304841995239258,11.330219268798828,ok
LA_D_8500724,12.306108474731445,12.309136390686035,ok
LA_D_8501026,14.588092803955078,14.604355812072754,ok
LA_D_8501151,15.994978904724121,16.01182746887207,ok
LA_D_8503023,13.903158187866211,13.913692474365234,ok
LA_D_8503024,-11.184724807739258,-11.185578346252441,ok
LA_D_8504769,13.643584251403809,13.676680564880371,ok
LA_D_8504805,13.41170883178711,13.42624568939209,ok
LA_D_8505001,20.595291137695312,20.607608795166016,ok
LA_D_8505020,11.090494155883789,11.091769218444824,ok
LA_D_8507903,15.623154640197754,15.634886741638184,ok
LA_D_8508542,11.963769912719727,11.969149589538574,ok
LA_D_8509642,19.817827224731445,19.8546085357666,ok
LA_D_8509720,16.553964614868164,16.5538387298584,ok
LA_D_8510601,11.399009704589844,11.404854774475098,ok
LA_D_8511318,10.01824951171875,10.017474174499512,ok
LA_D_8511483,11.019681930541992,11.026083946228027,ok
LA_D_8511990,15.019689559936523,15.031190872192383,ok
LA_D_8512598,14.970962524414062,14.973332405090332,ok
LA_D_8514719,17.391569137573242,17.394851684570312,ok
LA_D_8514801,17.758729934692383,17.766305923461914,ok
LA_D_8515733,9.342700958251953,9.342799186706543,ok
LA_D_8516589,-9.131172180175781,-9.132396697998047,ok
LA_D_8516649,12.248994827270508,12.250737190246582,ok
LA_D_8519084,12.90819263458252,12.935379981994629,ok
LA_D_8519166,18.898712158203125,18.9129695892334,ok
LA_D_8519635,12.139792442321777,12.143407821655273,ok
LA_D_8520152,23.593952178955078,23.713401794433594,ok
LA_D_8520696,13.823494911193848,13.826355934143066,ok
LA_D_8521403,15.70805549621582,15.719705581665039,ok
LA_D_8522617,14.635194778442383,14.6807222366333,ok
LA_D_8522922,9.942538261413574,9.942809104919434,ok
LA_D_8523307,19.230037689208984,19.23756980895996,ok
LA_D_8524503,6.059423923492432,6.058098316192627,ok
LA_D_8524530,9.30981731414795,9.309839248657227,ok
LA_D_8524573,16.76320457458496,16.770830154418945,ok
LA_D_8524883,11.56436538696289,11.60810375213623,ok
LA_D_8524946,9.265827178955078,9.280867576599121,ok
LA_D_8524990,13.655384063720703,13.662127494812012,ok
LA_D_8525388,10.901474952697754,10.91696834564209,ok
LA_D_8527611,10.072019577026367,10.072219848632812,ok
LA_D_8528202,15.57939624786377,15.672481536865234,ok
LA_D_8529268,16.143522262573242,16.163549423217773,ok
LA_D_8529541,14.36216926574707,14.418062210083008,ok
LA_D_8530159,17.151002883911133,17.189878463745117,ok
LA_D_8530524,12.709043502807617,12.716094017028809,ok
LA_D_8530635,15.724482536315918,15.74201488494873,ok
LA_D_8531203,17.367305755615234,17.417381286621094,ok
LA_D_8533998,18.440488815307617,18.455129623413086,ok
LA_D_8534191,10.094596862792969,10.112847328186035,ok
LA_D_8534416,13.735662460327148,13.747211456298828,ok
LA_D_8534526,12.928460121154785,12.933965682983398,ok
LA_D_8535380,15.964019775390625,15.970649719238281,ok
LA_D_8536051,11.560342788696289,11.559488296508789,ok
LA_D_8537544,11.413121223449707,11.413233757019043,ok
LA_D_8537694,13.21537971496582,13.227639198303223,ok
LA_D_8538675,16.60976791381836,16.61115264892578,ok
LA_D_8539612,17.558130264282227,17.577726364135742,ok
LA_D_8539634,16.1198673248291,16.126981735229492,ok
LA_D_8539674,13.224865913391113,13.2276029586792,ok
LA_D_8540229,13.033567428588867,13.033818244934082,ok
LA_D_8540397,12.335134506225586,12.34444522857666,ok
LA_D_8540770,12.566987991333008,12.577606201171875,ok
LA_D_8541205,13.811578750610352,13.81160831451416,ok
LA_D_8542121,8.769268035888672,8.784184455871582,ok
LA_D_8543293,11.730748176574707,11.753364562988281,ok
LA_D_8543737,13.375971794128418,13.379849433898926,ok
LA_D_8543878,23.987192153930664,23.99861717224121,ok
LA_D_8544546,-4.60623836517334,-4.617935657501221,ok
LA_D_8544570,16.03854751586914,16.046836853027344,ok
LA_D_8544644,18.293380737304688,18.301023483276367,ok
LA_D_8545409,14.861724853515625,14.880478858947754,ok
LA_D_8545660,14.790692329406738,14.802321434020996,ok
LA_D_8546068,15.010122299194336,15.047602653503418,ok
LA_D_8546378,12.945462226867676,12.987797737121582,ok
LA_D_8546481,14.99000358581543,14.999856948852539,ok
LA_D_8546655,13.827712059020996,13.846701622009277,ok
LA_D_8548417,16.890108108520508,16.894041061401367,ok
LA_D_8549144,-12.981350898742676,-12.985291481018066,ok
LA_D_8549576,17.390588760375977,17.395530700683594,ok
LA_D_8549945,12.768744468688965,12.769073486328125,ok
LA_D_8550381,9.78593921661377,9.78754711151123,ok
LA_D_8552142,16.897890090942383,16.92352294921875,ok
LA_D_8552859,11.633221626281738,11.637480735778809,ok
LA_D_8553650,-13.705863952636719,-13.711812019348145,ok
LA_D_8555156,16.36400032043457,16.36721420288086,ok
LA_D_8555387,5.644594192504883,5.638772010803223,ok
LA_D_8555530,15.094531059265137,15.11417293548584,ok
LA_D_8556216,15.676645278930664,15.696016311645508,ok
LA_D_8557721,13.129467010498047,13.154632568359375,ok
LA_D_8558362,14.11667251586914,14.12253475189209,ok
LA_D_8558988,12.288524627685547,12.301168441772461,ok
LA_D_8559605,14.645036697387695,14.662569999694824,ok
LA_D_8560239,13.357006072998047,13.358296394348145,ok
LA_D_8560313,8.075528144836426,8.081506729125977,ok
LA_D_8561006,15.451628684997559,15.45163631439209,ok
LA_D_8561401,17.106769561767578,17.115095138549805,ok
LA_D_8561841,17.623659133911133,17.64967155456543,ok
LA_D_8562559,14.189184188842773,14.21275806427002,ok
LA_D_8563620,7.963563919067383,7.974337100982666,ok
LA_D_8565229,12.453779220581055,12.497231483459473,ok
LA_D_8565833,14.095121383666992,14.094799995422363,ok
LA_D_8567575,15.084370613098145,15.086686134338379,ok
LA_D_8568451,-13.842964172363281,-13.846726417541504,ok
LA_D_8568773,10.304719924926758,10.308642387390137,ok
LA_D_8569086,16.539640426635742,16.5493221282959,ok
LA_D_8569313,10.632824897766113,10.656855583190918,ok
LA_D_8572188,15.946800231933594,15.948403358459473,ok
LA_D_8572375,-15.537525177001953,-15.548283576965332,ok
LA_D_8573686,18.736188888549805,18.75368309020996,ok
LA_D_8573818,14.038166046142578,14.039052963256836,ok
LA_D_8575854,11.454750061035156,11.464402198791504,ok
LA_D_8576496,13.218162536621094,13.2423677444458,ok
LA_D_8576711,13.649697303771973,13.692670822143555,ok
LA_D_8576937,14.075634956359863,14.09050464630127,ok
LA_D_8577756,-15.148091316223145,-15.151193618774414,ok
LA_D_8578970,14.96065616607666,14.962713241577148,ok
LA_D_8582039,-3.027822494506836,-3.02911376953125,ok
LA_D_8582209,15.088927268981934,15.109084129333496,ok
LA_D_8582702,18.202682495117188,18.232807159423828,ok
LA_D_8582931,16.788908004760742,16.793838500976562,ok
LA_D_8583087,12.321861267089844,12.367447853088379,ok
LA_D_8584336,13.258842468261719,13.278183937072754,ok
LA_D_8584532,13.612005233764648,13.617146492004395,ok
LA_D_8586128,12.118232727050781,12.144062995910645,ok
LA_D_8586602,15.431539535522461,15.433902740478516,ok
LA_D_8587705,11.992850303649902,11.996466636657715,ok
LA_D_8588899,15.906839370727539,15.913969993591309,ok
LA_D_8590984,21.265642166137695,21.26934242248535,ok
LA_D_8591429,-11.420432090759277,-11.428435325622559,ok
LA_D_8591446,12.414138793945312,12.414685249328613,ok
LA_D_8591522,16.064613342285156,16.06585693359375,ok
LA_D_8592787,11.809103012084961,11.80942440032959,ok
LA_D_8593631,20.07402992248535,20.100496292114258,ok
LA_D_8593660,14.574374198913574,14.596674919128418,ok
LA_D_8593699,14.640165328979492,14.649617195129395,ok
LA_D_8594051,-15.696232795715332,-15.699262619018555,ok
LA_D_8594091,12.31551456451416,12.317544937133789,ok
LA_D_8594594,7.270060062408447,7.270028591156006,ok
LA_D_8594927,13.84316635131836,13.867830276489258,ok
LA_D_8595379,10.765822410583496,10.87429141998291,ok
LA_D_8595477,14.827567100524902,14.843453407287598,ok
LA_D_8595493,17.94496726989746,17.97023582458496,ok
LA_D_8595981,11.466439247131348,11.466647148132324,ok
LA_D_8596240,-14.052392959594727,-14.053380966186523,ok
LA_D_8596396,15.429184913635254,15.439416885375977,ok
LA_D_8599184,12.857792854309082,12.86428165435791,ok
LA_D_8600039,-14.939903259277344,-14.97529125213623,ok
LA_D_8601811,19.593807220458984,19.63673210144043,ok
LA_D_8604395,13.5995512008667,13.62110424041748,ok
LA_D_8604643,14.086318969726562,14.105435371398926,ok
LA_D_8605221,12.083353996276855,12.08859920501709,ok
LA_D_8605887,12.132006645202637,12.133559226989746,ok
LA_D_8605975,17.000913619995117,17.024518966674805,ok
LA_D_8606381,13.213977813720703,13.218149185180664,ok
LA_D_8607094,15.773106575012207,15.781428337097168,ok
LA_D_8608217,15.189187049865723,15.19463062286377,ok
LA_D_8609217,16.71929168701172,16.7528018951416,ok
LA_D_8609765,11.997812271118164,12.021315574645996,ok
LA_D_8610307,12.586897850036621,12.58885669708252,ok
LA_D_8610426,1.8927909135818481,1.8887485265731812,ok
LA_D_8611140,8.352665901184082,8.363654136657715,ok
LA_D_8611156,15.23169994354248,15.23913860321045,ok
LA_D_8612035,16.162704467773438,16.19876480102539,ok
LA_D_8612905,16.424528121948242,16.437288284301758,ok
LA_D_8613483,10.740022659301758,10.747967720031738,ok
LA_D_8614682,17.136991500854492,17.148141860961914,ok
LA_D_8614773,4.952125549316406,4.96851110458374,ok
LA_D_8617115,17.05190086364746,17.05425453186035,ok
LA_D_8617247,15.33076286315918,15.332928657531738,ok
LA_D_8618689,11.742734909057617,11.742395401000977,ok
LA_D_8619253,13.85008430480957,13.854047775268555,ok
LA_D_8619260,15.59788703918457,15.615200996398926,ok
LA_D_8620622,-9.786761283874512,-9.79116439819336,ok
LA_D_8621322,-12.018094062805176,-12.030303001403809,ok
LA_D_8622815,14.885528564453125,14.890043258666992,ok
LA_D_8623253,13.16326904296875,13.192131996154785,ok
LA_D_8623607,-14.293745040893555,-14.29518985748291,ok
LA_D_8624407,14.612391471862793,14.624417304992676,ok
LA_D_8624575,9.956923484802246,9.957613945007324,ok
LA_D_8628343,19.74527359008789,19.782400131225586,ok
LA_D_8628678,16.75859260559082,16.76300621032715,ok
LA_D_8629864,5.412338733673096,5.427018642425537,ok
LA_D_8629908,8.88725757598877,8.89537525177002,ok
LA_D_8630262,15.350580215454102,15.375658988952637,ok
LA_D_8630312,3.7704102993011475,3.7760419845581055,ok
LA_D_8630528,14.09138011932373,14.12302303314209,ok
LA_D_8630942,18.990463256835938,18.99689292907715,ok
LA_D_8631402,17.03061866760254,17.030759811401367,ok
LA_D_8632099,14.741935729980469,14.745431900024414,ok
LA_D_8632409,18.267803192138672,18.26899528503418,ok
LA_D_8634956,5.467318058013916,5.46703577041626,ok
LA_D_8635185,12.425671577453613,12.43019962310791,ok
LA_D_8636461,7.50114107131958,7.5290303230285645,ok
LA_D_8637140,13.976591110229492,14.034651756286621,ok
LA_D_8637288,-14.478584289550781,-14.482918739318848,ok
LA_D_8638488,12.918998718261719,12.933440208435059,ok
LA_D_8638660,13.685062408447266,13.698419570922852,ok
LA_D_8640715,14.653449058532715,14.655343055725098,ok
LA_D_8641456,10.85879135131836,10.889280319213867,ok
LA_D_8641916,8.799817085266113,8.799851417541504,ok
LA_D_8644251,15.520462989807129,15.528809547424316,ok
LA_D_8646520,8.806281089782715,8.811591148376465,ok
LA_D_8646930,18.257625579833984,18.269380569458008,ok
LA_D_8647491,14.07845687866211,14.096292495727539,ok
LA_D_8648680,18.112197875976562,18.127201080322266,ok
LA_D_8648848,10.238889694213867,10.246914863586426,ok
LA_D_8649631,15.330008506774902,15.334819793701172,ok
LA_D_8651248,13.788875579833984,13.793182373046875,ok
LA_D_8652135,17.07427978515625,17.102163314819336,ok
LA_D_8653066,15.719216346740723,15.733170509338379,ok
LA_D_8653096,15.406420707702637,15.410584449768066,ok
LA_D_8653522,13.22411060333252,13.230062484741211,ok
LA_D_8653634,14.642969131469727,14.657177925109863,ok
LA_D_8653799,15.06795597076416,15.092024803161621,ok
LA_D_8655169,12.98560905456543,12.985543251037598,ok
LA_D_8655268,12.014372825622559,12.015259742736816,ok
LA_D_8655539,22.07901954650879,22.092241287231445,ok
LA_D_8655642,16.361757278442383,16.369647979736328,ok
LA_D_8656237,18.864185333251953,18.863706588745117,ok
LA_D_8656739,16.396827697753906,16.397144317626953,ok
LA_D_8657095,14.217756271362305,14.21817684173584,ok
LA_D_8657393,16.21002960205078,16.24381446838379,ok
LA_D_8658531,14.082435607910156,14.097691535949707,ok
LA_D_8659185,15.181107521057129,15.197108268737793,ok
LA_D_8659693,9.882195472717285,9.89442253112793,ok
LA_D_8660630,13.392877578735352,13.396662712097168,ok
LA_D_8661283,14.53761100769043,14.542206764221191,ok
LA_D_8663431,15.021949768066406,15.055134773254395,ok
LA_D_8663831,17.712909698486328,17.71291732788086,ok
LA_D_8664408,13.684247970581055,13.688374519348145,ok
LA_D_8665250,16.992807388305664,17.053232192993164,ok
LA_D_8666902,15.215536117553711,15.24882984161377,ok
LA_D_8667202,14.178424835205078,14.190853118896484,ok
LA_D_8667287,15.619667053222656,15.62396240234375,ok
LA_D_8667308,12.98865795135498,12.995732307434082,ok
LA_D_8668147,13.356070518493652,13.374741554260254,ok
LA_D_8669407,17.657188415527344,17.65799331665039,ok
LA_D_8670754,18.44944953918457,18.4986572265625,ok
LA_D_8671896,-10.25473403930664,-10.257548332214355,ok
LA_D_8672392,14.136649131774902,14.139580726623535,ok
LA_D_8672684,-7.225020408630371,-7.225488185882568,ok
LA_D_8672699,4.7465128898620605,4.7352142333984375,ok
LA_D_8674026,7.45243501663208,7.452332973480225,ok
LA_D_8674039,15.243148803710938,15.255452156066895,ok
LA_D_8674678,18.219961166381836,18.2797908782959,ok
LA_D_8675337,13.065637588500977,13.074167251586914,ok
LA_D_8675351,14.38338851928711,14.385071754455566,ok
LA_D_8675909,18.696929931640625,18.69795036315918,ok
LA_D_8676372,20.455154418945312,20.453166961669922,ok
LA_D_8676464,11.751164436340332,11.751504898071289,ok
LA_D_8677181,13.604604721069336,13.613109588623047,ok
LA_D_8678171,11.70250415802002,11.703871726989746,ok
LA_D_8678189,15.118566513061523,15.123428344726562,ok
LA_D_8678410,17.9815673828125,18.002071380615234,ok
LA_D_8678708,7.840948581695557,7.843110084533691,ok
LA_D_8679609,17.421798706054688,17.485780715942383,ok
LA_D_8679905,-8.891752243041992,-8.892547607421875,ok
LA_D_8680505,10.503890037536621,10.505749702453613,ok
LA_D_8682135,9.68094253540039,9.681010246276855,ok
LA_D_8682238,13.120865821838379,13.127655029296875,ok
LA_D_8682472,16.160158157348633,16.16029930114746,ok
LA_D_8683301,17.114643096923828,17.12256622314453,ok
LA_D_8683829,17.268417358398438,17.274518966674805,ok
LA_D_8684186,16.34440040588379,16.356229782104492,ok
LA_D_8686775,9.147833824157715,9.14710521697998,ok
LA_D_8686912,9.628479957580566,9.63158893585205,ok
LA_D_8689278,13.929688453674316,13.947579383850098,ok
LA_D_8689583,14.6500883102417,14.650606155395508,ok
LA_D_8690110,16.04182243347168,16.043455123901367,ok
LA_D_8691113,15.066617012023926,15.154532432556152,ok
LA_D_8692089,15.89993953704834,15.911903381347656,ok
LA_D_8692948,-14.675585746765137,-14.690070152282715,ok
LA_D_8693010,14.9058837890625,14.911809921264648,ok
LA_D_8693204,18.593690872192383,18.59917640686035,ok
LA_D_8693858,15.966471672058105,15.986737251281738,ok
LA_D_8696046,-13.419639587402344,-13.428704261779785,ok
LA_D_8696545,13.440948486328125,13.441333770751953,ok
LA_D_8697162,13.966282844543457,13.96717357635498,ok
LA_D_8697996,-14.116206169128418,-14.129528999328613,ok
LA_D_8698219,12.461220741271973,12.462946891784668,ok
LA_D_8699272,14.486541748046875,14.502310752868652,ok
LA_D_8700986,7.585740089416504,7.587106704711914,ok
LA_D_8701190,16.05968475341797,16.0771541595459,ok
LA_D_8702097,14.89512825012207,14.89970874786377,ok
LA_D_8702563,9.315816879272461,9.316701889038086,ok
LA_D_8704593,14.93736457824707,14.968095779418945,ok
LA_D_8704675,16.626035690307617,16.626880645751953,ok
LA_D_8704829,17.368927001953125,17.394245147705078,ok
LA_D_8705688,15.824532508850098,15.839555740356445,ok
LA_D_8705922,-15.031994819641113,-15.035822868347168,ok
LA_D_8708656,14.243226051330566,14.249588966369629,ok
LA_D_8708922,22.183582305908203,22.194839477539062,ok
LA_D_8710691,14.336014747619629,14.349469184875488,ok
LA_D_8711337,15.790306091308594,15.797966003417969,ok
LA_D_8712202,13.78203296661377,13.799426078796387,ok
LA_D_8712827,12.215612411499023,12.222487449645996,ok
LA_D_8713797,16.402149200439453,16.41261100769043,ok
LA_D_8713999,14.614022254943848,14.637330055236816,ok
LA_D_8715195,12.476770401000977,12.477057456970215,ok
LA_D_8715386,15.43505573272705,15.474342346191406,ok
LA_D_8715868,-11.895402908325195,-11.901169776916504,ok
LA_D_8716948,13.816061019897461,13.816128730773926,ok
LA_D_8718165,17.966028213500977,17.97598648071289,ok
LA_D_8718179,17.49190902709961,17.513525009155273,ok
LA_D_8718669,15.814482688903809,15.82088565826416,ok
LA_D_8719230,13.761375427246094,13.7628173828125,ok
LA_D_8719759,13.015854835510254,13.019852638244629,ok
LA_D_8720226,19.02201271057129,19.06610870361328,ok
LA_D_8720385,13.171232223510742,13.187241554260254,ok
LA_D_8721312,10.859294891357422,10.862915992736816,ok
LA_D_8723456,16.24812889099121,16.25873374938965,ok
LA_D_8723788,12.13180923461914,12.132064819335938,ok
LA_D_8724279,14.458036422729492,14.472448348999023,ok
LA_D_8724573,15.234624862670898,15.24569320678711,ok
LA_D_8724597,14.482951164245605,14.48715591430664,ok
LA_D_8724645,15.739174842834473,15.760371208190918,ok
LA_D_8726013,10.954917907714844,10.961308479309082,ok
LA_D_8726741,11.109950065612793,11.112574577331543,ok
LA_D_8726806,16.515695571899414,16.51772117614746,ok
LA_D_8728321,14.657744407653809,14.670159339904785,ok
LA_D_8728415,15.684226989746094,15.684694290161133,ok
LA_D_8728622,12.07716178894043,12.09885311126709,ok
LA_D_8729192,13.658597946166992,13.695429801940918,ok
LA_D_8729734,14.497695922851562,14.497773170471191,ok
LA_D_8729758,-13.302995681762695,-13.309388160705566,ok
LA_D_8732000,15.79611587524414,15.797492980957031,ok
LA_D_8732956,14.986785888671875,14.991424560546875,ok
LA_D_8733004,14.237475395202637,14.256803512573242,ok
LA_D_8733315,10.4644193649292,10.478325843811035,ok
LA_D_8735190,18.855146408081055,18.86376190185547,ok
LA_D_8735979,15.18759822845459,15.187714576721191,ok
LA_D_8736080,14.833470344543457,14.836161613464355,ok
LA_D_8736114,11.048367500305176,11.049647331237793,ok
LA_D_8736560,15.28033447265625,15.280816078186035,ok
LA_D_8736662,17.159944534301758,17.185575485229492,ok
LA_D_8737458,13.73577880859375,13.74488353729248,ok
LA_D_8737709,11.130390167236328,11.152894020080566,ok
LA_D_8738176,16.134374618530273,16.156021118164062,ok
LA_D_8739986,13.084990501403809,13.088288307189941,ok
LA_D_8742351,13.496027946472168,13.506609916687012,ok
LA_D_8743472,14.146773338317871,14.14834976196289,ok
LA_D_8744543,16.315847396850586,16.336103439331055,ok
LA_D_8745130,-13.805582046508789,-13.809344291687012,ok
LA_D_8745732,13.175881385803223,13.2157621383667,ok
LA_D_8747095,12.097890853881836,12.12588882446289,ok
LA_D_8749378,-11.934137344360352,-11.942927360534668,ok
LA_D_8749920,13.099530220031738,13.102262496948242,ok
LA_D_8750902,10.662982940673828,10.670978546142578,ok
LA_D_8752359,10.646382331848145,10.68121337890625,ok
LA_D_8752569,13.559099197387695,13.567387580871582,ok
LA_D_8753292,19.23179054260254,19.2413387298584,ok
LA_D_8753814,11.873109817504883,11.878103256225586,ok
LA_D_8754324,10.545114517211914,10.5606689453125,ok
LA_D_8754795,15.404011726379395,15.405985832214355,ok
LA_D_8755311,2.0542359352111816,2.055870532989502,ok
LA_D_8756797,17.66471290588379,17.67561149597168,ok
LA_D_8756941,9.635132789611816,9.637848854064941,ok
LA_D_8758676,16.464284896850586,16.4661808013916,ok
LA_D_8758724,12.1365327835083,12.143762588500977,ok
LA_D_8759407,-14.357940673828125,-14.358160972595215,ok
LA_D_8759603,7.295626640319824,7.295673370361328,ok
LA_D_8759658,11.179850578308105,11.187596321105957,ok
LA_D_8762609,15.740915298461914,15.770445823669434,ok
LA_D_8763399,12.265785217285156,12.2940092086792,ok
LA_D_8763624,15.741135597229004,15.742842674255371,ok
LA_D_8763928,11.150237083435059,11.157065391540527,ok
LA_D_8763956,12.217635154724121,12.220895767211914,ok
LA_D_8764151,9.789509773254395,9.795878410339355,ok
LA_D_8764534,16.411401748657227,16.422908782958984,ok
LA_D_8764848,13.861644744873047,13.87042236328125,ok
LA_D_8765013,15.34528636932373,15.350334167480469,ok
LA_D_8765813,10.441264152526855,10.447070121765137,ok
LA_D_8765991,-15.176913261413574,-15.179207801818848,ok
LA_D_8766017,10.074163436889648,10.075193405151367,ok
LA_D_8766024,13.333335876464844,13.340624809265137,ok
LA_D_8767583,-12.68379020690918,-12.685269355773926,ok
LA_D_8767671,-13.752824783325195,-13.793991088867188,ok
LA_D_8769232,11.55808162689209,11.555464744567871,ok
LA_D_8770785,16.753517150878906,16.756488800048828,ok
LA_D_8770826,18.67217445373535,18.729881286621094,ok
LA_D_8771564,15.398390769958496,15.404376029968262,ok
LA_D_8772966,14.61846923828125,14.637560844421387,ok
LA_D_8773029,-11.183442115783691,-11.191847801208496,ok
LA_D_8773329,-14.036232948303223,-14.045267105102539,ok
LA_D_8773895,12.803322792053223,12.808079719543457,ok
LA_D_8775447,11.408288955688477,11.409781455993652,ok
LA_D_8779034,13.321983337402344,13.322660446166992,ok
LA_D_8780503,11.67260456085205,11.678400993347168,ok
LA_D_8780884,13.185946464538574,13.198686599731445,ok
LA_D_8781931,15.143653869628906,15.170434951782227,ok
LA_D_8783109,14.023172378540039,14.035133361816406,ok
LA_D_8783507,11.900731086730957,11.901043891906738,ok
LA_D_8787336,13.743582725524902,13.748604774475098,ok
LA_D_8788079,16.10176658630371,16.1157169342041,ok
LA_D_8788142,8.149550437927246,8.15149211883545,ok
LA_D_8788165,14.313579559326172,14.34288215637207,ok
LA_D_8788522,15.26003360748291,15.3256254196167,ok
LA_D_8789190,15.390419960021973,15.400467872619629,ok
LA_D_8790703,13.42917251586914,13.455025672912598,ok
LA_D_8791163,4.247382164001465,4.247067451477051,ok
LA_D_8791416,11.5447998046875,11.560076713562012,ok
LA_D_8791449,12.2272367477417,12.255773544311523,ok
LA_D_8792267,12.504935264587402,12.505982398986816,ok
LA_D_8792663,15.30102825164795,15.305562973022461,ok
LA_D_8794217,7.101974964141846,7.1051788330078125,ok
LA_D_8795367,13.63170337677002,13.639836311340332,ok
LA_D_8795592,13.63241195678711,13.633914947509766,ok
LA_D_8796891,12.433186531066895,12.4331636428833,ok
LA_D_8798580,16.216398239135742,16.22418785095215,ok
LA_D_8798927,15.164555549621582,15.166977882385254,ok
LA_D_8800120,16.725339889526367,16.731203079223633,ok
LA_D_8800518,12.92520523071289,12.944662094116211,ok
LA_D_8801530,9.603445053100586,9.60897159576416,ok
LA_D_8801720,13.124463081359863,13.127335548400879,ok
LA_D_8804146,15.403528213500977,15.404936790466309,ok
LA_D_8805955,13.75971794128418,13.76305866241455,ok
LA_D_8806017,-13.132256507873535,-13.133599281311035,ok
LA_D_8808510,14.49676513671875,14.522007942199707,ok
LA_D_8808516,13.09194278717041,13.10229778289795,ok
LA_D_8808929,15.490898132324219,15.493996620178223,ok
LA_D_8808969,16.897241592407227,16.923980712890625,ok
LA_D_8809106,15.169838905334473,15.178986549377441,ok
LA_D_8811306,16.224353790283203,16.273799896240234,ok
LA_D_8811548,12.011836051940918,12.02248477935791,ok
LA_D_8811694,13.211236000061035,13.215795516967773,ok
LA_D_8812811,10.959025382995605,10.964224815368652,ok
LA_D_8813745,11.729546546936035,11.73219108581543,ok
LA_D_8814451,13.421746253967285,13.455218315124512,ok
LA_D_8814488,-13.804802894592285,-13.81985855102539,ok
LA_D_8815079,15.036928176879883,15.045661926269531,ok
LA_D_8815720,13.558207511901855,13.56269645690918,ok
LA_D_8816193,16.02540397644043,16.039138793945312,ok
LA_D_8816902,13.587858200073242,13.598580360412598,ok
LA_D_8817691,11.274906158447266,11.286369323730469,ok
LA_D_8818969,18.3421573638916,18.40559959411621,ok
LA_D_8820030,15.766833305358887,15.767396926879883,ok
LA_D_8820413,15.074567794799805,15.083300590515137,ok
LA_D_8821044,11.908088684082031,11.908036231994629,ok
LA_D_8821382,11.411131858825684,11.41256046295166,ok
LA_D_8824981,13.895384788513184,13.914653778076172,ok
LA_D_8825208,10.746013641357422,10.7598237991333,ok
LA_D_8826150,15.169839859008789,15.178875923156738,ok
LA_D_8826258,9.44279956817627,9.439895629882812,ok
LA_D_8827374,14.40174388885498,14.404563903808594,ok
LA_D_8829199,13.382816314697266,13.3881254196167,ok
LA_D_8829502,16.696056365966797,16.698301315307617,ok
LA_D_8829832,14.499015808105469,14.50866985321045,ok
LA_D_8830433,12.443632125854492,12.456733703613281,ok
LA_D_8830828,-9.102466583251953,-9.114362716674805,ok
LA_D_8831382,14.098895072937012,14.099093437194824,ok
LA_D_8832311,14.876197814941406,14.915507316589355,ok
LA_D_8832584,13.573579788208008,13.590989112854004,ok
LA_D_8832719,16.00347900390625,16.012908935546875,ok
LA_D_8833531,16.128446578979492,16.142187118530273,ok
LA_D_8833581,18.078399658203125,18.09148597717285,ok
LA_D_8833920,11.805514335632324,11.808133125305176,ok
LA_D_8833933,6.49001932144165,6.497036933898926,ok
LA_D_8836257,-12.66905689239502,-12.69472599029541,ok
LA_D_8838589,15.810476303100586,15.826774597167969,ok
LA_D_8840072,20.329927444458008,20.384933471679688,ok
LA_D_8840275,13.084981918334961,13.105122566223145,ok
LA_D_8841412,17.102590560913086,17.161773681640625,ok
LA_D_8842630,16.465696334838867,16.479578018188477,ok
LA_D_8842633,13.584807395935059,13.595136642456055,ok
LA_D_8844357,-15.26867961883545,-15.293519020080566,ok
LA_D_8844443,14.57234001159668,14.588598251342773,ok
LA_D_8845360,13.131181716918945,13.154955863952637,ok
LA_D_8846056,9.257678985595703,9.257519721984863,ok
LA_D_8846893,19.2874813079834,19.2921199798584,ok
LA_D_8847601,14.885564804077148,14.905535697937012,ok
LA_D_8848529,13.708470344543457,13.715478897094727,ok
LA_D_8849846,17.4664363861084,17.474897384643555,ok
LA_D_8850840,14.151227951049805,14.164291381835938,ok
LA_D_8850937,13.978877067565918,14.000260353088379,ok
LA_D_8851647,13.67392635345459,13.679608345031738,ok
LA_D_8852103,16.03304100036621,16.03806495666504,ok
LA_D_8852535,18.04477310180664,18.05401611328125,ok
LA_D_8852748,17.440847396850586,17.46157455444336,ok
LA_D_8853078,14.976640701293945,14.990703582763672,ok
LA_D_8858217,9.445033073425293,9.445390701293945,ok
LA_D_8861570,11.520084381103516,11.520349502563477,ok
LA_D_8861762,15.45826530456543,15.480467796325684,ok
LA_D_8862440,20.875757217407227,20.886178970336914,ok
LA_D_8862614,16.168231964111328,16.168970108032227,ok
LA_D_8863380,-12.090727806091309,-12.112698554992676,ok
LA_D_8863596,11.392526626586914,11.393927574157715,ok
LA_D_8864927,11.66207218170166,11.667624473571777,ok
LA_D_8865823,13.314192771911621,13.319252014160156,ok
LA_D_8866287,7.43255090713501,7.429142475128174,ok
LA_D_8866986,13.994163513183594,14.03207778930664,ok
LA_D_8867068,13.367284774780273,13.367548942565918,ok
LA_D_8868121,12.395856857299805,12.404301643371582,ok
LA_D_8868214,12.800755500793457,12.83229923248291,ok
LA_D_8868497,11.143304824829102,11.143453598022461,ok
LA_D_8869402,15.518625259399414,15.528596878051758,ok
LA_D_8870358,20.275327682495117,20.301198959350586,ok
LA_D_8870403,17.128189086914062,17.138208389282227,ok
LA_D_8870926,9.79841136932373,9.811553001403809,ok
LA_D_8871382,12.682571411132812,12.682311058044434,ok
LA_D_8871469,14.435219764709473,14.43719482421875,ok
LA_D_8871612,9.99819278717041,10.010753631591797,ok
LA_D_8871719,15.884504318237305,15.894354820251465,ok
LA_D_8873375,16.48162269592285,16.497583389282227,ok
LA_D_8874300,12.097063064575195,12.117475509643555,ok
LA_D_8875562,12.990150451660156,13.006003379821777,ok
LA_D_8875680,7.52609395980835,7.527108192443848,ok
LA_D_8875770,13.039412498474121,13.059208869934082,ok
LA_D_8875774,11.652154922485352,11.680028915405273,ok
LA_D_8875939,18.18345069885254,18.220659255981445,ok
LA_D_8876728,3.506702423095703,3.5155181884765625,ok
LA_D_8877909,15.646604537963867,15.674415588378906,ok
LA_D_8878315,10.00854778289795,10.025704383850098,ok
LA_D_8878321,12.170672416687012,12.172185897827148,ok
LA_D_8878567,6.904689788818359,6.907179832458496,ok
LA_D_8878573,14.806883811950684,14.80983829498291,ok
LA_D_8878659,10.357410430908203,10.359603881835938,ok
LA_D_8879292,-14.627388954162598,-14.628451347351074,ok
LA_D_8879769,18.46795654296875,18.488855361938477,ok
LA_D_8879962,20.6502742767334,20.67011070251465,ok
LA_D_8880043,15.651422500610352,15.666277885437012,ok
LA_D_8880302,-14.893890380859375,-14.936676025390625,ok
LA_D_8880932,15.120141983032227,15.161816596984863,ok
LA_D_8881042,7.577694416046143,7.57769775390625,ok
LA_D_8881354,12.650606155395508,12.653410911560059,ok
LA_D_8882807,15.69505500793457,15.713997840881348,ok
LA_D_8884919,11.741381645202637,11.746562004089355,ok
LA_D_8886611,14.155865669250488,14.171667098999023,ok
LA_D_8888903,13.439599990844727,13.450922966003418,ok
LA_D_8889202,16.08698081970215,16.12056541442871,ok
LA_D_8889390,14.040498733520508,14.046320915222168,ok
LA_D_8890877,10.286499977111816,10.286893844604492,ok
LA_D_8890967,13.874273300170898,13.892451286315918,ok
LA_D_8891088,16.070791244506836,16.087995529174805,ok
LA_D_8891307,12.978519439697266,12.990811347961426,ok
LA_D_8891814,18.058273315429688,18.062397003173828,ok
LA_D_8892690,12.798110008239746,12.802448272705078,ok
LA_D_8892958,17.95970344543457,17.96360206604004,ok
LA_D_8893730,19.386478424072266,19.39665985107422,ok
LA_D_8894641,8.488544464111328,8.491877555847168,ok
LA_D_8894648,14.752381324768066,14.757840156555176,ok
LA_D_8895696,11.680116653442383,11.684181213378906,ok
LA_D_8896610,11.625702857971191,11.653998374938965,ok
LA_D_8899399,-10.28899097442627,-10.294424057006836,ok
LA_D_8900733,10.13753890991211,10.15743637084961,ok
LA_D_8903895,13.661822319030762,13.66591739654541,ok
LA_D_8904858,13.294709205627441,13.297195434570312,ok
LA_D_8905681,15.506725311279297,15.632100105285645,ok
LA_D_8905956,20.92671012878418,20.95771598815918,ok
LA_D_8906850,12.654451370239258,12.653427124023438,ok
LA_D_8907825,14.800023078918457,14.800060272216797,ok
LA_D_8908261,12.712300300598145,12.713277816772461,ok
LA_D_8909496,21.947315216064453,22.039030075073242,ok
LA_D_8909861,-12.462653160095215,-12.470147132873535,ok
LA_D_8910316,12.277566909790039,12.285721778869629,ok
LA_D_8910822,13.607284545898438,13.607736587524414,ok
LA_D_8911190,14.210404396057129,14.230888366699219,ok
LA_D_8911365,11.40462875366211,11.40898609161377,ok
LA_D_8911591,14.742779731750488,14.762105941772461,ok
LA_D_8912596,15.329261779785156,15.332097053527832,ok
LA_D_8912899,17.11662483215332,17.1441593170166,ok
LA_D_8912964,2.4765937328338623,2.4867496490478516,ok
LA_D_8914938,9.020060539245605,9.027897834777832,ok
LA_D_8915463,13.599026679992676,13.649147033691406,ok
LA_D_8916939,12.1425142288208,12.146382331848145,ok
LA_D_8918981,13.807546615600586,13.831011772155762,ok
LA_D_8920232,18.160079956054688,18.170591354370117,ok
LA_D_8922428,13.472851753234863,13.485318183898926,ok
LA_D_8923139,12.743375778198242,12.761320114135742,ok
LA_D_8923373,11.762626647949219,11.765286445617676,ok
LA_D_8923577,14.808323860168457,14.823100090026855,ok
LA_D_8923789,14.552837371826172,14.56411361694336,ok
LA_D_8924553,-7.551581382751465,-7.560108661651611,ok
LA_D_8925094,16.557331085205078,16.599523544311523,ok
LA_D_8925211,12.253923416137695,12.253959655761719,ok
LA_D_8925628,18.401138305664062,18.42582893371582,ok
LA_D_8926504,13.924239158630371,13.937378883361816,ok
LA_D_8928209,6.963940143585205,6.968660831451416,ok
LA_D_8929588,11.356135368347168,11.357571601867676,ok
LA_D_8930242,15.49944019317627,15.50558853149414,ok
LA_D_8930518,16.92998504638672,16.980867385864258,ok
LA_D_8931062,15.612104415893555,15.610682487487793,ok
LA_D_8931596,-15.327776908874512,-15.340415000915527,ok
LA_D_8932667,13.569106101989746,13.571553230285645,ok
LA_D_8932992,11.778702735900879,11.78700065612793,ok
LA_D_8933531,19.577810287475586,19.61887550354004,ok
LA_D_8933570,-14.583603858947754,-14.597479820251465,ok
LA_D_8934450,14.21315860748291,14.2166748046875,ok
LA_D_8934774,14.244986534118652,14.267794609069824,ok
LA_D_8934893,12.957754135131836,12.968536376953125,ok
LA_D_8936540,-13.699947357177734,-13.720349311828613,ok
LA_D_8937390,14.068338394165039,14.068604469299316,ok
LA_D_8937760,11.561182022094727,11.562009811401367,ok
LA_D_8939040,14.770967483520508,14.772010803222656,ok
LA_D_8939153,9.523019790649414,9.540996551513672,ok
LA_D_8940296,11.850520133972168,11.857396125793457,ok
LA_D_8940643,17.035709381103516,17.046293258666992,ok
LA_D_8940981,3.3247060775756836,3.3277587890625,ok
LA_D_8941037,10.576244354248047,10.576714515686035,ok
LA_D_8941942,17.427446365356445,17.4478702545166,ok
LA_D_8942125,-11.33576774597168,-11.379050254821777,ok
LA_D_8942973,13.827404975891113,13.832831382751465,ok
LA_D_8943651,14.950119972229004,14.970850944519043,ok
LA_D_8944425,15.373489379882812,15.38375186920166,ok
LA_D_8944675,13.847708702087402,13.883143424987793,ok
LA_D_8947789,18.54081916809082,18.553884506225586,ok
LA_D_8947861,-14.302247047424316,-14.308222770690918,ok
LA_D_8948710,15.576044082641602,15.618352890014648,ok
LA_D_8950385,14.483331680297852,14.494272232055664,ok
LA_D_8950647,15.885869979858398,15.897149085998535,ok
LA_D_8950993,15.248480796813965,15.30643367767334,ok
LA_D_8951313,17.87663459777832,17.875871658325195,ok
LA_D_8952306,-10.732752799987793,-10.735054969787598,ok
LA_D_8954865,17.04427719116211,17.05999183654785,ok
LA_D_8954954,11.658361434936523,11.659273147583008,ok
LA_D_8955970,13.440629005432129,13.4513578414917,ok
LA_D_8956992,11.057848930358887,11.058032989501953,ok
LA_D_8957132,13.214343070983887,13.217174530029297,ok
LA_D_8957701,13.180477142333984,13.181700706481934,ok
LA_D_8957959,13.852444648742676,13.85163688659668,ok
LA_D_8958398,12.253464698791504,12.25125789642334,ok
LA_D_8958444,17.1633358001709,17.24825096130371,ok
LA_D_8959959,8.081377983093262,8.086772918701172,ok
LA_D_8960097,12.934178352355957,12.935284614562988,ok
LA_D_8960736,13.127248764038086,13.137924194335938,ok
LA_D_8961138,13.251786231994629,13.26701545715332,ok
LA_D_8961195,16.336477279663086,16.34086799621582,ok
LA_D_8961621,10.015713691711426,10.016683578491211,ok
LA_D_8961930,18.361846923828125,18.38410758972168,ok
LA_D_8962012,6.603899002075195,6.60404634475708,ok
LA_D_8964132,9.672511100769043,9.669951438903809,ok
LA_D_8964874,13.193530082702637,13.210978507995605,ok
LA_D_8965622,11.689300537109375,11.705389976501465,ok
LA_D_8967078,15.80361270904541,15.811460494995117,ok
LA_D_8967930,12.581499099731445,12.590543746948242,ok
LA_D_8969618,17.06275749206543,17.07404899597168,ok
LA_D_8971601,16.745351791381836,16.81223487854004,ok
LA_D_8971968,6.429485321044922,6.429497241973877,ok
LA_D_8974858,14.50059700012207,14.530631065368652,ok
LA_D_8975234,21.08011245727539,21.2109432220459,ok
LA_D_8975798,13.649168014526367,13.652082443237305,ok
LA_D_8976318,15.683025360107422,15.685023307800293,ok
LA_D_8976620,-12.56259822845459,-12.606040000915527,ok
LA_D_8978448,-12.433902740478516,-12.452738761901855,ok
LA_D_8978560,-13.787775039672852,-13.790934562683105,ok
LA_D_8979245,16.474178314208984,16.472137451171875,ok
LA_D_8980393,-14.869850158691406,-14.87974739074707,ok
LA_D_8980613,15.528586387634277,15.537546157836914,ok
LA_D_8983296,16.124366760253906,16.135046005249023,ok
LA_D_8983751,12.280742645263672,12.289748191833496,ok
LA_D_8983810,9.854637145996094,9.861003875732422,ok
LA_D_8986360,-13.730198860168457,-13.737391471862793,ok
LA_D_8986682,18.952510833740234,18.953264236450195,ok
LA_D_8986725,9.312047004699707,9.320148468017578,ok
LA_D_8987632,15.497293472290039,15.500420570373535,ok
LA_D_8987674,10.457281112670898,10.460737228393555,ok
LA_D_8987827,19.412084579467773,19.421110153198242,ok
LA_D_8988479,11.084474563598633,11.128029823303223,ok
LA_D_8988605,20.143152236938477,20.148805618286133,ok
LA_D_8989585,-9.940797805786133,-9.963589668273926,ok
LA_D_8991753,14.511561393737793,14.52270221710205,ok
LA_D_8991799,8.857271194458008,8.858353614807129,ok
LA_D_8992743,15.598431587219238,15.613686561584473,ok
LA_D_8992776,11.177453994750977,11.186468124389648,ok
LA_D_8992901,10.79630184173584,10.801694869995117,ok
LA_D_8993681,-16.39297866821289,-16.400667190551758,ok
LA_D_8994328,15.06204891204834,15.07568359375,ok
LA_D_8995264,-0.21962569653987885,-0.22408419847488403,ok
LA_D_8995647,-12.725326538085938,-12.732661247253418,ok
LA_D_8997256,9.70624828338623,9.70760440826416,ok
LA_D_8998352,14.293994903564453,14.306319236755371,ok
LA_D_8998915,15.96298885345459,15.970279693603516,ok
LA_D_8998984,15.225441932678223,15.235692024230957,ok
LA_D_9000151,11.584840774536133,11.590067863464355,ok
LA_D_9001681,14.51835823059082,14.51933479309082,ok
LA_D_9002788,10.75064754486084,10.759113311767578,ok
LA_D_9005051,8.354103088378906,8.355469703674316,ok
LA_D_9005941,13.115715980529785,13.117258071899414,ok
LA_D_9006149,14.132969856262207,14.14144229888916,ok
LA_D_9007860,17.494709014892578,17.583690643310547,ok
LA_D_9008937,13.387889862060547,13.39149284362793,ok
LA_D_9011396,14.40768051147461,14.41074275970459,ok
LA_D_9011511,14.058258056640625,14.060465812683105,ok
LA_D_9012249,15.590437889099121,15.605463027954102,ok
LA_D_9012367,13.813474655151367,13.824584007263184,ok
LA_D_9013901,12.610846519470215,12.614999771118164,ok
LA_D_9014300,15.354643821716309,15.358460426330566,ok
LA_D_9014425,12.693347930908203,12.693798065185547,ok
LA_D_9017623,19.218721389770508,19.246278762817383,ok
LA_D_9018221,9.95211410522461,9.953842163085938,ok
LA_D_9020589,15.391057014465332,15.394124031066895,ok
LA_D_9021893,14.84857177734375,14.929244995117188,ok
LA_D_9022054,14.516582489013672,14.529281616210938,ok
LA_D_9023318,16.99705696105957,17.02248764038086,ok
LA_D_9025240,16.23594093322754,16.252836227416992,ok
LA_D_9026344,17.047855377197266,17.05447769165039,ok
LA_D_9026390,10.802658081054688,10.803439140319824,ok
LA_D_9027095,-12.666152000427246,-12.677170753479004,ok
LA_D_9030143,9.075228691101074,9.074254035949707,ok
LA_D_9032192,16.149669647216797,16.169099807739258,ok
LA_D_9033630,17.47212028503418,17.48193359375,ok
LA_D_9035942,-6.208470344543457,-6.208710193634033,ok
LA_D_9036300,9.785734176635742,9.831999778747559,ok
LA_D_9036585,11.460062026977539,11.467334747314453,ok
LA_D_9036703,8.093123435974121,8.094647407531738,ok
LA_D_9037892,18.33241081237793,18.3487606048584,ok
LA_D_9038073,16.58389663696289,16.59971046447754,ok
LA_D_9039108,9.649534225463867,9.653909683227539,ok
LA_D_9039340,14.524206161499023,14.552932739257812,ok
LA_D_9039771,-13.962860107421875,-13.967538833618164,ok
LA_D_9040314,9.64124870300293,9.640853881835938,ok
LA_D_9040602,-15.273232460021973,-15.291139602661133,ok
LA_D_9042048,16.003705978393555,16.01401138305664,ok
LA_D_9042253,-14.000993728637695,-14.005430221557617,ok
LA_D_9043636,19.829002380371094,19.830995559692383,ok
LA_D_9044209,13.05174446105957,13.07653522491455,ok
LA_D_9045200,10.914759635925293,10.92056655883789,ok
LA_D_9045570,14.811382293701172,14.81400203704834,ok
LA_D_9048413,11.261236190795898,11.266936302185059,ok
LA_D_9048737,13.625968933105469,13.626618385314941,ok
LA_D_9049736,16.90616798400879,16.9106388092041,ok
LA_D_9050106,12.529303550720215,12.532166481018066,ok
LA_D_9051356,15.817553520202637,15.834073066711426,ok
LA_D_9053095,14.855523109436035,14.857823371887207,ok
LA_D_9053096,10.007558822631836,10.008157730102539,ok
LA_D_9053193,12.327844619750977,12.355466842651367,ok
LA_D_9053763,16.640748977661133,16.648906707763672,ok
LA_D_9055271,12.579535484313965,12.588753700256348,ok
LA_D_9058027,14.70922565460205,14.726367950439453,ok
LA_D_9058492,20.121522903442383,20.13309097290039,ok
LA_D_9058869,16.419788360595703,16.420507431030273,ok
LA_D_9059259,11.045741081237793,11.045945167541504,ok
LA_D_9059452,19.833091735839844,19.87876319885254,ok
LA_D_9062081,-13.904508590698242,-13.911015510559082,ok
LA_D_9063622,12.0933837890625,12.09543514251709,ok
LA_D_9064394,11.333080291748047,11.333329200744629,ok
LA_D_9065595,3.550769090652466,3.5541815757751465,ok
LA_D_9065762,-12.123034477233887,-12.131197929382324,ok
LA_D_9066461,18.34737205505371,18.36604881286621,ok
LA_D_9066739,16.013036727905273,16.0200138092041,ok
LA_D_9067610,16.875030517578125,16.87617301940918,ok
LA_D_9068099,17.11461639404297,17.118410110473633,ok
LA_D_9071072,15.349244117736816,15.350249290466309,ok
LA_D_9072602,14.641756057739258,14.652294158935547,ok
LA_D_9073444,14.582581520080566,14.587837219238281,ok
LA_D_9073905,15.638382911682129,15.654489517211914,ok
LA_D_9074375,15.668412208557129,15.685894012451172,ok
LA_D_9075341,14.069677352905273,14.1144380569458,ok
LA_D_9076677,-13.488384246826172,-13.488876342773438,ok
LA_D_9076744,13.104442596435547,13.110186576843262,ok
LA_D_9077132,14.816909790039062,14.817890167236328,ok
LA_D_9077999,18.25230598449707,18.254322052001953,ok
LA_D_9080371,-13.547449111938477,-13.554458618164062,ok
LA_D_9080415,10.887706756591797,10.900161743164062,ok
LA_D_9081617,15.499164581298828,15.508049964904785,ok
LA_D_9082501,19.092012405395508,19.092527389526367,ok
LA_D_9085002,21.49423599243164,21.543163299560547,ok
LA_D_9086230,11.445183753967285,11.457868576049805,ok
LA_D_9086287,13.05699634552002,13.066568374633789,ok
LA_D_9091046,9.819056510925293,9.819049835205078,ok
LA_D_9091774,-14.603618621826172,-14.608257293701172,ok
LA_D_9092108,13.898855209350586,13.902016639709473,ok
LA_D_9092221,20.136272430419922,20.13657569885254,ok
LA_D_9092413,19.90182876586914,19.931848526000977,ok
LA_D_9092875,13.311135292053223,13.312652587890625,ok
LA_D_9093007,11.759684562683105,11.761641502380371,ok
LA_D_9094488,18.933374404907227,18.95766258239746,ok
LA_D_9094713,17.158870697021484,17.168188095092773,ok
LA_D_9095089,16.751243591308594,16.752195358276367,ok
LA_D_9095164,-11.154553413391113,-11.160508155822754,ok
LA_D_9095485,14.223670959472656,14.226277351379395,ok
LA_D_9095874,7.223817348480225,7.242026329040527,ok
LA_D_9096004,11.694671630859375,11.702714920043945,ok
LA_D_9096116,15.159467697143555,15.16141414642334,ok
LA_D_9096187,11.45058822631836,11.452364921569824,ok
LA_D_9097473,10.803348541259766,10.813946723937988,ok
LA_D_9098375,12.607539176940918,12.6144380569458,ok
LA_D_9098847,13.238384246826172,13.238369941711426,ok
LA_D_9101305,13.969090461730957,13.97253131866455,ok
LA_D_9101643,14.425397872924805,14.439981460571289,ok
LA_D_9103728,15.515995025634766,15.529233932495117,ok
LA_D_9105267,12.847967147827148,12.850346565246582,ok
LA_D_9105293,20.31603240966797,20.36566734313965,ok
LA_D_9106136,16.732343673706055,16.733051300048828,ok
LA_D_9106315,13.365636825561523,13.378186225891113,ok
LA_D_9107569,13.073126792907715,13.07337474822998,ok
LA_D_9109666,14.57396125793457,14.575539588928223,ok
LA_D_9109915,17.625577926635742,17.625883102416992,ok
LA_D_9111429,14.857004165649414,14.874845504760742,ok
LA_D_9112845,13.576835632324219,13.583069801330566,ok
LA_D_9113299,-13.015471458435059,-13.019393920898438,ok
LA_D_9113588,-8.776496887207031,-8.782660484313965,ok
LA_D_9115231,17.092082977294922,17.103492736816406,ok
LA_D_9115338,13.885528564453125,13.8986234664917,ok
LA_D_9115565,1.3311887979507446,1.3377577066421509,ok
LA_D_9117374,-15.084430694580078,-15.0921049118042,ok
LA_D_9117562,12.66170597076416,12.662732124328613,ok
LA_D_9118224,14.759838104248047,14.787239074707031,ok
LA_D_9118659,-13.537188529968262,-13.553386688232422,ok
LA_D_9119095,13.389161109924316,13.396774291992188,ok
LA_D_9119177,11.434122085571289,11.445956230163574,ok
LA_D_9120091,12.153061866760254,12.164462089538574,ok
LA_D_9120425,16.852489471435547,16.853479385375977,ok
LA_D_9121380,13.44996166229248,13.461718559265137,ok
LA_D_9121718,15.427267074584961,15.427712440490723,ok
LA_D_9122016,12.290220260620117,12.29746150970459,ok
LA_D_9122088,9.406096458435059,9.417183876037598,ok
LA_D_9122497,11.677778244018555,11.685507774353027,ok
LA_D_9123838,12.301350593566895,12.302979469299316,ok
LA_D_9125336,10.453299522399902,10.46094799041748,ok
LA_D_9125966,-15.223456382751465,-15.237658500671387,ok
LA_D_9126409,-14.577300071716309,-14.58569049835205,ok
LA_D_9127001,11.548568725585938,11.554118156433105,ok
LA_D_9127411,19.070402145385742,19.12210464477539,ok
LA_D_9129067,17.495874404907227,17.592546463012695,ok
LA_D_9129216,14.358999252319336,14.373662948608398,ok
LA_D_9131105,17.927953720092773,17.956804275512695,ok
LA_D_9131527,13.654068946838379,13.661112785339355,ok
LA_D_9132728,12.932849884033203,12.946006774902344,ok
LA_D_9133128,14.950013160705566,14.961968421936035,ok
LA_D_9133444,-14.913057327270508,-14.91795825958252,ok
LA_D_9134485,13.68630599975586,13.699397087097168,ok
LA_D_9135294,-12.500672340393066,-12.501280784606934,ok
LA_D_9135528,14.1210298538208,14.122929573059082,ok
LA_D_9136883,17.953166961669922,17.967687606811523,ok
LA_D_9137331,-14.804022789001465,-14.807364463806152,ok
LA_D_9138868,12.295042037963867,12.295992851257324,ok
LA_D_9138892,9.42718505859375,9.428915977478027,ok
LA_D_9140494,14.52291488647461,14.545931816101074,ok
LA_D_9140619,16.459562301635742,16.461393356323242,ok
LA_D_9144289,8.721786499023438,8.718132972717285,ok
LA_D_9144406,18.610082626342773,18.620943069458008,ok
LA_D_9146484,-13.842900276184082,-13.866508483886719,ok
LA_D_9146864,15.125073432922363,15.122779846191406,ok
LA_D_9147299,15.213983535766602,15.214542388916016,ok
LA_D_9147825,15.603214263916016,15.660714149475098,ok
LA_D_9148057,21.109947204589844,21.135154724121094,ok
LA_D_9148724,13.911168098449707,13.925508499145508,ok
LA_D_9149364,13.853499412536621,13.867846488952637,ok
LA_D_9149883,11.958355903625488,11.995305061340332,ok
LA_D_9150782,14.37163257598877,14.40330696105957,ok
LA_D_9151278,11.26602840423584,11.278797149658203,ok
LA_D_9151418,18.840179443359375,18.864788055419922,ok
LA_D_9152403,6.726504802703857,6.7280168533325195,ok
LA_D_9153269,13.837989807128906,13.846115112304688,ok
LA_D_9154948,15.529956817626953,15.541817665100098,ok
LA_D_9155834,17.042078018188477,17.05161476135254,ok
LA_D_9156038,6.586297035217285,6.5940260887146,ok
LA_D_9156390,15.234707832336426,15.245503425598145,ok
LA_D_9158496,20.723731994628906,20.727956771850586,ok
LA_D_9159389,18.590375900268555,18.597795486450195,ok
LA_D_9159860,13.143738746643066,13.152607917785645,ok
LA_D_9159907,-15.26029109954834,-15.262430191040039,ok
LA_D_9160139,12.842974662780762,12.843058586120605,ok
LA_D_9160310,-14.051983833312988,-14.057454109191895,ok
LA_D_9160362,13.631536483764648,13.632670402526855,ok
LA_D_9160621,12.30827522277832,12.380906105041504,ok
LA_D_9160943,13.01728343963623,13.027100563049316,ok
LA_D_9161942,10.595815658569336,10.596230506896973,ok
LA_D_9162612,11.317300796508789,11.317277908325195,ok
LA_D_9163803,14.521085739135742,14.542658805847168,ok
LA_D_9165189,15.386622428894043,15.388612747192383,ok
LA_D_9165269,12.142671585083008,12.151320457458496,ok
LA_D_9165454,14.511195182800293,14.515384674072266,ok
LA_D_9167206,-13.287735939025879,-13.287816047668457,ok
LA_D_9167498,14.637799263000488,14.686060905456543,ok
LA_D_9167860,11.385506629943848,11.386319160461426,ok
LA_D_9170505,16.37393569946289,16.390161514282227,ok
LA_D_9170533,15.862037658691406,15.864533424377441,ok
LA_D_9170546,18.194272994995117,18.197057723999023,ok
LA_D_9170640,13.698945999145508,13.702733993530273,ok
LA_D_9170829,12.850565910339355,12.860264778137207,ok
LA_D_9171276,13.385902404785156,13.40117359161377,ok
LA_D_9172298,-13.031342506408691,-13.032105445861816,ok
LA_D_9172994,17.51214599609375,17.513410568237305,ok
LA_D_9173096,14.942935943603516,14.969297409057617,ok
LA_D_9173264,14.42792797088623,14.429911613464355,ok
LA_D_9173342,14.085569381713867,14.11021614074707,ok
LA_D_9173640,12.664487838745117,12.699488639831543,ok
LA_D_9173760,14.292532920837402,14.314949035644531,ok
LA_D_9174169,13.742487907409668,13.750836372375488,ok
LA_D_9174943,11.505956649780273,11.514363288879395,ok
LA_D_9175079,13.10071849822998,13.12231731414795,ok
LA_D_9175542,8.78693675994873,8.787619590759277,ok
LA_D_9175790,20.230144500732422,20.25404930114746,ok
LA_D_9176089,9.692903518676758,9.693097114562988,ok
LA_D_9178334,11.32703685760498,11.331681251525879,ok
LA_D_9178466,14.926519393920898,14.929770469665527,ok
LA_D_9178575,13.536185264587402,13.539302825927734,ok
LA_D_9178673,14.147504806518555,14.152995109558105,ok
LA_D_9180251,4.534257888793945,4.538924694061279,ok
LA_D_9180824,17.520549774169922,17.520862579345703,ok
LA_D_9182085,12.514892578125,12.514688491821289,ok
LA_D_9183395,-14.893010139465332,-14.902222633361816,ok
LA_D_9183719,11.414953231811523,11.420121192932129,ok
LA_D_9184655,-11.334606170654297,-11.4025297164917,ok
LA_D_9189588,15.16421890258789,15.16326904296875,ok
LA_D_9189777,11.95848560333252,11.961237907409668,ok
LA_D_9191160,14.207693099975586,14.211135864257812,ok
LA_D_9192418,13.360517501831055,13.399649620056152,ok
LA_D_9192772,14.099875450134277,14.107069969177246,ok
LA_D_9193020,15.34619426727295,15.359295845031738,ok
LA_D_9194593,14.48540210723877,14.519265174865723,ok
LA_D_9195548,14.582697868347168,14.599996566772461,ok
LA_D_9196227,13.839377403259277,13.853354454040527,ok
LA_D_9196257,4.2509379386901855,4.2455878257751465,ok
LA_D_9196271,18.634685516357422,18.636655807495117,ok
LA_D_9197432,9.386152267456055,9.401050567626953,ok
LA_D_9197542,17.696331024169922,17.696924209594727,ok
LA_D_9198030,13.525771141052246,13.525921821594238,ok
LA_D_9199194,12.307638168334961,12.310995101928711,ok
LA_D_9200045,-13.256083488464355,-13.27259349822998,ok
LA_D_9201990,16.061656951904297,16.08037757873535,ok
LA_D_9202951,13.890922546386719,13.910886764526367,ok
LA_D_9203142,17.313251495361328,17.33257484436035,ok
LA_D_9204208,20.699560165405273,20.778759002685547,ok
LA_D_9206015,14.115650177001953,14.1192626953125,ok
LA_D_9206035,9.641357421875,9.643229484558105,ok
LA_D_9207502,11.238107681274414,11.247010231018066,ok
LA_D_9208964,13.444283485412598,13.449732780456543,ok
LA_D_9209018,16.344974517822266,16.362281799316406,ok
LA_D_9209406,10.993003845214844,10.993496894836426,ok
LA_D_9209591,-13.281110763549805,-13.281684875488281,ok
LA_D_9210275,11.302764892578125,11.305583000183105,ok
LA_D_9212778,14.041322708129883,14.051093101501465,ok
LA_D_9216190,13.816975593566895,13.816069602966309,ok
LA_D_9217255,15.050434112548828,15.051366806030273,ok
LA_D_9217605,15.82715129852295,15.829571723937988,ok
LA_D_9218689,16.713336944580078,16.79383659362793,ok
LA_D_9219265,14.013898849487305,14.016165733337402,ok
LA_D_9220018,15.461491584777832,15.468794822692871,ok
LA_D_9222077,15.76938247680664,15.783163070678711,ok
LA_D_9222686,13.663006782531738,13.682257652282715,ok
LA_D_9223694,17.04694175720215,17.0716552734375,ok
LA_D_9224096,-13.53276538848877,-13.54131031036377,ok
LA_D_9224359,9.172472953796387,9.172507286071777,ok
LA_D_9225299,15.913269996643066,15.916243553161621,ok
LA_D_9226269,17.620161056518555,17.643945693969727,ok
LA_D_9230787,15.771867752075195,15.855843544006348,ok
LA_D_9231954,12.8236083984375,12.834310531616211,ok
LA_D_9232895,17.4978084564209,17.506576538085938,ok
LA_D_9233372,18.090076446533203,18.118301391601562,ok
LA_D_9233697,16.7906494140625,16.813188552856445,ok
LA_D_9235322,10.605320930480957,10.614776611328125,ok
LA_D_9236613,18.464462280273438,18.47588348388672,ok
LA_D_9237935,15.346220016479492,15.352669715881348,ok
LA_D_9238403,11.607073783874512,11.618020057678223,ok
LA_D_9238588,9.63839054107666,9.638407707214355,ok
LA_D_9238626,11.613075256347656,11.618204116821289,ok
LA_D_9240035,-14.172161102294922,-14.23641300201416,ok
LA_D_9240337,14.88378620147705,14.888326644897461,ok
LA_D_9241229,-13.592045783996582,-13.607220649719238,ok
LA_D_9241230,13.499665260314941,13.513263702392578,ok
LA_D_9241530,-14.321194648742676,-14.327752113342285,ok
LA_D_9241694,15.859492301940918,15.882781982421875,ok
LA_D_9242112,16.40644073486328,16.42768669128418,ok
LA_D_9242631,13.50920581817627,13.523587226867676,ok
LA_D_9242976,19.909889221191406,19.992082595825195,ok
LA_D_9244255,13.026227951049805,13.03122615814209,ok
LA_D_9244478,17.348249435424805,17.348222732543945,ok
LA_D_9246417,12.882624626159668,12.890667915344238,ok
LA_D_9247963,10.493975639343262,10.495601654052734,ok
LA_D_9248076,14.68160629272461,14.701011657714844,ok
LA_D_9248232,17.11534309387207,17.147390365600586,ok
LA_D_9249528,16.657339096069336,16.66506004333496,ok
LA_D_9249738,13.970521926879883,13.979244232177734,ok
LA_D_9250654,10.693498611450195,10.694247245788574,ok
LA_D_9251632,13.189680099487305,13.193031311035156,ok
LA_D_9251833,15.398897171020508,15.400153160095215,ok
LA_D_9254137,14.85687255859375,14.863404273986816,ok
LA_D_9254481,16.79108428955078,16.79883575439453,ok
LA_D_9255229,15.972702980041504,15.999247550964355,ok
LA_D_9257320,14.186762809753418,14.21562385559082,ok
LA_D_9257491,7.221527576446533,7.221141815185547,ok
LA_D_9258278,11.121881484985352,11.14525318145752,ok
LA_D_9259569,11.85180377960205,11.871103286743164,ok
LA_D_9260902,-13.922541618347168,-13.928400993347168,ok
LA_D_9261139,14.534844398498535,14.540457725524902,ok
LA_D_9262171,12.94924545288086,12.952462196350098,ok
LA_D_9262825,13.005294799804688,13.013813972473145,ok
LA_D_9264205,14.302215576171875,14.310861587524414,ok
LA_D_9264408,16.257694244384766,16.272613525390625,ok
LA_D_9265361,13.885741233825684,13.89554500579834,ok
LA_D_9266618,9.27508544921875,9.279339790344238,ok
LA_D_9266761,18.067413330078125,18.08625602722168,ok
LA_D_9269691,17.28845977783203,17.290428161621094,ok
LA_D_9270152,14.493422508239746,14.5300931930542,ok
LA_D_9271439,15.840865135192871,15.844803810119629,ok
LA_D_9272509,-11.320783615112305,-11.330307960510254,ok
LA_D_9272636,-15.023140907287598,-15.03023624420166,ok
LA_D_9273017,14.539827346801758,14.540385246276855,ok
LA_D_9274099,11.005768775939941,11.021207809448242,ok
LA_D_9274326,12.671565055847168,12.686348915100098,ok
LA_D_9274477,12.845749855041504,12.848372459411621,ok
LA_D_9275415,10.683937072753906,10.69013500213623,ok
LA_D_9275744,18.728717803955078,18.764591217041016,ok
LA_D_9275774,16.564088821411133,16.567258834838867,ok
LA_D_9277522,16.93099021911621,16.95380210876465,ok
LA_D_9278101,14.132120132446289,14.135820388793945,ok
LA_D_9278326,18.727190017700195,18.74372673034668,ok
LA_D_9278460,14.271315574645996,14.27542495727539,ok
LA_D_9278655,12.496021270751953,12.49765396118164,ok
LA_D_9279366,11.982951164245605,11.983528137207031,ok
LA_D_9281005,10.678573608398438,10.680137634277344,ok
LA_D_9281870,11.945755958557129,11.945746421813965,ok
LA_D_9284758,13.437630653381348,13.44039535522461,ok
LA_D_9287127,14.3652982711792,14.396956443786621,ok
LA_D_9287624,10.200014114379883,10.201167106628418,ok
LA_D_9288877,16.17333984375,16.193729400634766,ok
LA_D_9289055,16.72113037109375,16.7442626953125,ok
LA_D_9289260,13.52260971069336,13.535238265991211,ok
LA_D_9289288,16.673429489135742,16.688955307006836,ok
LA_D_9289511,14.377803802490234,14.405682563781738,ok
LA_D_9289629,12.035530090332031,12.048286437988281,ok
LA_D_9290170,10.84346866607666,10.84354305267334,ok
LA_D_9291135,10.754100799560547,10.754929542541504,ok
LA_D_9291930,13.810507774353027,13.810505867004395,ok
LA_D_9292862,17.513084411621094,17.52358055114746,ok
LA_D_9294766,16.181964874267578,16.191062927246094,ok
LA_D_9295080,-11.184527397155762,-11.190849304199219,ok
LA_D_9295289,14.28290843963623,14.306048393249512,ok
LA_D_9295689,13.53433609008789,13.543620109558105,ok
LA_D_9297011,13.42136287689209,13.429808616638184,ok
LA_D_9297479,14.438946723937988,14.440494537353516,ok
LA_D_9298211,21.706344604492188,21.708467483520508,ok
LA_D_9298303,14.495126724243164,14.502007484436035,ok
LA_D_9299077,13.55571460723877,13.555756568908691,ok
LA_D_9299686,-7.861997604370117,-7.862001419067383,ok
LA_D_9300277,-14.983159065246582,-14.984728813171387,ok
LA_D_9301345,17.406370162963867,17.4118595123291,ok
LA_D_9301839,16.70512580871582,16.78333282470703,ok
LA_D_9302376,9.670686721801758,9.674583435058594,ok
LA_D_9303374,13.385272979736328,13.396273612976074,ok
LA_D_9304099,-14.135865211486816,-14.142304420471191,ok
LA_D_9304694,11.931095123291016,11.94839096069336,ok
LA_D_9304826,14.647723197937012,14.675211906433105,ok
LA_D_9305104,12.872030258178711,12.881186485290527,ok
LA_D_9305138,11.180187225341797,11.190972328186035,ok
LA_D_9305482,17.85334587097168,17.855426788330078,ok
LA_D_9305654,12.891895294189453,12.916027069091797,ok
LA_D_9306659,12.048718452453613,12.056870460510254,ok
LA_D_9308388,14.976127624511719,14.980311393737793,ok
LA_D_9308715,19.502155303955078,19.513334274291992,ok
LA_D_9310262,16.397201538085938,16.4339656829834,ok
LA_D_9311350,-15.831267356872559,-15.837162971496582,ok
LA_D_9314069,12.676440238952637,12.689797401428223,ok
LA_D_9314868,12.559881210327148,12.560879707336426,ok
LA_D_9314884,14.147683143615723,14.182548522949219,ok
LA_D_9315635,15.807674407958984,15.820748329162598,ok
LA_D_9316058,16.421154022216797,16.42743492126465,ok
LA_D_9318857,14.92656135559082,14.928938865661621,ok
LA_D_9319228,11.612051010131836,11.612332344055176,ok
LA_D_9319381,-7.468843936920166,-7.499034881591797,ok
LA_D_9320180,14.393568992614746,14.42938232421875,ok
LA_D_9321322,9.159802436828613,9.168585777282715,ok
LA_D_9321479,11.383085250854492,11.391785621643066,ok
LA_D_9322246,14.816317558288574,14.841524124145508,ok
LA_D_9323100,14.669812202453613,14.676127433776855,ok
LA_D_9323815,-14.338987350463867,-14.386005401611328,ok
LA_D_9323962,16.617799758911133,16.619861602783203,ok
LA_D_9325156,9.603286743164062,9.607049942016602,ok
LA_D_9325392,19.11439323425293,19.114328384399414,ok
LA_D_9326060,15.515968322753906,15.532069206237793,ok
LA_D_9327413,12.415165901184082,12.416021347045898,ok
LA_D_9327657,16.732955932617188,16.743379592895508,ok
LA_D_9330492,-12.175029754638672,-12.19235897064209,ok
LA_D_9331853,16.556442260742188,16.571226119995117,ok
LA_D_9332950,15.185306549072266,15.191654205322266,ok
LA_D_9333859,13.391092300415039,13.393301963806152,ok
LA_D_9334540,14.626921653747559,14.700395584106445,ok
LA_D_9334822,18.93140983581543,18.968700408935547,ok
LA_D_9335121,16.21167755126953,16.216920852661133,ok
LA_D_9335130,13.045656204223633,13.074166297912598,ok
LA_D_9335232,15.33191967010498,15.339597702026367,ok
LA_D_9335272,14.599303245544434,14.628169059753418,ok
LA_D_9335831,11.574329376220703,11.5756254196167,ok
LA_D_9336302,12.192072868347168,12.192017555236816,ok
LA_D_9337299,18.849573135375977,18.867334365844727,ok
LA_D_9338745,14.033465385437012,14.052153587341309,ok
LA_D_9341282,16.33612632751465,16.369365692138672,ok
LA_D_9342188,10.791692733764648,10.792283058166504,ok
LA_D_9344368,18.739728927612305,18.760679244995117,ok
LA_D_9345488,17.662275314331055,17.728818893432617,ok
LA_D_9346841,14.402139663696289,14.403117179870605,ok
LA_D_9346947,16.9882755279541,16.993024826049805,ok
LA_D_9347002,12.659791946411133,12.667572021484375,ok
LA_D_9347638,21.220787048339844,21.22641372680664,ok
LA_D_9347930,8.063772201538086,8.063857078552246,ok
LA_D_9348134,12.228365898132324,12.24010944366455,ok
LA_D_9348889,-13.76201057434082,-13.794093132019043,ok
LA_D_9349907,16.549671173095703,16.562870025634766,ok
LA_D_9350649,18.756101608276367,18.80135154724121,ok
LA_D_9351259,15.962390899658203,15.994498252868652,ok
LA_D_9351516,18.059127807617188,18.07606315612793,ok
LA_D_9351540,13.454090118408203,13.460906028747559,ok
LA_D_9351714,13.343185424804688,13.34323787689209,ok
LA_D_9351920,11.573931694030762,11.598076820373535,ok
LA_D_9352288,9.814458847045898,9.843705177307129,ok
LA_D_9352302,11.87224006652832,11.870545387268066,ok
LA_D_9352339,14.550827980041504,14.561469078063965,ok
LA_D_9353876,24.2020320892334,24.217622756958008,ok
LA_D_9354813,15.152913093566895,15.163623809814453,ok
LA_D_9354882,14.003988265991211,14.008814811706543,ok
LA_D_9355453,9.873893737792969,9.874199867248535,ok
LA_D_9356917,11.681318283081055,11.69143009185791,ok
LA_D_9359637,-14.768900871276855,-14.785656929016113,ok
LA_D_9360287,11.530143737792969,11.549918174743652,ok
LA_D_9361389,17.733871459960938,17.744829177856445,ok
LA_D_9361903,6.045111656188965,6.045845985412598,ok
LA_D_9362624,15.027081489562988,15.040665626525879,ok
LA_D_9363151,7.322420597076416,7.3299360275268555,ok
LA_D_9363652,14.311444282531738,14.324427604675293,ok
LA_D_9363698,15.779685020446777,15.779772758483887,ok
LA_D_9363937,15.787372589111328,15.798508644104004,ok
LA_D_9365960,14.641236305236816,14.640982627868652,ok
LA_D_9366152,16.77934455871582,16.793672561645508,ok
LA_D_9366582,-15.518599510192871,-15.529521942138672,ok
LA_D_9366624,13.364087104797363,13.374162673950195,ok
LA_D_9366756,15.50082778930664,15.500731468200684,ok
LA_D_9366858,11.472787857055664,11.563926696777344,ok
LA_D_9367260,17.334869384765625,17.349449157714844,ok
LA_D_9367691,17.549253463745117,17.549592971801758,ok
LA_D_9369162,14.603557586669922,14.614100456237793,ok
LA_D_9370304,9.082383155822754,9.083125114440918,ok
LA_D_9372553,13.624268531799316,13.65156078338623,ok
LA_D_9374494,17.252483367919922,17.25360679626465,ok
LA_D_9374684,-14.136570930480957,-14.142342567443848,ok
LA_D_9374690,17.895374298095703,17.8953914642334,ok
LA_D_9374784,8.817099571228027,8.81679630279541,ok
LA_D_9375118,10.045500755310059,10.060542106628418,ok
LA_D_9376184,15.005537986755371,15.004778861999512,ok
LA_D_9376797,17.978673934936523,18.04543113708496,ok
LA_D_9378704,14.138293266296387,14.163602828979492,ok
LA_D_9379842,14.146520614624023,14.14736557006836,ok
LA_D_9382127,14.156768798828125,14.194947242736816,ok
LA_D_9382297,14.215267181396484,14.243446350097656,ok
LA_D_9382979,-12.58970832824707,-12.594695091247559,ok
LA_D_9383850,19.901119232177734,19.99393653869629,ok
LA_D_9384056,10.31693172454834,10.318686485290527,ok
LA_D_9384507,16.5650634765625,16.574926376342773,ok
LA_D_9386142,14.086862564086914,14.086264610290527,ok
LA_D_9386777,12.768533706665039,12.768887519836426,ok
LA_D_9387976,15.506794929504395,15.50721263885498,ok
LA_D_9388333,19.599184036254883,19.642789840698242,ok
LA_D_9389017,10.233682632446289,10.234223365783691,ok
LA_D_9390591,15.258383750915527,15.275809288024902,ok
LA_D_9391009,12.276971817016602,12.327330589294434,ok
LA_D_9391403,9.900629997253418,9.900750160217285,ok
LA_D_9392796,14.800868034362793,14.80335521697998,ok
LA_D_9392816,14.458340644836426,14.458550453186035,ok
LA_D_9393077,10.436320304870605,10.436348915100098,ok
LA_D_9394624,15.708179473876953,15.719755172729492,ok
LA_D_9395081,14.091704368591309,14.092926979064941,ok
LA_D_9395082,8.450085639953613,8.451865196228027,ok
LA_D_9395844,10.560193061828613,10.561103820800781,ok
LA_D_9397829,15.764974594116211,15.776803016662598,ok
LA_D_9399713,8.734112739562988,8.734362602233887,ok
LA_D_9399909,12.446593284606934,12.460138320922852,ok
LA_D_9400890,18.023374557495117,18.0386905670166,ok
LA_D_9401339,15.993683815002441,16.00857162475586,ok
LA_D_9402940,10.839713096618652,10.864169120788574,ok
LA_D_9403264,16.05462074279785,16.08263397216797,ok
LA_D_9406043,12.58492374420166,12.595842361450195,ok
LA_D_9406266,-15.21835708618164,-15.228860855102539,ok
LA_D_9406480,12.671692848205566,12.689282417297363,ok
LA_D_9407131,15.457895278930664,15.458151817321777,ok
LA_D_9407742,10.987610816955566,10.989508628845215,ok
LA_D_9408059,-11.325610160827637,-11.338839530944824,ok
LA_D_9410296,15.553553581237793,15.552742004394531,ok
LA_D_9410329,10.851702690124512,10.849385261535645,ok
LA_D_9410996,11.167492866516113,11.179886817932129,ok
LA_D_9411191,12.702919006347656,12.705328941345215,ok
LA_D_9414131,12.980816841125488,13.00312614440918,ok
LA_D_9416941,13.458950996398926,13.461870193481445,ok
LA_D_9417900,-12.6796293258667,-12.68046760559082,ok
LA_D_9419011,13.950189590454102,13.971356391906738,ok
LA_D_9419297,12.71478271484375,12.720063209533691,ok
LA_D_9421383,10.670480728149414,10.670772552490234,ok
LA_D_9421514,11.504500389099121,11.516678810119629,ok
LA_D_9422436,-1.0211718082427979,-1.0246309041976929,ok
LA_D_9423080,-12.785407066345215,-12.786028861999512,ok
LA_D_9424343,17.728485107421875,17.728487014770508,ok
LA_D_9424568,19.543764114379883,19.546497344970703,ok
LA_D_9424845,16.617944717407227,16.65555763244629,ok
LA_D_9425296,15.235718727111816,15.235831260681152,ok
LA_D_9425366,14.012690544128418,14.024426460266113,ok
LA_D_9425889,1.821431040763855,1.8234697580337524,ok
LA_D_9428145,13.042804718017578,13.052433967590332,ok
LA_D_9428728,16.435077667236328,16.45428466796875,ok
LA_D_9429220,3.3422093391418457,3.3460521697998047,ok
LA_D_9429683,13.415767669677734,13.425349235534668,ok
LA_D_9429831,13.647462844848633,13.66912841796875,ok
LA_D_9429971,12.99360466003418,13.001812934875488,ok
LA_D_9430144,14.574821472167969,14.57630443572998,ok
LA_D_9430378,14.103493690490723,14.116127967834473,ok
LA_D_9430536,16.155345916748047,16.155860900878906,ok
LA_D_9430632,13.796947479248047,13.846549034118652,ok
LA_D_9430687,5.290621757507324,5.289034366607666,ok
LA_D_9431218,9.893832206726074,9.893223762512207,ok
LA_D_9433165,-12.291288375854492,-12.296507835388184,ok
LA_D_9435140,7.939076900482178,7.938597202301025,ok
LA_D_9435141,8.503833770751953,8.522680282592773,ok
LA_D_9436350,7.647799491882324,7.6480712890625,ok
LA_D_9436692,8.13896369934082,8.161356925964355,ok
LA_D_9436918,17.35909080505371,17.356590270996094,ok
LA_D_9437172,11.840411186218262,11.864852905273438,ok
LA_D_9437346,15.862680435180664,15.87598705291748,ok
LA_D_9437643,14.890562057495117,14.900728225708008,ok
LA_D_9438113,21.09490203857422,21.114959716796875,ok
LA_D_9438939,16.477100372314453,16.486724853515625,ok
LA_D_9439087,15.529340744018555,15.543787956237793,ok
LA_D_9439129,12.59339427947998,12.59620189666748,ok
LA_D_9439860,13.753457069396973,13.873549461364746,ok
LA_D_9440328,12.778559684753418,12.79276180267334,ok
LA_D_9441585,-15.571907997131348,-15.57852840423584,ok
LA_D_9442040,15.818163871765137,15.825786590576172,ok
LA_D_9444024,16.992740631103516,16.993083953857422,ok
LA_D_9445699,14.159601211547852,14.162970542907715,ok
LA_D_9446553,8.789838790893555,8.791558265686035,ok
LA_D_9448997,16.229013442993164,16.261014938354492,ok
LA_D_9449347,12.157248497009277,12.157258033752441,ok
LA_D_9449718,5.786231517791748,5.7861223220825195,ok
LA_D_9450925,14.738663673400879,14.753788948059082,ok
LA_D_9451365,-6.891688346862793,-6.89210844039917,ok
LA_D_9451389,10.932201385498047,10.938931465148926,ok
LA_D_9451445,14.57387924194336,14.580731391906738,ok
LA_D_9452798,16.59700584411621,16.60723876953125,ok
LA_D_9454983,18.750925064086914,18.82758140563965,ok
LA_D_9455279,5.90192174911499,5.91354513168335,ok
LA_D_9455460,10.945696830749512,10.955662727355957,ok
LA_D_9456431,15.916239738464355,15.923020362854004,ok
LA_D_9456525,12.481207847595215,12.47961711883545,ok
LA_D_9456791,13.40670394897461,13.407513618469238,ok
LA_D_9457616,16.25035285949707,16.286314010620117,ok
LA_D_9457668,17.87052345275879,17.896364212036133,ok
LA_D_9457760,12.397713661193848,12.401214599609375,ok
LA_D_9458312,15.836050033569336,15.839173316955566,ok
LA_D_9458567,-5.393209457397461,-5.393983364105225,ok
LA_D_9458801,6.945069313049316,6.971597671508789,ok
LA_D_9459944,16.544836044311523,16.545883178710938,ok
LA_D_9460035,15.860119819641113,15.877147674560547,ok
LA_D_9460191,11.588483810424805,11.59416675567627,ok
LA_D_9460592,-12.35694694519043,-12.3745698928833,ok
LA_D_9461387,13.51355266571045,13.512141227722168,ok
LA_D_9462148,14.522797584533691,14.529118537902832,ok
LA_D_9462251,13.032817840576172,13.04227352142334,ok
LA_D_9462541,14.405949592590332,14.413769721984863,ok
LA_D_9465062,9.852007865905762,9.853266716003418,ok
LA_D_9465126,20.219951629638672,20.241931915283203,ok
LA_D_9465829,5.036543369293213,5.057806491851807,ok
LA_D_9467702,7.279526710510254,7.279586315155029,ok
LA_D_9467977,12.107502937316895,12.115019798278809,ok
LA_D_9468171,15.717849731445312,15.723319053649902,ok
LA_D_9468782,16.09943389892578,16.162052154541016,ok
LA_D_9469645,15.829950332641602,15.840839385986328,ok
LA_D_9469817,11.214024543762207,11.233053207397461,ok
LA_D_9469910,14.915361404418945,14.92085075378418,ok
LA_D_9470738,11.727394104003906,11.731720924377441,ok
LA_D_9471952,-15.644326210021973,-15.656778335571289,ok
LA_D_9472346,11.081027030944824,11.085386276245117,ok
LA_D_9473113,13.756139755249023,13.760138511657715,ok
LA_D_9474750,15.770251274108887,15.771395683288574,ok
LA_D_9475102,-14.114910125732422,-14.117023468017578,ok
LA_D_9477146,11.359910011291504,11.377013206481934,ok
LA_D_9477633,18.593994140625,18.6442813873291,ok
LA_D_9478484,9.733116149902344,9.748233795166016,ok
LA_D_9478492,15.662352561950684,15.666081428527832,ok
LA_D_9478591,10.547698020935059,10.550481796264648,ok
LA_D_9480023,-13.825626373291016,-13.82700252532959,ok
LA_D_9481030,11.652606964111328,11.655491828918457,ok
LA_D_9481908,18.526643753051758,18.544178009033203,ok
LA_D_9482946,15.463897705078125,15.464425086975098,ok
LA_D_9486157,10.807329177856445,10.808316230773926,ok
LA_D_9486751,15.564749717712402,15.578346252441406,ok
LA_D_9486895,11.200819969177246,11.213523864746094,ok
LA_D_9487961,-15.271994590759277,-15.299052238464355,ok
LA_D_9488774,11.84608268737793,11.849806785583496,ok
LA_D_9489571,9.791512489318848,9.792536735534668,ok
LA_D_9489838,4.656426906585693,4.656862258911133,ok
LA_D_9490122,15.09366226196289,15.099299430847168,ok
LA_D_9491192,17.59646987915039,17.64469337463379,ok
LA_D_9491341,20.675134658813477,20.714967727661133,ok
LA_D_9492240,12.468910217285156,12.469573020935059,ok
LA_D_9492715,11.498292922973633,11.501458168029785,ok
LA_D_9493111,12.763067245483398,12.764609336853027,ok
LA_D_9493572,12.846508026123047,12.848331451416016,ok
LA_D_9495235,13.873313903808594,13.913081169128418,ok
LA_D_9496441,-11.270343780517578,-11.303948402404785,ok
LA_D_9497637,14.346707344055176,14.359732627868652,ok
LA_D_9498483,12.526007652282715,12.538557052612305,ok
LA_D_9499149,17.817045211791992,17.863492965698242,ok
LA_D_9499849,15.79491901397705,15.800485610961914,ok
LA_D_9500158,11.024020195007324,11.02558422088623,ok
LA_D_9500692,16.312219619750977,16.331626892089844,ok
LA_D_9502258,-13.290029525756836,-13.342086791992188,ok
LA_D_9502397,13.150769233703613,13.152970314025879,ok
LA_D_9502607,11.032158851623535,11.043536186218262,ok
LA_D_9502718,14.990334510803223,14.997371673583984,ok
LA_D_9504862,15.188429832458496,15.206056594848633,ok
LA_D_9505564,8.501204490661621,8.501118659973145,ok
LA_D_9505772,14.27210521697998,14.282790184020996,ok
LA_D_9506213,15.75654411315918,15.7640962600708,ok
LA_D_9506978,9.547869682312012,9.547896385192871,ok
LA_D_9507060,12.48712158203125,12.500214576721191,ok
LA_D_9508570,-13.258417129516602,-13.260323524475098,ok
LA_D_9509498,13.652812957763672,13.66301441192627,ok
LA_D_9512174,-14.245772361755371,-14.249214172363281,ok
LA_D_9513156,-12.416559219360352,-12.421692848205566,ok
LA_D_9514185,15.11373233795166,15.286847114562988,ok
LA_D_9515513,6.790095806121826,6.794191360473633,ok
LA_D_9516537,13.860397338867188,13.895469665527344,ok
LA_D_9517355,11.361899375915527,11.384878158569336,ok
LA_D_9517810,18.04703712463379,18.053434371948242,ok
LA_D_9520076,18.5418643951416,18.566495895385742,ok
LA_D_9520422,20.289203643798828,20.3044376373291,ok
LA_D_9520709,20.124622344970703,20.130659103393555,ok
LA_D_9521538,13.187759399414062,13.196478843688965,ok
LA_D_9523504,-14.496953010559082,-14.502062797546387,ok
LA_D_9523755,17.21257781982422,17.212621688842773,ok
LA_D_9523778,12.01608657836914,12.017195701599121,ok
LA_D_9525782,14.065799713134766,14.105286598205566,ok
LA_D_9525819,19.46169090270996,19.48871421813965,ok
LA_D_9526073,11.503145217895508,11.51572322845459,ok
LA_D_9526782,15.752050399780273,15.764222145080566,ok
LA_D_9526919,14.154825210571289,14.15584945678711,ok
LA_D_9528207,13.442336082458496,13.506085395812988,ok
LA_D_9528402,7.906854152679443,7.908141613006592,ok
LA_D_9529199,14.495342254638672,14.507061004638672,ok
LA_D_9530100,13.281235694885254,13.281268119812012,ok
LA_D_9530210,11.451142311096191,11.457283973693848,ok
LA_D_9531450,-12.352679252624512,-12.368195533752441,ok
LA_D_9533572,12.19531536102295,12.202441215515137,ok
LA_D_9535689,13.469706535339355,13.478943824768066,ok
LA_D_9535722,3.1738383769989014,3.1730198860168457,ok
LA_D_9537226,13.211238861083984,13.219161033630371,ok
LA_D_9537289,14.387971878051758,14.430962562561035,ok
LA_D_9538442,9.426117897033691,9.436700820922852,ok
LA_D_9540047,14.39313793182373,14.397662162780762,ok
LA_D_9546041,13.388245582580566,13.388520240783691,ok
LA_D_9548811,15.10522174835205,15.11740779876709,ok
LA_D_9548980,12.60576057434082,12.605237007141113,ok
LA_D_9549420,12.675950050354004,12.680583953857422,ok
LA_D_9549607,-15.774863243103027,-15.799702644348145,ok
LA_D_9549616,17.200307846069336,17.26113510131836,ok
LA_D_9550638,11.098222732543945,11.101587295532227,ok
LA_D_9551181,14.10878849029541,14.127580642700195,ok
LA_D_9551821,16.243144989013672,16.243738174438477,ok
LA_D_9551852,11.821352005004883,11.829941749572754,ok
LA_D_9552029,10.170275688171387,10.184854507446289,ok
LA_D_9552252,12.139029502868652,12.142241477966309,ok
LA_D_9553311,18.36067771911621,18.363401412963867,ok
LA_D_9553419,10.75375747680664,10.754260063171387,ok
LA_D_9554132,-13.66330623626709,-13.679665565490723,ok
LA_D_9556143,20.433578491210938,20.47446060180664,ok
LA_D_9556871,15.506494522094727,15.50951099395752,ok
LA_D_9557117,-13.881407737731934,-13.884278297424316,ok
LA_D_9557863,10.364374160766602,10.364349365234375,ok
LA_D_9559894,18.323829650878906,18.3259334564209,ok
LA_D_9560177,13.899694442749023,13.902085304260254,ok
LA_D_9560631,13.877399444580078,13.883269309997559,ok
LA_D_9561057,-11.00979995727539,-11.011622428894043,ok
LA_D_9562015,11.552334785461426,11.555449485778809,ok
LA_D_9562412,16.713685989379883,16.71397590637207,ok
LA_D_9562489,16.045909881591797,16.054609298706055,ok
LA_D_9563138,15.269353866577148,15.293450355529785,ok
LA_D_9566347,16.35260772705078,16.35353660583496,ok
LA_D_9566824,13.46607780456543,13.469526290893555,ok
LA_D_9567593,-16.006338119506836,-16.018699645996094,ok
LA_D_9567658,12.798870086669922,12.806082725524902,ok
LA_D_9568708,16.07766342163086,16.095069885253906,ok
LA_D_9568749,-12.281227111816406,-12.282596588134766,ok
LA_D_9571982,14.015596389770508,14.019274711608887,ok
LA_D_9572182,10.242846488952637,10.246488571166992,ok
LA_D_9573200,14.718889236450195,14.723532676696777,ok
LA_D_9577103,11.675405502319336,11.680224418640137,ok
LA_D_9578667,13.214876174926758,13.219328880310059,ok
LA_D_9579813,21.125911712646484,21.2879581451416,ok
LA_D_9579816,11.937485694885254,11.939996719360352,ok
LA_D_9580426,-12.261073112487793,-12.288437843322754,ok
LA_D_9581294,15.930389404296875,15.951154708862305,ok
LA_D_9581321,15.79444408416748,15.806602478027344,ok
LA_D_9581870,14.913525581359863,14.919148445129395,ok
LA_D_9582133,10.700250625610352,10.716301918029785,ok
LA_D_9582158,14.762716293334961,14.7780179977417,ok
LA_D_9582658,12.200182914733887,12.221726417541504,ok
LA_D_9582754,10.427922248840332,10.438517570495605,ok
LA_D_9583786,18.02995491027832,18.039440155029297,ok
LA_D_9584747,13.402124404907227,13.405756950378418,ok
LA_D_9584769,16.622594833374023,16.627233505249023,ok
LA_D_9585648,13.097762107849121,13.097607612609863,ok
LA_D_9585808,14.363787651062012,14.378622055053711,ok
LA_D_9585951,11.578676223754883,11.579740524291992,ok
LA_D_9587443,13.738368034362793,13.811878204345703,ok
LA_D_9588548,14.24275016784668,14.242955207824707,ok
LA_D_9588984,20.41497039794922,20.473905563354492,ok
LA_D_9589501,17.21644401550293,17.22690773010254,ok
LA_D_9594281,12.6218900680542,12.64632511138916,ok
LA_D_9594600,14.968615531921387,15.004673957824707,ok
LA_D_9594921,16.54229164123535,16.590511322021484,ok
LA_D_9596234,3.0622222423553467,3.05875825881958,ok
LA_D_9596640,17.180410385131836,17.194189071655273,ok
LA_D_9596658,9.561260223388672,9.562138557434082,ok
LA_D_9597218,13.638949394226074,13.642056465148926,ok
LA_D_9600050,9.395548820495605,9.40794849395752,ok
LA_D_9600169,15.131241798400879,15.14844799041748,ok
LA_D_9600380,6.091999530792236,6.092650890350342,ok
LA_D_9602909,11.263581275939941,11.27292537689209,ok
LA_D_9603070,15.83967113494873,15.87232494354248,ok
LA_D_9603314,17.860109329223633,17.862821578979492,ok
LA_D_9603327,18.70686912536621,18.70966339111328,ok
LA_D_9603838,6.304579257965088,6.304948329925537,ok
LA_D_9604838,15.28565502166748,15.29695987701416,ok
LA_D_9604966,14.267009735107422,14.269695281982422,ok
LA_D_9605437,8.291015625,8.29818344116211,ok
LA_D_9605797,13.601007461547852,13.66862964630127,ok
LA_D_9606397,10.578191757202148,10.58056640625,ok
LA_D_9608815,16.10146141052246,16.14677619934082,ok
LA_D_9609174,16.6932430267334,16.698978424072266,ok
LA_D_9611936,10.41804027557373,10.417587280273438,ok
LA_D_9614451,19.47379493713379,19.48157501220703,ok
LA_D_9615736,11.161948204040527,11.161978721618652,ok
LA_D_9616032,15.863611221313477,15.865134239196777,ok
LA_D_9616817,20.276302337646484,20.277841567993164,ok
LA_D_9618467,14.82135009765625,14.822098731994629,ok
LA_D_9619214,19.52967071533203,19.596967697143555,ok
LA_D_9620140,10.77194595336914,10.7722749710083,ok
LA_D_9621176,11.290245056152344,11.294072151184082,ok
LA_D_9623720,-13.93614673614502,-13.9428129196167,ok
LA_D_9623958,15.545018196105957,15.566146850585938,ok
LA_D_9625091,12.739309310913086,12.747519493103027,ok
LA_D_9626068,14.051782608032227,14.053053855895996,ok
LA_D_9626571,12.777341842651367,12.777212142944336,ok
LA_D_9626758,15.748398780822754,15.770003318786621,ok
LA_D_9627075,10.338541984558105,10.338496208190918,ok
LA_D_9627529,15.50121021270752,15.507880210876465,ok
LA_D_9628041,16.33724021911621,16.351869583129883,ok
LA_D_9633618,12.804147720336914,12.810456275939941,ok
LA_D_9633851,17.069032669067383,17.07648277282715,ok
LA_D_9634003,8.763259887695312,8.781259536743164,ok
LA_D_9634838,12.015461921691895,12.01701545715332,ok
LA_D_9635044,8.33183479309082,8.359234809875488,ok
LA_D_9635349,8.831829071044922,8.843987464904785,ok
LA_D_9635881,13.735119819641113,13.741009712219238,ok
LA_D_9636629,13.918790817260742,13.922911643981934,ok
LA_D_9636836,16.113779067993164,16.1136474609375,ok
LA_D_9637098,10.063399314880371,10.063623428344727,ok
LA_D_9638872,15.457422256469727,15.461387634277344,ok
LA_D_9641365,12.62295913696289,12.65548324584961,ok
LA_D_9641985,15.234700202941895,15.261926651000977,ok
LA_D_9642534,16.199081420898438,16.205020904541016,ok
LA_D_9642537,18.89213752746582,18.92407989501953,ok
LA_D_9642966,12.779570579528809,12.795989036560059,ok
LA_D_9643063,13.851369857788086,13.853093147277832,ok
LA_D_9643639,15.244617462158203,15.251051902770996,ok
LA_D_9643751,16.951932907104492,16.95864486694336,ok
LA_D_9643872,15.325369834899902,15.343388557434082,ok
LA_D_9643882,24.444677352905273,24.47777557373047,ok
LA_D_9644491,19.085067749023438,19.093250274658203,ok
LA_D_9645223,14.62063980102539,14.651389122009277,ok
LA_D_9645639,17.7799129486084,17.80946922302246,ok
LA_D_9646150,11.267815589904785,11.273791313171387,ok
LA_D_9646445,13.299056053161621,13.311286926269531,ok
LA_D_9646573,15.104781150817871,15.107695579528809,ok
LA_D_9646701,12.198960304260254,12.201911926269531,ok
LA_D_9646783,14.16126537322998,14.168457984924316,ok
LA_D_9648082,13.005921363830566,13.011187553405762,ok
LA_D_9648319,12.875627517700195,12.876603126525879,ok
LA_D_9649054,9.638822555541992,9.645506858825684,ok
LA_D_9649342,15.046873092651367,15.063721656799316,ok
LA_D_9650472,12.389249801635742,12.403579711914062,ok
LA_D_9652293,14.78712272644043,14.79166316986084,ok
LA_D_9652883,14.904805183410645,14.91006851196289,ok
LA_D_9654133,14.58587646484375,14.589472770690918,ok
LA_D_9654253,14.325435638427734,14.325102806091309,ok
LA_D_9654635,7.5539021492004395,7.554318428039551,ok
LA_D_9655429,11.366888046264648,11.378125190734863,ok
LA_D_9657295,14.702760696411133,14.707074165344238,ok
LA_D_9657561,11.08565902709961,11.086176872253418,ok
LA_D_9658574,15.282731056213379,15.305142402648926,ok
LA_D_9659279,12.894464492797852,12.905996322631836,ok
LA_D_9660901,13.285005569458008,13.295681953430176,ok
LA_D_9661949,14.290716171264648,14.30311393737793,ok
LA_D_9662465,17.83428382873535,17.85930061340332,ok
LA_D_9662606,13.74956226348877,13.757739067077637,ok
LA_D_9662796,16.986968994140625,16.990060806274414,ok
LA_D_9663298,13.70777702331543,13.710306167602539,ok
LA_D_9663682,16.095853805541992,16.123445510864258,ok
LA_D_9663907,14.459579467773438,14.466513633728027,ok
LA_D_9663993,13.548534393310547,13.575804710388184,ok
LA_D_9664656,-16.368928909301758,-16.3763427734375,ok
LA_D_9664872,17.057451248168945,17.066463470458984,ok
LA_D_9665377,15.570263862609863,15.593605995178223,ok
LA_D_9666900,15.550636291503906,15.554880142211914,ok
LA_D_9667586,16.143108367919922,16.23765754699707,ok
LA_D_9668611,-12.4249849319458,-12.426172256469727,ok
LA_D_9670204,11.884171485900879,11.885872840881348,ok
LA_D_9670462,15.657197952270508,15.70287799835205,ok
LA_D_9672147,13.113874435424805,13.138863563537598,ok
LA_D_9672169,16.9775447845459,16.979904174804688,ok
LA_D_9672244,13.491552352905273,13.49590015411377,ok
LA_D_9672991,10.562835693359375,10.565764427185059,ok
LA_D_9674319,15.858451843261719,15.869311332702637,ok
LA_D_9676279,11.908740043640137,11.90888786315918,ok
LA_D_9676445,-12.738415718078613,-12.739838600158691,ok
LA_D_9676810,12.246478080749512,12.247204780578613,ok
LA_D_9678259,10.557907104492188,10.55726432800293,ok
LA_D_9678415,12.80881118774414,12.809351921081543,ok
LA_D_9678633,15.5404691696167,15.551447868347168,ok
LA_D_9685224,11.10387134552002,11.117341995239258,ok
LA_D_9685348,-15.72364330291748,-15.728687286376953,ok
LA_D_9685772,16.78103256225586,16.785921096801758,ok
LA_D_9685992,17.272958755493164,17.271997451782227,ok
LA_D_9686807,13.797297477722168,13.864624977111816,ok
LA_D_9686838,4.171802520751953,4.172781467437744,ok
LA_D_9686921,15.086837768554688,15.08830738067627,ok
LA_D_9687836,13.255270957946777,13.276068687438965,ok
LA_D_9688839,15.668417930603027,15.669025421142578,ok
LA_D_9689602,15.948456764221191,15.968093872070312,ok
LA_D_9693082,17.79323387145996,17.810056686401367,ok
LA_D_9694196,10.144927024841309,10.145148277282715,ok
LA_D_9694827,13.591184616088867,13.598785400390625,ok
LA_D_9695420,12.921727180480957,12.930569648742676,ok
LA_D_9695805,13.936666488647461,13.941113471984863,ok
LA_D_9696008,12.146909713745117,12.147944450378418,ok
LA_D_9696470,12.688810348510742,12.699273109436035,ok
LA_D_9697274,9.695953369140625,9.707971572875977,ok
LA_D_9697323,16.34311294555664,16.350624084472656,ok
LA_D_9698818,11.969051361083984,11.97870922088623,ok
LA_D_9699074,19.109508514404297,19.11372184753418,ok
LA_D_9699768,12.385952949523926,12.412116050720215,ok
LA_D_9700666,-14.694523811340332,-14.695571899414062,ok
LA_D_9701184,10.984869003295898,11.003642082214355,ok
LA_D_9701451,19.48282241821289,19.483434677124023,ok
LA_D_9701877,14.582674026489258,14.592759132385254,ok
LA_D_9704240,15.034375190734863,15.03563117980957,ok
LA_D_9706008,14.844454765319824,14.845773696899414,ok
LA_D_9708825,16.39275550842285,16.3936824798584,ok
LA_D_9708860,21.552888870239258,21.586593627929688,ok
LA_D_9708909,15.067435264587402,15.078804969787598,ok
LA_D_9709000,17.6787166595459,17.679147720336914,ok
LA_D_9710466,9.166437149047852,9.164080619812012,ok
LA_D_9710580,14.122039794921875,14.145852088928223,ok
LA_D_9711707,11.836490631103516,11.848998069763184,ok
LA_D_9711980,6.940534591674805,6.940584659576416,ok
LA_D_9712952,13.92262077331543,13.945320129394531,ok
LA_D_9714161,15.48366641998291,15.50197982788086,ok
LA_D_9715092,13.897722244262695,13.900161743164062,ok
LA_D_9716462,15.278945922851562,15.2788724899292,ok
LA_D_9716895,-14.27575397491455,-14.278414726257324,ok
LA_D_9717176,13.708636283874512,13.711380958557129,ok
LA_D_9718892,11.57813549041748,11.580248832702637,ok
LA_D_9719597,15.355708122253418,15.35695743560791,ok
LA_D_9721837,11.488879203796387,11.490267753601074,ok
LA_D_9721880,12.741445541381836,12.758440971374512,ok
LA_D_9722220,15.123601913452148,15.130448341369629,ok
LA_D_9723269,26.046220779418945,26.11844253540039,ok
LA_D_9723493,-13.11041259765625,-13.11075496673584,ok
LA_D_9723855,18.016965866088867,18.047103881835938,ok
LA_D_9724620,15.472076416015625,15.476176261901855,ok
LA_D_9724900,10.389595031738281,10.3937406539917,ok
LA_D_9726070,13.703333854675293,13.703859329223633,ok
LA_D_9728117,19.045644760131836,19.045915603637695,ok
LA_D_9728878,15.299705505371094,15.319504737854004,ok
LA_D_9728978,15.489996910095215,15.502859115600586,ok
LA_D_9729287,14.032111167907715,14.114298820495605,ok
LA_D_9729483,17.7978458404541,17.853763580322266,ok
LA_D_9729864,14.504777908325195,14.516209602355957,ok
LA_D_9730987,12.587242126464844,12.61058521270752,ok
LA_D_9731339,14.892842292785645,14.89777660369873,ok
LA_D_9731600,12.102896690368652,12.1159029006958,ok
LA_D_9731820,12.88110637664795,12.902149200439453,ok
LA_D_9731844,21.598026275634766,21.783552169799805,ok
LA_D_9732180,18.852598190307617,18.880250930786133,ok
LA_D_9732198,13.798885345458984,13.811182975769043,ok
LA_D_9732268,12.219005584716797,12.231163024902344,ok
LA_D_9732908,11.375907897949219,11.385415077209473,ok
LA_D_9733347,16.46333885192871,16.463945388793945,ok
LA_D_9733678,12.920327186584473,12.921558380126953,ok
LA_D_9734224,13.793827056884766,13.800766944885254,ok
LA_D_9734297,18.04910659790039,18.056867599487305,ok
LA_D_9735127,14.85375690460205,14.869616508483887,ok
LA_D_9735207,18.256284713745117,18.2924747467041,ok
LA_D_9735621,11.843690872192383,11.846471786499023,ok
LA_D_9735662,12.900901794433594,12.902813911437988,ok
LA_D_9736602,11.095863342285156,11.1027193069458,ok
LA_D_9737680,12.20756721496582,12.247048377990723,ok
LA_D_9737719,-13.637680053710938,-13.638559341430664,ok
LA_D_9738587,13.584817886352539,13.5990629196167,ok
LA_D_9739074,16.869121551513672,16.87249183654785,ok
LA_D_9739801,13.939927101135254,13.945267677307129,ok
LA_D_9740097,17.537639617919922,17.565216064453125,ok
LA_D_9741299,14.760095596313477,14.767682075500488,ok
LA_D_9743828,14.975499153137207,14.981388092041016,ok
LA_D_9744441,14.412708282470703,14.422560691833496,ok
LA_D_9745303,10.676015853881836,10.679217338562012,ok
LA_D_9747113,12.477877616882324,12.486666679382324,ok
LA_D_9747140,9.466141700744629,9.477291107177734,ok
LA_D_9747652,14.51317310333252,14.531805038452148,ok
LA_D_9748213,16.819116592407227,16.836734771728516,ok
LA_D_9749510,12.137625694274902,12.138858795166016,ok
LA_D_9750223,-11.89850902557373,-11.90350341796875,ok
LA_D_9751462,15.028791427612305,15.031983375549316,ok
LA_D_9751873,13.763188362121582,13.79422378540039,ok
LA_D_9752133,14.57762336730957,14.580758094787598,ok
LA_D_9752146,-15.279962539672852,-15.281569480895996,ok
LA_D_9753113,16.75940704345703,16.772319793701172,ok
LA_D_9754579,14.673331260681152,14.679220199584961,ok
LA_D_9754615,12.228911399841309,12.229048728942871,ok
LA_D_9755028,11.770014762878418,11.773831367492676,ok
LA_D_9755271,14.731389999389648,14.735750198364258,ok
LA_D_9756685,11.364384651184082,11.364477157592773,ok
LA_D_9758147,-14.290457725524902,-14.311009407043457,ok
LA_D_9758752,9.702322006225586,9.707711219787598,ok
LA_D_9759074,13.495752334594727,13.516918182373047,ok
LA_D_9759473,14.262347221374512,14.300469398498535,ok
LA_D_9761317,14.079500198364258,14.100729942321777,ok
LA_D_9763964,11.5281982421875,11.532602310180664,ok
LA_D_9764249,12.750199317932129,12.751568794250488,ok
LA_D_9764287,8.871018409729004,8.875114440917969,ok
LA_D_9765329,17.790077209472656,17.79874610900879,ok
LA_D_9765860,12.282943725585938,12.285348892211914,ok
LA_D_9767258,16.576595306396484,16.590993881225586,ok
LA_D_9767344,14.887724876403809,14.894576072692871,ok
LA_D_9768291,14.14582347869873,14.15116024017334,ok
LA_D_9769587,9.38528823852539,9.396465301513672,ok
LA_D_9769935,10.561198234558105,10.561284065246582,ok
LA_D_9770193,12.112953186035156,12.170515060424805,ok
LA_D_9770836,13.069303512573242,13.0703125,ok
LA_D_9773809,8.931024551391602,8.93397045135498,ok
LA_D_9774174,14.8887357711792,14.898327827453613,ok
LA_D_9774358,11.514782905578613,11.515457153320312,ok
LA_D_9774744,14.44080638885498,14.44193172454834,ok
LA_D_9774871,18.832368850708008,18.853506088256836,ok
LA_D_9774959,14.598360061645508,14.631697654724121,ok
LA_D_9775592,12.907803535461426,12.921202659606934,ok
LA_D_9777627,12.298049926757812,12.30945110321045,ok
LA_D_9777735,12.031156539916992,12.029899597167969,ok
LA_D_9779319,14.469945907592773,14.476285934448242,ok
LA_D_9779377,12.847268104553223,12.860934257507324,ok
LA_D_9779978,12.83686351776123,12.863459587097168,ok
LA_D_9780696,-12.557498931884766,-12.558621406555176,ok
LA_D_9781045,13.346257209777832,13.363411903381348,ok
LA_D_9782269,-11.56325626373291,-11.565491676330566,ok
LA_D_9783307,17.577314376831055,17.597030639648438,ok
LA_D_9783743,18.08702850341797,18.095441818237305,ok
LA_D_9784167,13.824141502380371,13.824223518371582,ok
LA_D_9784942,15.053559303283691,15.076397895812988,ok
LA_D_9785421,14.226483345031738,14.228829383850098,ok
LA_D_9786409,16.351478576660156,16.352375030517578,ok
LA_D_9786796,7.985494136810303,7.997398853302002,ok
LA_D_9787469,13.730559349060059,13.7313871383667,ok
LA_D_9788709,12.050894737243652,12.053911209106445,ok
LA_D_9789005,12.083230972290039,12.092157363891602,ok
LA_D_9790131,13.169838905334473,13.178244590759277,ok
LA_D_9791741,14.36853313446045,14.379717826843262,ok
LA_D_9793079,13.881058692932129,13.883136749267578,ok
LA_D_9793796,17.073524475097656,17.14929962158203,ok
LA_D_9794955,13.000152587890625,13.00401782989502,ok
LA_D_9795514,14.29269027709961,14.314688682556152,ok
LA_D_9795685,12.73550796508789,12.73621940612793,ok
LA_D_9798074,9.736496925354004,9.73851490020752,ok
LA_D_9798672,13.864564895629883,13.879363059997559,ok
LA_D_9800072,11.634577751159668,11.63571548461914,ok
LA_D_9801638,7.20675802230835,7.2070512771606445,ok
LA_D_9801886,17.628440856933594,17.6302433013916,ok
LA_D_9802861,13.853971481323242,13.865850448608398,ok
LA_D_9803207,13.782344818115234,13.792662620544434,ok
LA_D_9804348,13.974674224853516,13.974677085876465,ok
LA_D_9805942,8.747947692871094,8.751974105834961,ok
LA_D_9806222,15.092978477478027,15.138579368591309,ok
LA_D_9806272,12.51655101776123,12.625923156738281,ok
LA_D_9806570,17.644134521484375,17.648653030395508,ok
LA_D_9808110,13.281145095825195,13.28369426727295,ok
LA_D_9808634,19.309297561645508,19.326404571533203,ok
LA_D_9809223,14.84691333770752,14.84990406036377,ok
LA_D_9809504,8.006409645080566,8.007259368896484,ok
LA_D_9810869,18.23915672302246,18.239748001098633,ok
LA_D_9810987,15.476015090942383,15.480799674987793,ok
LA_D_9812523,3.333313226699829,3.327479362487793,ok
LA_D_9812702,-2.9044148921966553,-2.907005548477173,ok
LA_D_9812727,13.773721694946289,13.777650833129883,ok
LA_D_9813759,12.693371772766113,12.692768096923828,ok
LA_D_9813801,16.060043334960938,16.066213607788086,ok
LA_D_9814205,13.622817039489746,13.654483795166016,ok
LA_D_9815062,14.106837272644043,14.111200332641602,ok
LA_D_9815112,14.455992698669434,14.485030174255371,ok
LA_D_9815485,15.002680778503418,15.026734352111816,ok
LA_D_9816404,10.977770805358887,10.980448722839355,ok
LA_D_9818011,13.401906967163086,13.429579734802246,ok
LA_D_9818781,2.2857232093811035,2.28143310546875,ok
LA_D_9819662,10.918205261230469,10.929518699645996,ok
LA_D_9819790,11.760812759399414,11.766125679016113,ok
LA_D_9819813,6.439570903778076,6.439929485321045,ok
LA_D_9820486,1.146506905555725,1.1479188203811646,ok
LA_D_9820995,19.19858169555664,19.222341537475586,ok
LA_D_9821371,8.968557357788086,8.968217849731445,ok
LA_D_9821680,12.381938934326172,12.390167236328125,ok
LA_D_9821908,-12.732192993164062,-12.736268997192383,ok
LA_D_9824861,17.144062042236328,17.148900985717773,ok
LA_D_9825451,13.100852012634277,13.101649284362793,ok
LA_D_9826388,12.27043342590332,12.273995399475098,ok
LA_D_9826800,8.388985633850098,8.387025833129883,ok
LA_D_9827463,11.887511253356934,11.888348579406738,ok
LA_D_9828928,16.49675178527832,16.49733543395996,ok
LA_D_9829234,10.908845901489258,10.914863586425781,ok
LA_D_9829627,14.946898460388184,14.946864128112793,ok
LA_D_9830830,15.14029598236084,15.150727272033691,ok
LA_D_9831077,18.234214782714844,18.260025024414062,ok
LA_D_9831804,9.387619972229004,9.388567924499512,ok
LA_D_9834151,17.214590072631836,17.22121810913086,ok
LA_D_9834938,-14.421932220458984,-14.427657127380371,ok
LA_D_9835448,14.930678367614746,14.93587589263916,ok
LA_D_9836225,15.572394371032715,15.580376625061035,ok
LA_D_9836992,10.15041446685791,10.15100383758545,ok
LA_D_9837343,12.806578636169434,12.809605598449707,ok
LA_D_9838599,8.880135536193848,8.879995346069336,ok
LA_D_9840935,16.46030044555664,16.474210739135742,ok
LA_D_9841321,-13.7339448928833,-13.739086151123047,ok
LA_D_9841488,14.54049015045166,14.560441017150879,ok
LA_D_9841709,16.890663146972656,16.895475387573242,ok
LA_D_9841868,-14.821069717407227,-14.841897010803223,ok
LA_D_9842180,15.97599983215332,15.989640235900879,ok
LA_D_9843427,-4.611465930938721,-4.619103908538818,ok
LA_D_9843659,14.93337631225586,14.935638427734375,ok
LA_D_9845352,20.010522842407227,20.016141891479492,ok
LA_D_9847737,17.352367401123047,17.364608764648438,ok
LA_D_9848935,15.570820808410645,15.5992431640625,ok
LA_D_9849984,12.135025024414062,12.13896369934082,ok
LA_D_9850214,9.276905059814453,9.282271385192871,ok
LA_D_9851124,12.360036849975586,12.3705415725708,ok
LA_D_9851827,-0.6648704409599304,-0.6736290454864502,ok
LA_D_9853601,10.925886154174805,10.92737865447998,ok
LA_D_9856117,15.459573745727539,15.466490745544434,ok
LA_D_9856127,-14.726533889770508,-14.800028800964355,ok
LA_D_9858647,12.81851577758789,12.82022476196289,ok
LA_D_9859179,14.081411361694336,14.086353302001953,ok
LA_D_9860564,16.513456344604492,16.542455673217773,ok
LA_D_9861473,13.757426261901855,13.79569149017334,ok
LA_D_9862938,14.779082298278809,14.78851318359375,ok
LA_D_9863362,14.05903434753418,14.064133644104004,ok
LA_D_9863423,14.730223655700684,14.770877838134766,ok
LA_D_9864113,-12.256720542907715,-12.256731986999512,ok
LA_D_9864384,15.936817169189453,15.962923049926758,ok
LA_D_9864516,12.1390962600708,12.139233589172363,ok
LA_D_9864602,5.0552754402160645,5.056648254394531,ok
LA_D_9864604,13.23200798034668,13.234267234802246,ok
LA_D_9865644,18.065309524536133,18.070966720581055,ok
LA_D_9871071,14.874324798583984,14.890129089355469,ok
LA_D_9871744,15.17829704284668,15.181654930114746,ok
LA_D_9871974,13.621908187866211,13.622891426086426,ok
LA_D_9872046,12.632298469543457,12.632487297058105,ok
LA_D_9872925,16.88314437866211,16.96891975402832,ok
LA_D_9873135,16.79279136657715,16.798641204833984,ok
LA_D_9874897,-14.728988647460938,-14.735064506530762,ok
LA_D_9875362,-6.826429843902588,-6.83964204788208,ok
LA_D_9876012,16.397851943969727,16.409778594970703,ok
LA_D_9877194,-12.510061264038086,-12.51380443572998,ok
LA_D_9877979,16.605911254882812,16.61812973022461,ok
LA_D_9878419,13.362313270568848,13.373835563659668,ok
LA_D_9878596,9.433425903320312,9.458313941955566,ok
LA_D_9879056,12.276556968688965,12.279728889465332,ok
LA_D_9880830,10.308670997619629,10.333815574645996,ok
LA_D_9881093,12.22606372833252,12.228407859802246,ok
LA_D_9881103,10.925701141357422,10.933027267456055,ok
LA_D_9883591,-14.766749382019043,-14.777047157287598,ok
LA_D_9883916,20.451257705688477,20.464542388916016,ok
LA_D_9885280,11.92225456237793,11.934269905090332,ok
LA_D_9885320,16.48053550720215,16.522804260253906,ok
LA_D_9885994,16.608413696289062,16.627201080322266,ok
LA_D_9887916,9.851408958435059,9.859272956848145,ok
LA_D_9887992,11.685072898864746,11.68639087677002,ok
LA_D_9888091,17.382259368896484,17.39679527282715,ok
LA_D_9888937,15.17558479309082,15.202242851257324,ok
LA_D_9890472,8.652828216552734,8.663372039794922,ok
LA_D_9891140,-13.846707344055176,-13.847427368164062,ok
LA_D_9891231,13.318172454833984,13.327231407165527,ok
LA_D_9891401,12.217646598815918,12.220179557800293,ok
LA_D_9892838,8.635774612426758,8.637208938598633,ok
LA_D_9893649,13.178468704223633,13.215670585632324,ok
LA_D_9895494,12.688445091247559,12.694684028625488,ok
LA_D_9895969,15.345958709716797,15.356661796569824,ok
LA_D_9896805,17.23362159729004,17.250139236450195,ok
LA_D_9896820,16.934812545776367,16.952953338623047,ok
LA_D_9897142,-12.93372917175293,-12.942021369934082,ok
LA_D_9897238,13.412506103515625,13.413552284240723,ok
LA_D_9897452,-13.056726455688477,-13.062962532043457,ok
LA_D_9899632,-15.126704216003418,-15.14499568939209,ok
LA_D_9899652,12.713958740234375,12.714011192321777,ok
LA_D_9900338,16.90481185913086,16.90911293029785,ok
LA_D_9900800,12.983814239501953,12.991276741027832,ok
LA_D_9902676,12.510270118713379,12.540831565856934,ok
LA_D_9902848,21.014421463012695,21.058252334594727,ok
LA_D_9902912,15.233155250549316,15.245765686035156,ok
LA_D_9903321,13.365509033203125,13.384480476379395,ok
LA_D_9904324,14.07470989227295,14.091226577758789,ok
LA_D_9904500,12.902612686157227,12.907979965209961,ok
LA_D_9904837,18.45552635192871,18.45478630065918,ok
LA_D_9906100,17.832651138305664,17.845125198364258,ok
LA_D_9906845,17.282379150390625,17.31452751159668,ok
LA_D_9907101,15.860882759094238,15.876670837402344,ok
LA_D_9907979,7.837652683258057,7.879287242889404,ok
LA_D_9910047,10.032553672790527,10.037518501281738,ok
LA_D_9911052,14.653763771057129,14.662046432495117,ok
LA_D_9911836,14.5540189743042,14.558915138244629,ok
LA_D_9912384,18.159828186035156,18.170639038085938,ok
LA_D_9912829,13.062390327453613,13.075987815856934,ok
LA_D_9913955,15.834208488464355,15.874876976013184,ok
LA_D_9913960,19.298032760620117,19.365978240966797,ok
LA_D_9914048,10.135940551757812,10.1477689743042,ok
LA_D_9914359,16.823122024536133,16.84744644165039,ok
LA_D_9914468,13.933637619018555,13.961338996887207,ok
LA_D_9915418,9.975851058959961,9.977700233459473,ok
LA_D_9915722,15.746511459350586,15.756779670715332,ok
LA_D_9916763,12.7089204788208,12.710917472839355,ok
LA_D_9917104,-12.770804405212402,-12.772950172424316,ok
LA_D_9918437,14.10627555847168,14.11804485321045,ok
LA_D_9918902,14.36308765411377,14.380709648132324,ok
LA_D_9920299,15.930875778198242,15.942534446716309,ok
LA_D_9920694,15.060848236083984,15.06707763671875,ok
LA_D_9922230,15.16490364074707,15.165974617004395,ok
LA_D_9924653,15.435585021972656,15.448872566223145,ok
LA_D_9924906,-14.54614543914795,-14.55729866027832,ok
LA_D_9925424,11.21262264251709,11.220844268798828,ok
LA_D_9925458,12.032573699951172,12.035135269165039,ok
LA_D_9926375,18.457321166992188,18.48700523376465,ok
LA_D_9926903,14.119192123413086,14.127254486083984,ok
LA_D_9927048,15.6866455078125,15.693268775939941,ok
LA_D_9928370,12.632172584533691,12.635472297668457,ok
LA_D_9928428,13.284375190734863,13.288285255432129,ok
LA_D_9928764,18.949665069580078,18.9539852142334,ok
LA_D_9929271,18.31314468383789,18.36949348449707,ok
LA_D_9930274,22.486295700073242,22.535940170288086,ok
LA_D_9930304,14.034672737121582,14.046881675720215,ok
LA_D_9930845,10.195528984069824,10.1958589553833,ok
LA_D_9931389,13.91269302368164,13.942641258239746,ok
LA_D_9931770,13.925322532653809,13.948708534240723,ok
LA_D_9934126,20.436607360839844,20.46416664123535,ok
LA_D_9934410,17.62921142578125,17.63092803955078,ok
LA_D_9934703,14.282937049865723,14.285049438476562,ok
LA_D_9935431,17.14203453063965,17.144601821899414,ok
LA_D_9935628,14.93558120727539,14.954840660095215,ok
LA_D_9936597,-8.407732009887695,-8.41112232208252,ok
LA_D_9936826,14.540191650390625,14.55397891998291,ok
LA_D_9936838,12.95611572265625,12.97482967376709,ok
LA_D_9936972,17.841053009033203,17.850767135620117,ok
LA_D_9937573,8.474194526672363,8.484522819519043,ok
LA_D_9942200,14.330074310302734,14.335784912109375,ok
LA_D_9942206,11.218562126159668,11.218535423278809,ok
LA_D_9942874,-14.852485656738281,-14.861903190612793,ok
LA_D_9943041,6.444483757019043,6.445028781890869,ok
LA_D_9945037,9.866235733032227,9.869756698608398,ok
LA_D_9945483,12.742426872253418,12.742426872253418,ok
LA_D_9945997,-14.895280838012695,-14.896380424499512,ok
LA_D_9946370,14.970739364624023,14.972881317138672,ok
LA_D_9947625,3.1241347789764404,3.1241793632507324,ok
LA_D_9947726,16.690385818481445,16.690670013427734,ok
LA_D_9948190,15.509703636169434,15.510869979858398,ok
LA_D_9948386,18.16106414794922,18.163585662841797,ok
LA_D_9949656,10.478806495666504,10.478657722473145,ok
LA_D_9950933,14.287800788879395,14.29454517364502,ok
LA_D_9951013,20.37250328063965,20.40693473815918,ok
LA_D_9951144,16.691923141479492,16.710664749145508,ok
LA_D_9951278,14.50622844696045,14.51250171661377,ok
LA_D_9951429,21.549877166748047,21.577756881713867,ok
LA_D_9952661,10.822722434997559,10.824167251586914,ok
LA_D_9953005,18.527149200439453,18.52591896057129,ok
LA_D_9953476,-14.282325744628906,-14.329626083374023,ok
LA_D_9953593,9.943659782409668,9.946911811828613,ok
LA_D_9953716,17.034324645996094,17.054189682006836,ok
LA_D_9953809,13.07358169555664,13.08665657043457,ok
LA_D_9954765,14.482049942016602,14.483478546142578,ok
LA_D_9955162,15.680546760559082,15.693342208862305,ok
LA_D_9955848,8.567070960998535,8.569985389709473,ok
LA_D_9955936,11.04299259185791,11.044267654418945,ok
LA_D_9957063,15.827128410339355,15.828492164611816,ok
LA_D_9958640,11.051518440246582,11.057649612426758,ok
LA_D_9960293,14.074570655822754,14.100786209106445,ok
LA_D_9960664,-15.211917877197266,-15.258705139160156,ok
LA_D_9961107,12.923263549804688,12.924725532531738,ok
LA_D_9962097,10.173444747924805,10.184882164001465,ok
LA_D_9962189,15.846684455871582,15.858857154846191,ok
LA_D_9963628,15.41563606262207,15.442147254943848,ok
LA_D_9963998,14.682879447937012,14.731616020202637,ok
LA_D_9965004,16.120285034179688,16.13895606994629,ok
LA_D_9965111,10.922985076904297,10.928498268127441,ok
LA_D_9965439,-15.008841514587402,-15.012197494506836,ok
LA_D_9965502,10.85200023651123,10.864947319030762,ok
LA_D_9966094,-15.336634635925293,-15.341370582580566,ok
LA_D_9967058,10.716939926147461,10.76209545135498,ok
LA_D_9967133,10.400084495544434,10.400171279907227,ok
LA_D_9967406,16.23394203186035,16.251134872436523,ok
LA_D_9967530,-1.2634243965148926,-1.2664316892623901,ok
LA_D_9968504,15.238819122314453,15.246149063110352,ok
LA_D_9971231,14.524704933166504,14.564881324768066,ok
LA_D_9972110,16.149991989135742,16.207077026367188,ok
LA_D_9972716,10.237763404846191,10.25339412689209,ok
LA_D_9973328,13.333013534545898,13.332539558410645,ok
LA_D_9975936,15.75935173034668,15.76227855682373,ok
LA_D_9977363,17.491558074951172,17.491992950439453,ok
LA_D_9977384,11.45595645904541,11.466368675231934,ok
LA_D_9977709,15.42060375213623,15.424631118774414,ok
LA_D_9978941,13.347630500793457,13.355729103088379,ok
LA_D_9979102,15.576669692993164,15.626764297485352,ok
LA_D_9979957,-13.10361385345459,-13.119002342224121,ok
LA_D_9980325,14.63430404663086,14.640713691711426,ok
LA_D_9980740,-14.709428787231445,-14.72885799407959,ok
LA_D_9980947,17.543262481689453,17.54689598083496,ok
LA_D_9982040,13.088642120361328,13.110138893127441,ok
LA_D_9982181,14.731026649475098,14.731633186340332,ok
LA_D_9982535,10.734136581420898,10.734173774719238,ok
LA_D_9982743,13.076416969299316,13.108853340148926,ok
LA_D_9983276,-7.943188667297363,-7.94451904296875,ok
LA_D_9985005,15.988245010375977,15.997546195983887,ok
LA_D_9985382,14.324148178100586,14.334364891052246,ok
LA_D_9985507,17.349422454833984,17.365514755249023,ok
LA_D_9985554,15.84946060180664,15.855734825134277,ok
LA_D_9986772,16.5201473236084,16.546058654785156,ok
LA_D_9987872,16.771156311035156,16.785173416137695,ok
LA_D_9987878,17.25439453125,17.26344108581543,ok
LA_D_9988164,15.195087432861328,15.195298194885254,ok
LA_D_9988500,17.30806541442871,17.317459106445312,ok
LA_D_9989022,14.509855270385742,14.511478424072266,ok
LA_D_9989304,13.224883079528809,13.235668182373047,ok
LA_D_9991348,17.626100540161133,17.667753219604492,ok
LA_D_9991657,15.391663551330566,15.435713768005371,ok
LA_D_9991828,11.673134803771973,11.690839767456055,ok
LA_D_9992731,15.74997329711914,15.767181396484375,ok
LA_D_9992816,5.933287620544434,5.930574417114258,ok
LA_D_9993251,17.48047637939453,17.480539321899414,ok
LA_D_9993800,18.832822799682617,18.831899642944336,ok
LA_D_9994046,16.297889709472656,16.29861831665039,ok
LA_D_9995517,14.016166687011719,14.018041610717773,ok
LA_D_9995817,15.159990310668945,15.17715072631836,ok
LA_D_9996165,8.631014823913574,8.632894515991211,ok
LA_D_9996570,-13.488970756530762,-13.505122184753418,ok
LA_D_9997585,12.944430351257324,12.94560718536377,ok
LA_D_9997701,-13.20324420928955,-13.21129322052002,ok
LA_D_9998252,16.06600570678711,16.06694221496582,ok
LA_D_9999204,24.482873916625977,24.590314865112305,ok
LA_D_9999760,17.31113052368164,17.35930824279785,ok
