sample_id,score,score_before,status
LA_D_1000752,17.148754119873047,17.14924430847168,ok
LA_D_1001095,18.2218074798584,18.22501564025879,ok
LA_D_1002626,17.741735458374023,17.85240364074707,ok
LA_D_1003797,11.144160270690918,11.144251823425293,ok
LA_D_1004406,12.518640518188477,12.521462440490723,ok
LA_D_1004774,15.127960205078125,15.154146194458008,ok
LA_D_1005471,16.611602783203125,16.67106819152832,ok
LA_D_1006586,12.36959171295166,12.370701789855957,ok
LA_D_1007975,16.292631149291992,16.306955337524414,ok
LA_D_1008673,16.509672164916992,16.50992774963379,ok
LA_D_1008834,4.260403633117676,4.258453369140625,ok
LA_D_1010205,18.166961669921875,18.178455352783203,ok
LA_D_1011897,8.413530349731445,8.420750617980957,ok
LA_D_1012999,15.095519065856934,15.103781700134277,ok
LA_D_1013553,17.78014373779297,17.787458419799805,ok
LA_D_1013596,14.274589538574219,14.321237564086914,ok
LA_D_1013783,13.207001686096191,13.248013496398926,ok
LA_D_1013810,9.316398620605469,9.316515922546387,ok
LA_D_1016296,12.416723251342773,12.42104721069336,ok
LA_D_1016922,17.207172393798828,17.2188663482666,ok
LA_D_1018598,10.321266174316406,10.34887981414795,ok
LA_D_1020087,11.656623840332031,11.758955955505371,ok
LA_D_1021287,17.658802032470703,17.79640769958496,ok
LA_D_1024033,14.050625801086426,14.053730964660645,ok
LA_D_1024326,13.649430274963379,13.669021606445312,ok
LA_D_1024541,9.996232986450195,10.004532814025879,ok
LA_D_1025356,8.468717575073242,8.468756675720215,ok
LA_D_1025927,12.068831443786621,12.112359046936035,ok
LA_D_1026545,11.333891868591309,11.337446212768555,ok
LA_D_1026868,-15.157657623291016,-15.256339073181152,ok
LA_D_1027036,13.930193901062012,13.934157371520996,ok
LA_D_1027039,7.789609909057617,7.8049540519714355,ok
LA_D_1028482,11.180557250976562,11.192694664001465,ok
LA_D_1029401,15.539360046386719,15.571846961975098,ok
LA_D_1029623,12.025545120239258,12.038634300231934,ok
LA_D_1029785,18.948312759399414,18.998584747314453,ok
LA_D_1030270,17.84357261657715,17.883766174316406,ok
LA_D_1030640,16.88417625427246,17.03963851928711,ok
LA_D_1031151,17.60000228881836,17.61789894104004,ok
LA_D_1031999,18.567493438720703,18.579992294311523,ok
LA_D_1032197,14.284111022949219,14.289200782775879,ok
LA_D_1032757,11.792526245117188,11.792060852050781,ok
LA_D_1033225,13.0120267868042,13.015423774719238,ok
LA_D_1034329,12.125407218933105,12.132346153259277,ok
LA_D_1035474,16.724063873291016,16.814390182495117,ok
LA_D_1035695,15.87735652923584,15.89665699005127,ok
LA_D_1035911,13.608715057373047,13.633045196533203,ok
LA_D_1036594,8.67027473449707,8.660126686096191,ok
LA_D_1036986,10.350990295410156,10.35146427154541,ok
LA_D_1038888,13.17786979675293,13.18172550201416,ok
LA_D_1039057,16.340362548828125,16.352922439575195,ok
LA_D_1039305,14.14926815032959,14.15041732788086,ok
LA_D_1039528,12.94138240814209,13.036442756652832,ok
LA_D_1041845,17.119464874267578,17.13187599182129,ok
LA_D_1042553,17.64013671875,17.71312141418457,ok
LA_D_1043824,13.253951072692871,13.282238960266113,ok
LA_D_1044414,4.175817489624023,4.176223278045654,ok
LA_D_1044924,10.844133377075195,10.8444242477417,ok
LA_D_1046296,16.10826873779297,16.108720779418945,ok
LA_D_1048234,18.960346221923828,18.999584197998047,ok
LA_D_1049366,12.738245010375977,12.76229476928711,ok
LA_D_1050286,13.91966724395752,13.917381286621094,ok
LA_D_1050709,14.974605560302734,14.982995986938477,ok
LA_D_1051032,14.953742980957031,14.98344898223877,ok
LA_D_1053530,15.051982879638672,15.068269729614258,ok
LA_D_1054205,13.476953506469727,13.490626335144043,ok
LA_D_1054239,13.298877716064453,13.340431213378906,ok
LA_D_1054756,9.751873016357422,9.752970695495605,ok
LA_D_1055238,10.834245681762695,10.834656715393066,ok
LA_D_1055758,14.94375991821289,14.961773872375488,ok
LA_D_1056838,14.500395774841309,14.50565242767334,ok
LA_D_1056844,14.488163948059082,14.524682998657227,ok
LA_D_1057680,15.06678581237793,15.08508014678955,ok
LA_D_1058167,15.703843116760254,15.782773971557617,ok
LA_D_1058697,11.367203712463379,11.401300430297852,ok
LA_D_1058790,10.46509075164795,10.465080261230469,ok
LA_D_1059373,15.594575881958008,15.603156089782715,ok
LA_D_1060354,16.67689323425293,16.716779708862305,ok
LA_D_1060968,-14.115994453430176,-14.16535472869873,ok
LA_D_1060987,15.011754035949707,15.084105491638184,ok
LA_D_1061499,6.235813140869141,6.235745429992676,ok
LA_D_1063236,14.448126792907715,14.52198314666748,ok
LA_D_1063280,13.744048118591309,13.835619926452637,ok
LA_D_1063719,12.102362632751465,12.105759620666504,ok
LA_D_1064949,13.92983341217041,13.954194068908691,ok
LA_D_1065306,13.28144645690918,13.287110328674316,ok
LA_D_1066396,11.842817306518555,11.885754585266113,ok
LA_D_1068250,12.967123031616211,12.998154640197754,ok
LA_D_1069983,12.078550338745117,12.08871841430664,ok
LA_D_1070584,13.883520126342773,13.88492488861084,ok
LA_D_1070779,12.703866004943848,12.727230072021484,ok
LA_D_1071291,14.328559875488281,14.410667419433594,ok
LA_D_1071356,11.074838638305664,11.075606346130371,ok
LA_D_1073474,11.870869636535645,11.870305061340332,ok
LA_D_1074040,13.479012489318848,13.483194351196289,ok
LA_D_1074364,16.22898292541504,16.248517990112305,ok
LA_D_1074980,13.192728996276855,13.237847328186035,ok
LA_D_1075128,15.978331565856934,16.039813995361328,ok
LA_D_1075190,12.705911636352539,12.708048820495605,ok
LA_D_1075455,12.064735412597656,12.125203132629395,ok
LA_D_1076068,14.8757963180542,14.927684783935547,ok
LA_D_1078241,15.67537784576416,15.690084457397461,ok
LA_D_1078299,13.323569297790527,13.325045585632324,ok
LA_D_1079091,12.327317237854004,12.331494331359863,ok
LA_D_1080524,20.913450241088867,20.959081649780273,ok
LA_D_1081164,17.28418731689453,17.29380989074707,ok
LA_D_1082871,16.151473999023438,16.15375518798828,ok
LA_D_1083406,17.72555160522461,17.78764533996582,ok
LA_D_1084356,-14.004237174987793,-14.01225471496582,ok
LA_D_1084765,10.928461074829102,10.929410934448242,ok
LA_D_1084804,9.319259643554688,9.324458122253418,ok
LA_D_1084880,11.952325820922852,11.955658912658691,ok
LA_D_1085566,11.152100563049316,11.151970863342285,ok
LA_D_1085765,12.390324592590332,12.3914155960083,ok
LA_D_1086391,-14.012275695800781,-14.03549575805664,ok
LA_D_1088314,12.517020225524902,12.52438735961914,ok
LA_D_1088370,14.059818267822266,14.086424827575684,ok
LA_D_1088929,14.23432731628418,14.24323558807373,ok
LA_D_1088963,15.37790584564209,15.49117374420166,ok
LA_D_1089922,16.687047958374023,16.742616653442383,ok
LA_D_1091308,14.64522933959961,14.696308135986328,ok
LA_D_1091601,9.091493606567383,9.0931978225708,ok
LA_D_1091851,17.440086364746094,17.528459548950195,ok
LA_D_1092890,14.782330513000488,14.794026374816895,ok
LA_D_1093350,16.36585235595703,16.43214225769043,ok
LA_D_1094179,13.515972137451172,13.522791862487793,ok
LA_D_1094379,14.465507507324219,14.52854061126709,ok
LA_D_1094871,17.318883895874023,17.319364547729492,ok
LA_D_1096227,11.637313842773438,11.649523735046387,ok
LA_D_1097191,14.59164047241211,14.594466209411621,ok
LA_D_1098936,16.533218383789062,16.542070388793945,ok
LA_D_1099173,13.592623710632324,13.627413749694824,ok
LA_D_1099405,15.99491024017334,15.997599601745605,ok
LA_D_1099638,8.374685287475586,8.381489753723145,ok
LA_D_1099657,13.374710083007812,13.395895957946777,ok
LA_D_1101351,-12.81988525390625,-12.825535774230957,ok
LA_D_1105378,10.917502403259277,10.950160026550293,ok
LA_D_1105489,-11.302370071411133,-11.312247276306152,ok
LA_D_1106906,9.126036643981934,9.13175106048584,ok
LA_D_1107234,11.365494728088379,11.366349220275879,ok
LA_D_1108281,18.05072021484375,18.09206199645996,ok
LA_D_1108377,14.959141731262207,14.98226261138916,ok
LA_D_1108768,12.645474433898926,12.661706924438477,ok
LA_D_1110227,15.652216911315918,15.687532424926758,ok
LA_D_1110769,9.009071350097656,9.009297370910645,ok
LA_D_1111073,14.374737739562988,14.39814281463623,ok
LA_D_1111626,11.527676582336426,11.585420608520508,ok
LA_D_1114039,15.725531578063965,15.967728614807129,ok
LA_D_1114144,8.678842544555664,8.678070068359375,ok
LA_D_1117567,19.589561462402344,19.611635208129883,ok
LA_D_1118794,11.600322723388672,11.62904167175293,ok
LA_D_1121887,-13.729653358459473,-13.736403465270996,ok
LA_D_1123453,18.61509895324707,18.615407943725586,ok
LA_D_1123562,14.03846263885498,14.051555633544922,ok
LA_D_1123614,-6.548851013183594,-6.593749523162842,ok
LA_D_1124968,12.548398971557617,12.549870491027832,ok
LA_D_1126775,13.696125984191895,13.701752662658691,ok
LA_D_1126907,-13.908039093017578,-13.937859535217285,ok
LA_D_1127112,12.482865333557129,12.495985984802246,ok
LA_D_1128845,14.771419525146484,14.781828880310059,ok
LA_D_1129909,-14.182293891906738,-14.186861991882324,ok
LA_D_1130470,-13.874119758605957,-13.876276969909668,ok
LA_D_1131563,13.613348960876465,13.63278579711914,ok
LA_D_1132076,15.797059059143066,15.797879219055176,ok
LA_D_1133069,-11.504110336303711,-11.521954536437988,ok
LA_D_1133168,-13.29150676727295,-13.296636581420898,ok
LA_D_1134137,16.874927520751953,16.909719467163086,ok
LA_D_1135743,17.506977081298828,17.509140014648438,ok
LA_D_1135973,13.837045669555664,13.884732246398926,ok
LA_D_1136030,11.780366897583008,11.780381202697754,ok
LA_D_1136051,14.35586166381836,14.374823570251465,ok
LA_D_1137303,17.891408920288086,17.895349502563477,ok
LA_D_1138529,10.282923698425293,10.290814399719238,ok
LA_D_1138581,14.589264869689941,14.58483600616455,ok
LA_D_1139572,15.837474822998047,15.838226318359375,ok
LA_D_1139754,15.730940818786621,15.750910758972168,ok
LA_D_1140227,14.599774360656738,14.604907035827637,ok
LA_D_1140789,10.70979118347168,10.712106704711914,ok
LA_D_1141118,15.314194679260254,15.315211296081543,ok
LA_D_1141551,13.051115989685059,13.055951118469238,ok
LA_D_1141794,11.49681282043457,11.536935806274414,ok
LA_D_1142092,5.444509029388428,5.450655460357666,ok
LA_D_1144247,13.22357177734375,13.244674682617188,ok
LA_D_1144692,13.952363014221191,13.957444190979004,ok
LA_D_1145856,18.670162200927734,18.674646377563477,ok
LA_D_1146557,14.765900611877441,14.78136157989502,ok
LA_D_1146602,18.530637741088867,18.57352066040039,ok
LA_D_1147582,17.418437957763672,17.468843460083008,ok
LA_D_1149633,11.498764038085938,11.504799842834473,ok
LA_D_1150140,8.740264892578125,8.74134635925293,ok
LA_D_1150161,14.412088394165039,14.457096099853516,ok
LA_D_1151622,11.158801078796387,11.168810844421387,ok
LA_D_1152601,14.22989273071289,14.243515968322754,ok
LA_D_1152692,-14.852035522460938,-14.898885726928711,ok
LA_D_1153840,14.195332527160645,14.219887733459473,ok
LA_D_1156906,-12.77277946472168,-12.773587226867676,ok
LA_D_1157084,23.05293846130371,23.054235458374023,ok
LA_D_1158203,9.96610164642334,9.974199295043945,ok
LA_D_1158260,16.341541290283203,16.48607063293457,ok
LA_D_1158428,10.178525924682617,10.178048133850098,ok
LA_D_1158489,12.14012336730957,12.143858909606934,ok
LA_D_1158837,-14.098328590393066,-14.111876487731934,ok
LA_D_1159197,10.422579765319824,10.464705467224121,ok
LA_D_1161040,16.073013305664062,16.079538345336914,ok
LA_D_1161800,-10.03749942779541,-10.054994583129883,ok
LA_D_1162280,13.899739265441895,13.952227592468262,ok
LA_D_1163392,11.235405921936035,11.259211540222168,ok
LA_D_1165345,14.909770011901855,14.994166374206543,ok
LA_D_1165413,16.23725128173828,16.33516502380371,ok
LA_D_1167294,11.993093490600586,12.002232551574707,ok
LA_D_1167437,9.99388313293457,10.023064613342285,ok
LA_D_1168046,14.912632942199707,14.99622631072998,ok
LA_D_1168201,16.518686294555664,16.541025161743164,ok
LA_D_1168433,13.865934371948242,13.9131441116333,ok
LA_D_1169125,19.096176147460938,19.102102279663086,ok
LA_D_1169636,14.140907287597656,14.182852745056152,ok
LA_D_1170726,16.17884635925293,16.19587516784668,ok
LA_D_1171425,14.815811157226562,14.832764625549316,ok
LA_D_1171849,11.351421356201172,11.352641105651855,ok
LA_D_1171974,11.592781066894531,11.594325065612793,ok
LA_D_1173044,12.188390731811523,12.189376831054688,ok
LA_D_1173972,14.785028457641602,14.808586120605469,ok
LA_D_1176249,17.108192443847656,17.169584274291992,ok
LA_D_1176474,12.755574226379395,12.758687973022461,ok
LA_D_1177616,12.831047058105469,12.869634628295898,ok
LA_D_1179000,18.71706199645996,18.717172622680664,ok
LA_D_1179445,11.787516593933105,11.795417785644531,ok
LA_D_1179745,8.10158920288086,8.102690696716309,ok
LA_D_1179848,-14.61593246459961,-14.638764381408691,ok
LA_D_1179946,14.363740921020508,14.376090049743652,ok
LA_D_1181336,11.269715309143066,11.310140609741211,ok
LA_D_1181772,16.1977481842041,16.21237564086914,ok
LA_D_1183162,16.815690994262695,16.841279983520508,ok
LA_D_1185426,14.191607475280762,14.484633445739746,ok
LA_D_1185773,11.982144355773926,12.016249656677246,ok
LA_D_1187262,12.471739768981934,12.504538536071777,ok
LA_D_1190139,16.66176414489746,16.676239013671875,ok
LA_D_1190183,10.384305953979492,10.400586128234863,ok
LA_D_1191562,9.013163566589355,9.08622932434082,ok
LA_D_1192749,17.63121795654297,17.643877029418945,ok
LA_D_1193402,15.623373985290527,15.64195442199707,ok
LA_D_1195197,13.618208885192871,13.66133975982666,ok
LA_D_1195873,11.566767692565918,11.573269844055176,ok
LA_D_1197810,10.984855651855469,11.030482292175293,ok
LA_D_1198374,11.065025329589844,11.06546688079834,ok
LA_D_1199369,14.92322063446045,14.925349235534668,ok
LA_D_1200542,6.023374080657959,6.025057792663574,ok
LA_D_1202021,15.529587745666504,15.549981117248535,ok
LA_D_1203854,13.754921913146973,13.76014232635498,ok
LA_D_1206907,22.34889030456543,22.443490982055664,ok
LA_D_1208604,14.458854675292969,14.46145248413086,ok
LA_D_1208937,18.071067810058594,18.251554489135742,ok
LA_D_1208939,15.343599319458008,15.351859092712402,ok
LA_D_1210958,12.142587661743164,12.168147087097168,ok
LA_D_1211631,14.635921478271484,14.653636932373047,ok
LA_D_1212385,13.978461265563965,13.982795715332031,ok
LA_D_1212670,14.7850923538208,14.798493385314941,ok
LA_D_1214950,-15.238892555236816,-15.29776668548584,ok
LA_D_1216436,16.55730628967285,16.568069458007812,ok
LA_D_1216735,13.564312934875488,13.57044506072998,ok
LA_D_1217069,9.588897705078125,9.608717918395996,ok
LA_D_1217312,10.052045822143555,10.078834533691406,ok
LA_D_1217579,9.738646507263184,9.73857593536377,ok
LA_D_1218270,12.566648483276367,12.568849563598633,ok
LA_D_1218618,22.96116065979004,22.991613388061523,ok
LA_D_1218955,10.865278244018555,10.879857063293457,ok
LA_D_1219091,12.463335990905762,12.477477073669434,ok
LA_D_1219751,12.23743724822998,12.251370429992676,ok
LA_D_1221102,10.792448043823242,10.793566703796387,ok
LA_D_1225629,15.637859344482422,15.68437385559082,ok
LA_D_1226093,17.452238082885742,17.468591690063477,ok
LA_D_1226919,17.1798038482666,17.350053787231445,ok
LA_D_1229238,16.80303382873535,16.833833694458008,ok
LA_D_1230447,13.487397193908691,13.510029792785645,ok
LA_D_1230972,13.691791534423828,13.690277099609375,ok
LA_D_1232140,14.608640670776367,14.670195579528809,ok
LA_D_1232279,12.779438972473145,12.810452461242676,ok
LA_D_1232613,-13.63176441192627,-13.648110389709473,ok
LA_D_1233766,15.255407333374023,15.351170539855957,ok
LA_D_1234829,-13.40162467956543,-13.458596229553223,ok
LA_D_1235041,18.83090591430664,18.830913543701172,ok
LA_D_1235148,15.205363273620605,15.233705520629883,ok
LA_D_1235211,15.855121612548828,15.87756633758545,ok
LA_D_1235306,12.691964149475098,12.69348430633545,ok
LA_D_1236459,20.883750915527344,20.946012496948242,ok
LA_D_1237480,12.801108360290527,12.821133613586426,ok
LA_D_1238201,17.25714111328125,17.297954559326172,ok
LA_D_1238696,-15.647079467773438,-15.697839736938477,ok
LA_D_1239007,14.620685577392578,14.632292747497559,ok
LA_D_1239715,-13.70314884185791,-13.709720611572266,ok
LA_D_1240959,13.248745918273926,13.25034236907959,ok
LA_D_1240976,-15.112987518310547,-15.127213478088379,ok
LA_D_1242157,15.593925476074219,15.6221342086792,ok
LA_D_1243162,13.001354217529297,13.008744239807129,ok
LA_D_1243570,16.82611656188965,16.833097457885742,ok
LA_D_1244678,11.885488510131836,11.886465072631836,ok
LA_D_1244860,14.282585144042969,14.281871795654297,ok
LA_D_1245164,9.8898286819458,9.899423599243164,ok
LA_D_1245233,16.516313552856445,16.53520393371582,ok
LA_D_1245336,17.029556274414062,17.039159774780273,ok
LA_D_1246046,15.791258811950684,15.797552108764648,ok
LA_D_1246251,13.37441635131836,13.388627052307129,ok
LA_D_1246607,-14.09810733795166,-14.107481002807617,ok
LA_D_1247325,12.496723175048828,12.498045921325684,ok
LA_D_1248209,11.796512603759766,11.804444313049316,ok
LA_D_1248476,15.272513389587402,15.29113483428955,ok
LA_D_1248515,12.174728393554688,12.177388191223145,ok
LA_D_1248870,13.75179672241211,13.756576538085938,ok
LA_D_1249012,9.920804977416992,9.92419719696045,ok
LA_D_1249064,1.1085938215255737,1.0691514015197754,ok
LA_D_1249114,18.18860626220703,18.21051597595215,ok
LA_D_1249536,11.187992095947266,11.19777774810791,ok
LA_D_1250618,12.871259689331055,12.88046932220459,ok
LA_D_1251682,13.879042625427246,13.922704696655273,ok
LA_D_1251939,13.780328750610352,13.782275199890137,ok
LA_D_1252524,16.6309814453125,16.699935913085938,ok
LA_D_1252608,14.309883117675781,14.321431159973145,ok
LA_D_1252766,18.957590103149414,18.997976303100586,ok
LA_D_1252794,11.278464317321777,11.279370307922363,ok
LA_D_1253043,14.219073295593262,14.263533592224121,ok
LA_D_1253703,10.384583473205566,10.4465970993042,ok
LA_D_1254455,10.483857154846191,10.484551429748535,ok
LA_D_1256001,10.723204612731934,10.736720085144043,ok
LA_D_1258579,14.922016143798828,14.952220916748047,ok
LA_D_1261551,18.77411651611328,18.85187339782715,ok
LA_D_1261801,9.204276084899902,9.203120231628418,ok
LA_D_1262462,14.288320541381836,14.293127059936523,ok
LA_D_1264445,9.218084335327148,9.288654327392578,ok
LA_D_1264718,16.56060218811035,16.591352462768555,ok
LA_D_1264748,12.166482925415039,12.19133472442627,ok
LA_D_1265133,12.275521278381348,12.295527458190918,ok
LA_D_1266897,10.254435539245605,10.25446891784668,ok
LA_D_1267039,11.751191139221191,11.768583297729492,ok
LA_D_1268493,18.105897903442383,18.160268783569336,ok
LA_D_1270677,15.987335205078125,16.019453048706055,ok
LA_D_1271468,13.217917442321777,13.219267845153809,ok
LA_D_1272181,10.77608585357666,10.788128852844238,ok
LA_D_1274077,13.841341018676758,13.860333442687988,ok
LA_D_1274207,12.450589179992676,12.456178665161133,ok
LA_D_1274554,12.3566312789917,12.361956596374512,ok
LA_D_1274657,14.700556755065918,14.701225280761719,ok
LA_D_1275044,-13.46151065826416,-13.503193855285645,ok
LA_D_1277538,12.103553771972656,12.109219551086426,ok
LA_D_1279220,16.35331916809082,16.417312622070312,ok
LA_D_1279578,18.090129852294922,18.112045288085938,ok
LA_D_1279699,11.383532524108887,11.386270523071289,ok
LA_D_1280356,12.322663307189941,12.327862739562988,ok
LA_D_1281123,13.334022521972656,13.346142768859863,ok
LA_D_1281285,17.617931365966797,17.617969512939453,ok
LA_D_1281551,11.134597778320312,11.200695991516113,ok
LA_D_1281736,10.946200370788574,10.952561378479004,ok
LA_D_1281950,-14.095078468322754,-14.12190055847168,ok
LA_D_1285017,14.29043960571289,14.290818214416504,ok
LA_D_1286132,10.899994850158691,10.901510238647461,ok
LA_D_1286897,15.550107955932617,15.56589126586914,ok
LA_D_1287394,9.475174903869629,9.476317405700684,ok
LA_D_1287631,11.61452579498291,11.613320350646973,ok
LA_D_1287658,14.33767032623291,14.342781066894531,ok
LA_D_1288217,-10.639347076416016,-10.644434928894043,ok
LA_D_1290079,13.12053108215332,13.118531227111816,ok
LA_D_1290431,18.42100715637207,18.465848922729492,ok
LA_D_1291101,14.333453178405762,14.398448944091797,ok
LA_D_1292315,14.219395637512207,14.230169296264648,ok
LA_D_1292781,13.89291763305664,13.894372940063477,ok
LA_D_1292895,12.831719398498535,12.8272066116333,ok
LA_D_1293149,7.949373245239258,7.976617336273193,ok
LA_D_1294054,18.336618423461914,18.346893310546875,ok
LA_D_1296374,12.50101089477539,12.528558731079102,ok
LA_D_1296597,15.671215057373047,15.758211135864258,ok
LA_D_1297520,13.051581382751465,13.116175651550293,ok
LA_D_1297559,15.96497917175293,16.005998611450195,ok
LA_D_1298257,11.348367691040039,11.37431812286377,ok
LA_D_1299938,11.195727348327637,11.20181941986084,ok
LA_D_1300135,14.409989356994629,14.436724662780762,ok
LA_D_1300558,-14.149062156677246,-14.19630241394043,ok
LA_D_1301234,-9.018643379211426,-9.021610260009766,ok
LA_D_1301398,19.877946853637695,19.938220977783203,ok
LA_D_1301495,5.792725563049316,5.795135974884033,ok
LA_D_1302934,15.619607925415039,15.632448196411133,ok
LA_D_1303621,13.160542488098145,13.18515682220459,ok
LA_D_1304734,13.686793327331543,13.716784477233887,ok
LA_D_1306387,-13.009892463684082,-13.01137638092041,ok
LA_D_1306634,10.918333053588867,10.917967796325684,ok
LA_D_1307022,13.082625389099121,13.090718269348145,ok
LA_D_1307113,8.361458778381348,8.36267375946045,ok
LA_D_1307115,16.091585159301758,16.15495491027832,ok
LA_D_1307361,14.615263938903809,14.664338111877441,ok
LA_D_1307590,14.629682540893555,14.62975788116455,ok
LA_D_1307948,-5.389735221862793,-5.401275157928467,ok
LA_D_1310219,16.76533317565918,16.785308837890625,ok
LA_D_1310938,15.620804786682129,15.63037395477295,ok
LA_D_1312652,20.190155029296875,20.194318771362305,ok
LA_D_1313431,-12.142067909240723,-12.151350975036621,ok
LA_D_1314415,15.112116813659668,15.112296104431152,ok
LA_D_1314423,16.231779098510742,16.24098777770996,ok
LA_D_1316973,12.666499137878418,12.665083885192871,ok
LA_D_1317099,21.052799224853516,21.108585357666016,ok
LA_D_1317561,16.240116119384766,16.24246597290039,ok
LA_D_1318978,10.875178337097168,10.88379955291748,ok
LA_D_1321608,12.885811805725098,12.90311336517334,ok
LA_D_1322656,13.969475746154785,13.985396385192871,ok
LA_D_1323117,7.946988582611084,7.947128772735596,ok
LA_D_1323454,-14.203832626342773,-14.238961219787598,ok
LA_D_1324369,12.351136207580566,12.374345779418945,ok
LA_D_1325941,12.347200393676758,12.34664535522461,ok
LA_D_1326697,16.220298767089844,16.221426010131836,ok
LA_D_1326907,14.835606575012207,14.848966598510742,ok
LA_D_1328151,13.734006881713867,13.741704940795898,ok
LA_D_1329749,18.354751586914062,18.377859115600586,ok
LA_D_1330250,19.635833740234375,19.751218795776367,ok
LA_D_1330775,-13.993185043334961,-14.000469207763672,ok
LA_D_1332227,12.715750694274902,12.754546165466309,ok
LA_D_1334666,11.35434341430664,11.356945991516113,ok
LA_D_1335445,-13.540802001953125,-13.54247760772705,ok
LA_D_1335533,13.900277137756348,13.970685005187988,ok
LA_D_1336221,-14.80913257598877,-14.843413352966309,ok
LA_D_1336509,16.826385498046875,16.829164505004883,ok
LA_D_1337359,17.72580909729004,18.085126876831055,ok
LA_D_1339977,11.832983016967773,11.833020210266113,ok
LA_D_1340170,11.070211410522461,11.073057174682617,ok
LA_D_1341967,16.864316940307617,16.887990951538086,ok
LA_D_1343070,13.160329818725586,13.164884567260742,ok
LA_D_1343353,15.439823150634766,15.447257995605469,ok
LA_D_1343882,9.732572555541992,9.73772144317627,ok
LA_D_1345745,16.345651626586914,16.378459930419922,ok
LA_D_1345832,11.158183097839355,11.177535057067871,ok
LA_D_1348104,11.802791595458984,11.80477237701416,ok
LA_D_1348124,11.748342514038086,11.77370834350586,ok
LA_D_1348512,15.69067668914795,15.702872276306152,ok
LA_D_1350597,10.19660472869873,10.205347061157227,ok
LA_D_1351069,8.06993293762207,8.07751750946045,ok
LA_D_1351175,15.33785629272461,15.351316452026367,ok
LA_D_1351546,6.183238506317139,6.1908979415893555,ok
LA_D_1351703,14.536206245422363,14.553369522094727,ok
LA_D_1352656,17.72593116760254,17.980607986450195,ok
LA_D_1353894,-13.805028915405273,-13.816988945007324,ok
LA_D_1354096,13.444053649902344,13.459359169006348,ok
LA_D_1354354,14.992697715759277,15.00085163116455,ok
LA_D_1354501,14.046433448791504,14.05521297454834,ok
LA_D_1355058,-11.722136497497559,-11.733065605163574,ok
LA_D_1356036,14.447025299072266,14.44959545135498,ok
LA_D_1357016,14.133585929870605,14.13793659210205,ok
LA_D_1358422,18.257366180419922,18.390888214111328,ok
LA_D_1358556,11.752676963806152,11.793118476867676,ok
LA_D_1359166,16.48396110534668,16.55861473083496,ok
LA_D_1359304,11.739487648010254,11.781351089477539,ok
LA_D_1360070,12.625175476074219,12.711390495300293,ok
LA_D_1361369,12.322038650512695,12.323529243469238,ok
LA_D_1361417,-16.482004165649414,-16.488168716430664,ok
LA_D_1361600,14.424345016479492,14.430685043334961,ok
LA_D_1361818,17.307004928588867,17.321176528930664,ok
LA_D_1362199,17.86829376220703,17.869321823120117,ok
LA_D_1363243,-12.590052604675293,-12.622241020202637,ok
LA_D_1363364,7.487537860870361,7.4887261390686035,ok
LA_D_1364216,21.818668365478516,21.97406005859375,ok
LA_D_1364611,-12.459854125976562,-12.49117660522461,ok
LA_D_1365321,12.507705688476562,12.5083589553833,ok
LA_D_1365588,16.571727752685547,16.60400390625,ok
LA_D_1366391,19.415170669555664,19.473081588745117,ok
LA_D_1368280,-15.987152099609375,-16.002079010009766,ok
LA_D_1368657,13.043840408325195,13.05802059173584,ok
LA_D_1368692,16.238513946533203,16.25758171081543,ok
LA_D_1369463,16.123445510864258,16.152372360229492,ok
LA_D_1369901,11.169246673583984,11.16917610168457,ok
LA_D_1371588,14.972407341003418,15.009970664978027,ok
LA_D_1371818,13.161055564880371,13.174927711486816,ok
LA_D_1373736,11.79088020324707,11.79108715057373,ok
LA_D_1374363,-13.749896049499512,-13.780028343200684,ok
LA_D_1375085,9.543135643005371,9.546635627746582,ok
LA_D_1375735,14.555611610412598,14.55770206451416,ok
LA_D_1376887,12.799704551696777,12.799524307250977,ok
LA_D_1377906,18.116592407226562,18.208078384399414,ok
LA_D_1378109,11.095327377319336,11.095622062683105,ok
LA_D_1378776,10.846613883972168,10.8485746383667,ok
LA_D_1379062,11.095884323120117,11.10811996459961,ok
LA_D_1380231,-13.718751907348633,-13.724846839904785,ok
LA_D_1382194,14.820149421691895,14.848222732543945,ok
LA_D_1382825,19.904773712158203,19.994733810424805,ok
LA_D_1382969,18.37241554260254,18.436031341552734,ok
LA_D_1384414,14.132129669189453,14.132670402526855,ok
LA_D_1385838,14.600069999694824,14.628966331481934,ok
LA_D_1385978,12.113399505615234,12.116862297058105,ok
LA_D_1386774,14.804239273071289,14.80617904663086,ok
LA_D_1388138,12.879149436950684,12.88491153717041,ok
LA_D_1389698,-12.733720779418945,-12.747183799743652,ok
LA_D_1390523,13.429803848266602,13.441195487976074,ok
LA_D_1391132,5.2314348220825195,5.2379326820373535,ok
LA_D_1391969,14.822395324707031,14.847281455993652,ok
LA_D_1391982,-10.689948081970215,-10.75162410736084,ok
LA_D_1393294,5.412576675415039,5.413211345672607,ok
LA_D_1393609,12.871424674987793,12.87231159210205,ok
LA_D_1393870,15.064529418945312,15.111298561096191,ok
LA_D_1394044,15.761725425720215,15.955710411071777,ok
LA_D_1394305,9.644195556640625,9.65450668334961,ok
LA_D_1394492,15.71212100982666,15.715084075927734,ok
LA_D_1396590,15.088109016418457,15.096120834350586,ok
LA_D_1396790,12.400674819946289,12.413064956665039,ok
LA_D_1397703,16.9371337890625,16.949499130249023,ok
LA_D_1398743,7.567288875579834,7.558709621429443,ok
LA_D_1401409,16.676076889038086,16.6872501373291,ok
LA_D_1401933,17.469202041625977,17.497621536254883,ok
LA_D_1402046,21.152000427246094,21.18230628967285,ok
LA_D_1402940,15.9481782913208,15.949517250061035,ok
LA_D_1403762,-10.084375381469727,-10.129847526550293,ok
LA_D_1404026,13.591778755187988,13.62759780883789,ok
LA_D_1405812,12.446454048156738,12.469378471374512,ok
LA_D_1406745,12.27949047088623,12.287964820861816,ok
LA_D_1406948,15.878599166870117,15.926888465881348,ok
LA_D_1408290,19.24991798400879,19.254762649536133,ok
LA_D_1409799,8.611181259155273,8.623077392578125,ok
LA_D_1409881,15.671157836914062,15.690306663513184,ok
LA_D_1410704,-9.282794952392578,-9.283242225646973,ok
LA_D_1412270,15.992067337036133,16.08049964904785,ok
LA_D_1412369,8.306960105895996,8.307038307189941,ok
LA_D_1412552,-13.281487464904785,-13.295666694641113,ok
LA_D_1412931,13.66353702545166,13.678168296813965,ok
LA_D_1413701,11.501352310180664,11.506094932556152,ok
LA_D_1414224,17.465139389038086,17.474946975708008,ok
LA_D_1414287,12.131607055664062,12.150486946105957,ok
LA_D_1414826,12.36048412322998,12.368451118469238,ok
LA_D_1414919,17.011459350585938,17.02329444885254,ok
LA_D_1415528,10.83258056640625,10.832503318786621,ok
LA_D_1415728,11.243971824645996,11.243738174438477,ok
LA_D_1416022,17.08234977722168,17.099645614624023,ok
LA_D_1416122,15.453239440917969,15.557575225830078,ok
LA_D_1416969,10.949511528015137,10.959508895874023,ok
LA_D_1417565,13.831650733947754,13.856648445129395,ok
LA_D_1418549,17.68865394592285,17.725194931030273,ok
LA_D_1418965,13.84280776977539,13.858887672424316,ok
LA_D_1419364,9.465035438537598,9.471911430358887,ok
LA_D_1419526,12.501251220703125,12.511687278747559,ok
LA_D_1420574,18.81296157836914,18.85959815979004,ok
LA_D_1422129,6.757045745849609,6.756099224090576,ok
LA_D_1423006,-6.981979846954346,-6.9896135330200195,ok
LA_D_1424372,12.789862632751465,12.827543258666992,ok
LA_D_1424811,15.9631929397583,15.96500301361084,ok
LA_D_1425046,15.30224609375,15.307608604431152,ok
LA_D_1426011,13.302763938903809,13.350305557250977,ok
LA_D_1427018,13.254915237426758,13.263564109802246,ok
LA_D_1427618,14.504133224487305,14.532868385314941,ok
LA_D_1427710,-14.890007972717285,-14.890751838684082,ok
LA_D_1428381,13.177769660949707,13.180472373962402,ok
LA_D_1429979,12.781840324401855,12.80681037902832,ok
LA_D_1432668,15.72472858428955,15.746682167053223,ok
LA_D_1433046,18.23751449584961,18.367525100708008,ok
LA_D_1433061,11.243165016174316,11.274287223815918,ok
LA_D_1433129,17.912992477416992,17.911840438842773,ok
LA_D_1433873,12.46412181854248,12.47673225402832,ok
LA_D_1434547,20.941051483154297,21.048343658447266,ok
LA_D_1434551,16.73862648010254,16.7797908782959,ok
LA_D_1434780,15.59924602508545,15.696764945983887,ok
LA_D_1434936,11.446431159973145,11.466374397277832,ok
LA_D_1435647,13.710906028747559,13.71126651763916,ok
LA_D_1436004,13.693744659423828,13.694214820861816,ok
LA_D_1438615,-13.190738677978516,-13.243966102600098,ok
LA_D_1438742,12.688034057617188,12.694849967956543,ok
LA_D_1440229,12.36108112335205,12.382725715637207,ok
LA_D_1440908,17.46088981628418,17.469717025756836,ok
LA_D_1441701,18.41964340209961,18.419702529907227,ok
LA_D_1442792,15.450788497924805,15.475811958312988,ok
LA_D_1443809,13.272928237915039,13.299323081970215,ok
LA_D_1444623,17.223745346069336,17.280498504638672,ok
LA_D_1445468,-10.012675285339355,-10.022178649902344,ok
LA_D_1447056,15.016624450683594,15.029773712158203,ok
LA_D_1447238,3.750525951385498,3.7515556812286377,ok
LA_D_1447250,19.16084098815918,19.300508499145508,ok
LA_D_1447776,20.972496032714844,21.011701583862305,ok
LA_D_1448869,14.160600662231445,14.163283348083496,ok
LA_D_1449303,9.606433868408203,9.60462474822998,ok
LA_D_1451466,7.103996753692627,7.111172199249268,ok
LA_D_1452937,17.230144500732422,17.235445022583008,ok
LA_D_1453864,17.462339401245117,17.511802673339844,ok
LA_D_1454955,13.976350784301758,13.981698036193848,ok
LA_D_1454984,14.924068450927734,14.947258949279785,ok
LA_D_1459201,16.387474060058594,16.402246475219727,ok
LA_D_1459300,10.907538414001465,10.91303825378418,ok
LA_D_1459930,-11.014786720275879,-11.139734268188477,ok
LA_D_1461015,15.380537033081055,15.389616966247559,ok
LA_D_1461462,14.409839630126953,14.424025535583496,ok
LA_D_1461530,8.737424850463867,8.751507759094238,ok
LA_D_1461752,12.573121070861816,12.574615478515625,ok
LA_D_1462484,-13.004595756530762,-13.03128433227539,ok
LA_D_1462556,16.77024269104004,16.94130516052246,ok
LA_D_1463624,16.33295440673828,16.348779678344727,ok
LA_D_1463958,9.713184356689453,9.713227272033691,ok
LA_D_1463984,12.339174270629883,12.341099739074707,ok
LA_D_1464997,15.974254608154297,15.994162559509277,ok
LA_D_1467819,14.698381423950195,14.728650093078613,ok
LA_D_1468044,11.679845809936523,11.683274269104004,ok
LA_D_1468408,17.124858856201172,17.164112091064453,ok
LA_D_1469404,-8.95436954498291,-8.962323188781738,ok
LA_D_1469415,12.47718620300293,12.477007865905762,ok
LA_D_1471187,11.925585746765137,11.933112144470215,ok
LA_D_1471595,15.281786918640137,15.29760456085205,ok
LA_D_1472284,12.61048412322998,12.612792015075684,ok
LA_D_1472719,16.714208602905273,16.731718063354492,ok
LA_D_1473255,-6.279684066772461,-6.281048774719238,ok
LA_D_1473361,9.55254077911377,9.551337242126465,ok
LA_D_1475296,13.904119491577148,13.90971851348877,ok
LA_D_1476062,9.499444007873535,9.511237144470215,ok
LA_D_1476819,12.905713081359863,12.945497512817383,ok
LA_D_1477090,12.168130874633789,12.23752498626709,ok
LA_D_1477768,15.160021781921387,15.169862747192383,ok
LA_D_1478351,16.101818084716797,16.11823844909668,ok
LA_D_1479514,16.04656982421875,16.05850601196289,ok
LA_D_1479561,8.830458641052246,8.835912704467773,ok
LA_D_1479871,13.693897247314453,13.699332237243652,ok
LA_D_1480186,-0.8499886989593506,-0.8603401780128479,ok
LA_D_1481057,-12.771190643310547,-12.785107612609863,ok
LA_D_1481205,10.937151908874512,10.939875602722168,ok
LA_D_1481335,-12.020181655883789,-12.040898323059082,ok
LA_D_1481725,14.948675155639648,15.096827507019043,ok
LA_D_1482068,9.136643409729004,9.159241676330566,ok
LA_D_1482998,-14.934982299804688,-14.957488059997559,ok
LA_D_1483054,15.494437217712402,15.514492988586426,ok
LA_D_1483493,-12.808404922485352,-12.82358455657959,ok
LA_D_1483498,12.782445907592773,12.820959091186523,ok
LA_D_1483761,8.931394577026367,8.957884788513184,ok
LA_D_1484616,14.48777961730957,14.493428230285645,ok
LA_D_1484758,15.220854759216309,15.275327682495117,ok
LA_D_1485960,12.705719947814941,12.720844268798828,ok
LA_D_1485983,14.420948028564453,14.464627265930176,ok
LA_D_1487457,12.096522331237793,12.10239028930664,ok
LA_D_1488314,17.942468643188477,17.945032119750977,ok
LA_D_1488449,-14.3694429397583,-14.446829795837402,ok
LA_D_1488756,16.784263610839844,16.809396743774414,ok
LA_D_1494418,-13.63568115234375,-13.667496681213379,ok
LA_D_1495117,13.442712783813477,13.443169593811035,ok
LA_D_1495339,16.736427307128906,16.76946449279785,ok
LA_D_1496491,17.99269676208496,18.008577346801758,ok
LA_D_1496754,15.857860565185547,15.943490028381348,ok
LA_D_1497236,10.420523643493652,10.433791160583496,ok
LA_D_1498058,14.689505577087402,14.70740032196045,ok
LA_D_1499350,15.230127334594727,15.227385520935059,ok
LA_D_1500385,-13.970354080200195,-13.973736763000488,ok
LA_D_1500993,-14.677952766418457,-14.70718002319336,ok
LA_D_1502443,12.896056175231934,12.90315055847168,ok
LA_D_1502852,15.669967651367188,15.670032501220703,ok
LA_D_1503604,-14.434505462646484,-14.438421249389648,ok
LA_D_1504502,16.799053192138672,16.838600158691406,ok
LA_D_1506183,14.49380874633789,14.501181602478027,ok
LA_D_1506235,10.203792572021484,10.208565711975098,ok
LA_D_1506631,13.853825569152832,13.85839557647705,ok
LA_D_1507549,14.615716934204102,14.620513916015625,ok
LA_D_1509117,13.920234680175781,13.93563461303711,ok
LA_D_1509923,16.34663963317871,16.3586368560791,ok
LA_D_1509962,14.916613578796387,14.94621467590332,ok
LA_D_1510431,12.139960289001465,12.223288536071777,ok
LA_D_1511574,18.822893142700195,18.837488174438477,ok
LA_D_1512564,10.125139236450195,10.128907203674316,ok
LA_D_1512979,15.37214469909668,15.403023719787598,ok
LA_D_1513681,16.418397903442383,16.436649322509766,ok
LA_D_1513725,-15.578146934509277,-15.619857788085938,ok
LA_D_1514602,10.126740455627441,10.137372016906738,ok
LA_D_1516617,13.688074111938477,13.692408561706543,ok
LA_D_1517144,17.038772583007812,17.048572540283203,ok
LA_D_1517231,-12.69522476196289,-12.751896858215332,ok
LA_D_1518141,17.601028442382812,17.60500144958496,ok
LA_D_1518174,12.028124809265137,12.039554595947266,ok
LA_D_1519187,10.997177124023438,11.014471054077148,ok
LA_D_1519237,-13.310891151428223,-13.322150230407715,ok
LA_D_1519429,10.397300720214844,10.46550464630127,ok
LA_D_1520589,14.965826034545898,15.024123191833496,ok
LA_D_1520617,16.033414840698242,16.058528900146484,ok
LA_D_1520830,-15.308409690856934,-15.322943687438965,ok
LA_D_1521999,14.319576263427734,14.342489242553711,ok
LA_D_1522185,17.255088806152344,17.303043365478516,ok
LA_D_1522579,5.6147990226745605,5.610440731048584,ok
LA_D_1523141,20.529964447021484,20.55008888244629,ok
LA_D_1523180,-12.305658340454102,-12.314946174621582,ok
LA_D_1523483,-11.776707649230957,-11.779566764831543,ok
LA_D_1523689,18.80006217956543,18.814224243164062,ok
LA_D_1526424,15.993367195129395,15.992737770080566,ok
LA_D_1526816,17.048816680908203,17.09287452697754,ok
LA_D_1526842,17.3602294921875,17.385786056518555,ok
LA_D_1527493,15.372879028320312,15.37269115447998,ok
LA_D_1527843,19.255538940429688,19.325651168823242,ok
LA_D_1528176,12.399762153625488,12.418844223022461,ok
LA_D_1528364,13.035213470458984,13.037759780883789,ok
LA_D_1528504,13.000035285949707,13.008305549621582,ok
LA_D_1528709,12.54852294921875,12.548720359802246,ok
LA_D_1529378,9.859312057495117,9.88688850402832,ok
LA_D_1529875,15.655349731445312,15.677411079406738,ok
LA_D_1530620,12.750724792480469,12.750702857971191,ok
LA_D_1531184,19.540910720825195,19.586406707763672,ok
LA_D_1531229,12.901803016662598,12.902825355529785,ok
LA_D_1533857,14.786534309387207,14.805540084838867,ok
LA_D_1534651,13.930774688720703,13.96147632598877,ok
LA_D_1534693,9.72637939453125,9.726397514343262,ok
LA_D_1534909,17.41075897216797,17.61695671081543,ok
LA_D_1534944,11.621932983398438,11.62412166595459,ok
LA_D_1535343,10.26201343536377,10.2620210647583,ok
LA_D_1535464,14.657633781433105,14.734511375427246,ok
LA_D_1538546,13.669572830200195,13.684712409973145,ok
LA_D_1539089,12.288715362548828,12.299872398376465,ok
LA_D_1539250,14.430115699768066,14.43478012084961,ok
LA_D_1539541,17.439430236816406,17.4511775970459,ok
LA_D_1540639,18.555267333984375,18.6055965423584,ok
LA_D_1541008,5.3744282722473145,5.405989170074463,ok
LA_D_1541459,13.846431732177734,13.849553108215332,ok
LA_D_1541519,-12.635054588317871,-12.662590980529785,ok
LA_D_1541976,11.484847068786621,11.4871826171875,ok
LA_D_1543611,15.75066089630127,15.7556734085083,ok
LA_D_1544054,8.928847312927246,8.959333419799805,ok
LA_D_1544533,11.431602478027344,11.441828727722168,ok
LA_D_1544944,17.180980682373047,17.211994171142578,ok
LA_D_1546363,11.872647285461426,11.88027286529541,ok
LA_D_1546478,10.662455558776855,10.722715377807617,ok
LA_D_1548278,10.785271644592285,10.812888145446777,ok
LA_D_1549509,19.95767593383789,19.957637786865234,ok
LA_D_1551137,18.627269744873047,18.65349769592285,ok
LA_D_1555028,17.532085418701172,17.536609649658203,ok
LA_D_1555301,14.023913383483887,14.061814308166504,ok
LA_D_1555695,14.8720703125,14.875007629394531,ok
LA_D_1555757,16.7512264251709,16.7518367767334,ok
LA_D_1555842,11.405380249023438,11.412215232849121,ok
LA_D_1556162,10.16727352142334,10.166441917419434,ok
LA_D_1556595,0.9615449905395508,0.9577754735946655,ok
LA_D_1556777,16.76441192626953,16.78557777404785,ok
LA_D_1557405,17.00775718688965,17.022645950317383,ok
LA_D_1557675,5.417003631591797,5.416520118713379,ok
LA_D_1557737,13.14616584777832,13.16603946685791,ok
LA_D_1558714,-13.316424369812012,-13.333976745605469,ok
LA_D_1559429,13.17531681060791,13.17973518371582,ok
LA_D_1560273,-11.948298454284668,-11.960522651672363,ok
LA_D_1560491,11.853835105895996,11.854373931884766,ok
LA_D_1561479,17.469573974609375,17.518260955810547,ok
LA_D_1561860,10.242958068847656,10.242025375366211,ok
LA_D_1561911,16.10919761657715,16.113149642944336,ok
LA_D_1562732,-16.318296432495117,-16.326417922973633,ok
LA_D_1563071,16.812009811401367,16.82575035095215,ok
LA_D_1564452,12.606081008911133,12.65644359588623,ok
LA_D_1565390,-13.571982383728027,-13.583308219909668,ok
LA_D_1566347,17.710601806640625,17.73809242248535,ok
LA_D_1566398,7.375565528869629,7.405563831329346,ok
LA_D_1566542,16.096817016601562,16.106006622314453,ok
LA_D_1567126,-13.905487060546875,-13.912781715393066,ok
LA_D_1567712,13.699532508850098,13.6995267868042,ok
LA_D_1568497,12.10311222076416,12.103282928466797,ok
LA_D_1569257,15.775877952575684,15.77684211730957,ok
LA_D_1570710,21.79265594482422,21.95475196838379,ok
LA_D_1571595,4.793784141540527,4.819360256195068,ok
LA_D_1571783,11.69382381439209,11.693882942199707,ok
LA_D_1572003,14.21999454498291,14.24030590057373,ok
LA_D_1573404,13.818056106567383,13.822087287902832,ok
LA_D_1574269,11.752677917480469,11.754082679748535,ok
LA_D_1574961,14.411391258239746,14.559237480163574,ok
LA_D_1574963,13.796775817871094,13.795964241027832,ok
LA_D_1576565,15.505720138549805,15.530230522155762,ok
LA_D_1577587,12.357952117919922,12.430099487304688,ok
LA_D_1580544,16.19609260559082,16.19571304321289,ok
LA_D_1580841,13.852765083312988,13.881855010986328,ok
LA_D_1581342,12.976412773132324,12.98704719543457,ok
LA_D_1581762,12.69097900390625,12.718033790588379,ok
LA_D_1583428,12.176054000854492,12.17849063873291,ok
LA_D_1588604,14.467936515808105,14.558817863464355,ok
LA_D_1589222,14.870806694030762,14.893038749694824,ok
LA_D_1589359,23.349477767944336,23.350587844848633,ok
LA_D_1590758,13.323800086975098,13.32392406463623,ok
LA_D_1591743,13.965605735778809,14.018078804016113,ok
LA_D_1592559,8.527413368225098,8.531916618347168,ok
LA_D_1593502,14.862683296203613,14.897706985473633,ok
LA_D_1594784,13.897557258605957,13.962608337402344,ok
LA_D_1594826,12.043035507202148,12.042906761169434,ok
LA_D_1596158,16.218717575073242,16.221622467041016,ok
LA_D_1596779,14.230422019958496,14.247888565063477,ok
LA_D_1598405,20.94623374938965,21.0438289642334,ok
LA_D_1600156,14.016924858093262,14.02534008026123,ok
LA_D_1600157,17.95586585998535,17.96917152404785,ok
LA_D_1600216,21.125938415527344,21.134563446044922,ok
LA_D_1601494,12.547779083251953,12.558838844299316,ok
LA_D_1601648,9.748292922973633,9.748080253601074,ok
LA_D_1601789,14.370468139648438,14.405146598815918,ok
LA_D_1601833,17.43082618713379,17.441774368286133,ok
LA_D_1602771,14.065817832946777,14.110474586486816,ok
LA_D_1603312,12.393210411071777,12.398544311523438,ok
LA_D_1604831,13.524436950683594,13.53337574005127,ok
LA_D_1604925,14.720893859863281,14.725374221801758,ok
LA_D_1606599,16.43315315246582,16.47321128845215,ok
LA_D_1607104,-12.448953628540039,-12.529473304748535,ok
LA_D_1607262,17.661333084106445,17.792747497558594,ok
LA_D_1607304,19.42997169494629,19.435415267944336,ok
LA_D_1608588,11.086073875427246,11.086165428161621,ok
LA_D_1608931,12.369404792785645,12.409453392028809,ok
LA_D_1609520,11.620332717895508,11.626208305358887,ok
LA_D_1609660,11.27254867553711,11.274683952331543,ok
LA_D_1611025,12.808838844299316,12.845691680908203,ok
LA_D_1611108,16.541988372802734,16.602270126342773,ok
LA_D_1611581,13.706396102905273,13.707376480102539,ok
LA_D_1611993,14.956367492675781,14.96553897857666,ok
LA_D_1612620,15.021268844604492,15.055008888244629,ok
LA_D_1613798,10.5764741897583,10.599164009094238,ok
LA_D_1613851,14.277969360351562,14.31604290008545,ok
LA_D_1613936,18.323341369628906,18.350778579711914,ok
LA_D_1614382,14.464371681213379,14.469274520874023,ok
LA_D_1614845,17.131576538085938,17.165971755981445,ok
LA_D_1615516,12.184956550598145,12.219206809997559,ok
LA_D_1616093,18.825298309326172,18.88532829284668,ok
LA_D_1621509,17.11727523803711,17.23687171936035,ok
LA_D_1622941,9.318544387817383,9.325175285339355,ok
LA_D_1623705,10.56291389465332,10.56576156616211,ok
LA_D_1623783,10.679230690002441,10.697381019592285,ok
LA_D_1624895,11.625160217285156,11.648761749267578,ok
LA_D_1625102,13.693647384643555,13.762232780456543,ok
LA_D_1628180,12.742500305175781,12.794187545776367,ok
LA_D_1629379,15.387446403503418,15.44003677368164,ok
LA_D_1630527,13.933168411254883,13.937691688537598,ok
LA_D_1632847,13.127296447753906,13.161940574645996,ok
LA_D_1635246,16.12030792236328,16.15737533569336,ok
LA_D_1637491,16.800251007080078,16.823869705200195,ok
LA_D_1637629,14.432579040527344,14.45621395111084,ok
LA_D_1637646,15.067708015441895,15.094765663146973,ok
LA_D_1638692,16.200572967529297,16.214385986328125,ok
LA_D_1639348,15.531274795532227,15.550141334533691,ok
LA_D_1639860,14.081401824951172,14.083220481872559,ok
LA_D_1639891,14.70012092590332,14.70090389251709,ok
LA_D_1640383,9.568811416625977,9.568713188171387,ok
LA_D_1640497,-12.947513580322266,-12.948564529418945,ok
LA_D_1643538,8.620372772216797,8.620491981506348,ok
LA_D_1644764,-14.090497016906738,-14.102500915527344,ok
LA_D_1645531,6.666524887084961,6.6798272132873535,ok
LA_D_1646097,15.235441207885742,15.289626121520996,ok
LA_D_1648141,17.950864791870117,17.97958755493164,ok
LA_D_1648291,-15.379639625549316,-15.412840843200684,ok
LA_D_1649885,15.955497741699219,16.010478973388672,ok
LA_D_1649887,11.153595924377441,11.153599739074707,ok
LA_D_1649895,14.496922492980957,14.49726390838623,ok
LA_D_1652776,17.27163314819336,17.335020065307617,ok
LA_D_1653412,12.424285888671875,12.420062065124512,ok
LA_D_1654772,16.80851173400879,16.83087730407715,ok
LA_D_1655634,9.050355911254883,9.0488920211792,ok
LA_D_1656978,11.038288116455078,11.040921211242676,ok
LA_D_1657707,13.509166717529297,13.524816513061523,ok
LA_D_1658555,15.214990615844727,15.22143268585205,ok
LA_D_1659148,14.080256462097168,14.086421012878418,ok
LA_D_1659731,12.360268592834473,12.40027141571045,ok
LA_D_1659955,15.212027549743652,15.244978904724121,ok
LA_D_1660121,14.320070266723633,14.332136154174805,ok
LA_D_1662448,13.823305130004883,13.868891716003418,ok
LA_D_1664055,17.78742027282715,17.798791885375977,ok
LA_D_1664425,14.052240371704102,14.05428695678711,ok
LA_D_1664915,15.028558731079102,15.062796592712402,ok
LA_D_1667962,9.762523651123047,9.767842292785645,ok
LA_D_1669057,12.08926773071289,12.090327262878418,ok
LA_D_1670207,13.91623592376709,13.919339179992676,ok
LA_D_1673360,12.458301544189453,12.46639347076416,ok
LA_D_1674536,19.0618839263916,19.07866859436035,ok
LA_D_1675550,14.319679260253906,14.33435344696045,ok
LA_D_1675990,13.473247528076172,13.489801406860352,ok
LA_D_1677234,8.629927635192871,8.643874168395996,ok
LA_D_1677598,13.397612571716309,13.440613746643066,ok
LA_D_1677846,12.428768157958984,12.463689804077148,ok
LA_D_1678096,5.402928829193115,5.414397716522217,ok
LA_D_1678967,9.092050552368164,9.093993186950684,ok
LA_D_1680060,16.71473503112793,16.756439208984375,ok
LA_D_1680201,-13.651637077331543,-13.655049324035645,ok
LA_D_1683013,13.07483959197998,13.148774147033691,ok
LA_D_1683892,7.540149211883545,7.547609806060791,ok
LA_D_1684010,11.790977478027344,11.816990852355957,ok
LA_D_1685139,14.822449684143066,14.828886985778809,ok
LA_D_1685766,14.293283462524414,14.320926666259766,ok
LA_D_1685863,14.642600059509277,14.675293922424316,ok
LA_D_1686743,-12.159951210021973,-12.23416805267334,ok
LA_D_1689082,-11.420988082885742,-11.429059028625488,ok
LA_D_1689302,12.557877540588379,12.557754516601562,ok
LA_D_1691193,16.920785903930664,16.939271926879883,ok
LA_D_1693615,14.741949081420898,14.770294189453125,ok
LA_D_1693970,10.956786155700684,10.957459449768066,ok
LA_D_1694092,9.064135551452637,9.068395614624023,ok
LA_D_1694389,18.658767700195312,18.658626556396484,ok
LA_D_1697322,12.170211791992188,12.180195808410645,ok
LA_D_1697663,14.240724563598633,14.242110252380371,ok
LA_D_1699200,15.291749954223633,15.292186737060547,ok
LA_D_1699219,10.270750045776367,10.270638465881348,ok
LA_D_1702355,15.617630004882812,15.627028465270996,ok
LA_D_1702527,14.75632381439209,14.78344440460205,ok
LA_D_1702824,12.076467514038086,12.076964378356934,ok
LA_D_1702942,13.531570434570312,13.53458023071289,ok
LA_D_1703167,10.645357131958008,10.645848274230957,ok
LA_D_1705054,16.2620792388916,16.271007537841797,ok
LA_D_1705349,19.894271850585938,19.90597152709961,ok
LA_D_1706159,13.700250625610352,13.71240234375,ok
LA_D_1707779,9.37654972076416,9.380642890930176,ok
LA_D_1708689,13.034139633178711,13.037220001220703,ok
LA_D_1711559,-11.518339157104492,-11.52553653717041,ok
LA_D_1711564,16.650068283081055,16.67335319519043,ok
LA_D_1711747,14.689716339111328,14.689451217651367,ok
LA_D_1712120,17.590578079223633,17.598905563354492,ok
LA_D_1713212,10.821565628051758,10.834511756896973,ok
LA_D_1714449,16.28939437866211,16.314367294311523,ok
LA_D_1715749,8.885163307189941,8.896851539611816,ok
LA_D_1715778,8.834771156311035,8.835257530212402,ok
LA_D_1715794,13.679943084716797,13.682666778564453,ok
LA_D_1715922,14.3673677444458,14.387990951538086,ok
LA_D_1716033,-13.037757873535156,-13.109643936157227,ok
LA_D_1716656,17.799325942993164,17.857378005981445,ok
LA_D_1717085,16.9414119720459,16.96101188659668,ok
LA_D_1719951,11.450488090515137,11.451079368591309,ok
LA_D_1720015,16.35512351989746,16.363466262817383,ok
LA_D_1721527,-15.285846710205078,-15.331747055053711,ok
LA_D_1722779,-9.172847747802734,-9.214005470275879,ok
LA_D_1723025,8.37983226776123,8.37950325012207,ok
LA_D_1723129,10.189531326293945,10.189776420593262,ok
LA_D_1723393,16.52936553955078,16.538633346557617,ok
LA_D_1725328,12.887561798095703,12.923527717590332,ok
LA_D_1725588,17.857933044433594,17.87060546875,ok
LA_D_1725718,12.120710372924805,12.121806144714355,ok
LA_D_1725978,15.370665550231934,15.406847953796387,ok
LA_D_1728557,12.863096237182617,12.864197731018066,ok
LA_D_1728757,18.714853286743164,18.76787757873535,ok
LA_D_1728920,9.98936939239502,9.990020751953125,ok
LA_D_1730959,-13.765277862548828,-13.77110767364502,ok
LA_D_1731771,13.21951961517334,13.22884464263916,ok
LA_D_1732607,11.758925437927246,11.777009010314941,ok
LA_D_1732752,-13.983814239501953,-13.98739242553711,ok
LA_D_1733065,11.786937713623047,11.807427406311035,ok
LA_D_1733253,13.684433937072754,13.740020751953125,ok
LA_D_1733691,-13.018194198608398,-13.02185344696045,ok
LA_D_1734049,14.840062141418457,14.840357780456543,ok
LA_D_1734325,13.899713516235352,13.911906242370605,ok
LA_D_1734430,15.163496971130371,15.1752290725708,ok
LA_D_1736286,-15.082350730895996,-15.092483520507812,ok
LA_D_1738100,14.328095436096191,14.334400177001953,ok
LA_D_1738251,11.490487098693848,11.490866661071777,ok
LA_D_1738651,19.335941314697266,19.40742301940918,ok
LA_D_1743004,15.109169006347656,15.172595024108887,ok
LA_D_1743744,4.385746479034424,4.3876142501831055,ok
LA_D_1744737,9.605688095092773,9.614038467407227,ok
LA_D_1746170,16.259374618530273,16.30585289001465,ok
LA_D_1751728,6.194286346435547,6.186825275421143,ok
LA_D_1751782,11.89738655090332,11.90362548828125,ok
LA_D_1751918,12.157620429992676,12.159419059753418,ok
LA_D_1755243,13.01807975769043,13.018303871154785,ok
LA_D_1755482,15.33084487915039,15.349932670593262,ok
LA_D_1755776,17.376625061035156,17.387529373168945,ok
LA_D_1757134,11.59720230102539,11.616846084594727,ok
LA_D_1757843,13.359013557434082,13.370755195617676,ok
LA_D_1758018,4.360011100769043,4.360987186431885,ok
LA_D_1758405,11.804512023925781,11.818652153015137,ok
LA_D_1758957,16.05215835571289,16.055315017700195,ok
LA_D_1759608,15.922762870788574,15.92293643951416,ok
LA_D_1760472,-12.100769996643066,-12.106521606445312,ok
LA_D_1763710,16.54973030090332,16.55719757080078,ok
LA_D_1764251,17.742874145507812,17.755598068237305,ok
LA_D_1764443,10.305342674255371,10.350529670715332,ok
LA_D_1765969,14.738154411315918,14.870243072509766,ok
LA_D_1766425,12.074453353881836,12.082991600036621,ok
LA_D_1767120,12.141406059265137,12.145600318908691,ok
LA_D_1767206,12.166236877441406,12.174300193786621,ok
LA_D_1767230,17.1533260345459,17.23552703857422,ok
LA_D_1768067,16.31439971923828,16.332504272460938,ok
LA_D_1768591,16.77207374572754,16.79756736755371,ok
LA_D_1768659,13.184818267822266,13.184809684753418,ok
LA_D_1770174,-13.010552406311035,-13.055731773376465,ok
LA_D_1770638,10.181465148925781,10.19880199432373,ok
LA_D_1771272,12.004538536071777,12.07601261138916,ok
LA_D_1772083,15.559625625610352,15.64387035369873,ok
LA_D_1772237,-14.819220542907715,-14.833819389343262,ok
LA_D_1772977,13.208416938781738,13.211485862731934,ok
LA_D_1773079,12.543688774108887,12.548018455505371,ok
LA_D_1775541,18.537687301635742,18.556102752685547,ok
LA_D_1776073,11.477231979370117,11.504759788513184,ok
LA_D_1776380,15.791600227355957,15.849780082702637,ok
LA_D_1777002,14.179654121398926,14.182352066040039,ok
LA_D_1777158,10.879877090454102,10.942386627197266,ok
LA_D_1778489,15.681652069091797,15.699615478515625,ok
LA_D_1778690,11.80478572845459,11.828316688537598,ok
LA_D_1778772,11.588218688964844,11.570175170898438,ok
LA_D_1778872,13.47625732421875,13.477961540222168,ok
LA_D_1780000,10.353582382202148,10.348994255065918,ok
LA_D_1780523,11.115211486816406,11.117098808288574,ok
LA_D_1782967,14.346394538879395,14.347752571105957,ok
LA_D_1783037,18.85834312438965,18.9333553314209,ok
LA_D_1783287,18.233661651611328,18.253686904907227,ok
LA_D_1783574,16.90570640563965,16.93866539001465,ok
LA_D_1783942,12.44740104675293,12.457250595092773,ok
LA_D_1786331,13.834768295288086,13.856409072875977,ok
LA_D_1786730,-11.105847358703613,-11.124011039733887,ok
LA_D_1788098,14.331805229187012,14.355989456176758,ok
LA_D_1789894,12.728377342224121,12.739971160888672,ok
LA_D_1789917,17.247163772583008,17.278209686279297,ok
LA_D_1792373,13.542258262634277,13.553204536437988,ok
LA_D_1793186,14.690245628356934,14.70979118347168,ok
LA_D_1794906,14.679880142211914,14.684296607971191,ok
LA_D_1796445,-15.560379981994629,-15.56758975982666,ok
LA_D_1797576,16.012399673461914,16.076372146606445,ok
LA_D_1798555,14.960888862609863,14.963457107543945,ok
LA_D_1798838,12.819586753845215,12.829047203063965,ok
LA_D_1798881,14.673378944396973,14.70479679107666,ok
LA_D_1799143,12.484223365783691,12.494638442993164,ok
LA_D_1799775,12.069563865661621,12.070096015930176,ok
LA_D_1800659,15.203022003173828,15.220495223999023,ok
LA_D_1802495,15.765948295593262,15.773750305175781,ok
LA_D_1803008,-13.115626335144043,-13.242860794067383,ok
LA_D_1803165,15.30265998840332,15.313570022583008,ok
LA_D_1804384,13.609604835510254,13.638439178466797,ok
LA_D_1805177,-15.922245979309082,-15.926575660705566,ok
LA_D_1805483,-14.811790466308594,-14.830301284790039,ok
LA_D_1805502,10.9755277633667,10.975983619689941,ok
LA_D_1805739,-13.16996955871582,-13.189440727233887,ok
LA_D_1805963,16.7738094329834,16.779735565185547,ok
LA_D_1808507,10.815296173095703,10.825729370117188,ok
LA_D_1808956,10.521824836730957,10.574111938476562,ok
LA_D_1809307,14.475472450256348,14.48627758026123,ok
LA_D_1811445,9.770635604858398,9.770217895507812,ok
LA_D_1811965,15.107490539550781,15.117486000061035,ok
LA_D_1811978,13.496506690979004,13.502158164978027,ok
LA_D_1812094,11.848372459411621,11.848997116088867,ok
LA_D_1812623,-12.07369613647461,-12.123103141784668,ok
LA_D_1812724,15.591179847717285,15.593253135681152,ok
LA_D_1812831,15.017302513122559,15.028554916381836,ok
LA_D_1813321,13.865063667297363,13.865124702453613,ok
LA_D_1813906,12.061046600341797,12.082844734191895,ok
LA_D_1815265,11.501026153564453,11.529866218566895,ok
LA_D_1816644,11.166953086853027,11.166863441467285,ok
LA_D_1818653,13.096450805664062,13.102349281311035,ok
LA_D_1820743,11.302979469299316,11.326549530029297,ok
LA_D_1821879,8.238164901733398,8.246468544006348,ok
LA_D_1822549,11.718770980834961,11.751677513122559,ok
LA_D_1823585,9.998445510864258,10.002296447753906,ok
LA_D_1824180,-14.708466529846191,-14.716740608215332,ok
LA_D_1824827,3.8375275135040283,3.838108777999878,ok
LA_D_1828356,20.031801223754883,20.063629150390625,ok
LA_D_1830470,9.035178184509277,9.035202980041504,ok
LA_D_1830521,14.54432487487793,14.557066917419434,ok
LA_D_1830846,13.229485511779785,13.232748985290527,ok
LA_D_1831145,14.91006088256836,14.931527137756348,ok
LA_D_1832937,16.08724021911621,16.104536056518555,ok
LA_D_1833652,-12.822757720947266,-12.82934284210205,ok
LA_D_1834815,16.041032791137695,16.059009552001953,ok
LA_D_1834958,15.686050415039062,15.690995216369629,ok
LA_D_1836171,12.675005912780762,12.699292182922363,ok
LA_D_1836354,13.312649726867676,13.405037879943848,ok
LA_D_1838028,10.314898490905762,10.317215919494629,ok
LA_D_1838386,1.2156033515930176,1.2006491422653198,ok
LA_D_1838534,12.83574104309082,12.852716445922852,ok
LA_D_1840120,14.780844688415527,14.781144142150879,ok
LA_D_1841254,9.682905197143555,9.687117576599121,ok
LA_D_1841439,17.367305755615234,17.41364288330078,ok
LA_D_1842165,11.581527709960938,11.59530258178711,ok
LA_D_1842516,13.296249389648438,13.292744636535645,ok
LA_D_1842990,-13.491660118103027,-13.513602256774902,ok
LA_D_1844495,15.997223854064941,15.998948097229004,ok
LA_D_1844563,20.40022850036621,20.430463790893555,ok
LA_D_1845069,11.337958335876465,11.35009479522705,ok
LA_D_1845654,16.688907623291016,16.715686798095703,ok
LA_D_1846103,16.289688110351562,16.323486328125,ok
LA_D_1846916,10.865723609924316,10.888688087463379,ok
LA_D_1847073,14.561989784240723,14.566533088684082,ok
LA_D_1847944,20.409088134765625,20.434511184692383,ok
LA_D_1848103,12.853063583374023,12.864014625549316,ok
LA_D_1848165,12.02926254272461,12.030932426452637,ok
LA_D_1848349,13.139973640441895,13.140519142150879,ok
LA_D_1849915,15.21235466003418,15.254561424255371,ok
LA_D_1850987,16.57778549194336,16.64432144165039,ok
LA_D_1851336,13.367111206054688,13.36867904663086,ok
LA_D_1853446,15.753135681152344,15.764439582824707,ok
LA_D_1853731,14.294995307922363,14.298253059387207,ok
LA_D_1854905,16.870437622070312,16.92209815979004,ok
LA_D_1855851,11.313533782958984,11.312603950500488,ok
LA_D_1855940,11.609282493591309,11.61092472076416,ok
LA_D_1856189,14.104034423828125,14.104171752929688,ok
LA_D_1856497,16.195219039916992,16.201711654663086,ok
LA_D_1858151,13.684988021850586,13.7388334274292,ok
LA_D_1858381,14.570280075073242,14.596993446350098,ok
LA_D_1859048,-11.964271545410156,-11.987482070922852,ok
LA_D_1860065,18.005502700805664,18.02393913269043,ok
LA_D_1860158,11.13321590423584,11.213910102844238,ok
LA_D_1860197,14.506257057189941,14.553160667419434,ok
LA_D_1861262,15.690038681030273,15.729684829711914,ok
LA_D_1862965,11.683355331420898,11.686573028564453,ok
LA_D_1863131,9.5093412399292,9.501470565795898,ok
LA_D_1863279,20.714189529418945,20.838544845581055,ok
LA_D_1863901,14.824016571044922,14.824727058410645,ok
LA_D_1864294,13.10389518737793,13.119153022766113,ok
LA_D_1864612,16.777002334594727,16.78460693359375,ok
LA_D_1864652,13.983354568481445,14.025968551635742,ok
LA_D_1865763,16.924095153808594,16.929738998413086,ok
LA_D_1866166,14.173486709594727,14.175713539123535,ok
LA_D_1866244,13.93895435333252,13.972456932067871,ok
LA_D_1867335,11.208168029785156,11.208319664001465,ok
LA_D_1868045,17.002391815185547,17.032733917236328,ok
LA_D_1870030,14.59669303894043,14.661818504333496,ok
LA_D_1870684,13.080448150634766,13.139573097229004,ok
LA_D_1870741,12.715157508850098,12.722309112548828,ok
LA_D_1871223,17.451101303100586,17.54949951171875,ok
LA_D_1871635,22.40312957763672,22.403470993041992,ok
LA_D_1872618,17.128589630126953,17.165197372436523,ok
LA_D_1872772,13.502723693847656,13.51248836517334,ok
LA_D_1873473,13.433157920837402,13.461524963378906,ok
LA_D_1874001,15.51872444152832,15.55617618560791,ok
LA_D_1874557,15.279462814331055,15.304265975952148,ok
LA_D_1874896,12.624090194702148,12.647040367126465,ok
LA_D_1876225,10.257641792297363,10.258264541625977,ok
LA_D_1876360,14.939922332763672,14.963364601135254,ok
LA_D_1877105,-17.117534637451172,-17.137746810913086,ok
LA_D_1877141,14.340596199035645,14.351202964782715,ok
LA_D_1877966,15.609508514404297,15.625470161437988,ok
LA_D_1878310,14.373698234558105,14.37533950805664,ok
LA_D_1879539,16.258344650268555,16.333744049072266,ok
LA_D_1880286,13.236913681030273,13.239977836608887,ok
LA_D_1881500,15.976639747619629,16.04401969909668,ok
LA_D_1881643,19.89167594909668,19.927427291870117,ok
LA_D_1881724,-14.520545959472656,-14.541352272033691,ok
LA_D_1882065,-11.543664932250977,-11.544313430786133,ok
LA_D_1882691,11.978347778320312,11.979281425476074,ok
LA_D_1884569,8.678211212158203,8.677947044372559,ok
LA_D_1884725,10.827919960021973,10.837298393249512,ok
LA_D_1885115,-12.32108211517334,-12.330615997314453,ok
LA_D_1885226,13.336665153503418,13.364978790283203,ok
LA_D_1886178,17.773649215698242,17.784273147583008,ok
LA_D_1886400,14.64659595489502,14.685843467712402,ok
LA_D_1889595,10.692564964294434,10.704216957092285,ok
LA_D_1889615,13.820728302001953,13.845703125,ok
LA_D_1889727,16.231321334838867,16.248950958251953,ok
LA_D_1890878,17.334550857543945,17.390336990356445,ok
LA_D_1891787,13.314107894897461,13.317925453186035,ok
LA_D_1892568,4.483026027679443,4.488832950592041,ok
LA_D_1893758,16.5075626373291,16.542043685913086,ok
LA_D_1893786,16.904993057250977,16.928071975708008,ok
LA_D_1894103,9.274022102355957,9.282071113586426,ok
LA_D_1895153,9.853692054748535,9.857739448547363,ok
LA_D_1895274,-14.430079460144043,-14.48013687133789,ok
LA_D_1896433,17.27368927001953,17.303647994995117,ok
LA_D_1897056,10.011506080627441,10.042830467224121,ok
LA_D_1897148,4.688875675201416,4.686019420623779,ok
LA_D_1897326,10.82425594329834,10.83267879486084,ok
LA_D_1897752,14.199193954467773,14.22144603729248,ok
LA_D_1898207,-14.493889808654785,-14.502580642700195,ok
LA_D_1898947,12.566431999206543,12.598113059997559,ok
LA_D_1899250,15.748061180114746,15.769834518432617,ok
LA_D_1899277,11.454620361328125,11.46052074432373,ok
LA_D_1900218,14.125617027282715,14.138884544372559,ok
LA_D_1901077,12.091883659362793,12.091788291931152,ok
LA_D_1903761,14.861055374145508,14.877673149108887,ok
LA_D_1904462,12.850348472595215,12.877349853515625,ok
LA_D_1904999,14.112608909606934,14.126734733581543,ok
LA_D_1905761,18.865447998046875,18.894418716430664,ok
LA_D_1906480,14.678046226501465,14.684907913208008,ok
LA_D_1907062,15.32965087890625,15.34341049194336,ok
LA_D_1907731,17.677156448364258,17.719511032104492,ok
LA_D_1907831,14.584465980529785,14.658502578735352,ok
LA_D_1909708,12.737305641174316,12.743741035461426,ok
LA_D_1909993,13.082052230834961,13.123339653015137,ok
LA_D_1911374,15.661441802978516,15.759749412536621,ok
LA_D_1911980,15.975190162658691,16.016584396362305,ok
LA_D_1915163,16.13947105407715,16.16318702697754,ok
LA_D_1915883,16.572345733642578,16.574949264526367,ok
LA_D_1915992,15.68990421295166,15.699668884277344,ok
LA_D_1916885,14.479053497314453,14.494647979736328,ok
LA_D_1917155,11.809500694274902,11.809883117675781,ok
LA_D_1917753,10.111533164978027,10.121047019958496,ok
LA_D_1918445,-12.255281448364258,-12.3412446975708,ok
LA_D_1918819,12.10195255279541,12.10204792022705,ok
LA_D_1918968,16.087961196899414,16.09770965576172,ok
LA_D_1919505,14.678072929382324,14.686857223510742,ok
LA_D_1920639,12.706003189086914,12.717425346374512,ok
LA_D_1921825,16.233793258666992,16.250558853149414,ok
LA_D_1921890,17.724580764770508,17.7376708984375,ok
LA_D_1921938,14.601306915283203,14.606656074523926,ok
LA_D_1922621,12.92597484588623,12.935396194458008,ok
LA_D_1922892,17.88821792602539,17.94352149963379,ok
LA_D_1924724,16.805952072143555,16.81529998779297,ok
LA_D_1924915,11.739570617675781,11.745200157165527,ok
LA_D_1925258,15.650818824768066,15.652236938476562,ok
LA_D_1925587,13.195603370666504,13.195638656616211,ok
LA_D_1927087,13.303549766540527,13.331411361694336,ok
LA_D_1928274,11.259211540222168,11.301852226257324,ok
LA_D_1929031,19.41513442993164,19.451736450195312,ok
LA_D_1930073,16.115619659423828,16.130640029907227,ok
LA_D_1930138,-9.360237121582031,-9.518111228942871,ok
LA_D_1930356,16.705419540405273,16.767122268676758,ok
LA_D_1930859,11.979496955871582,11.998021125793457,ok
LA_D_1932009,16.310808181762695,16.313064575195312,ok
LA_D_1932089,23.568971633911133,23.581663131713867,ok
LA_D_1933165,16.542387008666992,16.62728500366211,ok
LA_D_1934985,15.44330883026123,15.45190143585205,ok
LA_D_1935532,13.163556098937988,13.177203178405762,ok
LA_D_1935726,11.851800918579102,11.861132621765137,ok
LA_D_1936614,14.409571647644043,14.414597511291504,ok
LA_D_1939610,18.665433883666992,18.697956085205078,ok
LA_D_1940050,15.657086372375488,15.6716947555542,ok
LA_D_1941143,4.550312519073486,4.572505950927734,ok
LA_D_1941384,17.346967697143555,17.35542869567871,ok
LA_D_1943080,15.620832443237305,15.650607109069824,ok
LA_D_1943271,10.582765579223633,10.587320327758789,ok
LA_D_1943277,11.691967964172363,11.735306739807129,ok
LA_D_1943421,25.733442306518555,25.818897247314453,ok
LA_D_1944808,20.462791442871094,20.476205825805664,ok
LA_D_1945994,17.21225929260254,17.246469497680664,ok
LA_D_1946747,12.114457130432129,12.118597984313965,ok
LA_D_1948572,18.219486236572266,18.242002487182617,ok
LA_D_1948580,6.9955291748046875,6.998198986053467,ok
LA_D_1949008,12.13057804107666,12.135741233825684,ok
LA_D_1952217,14.08039665222168,14.083856582641602,ok
LA_D_1952275,12.775286674499512,12.777297973632812,ok
LA_D_1953575,11.071279525756836,11.077275276184082,ok
LA_D_1953786,14.351556777954102,14.361784934997559,ok
LA_D_1953828,13.232842445373535,13.26423168182373,ok
LA_D_1953933,11.497539520263672,11.514578819274902,ok
LA_D_1954043,22.64459991455078,22.670045852661133,ok
LA_D_1954275,11.223990440368652,11.253250122070312,ok
LA_D_1954410,-14.038032531738281,-14.052041053771973,ok
LA_D_1955179,12.869964599609375,12.875733375549316,ok
LA_D_1955572,13.909683227539062,13.96618366241455,ok
LA_D_1957667,15.783224105834961,15.793845176696777,ok
LA_D_1958672,14.334216117858887,14.38158130645752,ok
LA_D_1959435,11.419368743896484,11.42056655883789,ok
LA_D_1959983,11.024948120117188,11.030537605285645,ok
LA_D_1962163,13.446264266967773,13.463761329650879,ok
LA_D_1962374,19.705615997314453,19.748226165771484,ok
LA_D_1962948,12.140811920166016,12.14500904083252,ok
LA_D_1964458,14.57072925567627,14.577485084533691,ok
LA_D_1964638,-9.302549362182617,-9.32880687713623,ok
LA_D_1965512,10.658651351928711,10.663192749023438,ok
LA_D_1966095,19.51637840270996,19.534940719604492,ok
LA_D_1966347,16.235275268554688,16.238985061645508,ok
LA_D_1966690,13.406978607177734,13.422322273254395,ok
LA_D_1966794,14.69875431060791,14.712214469909668,ok
LA_D_1968546,17.03923797607422,17.106334686279297,ok
LA_D_1968679,18.631637573242188,18.632465362548828,ok
LA_D_1969568,-14.685630798339844,-14.717373847961426,ok
LA_D_1969657,16.645183563232422,16.645286560058594,ok
LA_D_1971465,14.300292015075684,14.300501823425293,ok
LA_D_1971987,8.785157203674316,8.797240257263184,ok
LA_D_1972495,10.740165710449219,10.770028114318848,ok
LA_D_1972557,15.61577320098877,15.6177396774292,ok
LA_D_1974894,19.29212760925293,19.34792709350586,ok
LA_D_1975267,15.668044090270996,15.720102310180664,ok
LA_D_1975386,12.005167007446289,12.045204162597656,ok
LA_D_1975814,13.813973426818848,13.836530685424805,ok
LA_D_1975824,16.132564544677734,16.144086837768555,ok
LA_D_1975835,14.016438484191895,14.030354499816895,ok
LA_D_1975844,12.2096529006958,12.218647003173828,ok
LA_D_1976284,15.20039176940918,15.270895004272461,ok
LA_D_1976624,11.637918472290039,11.639128684997559,ok
LA_D_1976814,12.213953018188477,12.217198371887207,ok
LA_D_1977942,13.92163372039795,13.922598838806152,ok
LA_D_1979046,12.08793830871582,12.08887767791748,ok
LA_D_1980534,-13.955963134765625,-13.97162914276123,ok
LA_D_1980562,17.681930541992188,17.703208923339844,ok
LA_D_1982159,-8.040952682495117,-8.052496910095215,ok
LA_D_1982638,10.070622444152832,10.079719543457031,ok
LA_D_1983415,-11.878399848937988,-11.880244255065918,ok
LA_D_1984025,18.375938415527344,18.40852165222168,ok
LA_D_1984425,16.685888290405273,16.7174015045166,ok
LA_D_1984995,-11.172978401184082,-11.186299324035645,ok
LA_D_1985162,14.647669792175293,14.723607063293457,ok
LA_D_1985217,13.871137619018555,13.881982803344727,ok
LA_D_1985278,12.044634819030762,12.050949096679688,ok
LA_D_1985982,11.745796203613281,11.748741149902344,ok
LA_D_1986382,13.440174102783203,13.450586318969727,ok
LA_D_1988141,11.719067573547363,11.725091934204102,ok
LA_D_1988690,8.254037857055664,8.254046440124512,ok
LA_D_1989443,12.273017883300781,12.291655540466309,ok
LA_D_1990270,9.222041130065918,9.223393440246582,ok
LA_D_1991616,12.229034423828125,12.231374740600586,ok
LA_D_1992569,11.068082809448242,11.069554328918457,ok
LA_D_1993921,14.20882511138916,14.286101341247559,ok
LA_D_1994320,11.1768217086792,11.18061351776123,ok
LA_D_1994966,14.985281944274902,14.992091178894043,ok
LA_D_1995660,18.84170913696289,18.848369598388672,ok
LA_D_1996500,14.56696891784668,14.699646949768066,ok
LA_D_1997529,-13.985557556152344,-13.986237525939941,ok
LA_D_1998989,15.489680290222168,15.494516372680664,ok
LA_D_1999219,13.188433647155762,13.190114974975586,ok
LA_D_1999238,13.606273651123047,13.617408752441406,ok
LA_D_1999944,10.582287788391113,10.584707260131836,ok
LA_D_2000093,12.65048885345459,12.683924674987793,ok
LA_D_2000640,15.28276538848877,15.288400650024414,ok
LA_D_2000885,16.0224552154541,16.069517135620117,ok
LA_D_2002365,-11.616874694824219,-11.62239933013916,ok
LA_D_2002433,11.12562370300293,11.125772476196289,ok
LA_D_2002669,15.062588691711426,15.09723949432373,ok
LA_D_2002767,12.726306915283203,12.727816581726074,ok
LA_D_2003609,11.371496200561523,11.388890266418457,ok
LA_D_2004905,9.929178237915039,9.96357250213623,ok
LA_D_2005065,23.25295639038086,23.40570831298828,ok
LA_D_2005388,13.50967025756836,13.525152206420898,ok
LA_D_2006600,14.267884254455566,14.274850845336914,ok
LA_D_2006815,9.754744529724121,9.760209083557129,ok
LA_D_2007184,10.699936866760254,10.699884414672852,ok
LA_D_2007901,12.262924194335938,12.283649444580078,ok
LA_D_2008956,17.834121704101562,17.846460342407227,ok
LA_D_2009306,15.278603553771973,15.292856216430664,ok
LA_D_2010593,13.650607109069824,13.665757179260254,ok
LA_D_2010812,10.576111793518066,10.57607364654541,ok
LA_D_2011219,12.112520217895508,12.152344703674316,ok
LA_D_2013632,10.553852081298828,10.569537162780762,ok
LA_D_2016158,15.62872314453125,15.664806365966797,ok
LA_D_2017057,15.0620698928833,15.068690299987793,ok
LA_D_2017083,13.968841552734375,13.99206829071045,ok
LA_D_2017160,12.194953918457031,12.200752258300781,ok
LA_D_2017198,19.094106674194336,19.11821174621582,ok
LA_D_2017678,15.709126472473145,15.716748237609863,ok
LA_D_2018219,18.55852508544922,18.57667350769043,ok
LA_D_2018291,12.52731990814209,12.545132637023926,ok
LA_D_2019341,13.516020774841309,13.549409866333008,ok
LA_D_2020279,20.353246688842773,20.4608211517334,ok
LA_D_2020535,17.21015167236328,17.22563362121582,ok
LA_D_2021379,18.383670806884766,18.388940811157227,ok
LA_D_2021657,14.33692455291748,14.356945991516113,ok
LA_D_2021939,11.59759521484375,11.599896430969238,ok
LA_D_2022501,12.786154747009277,12.811766624450684,ok
LA_D_2022777,19.248044967651367,19.249658584594727,ok
LA_D_2025064,19.806852340698242,19.807815551757812,ok
LA_D_2026077,13.458373069763184,13.467896461486816,ok
LA_D_2026367,6.4208526611328125,6.419283390045166,ok
LA_D_2026758,9.74039363861084,9.757674217224121,ok
LA_D_2028337,9.915665626525879,9.953332901000977,ok
LA_D_2028395,12.216862678527832,12.230134963989258,ok
LA_D_2031125,20.35349464416504,20.395689010620117,ok
LA_D_2031889,15.25533676147461,15.281078338623047,ok
LA_D_2032120,14.448844909667969,14.454012870788574,ok
LA_D_2033572,21.258153915405273,21.30378532409668,ok
LA_D_2033794,15.62447738647461,15.626662254333496,ok
LA_D_2034813,10.460823059082031,10.46119213104248,ok
LA_D_2035158,-14.850393295288086,-14.861288070678711,ok
LA_D_2035624,12.439107894897461,12.443350791931152,ok
LA_D_2036773,11.272418975830078,11.272430419921875,ok
LA_D_2038901,14.813921928405762,14.818353652954102,ok
LA_D_2039768,14.69009780883789,14.697511672973633,ok
LA_D_2039939,16.179113388061523,16.199583053588867,ok
LA_D_2039988,10.899261474609375,10.903778076171875,ok
LA_D_2040882,15.863567352294922,15.880596160888672,ok
LA_D_2040913,11.970935821533203,11.970993995666504,ok
LA_D_2041511,1.9760570526123047,1.9635511636734009,ok
LA_D_2042101,12.288568496704102,12.301590919494629,ok
LA_D_2042102,10.753610610961914,10.76145076751709,ok
LA_D_2042650,9.95627498626709,9.961045265197754,ok
LA_D_2042770,12.089512825012207,12.098654747009277,ok
LA_D_2044088,-13.408783912658691,-13.431407928466797,ok
LA_D_2044181,7.651533603668213,7.66461706161499,ok
LA_D_2045409,13.40982723236084,13.43649959564209,ok
LA_D_2045790,12.737627029418945,12.742568016052246,ok
LA_D_2045953,15.081456184387207,15.085915565490723,ok
LA_D_2046470,14.139774322509766,14.167824745178223,ok
LA_D_2046924,25.91307830810547,25.993492126464844,ok
LA_D_2047498,15.831467628479004,15.884529113769531,ok
LA_D_2049288,14.234189987182617,14.251984596252441,ok
LA_D_2049455,17.85860824584961,17.883359909057617,ok
LA_D_2049968,13.708239555358887,13.776366233825684,ok
LA_D_2050794,16.420244216918945,16.44972801208496,ok
LA_D_2051517,15.797660827636719,15.80316162109375,ok
LA_D_2051572,13.812032699584961,13.81705379486084,ok
LA_D_2052113,14.692896842956543,14.700575828552246,ok
LA_D_2052144,14.46280288696289,14.464218139648438,ok
LA_D_2052753,14.808014869689941,14.815468788146973,ok
LA_D_2053527,-13.258699417114258,-13.29421329498291,ok
LA_D_2053681,11.517897605895996,11.51926326751709,ok
LA_D_2054506,15.152114868164062,15.153623580932617,ok
LA_D_2054654,-2.4708638191223145,-2.4804601669311523,ok
LA_D_2058787,14.00529956817627,14.027955055236816,ok
LA_D_2058872,13.560297012329102,13.565528869628906,ok
LA_D_2059102,14.200284004211426,14.205259323120117,ok
LA_D_2059452,13.435759544372559,13.476771354675293,ok
LA_D_2062744,-7.634820461273193,-7.657756328582764,ok
LA_D_2062974,16.495193481445312,16.49876594543457,ok
LA_D_2063490,15.418312072753906,15.423720359802246,ok
LA_D_2063669,-12.008549690246582,-12.039313316345215,ok
LA_D_2064600,12.44909954071045,12.458817481994629,ok
LA_D_2064757,10.796777725219727,10.804699897766113,ok
LA_D_2065272,19.462127685546875,19.52452278137207,ok
LA_D_2065981,18.633718490600586,18.67293357849121,ok
LA_D_2067864,14.944904327392578,14.950003623962402,ok
LA_D_2069465,5.07096004486084,5.073670864105225,ok
LA_D_2069946,13.068156242370605,13.072699546813965,ok
LA_D_2070148,10.417105674743652,10.416963577270508,ok
LA_D_2071557,15.010808944702148,15.033585548400879,ok
LA_D_2073559,9.22365951538086,9.236212730407715,ok
LA_D_2074154,13.566278457641602,13.580343246459961,ok
LA_D_2074516,6.493174076080322,6.49232816696167,ok
LA_D_2074827,16.559595108032227,16.613479614257812,ok
LA_D_2077190,11.546918869018555,11.550311088562012,ok
LA_D_2077413,11.093620300292969,11.101988792419434,ok
LA_D_2078394,18.20392417907715,18.214418411254883,ok
LA_D_2079731,12.26268196105957,12.278695106506348,ok
LA_D_2079819,14.939732551574707,14.94566535949707,ok
LA_D_2080320,14.614362716674805,14.70113754272461,ok
LA_D_2081014,10.453161239624023,10.46033763885498,ok
LA_D_2081259,15.082297325134277,15.081584930419922,ok
LA_D_2081459,12.251564979553223,12.29001522064209,ok
LA_D_2082270,18.604177474975586,18.613529205322266,ok
LA_D_2082295,-13.629862785339355,-13.678292274475098,ok
LA_D_2083098,11.762429237365723,11.768218040466309,ok
LA_D_2084084,13.529376029968262,13.530512809753418,ok
LA_D_2085012,15.289352416992188,15.291662216186523,ok
LA_D_2085166,11.846057891845703,11.855957984924316,ok
LA_D_2085656,16.220413208007812,16.254478454589844,ok
LA_D_2086920,8.311675071716309,8.311774253845215,ok
LA_D_2087494,12.190024375915527,12.193358421325684,ok
LA_D_2087690,11.144023895263672,11.148359298706055,ok
LA_D_2088943,13.8678560256958,13.87341022491455,ok
LA_D_2092684,14.762484550476074,14.802035331726074,ok
LA_D_2093247,10.674528121948242,10.67456340789795,ok
LA_D_2094262,10.203948020935059,10.291743278503418,ok
LA_D_2095392,-12.559618949890137,-12.576165199279785,ok
LA_D_2096892,-12.15867805480957,-12.170331001281738,ok
LA_D_2097045,13.852839469909668,13.874506950378418,ok
LA_D_2097283,12.693449020385742,12.699212074279785,ok
LA_D_2097438,10.671699523925781,10.68458366394043,ok
LA_D_2097600,12.293059349060059,12.31091022491455,ok
LA_D_2100372,15.73871898651123,15.759808540344238,ok
LA_D_2101345,13.773587226867676,13.815686225891113,ok
LA_D_2101566,10.926468849182129,10.952977180480957,ok
LA_D_2103093,14.122443199157715,14.13868236541748,ok
LA_D_2103518,18.207265853881836,18.246170043945312,ok
LA_D_2103653,17.53083038330078,17.53705596923828,ok
LA_D_2103892,13.956178665161133,14.031929016113281,ok
LA_D_2104324,11.620280265808105,11.634719848632812,ok
LA_D_2104365,13.410453796386719,13.41310977935791,ok
LA_D_2104529,14.622371673583984,14.633004188537598,ok
LA_D_2105580,-13.523113250732422,-13.52391242980957,ok
LA_D_2106652,11.275732040405273,11.28425121307373,ok
LA_D_2106919,16.6397762298584,16.640893936157227,ok
LA_D_2107075,11.496764183044434,11.49851131439209,ok
LA_D_2107954,14.025012016296387,14.028826713562012,ok
LA_D_2108357,17.25334358215332,17.26468849182129,ok
LA_D_2109062,-10.873794555664062,-10.992122650146484,ok
LA_D_2110432,11.567774772644043,11.572481155395508,ok
LA_D_2111041,14.36263656616211,14.395060539245605,ok
LA_D_2111647,13.332254409790039,13.356971740722656,ok
LA_D_2111682,7.942842960357666,8.010146141052246,ok
LA_D_2111881,10.12086296081543,10.121810913085938,ok
LA_D_2112026,18.7242374420166,18.73343276977539,ok
LA_D_2113515,16.24286651611328,16.244091033935547,ok
LA_D_2113565,16.69216537475586,16.6923770904541,ok
LA_D_2113716,4.1473774909973145,4.149781703948975,ok
LA_D_2115009,8.984814643859863,8.989802360534668,ok
LA_D_2115072,14.425134658813477,14.434930801391602,ok
LA_D_2117591,12.736015319824219,12.82625675201416,ok
LA_D_2117812,18.067062377929688,18.104015350341797,ok
LA_D_2118489,13.157356262207031,13.181055068969727,ok
LA_D_2118778,14.51416015625,14.549430847167969,ok
LA_D_2118848,11.609615325927734,11.635947227478027,ok
LA_D_2120805,13.766023635864258,13.767291069030762,ok
LA_D_2121556,16.309782028198242,16.33097267150879,ok
LA_D_2123475,16.08340835571289,16.0987491607666,ok
LA_D_2123885,13.305024147033691,13.317248344421387,ok
LA_D_2124188,15.814275741577148,15.866448402404785,ok
LA_D_2124468,13.44875431060791,13.478466033935547,ok
LA_D_2125183,10.806878089904785,10.806914329528809,ok
LA_D_2126341,11.220840454101562,11.232858657836914,ok
LA_D_2126762,9.964173316955566,9.97290325164795,ok
LA_D_2127486,13.871742248535156,13.880293846130371,ok
LA_D_2128440,14.591581344604492,14.605464935302734,ok
LA_D_2128519,18.015893936157227,18.03092384338379,ok
LA_D_2128991,17.28913116455078,17.317956924438477,ok
LA_D_2129319,11.784913063049316,11.786182403564453,ok
LA_D_2129411,14.079023361206055,14.09721851348877,ok
LA_D_2130196,15.183652877807617,15.192008018493652,ok
LA_D_2130605,-14.447339057922363,-14.4622220993042,ok
LA_D_2131399,14.049633979797363,14.050317764282227,ok
LA_D_2133031,9.21821403503418,9.229823112487793,ok
LA_D_2135966,2.9133808612823486,2.914997100830078,ok
LA_D_2135991,23.649337768554688,23.682435989379883,ok
LA_D_2136240,22.199819564819336,22.28499412536621,ok
LA_D_2136816,13.565424919128418,13.569329261779785,ok
LA_D_2136896,9.17383098602295,9.197548866271973,ok
LA_D_2137133,11.592015266418457,11.591221809387207,ok
LA_D_2138850,18.523157119750977,18.545774459838867,ok
LA_D_2140164,16.08281707763672,16.13761329650879,ok
LA_D_2140323,-13.81043815612793,-13.817293167114258,ok
LA_D_2140441,20.091753005981445,20.096506118774414,ok
LA_D_2140627,15.310501098632812,15.330817222595215,ok
LA_D_2140638,13.865682601928711,13.882798194885254,ok
LA_D_2141097,14.344590187072754,14.360821723937988,ok
LA_D_2142744,18.65872573852539,18.66357421875,ok
LA_D_2143384,-11.502976417541504,-11.505187034606934,ok
LA_D_2143588,12.283527374267578,12.311919212341309,ok
LA_D_2143625,19.892648696899414,19.89537811279297,ok
LA_D_2143803,16.52802085876465,16.529687881469727,ok
LA_D_2144689,15.8228120803833,15.84097957611084,ok
LA_D_2145419,15.325322151184082,15.333831787109375,ok
LA_D_2146476,14.080389022827148,14.080906867980957,ok
LA_D_2147894,18.417098999023438,18.42082405090332,ok
LA_D_2151951,11.550899505615234,11.559835433959961,ok
LA_D_2152100,13.061967849731445,13.072285652160645,ok
LA_D_2153291,11.4064302444458,11.415127754211426,ok
LA_D_2153758,15.054835319519043,15.060173988342285,ok
LA_D_2156580,13.158082962036133,13.163960456848145,ok
LA_D_2156985,-14.974907875061035,-14.977701187133789,ok
LA_D_2157831,13.164345741271973,13.200222969055176,ok
LA_D_2158229,15.373769760131836,15.394696235656738,ok
LA_D_2159690,9.026795387268066,9.04675579071045,ok
LA_D_2159915,18.47245216369629,18.534940719604492,ok
LA_D_2160169,13.241386413574219,13.26534366607666,ok
LA_D_2161419,18.873676300048828,18.8789005279541,ok
LA_D_2161752,11.735225677490234,11.759333610534668,ok
LA_D_2161760,12.199563980102539,12.200590133666992,ok
LA_D_2161873,18.218523025512695,18.25050926208496,ok
LA_D_2162549,16.48735809326172,16.51624298095703,ok
LA_D_2165495,13.021017074584961,13.030417442321777,ok
LA_D_2165611,18.180747985839844,18.200464248657227,ok
LA_D_2166570,10.56167221069336,10.57106876373291,ok
LA_D_2166742,10.959449768066406,10.962220191955566,ok
LA_D_2166764,11.709129333496094,11.711915969848633,ok
LA_D_2171727,12.214725494384766,12.295681953430176,ok
LA_D_2173227,9.299395561218262,9.302153587341309,ok
LA_D_2173475,14.308540344238281,14.338067054748535,ok
LA_D_2173667,11.706787109375,11.72721004486084,ok
LA_D_2174187,12.518208503723145,12.565756797790527,ok
LA_D_2175694,8.038931846618652,8.061577796936035,ok
LA_D_2176634,15.333305358886719,15.35827922821045,ok
LA_D_2177055,15.606023788452148,15.67194938659668,ok
LA_D_2177921,13.383235931396484,13.401503562927246,ok
LA_D_2178723,-7.215126037597656,-7.223867893218994,ok
LA_D_2178889,16.04337501525879,16.042715072631836,ok
LA_D_2179611,10.301436424255371,10.311639785766602,ok
LA_D_2180694,14.261513710021973,14.27049446105957,ok
LA_D_2182436,11.982649803161621,11.986769676208496,ok
LA_D_2183037,14.03842830657959,14.040202140808105,ok
LA_D_2184401,14.98736572265625,14.9941987991333,ok
LA_D_2184798,16.288135528564453,16.30057144165039,ok
LA_D_2185134,15.231002807617188,15.241565704345703,ok
LA_D_2185899,17.267711639404297,17.34128761291504,ok
LA_D_2187760,17.50972557067871,17.681489944458008,ok
LA_D_2187904,15.043901443481445,15.045835494995117,ok
LA_D_2188246,-14.880515098571777,-14.892805099487305,ok
LA_D_2188344,15.125921249389648,15.152852058410645,ok
LA_D_2188353,11.666728019714355,11.666234970092773,ok
LA_D_2189504,18.292726516723633,18.2948055267334,ok
LA_D_2189641,16.224206924438477,16.260854721069336,ok
LA_D_2193624,18.506404876708984,18.540977478027344,ok
LA_D_2193916,13.051261901855469,13.062325477600098,ok
LA_D_2195201,14.692021369934082,14.702648162841797,ok
LA_D_2195251,15.963034629821777,15.97802448272705,ok
LA_D_2195595,16.83638572692871,16.84647560119629,ok
LA_D_2195628,14.619102478027344,14.65110969543457,ok
LA_D_2195736,8.84109878540039,8.846256256103516,ok
LA_D_2195770,10.658459663391113,10.661669731140137,ok
LA_D_2196548,15.284524917602539,15.34831714630127,ok
LA_D_2196978,13.635080337524414,13.635819435119629,ok
LA_D_2197132,9.674646377563477,9.69564437866211,ok
LA_D_2197541,13.078857421875,13.268576622009277,ok
LA_D_2197811,16.369050979614258,16.409860610961914,ok
LA_D_2197985,16.03455924987793,16.10152244567871,ok
LA_D_2199278,2.1573872566223145,2.175957441329956,ok
LA_D_2200669,11.699775695800781,11.703424453735352,ok
LA_D_2201205,12.956957817077637,12.990456581115723,ok
LA_D_2202228,14.471285820007324,14.471619606018066,ok
LA_D_2204353,15.608786582946777,15.690186500549316,ok
LA_D_2205300,16.93033790588379,16.941001892089844,ok
LA_D_2207720,7.566708087921143,7.567216396331787,ok
LA_D_2210828,17.526439666748047,17.609262466430664,ok
LA_D_2211657,12.132280349731445,12.138506889343262,ok
LA_D_2212414,-11.250652313232422,-11.2549409866333,ok
LA_D_2212427,17.094453811645508,17.10492515563965,ok
LA_D_2214692,11.771738052368164,11.772712707519531,ok
LA_D_2215298,13.220722198486328,13.226799964904785,ok
LA_D_2216664,12.430390357971191,12.446685791015625,ok
LA_D_2217221,11.928080558776855,11.932843208312988,ok
LA_D_2218447,15.204792022705078,15.21900463104248,ok
LA_D_2219009,17.51067543029785,17.56568717956543,ok
LA_D_2222489,9.014385223388672,9.060497283935547,ok
LA_D_2222567,15.071484565734863,15.075846672058105,ok
LA_D_2223300,16.377286911010742,16.45433235168457,ok
LA_D_2223782,9.518996238708496,9.520215034484863,ok
LA_D_2224110,21.3957576751709,21.47028923034668,ok
LA_D_2225547,12.130393028259277,12.151776313781738,ok
LA_D_2225574,23.18940544128418,23.219560623168945,ok
LA_D_2226134,13.92247486114502,13.967142105102539,ok
LA_D_2226291,7.2707319259643555,7.289012908935547,ok
LA_D_2226509,11.91952896118164,11.9484224319458,ok
LA_D_2227239,2.25746750831604,2.25646710395813,ok
LA_D_2227552,12.863473892211914,12.863476753234863,ok
LA_D_2227757,11.651469230651855,11.663968086242676,ok
LA_D_2228121,8.070247650146484,8.071050643920898,ok
LA_D_2228504,10.769179344177246,10.769901275634766,ok
LA_D_2228641,13.231573104858398,13.234461784362793,ok
LA_D_2228764,16.31709861755371,16.338584899902344,ok
LA_D_2230192,-14.422489166259766,-14.431286811828613,ok
LA_D_2230362,15.787933349609375,15.793389320373535,ok
LA_D_2231364,8.40453815460205,8.399012565612793,ok
LA_D_2231411,15.024555206298828,15.037812232971191,ok
LA_D_2233973,14.844961166381836,14.850813865661621,ok
LA_D_2234125,15.91254997253418,15.927070617675781,ok
LA_D_2235229,11.972702026367188,11.972729682922363,ok
LA_D_2236885,14.75172233581543,14.758913040161133,ok
LA_D_2237572,10.646475791931152,10.656508445739746,ok
LA_D_2238363,13.095146179199219,13.23943042755127,ok
LA_D_2239594,12.19249153137207,12.2299222946167,ok
LA_D_2240504,18.36150360107422,18.414409637451172,ok
LA_D_2242800,11.718433380126953,11.738204002380371,ok
LA_D_2243154,13.732802391052246,13.733819007873535,ok
LA_D_2243169,13.596830368041992,13.598349571228027,ok
LA_D_2244005,17.022035598754883,17.033109664916992,ok
LA_D_2245059,8.426704406738281,8.497015953063965,ok
LA_D_2245814,13.876928329467773,13.889427185058594,ok
LA_D_2246688,16.34922981262207,16.368099212646484,ok
LA_D_2247282,10.621274948120117,10.624093055725098,ok
LA_D_2247309,12.89273738861084,12.908408164978027,ok
LA_D_2249074,13.355481147766113,13.382706642150879,ok
LA_D_2250398,11.492208480834961,11.49390697479248,ok
LA_D_2251423,11.858528137207031,11.86365795135498,ok
LA_D_2254293,17.87462615966797,17.908512115478516,ok
LA_D_2254543,9.907668113708496,9.91268253326416,ok
LA_D_2254857,13.606266975402832,13.620051383972168,ok
LA_D_2255247,-13.811293601989746,-13.81145191192627,ok
LA_D_2255957,17.13498306274414,17.22712516784668,ok
LA_D_2256022,13.148553848266602,13.158266067504883,ok
LA_D_2258459,15.126290321350098,15.192294120788574,ok
LA_D_2258741,13.506999969482422,13.540942192077637,ok
LA_D_2259016,12.844860076904297,12.870198249816895,ok
LA_D_2259292,13.431931495666504,13.451029777526855,ok
LA_D_2259476,5.325396537780762,5.326986789703369,ok
LA_D_2259759,14.696244239807129,14.754380226135254,ok
LA_D_2260376,15.862222671508789,15.871859550476074,ok
LA_D_2263211,14.500240325927734,14.522160530090332,ok
LA_D_2264682,-13.724004745483398,-13.7254638671875,ok
LA_D_2265031,14.67270565032959,14.663379669189453,ok
LA_D_2265315,-15.647183418273926,-15.679431915283203,ok
LA_D_2265384,15.875100135803223,15.934074401855469,ok
LA_D_2265492,15.663336753845215,15.669733047485352,ok
LA_D_2265780,9.647998809814453,9.695082664489746,ok
LA_D_2267325,15.30179214477539,15.305357933044434,ok
LA_D_2270025,13.724538803100586,13.7633638381958,ok
LA_D_2270073,14.40627384185791,14.45649242401123,ok
LA_D_2274606,17.732784271240234,17.744709014892578,ok
LA_D_2274956,16.855140686035156,16.89809226989746,ok
LA_D_2275470,11.531837463378906,11.533132553100586,ok
LA_D_2275662,11.362929344177246,11.36535358428955,ok
LA_D_2276836,15.589021682739258,15.591846466064453,ok
LA_D_2276956,8.959573745727539,8.9600191116333,ok
LA_D_2278186,11.89520263671875,11.91611099243164,ok
LA_D_2278407,12.636761665344238,12.641810417175293,ok
LA_D_2279448,11.463908195495605,11.518198013305664,ok
LA_D_2279462,18.912904739379883,18.951234817504883,ok
LA_D_2280242,16.732728958129883,16.78227424621582,ok
LA_D_2280644,17.41266441345215,17.530115127563477,ok
LA_D_2281493,12.845311164855957,12.884997367858887,ok
LA_D_2282941,17.363136291503906,17.46396255493164,ok
LA_D_2284017,11.439148902893066,11.439079284667969,ok
LA_D_2284232,13.99494743347168,14.025175094604492,ok
LA_D_2287068,15.08857536315918,15.089461326599121,ok
LA_D_2287585,-13.300283432006836,-13.320649147033691,ok
LA_D_2288300,12.20565128326416,12.241507530212402,ok
LA_D_2289303,-10.83360481262207,-10.916152000427246,ok
LA_D_2289504,15.578949928283691,15.594549179077148,ok
LA_D_2289906,12.688165664672852,12.69996166229248,ok
LA_D_2289949,12.592684745788574,12.602330207824707,ok
LA_D_2290106,7.55577278137207,7.556455135345459,ok
LA_D_2290223,12.002999305725098,12.006503105163574,ok
LA_D_2290771,10.426912307739258,10.474893569946289,ok
LA_D_2291890,12.762683868408203,12.80943489074707,ok
LA_D_2292066,16.623031616210938,16.630874633789062,ok
LA_D_2293379,17.632190704345703,17.632192611694336,ok
LA_D_2293597,11.424703598022461,11.424715995788574,ok
LA_D_2293647,16.214380264282227,16.23598289489746,ok
LA_D_2294546,16.987388610839844,17.05220603942871,ok
LA_D_2295230,14.537906646728516,14.567461967468262,ok
LA_D_2295451,9.365111351013184,9.37779712677002,ok
LA_D_2296372,11.201665878295898,11.207262992858887,ok
LA_D_2298020,9.736395835876465,9.741965293884277,ok
LA_D_2298155,16.371570587158203,16.38361930847168,ok
LA_D_2298248,14.122565269470215,14.13425350189209,ok
LA_D_2299839,10.817122459411621,10.81952953338623,ok
LA_D_2300503,15.52468490600586,15.533072471618652,ok
LA_D_2300597,16.629619598388672,16.676790237426758,ok
LA_D_2301497,14.196920394897461,14.207100868225098,ok
LA_D_2303609,-13.85077953338623,-13.868866920471191,ok
LA_D_2304250,15.98255729675293,15.992688179016113,ok
LA_D_2305845,11.506420135498047,11.514864921569824,ok
LA_D_2306690,12.95330810546875,13.025592803955078,ok
LA_D_2306860,14.899896621704102,14.927254676818848,ok
LA_D_2307932,14.05233097076416,14.058793067932129,ok
LA_D_2308716,15.416930198669434,15.421333312988281,ok
LA_D_2309565,14.71656608581543,14.715855598449707,ok
LA_D_2309660,9.631328582763672,9.641921997070312,ok
LA_D_2311080,17.29900360107422,17.326366424560547,ok
LA_D_2311237,-14.741790771484375,-14.769022941589355,ok
LA_D_2314822,11.11506462097168,11.122567176818848,ok
LA_D_2318160,15.016786575317383,15.036890983581543,ok
LA_D_2319450,10.866241455078125,10.874058723449707,ok
LA_D_2319804,12.114048957824707,12.135211944580078,ok
LA_D_2319940,17.629108428955078,17.652481079101562,ok
LA_D_2321124,14.607217788696289,14.613456726074219,ok
LA_D_2322081,-14.936168670654297,-14.938185691833496,ok
LA_D_2322141,14.110271453857422,14.121855735778809,ok
LA_D_2322982,12.649829864501953,12.666952133178711,ok
LA_D_2323900,13.78734016418457,13.797505378723145,ok
LA_D_2324235,-12.634880065917969,-12.654773712158203,ok
LA_D_2325645,12.452064514160156,12.492142677307129,ok
LA_D_2327416,16.263357162475586,16.27902603149414,ok
LA_D_2327560,15.534767150878906,15.542573928833008,ok
LA_D_2328159,19.3890438079834,19.449066162109375,ok
LA_D_2329756,12.867271423339844,12.896879196166992,ok
LA_D_2330702,16.294540405273438,16.31196403503418,ok
LA_D_2332467,11.476805686950684,11.479260444641113,ok
LA_D_2332596,15.354248046875,15.365437507629395,ok
LA_D_2334588,-13.42835807800293,-13.462980270385742,ok
LA_D_2335219,14.443886756896973,14.451224327087402,ok
LA_D_2335395,9.874385833740234,9.951973915100098,ok
LA_D_2335490,16.807785034179688,16.89585304260254,ok
LA_D_2335769,15.557215690612793,15.570761680603027,ok
LA_D_2336005,18.519926071166992,18.536409378051758,ok
LA_D_2338525,-12.261816024780273,-12.266256332397461,ok
LA_D_2339812,13.777928352355957,13.832213401794434,ok
LA_D_2339825,-11.91655158996582,-11.934431076049805,ok
LA_D_2340415,12.537277221679688,12.557333946228027,ok
LA_D_2340770,13.170209884643555,13.1687593460083,ok
LA_D_2341150,13.477014541625977,13.47690486907959,ok
LA_D_2341615,13.07702350616455,13.089909553527832,ok
LA_D_2341646,12.390961647033691,12.397333145141602,ok
LA_D_2342254,17.320693969726562,17.370527267456055,ok
LA_D_2342626,16.948657989501953,16.95288848876953,ok
LA_D_2343950,14.630082130432129,14.639107704162598,ok
LA_D_2344292,16.87282371520996,16.882516860961914,ok
LA_D_2344679,10.923038482666016,10.942028045654297,ok
LA_D_2345337,18.201231002807617,18.22273063659668,ok
LA_D_2345402,8.954678535461426,8.95930290222168,ok
LA_D_2346599,17.34291648864746,17.357641220092773,ok
LA_D_2347486,13.991786003112793,13.99975872039795,ok
LA_D_2349125,12.53120231628418,12.546791076660156,ok
LA_D_2350008,15.321531295776367,15.328661918640137,ok
LA_D_2350123,15.46743392944336,15.486553192138672,ok
LA_D_2350572,13.16130542755127,13.182028770446777,ok
LA_D_2350784,14.802714347839355,14.822880744934082,ok
LA_D_2352643,11.41843032836914,11.427145957946777,ok
LA_D_2352862,12.158677101135254,12.167229652404785,ok
LA_D_2352948,14.457964897155762,14.469843864440918,ok
LA_D_2353795,13.598943710327148,13.599333763122559,ok
LA_D_2354611,14.767374038696289,14.771870613098145,ok
LA_D_2357327,13.755178451538086,13.762099266052246,ok
LA_D_2357497,18.55906867980957,18.6423397064209,ok
LA_D_2358779,15.220852851867676,15.256729125976562,ok
LA_D_2360026,15.166864395141602,15.176950454711914,ok
LA_D_2361529,10.92937183380127,10.929888725280762,ok
LA_D_2361610,13.744746208190918,13.794371604919434,ok
LA_D_2361735,14.353972434997559,14.419743537902832,ok
LA_D_2363490,14.86083698272705,14.910101890563965,ok
LA_D_2363543,12.880465507507324,12.88233470916748,ok
LA_D_2363836,-14.427902221679688,-14.453335762023926,ok
LA_D_2364299,16.688011169433594,16.701236724853516,ok
LA_D_2364584,14.018891334533691,14.022978782653809,ok
LA_D_2364597,15.032256126403809,15.045001029968262,ok
LA_D_2365147,-12.728873252868652,-12.747594833374023,ok
LA_D_2365482,14.132181167602539,14.13886547088623,ok
LA_D_2365865,17.07698631286621,17.087377548217773,ok
LA_D_2366142,17.180402755737305,17.316556930541992,ok
LA_D_2367658,13.1847505569458,13.229826927185059,ok
LA_D_2367854,12.869454383850098,12.871638298034668,ok
LA_D_2367943,18.25333595275879,18.272092819213867,ok
LA_D_2368097,18.10724449157715,18.236284255981445,ok
LA_D_2369381,13.720170974731445,13.768982887268066,ok
LA_D_2369549,19.45175552368164,19.457761764526367,ok
LA_D_2370383,-15.326807975769043,-15.342832565307617,ok
LA_D_2370652,9.19930362701416,9.199437141418457,ok
LA_D_2371320,17.762563705444336,17.78318214416504,ok
LA_D_2371366,13.961727142333984,13.969490051269531,ok
LA_D_2371531,13.565655708312988,13.635197639465332,ok
LA_D_2372787,18.307756423950195,18.373327255249023,ok
LA_D_2372835,14.476752281188965,14.516077995300293,ok
LA_D_2373826,17.94988441467285,18.030908584594727,ok
LA_D_2374054,12.854886054992676,12.872170448303223,ok
LA_D_2374547,16.04486846923828,16.091630935668945,ok
LA_D_2374590,12.274641990661621,12.275273323059082,ok
LA_D_2375001,16.44268798828125,16.472841262817383,ok
LA_D_2375008,-14.374431610107422,-14.378390312194824,ok
LA_D_2375973,8.71734619140625,8.732132911682129,ok
LA_D_2376428,16.350492477416992,16.36530876159668,ok
LA_D_2379249,14.996124267578125,15.028773307800293,ok
LA_D_2379549,11.368573188781738,11.382403373718262,ok
LA_D_2380064,-13.496830940246582,-13.589193344116211,ok
LA_D_2380135,12.037683486938477,12.038018226623535,ok
LA_D_2380365,10.072507858276367,10.14560604095459,ok
LA_D_2381000,12.13073444366455,12.195744514465332,ok
LA_D_2382522,-14.67379093170166,-14.674337387084961,ok
LA_D_2382681,14.633000373840332,14.633313179016113,ok
LA_D_2382959,12.887096405029297,12.924883842468262,ok
LA_D_2385054,14.455716133117676,14.469393730163574,ok
LA_D_2386184,18.250459671020508,18.28131103515625,ok
LA_D_2386577,18.733421325683594,18.742782592773438,ok
LA_D_2388211,11.21878719329834,11.224783897399902,ok
LA_D_2388321,13.465288162231445,13.539826393127441,ok
LA_D_2389765,14.265708923339844,14.277957916259766,ok
LA_D_2392484,13.026322364807129,13.052363395690918,ok
LA_D_2393554,14.466705322265625,14.482852935791016,ok
LA_D_2394024,15.953014373779297,15.956315040588379,ok
LA_D_2395590,12.131285667419434,12.147757530212402,ok
LA_D_2395644,14.249917030334473,14.264318466186523,ok
LA_D_2395699,17.687721252441406,17.753602981567383,ok
LA_D_2396760,11.11357307434082,11.127776145935059,ok
LA_D_2396773,10.745473861694336,10.747267723083496,ok
LA_D_2397533,8.55352783203125,8.561600685119629,ok
LA_D_2399485,14.280869483947754,14.30889892578125,ok
LA_D_2399961,15.920090675354004,15.931979179382324,ok
LA_D_2400343,13.90666675567627,13.95232105255127,ok
LA_D_2401656,12.465394973754883,12.465943336486816,ok
LA_D_2402189,7.478769302368164,7.5172014236450195,ok
LA_D_2403062,9.141529083251953,9.142650604248047,ok
LA_D_2403365,8.364521026611328,8.369159698486328,ok
LA_D_2403858,14.413447380065918,14.423430442810059,ok
LA_D_2404279,10.828766822814941,10.829156875610352,ok
LA_D_2404405,-14.12559986114502,-14.128458023071289,ok
LA_D_2405181,16.04692840576172,16.046863555908203,ok
LA_D_2405339,16.358686447143555,16.413999557495117,ok
LA_D_2405558,13.729979515075684,13.877279281616211,ok
LA_D_2406469,18.037059783935547,18.078588485717773,ok
LA_D_2406653,10.866128921508789,10.873735427856445,ok
LA_D_2406981,6.774416923522949,6.861917018890381,ok
LA_D_2408504,14.113871574401855,14.117827415466309,ok
LA_D_2409304,15.045095443725586,15.060820579528809,ok
LA_D_2409344,16.408506393432617,16.5253849029541,ok
LA_D_2410043,5.401744365692139,5.405847549438477,ok
LA_D_2412061,16.453020095825195,16.488962173461914,ok
LA_D_2412410,7.415909767150879,7.422149181365967,ok
LA_D_2412446,11.994768142700195,12.002934455871582,ok
LA_D_2412575,8.924762725830078,8.956506729125977,ok
LA_D_2412960,-6.777406215667725,-6.801781177520752,ok
LA_D_2413214,15.683372497558594,15.697248458862305,ok
LA_D_2413811,13.312344551086426,13.330436706542969,ok
LA_D_2414625,15.199766159057617,15.206648826599121,ok
LA_D_2416790,13.29462718963623,13.317866325378418,ok
LA_D_2417193,-16.483488082885742,-16.51993751525879,ok
LA_D_2417651,14.544453620910645,14.674439430236816,ok
LA_D_2417938,14.303380966186523,14.331395149230957,ok
LA_D_2418862,14.500359535217285,14.51583480834961,ok
LA_D_2418943,13.463059425354004,13.483536720275879,ok
LA_D_2419036,17.503005981445312,17.527368545532227,ok
LA_D_2419210,17.824565887451172,17.83722496032715,ok
LA_D_2419825,17.44011116027832,17.536680221557617,ok
LA_D_2419904,18.672500610351562,18.808683395385742,ok
LA_D_2421665,12.049503326416016,12.071715354919434,ok
LA_D_2422297,13.073930740356445,13.09359073638916,ok
LA_D_2422770,15.737022399902344,15.743212699890137,ok
LA_D_2423406,17.72797203063965,17.735567092895508,ok
LA_D_2424417,13.215826988220215,13.215249061584473,ok
LA_D_2424487,12.679462432861328,12.679505348205566,ok
LA_D_2425412,14.559980392456055,14.56311321258545,ok
LA_D_2425446,18.943328857421875,18.96940803527832,ok
LA_D_2425743,14.679535865783691,14.707984924316406,ok
LA_D_2426166,11.13172721862793,11.148094177246094,ok
LA_D_2426319,19.187780380249023,19.195220947265625,ok
LA_D_2427111,11.768464088439941,11.774270057678223,ok
LA_D_2427116,8.45783519744873,8.471728324890137,ok
LA_D_2427170,19.762836456298828,19.7919979095459,ok
LA_D_2427445,18.318817138671875,18.471120834350586,ok
LA_D_2428124,14.552888870239258,14.592613220214844,ok
LA_D_2428239,13.187204360961914,13.194855690002441,ok
LA_D_2428433,17.61288070678711,17.631183624267578,ok
LA_D_2430078,9.020383834838867,9.03195858001709,ok
LA_D_2430243,15.314020156860352,15.332221031188965,ok
LA_D_2431857,15.264920234680176,15.308693885803223,ok
LA_D_2432615,14.256778717041016,14.263787269592285,ok
LA_D_2433056,12.702322959899902,12.708916664123535,ok
LA_D_2434538,18.86661720275879,18.86777687072754,ok
LA_D_2435960,8.79516887664795,8.789508819580078,ok
LA_D_2436364,-15.19536304473877,-15.203937530517578,ok
LA_D_2437354,10.717048645019531,10.747933387756348,ok
LA_D_2437399,16.857372283935547,16.910688400268555,ok
LA_D_2439299,17.76083755493164,17.78571891784668,ok
LA_D_2441093,12.83327579498291,12.839547157287598,ok
LA_D_2441155,11.902405738830566,11.980658531188965,ok
LA_D_2441943,-12.775318145751953,-12.803887367248535,ok
LA_D_2442523,15.391033172607422,15.425471305847168,ok
LA_D_2443752,16.24270248413086,16.24437141418457,ok
LA_D_2444360,14.444180488586426,14.47183609008789,ok
LA_D_2444810,12.76830005645752,12.809144973754883,ok
LA_D_2445037,14.17977237701416,14.179976463317871,ok
LA_D_2445554,-14.829066276550293,-14.838311195373535,ok
LA_D_2445772,14.059614181518555,14.059558868408203,ok
LA_D_2446049,12.92076301574707,12.93088436126709,ok
LA_D_2446369,17.44753074645996,17.48807144165039,ok
LA_D_2447524,16.564010620117188,16.592618942260742,ok
LA_D_2448121,14.823469161987305,14.843716621398926,ok
LA_D_2448162,9.871983528137207,9.872275352478027,ok
LA_D_2449761,8.758037567138672,8.788795471191406,ok
LA_D_2451673,14.713726997375488,14.765122413635254,ok
LA_D_2451686,17.830303192138672,17.833906173706055,ok
LA_D_2451802,19.194210052490234,19.195833206176758,ok
LA_D_2452544,-12.038349151611328,-12.117203712463379,ok
LA_D_2454370,19.25542449951172,19.29149055480957,ok
LA_D_2455516,19.0832576751709,19.13691520690918,ok
LA_D_2456990,17.654455184936523,17.654462814331055,ok
LA_D_2458766,15.367204666137695,15.391342163085938,ok
LA_D_2460010,15.905922889709473,15.976147651672363,ok
LA_D_2460108,14.272974014282227,14.287007331848145,ok
LA_D_2460221,16.529273986816406,16.539241790771484,ok
LA_D_2460870,16.925405502319336,16.961023330688477,ok
LA_D_2461413,12.40843677520752,12.416631698608398,ok
LA_D_2461506,13.241744041442871,13.25117015838623,ok
LA_D_2461601,12.790982246398926,12.8074951171875,ok
LA_D_2462449,15.039063453674316,15.037339210510254,ok
LA_D_2462521,-13.08283805847168,-13.092432975769043,ok
LA_D_2464441,12.153964042663574,12.177504539489746,ok
LA_D_2465807,15.820358276367188,15.824322700500488,ok
LA_D_2466781,-11.992185592651367,-12.003063201904297,ok
LA_D_2466917,10.553086280822754,10.558022499084473,ok
LA_D_2467416,15.430257797241211,15.432122230529785,ok
LA_D_2467700,16.412330627441406,16.4405460357666,ok
LA_D_2468278,7.966421127319336,7.977911472320557,ok
LA_D_2469934,18.597576141357422,18.681039810180664,ok
LA_D_2471375,13.317598342895508,13.310830116271973,ok
LA_D_2471995,17.8642520904541,17.894495010375977,ok
LA_D_2473428,10.268239974975586,10.279776573181152,ok
LA_D_2473723,15.853026390075684,15.866528511047363,ok
LA_D_2473777,12.15616512298584,12.165678977966309,ok
LA_D_2473895,18.13491439819336,18.155115127563477,ok
LA_D_2473905,16.882883071899414,16.892702102661133,ok
LA_D_2475221,11.674178123474121,11.675599098205566,ok
LA_D_2475830,13.227170944213867,13.269248008728027,ok
LA_D_2478413,14.922389030456543,14.934332847595215,ok
LA_D_2478969,16.059429168701172,16.064565658569336,ok
LA_D_2479312,14.700956344604492,14.702670097351074,ok
LA_D_2480484,23.440185546875,23.46929359436035,ok
LA_D_2481318,12.84402084350586,12.850720405578613,ok
LA_D_2481485,15.685918807983398,15.716292381286621,ok
LA_D_2481560,13.628267288208008,13.629294395446777,ok
LA_D_2482572,15.382925033569336,15.404467582702637,ok
LA_D_2482996,14.082120895385742,14.120583534240723,ok
LA_D_2483131,17.27127456665039,17.283796310424805,ok
LA_D_2484663,14.812600135803223,14.824389457702637,ok
LA_D_2485107,19.104440689086914,19.110307693481445,ok
LA_D_2485529,13.167515754699707,13.167458534240723,ok
LA_D_2485725,20.007848739624023,20.05624008178711,ok
LA_D_2488691,17.11733055114746,17.163408279418945,ok
LA_D_2488913,12.88776683807373,12.887343406677246,ok
LA_D_2488992,11.659756660461426,11.667569160461426,ok
LA_D_2489813,15.344032287597656,15.355011940002441,ok
LA_D_2490025,12.072714805603027,12.112942695617676,ok
LA_D_2490231,15.240701675415039,15.2728853225708,ok
LA_D_2490654,17.280742645263672,17.410078048706055,ok
LA_D_2490787,7.991488933563232,7.983946323394775,ok
LA_D_2491741,8.661291122436523,8.690825462341309,ok
LA_D_2492206,16.303058624267578,16.30510139465332,ok
LA_D_2492831,10.490472793579102,10.51941204071045,ok
LA_D_2493315,-3.736013889312744,-3.736487627029419,ok
LA_D_2494446,14.495412826538086,14.506501197814941,ok
LA_D_2494449,12.203523635864258,12.236807823181152,ok
LA_D_2494496,12.414163589477539,12.454903602600098,ok
LA_D_2494939,12.531907081604004,12.533605575561523,ok
LA_D_2496910,-9.811426162719727,-9.831913948059082,ok
LA_D_2497046,16.816234588623047,16.819311141967773,ok
LA_D_2498281,20.982912063598633,21.025644302368164,ok
LA_D_2498389,12.374979019165039,12.37772274017334,ok
LA_D_2498703,15.320735931396484,15.33300495147705,ok
LA_D_2499496,18.46118927001953,18.477827072143555,ok
LA_D_2499638,11.731197357177734,11.73528003692627,ok
LA_D_2499680,14.902190208435059,14.909138679504395,ok
LA_D_2499954,8.165617942810059,8.168601036071777,ok
LA_D_2499979,12.669206619262695,12.709071159362793,ok
LA_D_2500876,11.750669479370117,11.75198745727539,ok
LA_D_2501643,11.023494720458984,11.024714469909668,ok
LA_D_2502418,13.502723693847656,13.516695976257324,ok
LA_D_2502471,10.875953674316406,10.878714561462402,ok
LA_D_2502487,11.349321365356445,11.3901948928833,ok
LA_D_2503313,16.5614070892334,16.56740951538086,ok
LA_D_2504438,14.393568992614746,14.428603172302246,ok
LA_D_2504571,18.129070281982422,18.200529098510742,ok
LA_D_2507417,11.971002578735352,12.015135765075684,ok
LA_D_2507973,14.965326309204102,14.989300727844238,ok
LA_D_2508069,16.42506217956543,16.46049690246582,ok
LA_D_2508484,11.266173362731934,11.269736289978027,ok
LA_D_2508763,10.335978507995605,10.350753784179688,ok
LA_D_2509891,12.620471954345703,12.654964447021484,ok
LA_D_2510886,13.122628211975098,13.130908966064453,ok
LA_D_2511151,10.241189002990723,10.245633125305176,ok
LA_D_2513024,10.904499053955078,10.967970848083496,ok
LA_D_2514874,6.282966136932373,6.291926860809326,ok
LA_D_2515908,12.993152618408203,13.030671119689941,ok
LA_D_2516382,13.409700393676758,13.429194450378418,ok
LA_D_2517022,-14.26577377319336,-14.462489128112793,ok
LA_D_2517481,15.713988304138184,15.745011329650879,ok
LA_D_2518822,-12.944607734680176,-12.946008682250977,ok
LA_D_2518987,9.697404861450195,9.697630882263184,ok
LA_D_2519499,10.112005233764648,10.121052742004395,ok
LA_D_2519581,16.238136291503906,16.250961303710938,ok
LA_D_2519862,-13.842041969299316,-13.853495597839355,ok
LA_D_2522340,17.437894821166992,17.460298538208008,ok
LA_D_2523108,23.2088680267334,23.25701332092285,ok
LA_D_2525000,-14.907896995544434,-14.920048713684082,ok
LA_D_2525110,14.70239543914795,14.752854347229004,ok
LA_D_2525525,11.00390338897705,11.006122589111328,ok
LA_D_2525577,14.39716911315918,14.418700218200684,ok
LA_D_2526971,7.661920070648193,7.668874263763428,ok
LA_D_2527215,18.164833068847656,18.23267936706543,ok
LA_D_2527247,15.582441329956055,15.582743644714355,ok
LA_D_2528296,15.088876724243164,15.097542762756348,ok
LA_D_2529982,17.46783447265625,17.670063018798828,ok
LA_D_2530462,13.215168952941895,13.215486526489258,ok
LA_D_2530547,19.48993682861328,19.6407413482666,ok
LA_D_2531373,-13.023258209228516,-13.100918769836426,ok
LA_D_2531385,15.847699165344238,15.866095542907715,ok
LA_D_2532530,16.538578033447266,16.544904708862305,ok
LA_D_2532665,16.009521484375,16.054052352905273,ok
LA_D_2533846,10.607067108154297,10.609814643859863,ok
LA_D_2534146,11.535133361816406,11.542959213256836,ok
LA_D_2534849,-13.42301082611084,-13.500475883483887,ok
LA_D_2536110,18.08299446105957,18.123361587524414,ok
LA_D_2536179,11.267574310302734,11.285553932189941,ok
LA_D_2536291,4.49368143081665,4.506009578704834,ok
LA_D_2537525,14.686742782592773,14.714251518249512,ok
LA_D_2539732,12.797158241271973,12.820666313171387,ok
LA_D_2540693,12.082859992980957,12.140338897705078,ok
LA_D_2541236,16.892162322998047,16.894392013549805,ok
LA_D_2541397,12.663759231567383,12.668257713317871,ok
LA_D_2541811,12.414843559265137,12.41979694366455,ok
LA_D_2541982,16.39805793762207,16.44879722595215,ok
LA_D_2542296,11.089669227600098,11.097549438476562,ok
LA_D_2542630,10.83535385131836,10.836638450622559,ok
LA_D_2542779,14.132335662841797,14.134376525878906,ok
LA_D_2542974,14.025567054748535,14.045201301574707,ok
LA_D_2543157,15.218910217285156,15.280985832214355,ok
LA_D_2544213,15.372766494750977,15.392085075378418,ok
LA_D_2544697,14.343894004821777,14.378114700317383,ok
LA_D_2545209,14.063629150390625,14.101414680480957,ok
LA_D_2545730,17.061464309692383,17.09700584411621,ok
LA_D_2545950,14.067866325378418,14.06832218170166,ok
LA_D_2546184,14.33952808380127,14.348159790039062,ok
LA_D_2547623,14.377567291259766,14.438775062561035,ok
LA_D_2549631,10.97885513305664,11.060952186584473,ok
LA_D_2549993,13.007279396057129,13.007105827331543,ok
LA_D_2550165,15.005971908569336,15.028197288513184,ok
LA_D_2550548,14.013628005981445,14.023282051086426,ok
LA_D_2551261,12.763304710388184,12.782315254211426,ok
LA_D_2552841,10.775581359863281,10.807863235473633,ok
LA_D_2553532,9.142536163330078,9.148153305053711,ok
LA_D_2555715,14.767273902893066,14.88398551940918,ok
LA_D_2556606,17.64178466796875,17.64777374267578,ok
LA_D_2557760,13.925488471984863,13.976855278015137,ok
LA_D_2557946,16.09851837158203,16.148427963256836,ok
LA_D_2558084,12.380637168884277,12.394196510314941,ok
LA_D_2558912,15.638527870178223,15.663869857788086,ok
LA_D_2559493,12.596240043640137,12.628003120422363,ok
LA_D_2561400,13.155634880065918,13.18533706665039,ok
LA_D_2562850,15.003625869750977,15.132184982299805,ok
LA_D_2563154,12.609016418457031,12.634406089782715,ok
LA_D_2563213,15.442912101745605,15.500210762023926,ok
LA_D_2564083,13.602099418640137,13.637715339660645,ok
LA_D_2565263,12.62178897857666,12.622762680053711,ok
LA_D_2565359,-15.468162536621094,-15.481464385986328,ok
LA_D_2565381,16.791418075561523,16.791799545288086,ok
LA_D_2566690,13.154459953308105,13.161402702331543,ok
LA_D_2566965,17.890899658203125,18.03715705871582,ok
LA_D_2567965,11.568228721618652,11.585515022277832,ok
LA_D_2570184,10.111440658569336,10.111676216125488,ok
LA_D_2570544,10.883865356445312,10.8906888961792,ok
LA_D_2570780,12.01025390625,12.027606964111328,ok
LA_D_2571309,14.097078323364258,14.112130165100098,ok
LA_D_2572361,16.498580932617188,16.49847984313965,ok
LA_D_2573565,14.718757629394531,14.748900413513184,ok
LA_D_2575136,19.400989532470703,19.4549617767334,ok
LA_D_2575495,11.03045654296875,11.031332969665527,ok
LA_D_2576768,13.135054588317871,13.13457202911377,ok
LA_D_2576822,11.824761390686035,11.839837074279785,ok
LA_D_2577424,6.19028902053833,6.192923069000244,ok
LA_D_2578749,-13.203407287597656,-13.224825859069824,ok
LA_D_2579139,14.703836441040039,14.731846809387207,ok
LA_D_2579249,12.234365463256836,12.236258506774902,ok
LA_D_2579907,11.673019409179688,11.700837135314941,ok
LA_D_2581071,11.13001537322998,11.13791561126709,ok
LA_D_2581733,17.049793243408203,17.082643508911133,ok
LA_D_2583710,14.195151329040527,14.22866439819336,ok
LA_D_2583973,16.258262634277344,16.288312911987305,ok
LA_D_2586141,9.674013137817383,9.674057006835938,ok
LA_D_2587030,10.878256797790527,10.907929420471191,ok
LA_D_2589783,15.003129959106445,15.039935111999512,ok
LA_D_2590726,-15.252914428710938,-15.272031784057617,ok
LA_D_2590744,10.857133865356445,10.866671562194824,ok
LA_D_2590761,16.334552764892578,16.348642349243164,ok
LA_D_2592823,16.69841957092285,16.731033325195312,ok
LA_D_2595427,13.316353797912598,13.341126441955566,ok
LA_D_2595652,11.567066192626953,11.567571640014648,ok
LA_D_2596003,15.688339233398438,15.688974380493164,ok
LA_D_2596513,11.80488109588623,11.80855655670166,ok
LA_D_2597129,11.514657020568848,11.517678260803223,ok
LA_D_2597444,14.323857307434082,14.334054946899414,ok
LA_D_2597748,-14.92176342010498,-14.968398094177246,ok
LA_D_2598079,13.161323547363281,13.164860725402832,ok
LA_D_2598117,12.573047637939453,12.583085060119629,ok
LA_D_2598422,14.238506317138672,14.283005714416504,ok
LA_D_2598470,4.123120307922363,4.123748779296875,ok
LA_D_2598664,20.28947639465332,20.4188175201416,ok
LA_D_2600674,11.003331184387207,11.003703117370605,ok
LA_D_2601154,17.112152099609375,17.124774932861328,ok
LA_D_2602113,12.945761680603027,12.949362754821777,ok
LA_D_2602453,16.800609588623047,16.807878494262695,ok
LA_D_2602670,16.331073760986328,16.344127655029297,ok
LA_D_2602925,13.23336410522461,13.245403289794922,ok
LA_D_2603106,11.799803733825684,11.806622505187988,ok
LA_D_2604446,14.713159561157227,14.7496976852417,ok
LA_D_2606095,9.817741394042969,9.818696022033691,ok
LA_D_2607016,16.4116268157959,16.430286407470703,ok
LA_D_2607277,14.82573413848877,14.87097454071045,ok
LA_D_2608601,15.837213516235352,15.893265724182129,ok
LA_D_2609052,11.415385246276855,11.427994728088379,ok
LA_D_2609323,-13.054032325744629,-13.082037925720215,ok
LA_D_2609462,16.1068058013916,16.11142921447754,ok
LA_D_2610325,12.705867767333984,12.716062545776367,ok
LA_D_2612254,-15.506756782531738,-15.5255765914917,ok
LA_D_2613067,20.266620635986328,20.35699462890625,ok
LA_D_2613646,12.318436622619629,12.329485893249512,ok
LA_D_2615945,11.030359268188477,11.045432090759277,ok
LA_D_2616799,12.077685356140137,12.096077919006348,ok
LA_D_2617066,13.332818984985352,13.34003734588623,ok
LA_D_2617516,14.527324676513672,14.53809642791748,ok
LA_D_2618723,13.05540943145752,13.060298919677734,ok
LA_D_2618748,14.063626289367676,14.067294120788574,ok
LA_D_2619504,11.679134368896484,11.69865894317627,ok
LA_D_2621156,13.81520938873291,13.823676109313965,ok
LA_D_2621260,10.753865242004395,10.752466201782227,ok
LA_D_2622778,10.185629844665527,10.18552303314209,ok
LA_D_2623262,21.084251403808594,21.120040893554688,ok
LA_D_2625096,11.02308177947998,11.033574104309082,ok
LA_D_2625129,19.028507232666016,19.3530330657959,ok
LA_D_2625605,14.520462989807129,14.527705192565918,ok
LA_D_2626102,15.754244804382324,15.851518630981445,ok
LA_D_2626312,14.271042823791504,14.290003776550293,ok
LA_D_2626325,15.055933952331543,15.062549591064453,ok
LA_D_2627199,17.487112045288086,17.542768478393555,ok
LA_D_2627350,15.117197036743164,15.213152885437012,ok
LA_D_2628079,11.64359188079834,11.657919883728027,ok
LA_D_2628131,14.5230712890625,14.530465126037598,ok
LA_D_2628460,14.604784965515137,14.607872009277344,ok
LA_D_2628592,15.791022300720215,15.816699028015137,ok
LA_D_2628819,16.663450241088867,16.679533004760742,ok
LA_D_2630786,15.345142364501953,15.360995292663574,ok
LA_D_2632286,16.971790313720703,16.9847469329834,ok
LA_D_2632718,11.688040733337402,11.759551048278809,ok
LA_D_2633677,18.351734161376953,18.397310256958008,ok
LA_D_2634056,11.195023536682129,11.195097923278809,ok
LA_D_2634266,7.554216384887695,7.556125164031982,ok
LA_D_2636579,20.781986236572266,20.82663917541504,ok
LA_D_2637205,10.502265930175781,10.50196361541748,ok
LA_D_2638013,15.93946647644043,15.985201835632324,ok
LA_D_2638042,14.22320556640625,14.223610877990723,ok
LA_D_2639105,17.573299407958984,17.58251190185547,ok
LA_D_2642581,8.597219467163086,8.599193572998047,ok
LA_D_2643003,14.803082466125488,14.846209526062012,ok
LA_D_2643276,15.187806129455566,15.299392700195312,ok
LA_D_2643397,19.110614776611328,19.160959243774414,ok
LA_D_2644387,-5.1089653968811035,-5.111763000488281,ok
LA_D_2644554,13.339067459106445,13.391026496887207,ok
LA_D_2645663,14.822815895080566,14.864112854003906,ok
LA_D_2646681,23.113759994506836,23.1717586517334,ok
LA_D_2647059,10.17621898651123,10.178502082824707,ok
LA_D_2648396,12.389954566955566,12.390934944152832,ok
LA_D_2648941,16.769338607788086,16.77638053894043,ok
LA_D_2649278,18.618839263916016,18.663738250732422,ok
LA_D_2649880,14.979145050048828,14.999188423156738,ok
LA_D_2651341,9.257575035095215,9.25834846496582,ok
LA_D_2651795,8.90820026397705,8.90979290008545,ok
LA_D_2652985,9.05767822265625,9.060422897338867,ok
LA_D_2653429,9.44112777709961,9.530010223388672,ok
LA_D_2653610,13.395325660705566,13.400580406188965,ok
LA_D_2654160,13.6223726272583,13.625361442565918,ok
LA_D_2655283,12.809605598449707,12.808796882629395,ok
LA_D_2655610,-12.752673149108887,-12.761282920837402,ok
LA_D_2655621,15.770813941955566,15.870892524719238,ok
LA_D_2656565,14.98385238647461,14.987835884094238,ok
LA_D_2657707,14.024274826049805,14.029484748840332,ok
LA_D_2658622,-12.501309394836426,-12.533474922180176,ok
LA_D_2658832,11.735041618347168,11.758091926574707,ok
LA_D_2658907,7.192458629608154,7.193856716156006,ok
LA_D_2659066,-13.041536331176758,-13.044400215148926,ok
LA_D_2660381,17.64495277404785,17.697900772094727,ok
LA_D_2660438,9.404902458190918,9.40832805633545,ok
LA_D_2660514,14.136229515075684,14.146409034729004,ok
LA_D_2661411,16.860694885253906,16.899402618408203,ok
LA_D_2661690,15.771195411682129,15.825159072875977,ok
LA_D_2661958,14.252656936645508,14.253262519836426,ok
LA_D_2663437,15.451476097106934,15.46983528137207,ok
LA_D_2665880,9.408173561096191,9.42806339263916,ok
LA_D_2666258,15.646796226501465,15.735282897949219,ok
LA_D_2667561,16.364559173583984,16.41386604309082,ok
LA_D_2667967,15.480047225952148,15.480155944824219,ok
LA_D_2668830,11.017793655395508,11.02507495880127,ok
LA_D_2669080,18.863584518432617,18.872575759887695,ok
LA_D_2669376,15.805011749267578,15.840853691101074,ok
LA_D_2669790,12.570659637451172,12.579330444335938,ok
LA_D_2670809,14.808496475219727,14.835772514343262,ok
LA_D_2671594,8.655596733093262,8.657605171203613,ok
LA_D_2674105,14.896753311157227,14.905694007873535,ok
LA_D_2676220,9.87143325805664,9.870537757873535,ok
LA_D_2677497,12.692705154418945,12.69414234161377,ok
LA_D_2677654,9.703532218933105,9.703518867492676,ok
LA_D_2680311,11.028156280517578,11.032878875732422,ok
LA_D_2682641,15.289815902709961,15.320805549621582,ok
LA_D_2683285,17.990015029907227,18.018476486206055,ok
LA_D_2684010,14.51194953918457,14.522980690002441,ok
LA_D_2684959,15.129134178161621,15.16641616821289,ok
LA_D_2685703,19.20704460144043,19.238792419433594,ok
LA_D_2686014,14.727155685424805,14.760641098022461,ok
LA_D_2686278,10.697418212890625,10.704217910766602,ok
LA_D_2688414,-9.85743236541748,-9.871495246887207,ok
LA_D_2688863,14.382216453552246,14.394718170166016,ok
LA_D_2689404,13.926506996154785,13.945935249328613,ok
LA_D_2690336,13.667304039001465,13.675921440124512,ok
LA_D_2690518,11.678152084350586,11.680548667907715,ok
LA_D_2690780,-12.851813316345215,-12.854958534240723,ok
LA_D_2691745,15.989816665649414,16.021116256713867,ok
LA_D_2691829,10.142179489135742,10.160924911499023,ok
LA_D_2691873,15.00712776184082,15.028035163879395,ok
LA_D_2691898,15.119524002075195,15.121271133422852,ok
LA_D_2692136,19.74408531188965,19.82917594909668,ok
LA_D_2692895,10.119616508483887,10.122525215148926,ok
LA_D_2693758,10.384441375732422,10.383957862854004,ok
LA_D_2693786,13.024116516113281,13.025873184204102,ok
LA_D_2695373,17.150554656982422,17.169992446899414,ok
LA_D_2696306,12.624307632446289,12.638834953308105,ok
LA_D_2696379,9.2220458984375,9.224358558654785,ok
LA_D_2696634,12.986515045166016,13.004694938659668,ok
LA_D_2697100,12.67300033569336,12.709214210510254,ok
LA_D_2698574,14.185812950134277,14.191914558410645,ok
LA_D_2699739,10.20492935180664,10.206015586853027,ok
LA_D_2700899,13.792502403259277,13.816802024841309,ok
LA_D_2700963,14.70167350769043,14.7114839553833,ok
LA_D_2701856,12.850597381591797,12.891655921936035,ok
LA_D_2705731,11.36390209197998,11.363341331481934,ok
LA_D_2706710,16.19650650024414,16.20462989807129,ok
LA_D_2707454,12.301892280578613,12.302289009094238,ok
LA_D_2707564,14.988411903381348,15.003067970275879,ok
LA_D_2708011,16.65833282470703,16.71576499938965,ok
LA_D_2708980,14.937294006347656,14.942344665527344,ok
LA_D_2709061,14.422712326049805,14.43349838256836,ok
LA_D_2709080,13.912346839904785,13.916592597961426,ok
LA_D_2709100,16.091636657714844,16.103334426879883,ok
LA_D_2709105,11.28628158569336,11.286553382873535,ok
LA_D_2709995,14.19650650024414,14.216696739196777,ok
LA_D_2710906,9.880644798278809,9.89412784576416,ok
LA_D_2712069,18.815837860107422,18.95905303955078,ok
LA_D_2712599,-15.739707946777344,-15.763203620910645,ok
LA_D_2715241,8.077293395996094,8.091156959533691,ok
LA_D_2715552,17.48301124572754,17.483503341674805,ok
LA_D_2715685,16.179044723510742,16.215513229370117,ok
LA_D_2717878,9.181914329528809,9.191041946411133,ok
LA_D_2717961,5.466414451599121,5.466442584991455,ok
LA_D_2718507,16.976011276245117,16.98160743713379,ok
LA_D_2718909,-15.645387649536133,-15.66292667388916,ok
LA_D_2719811,12.876160621643066,12.875753402709961,ok
LA_D_2720139,13.777417182922363,13.798243522644043,ok
LA_D_2720424,8.374281883239746,8.374469757080078,ok
LA_D_2720435,14.861390113830566,14.868083953857422,ok
LA_D_2720510,12.358233451843262,12.381300926208496,ok
LA_D_2720782,12.582596778869629,12.59225082397461,ok
LA_D_2721191,14.412760734558105,14.421387672424316,ok
LA_D_2722401,12.875226020812988,12.88428783416748,ok
LA_D_2723107,9.92864990234375,9.95273208618164,ok
LA_D_2723301,14.57973575592041,14.608447074890137,ok
LA_D_2724699,17.37646484375,17.37993621826172,ok
LA_D_2724805,11.426095008850098,11.438397407531738,ok
LA_D_2726610,16.770784378051758,16.7908878326416,ok
LA_D_2726931,13.918380737304688,13.929612159729004,ok
LA_D_2727763,9.86769962310791,9.90459156036377,ok
LA_D_2727780,13.363807678222656,13.374290466308594,ok
LA_D_2728150,13.224356651306152,13.229302406311035,ok
LA_D_2728628,11.139289855957031,11.156624794006348,ok
LA_D_2730974,19.115507125854492,19.149127960205078,ok
LA_D_2731036,14.461763381958008,14.466629981994629,ok
LA_D_2731741,-14.382438659667969,-14.428833961486816,ok
LA_D_2732640,15.163383483886719,15.19675350189209,ok
LA_D_2733428,-15.494951248168945,-15.499242782592773,ok
LA_D_2733623,12.989677429199219,13.03033447265625,ok
LA_D_2734048,11.187289237976074,11.194552421569824,ok
LA_D_2734913,14.73015308380127,14.797353744506836,ok
LA_D_2735004,18.01409912109375,18.014474868774414,ok
LA_D_2736443,18.662675857543945,18.66741371154785,ok
LA_D_2736449,11.158432006835938,11.165852546691895,ok
LA_D_2736752,12.639202117919922,12.66430377960205,ok
LA_D_2736869,12.423330307006836,12.439789772033691,ok
LA_D_2737875,14.917716979980469,14.919967651367188,ok
LA_D_2738222,13.132755279541016,13.200204849243164,ok
LA_D_2739423,15.544147491455078,15.546395301818848,ok
LA_D_2743059,9.736204147338867,9.740211486816406,ok
LA_D_2745051,16.870426177978516,16.890623092651367,ok
LA_D_2746243,10.80167007446289,10.813532829284668,ok
LA_D_2746267,16.34581184387207,16.356800079345703,ok
LA_D_2747265,16.21230125427246,16.22599983215332,ok
LA_D_2748583,-15.387077331542969,-15.406832695007324,ok
LA_D_2749481,17.348447799682617,17.362051010131836,ok
LA_D_2752788,13.499064445495605,13.525054931640625,ok
LA_D_2753356,8.184934616088867,8.183907508850098,ok
LA_D_2753362,8.447153091430664,8.441229820251465,ok
LA_D_2753816,-11.644830703735352,-11.647521018981934,ok
LA_D_2756525,10.634657859802246,10.636431694030762,ok
LA_D_2756724,-15.161995887756348,-15.170665740966797,ok
LA_D_2757814,15.071483612060547,15.075373649597168,ok
LA_D_2757833,14.789225578308105,14.826377868652344,ok
LA_D_2759411,6.099277496337891,6.098960876464844,ok
LA_D_2759783,12.489059448242188,12.5042085647583,ok
LA_D_2761640,14.494053840637207,14.499855041503906,ok
LA_D_2761727,12.20577335357666,12.205789566040039,ok
LA_D_2761966,15.228160858154297,15.284886360168457,ok
LA_D_2762669,10.332265853881836,10.336888313293457,ok
LA_D_2762693,19.25131607055664,19.33066749572754,ok
LA_D_2763276,11.959630966186523,12.00228500366211,ok
LA_D_2766494,8.652487754821777,8.680784225463867,ok
LA_D_2768110,11.387511253356934,11.388198852539062,ok
LA_D_2769397,10.758448600769043,10.781014442443848,ok
LA_D_2769521,14.01821231842041,14.0574312210083,ok
LA_D_2771030,8.737049102783203,8.750222206115723,ok
LA_D_2771079,13.651809692382812,13.654253005981445,ok
LA_D_2772436,13.488120079040527,13.490129470825195,ok
LA_D_2772837,8.3783540725708,8.369138717651367,ok
LA_D_2773764,-14.715215682983398,-14.737865447998047,ok
LA_D_2774468,-13.511713027954102,-13.536859512329102,ok
LA_D_2775026,14.721217155456543,14.721142768859863,ok
LA_D_2776056,14.001526832580566,14.023564338684082,ok
LA_D_2776677,12.736709594726562,12.741622924804688,ok
LA_D_2777169,13.027873039245605,13.046404838562012,ok
LA_D_2777831,14.243261337280273,14.286032676696777,ok
LA_D_2780378,6.89906120300293,6.905188083648682,ok
LA_D_2783081,12.837095260620117,12.839335441589355,ok
LA_D_2783850,10.327446937561035,10.338764190673828,ok
LA_D_2784153,25.143224716186523,25.284347534179688,ok
LA_D_2786535,16.015886306762695,16.03284454345703,ok
LA_D_2786957,14.195904731750488,14.216683387756348,ok
LA_D_2787302,12.471881866455078,12.492587089538574,ok
LA_D_2789277,10.362020492553711,10.396422386169434,ok
LA_D_2791447,17.342987060546875,17.428274154663086,ok
LA_D_2791553,11.55573558807373,11.559479713439941,ok
LA_D_2792366,10.028470993041992,10.029960632324219,ok
LA_D_2793042,14.981915473937988,15.026121139526367,ok
LA_D_2793288,11.645922660827637,11.646486282348633,ok
LA_D_2794299,13.958529472351074,13.960265159606934,ok
LA_D_2795326,18.418846130371094,18.42075538635254,ok
LA_D_2796486,13.107251167297363,13.115530967712402,ok
LA_D_2796669,17.483688354492188,17.561208724975586,ok
LA_D_2797619,11.922436714172363,11.943840980529785,ok
LA_D_2797757,12.480338096618652,12.502886772155762,ok
LA_D_2798444,11.026494026184082,11.02672290802002,ok
LA_D_2798789,11.778685569763184,11.784757614135742,ok
LA_D_2799892,11.791842460632324,11.797407150268555,ok
LA_D_2800113,-13.688671112060547,-13.73514461517334,ok
LA_D_2800343,15.016532897949219,15.030203819274902,ok
LA_D_2800479,12.39152717590332,12.469944953918457,ok
LA_D_2805826,13.698221206665039,13.730669975280762,ok
LA_D_2806150,17.209611892700195,17.215572357177734,ok
LA_D_2807278,18.956382751464844,18.980146408081055,ok
LA_D_2807440,12.615854263305664,12.622929573059082,ok
LA_D_2808442,11.223677635192871,11.279335021972656,ok
LA_D_2808846,15.411834716796875,15.4284086227417,ok
LA_D_2809588,14.719112396240234,14.718460083007812,ok
LA_D_2810734,19.456079483032227,19.475515365600586,ok
LA_D_2811040,15.275408744812012,15.313319206237793,ok
LA_D_2811662,-16.909076690673828,-16.9256649017334,ok
LA_D_2812544,-15.217270851135254,-15.228198051452637,ok
LA_D_2812689,16.521207809448242,16.538118362426758,ok
LA_D_2813154,-7.653579235076904,-7.6547369956970215,ok
LA_D_2814875,12.694437026977539,12.694544792175293,ok
LA_D_2815191,12.71118450164795,12.718202590942383,ok
LA_D_2815461,15.613734245300293,15.613741874694824,ok
LA_D_2816042,15.651331901550293,15.702247619628906,ok
LA_D_2816289,11.824548721313477,11.831064224243164,ok
LA_D_2816308,9.98684024810791,9.98713207244873,ok
LA_D_2816765,-14.184208869934082,-14.199100494384766,ok
LA_D_2817557,-16.130311965942383,-16.131269454956055,ok
LA_D_2819105,13.441062927246094,13.442696571350098,ok
LA_D_2820525,14.260354995727539,14.33707046508789,ok
LA_D_2821637,12.655082702636719,12.671920776367188,ok
LA_D_2822470,11.347100257873535,11.34923267364502,ok
LA_D_2824576,15.650357246398926,15.670364379882812,ok
LA_D_2824820,-14.325470924377441,-14.396815299987793,ok
LA_D_2824952,15.628791809082031,15.656583786010742,ok
LA_D_2825662,11.777518272399902,11.779576301574707,ok
LA_D_2826776,18.491188049316406,18.50311279296875,ok
LA_D_2827159,13.960124969482422,13.965954780578613,ok
LA_D_2831303,13.372506141662598,13.373120307922363,ok
LA_D_2831646,13.54233169555664,13.690451622009277,ok
LA_D_2831844,7.355251312255859,7.358178615570068,ok
LA_D_2832141,-14.429636001586914,-14.432275772094727,ok
LA_D_2832394,18.33148956298828,18.367034912109375,ok
LA_D_2833236,7.184730529785156,7.179534435272217,ok
LA_D_2833762,12.543149948120117,12.547497749328613,ok
LA_D_2835194,13.160235404968262,13.159994125366211,ok
LA_D_2835573,19.74416160583496,19.845373153686523,ok
LA_D_2835735,8.851797103881836,8.8516263961792,ok
LA_D_2837203,21.34265899658203,21.360960006713867,ok
LA_D_2837325,11.710403442382812,11.723329544067383,ok
LA_D_2839838,15.23432731628418,15.235519409179688,ok
LA_D_2839913,-14.952646255493164,-14.954365730285645,ok
LA_D_2842063,-13.5985689163208,-13.59924602508545,ok
LA_D_2844602,9.197346687316895,9.206711769104004,ok
LA_D_2844735,-13.235177993774414,-13.242779731750488,ok
LA_D_2847323,11.8497953414917,11.85234546661377,ok
LA_D_2849155,8.284724235534668,8.277298927307129,ok
LA_D_2849994,11.741745948791504,11.756878852844238,ok
LA_D_2850234,17.009485244750977,17.021100997924805,ok
LA_D_2850456,7.358153343200684,7.359323978424072,ok
LA_D_2851293,13.682510375976562,13.6854829788208,ok
LA_D_2852000,-16.575206756591797,-16.587594985961914,ok
LA_D_2852714,14.92346477508545,15.042064666748047,ok
LA_D_2853583,14.096341133117676,14.106175422668457,ok
LA_D_2853662,20.179044723510742,20.207792282104492,ok
LA_D_2854193,17.114547729492188,17.114770889282227,ok
LA_D_2854358,14.582341194152832,14.593064308166504,ok
LA_D_2854806,16.840662002563477,16.86281967163086,ok
LA_D_2855249,15.075370788574219,15.136479377746582,ok
LA_D_2856557,13.424995422363281,13.455399513244629,ok
LA_D_2859163,12.24429702758789,12.26414680480957,ok
LA_D_2859709,19.995912551879883,20.01908302307129,ok
LA_D_2860247,14.713550567626953,14.715975761413574,ok
LA_D_2860670,12.844428062438965,12.870973587036133,ok
LA_D_2861324,13.796002388000488,13.836220741271973,ok
LA_D_2861753,9.196334838867188,9.205218315124512,ok
LA_D_2862464,14.209147453308105,14.222033500671387,ok
LA_D_2862862,11.038833618164062,11.081177711486816,ok
LA_D_2863133,-12.309146881103516,-12.315279960632324,ok
LA_D_2863900,12.868927001953125,12.876133918762207,ok
LA_D_2864137,12.663605690002441,12.678887367248535,ok
LA_D_2864689,6.568249225616455,6.56988525390625,ok
LA_D_2866362,18.094707489013672,18.123445510864258,ok
LA_D_2866947,-11.485979080200195,-11.500632286071777,ok
LA_D_2866949,14.994507789611816,15.014573097229004,ok
LA_D_2867530,14.929408073425293,14.938421249389648,ok
LA_D_2868405,17.660093307495117,17.6905574798584,ok
LA_D_2868410,17.98809051513672,18.075265884399414,ok
LA_D_2868921,2.9389045238494873,2.9572911262512207,ok
LA_D_2869692,17.137861251831055,17.262203216552734,ok
LA_D_2869838,13.12928295135498,13.129023551940918,ok
LA_D_2870458,14.964871406555176,14.97286319732666,ok
LA_D_2870777,7.807684421539307,7.8134965896606445,ok
LA_D_2871536,8.165714263916016,8.16688346862793,ok
LA_D_2872359,13.951377868652344,13.952165603637695,ok
LA_D_2872772,9.839349746704102,9.861237525939941,ok
LA_D_2873975,18.024030685424805,18.030080795288086,ok
LA_D_2874104,15.339417457580566,15.381190299987793,ok
LA_D_2874107,13.696327209472656,13.70284366607666,ok
LA_D_2874951,19.157243728637695,19.255062103271484,ok
LA_D_2875270,20.9022159576416,20.908126831054688,ok
LA_D_2876241,13.48703384399414,13.485915184020996,ok
LA_D_2876938,14.903264999389648,14.955714225769043,ok
LA_D_2877032,13.898139953613281,13.900989532470703,ok
LA_D_2877891,15.828337669372559,15.88761043548584,ok
LA_D_2878270,22.90574073791504,22.919687271118164,ok
LA_D_2878681,11.927204132080078,11.945454597473145,ok
LA_D_2878966,13.054142951965332,13.05734920501709,ok
LA_D_2879784,13.567757606506348,13.601584434509277,ok
LA_D_2879814,11.484700202941895,11.484335899353027,ok
LA_D_2880430,15.439467430114746,15.464805603027344,ok
LA_D_2880781,10.829448699951172,10.831589698791504,ok
LA_D_2881171,19.624439239501953,19.621736526489258,ok
LA_D_2881179,16.685218811035156,16.68906021118164,ok
LA_D_2882773,21.638042449951172,21.6390380859375,ok
LA_D_2883720,14.497068405151367,14.497004508972168,ok
LA_D_2884464,15.556367874145508,15.635245323181152,ok
LA_D_2884522,-10.991301536560059,-10.993755340576172,ok
LA_D_2884632,12.537874221801758,12.54780101776123,ok
LA_D_2885274,15.581022262573242,15.595269203186035,ok
LA_D_2885606,15.064706802368164,15.078812599182129,ok
LA_D_2886143,10.226624488830566,10.255061149597168,ok
LA_D_2887586,14.174113273620605,14.183987617492676,ok
LA_D_2887628,13.358649253845215,13.364729881286621,ok
LA_D_2888191,14.279777526855469,14.29207706451416,ok
LA_D_2888387,17.603837966918945,17.628103256225586,ok
LA_D_2888561,12.448702812194824,12.46036434173584,ok
LA_D_2888596,11.547432899475098,11.571267127990723,ok
LA_D_2888827,11.935053825378418,11.935975074768066,ok
LA_D_2888854,11.409903526306152,11.416583061218262,ok
LA_D_2889500,17.405353546142578,17.42081069946289,ok
LA_D_2889881,22.714826583862305,22.71503257751465,ok
LA_D_2890608,11.924599647521973,11.961180686950684,ok
LA_D_2892419,18.77328872680664,18.7852725982666,ok
LA_D_2893126,16.86743927001953,16.903566360473633,ok
LA_D_2895802,-14.741632461547852,-14.793726921081543,ok
LA_D_2895937,11.797478675842285,11.79843807220459,ok
LA_D_2895942,13.147770881652832,13.16191577911377,ok
LA_D_2896082,-9.907078742980957,-9.931890487670898,ok
LA_D_2896219,14.685189247131348,14.70325756072998,ok
LA_D_2896345,-11.255247116088867,-11.261992454528809,ok
LA_D_2897075,15.503363609313965,15.503289222717285,ok
LA_D_2899054,9.857510566711426,9.876311302185059,ok
LA_D_2901718,13.69148063659668,13.704255104064941,ok
LA_D_2902556,11.449873924255371,11.457061767578125,ok
LA_D_2903458,12.332001686096191,12.362920761108398,ok
LA_D_2905137,14.958600997924805,14.981884956359863,ok
LA_D_2905424,-11.572490692138672,-11.57435417175293,ok
LA_D_2906326,10.605486869812012,10.652095794677734,ok
LA_D_2906873,-9.309316635131836,-9.310925483703613,ok
LA_D_2907481,16.394630432128906,16.445941925048828,ok
LA_D_2907952,15.375473022460938,15.423002243041992,ok
LA_D_2908532,15.800092697143555,15.806373596191406,ok
LA_D_2909263,13.686277389526367,13.689030647277832,ok
LA_D_2909551,11.166694641113281,11.17694091796875,ok
LA_D_2910262,10.46001148223877,10.478516578674316,ok
LA_D_2912682,13.977726936340332,14.005095481872559,ok
LA_D_2914985,15.217577934265137,15.231650352478027,ok
LA_D_2915405,9.670710563659668,9.672574996948242,ok
LA_D_2915994,10.290470123291016,10.290663719177246,ok
LA_D_2916024,-12.698782920837402,-12.699612617492676,ok
LA_D_2916691,14.333542823791504,14.38289737701416,ok
LA_D_2917041,14.4135103225708,14.45748233795166,ok
LA_D_2918223,22.60553550720215,22.664369583129883,ok
LA_D_2919741,7.4228901863098145,7.451085090637207,ok
LA_D_2920207,20.924339294433594,20.969518661499023,ok
LA_D_2920298,13.065651893615723,13.099796295166016,ok
LA_D_2920588,2.970139980316162,2.96814227104187,ok
LA_D_2921930,15.632163047790527,15.674299240112305,ok
LA_D_2921952,15.270217895507812,15.271529197692871,ok
LA_D_2922852,13.513300895690918,13.518048286437988,ok
LA_D_2923426,-13.056303977966309,-13.05738353729248,ok
LA_D_2923476,14.234606742858887,14.23628044128418,ok
LA_D_2923622,14.085739135742188,14.09243106842041,ok
LA_D_2924504,-10.81234073638916,-10.825799942016602,ok
LA_D_2925315,16.37629508972168,16.49627113342285,ok
LA_D_2925498,18.182159423828125,18.230998992919922,ok
LA_D_2925553,14.797021865844727,14.8046236038208,ok
LA_D_2928032,18.983354568481445,18.985153198242188,ok
LA_D_2928444,19.514263153076172,19.703447341918945,ok
LA_D_2929910,17.146299362182617,17.166223526000977,ok
LA_D_2931790,14.970704078674316,14.983290672302246,ok
LA_D_2933176,14.005556106567383,14.03538990020752,ok
LA_D_2933330,18.467626571655273,18.47865104675293,ok
LA_D_2933367,16.372182846069336,16.376882553100586,ok
LA_D_2933402,14.74647331237793,14.7697172164917,ok
LA_D_2934273,15.309548377990723,15.318410873413086,ok
LA_D_2934981,-14.46023178100586,-14.46188735961914,ok
LA_D_2938296,13.220882415771484,13.224627494812012,ok
LA_D_2938883,10.208362579345703,10.211398124694824,ok
LA_D_2939024,16.185388565063477,16.1914005279541,ok
LA_D_2939086,22.07008934020996,22.097505569458008,ok
LA_D_2939133,16.83206558227539,16.87917137145996,ok
LA_D_2940135,15.901037216186523,15.95707893371582,ok
LA_D_2940539,15.714634895324707,15.801141738891602,ok
LA_D_2940992,6.829862117767334,6.834590911865234,ok
LA_D_2941369,15.099003791809082,15.1117525100708,ok
LA_D_2942585,20.000995635986328,20.058889389038086,ok
LA_D_2943031,7.431168079376221,7.43428897857666,ok
LA_D_2943221,13.327593803405762,13.329689979553223,ok
LA_D_2943260,-13.382648468017578,-13.40976619720459,ok
LA_D_2943983,20.65741539001465,20.68491554260254,ok
LA_D_2945771,12.570699691772461,12.58635139465332,ok
LA_D_2946273,13.88247013092041,13.889242172241211,ok
LA_D_2946840,12.913019180297852,12.926591873168945,ok
LA_D_2946958,-10.558276176452637,-10.561053276062012,ok
LA_D_2948723,13.493885040283203,13.515158653259277,ok
LA_D_2949120,12.887602806091309,12.894370079040527,ok
LA_D_2949516,13.505467414855957,13.530374526977539,ok
LA_D_2950326,16.938899993896484,16.941162109375,ok
LA_D_2950518,17.728660583496094,17.764047622680664,ok
LA_D_2950820,9.292746543884277,9.29419994354248,ok
LA_D_2951507,10.459162712097168,10.4668607711792,ok
LA_D_2956552,13.891655921936035,13.927692413330078,ok
LA_D_2956834,13.712825775146484,13.733208656311035,ok
LA_D_2957996,14.692519187927246,14.727883338928223,ok
LA_D_2958095,13.618762969970703,13.632391929626465,ok
LA_D_2958099,15.723731994628906,15.72930908203125,ok
LA_D_2959609,20.696523666381836,20.749731063842773,ok
LA_D_2960332,14.975153923034668,14.976092338562012,ok
LA_D_2962271,14.140625953674316,14.161759376525879,ok
LA_D_2962430,14.925803184509277,14.95377254486084,ok
LA_D_2963867,10.771915435791016,10.806013107299805,ok
LA_D_2964456,16.433303833007812,16.443449020385742,ok
LA_D_2964886,13.497471809387207,13.523951530456543,ok
LA_D_2964992,12.762100219726562,12.776686668395996,ok
LA_D_2966111,11.554441452026367,11.554075241088867,ok
LA_D_2966463,15.978008270263672,15.992465019226074,ok
LA_D_2968040,18.514301300048828,18.5413818359375,ok
LA_D_2968176,19.03938865661621,19.048185348510742,ok
LA_D_2969521,12.277030944824219,12.286051750183105,ok
LA_D_2970295,12.251771926879883,12.252035140991211,ok
LA_D_2970964,15.290140151977539,15.299723625183105,ok
LA_D_2971299,17.179431915283203,17.194936752319336,ok
LA_D_2971908,13.601049423217773,13.634439468383789,ok
LA_D_2973882,11.609400749206543,11.6151704788208,ok
LA_D_2974704,13.879744529724121,13.878693580627441,ok
LA_D_2975584,14.492548942565918,14.503198623657227,ok
LA_D_2976553,-0.47082334756851196,-0.47125735878944397,ok
LA_D_2977005,-12.32478141784668,-12.441607475280762,ok
LA_D_2977245,9.173013687133789,9.184144020080566,ok
LA_D_2977454,16.580215454101562,16.591798782348633,ok
LA_D_2977725,18.227052688598633,18.228240966796875,ok
LA_D_2977892,-11.091721534729004,-11.094046592712402,ok
LA_D_2977895,19.147354125976562,19.166858673095703,ok
LA_D_2979011,-10.042486190795898,-10.042732238769531,ok
LA_D_2979369,11.863565444946289,11.86857795715332,ok
LA_D_2981298,18.358686447143555,18.365331649780273,ok
LA_D_2981561,9.122945785522461,9.12537956237793,ok
LA_D_2981790,18.67156982421875,18.715242385864258,ok
LA_D_2982066,19.35905647277832,19.683656692504883,ok
LA_D_2983374,13.468575477600098,13.494410514831543,ok
LA_D_2983401,15.289213180541992,15.319584846496582,ok
LA_D_2984362,15.134407997131348,15.165118217468262,ok
LA_D_2984512,20.857816696166992,20.89393424987793,ok
LA_D_2985114,12.418268203735352,12.462817192077637,ok
LA_D_2985329,13.641878128051758,13.666003227233887,ok
LA_D_2986383,15.226621627807617,15.236015319824219,ok
LA_D_2986907,11.908726692199707,11.965106010437012,ok
LA_D_2986975,14.5301513671875,14.532594680786133,ok
LA_D_2987481,15.370251655578613,15.374423027038574,ok
LA_D_2987509,15.341794967651367,15.367074012756348,ok
LA_D_2989479,-15.290163040161133,-15.306221961975098,ok
LA_D_2990184,10.597159385681152,10.597896575927734,ok
LA_D_2990459,13.621014595031738,13.683667182922363,ok
LA_D_2991252,11.66442584991455,11.677655220031738,ok
LA_D_2991667,-12.830636024475098,-12.884961128234863,ok
LA_D_2993148,16.03946304321289,16.04682159423828,ok
LA_D_2993864,17.315950393676758,17.31633758544922,ok
LA_D_2996584,-13.68610668182373,-13.717942237854004,ok
LA_D_2997155,15.277565002441406,15.31432819366455,ok
LA_D_2997217,13.34291934967041,13.34751033782959,ok
LA_D_2998083,10.253923416137695,10.258585929870605,ok
LA_D_2999032,13.959779739379883,13.96142578125,ok
LA_D_2999196,9.758378028869629,9.764395713806152,ok
LA_D_2999262,8.271942138671875,8.279179573059082,ok
LA_D_2999694,13.424139976501465,13.431408882141113,ok
LA_D_2999774,12.529644012451172,12.5409517288208,ok
LA_D_3003454,11.644339561462402,11.65050983428955,ok
LA_D_3004195,12.867119789123535,12.867605209350586,ok
LA_D_3004327,11.798396110534668,11.809000015258789,ok
LA_D_3004782,12.15286636352539,12.155770301818848,ok
LA_D_3004811,13.019950866699219,13.026785850524902,ok
LA_D_3004845,9.583799362182617,9.584183692932129,ok
LA_D_3005942,-14.21318531036377,-14.221273422241211,ok
LA_D_3006014,10.068450927734375,10.078795433044434,ok
LA_D_3007029,13.70959186553955,13.70932388305664,ok
LA_D_3007276,15.045842170715332,15.14858627319336,ok
LA_D_3009969,10.463944435119629,10.463790893554688,ok
LA_D_3010559,6.024871349334717,6.0254316329956055,ok
LA_D_3010789,15.946494102478027,15.969466209411621,ok
LA_D_3012833,14.37199878692627,14.412142753601074,ok
LA_D_3013009,7.76812219619751,7.802215576171875,ok
LA_D_3014327,15.208488464355469,15.211915016174316,ok
LA_D_3014451,15.892167091369629,15.92432975769043,ok
LA_D_3015288,19.200700759887695,19.25860023498535,ok
LA_D_3015558,14.382852554321289,14.389433860778809,ok
LA_D_3015714,17.819875717163086,17.842287063598633,ok
LA_D_3015735,4.932803630828857,4.977760314941406,ok
LA_D_3017121,11.762198448181152,11.780224800109863,ok
LA_D_3018635,-13.518974304199219,-13.5593900680542,ok
LA_D_3019114,5.972816467285156,5.96712589263916,ok
LA_D_3019929,13.552900314331055,13.575422286987305,ok
LA_D_3020621,8.501447677612305,8.497551918029785,ok
LA_D_3025684,-14.502663612365723,-14.515908241271973,ok
LA_D_3027137,12.420222282409668,12.428110122680664,ok
LA_D_3027433,9.485394477844238,9.545573234558105,ok
LA_D_3029021,-15.166837692260742,-15.170682907104492,ok
LA_D_3030929,5.631242752075195,5.636380672454834,ok
LA_D_3033254,10.05691909790039,10.056988716125488,ok
LA_D_3034938,14.663908004760742,14.681034088134766,ok
LA_D_3035741,21.26763153076172,21.315309524536133,ok
LA_D_3036760,14.872365951538086,14.873957633972168,ok
LA_D_3038261,14.623444557189941,14.663627624511719,ok
LA_D_3038598,15.763504981994629,15.770400047302246,ok
LA_D_3039018,15.709670066833496,15.73776912689209,ok
LA_D_3039122,13.856877326965332,13.897921562194824,ok
LA_D_3039159,15.622876167297363,15.65529727935791,ok
LA_D_3039424,-13.214066505432129,-13.229666709899902,ok
LA_D_3040572,13.117985725402832,13.130148887634277,ok
LA_D_3040717,14.02429485321045,14.024622917175293,ok
LA_D_3043536,19.145822525024414,19.203643798828125,ok
LA_D_3044379,-13.858187675476074,-13.862835884094238,ok
LA_D_3045712,16.83159065246582,16.861623764038086,ok
LA_D_3046025,13.74473762512207,13.75816822052002,ok
LA_D_3047959,14.673008918762207,14.675515174865723,ok
LA_D_3048061,15.451279640197754,15.50564956665039,ok
LA_D_3048577,23.382104873657227,23.468942642211914,ok
LA_D_3049487,15.011707305908203,15.043730735778809,ok
LA_D_3049880,14.766983032226562,14.76708984375,ok
LA_D_3049992,18.403825759887695,18.43068504333496,ok
LA_D_3050700,14.02269172668457,14.066457748413086,ok
LA_D_3051172,13.572992324829102,13.61463451385498,ok
LA_D_3051445,12.078251838684082,12.09426212310791,ok
LA_D_3051718,-13.434629440307617,-13.441329002380371,ok
LA_D_3051998,14.214566230773926,14.213250160217285,ok
LA_D_3053264,-13.812331199645996,-13.82434368133545,ok
LA_D_3053606,15.196537017822266,15.210442543029785,ok
LA_D_3054411,11.506001472473145,11.518719673156738,ok
LA_D_3054881,11.499135971069336,11.50344181060791,ok
LA_D_3055819,11.899514198303223,11.909388542175293,ok
LA_D_3056214,14.627359390258789,14.628583908081055,ok
LA_D_3057414,18.513769149780273,18.54396629333496,ok
LA_D_3057445,11.447157859802246,11.450532913208008,ok
LA_D_3057475,12.378162384033203,12.389120101928711,ok
LA_D_3057551,12.376290321350098,12.402615547180176,ok
LA_D_3057901,19.390958786010742,19.50102424621582,ok
LA_D_3059648,13.853575706481934,13.874726295471191,ok
LA_D_3060623,15.716357231140137,15.749184608459473,ok
LA_D_3061050,-12.497515678405762,-12.50369930267334,ok
LA_D_3061471,-3.045368194580078,-3.049010753631592,ok
LA_D_3062025,-13.820489883422852,-13.836028099060059,ok
LA_D_3062235,13.929611206054688,13.944539070129395,ok
LA_D_3063506,12.950745582580566,12.963500022888184,ok
LA_D_3064595,-11.862462043762207,-11.871404647827148,ok
LA_D_3065072,15.2877779006958,15.293326377868652,ok
LA_D_3065174,10.705428123474121,10.72913932800293,ok
LA_D_3065517,13.284790992736816,13.285246849060059,ok
LA_D_3067742,20.559757232666016,20.564292907714844,ok
LA_D_3068570,13.746726989746094,13.788655281066895,ok
LA_D_3068710,13.455659866333008,13.471641540527344,ok
LA_D_3069822,15.454954147338867,15.480792045593262,ok
LA_D_3070334,10.016209602355957,10.029319763183594,ok
LA_D_3072540,16.471965789794922,16.510032653808594,ok
LA_D_3074985,-6.9500532150268555,-6.959075450897217,ok
LA_D_3075008,13.500800132751465,13.504501342773438,ok
LA_D_3075527,13.635376930236816,13.667218208312988,ok
LA_D_3075580,-6.209174633026123,-6.217552185058594,ok
LA_D_3077475,14.32741928100586,14.328091621398926,ok
LA_D_3078454,14.60445785522461,14.615556716918945,ok
LA_D_3078486,17.213346481323242,17.23195457458496,ok
LA_D_3079418,17.199787139892578,17.23967170715332,ok
LA_D_3080108,-14.574286460876465,-14.611105918884277,ok
LA_D_3080340,18.657066345214844,18.68154525756836,ok
LA_D_3081705,11.462953567504883,11.466753959655762,ok
LA_D_3081777,11.766526222229004,11.768867492675781,ok
LA_D_3082988,10.462157249450684,10.549722671508789,ok
LA_D_3083417,17.6295223236084,17.632295608520508,ok
LA_D_3084091,14.55801010131836,14.56651782989502,ok
LA_D_3084288,16.748380661010742,16.84800148010254,ok
LA_D_3084702,-7.6596574783325195,-7.767861843109131,ok
LA_D_3085915,14.290359497070312,14.318646430969238,ok
LA_D_3087285,8.611915588378906,8.612041473388672,ok
LA_D_3087310,19.371580123901367,19.3731689453125,ok
LA_D_3087575,12.83956527709961,12.887118339538574,ok
LA_D_3087684,18.89577293395996,18.927297592163086,ok
LA_D_3087814,14.329747200012207,14.394336700439453,ok
LA_D_3088084,10.682639122009277,10.682724952697754,ok
LA_D_3089498,14.247854232788086,14.26566219329834,ok
LA_D_3090097,13.607400894165039,13.613929748535156,ok
LA_D_3090466,16.496715545654297,16.597246170043945,ok
LA_D_3090583,12.283931732177734,12.293614387512207,ok
LA_D_3092472,15.822303771972656,15.899859428405762,ok
LA_D_3092700,13.476056098937988,13.543293952941895,ok
LA_D_3092822,17.90373992919922,17.950170516967773,ok
LA_D_3093185,16.974271774291992,17.030054092407227,ok
LA_D_3093534,12.916412353515625,12.96484661102295,ok
LA_D_3094177,4.641839027404785,4.642105579376221,ok
LA_D_3094249,16.99418067932129,17.08241844177246,ok
LA_D_3094853,14.178482055664062,14.183350563049316,ok
LA_D_3094874,17.852375030517578,17.89449691772461,ok
LA_D_3097956,14.69347858428955,14.7047758102417,ok
LA_D_3098960,13.3941068649292,13.41447639465332,ok
LA_D_3100616,-15.23936653137207,-15.251110076904297,ok
LA_D_3100634,9.548238754272461,9.550179481506348,ok
LA_D_3101356,14.696386337280273,14.714287757873535,ok
LA_D_3101861,16.861751556396484,16.86644172668457,ok
LA_D_3101866,9.687810897827148,9.687810897827148,ok
LA_D_3104226,14.271950721740723,14.278326988220215,ok
LA_D_3104504,19.33894920349121,19.388547897338867,ok
LA_D_3104950,20.49566650390625,20.555110931396484,ok
LA_D_3105314,17.535690307617188,17.7048397064209,ok
LA_D_3106011,15.022459030151367,15.038385391235352,ok
LA_D_3106089,13.7201566696167,13.732597351074219,ok
LA_D_3106372,8.336695671081543,8.344645500183105,ok
LA_D_3106519,15.485552787780762,15.573783874511719,ok
LA_D_3107692,14.561384201049805,14.626044273376465,ok
LA_D_3109173,12.428025245666504,12.436148643493652,ok
LA_D_3109309,14.012029647827148,14.038122177124023,ok
LA_D_3109683,11.006651878356934,11.0072603225708,ok
LA_D_3109792,12.948307991027832,12.990849494934082,ok
LA_D_3111133,10.586310386657715,10.597846031188965,ok
LA_D_3112339,14.015006065368652,14.035276412963867,ok
LA_D_3112824,10.867215156555176,10.889697074890137,ok
LA_D_3113300,10.718705177307129,10.72421932220459,ok
LA_D_3113314,0.9262796640396118,0.920356273651123,ok
LA_D_3113412,12.109526634216309,12.130431175231934,ok
LA_D_3113960,15.18897819519043,15.208954811096191,ok
LA_D_3114167,16.56980323791504,16.584760665893555,ok
LA_D_3114677,18.086849212646484,18.092206954956055,ok
LA_D_3114938,11.050182342529297,11.050366401672363,ok
LA_D_3115301,11.027058601379395,11.065999031066895,ok
LA_D_3115572,12.174891471862793,12.193625450134277,ok
LA_D_3115590,13.344399452209473,13.397089958190918,ok
LA_D_3115750,13.257593154907227,13.25212574005127,ok
LA_D_3116201,-14.330432891845703,-14.35348892211914,ok
LA_D_3116504,8.607064247131348,8.60804271697998,ok
LA_D_3116736,11.082140922546387,11.077901840209961,ok
LA_D_3117119,-13.107784271240234,-13.109593391418457,ok
LA_D_3117274,12.39525318145752,12.395256996154785,ok
LA_D_3117454,17.437314987182617,17.450410842895508,ok
LA_D_3117655,13.081178665161133,13.093123435974121,ok
LA_D_3118362,20.125211715698242,20.146631240844727,ok
LA_D_3118975,13.880451202392578,13.908429145812988,ok
LA_D_3119133,18.89815902709961,18.904020309448242,ok
LA_D_3119195,12.439248085021973,12.438387870788574,ok
LA_D_3119853,10.270179748535156,10.27049732208252,ok
LA_D_3121037,16.042808532714844,16.07533836364746,ok
LA_D_3121066,2.939857006072998,2.9563403129577637,ok
LA_D_3122174,6.994029521942139,6.975051403045654,ok
LA_D_3122333,17.467622756958008,17.82204818725586,ok
LA_D_3122510,-15.139535903930664,-15.146201133728027,ok
LA_D_3124216,14.249722480773926,14.25760555267334,ok
LA_D_3124251,-11.516855239868164,-11.520289421081543,ok
LA_D_3124864,18.108957290649414,18.114442825317383,ok
LA_D_3126147,13.198780059814453,13.201066017150879,ok
LA_D_3128008,15.99112606048584,16.023799896240234,ok
LA_D_3128163,16.316650390625,16.324033737182617,ok
LA_D_3129767,12.579570770263672,12.583908081054688,ok
LA_D_3129833,16.386337280273438,16.38957405090332,ok
LA_D_3129993,13.409707069396973,13.420127868652344,ok
LA_D_3130241,11.658499717712402,11.701221466064453,ok
LA_D_3130414,12.348420143127441,12.357327461242676,ok
LA_D_3130678,12.757220268249512,12.759073257446289,ok
LA_D_3131527,17.26530647277832,17.300622940063477,ok
LA_D_3132921,11.641124725341797,11.639702796936035,ok
LA_D_3133562,17.537872314453125,17.555007934570312,ok
LA_D_3134629,10.432687759399414,10.466012001037598,ok
LA_D_3135599,9.909711837768555,9.909283638000488,ok
LA_D_3135627,16.461883544921875,16.46394920349121,ok
LA_D_3135628,13.097306251525879,13.105504035949707,ok
LA_D_3136384,16.72278594970703,16.740413665771484,ok
LA_D_3138020,12.458999633789062,12.46115779876709,ok
LA_D_3138080,8.361405372619629,8.359784126281738,ok
LA_D_3139557,14.926252365112305,14.964631080627441,ok
LA_D_3140567,13.079833030700684,13.130199432373047,ok
LA_D_3141028,13.784348487854004,13.785122871398926,ok
LA_D_3142727,14.548893928527832,14.552130699157715,ok
LA_D_3143593,14.276504516601562,14.28942584991455,ok
LA_D_3144395,10.339006423950195,10.343836784362793,ok
LA_D_3144485,15.064178466796875,15.082605361938477,ok
LA_D_3144528,18.186138153076172,18.220067977905273,ok
LA_D_3144655,9.900251388549805,9.914448738098145,ok
LA_D_3145865,14.79644775390625,14.796510696411133,ok
LA_D_3146791,14.359251976013184,14.42044448852539,ok
LA_D_3148237,18.2432918548584,18.308265686035156,ok
LA_D_3149229,15.221305847167969,15.235396385192871,ok
LA_D_3150054,15.797904014587402,15.871819496154785,ok
LA_D_3150169,11.999407768249512,12.064471244812012,ok
LA_D_3150235,-12.971269607543945,-12.97527027130127,ok
LA_D_3150295,11.979320526123047,11.98041820526123,ok
LA_D_3150574,18.675121307373047,18.721818923950195,ok
LA_D_3150612,15.114694595336914,15.120311737060547,ok
LA_D_3151652,12.834016799926758,12.859639167785645,ok
LA_D_3151881,15.696117401123047,15.719409942626953,ok
LA_D_3152954,16.072633743286133,16.09079933166504,ok
LA_D_3153050,8.91351318359375,8.914435386657715,ok
LA_D_3153699,15.057760238647461,15.095597267150879,ok
LA_D_3154368,-13.634382247924805,-13.64335823059082,ok
LA_D_3154837,15.242324829101562,15.246832847595215,ok
LA_D_3157175,20.051183700561523,20.08612823486328,ok
LA_D_3158494,8.282971382141113,8.34763240814209,ok
LA_D_3158600,13.453030586242676,13.45589542388916,ok
LA_D_3158608,14.55084228515625,14.551146507263184,ok
LA_D_3158956,12.999551773071289,13.05439567565918,ok
LA_D_3159204,16.14246368408203,16.142484664916992,ok
LA_D_3162269,14.902592658996582,14.927773475646973,ok
LA_D_3162441,17.459228515625,17.46334457397461,ok
LA_D_3163081,14.681278228759766,14.774965286254883,ok
LA_D_3163255,-12.036754608154297,-12.0419340133667,ok
LA_D_3163751,17.311283111572266,17.311674118041992,ok
LA_D_3164806,14.192427635192871,14.198716163635254,ok
LA_D_3165659,10.779359817504883,10.787373542785645,ok
LA_D_3169361,20.167478561401367,20.198286056518555,ok
LA_D_3169410,-12.389580726623535,-12.411603927612305,ok
LA_D_3169991,17.02610969543457,17.031522750854492,ok
LA_D_3170323,1.6793794631958008,1.6769570112228394,ok
LA_D_3170420,-14.102328300476074,-14.11894702911377,ok
LA_D_3171047,2.6923272609710693,2.6933364868164062,ok
LA_D_3171199,9.71201229095459,9.713740348815918,ok
LA_D_3171725,16.207897186279297,16.258310317993164,ok
LA_D_3173565,17.75660514831543,17.82133674621582,ok
LA_D_3174145,6.552443981170654,6.6464152336120605,ok
LA_D_3174960,11.884469032287598,12.058362007141113,ok
LA_D_3174998,-8.873064041137695,-8.960550308227539,ok
LA_D_3176069,12.515361785888672,12.53218936920166,ok
LA_D_3176378,9.22371768951416,9.224875450134277,ok
LA_D_3176946,17.97633934020996,18.001953125,ok
LA_D_3176978,13.792470932006836,13.805865287780762,ok
LA_D_3177701,11.514476776123047,11.51469898223877,ok
LA_D_3177863,16.79014778137207,16.799413681030273,ok
LA_D_3178726,11.958629608154297,12.034781455993652,ok
LA_D_3179260,14.982278823852539,15.008467674255371,ok
LA_D_3179309,16.45911979675293,16.474618911743164,ok
LA_D_3179337,15.096351623535156,15.111954689025879,ok
LA_D_3179951,12.939833641052246,12.95042896270752,ok
LA_D_3180081,13.603455543518066,13.639636039733887,ok
LA_D_3180411,15.011499404907227,15.029226303100586,ok
LA_D_3182064,9.560385704040527,9.590576171875,ok
LA_D_3183800,11.744451522827148,11.770451545715332,ok
LA_D_3184170,12.907976150512695,12.975290298461914,ok
LA_D_3184245,19.121274948120117,19.125410079956055,ok
LA_D_3184350,10.709136009216309,10.708966255187988,ok
LA_D_3184698,16.22698974609375,16.31084632873535,ok
LA_D_3186042,7.664730548858643,7.66368293762207,ok
LA_D_3186776,16.605100631713867,16.617027282714844,ok
LA_D_3187395,11.403868675231934,11.407496452331543,ok
LA_D_3188234,13.536288261413574,13.5689058303833,ok
LA_D_3189890,15.172630310058594,15.177462577819824,ok
LA_D_3192629,14.271939277648926,14.272149085998535,ok
LA_D_3193424,17.851972579956055,17.858930587768555,ok
LA_D_3194286,-9.961623191833496,-9.97298526763916,ok
LA_D_3194587,17.97750473022461,18.1882266998291,ok
LA_D_3195295,15.767419815063477,15.825840950012207,ok
LA_D_3195614,21.993515014648438,22.042940139770508,ok
LA_D_3197490,13.310572624206543,13.318744659423828,ok
LA_D_3197569,12.429113388061523,12.429073333740234,ok
LA_D_3197572,16.3870792388916,16.41455841064453,ok
LA_D_3197929,15.75341510772705,15.778607368469238,ok
LA_D_3198087,-15.045280456542969,-15.05440616607666,ok
LA_D_3198381,13.91952133178711,13.937100410461426,ok
LA_D_3198699,14.724727630615234,14.737466812133789,ok
LA_D_3199021,16.047771453857422,16.069808959960938,ok
LA_D_3199741,11.761346817016602,11.77465534210205,ok
LA_D_3200206,16.19434356689453,16.209516525268555,ok
LA_D_3200727,19.75564193725586,19.78618049621582,ok
LA_D_3203561,17.150545120239258,17.19443130493164,ok
LA_D_3204150,9.78961181640625,9.792317390441895,ok
LA_D_3204366,11.106712341308594,11.113499641418457,ok
LA_D_3205024,7.916119575500488,7.924135684967041,ok
LA_D_3205671,-13.7725191116333,-13.779243469238281,ok
LA_D_3207501,16.58161163330078,16.58678436279297,ok
LA_D_3207833,15.306705474853516,15.331998825073242,ok
LA_D_3210739,-8.006653785705566,-8.009425163269043,ok
LA_D_3211269,14.367783546447754,14.378405570983887,ok
LA_D_3211293,18.50948143005371,18.55316925048828,ok
LA_D_3211435,-15.873992919921875,-15.88626766204834,ok
LA_D_3211572,16.5234432220459,16.528812408447266,ok
LA_D_3212454,13.108665466308594,13.142340660095215,ok
LA_D_3213386,14.061060905456543,14.063565254211426,ok
LA_D_3213920,18.1782283782959,18.20473289489746,ok
LA_D_3215318,12.178884506225586,12.182295799255371,ok
LA_D_3217329,13.763272285461426,13.786015510559082,ok
LA_D_3217409,16.23137664794922,16.238126754760742,ok
LA_D_3220081,12.94437313079834,12.950577735900879,ok
LA_D_3220337,15.232104301452637,15.236536979675293,ok
LA_D_3222129,16.390056610107422,16.40272331237793,ok
LA_D_3224671,-13.86977481842041,-13.89778995513916,ok
LA_D_3224812,9.434099197387695,9.434110641479492,ok
LA_D_3225529,13.769157409667969,13.793946266174316,ok
LA_D_3226074,14.634831428527832,14.649916648864746,ok
LA_D_3226693,15.563426971435547,15.588944435119629,ok
LA_D_3227446,16.61214256286621,16.62297248840332,ok
LA_D_3228132,20.12372589111328,20.131990432739258,ok
LA_D_3228176,10.904805183410645,10.927287101745605,ok
LA_D_3229118,13.769796371459961,13.782562255859375,ok
LA_D_3229215,-11.55785846710205,-11.565974235534668,ok
LA_D_3229435,13.9339017868042,13.934874534606934,ok
LA_D_3230643,17.86156463623047,17.92600440979004,ok
LA_D_3230806,15.563885688781738,15.57312297821045,ok
LA_D_3230838,15.076604843139648,15.124695777893066,ok
LA_D_3231093,16.313318252563477,16.34527587890625,ok
LA_D_3232132,5.988532543182373,5.9897308349609375,ok
LA_D_3232533,10.626153945922852,10.625996589660645,ok
LA_D_3233282,17.575075149536133,17.58753776550293,ok
LA_D_3233966,-14.30297565460205,-14.30686092376709,ok
LA_D_3239072,14.023824691772461,14.0720796585083,ok
LA_D_3241180,13.007025718688965,13.039978981018066,ok
LA_D_3242114,8.89583969116211,8.8954496383667,ok
LA_D_3242439,10.265615463256836,10.261722564697266,ok
LA_D_3242739,12.918325424194336,12.918976783752441,ok
LA_D_3243106,12.070242881774902,12.110745429992676,ok
LA_D_3243854,16.72760009765625,16.738040924072266,ok
LA_D_3244196,12.213810920715332,12.266345024108887,ok
LA_D_3244618,17.083499908447266,17.12696647644043,ok
LA_D_3244699,12.9461030960083,12.958209037780762,ok
LA_D_3245031,13.463462829589844,13.464859962463379,ok
LA_D_3246218,11.166990280151367,11.19905948638916,ok
LA_D_3247685,-13.588449478149414,-13.629467964172363,ok
LA_D_3248074,10.058455467224121,10.058459281921387,ok
LA_D_3248256,15.695633888244629,15.718634605407715,ok
LA_D_3248319,10.647849082946777,10.702303886413574,ok
LA_D_3248547,18.07978630065918,18.0803279876709,ok
LA_D_3249077,15.405472755432129,15.416884422302246,ok
LA_D_3249552,-12.497750282287598,-12.522926330566406,ok
LA_D_3250253,-14.558321952819824,-14.570660591125488,ok
LA_D_3250407,17.576099395751953,17.62326431274414,ok
LA_D_3250607,15.122977256774902,15.122800827026367,ok
LA_D_3250830,-14.434505462646484,-14.448983192443848,ok
LA_D_3251058,-16.854761123657227,-16.862642288208008,ok
LA_D_3251211,12.185527801513672,12.1864013671875,ok
LA_D_3251300,16.352859497070312,16.352441787719727,ok
LA_D_3253942,-12.185306549072266,-12.185689926147461,ok
LA_D_3254201,9.561568260192871,9.561227798461914,ok
LA_D_3255096,9.349640846252441,9.384708404541016,ok
LA_D_3255789,0.9222370386123657,0.9330589175224304,ok
LA_D_3256090,7.098268032073975,7.103257179260254,ok
LA_D_3256092,11.961160659790039,11.959555625915527,ok
LA_D_3257808,7.3112640380859375,7.376070499420166,ok
LA_D_3258000,13.574472427368164,13.595088005065918,ok
LA_D_3258501,-13.367535591125488,-13.38880729675293,ok
LA_D_3259137,17.424983978271484,17.435380935668945,ok
LA_D_3260123,14.701634407043457,14.8849515914917,ok
LA_D_3260640,14.345815658569336,14.352436065673828,ok
LA_D_3260902,13.094644546508789,13.09570598602295,ok
LA_D_3261219,14.731021881103516,14.738117218017578,ok
LA_D_3262859,-9.806715965270996,-9.897086143493652,ok
LA_D_3263334,17.839521408081055,17.852096557617188,ok
LA_D_3263579,13.899160385131836,13.905940055847168,ok
LA_D_3264696,-12.96189022064209,-12.970155715942383,ok
LA_D_3266246,12.435394287109375,12.504805564880371,ok
LA_D_3266553,13.325498580932617,13.327643394470215,ok
LA_D_3268836,-10.263898849487305,-10.271964073181152,ok
LA_D_3269593,17.231449127197266,17.25297737121582,ok
LA_D_3273302,17.69777488708496,17.743703842163086,ok
LA_D_3273842,13.030810356140137,13.032696723937988,ok
LA_D_3274531,-15.682282447814941,-15.684897422790527,ok
LA_D_3274635,10.103896141052246,10.112616539001465,ok
LA_D_3275794,18.34995460510254,18.363014221191406,ok
LA_D_3276030,23.509716033935547,23.526124954223633,ok
LA_D_3276105,13.303603172302246,13.317219734191895,ok
LA_D_3276721,8.59998893737793,8.597514152526855,ok
LA_D_3278230,14.78048038482666,14.794261932373047,ok
LA_D_3280853,-13.948209762573242,-13.950818061828613,ok
LA_D_3281386,8.240595817565918,8.244224548339844,ok
LA_D_3282066,18.27457618713379,18.30507469177246,ok
LA_D_3282769,13.206151008605957,13.327683448791504,ok
LA_D_3283074,12.812631607055664,12.813612937927246,ok
LA_D_3284727,14.803651809692383,14.822720527648926,ok
LA_D_3284907,15.431188583374023,15.462625503540039,ok
LA_D_3285424,15.683496475219727,15.692864418029785,ok
LA_D_3285435,14.49549388885498,14.515881538391113,ok
LA_D_3286040,12.265291213989258,12.333649635314941,ok
LA_D_3287162,17.747299194335938,17.811819076538086,ok
LA_D_3290566,10.5600004196167,10.56192684173584,ok
LA_D_3292062,15.700536727905273,15.715632438659668,ok
LA_D_3292105,12.815896987915039,12.87012767791748,ok
LA_D_3292767,11.112492561340332,11.124428749084473,ok
LA_D_3294853,16.70123863220215,16.710084915161133,ok
LA_D_3294977,14.500382423400879,14.540324211120605,ok
LA_D_3295441,12.367266654968262,12.391213417053223,ok
LA_D_3295650,10.011629104614258,10.01163101196289,ok
LA_D_3298952,16.861774444580078,16.918825149536133,ok
LA_D_3301231,15.349654197692871,15.368544578552246,ok
LA_D_3301577,15.106549263000488,15.116519927978516,ok
LA_D_3302549,14.996306419372559,15.073187828063965,ok
LA_D_3303443,14.565505027770996,14.567355155944824,ok
LA_D_3305146,19.654951095581055,19.769947052001953,ok
LA_D_3305165,12.509483337402344,12.580471992492676,ok
LA_D_3306187,-13.649527549743652,-13.666998863220215,ok
LA_D_3307235,14.318846702575684,14.323363304138184,ok
LA_D_3307287,12.261068344116211,12.2639741897583,ok
LA_D_3307902,11.82615852355957,11.841408729553223,ok
LA_D_3309731,16.17308235168457,16.186769485473633,ok
LA_D_3310507,17.34949493408203,17.35106086730957,ok
LA_D_3312475,-14.955306053161621,-14.983057975769043,ok
LA_D_3312747,12.846473693847656,12.882122993469238,ok
LA_D_3313031,15.217156410217285,15.221489906311035,ok
LA_D_3313241,7.83509635925293,7.83759880065918,ok
LA_D_3313354,15.201687812805176,15.219891548156738,ok
LA_D_3313777,13.141111373901367,13.176907539367676,ok
LA_D_3314744,6.400748252868652,6.402127742767334,ok
LA_D_3317337,9.392518043518066,9.402076721191406,ok
LA_D_3317920,12.59101390838623,12.593138694763184,ok
LA_D_3318711,14.17818546295166,14.211146354675293,ok
LA_D_3319355,13.601027488708496,13.602112770080566,ok
LA_D_3319403,13.185725212097168,13.208687782287598,ok
LA_D_3320713,17.973094940185547,17.975515365600586,ok
LA_D_3321986,13.985304832458496,13.9852933883667,ok
LA_D_3323539,-12.234883308410645,-12.245444297790527,ok
LA_D_3325540,14.657364845275879,14.666769027709961,ok
LA_D_3325797,18.802169799804688,18.820772171020508,ok
LA_D_3325936,10.47883129119873,10.498703956604004,ok
LA_D_3327924,-15.021750450134277,-15.049229621887207,ok
LA_D_3329701,-12.254122734069824,-12.27087116241455,ok
LA_D_3329999,13.788695335388184,13.808533668518066,ok
LA_D_3331368,16.287296295166016,16.32145118713379,ok
LA_D_3331528,14.47188663482666,14.473251342773438,ok
LA_D_3331849,13.844101905822754,13.867744445800781,ok
LA_D_3332845,13.159701347351074,13.183287620544434,ok
LA_D_3333324,13.54269790649414,13.598586082458496,ok
LA_D_3334659,15.388184547424316,15.468487739562988,ok
LA_D_3334928,16.377361297607422,16.38346290588379,ok
LA_D_3335716,13.707906723022461,13.742866516113281,ok
LA_D_3336031,11.122344017028809,11.13985538482666,ok
LA_D_3336827,14.677678108215332,14.685996055603027,ok
LA_D_3337239,11.70788860321045,11.708481788635254,ok
LA_D_3337611,16.676301956176758,16.680927276611328,ok
LA_D_3339394,15.377086639404297,15.428393363952637,ok
LA_D_3341294,12.521117210388184,12.530926704406738,ok
LA_D_3341814,12.634572982788086,12.634322166442871,ok
LA_D_3342069,12.364383697509766,12.523734092712402,ok
LA_D_3342452,-6.55315637588501,-6.554612636566162,ok
LA_D_3342664,15.941024780273438,15.94497013092041,ok
LA_D_3346281,17.07073211669922,17.07082176208496,ok
LA_D_3346891,14.29218864440918,14.29969310760498,ok
LA_D_3347156,13.243636131286621,13.244168281555176,ok
LA_D_3347716,9.620373725891113,9.64462947845459,ok
LA_D_3347861,13.192697525024414,13.198738098144531,ok
LA_D_3348941,-13.52665901184082,-13.549050331115723,ok
LA_D_3349453,8.310032844543457,8.309637069702148,ok
LA_D_3349461,9.650909423828125,9.659818649291992,ok
LA_D_3349542,11.914255142211914,11.933349609375,ok
LA_D_3350240,4.890821933746338,4.890585422515869,ok
LA_D_3352586,12.368736267089844,12.369102478027344,ok
LA_D_3353739,19.446311950683594,19.49400520324707,ok
LA_D_3353973,18.469745635986328,18.469966888427734,ok
LA_D_3354359,12.110445022583008,12.185530662536621,ok
LA_D_3355874,15.624512672424316,15.66303539276123,ok
LA_D_3356308,15.354108810424805,15.358688354492188,ok
LA_D_3357328,16.313695907592773,16.32644271850586,ok
LA_D_3359713,8.522814750671387,8.5228853225708,ok
LA_D_3360066,13.4247407913208,13.513199806213379,ok
LA_D_3364219,11.53859806060791,11.538920402526855,ok
LA_D_3367868,19.365421295166016,19.367700576782227,ok
LA_D_3368030,12.745265007019043,12.764437675476074,ok
LA_D_3368444,16.325054168701172,16.372438430786133,ok
LA_D_3369365,13.160901069641113,13.162226676940918,ok
LA_D_3371337,15.480756759643555,15.512420654296875,ok
LA_D_3373017,-12.622986793518066,-12.631026268005371,ok
LA_D_3373431,-14.244138717651367,-14.292576789855957,ok
LA_D_3373606,16.35658073425293,16.36177635192871,ok
LA_D_3373830,17.003068923950195,17.069271087646484,ok
LA_D_3374460,12.677806854248047,12.682394981384277,ok
LA_D_3374782,16.06569480895996,16.068653106689453,ok
LA_D_3375546,8.817440032958984,8.835034370422363,ok
LA_D_3375685,8.648768424987793,8.653521537780762,ok
LA_D_3375994,13.109284400939941,13.11666202545166,ok
LA_D_3376676,15.523396492004395,15.538454055786133,ok
LA_D_3376846,17.391515731811523,17.43235206604004,ok
LA_D_3376856,17.66527557373047,17.763813018798828,ok
LA_D_3377038,21.55500602722168,21.583358764648438,ok
LA_D_3377698,-11.125523567199707,-11.271132469177246,ok
LA_D_3378402,9.412546157836914,9.409737586975098,ok
LA_D_3378615,10.699392318725586,10.710803031921387,ok
LA_D_3379000,11.380661010742188,11.4120454788208,ok
LA_D_3379127,15.867513656616211,15.863519668579102,ok
LA_D_3379278,17.43503189086914,17.4561767578125,ok
LA_D_3380409,17.70551300048828,17.73416519165039,ok
LA_D_3381862,14.408164024353027,14.423667907714844,ok
LA_D_3383046,14.628349304199219,14.651542663574219,ok
LA_D_3383198,-10.60452938079834,-10.610825538635254,ok
LA_D_3384993,11.351219177246094,11.409750938415527,ok
LA_D_3386014,11.4281005859375,11.437758445739746,ok
LA_D_3386727,18.484533309936523,18.485750198364258,ok
LA_D_3387666,15.475286483764648,15.491047859191895,ok
LA_D_3387918,14.00956916809082,14.05189037322998,ok
LA_D_3387937,12.55175495147705,12.563300132751465,ok
LA_D_3387945,13.251944541931152,13.260293960571289,ok
LA_D_3389603,12.851659774780273,12.853493690490723,ok
LA_D_3389737,-15.177234649658203,-15.190999031066895,ok
LA_D_3392617,13.299988746643066,13.301289558410645,ok
LA_D_3392778,10.559162139892578,10.561434745788574,ok
LA_D_3393465,15.167322158813477,15.210906028747559,ok
LA_D_3395278,13.035479545593262,13.045392036437988,ok
LA_D_3395368,18.069272994995117,18.08336639404297,ok
LA_D_3397208,-14.953351020812988,-14.96033000946045,ok
LA_D_3398271,13.780374526977539,13.786920547485352,ok
LA_D_3398607,11.51229190826416,11.51783275604248,ok
LA_D_3399535,13.622035026550293,13.626690864562988,ok
LA_D_3399790,-12.268056869506836,-12.305699348449707,ok
LA_D_3399798,6.666935443878174,6.668105602264404,ok
LA_D_3401079,20.457603454589844,20.49677085876465,ok
LA_D_3401398,17.188560485839844,17.192411422729492,ok
LA_D_3402273,14.183197975158691,14.198418617248535,ok
LA_D_3404722,13.59911823272705,13.600953102111816,ok
LA_D_3405582,10.381278991699219,10.387377738952637,ok
LA_D_3405832,-13.685856819152832,-13.71306324005127,ok
LA_D_3406247,-13.376127243041992,-13.383341789245605,ok
LA_D_3408202,19.44228172302246,19.466978073120117,ok
LA_D_3409145,-13.593354225158691,-13.601615905761719,ok
LA_D_3409583,16.84845542907715,16.939476013183594,ok
LA_D_3410467,14.435346603393555,14.472289085388184,ok
LA_D_3410479,-13.744604110717773,-13.756014823913574,ok
LA_D_3410619,10.604899406433105,10.604964256286621,ok
LA_D_3411132,11.805769920349121,11.80876350402832,ok
LA_D_3411825,12.83542251586914,12.83121395111084,ok
LA_D_3412324,15.236854553222656,15.26329517364502,ok
LA_D_3412330,14.489335060119629,14.507197380065918,ok
LA_D_3412517,16.123226165771484,16.160005569458008,ok
LA_D_3412736,16.297443389892578,16.302310943603516,ok
LA_D_3413740,15.559521675109863,15.568150520324707,ok
LA_D_3413905,16.087265014648438,16.123483657836914,ok
LA_D_3413908,15.91520881652832,15.929933547973633,ok
LA_D_3415474,12.715278625488281,12.734902381896973,ok
LA_D_3415789,15.825600624084473,15.850907325744629,ok
LA_D_3416276,4.280611515045166,4.280904293060303,ok
LA_D_3416456,12.966254234313965,13.114219665527344,ok
LA_D_3416535,11.696449279785156,11.696565628051758,ok
LA_D_3416825,5.175854206085205,5.190852642059326,ok
LA_D_3416934,16.91118049621582,16.937040328979492,ok
LA_D_3416978,16.27852439880371,16.368288040161133,ok
LA_D_3417657,14.455810546875,14.462258338928223,ok
LA_D_3418140,18.637929916381836,18.683862686157227,ok
LA_D_3418220,14.836488723754883,14.851557731628418,ok
LA_D_3418840,10.258062362670898,10.283650398254395,ok
LA_D_3419658,14.300029754638672,14.381265640258789,ok
LA_D_3420388,17.544475555419922,17.57444190979004,ok
LA_D_3421085,16.318105697631836,16.48764991760254,ok
LA_D_3421613,16.13718605041504,16.146947860717773,ok
LA_D_3422355,15.263104438781738,15.28699779510498,ok
LA_D_3423664,19.833906173706055,19.89584732055664,ok
LA_D_3424068,9.119178771972656,9.119707107543945,ok
LA_D_3424949,12.7819185256958,12.789924621582031,ok
LA_D_3425507,12.292637825012207,12.292386054992676,ok
LA_D_3425732,14.041231155395508,14.067413330078125,ok
LA_D_3425851,15.242932319641113,15.296735763549805,ok
LA_D_3425869,12.350432395935059,12.351909637451172,ok
LA_D_3425893,9.878921508789062,9.908278465270996,ok
LA_D_3426729,15.395216941833496,15.405390739440918,ok
LA_D_3427278,18.009140014648438,18.050373077392578,ok
LA_D_3427328,18.982200622558594,18.99203872680664,ok
LA_D_3428449,11.735020637512207,11.743403434753418,ok
LA_D_3429746,10.232690811157227,10.255179405212402,ok
LA_D_3430397,11.989871978759766,11.989888191223145,ok
LA_D_3430677,18.135143280029297,18.14314079284668,ok
LA_D_3431144,15.539918899536133,15.577078819274902,ok
LA_D_3431472,12.458064079284668,12.465582847595215,ok
LA_D_3432100,13.730026245117188,13.737845420837402,ok
LA_D_3432834,18.743499755859375,18.80304527282715,ok
LA_D_3434212,13.186161041259766,13.204910278320312,ok
LA_D_3434819,14.979981422424316,15.035832405090332,ok
LA_D_3434821,10.451937675476074,10.465546607971191,ok
LA_D_3435616,14.016862869262695,14.02320671081543,ok
LA_D_3435721,20.639493942260742,20.776968002319336,ok
LA_D_3435784,16.037572860717773,16.038373947143555,ok
LA_D_3435957,15.329167366027832,15.35956859588623,ok
LA_D_3436742,15.928056716918945,16.005474090576172,ok
LA_D_3436779,24.100797653198242,24.258325576782227,ok
LA_D_3438062,11.950963020324707,12.023070335388184,ok
LA_D_3438542,9.248701095581055,9.27355670928955,ok
LA_D_3440131,-12.914674758911133,-12.915751457214355,ok
LA_D_3440449,8.36412239074707,8.365200996398926,ok
LA_D_3440841,15.360956192016602,15.410405158996582,ok
LA_D_3441226,13.194403648376465,13.192464828491211,ok
LA_D_3441390,16.473663330078125,16.473669052124023,ok
LA_D_3441965,4.0056352615356445,4.005041122436523,ok
LA_D_3442349,16.280691146850586,16.283655166625977,ok
LA_D_3443299,16.55213737487793,16.561399459838867,ok
LA_D_3443410,14.083792686462402,14.091633796691895,ok
LA_D_3443703,-14.478511810302734,-14.635358810424805,ok
LA_D_3444541,-13.978747367858887,-13.986231803894043,ok
LA_D_3444944,12.607105255126953,12.65080738067627,ok
LA_D_3445488,14.3265380859375,14.333330154418945,ok
LA_D_3445715,14.983205795288086,14.985672950744629,ok
LA_D_3446159,10.429071426391602,10.45940113067627,ok
LA_D_3446645,18.17705535888672,18.187456130981445,ok
LA_D_3448069,13.69089126586914,13.695712089538574,ok
LA_D_3449059,15.558876037597656,15.57583999633789,ok
LA_D_3449675,16.733612060546875,16.750816345214844,ok
LA_D_3449692,15.607378005981445,15.726716041564941,ok
LA_D_3450019,16.7392520904541,16.793912887573242,ok
LA_D_3450749,15.99423885345459,16.032541275024414,ok
LA_D_3451581,9.347644805908203,9.360397338867188,ok
LA_D_3452933,11.283055305480957,11.30302906036377,ok
LA_D_3453232,12.045564651489258,12.052409172058105,ok
LA_D_3457024,12.172158241271973,12.194628715515137,ok
LA_D_3457581,16.7869815826416,16.81404685974121,ok
LA_D_3457616,14.790339469909668,14.795727729797363,ok
LA_D_3459378,14.086506843566895,14.08821964263916,ok
LA_D_3460862,15.266846656799316,15.267367362976074,ok
LA_D_3461793,14.955986976623535,14.966731071472168,ok
LA_D_3461825,24.674152374267578,24.718175888061523,ok
LA_D_3461953,10.297866821289062,10.297005653381348,ok
LA_D_3464373,12.752033233642578,12.76854419708252,ok
LA_D_3465485,15.518234252929688,15.541841506958008,ok
LA_D_3465878,14.298259735107422,14.325396537780762,ok
LA_D_3466785,9.393465995788574,9.398648262023926,ok
LA_D_3467346,-14.205343246459961,-14.233668327331543,ok
LA_D_3467485,-12.808390617370605,-12.83290958404541,ok
LA_D_3468243,17.532024383544922,17.656545639038086,ok
LA_D_3468801,13.581635475158691,13.584458351135254,ok
LA_D_3469008,17.81189727783203,17.814556121826172,ok
LA_D_3470313,16.3084659576416,16.316869735717773,ok
LA_D_3470341,14.138901710510254,14.147786140441895,ok
LA_D_3472117,11.547863960266113,11.577071189880371,ok
LA_D_3472699,11.583242416381836,11.63375473022461,ok
LA_D_3472855,17.449758529663086,17.486942291259766,ok
LA_D_3473674,17.290517807006836,17.293933868408203,ok
LA_D_3474604,18.449203491210938,18.5007266998291,ok
LA_D_3475865,-14.1098051071167,-14.113598823547363,ok
LA_D_3476544,-9.9512357711792,-9.958139419555664,ok
LA_D_3476552,11.97356128692627,11.986454963684082,ok
LA_D_3476775,14.963043212890625,15.008709907531738,ok
LA_D_3476956,-13.387421607971191,-13.460610389709473,ok
LA_D_3477279,15.110455513000488,15.238344192504883,ok
LA_D_3478144,16.604122161865234,16.614782333374023,ok
LA_D_3479801,-15.21680736541748,-15.228608131408691,ok
LA_D_3481053,11.725564956665039,11.7283935546875,ok
LA_D_3481326,14.7252836227417,14.72536849975586,ok
LA_D_3481855,7.873167037963867,7.915861129760742,ok
LA_D_3481947,12.40804672241211,12.41439151763916,ok
LA_D_3482541,10.6453857421875,10.644246101379395,ok
LA_D_3482661,-11.908326148986816,-11.909520149230957,ok
LA_D_3483451,-14.492242813110352,-14.557576179504395,ok
LA_D_3484658,14.533393859863281,14.551172256469727,ok
LA_D_3485246,12.234658241271973,12.23786449432373,ok
LA_D_3486393,14.067841529846191,14.126612663269043,ok
LA_D_3487340,14.326070785522461,14.364789009094238,ok
LA_D_3490249,12.128893852233887,12.129237174987793,ok
LA_D_3490654,18.148710250854492,18.148778915405273,ok
LA_D_3492096,14.513879776000977,14.556355476379395,ok
LA_D_3492327,24.097431182861328,24.118314743041992,ok
LA_D_3494648,1.7537935972213745,1.756597876548767,ok
LA_D_3495106,14.259203910827637,14.331064224243164,ok
LA_D_3495418,11.074110984802246,11.075005531311035,ok
LA_D_3495463,11.277426719665527,11.29242992401123,ok
LA_D_3495466,18.99382209777832,19.073959350585938,ok
LA_D_3495492,15.102852821350098,15.14562702178955,ok
LA_D_3495507,12.228493690490723,12.229327201843262,ok
LA_D_3496116,13.7611665725708,13.769866943359375,ok
LA_D_3496241,7.22742223739624,7.227926254272461,ok
LA_D_3496584,19.132064819335938,19.137187957763672,ok
LA_D_3496658,16.243444442749023,16.253637313842773,ok
LA_D_3497818,9.971837997436523,9.98388671875,ok
LA_D_3497883,12.59975814819336,12.620354652404785,ok
LA_D_3498197,17.401371002197266,17.429569244384766,ok
LA_D_3498834,11.67192554473877,11.676941871643066,ok
LA_D_3499835,9.738251686096191,9.73993968963623,ok
LA_D_3499981,12.193833351135254,12.198307991027832,ok
LA_D_3501342,9.75584888458252,9.753539085388184,ok
LA_D_3504200,8.824885368347168,8.828461647033691,ok
LA_D_3504984,14.419628143310547,14.429710388183594,ok
LA_D_3506531,15.9061918258667,15.941221237182617,ok
LA_D_3506569,16.802928924560547,16.837759017944336,ok
LA_D_3507662,13.048606872558594,13.049052238464355,ok
LA_D_3507835,9.125661849975586,9.136612892150879,ok
LA_D_3508441,14.02060604095459,14.04254150390625,ok
LA_D_3508879,7.766156196594238,7.765581130981445,ok
LA_D_3509644,15.644197463989258,15.706435203552246,ok
LA_D_3510395,14.17920207977295,14.19944953918457,ok
LA_D_3510615,16.46999740600586,16.470945358276367,ok
LA_D_3512251,9.607000350952148,9.617318153381348,ok
LA_D_3512316,16.077306747436523,16.10735511779785,ok
LA_D_3512336,16.230690002441406,16.234819412231445,ok
LA_D_3512887,13.538239479064941,13.578999519348145,ok
LA_D_3513335,-15.292062759399414,-15.305070877075195,ok
LA_D_3514242,-14.476452827453613,-14.605268478393555,ok
LA_D_3514513,12.184793472290039,12.18431568145752,ok
LA_D_3515006,16.159412384033203,16.159881591796875,ok
LA_D_3517587,15.608216285705566,15.622573852539062,ok
LA_D_3519840,-15.588231086730957,-15.601582527160645,ok
LA_D_3522779,14.531893730163574,14.536540031433105,ok
LA_D_3522934,17.34124183654785,17.394428253173828,ok
LA_D_3523121,12.11667251586914,12.1198148727417,ok
LA_D_3523213,14.808948516845703,14.867231369018555,ok
LA_D_3524386,12.143731117248535,12.176603317260742,ok
LA_D_3525708,13.194493293762207,13.209450721740723,ok
LA_D_3526413,-12.516290664672852,-12.517403602600098,ok
LA_D_3526562,17.907758712768555,17.942724227905273,ok
LA_D_3527270,14.88962173461914,14.906872749328613,ok
LA_D_3527786,13.48697566986084,13.491475105285645,ok
LA_D_3529126,13.965636253356934,13.98762035369873,ok
LA_D_3529673,14.305926322937012,14.327718734741211,ok
LA_D_3533142,7.532522678375244,7.532589912414551,ok
LA_D_3533489,14.236078262329102,14.30808162689209,ok
LA_D_3533916,10.143011093139648,10.143171310424805,ok
LA_D_3534463,20.293310165405273,20.297163009643555,ok
LA_D_3534602,10.022283554077148,10.022459030151367,ok
LA_D_3536394,3.611140012741089,3.6110920906066895,ok
LA_D_3536487,12.73007869720459,12.78062915802002,ok
LA_D_3538356,10.759061813354492,10.764704704284668,ok
LA_D_3538677,17.01113510131836,17.027650833129883,ok
LA_D_3539484,12.208532333374023,12.212447166442871,ok
LA_D_3539811,15.033475875854492,15.057859420776367,ok
LA_D_3539892,15.179709434509277,15.203701972961426,ok
LA_D_3542619,-14.08474063873291,-14.100024223327637,ok
LA_D_3543093,15.48100471496582,15.48930835723877,ok
LA_D_3544844,15.207076072692871,15.287883758544922,ok
LA_D_3545477,10.051740646362305,10.068245887756348,ok
LA_D_3545859,14.656538963317871,14.65827465057373,ok
LA_D_3546305,9.474702835083008,9.474358558654785,ok
LA_D_3547035,-11.1666898727417,-11.174631118774414,ok
LA_D_3547584,19.725143432617188,19.750947952270508,ok
LA_D_3548300,14.665730476379395,14.68698787689209,ok
LA_D_3548515,-13.68289852142334,-13.686641693115234,ok
LA_D_3548689,14.250207901000977,14.262517929077148,ok
LA_D_3549897,13.174149513244629,13.175942420959473,ok
LA_D_3551244,12.293025016784668,12.309040069580078,ok
LA_D_3552234,15.669894218444824,15.70972728729248,ok
LA_D_3552805,5.45294713973999,5.503302574157715,ok
LA_D_3553006,14.000210762023926,14.003987312316895,ok
LA_D_3553429,14.106732368469238,14.120844841003418,ok
LA_D_3553483,14.789311408996582,14.78864574432373,ok
LA_D_3553967,18.093713760375977,18.21002769470215,ok
LA_D_3554651,12.290276527404785,12.324481964111328,ok
LA_D_3554660,20.735305786132812,20.792505264282227,ok
LA_D_3555076,16.668596267700195,16.70686912536621,ok
LA_D_3555349,11.782995223999023,11.801213264465332,ok
LA_D_3555723,15.871047019958496,15.883237838745117,ok
LA_D_3555810,9.339025497436523,9.34131145477295,ok
LA_D_3556001,14.767866134643555,14.793411254882812,ok
LA_D_3556561,15.586685180664062,15.60837459564209,ok
LA_D_3559270,-14.79639720916748,-14.881351470947266,ok
LA_D_3561784,13.798652648925781,13.833333969116211,ok
LA_D_3562009,14.2058687210083,14.232420921325684,ok
LA_D_3564164,-14.476229667663574,-14.504953384399414,ok
LA_D_3565165,28.663633346557617,28.883167266845703,ok
LA_D_3565303,18.574573516845703,18.610776901245117,ok
LA_D_3567404,15.39591121673584,15.405643463134766,ok
LA_D_3567520,16.52283477783203,16.664445877075195,ok
LA_D_3569726,16.823062896728516,16.86170196533203,ok
LA_D_3569824,-10.880699157714844,-10.891914367675781,ok
LA_D_3569855,17.612422943115234,17.613245010375977,ok
LA_D_3570749,-16.204801559448242,-16.218778610229492,ok
LA_D_3571070,16.397432327270508,16.45200538635254,ok
LA_D_3571216,15.625592231750488,15.658991813659668,ok
LA_D_3571681,15.942214965820312,15.9766845703125,ok
LA_D_3571831,13.417057991027832,13.424836158752441,ok
LA_D_3572777,15.299664497375488,15.313355445861816,ok
LA_D_3573085,13.299184799194336,13.301369667053223,ok
LA_D_3574020,15.396140098571777,15.427569389343262,ok
LA_D_3576459,-10.849315643310547,-10.853289604187012,ok
LA_D_3577801,-10.833821296691895,-10.834196090698242,ok
LA_D_3577998,18.10222625732422,18.10981559753418,ok
LA_D_3578253,10.844979286193848,10.874825477600098,ok
LA_D_3579076,18.19675636291504,18.19767189025879,ok
LA_D_3579245,15.725269317626953,15.732686042785645,ok
LA_D_3579781,-11.646613121032715,-11.651514053344727,ok
LA_D_3579823,11.64332389831543,11.647994041442871,ok
LA_D_3580620,11.771333694458008,11.81143569946289,ok
LA_D_3581277,5.4112348556518555,5.41208028793335,ok
LA_D_3581963,15.985796928405762,16.013790130615234,ok
LA_D_3582263,10.719285011291504,10.719783782958984,ok
LA_D_3582380,9.614364624023438,9.614882469177246,ok
LA_D_3586862,10.334136962890625,10.341018676757812,ok
LA_D_3587612,19.76545524597168,19.77567481994629,ok
LA_D_3588547,16.07444190979004,16.110204696655273,ok
LA_D_3588628,15.39596176147461,15.401670455932617,ok
LA_D_3589247,14.402259826660156,14.416837692260742,ok
LA_D_3589383,13.939397811889648,13.97370433807373,ok
LA_D_3589733,18.72646141052246,18.737777709960938,ok
LA_D_3590829,16.904281616210938,16.986169815063477,ok
LA_D_3591261,18.99399185180664,19.075632095336914,ok
LA_D_3591679,13.614487648010254,13.640450477600098,ok
LA_D_3593160,9.664011001586914,9.670500755310059,ok
LA_D_3593928,16.497472763061523,16.497594833374023,ok
LA_D_3595174,11.301970481872559,11.316962242126465,ok
LA_D_3596015,-15.557480812072754,-15.570090293884277,ok
LA_D_3597531,12.25241470336914,12.262085914611816,ok
LA_D_3597601,14.927523612976074,14.95404052734375,ok
LA_D_3597738,17.59990692138672,17.617677688598633,ok
LA_D_3597947,9.257767677307129,9.295483589172363,ok
LA_D_3598081,9.73573112487793,9.737162590026855,ok
LA_D_3599443,-13.070480346679688,-13.0830659866333,ok
LA_D_3601430,-11.565818786621094,-11.617758750915527,ok
LA_D_3602669,13.285581588745117,13.333695411682129,ok
LA_D_3603256,11.305310249328613,11.341354370117188,ok
LA_D_3604214,14.11244010925293,14.111503601074219,ok
LA_D_3604610,-11.09398365020752,-11.095746994018555,ok
LA_D_3605046,11.102543830871582,11.104683876037598,ok
LA_D_3605088,15.647242546081543,15.64739990234375,ok
LA_D_3605726,10.184361457824707,10.198296546936035,ok
LA_D_3607289,-11.13214111328125,-11.151862144470215,ok
LA_D_3608535,9.838693618774414,9.838826179504395,ok
LA_D_3608783,12.271151542663574,12.272345542907715,ok
LA_D_3608947,11.244638442993164,11.289481163024902,ok
LA_D_3609505,16.288328170776367,16.29159164428711,ok
LA_D_3609977,-13.043195724487305,-13.049580574035645,ok
LA_D_3610743,13.593493461608887,13.609492301940918,ok
LA_D_3611170,15.072198867797852,15.077406883239746,ok
LA_D_3611237,16.509906768798828,16.529809951782227,ok
LA_D_3611560,11.538229942321777,11.53915023803711,ok
LA_D_3613644,12.164620399475098,12.174459457397461,ok
LA_D_3614881,16.289628982543945,16.297426223754883,ok
LA_D_3614949,16.18158531188965,16.192323684692383,ok
LA_D_3615500,13.144442558288574,13.151593208312988,ok
LA_D_3615708,11.591903686523438,11.593385696411133,ok
LA_D_3617105,16.748592376708984,16.773618698120117,ok
LA_D_3617321,13.33250904083252,13.33547306060791,ok
LA_D_3617757,18.614654541015625,18.616552352905273,ok
LA_D_3617770,14.115652084350586,14.134921073913574,ok
LA_D_3618771,14.545469284057617,14.545852661132812,ok
LA_D_3619292,16.940275192260742,16.971837997436523,ok
LA_D_3620817,12.15452766418457,12.1808443069458,ok
LA_D_3621506,11.283226013183594,11.311565399169922,ok
LA_D_3621540,11.688180923461914,11.732362747192383,ok
LA_D_3621915,11.60201358795166,11.601906776428223,ok
LA_D_3622353,15.923402786254883,15.980998039245605,ok
LA_D_3622835,-2.18638277053833,-2.1957030296325684,ok
LA_D_3623206,-13.952133178710938,-13.966251373291016,ok
LA_D_3623933,9.343811988830566,9.343926429748535,ok
LA_D_3626485,9.80595588684082,9.859383583068848,ok
LA_D_3626798,17.000059127807617,17.002140045166016,ok
LA_D_3627257,10.49677848815918,10.490351676940918,ok
LA_D_3629732,12.387328147888184,12.387957572937012,ok
LA_D_3630229,9.461892127990723,9.46558666229248,ok
LA_D_3630490,11.381458282470703,11.40058422088623,ok
LA_D_3631999,-10.84426212310791,-10.846375465393066,ok
LA_D_3634368,17.21357536315918,17.23351287841797,ok
LA_D_3634420,9.260675430297852,9.264459609985352,ok
LA_D_3634650,17.257816314697266,17.30095863342285,ok
LA_D_3635351,15.696303367614746,15.7288179397583,ok
LA_D_3635835,10.813558578491211,10.816266059875488,ok
LA_D_3636142,9.83154010772705,9.833916664123535,ok
LA_D_3637154,11.680004119873047,11.685625076293945,ok
LA_D_3639272,12.52468490600586,12.528275489807129,ok
LA_D_3639376,12.621824264526367,12.639180183410645,ok
LA_D_3639895,12.793907165527344,12.807374000549316,ok
LA_D_3641330,12.253581047058105,12.253779411315918,ok
LA_D_3642434,23.19245719909668,23.20234489440918,ok
LA_D_3643887,14.852060317993164,14.861549377441406,ok
LA_D_3645082,8.56470012664795,8.565282821655273,ok
LA_D_3645170,14.910967826843262,14.913799285888672,ok
LA_D_3646040,13.874275207519531,13.886322975158691,ok
LA_D_3646143,13.726799011230469,13.729691505432129,ok
LA_D_3648769,12.990236282348633,12.992571830749512,ok
LA_D_3649862,14.82745361328125,14.874388694763184,ok
LA_D_3651367,13.600691795349121,13.619349479675293,ok
LA_D_3652898,13.143759727478027,13.167038917541504,ok
LA_D_3653770,18.71222686767578,18.722862243652344,ok
LA_D_3654875,15.010991096496582,15.10782527923584,ok
LA_D_3655047,13.703949928283691,13.7151517868042,ok
LA_D_3655500,-15.138598442077637,-15.14371395111084,ok
LA_D_3655812,12.22177505493164,12.234583854675293,ok
LA_D_3658031,15.357166290283203,15.420720100402832,ok
LA_D_3659236,17.299402236938477,17.334394454956055,ok
LA_D_3660282,13.232412338256836,13.256245613098145,ok
LA_D_3662303,12.423267364501953,12.441031455993652,ok
LA_D_3662875,13.325626373291016,13.333353996276855,ok
LA_D_3663843,13.16008472442627,13.185266494750977,ok
LA_D_3664298,13.1704683303833,13.189136505126953,ok
LA_D_3664914,10.474088668823242,10.47392463684082,ok
LA_D_3666430,9.635480880737305,9.651065826416016,ok
LA_D_3666804,12.875293731689453,12.878412246704102,ok
LA_D_3666824,12.882770538330078,12.895357131958008,ok
LA_D_3668484,-13.362409591674805,-13.362577438354492,ok
LA_D_3668631,12.900375366210938,12.915602684020996,ok
LA_D_3668954,7.342092514038086,7.3576579093933105,ok
LA_D_3669578,-7.404655456542969,-7.405378818511963,ok
LA_D_3669836,17.175973892211914,17.21052360534668,ok
LA_D_3671059,11.122035026550293,11.127021789550781,ok
LA_D_3671184,13.723834037780762,13.766095161437988,ok
LA_D_3671224,17.77547836303711,17.781667709350586,ok
LA_D_3671795,13.194080352783203,13.21981143951416,ok
LA_D_3672445,16.372631072998047,16.3972225189209,ok
LA_D_3673082,13.432464599609375,13.447770118713379,ok
LA_D_3673596,15.599791526794434,15.610821723937988,ok
LA_D_3673803,10.190143585205078,10.190143585205078,ok
LA_D_3674440,11.28815746307373,11.29788875579834,ok
LA_D_3674534,13.497032165527344,13.499825477600098,ok
LA_D_3674928,12.153290748596191,12.174260139465332,ok
LA_D_3675542,16.917787551879883,16.96444320678711,ok
LA_D_3675685,14.672621726989746,14.686802864074707,ok
LA_D_3675957,15.706347465515137,15.749329566955566,ok
LA_D_3676772,10.333197593688965,10.33174991607666,ok
LA_D_3676923,11.054213523864746,11.105134010314941,ok
LA_D_3678117,9.983604431152344,9.983748435974121,ok
LA_D_3679086,14.325176239013672,14.347219467163086,ok
LA_D_3679618,19.150623321533203,19.159048080444336,ok
LA_D_3680733,12.288308143615723,12.288002967834473,ok
LA_D_3681485,14.827689170837402,14.838401794433594,ok
LA_D_3681599,15.368745803833008,15.410341262817383,ok
LA_D_3682065,11.94751262664795,11.970036506652832,ok
LA_D_3682613,12.5924711227417,12.592832565307617,ok
LA_D_3683215,15.355029106140137,15.378743171691895,ok
LA_D_3685390,16.504247665405273,16.521875381469727,ok
LA_D_3687327,11.253281593322754,11.303437232971191,ok
LA_D_3687811,18.934993743896484,19.018484115600586,ok
LA_D_3688613,16.074790954589844,16.122303009033203,ok
LA_D_3688837,18.248077392578125,18.29082489013672,ok
LA_D_3689048,12.759561538696289,12.808123588562012,ok
LA_D_3690604,7.970252513885498,7.9873785972595215,ok
LA_D_3691360,-13.786060333251953,-13.798975944519043,ok
LA_D_3691538,16.32378387451172,16.416358947753906,ok
LA_D_3691736,15.836273193359375,15.859162330627441,ok
LA_D_3691914,13.615962028503418,13.658034324645996,ok
LA_D_3694012,16.040634155273438,16.105003356933594,ok
LA_D_3694037,9.139087677001953,9.15229606628418,ok
LA_D_3694349,8.374723434448242,8.375215530395508,ok
LA_D_3695422,16.11972999572754,16.142202377319336,ok
LA_D_3695649,14.265466690063477,14.285714149475098,ok
LA_D_3697262,13.942156791687012,13.944951057434082,ok
LA_D_3698358,-13.833659172058105,-13.835820198059082,ok
LA_D_3700696,11.65254020690918,11.659893989562988,ok
LA_D_3701247,16.684694290161133,16.700517654418945,ok
LA_D_3703420,11.543867111206055,11.546756744384766,ok
LA_D_3703706,14.780830383300781,14.782649040222168,ok
LA_D_3703829,5.372127532958984,5.3746418952941895,ok
LA_D_3705070,17.39992904663086,17.445770263671875,ok
LA_D_3706083,-14.168277740478516,-14.175461769104004,ok
LA_D_3706159,11.77538013458252,11.788370132446289,ok
LA_D_3707430,14.586709976196289,14.620453834533691,ok
LA_D_3707499,14.444459915161133,14.460265159606934,ok
LA_D_3707801,15.257543563842773,15.279133796691895,ok
LA_D_3708116,14.369983673095703,14.391280174255371,ok
LA_D_3709016,13.267301559448242,13.26810073852539,ok
LA_D_3709912,15.33188533782959,15.357012748718262,ok
LA_D_3710720,15.219061851501465,15.223889350891113,ok
LA_D_3711375,13.429248809814453,13.44140625,ok
LA_D_3712672,15.261704444885254,15.302960395812988,ok
LA_D_3712860,16.823688507080078,16.890512466430664,ok
LA_D_3713460,14.950644493103027,14.95877456665039,ok
LA_D_3713639,14.46511173248291,14.556015968322754,ok
LA_D_3713729,12.440705299377441,12.449677467346191,ok
LA_D_3714587,15.042174339294434,15.042267799377441,ok
LA_D_3720476,10.83203125,10.8371000289917,ok
LA_D_3720743,10.908641815185547,10.921976089477539,ok
LA_D_3721304,11.428329467773438,11.42939281463623,ok
LA_D_3725212,15.978202819824219,16.077680587768555,ok
LA_D_3725938,8.046944618225098,8.047067642211914,ok
LA_D_3726596,18.6129207611084,18.659482955932617,ok
LA_D_3727464,8.430621147155762,8.431464195251465,ok
LA_D_3727622,17.950883865356445,17.95232391357422,ok
LA_D_3731175,-12.713576316833496,-12.749842643737793,ok
LA_D_3732490,14.819022178649902,14.857283592224121,ok
LA_D_3732635,14.066962242126465,14.091039657592773,ok
LA_D_3733302,13.038302421569824,13.040511131286621,ok
LA_D_3733779,-10.80541706085205,-10.811911582946777,ok
LA_D_3734390,9.604372024536133,9.604687690734863,ok
LA_D_3736436,16.569740295410156,16.570266723632812,ok
LA_D_3736974,13.561769485473633,13.571516990661621,ok
LA_D_3737744,17.006132125854492,17.072067260742188,ok
LA_D_3738196,12.442627906799316,12.461600303649902,ok
LA_D_3740186,11.827764511108398,11.83717155456543,ok
LA_D_3740798,13.085125923156738,13.099102973937988,ok
LA_D_3741233,4.6078057289123535,4.608886241912842,ok
LA_D_3741474,16.18374252319336,16.188175201416016,ok
LA_D_3741607,16.08922004699707,16.136314392089844,ok
LA_D_3741865,15.75653076171875,15.76810073852539,ok
LA_D_3742795,17.204757690429688,17.222196578979492,ok
LA_D_3743022,15.910880088806152,15.985060691833496,ok
LA_D_3743658,16.622554779052734,16.638729095458984,ok
LA_D_3744491,11.989304542541504,11.98987865447998,ok
LA_D_3745321,16.45663070678711,16.47319221496582,ok
LA_D_3746211,-14.101643562316895,-14.11757755279541,ok
LA_D_3746495,9.754858016967773,9.758023262023926,ok
LA_D_3746592,13.569456100463867,13.58500862121582,ok
LA_D_3746754,16.307695388793945,16.33119773864746,ok
LA_D_3747854,7.976731777191162,7.977111339569092,ok
LA_D_3749584,21.230411529541016,21.290544509887695,ok
LA_D_3749655,15.27489185333252,15.274896621704102,ok
LA_D_3749921,15.004508972167969,15.0293550491333,ok
LA_D_3750214,11.30712604522705,11.325650215148926,ok
LA_D_3750321,11.053646087646484,11.053715705871582,ok
LA_D_3750938,5.258780002593994,5.272759914398193,ok
LA_D_3751177,13.511863708496094,13.54378604888916,ok
LA_D_3751233,11.960983276367188,12.002431869506836,ok
LA_D_3752691,10.609020233154297,10.610071182250977,ok
LA_D_3752882,15.520651817321777,15.60866641998291,ok
LA_D_3753443,15.547719955444336,15.56187629699707,ok
LA_D_3753747,19.332624435424805,19.339014053344727,ok
LA_D_3754318,15.734018325805664,15.734881401062012,ok
LA_D_3754369,11.34052562713623,11.363890647888184,ok
LA_D_3757923,12.915250778198242,12.931867599487305,ok
LA_D_3758904,15.14950942993164,15.155768394470215,ok
LA_D_3759608,15.049351692199707,15.087483406066895,ok
LA_D_3759918,16.37757682800293,16.4884090423584,ok
LA_D_3760422,10.968324661254883,10.981646537780762,ok
LA_D_3761372,13.587684631347656,13.61919116973877,ok
LA_D_3762414,10.179219245910645,10.183967590332031,ok
LA_D_3762985,16.23872947692871,16.243419647216797,ok
LA_D_3763099,9.326822280883789,9.346552848815918,ok
LA_D_3763362,11.000909805297852,11.004509925842285,ok
LA_D_3765509,1.510947346687317,1.4961448907852173,ok
LA_D_3766019,8.866894721984863,8.86603832244873,ok
LA_D_3767360,14.216022491455078,14.2204008102417,ok
LA_D_3767648,15.845746040344238,15.853001594543457,ok
LA_D_3767704,15.800018310546875,15.82111644744873,ok
LA_D_3768058,6.336850166320801,6.326523780822754,ok
LA_D_3768185,14.833524703979492,14.874176979064941,ok
LA_D_3769543,9.598771095275879,9.601767539978027,ok
LA_D_3770674,-14.670703887939453,-14.701764106750488,ok
LA_D_3770745,16.627521514892578,16.639862060546875,ok
LA_D_3770754,16.64449691772461,16.655614852905273,ok
LA_D_3771019,16.087907791137695,16.157535552978516,ok
LA_D_3771563,10.838967323303223,10.839072227478027,ok
LA_D_3771602,13.924076080322266,13.924176216125488,ok
LA_D_3772496,16.30684471130371,16.325740814208984,ok
LA_D_3772573,13.667346954345703,13.700889587402344,ok
LA_D_3773329,15.731462478637695,15.775288581848145,ok
LA_D_3773558,11.238163948059082,11.234698295593262,ok
LA_D_3774026,18.62116050720215,18.688169479370117,ok
LA_D_3774137,-15.284723281860352,-15.326558113098145,ok
LA_D_3775288,11.533367156982422,11.589323997497559,ok
LA_D_3775667,12.924962997436523,12.92538833618164,ok
LA_D_3775817,10.492107391357422,10.504894256591797,ok
LA_D_3775896,8.323766708374023,8.327488899230957,ok
LA_D_3776249,12.438867568969727,12.442527770996094,ok
LA_D_3776327,15.032210350036621,15.047661781311035,ok
LA_D_3776414,-12.103605270385742,-12.110428810119629,ok
LA_D_3777012,15.76720142364502,15.774199485778809,ok
LA_D_3777358,11.837654113769531,11.83757495880127,ok
LA_D_3777433,18.167531967163086,18.232736587524414,ok
LA_D_3777702,12.546679496765137,12.561882972717285,ok
LA_D_3778535,14.973811149597168,14.988319396972656,ok
LA_D_3779051,13.268841743469238,13.34453296661377,ok
LA_D_3780178,12.41838550567627,12.418778419494629,ok
LA_D_3780481,13.55550479888916,13.601373672485352,ok
LA_D_3780562,16.654603958129883,16.728931427001953,ok
LA_D_3781670,-13.458890914916992,-13.460253715515137,ok
LA_D_3782076,19.028837203979492,19.05497932434082,ok
LA_D_3782739,18.299297332763672,18.319499969482422,ok
LA_D_3783520,16.13692855834961,16.146949768066406,ok
LA_D_3783864,15.261059761047363,15.278573036193848,ok
LA_D_3784534,10.736833572387695,10.768670082092285,ok
LA_D_3785236,15.249775886535645,15.263313293457031,ok
LA_D_3787070,-13.04190444946289,-13.060914039611816,ok
LA_D_3787257,17.869325637817383,17.888845443725586,ok
LA_D_3787464,-15.611146926879883,-15.618324279785156,ok
LA_D_3788427,16.141780853271484,16.348087310791016,ok
LA_D_3788624,15.728860855102539,15.810449600219727,ok
LA_D_3788675,16.717697143554688,16.722455978393555,ok
LA_D_3789724,14.113907814025879,14.151062965393066,ok
LA_D_3789801,15.494848251342773,15.507262229919434,ok
LA_D_3790568,14.79574203491211,14.823602676391602,ok
LA_D_3791494,16.948348999023438,16.97393226623535,ok
LA_D_3792366,15.672124862670898,15.674256324768066,ok
LA_D_3792397,-15.438520431518555,-15.51403522491455,ok
LA_D_3792583,13.024360656738281,13.057183265686035,ok
LA_D_3792705,7.553788185119629,7.553827285766602,ok
LA_D_3793172,19.05316925048828,19.13092613220215,ok
LA_D_3794623,14.49122142791748,14.497204780578613,ok
LA_D_3794629,13.153523445129395,13.169553756713867,ok
LA_D_3795179,17.644634246826172,17.724767684936523,ok
LA_D_3795570,10.558440208435059,10.567618370056152,ok
LA_D_3795890,10.559300422668457,10.57112979888916,ok
LA_D_3796498,-12.475950241088867,-12.514233589172363,ok
LA_D_3797749,-14.751593589782715,-14.865785598754883,ok
LA_D_3798024,8.434213638305664,8.427535057067871,ok
LA_D_3799314,19.506513595581055,19.514814376831055,ok
LA_D_3799415,7.975305557250977,7.975334644317627,ok
LA_D_3799822,15.723007202148438,15.72377872467041,ok
LA_D_3802210,11.538334846496582,11.53842830657959,ok
LA_D_3802962,15.136309623718262,15.148923873901367,ok
LA_D_3803714,16.34454345703125,16.344345092773438,ok
LA_D_3803791,14.54692554473877,14.547982215881348,ok
LA_D_3804397,11.407596588134766,11.408358573913574,ok
LA_D_3805827,15.0493803024292,15.04776668548584,ok
LA_D_3806582,15.623393058776855,15.623281478881836,ok
LA_D_3807326,15.0029296875,15.030167579650879,ok
LA_D_3808030,18.001585006713867,18.001325607299805,ok
LA_D_3810542,-11.031905174255371,-11.039566040039062,ok
LA_D_3811484,12.96699047088623,12.987116813659668,ok
LA_D_3811662,14.9273681640625,15.098731994628906,ok
LA_D_3813018,13.795684814453125,13.832887649536133,ok
LA_D_3814257,12.169816017150879,12.171534538269043,ok
LA_D_3814355,14.328882217407227,14.356978416442871,ok
LA_D_3814791,14.333996772766113,14.351176261901855,ok
LA_D_3815316,13.770877838134766,13.775103569030762,ok
LA_D_3815884,16.396371841430664,16.441715240478516,ok
LA_D_3819582,17.197132110595703,17.205862045288086,ok
LA_D_3820104,13.019828796386719,13.036734580993652,ok
LA_D_3820911,14.414789199829102,14.460655212402344,ok
LA_D_3821359,11.197469711303711,11.204352378845215,ok
LA_D_3822372,10.989888191223145,11.006945610046387,ok
LA_D_3822874,13.969459533691406,13.97255802154541,ok
LA_D_3823574,13.855249404907227,13.855417251586914,ok
LA_D_3823928,9.960567474365234,9.997796058654785,ok
LA_D_3825048,16.07172203063965,16.072080612182617,ok
LA_D_3825329,13.427164077758789,13.445233345031738,ok
LA_D_3826920,14.458137512207031,14.499826431274414,ok
LA_D_3827873,12.05583381652832,12.065339088439941,ok
LA_D_3828014,16.657255172729492,16.705974578857422,ok
LA_D_3828841,4.291768550872803,4.29088830947876,ok
LA_D_3828893,9.184558868408203,9.186978340148926,ok
LA_D_3829330,15.93350601196289,15.950146675109863,ok
LA_D_3830921,10.794659614562988,10.793054580688477,ok
LA_D_3831261,14.500059127807617,14.528964042663574,ok
LA_D_3831306,11.109156608581543,11.118467330932617,ok
LA_D_3833623,9.417752265930176,9.422268867492676,ok
LA_D_3834961,13.625760078430176,13.712035179138184,ok
LA_D_3835319,11.846457481384277,11.855219841003418,ok
LA_D_3837714,13.524566650390625,13.524685859680176,ok
LA_D_3838632,21.913528442382812,22.015520095825195,ok
LA_D_3840866,11.268964767456055,11.268288612365723,ok
LA_D_3843488,16.83816909790039,16.85642433166504,ok
LA_D_3843705,14.75495433807373,14.783905982971191,ok
LA_D_3843887,14.233719825744629,14.284595489501953,ok
LA_D_3845484,11.749229431152344,11.750567436218262,ok
LA_D_3847966,17.462186813354492,17.50739860534668,ok
LA_D_3848465,11.59133243560791,11.595906257629395,ok
LA_D_3848625,12.300649642944336,12.332042694091797,ok
LA_D_3849533,18.333784103393555,18.347047805786133,ok
LA_D_3850425,12.637310981750488,12.643855094909668,ok
LA_D_3851125,12.474738121032715,12.494621276855469,ok
LA_D_3851144,16.899242401123047,16.917781829833984,ok
LA_D_3851855,-12.224740028381348,-12.246993064880371,ok
LA_D_3851996,-13.222582817077637,-13.23194408416748,ok
LA_D_3852341,16.3515625,16.383989334106445,ok
LA_D_3852849,17.91782569885254,17.953643798828125,ok
LA_D_3854807,13.696533203125,13.70346736907959,ok
LA_D_3855845,4.880630970001221,4.885384559631348,ok
LA_D_3857058,-13.904779434204102,-13.924601554870605,ok
LA_D_3857446,-14.595130920410156,-14.63968563079834,ok
LA_D_3857630,16.467178344726562,16.505876541137695,ok
LA_D_3858607,11.768668174743652,11.881714820861816,ok
LA_D_3859466,15.52988338470459,15.578412055969238,ok
LA_D_3860312,-8.265596389770508,-8.266341209411621,ok
LA_D_3860524,16.184030532836914,16.224872589111328,ok
LA_D_3861037,11.278340339660645,11.283510208129883,ok
LA_D_3861045,16.497013092041016,16.505468368530273,ok
LA_D_3861154,-8.154722213745117,-8.155157089233398,ok
LA_D_3862599,17.558948516845703,17.574777603149414,ok
LA_D_3862793,18.12320327758789,18.128597259521484,ok
LA_D_3862795,14.968598365783691,14.985250473022461,ok
LA_D_3863318,13.478660583496094,13.491377830505371,ok
LA_D_3863951,12.75909423828125,12.763300895690918,ok
LA_D_3864419,15.1755952835083,15.337374687194824,ok
LA_D_3864495,14.184863090515137,14.214550971984863,ok
LA_D_3865981,10.297224998474121,10.304315567016602,ok
LA_D_3866941,9.892341613769531,9.973076820373535,ok
LA_D_3867494,12.334403038024902,12.338282585144043,ok
LA_D_3868002,16.044330596923828,16.073101043701172,ok
LA_D_3868258,16.341861724853516,16.379980087280273,ok
LA_D_3870318,17.843351364135742,17.865434646606445,ok
LA_D_3871798,15.068302154541016,15.098559379577637,ok
LA_D_3872770,11.491392135620117,11.491850852966309,ok
LA_D_3873126,14.56907844543457,14.572976112365723,ok
LA_D_3874085,11.950173377990723,11.983473777770996,ok
LA_D_3874710,13.158943176269531,13.18454647064209,ok
LA_D_3876769,9.025150299072266,9.033287048339844,ok
LA_D_3878527,13.917444229125977,13.920452117919922,ok
LA_D_3879195,13.605000495910645,13.628743171691895,ok
LA_D_3879227,12.064666748046875,12.072125434875488,ok
LA_D_3880845,14.318092346191406,14.361303329467773,ok
LA_D_3882685,17.081392288208008,17.10736656188965,ok
LA_D_3883337,13.919646263122559,13.922028541564941,ok
LA_D_3884249,12.7022705078125,12.711304664611816,ok
LA_D_3884845,14.792941093444824,14.872891426086426,ok
LA_D_3887131,16.728961944580078,16.787752151489258,ok
LA_D_3887452,-12.988170623779297,-12.988572120666504,ok
LA_D_3888719,14.35007381439209,14.3684663772583,ok
LA_D_3888968,16.990659713745117,17.00830078125,ok
LA_D_3890187,20.056495666503906,20.058252334594727,ok
LA_D_3890727,14.242101669311523,14.247594833374023,ok
LA_D_3891696,-16.186546325683594,-16.19352912902832,ok
LA_D_3892057,-11.485124588012695,-11.490023612976074,ok
LA_D_3893271,16.593015670776367,16.642362594604492,ok
LA_D_3895547,20.438804626464844,20.46134376525879,ok
LA_D_3895551,-12.595683097839355,-12.615949630737305,ok
LA_D_3896851,19.165599822998047,19.216602325439453,ok
LA_D_3898085,-12.300403594970703,-12.311753273010254,ok
LA_D_3898333,16.61138343811035,16.682865142822266,ok
LA_D_3898925,9.86978816986084,9.974276542663574,ok
LA_D_3901273,16.235641479492188,16.278223037719727,ok
LA_D_3902856,15.235767364501953,15.257893562316895,ok
LA_D_3903402,16.27586555480957,16.299850463867188,ok
LA_D_3905848,11.168458938598633,11.169129371643066,ok
LA_D_3907778,-12.536676406860352,-12.536921501159668,ok
LA_D_3908047,14.40244197845459,14.415549278259277,ok
LA_D_3909128,15.970014572143555,16.003629684448242,ok
LA_D_3911013,17.859251022338867,17.85978889465332,ok
LA_D_3912485,13.98543643951416,14.01241397857666,ok
LA_D_3913064,11.97927188873291,11.981772422790527,ok
LA_D_3913569,16.27692413330078,16.442026138305664,ok
LA_D_3913882,15.805652618408203,15.8119535446167,ok
LA_D_3914448,12.937137603759766,12.94543170928955,ok
LA_D_3914511,19.380048751831055,19.55304527282715,ok
LA_D_3914541,15.200413703918457,15.208648681640625,ok
LA_D_3914577,7.752406120300293,7.752472400665283,ok
LA_D_3914594,15.90239429473877,15.937868118286133,ok
LA_D_3914684,18.716794967651367,18.71879768371582,ok
LA_D_3915707,12.880767822265625,12.8886079788208,ok
LA_D_3916686,12.824572563171387,12.829310417175293,ok
LA_D_3917851,14.780786514282227,14.791522979736328,ok
LA_D_3918474,17.668697357177734,17.720199584960938,ok
LA_D_3921032,12.575597763061523,12.601790428161621,ok
LA_D_3921050,8.82583236694336,8.829078674316406,ok
LA_D_3922266,-12.05819034576416,-12.10461711883545,ok
LA_D_3924068,13.402770042419434,13.404014587402344,ok
LA_D_3924244,12.857962608337402,12.87317943572998,ok
LA_D_3928290,17.390670776367188,17.517290115356445,ok
LA_D_3928764,14.66820240020752,14.686814308166504,ok
LA_D_3928922,15.706762313842773,15.73399829864502,ok
LA_D_3929323,13.610685348510742,13.61108112335205,ok
LA_D_3930165,16.349029541015625,16.370180130004883,ok
LA_D_3930677,13.627562522888184,13.65137767791748,ok
LA_D_3931288,10.8396635055542,10.865077018737793,ok
LA_D_3931322,14.193817138671875,14.208168983459473,ok
LA_D_3931549,16.62134552001953,16.62738609313965,ok
LA_D_3931582,14.354886054992676,14.384576797485352,ok
LA_D_3932504,14.011412620544434,14.019617080688477,ok
LA_D_3933506,-13.021839141845703,-13.072107315063477,ok
LA_D_3934729,11.087308883666992,11.096829414367676,ok
LA_D_3935443,14.140228271484375,14.169193267822266,ok
LA_D_3937097,13.606722831726074,13.635279655456543,ok
LA_D_3937744,14.408557891845703,14.411749839782715,ok
LA_D_3939937,18.45474624633789,18.46689796447754,ok
LA_D_3940913,-11.0777006149292,-11.093942642211914,ok
LA_D_3941447,-11.838688850402832,-11.84778118133545,ok
LA_D_3942424,12.775912284851074,12.787123680114746,ok
LA_D_3942605,9.662673950195312,9.668185234069824,ok
LA_D_3942708,13.346056938171387,13.35921573638916,ok
LA_D_3942877,9.402193069458008,9.407930374145508,ok
LA_D_3943414,16.692604064941406,16.72370719909668,ok
LA_D_3943938,17.347631454467773,17.358049392700195,ok
LA_D_3945155,12.579090118408203,12.606287956237793,ok
LA_D_3945227,13.627753257751465,13.635870933532715,ok
LA_D_3945922,14.171821594238281,14.24841022491455,ok
LA_D_3946264,14.8934965133667,14.910737037658691,ok
LA_D_3947384,-1.8066614866256714,-1.8242427110671997,ok
LA_D_3947953,14.416938781738281,14.428444862365723,ok
LA_D_3949631,15.070014953613281,15.079410552978516,ok
LA_D_3949661,14.949043273925781,14.974478721618652,ok
LA_D_3951142,17.408878326416016,17.415071487426758,ok
LA_D_3951175,10.668313980102539,10.664875030517578,ok
LA_D_3952183,18.671607971191406,18.697736740112305,ok
LA_D_3954136,15.73766803741455,15.7924165725708,ok
LA_D_3956242,-12.692704200744629,-12.731633186340332,ok
LA_D_3956535,13.808975219726562,13.8295259475708,ok
LA_D_3957229,21.216136932373047,21.411205291748047,ok
LA_D_3958057,12.675877571105957,12.694561958312988,ok
LA_D_3958645,11.048227310180664,11.108256340026855,ok
LA_D_3958701,13.761380195617676,13.780315399169922,ok
LA_D_3960353,11.943268775939941,11.958878517150879,ok
LA_D_3960616,12.644596099853516,12.66684341430664,ok
LA_D_3962973,18.331979751586914,18.43092918395996,ok
LA_D_3963572,19.045806884765625,19.073122024536133,ok
LA_D_3965345,19.15163230895996,19.229236602783203,ok
LA_D_3965995,16.30595588684082,16.327373504638672,ok
LA_D_3966698,11.660677909851074,11.659438133239746,ok
LA_D_3967203,-12.750059127807617,-12.79989242553711,ok
LA_D_3967616,15.85904598236084,15.91745662689209,ok
LA_D_3969544,12.407563209533691,12.413681983947754,ok
LA_D_3969914,13.52077865600586,13.537571907043457,ok
LA_D_3970121,9.930107116699219,9.938309669494629,ok
LA_D_3970673,16.347143173217773,16.395307540893555,ok
LA_D_3971945,-1.8520663976669312,-1.894114375114441,ok
LA_D_3971956,17.57709312438965,17.590959548950195,ok
LA_D_3975146,11.373960494995117,11.480931282043457,ok
LA_D_3975408,13.111044883728027,13.118887901306152,ok
LA_D_3975996,11.61386489868164,11.636523246765137,ok
LA_D_3977034,-15.259578704833984,-15.269204139709473,ok
LA_D_3977471,16.103723526000977,16.119752883911133,ok
LA_D_3977983,18.081912994384766,18.0828857421875,ok
LA_D_3979729,14.410344123840332,14.432269096374512,ok
LA_D_3980944,17.48133087158203,17.49851417541504,ok
LA_D_3981366,17.816587448120117,17.935503005981445,ok
LA_D_3981584,-15.155287742614746,-15.156811714172363,ok
LA_D_3981689,11.700468063354492,11.7035493850708,ok
LA_D_3983088,14.027235984802246,14.121317863464355,ok
LA_D_3983406,-16.748275756835938,-16.763662338256836,ok
LA_D_3983835,20.73702621459961,20.839637756347656,ok
LA_D_3983910,13.727678298950195,13.747540473937988,ok
LA_D_3984579,14.399494171142578,14.41872501373291,ok
LA_D_3986002,-11.050225257873535,-11.068196296691895,ok
LA_D_3989236,13.429407119750977,13.442425727844238,ok
LA_D_3989246,18.372892379760742,18.400991439819336,ok
LA_D_3989469,8.466226577758789,8.521600723266602,ok
LA_D_3991844,12.731840133666992,12.732796669006348,ok
LA_D_3991910,12.569504737854004,12.577945709228516,ok
LA_D_3995155,15.366988182067871,15.373892784118652,ok
LA_D_3996355,-13.094420433044434,-13.1143798828125,ok
LA_D_3999380,-11.591906547546387,-11.595696449279785,ok
LA_D_4002788,17.50279426574707,17.52322006225586,ok
LA_D_4002921,9.002520561218262,9.006401062011719,ok
LA_D_4003135,13.896535873413086,13.899415016174316,ok
LA_D_4004968,-15.309595108032227,-15.313102722167969,ok
LA_D_4005134,12.788084030151367,12.814374923706055,ok
LA_D_4005743,8.837358474731445,8.839568138122559,ok
LA_D_4005820,6.396609783172607,6.396953105926514,ok
LA_D_4007335,17.649507522583008,17.651771545410156,ok
LA_D_4007368,10.818758964538574,10.82087516784668,ok
LA_D_4007785,14.067967414855957,14.078764915466309,ok
LA_D_4008273,16.14620590209961,16.1471004486084,ok
LA_D_4008967,14.468745231628418,14.470908164978027,ok
LA_D_4011113,15.253174781799316,15.270160675048828,ok
LA_D_4011462,14.730368614196777,14.75085735321045,ok
LA_D_4013164,-14.590938568115234,-14.59392261505127,ok
LA_D_4013189,12.65593147277832,12.664437294006348,ok
LA_D_4014487,-12.837315559387207,-12.838799476623535,ok
LA_D_4014725,8.359365463256836,8.395543098449707,ok
LA_D_4014814,17.378311157226562,17.404253005981445,ok
LA_D_4015488,15.160179138183594,15.172932624816895,ok
LA_D_4016003,-10.259775161743164,-10.308509826660156,ok
LA_D_4016591,-13.205334663391113,-13.21757698059082,ok
LA_D_4016743,-13.776205062866211,-13.777426719665527,ok
LA_D_4018947,11.560786247253418,11.576573371887207,ok
LA_D_4019274,14.155648231506348,14.163715362548828,ok
LA_D_4019473,14.828993797302246,14.8609037399292,ok
LA_D_4019987,13.349061012268066,13.374346733093262,ok
LA_D_4020788,9.979196548461914,9.991808891296387,ok
LA_D_4020807,9.255911827087402,9.258831977844238,ok
LA_D_4021153,-15.647344589233398,-15.651188850402832,ok
LA_D_4021573,-12.39176082611084,-12.405123710632324,ok
LA_D_4021676,11.763214111328125,11.766509056091309,ok
LA_D_4021977,13.750865936279297,13.808852195739746,ok
LA_D_4022532,12.986355781555176,13.011146545410156,ok
LA_D_4024245,15.04627799987793,15.060470581054688,ok
LA_D_4024567,17.17253303527832,17.176889419555664,ok
LA_D_4024701,10.630102157592773,10.640097618103027,ok
LA_D_4025786,16.502233505249023,16.501859664916992,ok
LA_D_4026006,14.062604904174805,14.087924003601074,ok
LA_D_4026230,13.84299087524414,13.856040954589844,ok
LA_D_4026264,-9.669172286987305,-9.669988632202148,ok
LA_D_4026338,10.905902862548828,10.904444694519043,ok
LA_D_4027041,13.46146011352539,13.478765487670898,ok
LA_D_4027137,13.594525337219238,13.613778114318848,ok
LA_D_4028437,13.912332534790039,13.912673950195312,ok
LA_D_4029187,18.424238204956055,18.472810745239258,ok
LA_D_4029515,15.87037181854248,15.929274559020996,ok
LA_D_4029888,11.783859252929688,11.81728458404541,ok
LA_D_4030356,15.934534072875977,15.968961715698242,ok
LA_D_4031294,8.55371379852295,8.554039001464844,ok
LA_D_4031375,12.181044578552246,12.181614875793457,ok
LA_D_4033093,-14.204158782958984,-14.2222261428833,ok
LA_D_4033240,12.776007652282715,12.795013427734375,ok
LA_D_4033330,12.956843376159668,13.0070219039917,ok
LA_D_4033961,12.946450233459473,12.97716999053955,ok
LA_D_4035138,14.040853500366211,14.120939254760742,ok
LA_D_4036070,14.017304420471191,14.041382789611816,ok
LA_D_4037283,-14.494203567504883,-14.51467227935791,ok
LA_D_4037520,11.549105644226074,11.570403099060059,ok
LA_D_4037538,13.938874244689941,13.940460205078125,ok
LA_D_4037663,14.162432670593262,14.189175605773926,ok
LA_D_4038636,16.72370719909668,16.724910736083984,ok
LA_D_4039179,10.062806129455566,10.062962532043457,ok
LA_D_4039301,16.023948669433594,16.09213638305664,ok
LA_D_4039557,13.844122886657715,13.882964134216309,ok
LA_D_4039836,17.07718849182129,17.101999282836914,ok
LA_D_4042844,15.846551895141602,15.85204792022705,ok
LA_D_4042958,12.184855461120605,12.195826530456543,ok
LA_D_4043027,-12.887964248657227,-12.891819953918457,ok
LA_D_4043035,14.990474700927734,15.002249717712402,ok
LA_D_4043306,-16.82008934020996,-16.82132339477539,ok
LA_D_4044356,15.768186569213867,15.782801628112793,ok
LA_D_4044969,14.01944637298584,14.027754783630371,ok
LA_D_4045695,12.888763427734375,12.89435863494873,ok
LA_D_4046048,14.520804405212402,14.599702835083008,ok
LA_D_4046580,11.659671783447266,11.681805610656738,ok
LA_D_4046673,15.685794830322266,15.706814765930176,ok
LA_D_4046741,12.482211112976074,12.525762557983398,ok
LA_D_4046895,13.558825492858887,13.600459098815918,ok
LA_D_4046963,15.343868255615234,15.344173431396484,ok
LA_D_4048306,16.368446350097656,16.396581649780273,ok
LA_D_4048880,10.883222579956055,10.894874572753906,ok
LA_D_4051775,12.692625045776367,12.69304084777832,ok
LA_D_4052162,12.685201644897461,12.698395729064941,ok
LA_D_4052216,-14.57475757598877,-14.59284496307373,ok
LA_D_4052276,8.713112831115723,8.71374797821045,ok
LA_D_4052746,-13.372446060180664,-13.424735069274902,ok
LA_D_4055045,7.459749698638916,7.4632391929626465,ok
LA_D_4056923,12.985810279846191,12.999120712280273,ok
LA_D_4057142,-12.111604690551758,-12.112469673156738,ok
LA_D_4057176,18.346433639526367,18.60199546813965,ok
LA_D_4058412,17.109668731689453,17.110944747924805,ok
LA_D_4058547,12.3020601272583,12.311978340148926,ok
LA_D_4058844,17.6827449798584,17.79909324645996,ok
LA_D_4061704,12.169650077819824,12.175124168395996,ok
LA_D_4062551,8.998527526855469,9.0000638961792,ok
LA_D_4062752,13.617471694946289,13.631324768066406,ok
LA_D_4063282,13.070895195007324,13.099967956542969,ok
LA_D_4064599,12.525362968444824,12.537827491760254,ok
LA_D_4067176,11.594277381896973,11.594505310058594,ok
LA_D_4067593,10.2943115234375,10.294947624206543,ok
LA_D_4067852,15.036577224731445,15.086545944213867,ok
LA_D_4067937,16.344715118408203,16.35948371887207,ok
LA_D_4069031,21.097204208374023,21.173452377319336,ok
LA_D_4070411,8.599164009094238,8.603516578674316,ok
LA_D_4071164,15.030660629272461,15.033835411071777,ok
LA_D_4072040,3.8388350009918213,3.836984872817993,ok
LA_D_4073647,11.214595794677734,11.24019718170166,ok
LA_D_4073939,19.36580467224121,19.41567039489746,ok
LA_D_4074087,19.267499923706055,19.371334075927734,ok
LA_D_4074277,13.566446304321289,13.608176231384277,ok
LA_D_4075366,10.168415069580078,10.188499450683594,ok
LA_D_4075891,13.522313117980957,13.711228370666504,ok
LA_D_4075975,18.224294662475586,18.230012893676758,ok
LA_D_4076013,15.369647979736328,15.371509552001953,ok
LA_D_4076814,-12.094510078430176,-12.09805965423584,ok
LA_D_4076908,19.44314956665039,19.524866104125977,ok
LA_D_4079102,17.23360824584961,17.247844696044922,ok
LA_D_4079359,14.404533386230469,14.405145645141602,ok
LA_D_4080966,15.016690254211426,15.046363830566406,ok
LA_D_4081483,8.188563346862793,8.225918769836426,ok
LA_D_4082852,22.839982986450195,22.84779167175293,ok
LA_D_4083446,7.71992301940918,7.71332311630249,ok
LA_D_4083478,-15.157310485839844,-15.167581558227539,ok
LA_D_4083902,12.36860466003418,12.369908332824707,ok
LA_D_4084629,13.539203643798828,13.571098327636719,ok
LA_D_4085373,10.04594612121582,10.04842472076416,ok
LA_D_4085392,20.594532012939453,20.712934494018555,ok
LA_D_4087816,14.429849624633789,14.431723594665527,ok
LA_D_4088889,10.071060180664062,10.13144588470459,ok
LA_D_4089906,12.992359161376953,13.024596214294434,ok
LA_D_4091821,13.806136131286621,13.830184936523438,ok
LA_D_4091974,15.824732780456543,15.833823204040527,ok
LA_D_4093216,16.73963737487793,16.77686882019043,ok
LA_D_4094129,15.189933776855469,15.193461418151855,ok
LA_D_4095002,15.003952980041504,15.079645156860352,ok
LA_D_4095293,-9.91303825378418,-9.919787406921387,ok
LA_D_4095496,14.567689895629883,14.582449913024902,ok
LA_D_4096026,14.958590507507324,15.040592193603516,ok
LA_D_4099396,14.371393203735352,14.386714935302734,ok
LA_D_4099499,15.4924898147583,15.500242233276367,ok
LA_D_4099596,11.641863822937012,11.6506986618042,ok
LA_D_4101216,-14.314041137695312,-14.315326690673828,ok
LA_D_4101246,16.29953956604004,16.320981979370117,ok
LA_D_4102879,14.019070625305176,14.031542778015137,ok
LA_D_4103125,15.781630516052246,15.822983741760254,ok
LA_D_4103449,3.4305293560028076,3.4485909938812256,ok
LA_D_4104036,18.134666442871094,18.139204025268555,ok
LA_D_4104349,12.386330604553223,12.387099266052246,ok
LA_D_4105672,8.635209083557129,8.636645317077637,ok
LA_D_4106360,-14.976552963256836,-14.987763404846191,ok
LA_D_4107017,16.77421760559082,16.92255401611328,ok
LA_D_4107126,15.87198543548584,15.904500007629395,ok
LA_D_4107279,10.140836715698242,10.144364356994629,ok
LA_D_4108210,11.956321716308594,11.986311912536621,ok
LA_D_4108558,15.407236099243164,15.460139274597168,ok
LA_D_4108953,12.685945510864258,12.701691627502441,ok
LA_D_4110412,15.117698669433594,15.137425422668457,ok
LA_D_4110914,15.993817329406738,15.995146751403809,ok
LA_D_4111379,12.565462112426758,12.576876640319824,ok
LA_D_4113219,14.610158920288086,14.615848541259766,ok
LA_D_4113356,12.571128845214844,12.589137077331543,ok
LA_D_4113491,15.515645980834961,15.528289794921875,ok
LA_D_4114596,16.678836822509766,16.68644905090332,ok
LA_D_4116325,10.080154418945312,10.080206871032715,ok
LA_D_4116714,13.911450386047363,13.959704399108887,ok
LA_D_4117970,10.815577507019043,10.82172679901123,ok
LA_D_4119404,14.532744407653809,14.542019844055176,ok
LA_D_4119592,12.749099731445312,12.762665748596191,ok
LA_D_4121148,12.600881576538086,12.604022979736328,ok
LA_D_4121278,12.681405067443848,12.682156562805176,ok
LA_D_4121809,8.127001762390137,8.147004127502441,ok
LA_D_4122895,15.93743896484375,15.963227272033691,ok
LA_D_4123062,17.8015079498291,17.8118839263916,ok
LA_D_4123108,12.789978981018066,12.803220748901367,ok
LA_D_4123677,-14.148163795471191,-14.177566528320312,ok
LA_D_4123679,12.960101127624512,12.983139038085938,ok
LA_D_4124707,-13.872848510742188,-13.87621021270752,ok
LA_D_4127237,12.778661727905273,12.780314445495605,ok
LA_D_4127746,11.110021591186523,11.107016563415527,ok
LA_D_4128580,11.690531730651855,11.70582389831543,ok
LA_D_4128802,12.356039047241211,12.356807708740234,ok
LA_D_4130527,15.409431457519531,15.491183280944824,ok
LA_D_4131648,18.667295455932617,18.74532127380371,ok
LA_D_4131978,12.764142990112305,12.764233589172363,ok
LA_D_4132005,17.129934310913086,17.138887405395508,ok
LA_D_4134915,11.192949295043945,11.319695472717285,ok
LA_D_4135542,13.989737510681152,13.998286247253418,ok
LA_D_4136401,10.292840957641602,10.303483009338379,ok
LA_D_4137927,-6.230325222015381,-6.239429950714111,ok
LA_D_4140612,12.93503475189209,12.94910717010498,ok
LA_D_4140711,15.33016586303711,15.349258422851562,ok
LA_D_4140724,13.763654708862305,13.808124542236328,ok
LA_D_4141520,17.050989151000977,17.092565536499023,ok
LA_D_4142294,15.431273460388184,15.453168869018555,ok
LA_D_4142832,17.569965362548828,17.593032836914062,ok
LA_D_4143632,15.878303527832031,15.894892692565918,ok
LA_D_4143635,13.094399452209473,13.096184730529785,ok
LA_D_4144411,13.20345401763916,13.33561897277832,ok
LA_D_4146741,-12.662445068359375,-12.67576789855957,ok
LA_D_4148714,16.761505126953125,16.7664794921875,ok
LA_D_4148744,12.82293701171875,12.833313941955566,ok
LA_D_4148951,12.714156150817871,12.7658109664917,ok
LA_D_4149777,15.58768081665039,15.59047794342041,ok
LA_D_4150517,17.819704055786133,17.82927894592285,ok
LA_D_4151774,-13.859757423400879,-13.863757133483887,ok
LA_D_4153076,14.344808578491211,14.344998359680176,ok
LA_D_4154332,15.268481254577637,15.325921058654785,ok
LA_D_4154887,-11.110949516296387,-11.111716270446777,ok
LA_D_4155987,17.43828010559082,17.451007843017578,ok
LA_D_4156717,16.086244583129883,16.090360641479492,ok
LA_D_4156807,-14.07486629486084,-14.110945701599121,ok
LA_D_4157572,11.126898765563965,11.130378723144531,ok
LA_D_4157946,10.465786933898926,10.490986824035645,ok
LA_D_4158625,11.901350975036621,11.90952205657959,ok
LA_D_4158867,13.40362548828125,13.419142723083496,ok
LA_D_4160780,16.748044967651367,16.761281967163086,ok
LA_D_4160962,-12.915270805358887,-12.915881156921387,ok
LA_D_4162885,12.856332778930664,12.859373092651367,ok
LA_D_4163700,19.621938705444336,19.6453914642334,ok
LA_D_4163754,14.430797576904297,14.500194549560547,ok
LA_D_4164238,13.387320518493652,13.385869979858398,ok
LA_D_4164409,15.972900390625,15.983586311340332,ok
LA_D_4164660,13.17055892944336,13.189471244812012,ok
LA_D_4164777,11.557098388671875,11.557246208190918,ok
LA_D_4165061,5.41035795211792,5.435033321380615,ok
LA_D_4166028,15.806201934814453,15.871861457824707,ok
LA_D_4166644,-15.038928985595703,-15.04333782196045,ok
LA_D_4167033,14.057141304016113,14.125544548034668,ok
LA_D_4167431,15.247404098510742,15.259712219238281,ok
LA_D_4168527,-11.162607192993164,-11.197712898254395,ok
LA_D_4169547,12.210712432861328,12.27640438079834,ok
LA_D_4171064,14.106783866882324,14.136163711547852,ok
LA_D_4171217,17.366716384887695,17.40325164794922,ok
LA_D_4171570,14.820160865783691,14.864070892333984,ok
LA_D_4171941,11.559300422668457,11.564351081848145,ok
LA_D_4172288,13.66010856628418,13.662758827209473,ok
LA_D_4173079,19.27385711669922,19.283870697021484,ok
LA_D_4174255,18.098499298095703,18.14972496032715,ok
LA_D_4174389,-13.753145217895508,-13.75537109375,ok
LA_D_4174420,-14.843035697937012,-14.852386474609375,ok
LA_D_4176167,12.394217491149902,12.39452838897705,ok
LA_D_4179863,11.826969146728516,11.847780227661133,ok
LA_D_4180382,12.059096336364746,12.067963600158691,ok
LA_D_4180571,6.608096599578857,6.597911357879639,ok
LA_D_4181398,14.788782119750977,14.80985164642334,ok
LA_D_4181484,13.665022850036621,13.668852806091309,ok
LA_D_4181824,8.795647621154785,8.795268058776855,ok
LA_D_4182338,18.94588851928711,18.991456985473633,ok
LA_D_4182510,13.50920581817627,13.523507118225098,ok
LA_D_4182578,14.931079864501953,14.981255531311035,ok
LA_D_4183063,14.248403549194336,14.26637077331543,ok
LA_D_4184441,12.538681030273438,12.57999038696289,ok
LA_D_4184582,9.909771919250488,9.925329208374023,ok
LA_D_4185000,13.76342487335205,13.791581153869629,ok
LA_D_4185259,12.834858894348145,12.840692520141602,ok
LA_D_4185261,11.436410903930664,11.439278602600098,ok
LA_D_4187195,20.244556427001953,20.246809005737305,ok
LA_D_4187375,13.254015922546387,13.254931449890137,ok
LA_D_4189838,14.625457763671875,14.630148887634277,ok
LA_D_4189888,15.5016450881958,15.530800819396973,ok
LA_D_4190213,12.241806983947754,12.241616249084473,ok
LA_D_4190797,15.334705352783203,15.353020668029785,ok
LA_D_4190801,16.137588500976562,16.139423370361328,ok
LA_D_4190863,17.976696014404297,17.976842880249023,ok
LA_D_4191166,16.610591888427734,16.61327362060547,ok
LA_D_4191537,16.2490177154541,16.266948699951172,ok
LA_D_4191582,13.155505180358887,13.163750648498535,ok
LA_D_4191752,14.020471572875977,14.02452278137207,ok
LA_D_4191826,10.725357055664062,10.728166580200195,ok
LA_D_4192008,15.581074714660645,15.58067512512207,ok
LA_D_4193632,14.529508590698242,14.59326457977295,ok
LA_D_4194240,16.65627670288086,16.660367965698242,ok
LA_D_4195024,11.412708282470703,11.419817924499512,ok
LA_D_4195342,-16.902915954589844,-16.912174224853516,ok
LA_D_4195600,15.236315727233887,15.241056442260742,ok
LA_D_4196303,14.362648010253906,14.36545467376709,ok
LA_D_4196632,14.783795356750488,14.875603675842285,ok
LA_D_4196661,14.364346504211426,14.371294975280762,ok
LA_D_4196989,16.679485321044922,16.69068717956543,ok
LA_D_4197046,12.362316131591797,12.36343765258789,ok
LA_D_4198004,-12.400684356689453,-12.412192344665527,ok
LA_D_4198326,8.961326599121094,8.963313102722168,ok
LA_D_4198486,14.425737380981445,14.430920600891113,ok
LA_D_4198686,11.857709884643555,11.862175941467285,ok
LA_D_4199273,14.35795783996582,14.368399620056152,ok
LA_D_4199363,16.24856185913086,16.25992774963379,ok
LA_D_4200118,13.197708129882812,13.209351539611816,ok
LA_D_4200741,11.083745002746582,11.083830833435059,ok
LA_D_4200824,9.599735260009766,9.599371910095215,ok
LA_D_4200974,15.370268821716309,15.382119178771973,ok
LA_D_4201607,12.076420783996582,12.07915210723877,ok
LA_D_4202629,15.14133358001709,15.149033546447754,ok
LA_D_4203364,16.23948097229004,16.245006561279297,ok
LA_D_4203374,-9.508045196533203,-9.509174346923828,ok
LA_D_4203887,14.652007102966309,14.697561264038086,ok
LA_D_4204191,14.948811531066895,14.981535911560059,ok
LA_D_4204784,13.618332862854004,13.667728424072266,ok
LA_D_4205148,6.953731536865234,6.9537672996521,ok
LA_D_4205821,15.272573471069336,15.320740699768066,ok
LA_D_4206038,16.096248626708984,16.112150192260742,ok
LA_D_4206300,14.5100736618042,14.539671897888184,ok
LA_D_4206329,12.211426734924316,12.21706485748291,ok
LA_D_4206836,9.60297966003418,9.603354454040527,ok
LA_D_4206952,13.663369178771973,13.7251558303833,ok
LA_D_4207134,15.152753829956055,15.169933319091797,ok
LA_D_4208169,10.643428802490234,10.651764869689941,ok
LA_D_4208598,17.48324966430664,17.532306671142578,ok
LA_D_4210738,13.991849899291992,14.003207206726074,ok
LA_D_4213958,13.577400207519531,13.621264457702637,ok
LA_D_4216273,17.356840133666992,17.357818603515625,ok
LA_D_4218588,12.31705093383789,12.3167085647583,ok
LA_D_4221800,-12.01452350616455,-12.019092559814453,ok
LA_D_4223757,9.990345001220703,9.989581108093262,ok
LA_D_4224687,16.737062454223633,16.753652572631836,ok
LA_D_4225333,19.31546974182129,19.323156356811523,ok
LA_D_4225742,17.464799880981445,17.497194290161133,ok
LA_D_4226126,11.990307807922363,11.987707138061523,ok
LA_D_4228094,15.257399559020996,15.307211875915527,ok
LA_D_4228550,5.848355770111084,5.848752498626709,ok
LA_D_4228555,13.595928192138672,13.61168098449707,ok
LA_D_4230212,8.678287506103516,8.709246635437012,ok
LA_D_4231134,17.893999099731445,17.936960220336914,ok
LA_D_4231438,17.517108917236328,17.574647903442383,ok
LA_D_4231672,19.998191833496094,20.07101058959961,ok
LA_D_4232791,6.39688777923584,6.388045310974121,ok
LA_D_4232929,17.37702751159668,17.424226760864258,ok
LA_D_4234032,13.955880165100098,13.959906578063965,ok
LA_D_4234629,15.512967109680176,15.596212387084961,ok
LA_D_4235390,-14.594918251037598,-14.606673240661621,ok
LA_D_4236528,13.039819717407227,13.077338218688965,ok
LA_D_4236787,13.938976287841797,13.96352767944336,ok
LA_D_4239074,-15.314582824707031,-15.325427055358887,ok
LA_D_4239546,20.824390411376953,20.829275131225586,ok
LA_D_4239778,11.207881927490234,11.260575294494629,ok
LA_D_4239904,16.101150512695312,16.21632957458496,ok
LA_D_4240232,14.824789047241211,14.830560684204102,ok
LA_D_4240572,17.739418029785156,17.73981475830078,ok
LA_D_4241032,11.944256782531738,12.013532638549805,ok
LA_D_4243835,14.574702262878418,14.583789825439453,ok
LA_D_4246171,-17.332651138305664,-17.338876724243164,ok
LA_D_4246414,18.1651611328125,18.186208724975586,ok
LA_D_4246754,15.911437034606934,15.912040710449219,ok
LA_D_4246774,16.64314079284668,16.77073860168457,ok
LA_D_4246993,-7.497284412384033,-7.507964611053467,ok
LA_D_4248918,-14.253934860229492,-14.26290225982666,ok
LA_D_4249169,13.611821174621582,13.614460945129395,ok
LA_D_4249206,13.918389320373535,13.9475679397583,ok
LA_D_4249243,14.327967643737793,14.333697319030762,ok
LA_D_4249444,11.274785995483398,11.290738105773926,ok
LA_D_4250284,11.664847373962402,11.674568176269531,ok
LA_D_4251305,13.618886947631836,13.619368553161621,ok
LA_D_4253070,14.397008895874023,14.397530555725098,ok
LA_D_4253580,18.676349639892578,18.70775032043457,ok
LA_D_4254213,12.485544204711914,12.511307716369629,ok
LA_D_4254629,13.95771598815918,13.984421730041504,ok
LA_D_4255574,16.225706100463867,16.257904052734375,ok
LA_D_4256004,9.044939994812012,9.046172142028809,ok
LA_D_4256065,7.651226043701172,7.6772589683532715,ok
LA_D_4256903,12.945623397827148,12.947527885437012,ok
LA_D_4258777,14.553465843200684,14.564777374267578,ok
LA_D_4258858,16.03267478942871,16.086719512939453,ok
LA_D_4258977,16.315078735351562,16.314943313598633,ok
LA_D_4259040,14.841876029968262,14.846938133239746,ok
LA_D_4259794,16.588014602661133,16.70209312438965,ok
LA_D_4260004,15.110584259033203,15.126391410827637,ok
LA_D_4260320,15.930991172790527,15.969987869262695,ok
LA_D_4261339,14.590055465698242,14.608768463134766,ok
LA_D_4262014,13.249589920043945,13.30899715423584,ok
LA_D_4262940,13.30823040008545,13.31594181060791,ok
LA_D_4263760,15.192001342773438,15.19308090209961,ok
LA_D_4264656,14.210583686828613,14.214863777160645,ok
LA_D_4264923,11.720893859863281,11.752589225769043,ok
LA_D_4265472,13.04309368133545,13.045907020568848,ok
LA_D_4265541,10.028576850891113,10.04327392578125,ok
LA_D_4266524,16.000991821289062,16.021652221679688,ok
LA_D_4269476,13.612682342529297,13.613286972045898,ok
LA_D_4270306,9.99278736114502,10.030070304870605,ok
LA_D_4272619,13.180353164672852,13.19383716583252,ok
LA_D_4272960,14.701631546020508,14.705521583557129,ok
LA_D_4274327,14.464195251464844,14.51330852508545,ok
LA_D_4274975,-12.554261207580566,-12.556136131286621,ok
LA_D_4274981,9.073869705200195,9.071553230285645,ok
LA_D_4276883,13.311666488647461,13.329090118408203,ok
LA_D_4277166,19.853713989257812,19.91742515563965,ok
LA_D_4277377,13.21955394744873,13.231492042541504,ok
LA_D_4277712,14.824297904968262,14.847249031066895,ok
LA_D_4278889,15.404227256774902,15.416088104248047,ok
LA_D_4279179,11.968940734863281,11.983798027038574,ok
LA_D_4279522,-14.974245071411133,-14.997145652770996,ok
LA_D_4280433,14.320060729980469,14.341485023498535,ok
LA_D_4281656,11.839838027954102,11.868170738220215,ok
LA_D_4281667,16.510601043701172,16.51603889465332,ok
LA_D_4282533,12.298154830932617,12.304193496704102,ok
LA_D_4282724,-11.91126823425293,-11.916609764099121,ok
LA_D_4283190,21.22109031677246,21.416215896606445,ok
LA_D_4284194,8.421244621276855,8.420652389526367,ok
LA_D_4285827,18.687986373901367,18.689899444580078,ok
LA_D_4286664,11.235116004943848,11.235673904418945,ok
LA_D_4289169,13.55036735534668,13.55044937133789,ok
LA_D_4290017,16.048460006713867,16.10686683654785,ok
LA_D_4291104,10.795671463012695,10.813511848449707,ok
LA_D_4293112,-14.073392868041992,-14.083261489868164,ok
LA_D_4293326,13.356475830078125,13.36457633972168,ok
LA_D_4293774,15.408740997314453,15.433680534362793,ok
LA_D_4293805,14.887327194213867,14.911675453186035,ok
LA_D_4294751,15.457715034484863,15.47019100189209,ok
LA_D_4296133,13.750882148742676,13.750754356384277,ok
LA_D_4296893,17.05337905883789,17.095861434936523,ok
LA_D_4297095,16.613941192626953,16.667388916015625,ok
LA_D_4297354,14.975838661193848,15.045522689819336,ok
LA_D_4297667,15.085975646972656,15.145834922790527,ok
LA_D_4300523,17.484516143798828,17.504796981811523,ok
LA_D_4301521,9.894186973571777,9.902934074401855,ok
LA_D_4301954,9.931415557861328,9.932147026062012,ok
LA_D_4302088,10.922691345214844,10.93321704864502,ok
LA_D_4302254,17.139724731445312,17.193357467651367,ok
LA_D_4302814,16.352603912353516,16.372358322143555,ok
LA_D_4304225,12.618006706237793,12.61976146697998,ok
LA_D_4304868,-13.118988990783691,-13.13249397277832,ok
LA_D_4306636,10.026549339294434,10.026688575744629,ok
LA_D_4308561,14.957887649536133,15.022863388061523,ok
LA_D_4309122,14.062031745910645,14.073564529418945,ok
LA_D_4309636,16.84596061706543,16.84720802307129,ok
LA_D_4309711,-4.851778030395508,-4.861242771148682,ok
LA_D_4311841,16.554210662841797,16.57109260559082,ok
LA_D_4311857,19.45534324645996,19.478580474853516,ok
LA_D_4315355,14.201460838317871,14.209609031677246,ok
LA_D_4318753,-11.733750343322754,-11.749024391174316,ok
LA_D_4319137,11.111117362976074,11.127143859863281,ok
LA_D_4320036,-3.616297721862793,-3.6203079223632812,ok
LA_D_4320182,15.1412992477417,15.169312477111816,ok
LA_D_4321061,14.68997573852539,14.691112518310547,ok
LA_D_4322439,21.000532150268555,21.057756423950195,ok
LA_D_4322842,10.613615989685059,10.61337947845459,ok
LA_D_4324080,11.949182510375977,11.950596809387207,ok
LA_D_4324943,12.592226028442383,12.595672607421875,ok
LA_D_4326060,11.67337703704834,11.684450149536133,ok
LA_D_4326894,17.411296844482422,17.4451961517334,ok
LA_D_4329029,16.34259605407715,16.367727279663086,ok
LA_D_4330465,18.81464958190918,18.935195922851562,ok
LA_D_4330927,13.922402381896973,13.943205833435059,ok
LA_D_4331052,16.098766326904297,16.111669540405273,ok
LA_D_4332689,17.018146514892578,17.037919998168945,ok
LA_D_4332784,16.15825843811035,16.234336853027344,ok
LA_D_4333191,16.110567092895508,16.119766235351562,ok
LA_D_4333326,10.804150581359863,10.811440467834473,ok
LA_D_4335525,19.105478286743164,19.147836685180664,ok
LA_D_4335932,12.863651275634766,12.866433143615723,ok
LA_D_4337797,17.483243942260742,17.493410110473633,ok
LA_D_4338785,-14.461052894592285,-14.473860740661621,ok
LA_D_4338918,12.661446571350098,12.676460266113281,ok
LA_D_4339384,15.258157730102539,15.261652946472168,ok
LA_D_4339387,17.713483810424805,17.729116439819336,ok
LA_D_4339462,18.9141902923584,18.93564796447754,ok
LA_D_4339595,12.866350173950195,12.876587867736816,ok
LA_D_4339686,14.22625732421875,14.255463600158691,ok
LA_D_4339929,16.860092163085938,16.95842170715332,ok
LA_D_4340193,17.85260581970215,17.88148307800293,ok
LA_D_4341247,8.222447395324707,8.223361015319824,ok
LA_D_4341889,-12.618327140808105,-12.619413375854492,ok
LA_D_4342639,13.348127365112305,13.399321556091309,ok
LA_D_4342949,16.341629028320312,16.347856521606445,ok
LA_D_4343772,16.341102600097656,16.3760929107666,ok
LA_D_4344112,15.4850435256958,15.484589576721191,ok
LA_D_4344125,13.131397247314453,13.151611328125,ok
LA_D_4344547,13.481557846069336,13.508760452270508,ok
LA_D_4344561,13.842606544494629,13.922876358032227,ok
LA_D_4344587,13.923426628112793,13.929322242736816,ok
LA_D_4344989,12.324841499328613,12.345601081848145,ok
LA_D_4347397,12.94251537322998,12.979942321777344,ok
LA_D_4347644,11.68717098236084,11.688273429870605,ok
LA_D_4348250,17.04688262939453,17.063814163208008,ok
LA_D_4348413,4.891974449157715,4.890518665313721,ok
LA_D_4350243,9.630646705627441,9.666563034057617,ok
LA_D_4350271,-14.330080032348633,-14.333441734313965,ok
LA_D_4353332,11.125426292419434,11.13160228729248,ok
LA_D_4354056,-15.341126441955566,-15.37110424041748,ok
LA_D_4354832,14.98095989227295,14.985556602478027,ok
LA_D_4355155,14.873655319213867,14.882135391235352,ok
LA_D_4356104,14.193060874938965,14.209558486938477,ok
LA_D_4356541,-14.262585639953613,-14.279438972473145,ok
LA_D_4356737,16.515621185302734,16.54722023010254,ok
LA_D_4357087,14.254495620727539,14.27127742767334,ok
LA_D_4357332,13.298635482788086,13.30409049987793,ok
LA_D_4358018,14.904662132263184,14.92195987701416,ok
LA_D_4358026,17.447233200073242,17.44706916809082,ok
LA_D_4359265,6.24655818939209,6.271188735961914,ok
LA_D_4359700,9.872655868530273,9.881146430969238,ok
LA_D_4360961,7.939486980438232,7.943160533905029,ok
LA_D_4362724,18.874109268188477,18.940580368041992,ok
LA_D_4363125,13.724871635437012,13.72245979309082,ok
LA_D_4365682,12.059146881103516,12.062969207763672,ok
LA_D_4367665,-16.714746475219727,-16.734590530395508,ok
LA_D_4368080,16.95021629333496,16.998083114624023,ok
LA_D_4368585,11.329097747802734,11.33321475982666,ok
LA_D_4371142,-13.152981758117676,-13.163087844848633,ok
LA_D_4371820,14.666192054748535,14.67722225189209,ok
LA_D_4372021,6.617122173309326,6.617849826812744,ok
LA_D_4372323,13.681085586547852,13.720197677612305,ok
LA_D_4373476,8.899880409240723,8.90520191192627,ok
LA_D_4373860,14.162365913391113,14.18805980682373,ok
LA_D_4374868,16.823291778564453,16.843019485473633,ok
LA_D_4375717,6.235290050506592,6.236571788787842,ok
LA_D_4375763,8.938885688781738,8.999342918395996,ok
LA_D_4376066,13.76332950592041,13.85104751586914,ok
LA_D_4377114,9.586528778076172,9.587116241455078,ok
LA_D_4378003,12.45981502532959,12.502518653869629,ok
LA_D_4378419,13.339224815368652,13.505986213684082,ok
LA_D_4382110,13.167433738708496,13.230382919311523,ok
LA_D_4382584,15.821761131286621,15.841168403625488,ok
LA_D_4382768,15.333322525024414,15.407049179077148,ok
LA_D_4384335,13.320761680603027,13.323847770690918,ok
LA_D_4385188,13.399182319641113,13.410751342773438,ok
LA_D_4385637,11.394954681396484,11.397675514221191,ok
LA_D_4386137,11.648701667785645,11.652094841003418,ok
LA_D_4386823,-14.062277793884277,-14.109135627746582,ok
LA_D_4387141,2.773733615875244,2.7643015384674072,ok
LA_D_4388836,13.3504638671875,13.369612693786621,ok
LA_D_4389304,11.383292198181152,11.383017539978027,ok
LA_D_4389927,13.362051963806152,13.461965560913086,ok
LA_D_4390516,7.84827184677124,7.841405868530273,ok
LA_D_4391860,8.22510814666748,8.239206314086914,ok
LA_D_4394367,17.083587646484375,17.135866165161133,ok
LA_D_4394399,15.422304153442383,15.508700370788574,ok
LA_D_4395658,12.48715877532959,12.48779582977295,ok
LA_D_4396214,12.080730438232422,12.08973217010498,ok
LA_D_4396892,14.212047576904297,14.3353853225708,ok
LA_D_4397003,16.554643630981445,16.58891487121582,ok
LA_D_4397064,13.443260192871094,13.444009780883789,ok
LA_D_4397256,13.736541748046875,13.778998374938965,ok
LA_D_4398059,13.363435745239258,13.363741874694824,ok
LA_D_4398399,14.494318962097168,14.494366645812988,ok
LA_D_4399191,17.498727798461914,17.501035690307617,ok
LA_D_4399431,15.358718872070312,15.438916206359863,ok
LA_D_4399466,11.569750785827637,11.586773872375488,ok
LA_D_4399522,-11.512358665466309,-11.516651153564453,ok
LA_D_4401526,10.0869722366333,10.087794303894043,ok
LA_D_4401633,-9.455289840698242,-9.460835456848145,ok
LA_D_4401901,12.414703369140625,12.415026664733887,ok
LA_D_4402259,14.281847953796387,14.290007591247559,ok
LA_D_4402495,13.469719886779785,13.490374565124512,ok
LA_D_4402714,-14.936771392822266,-14.939091682434082,ok
LA_D_4402866,16.610021591186523,16.62336540222168,ok
LA_D_4404330,13.70363998413086,13.706570625305176,ok
LA_D_4407003,13.955851554870605,13.964800834655762,ok
LA_D_4407357,14.157318115234375,14.166560173034668,ok
LA_D_4407498,15.195123672485352,15.197480201721191,ok
LA_D_4407872,11.991393089294434,12.013288497924805,ok
LA_D_4409009,17.39714241027832,17.43913459777832,ok
LA_D_4409637,11.9180908203125,11.919468879699707,ok
LA_D_4411229,20.40386390686035,20.452322006225586,ok
LA_D_4411557,9.249297142028809,9.25673770904541,ok
LA_D_4411643,13.477209091186523,13.581259727478027,ok
LA_D_4411754,-14.4185791015625,-14.45462417602539,ok
LA_D_4411966,10.36592960357666,10.376914978027344,ok
LA_D_4412539,12.187383651733398,12.193944931030273,ok
LA_D_4412972,16.14505386352539,16.23413848876953,ok
LA_D_4413908,15.398652076721191,15.46462345123291,ok
LA_D_4414981,16.91473388671875,16.916751861572266,ok
LA_D_4415743,12.903216361999512,12.907998085021973,ok
LA_D_4416329,12.022278785705566,12.025837898254395,ok
LA_D_4416737,14.333273887634277,14.349818229675293,ok
LA_D_4418265,10.97856330871582,10.983048439025879,ok
LA_D_4418754,17.020164489746094,17.027851104736328,ok
LA_D_4419471,20.250158309936523,20.26993751525879,ok
LA_D_4421402,12.575796127319336,12.598173141479492,ok
LA_D_4421531,13.349797248840332,13.347275733947754,ok
LA_D_4422512,-10.690185546875,-10.692839622497559,ok
LA_D_4427641,7.245142936706543,7.250762939453125,ok
LA_D_4427871,15.226436614990234,15.229270935058594,ok
LA_D_4429476,17.16789436340332,17.194948196411133,ok
LA_D_4430284,14.396409034729004,14.404539108276367,ok
LA_D_4430789,16.030025482177734,16.152084350585938,ok
LA_D_4432534,11.12337875366211,11.162318229675293,ok
LA_D_4432873,13.503488540649414,13.523170471191406,ok
LA_D_4433509,-11.854194641113281,-11.854817390441895,ok
LA_D_4434620,13.633443832397461,13.656928062438965,ok
LA_D_4434827,19.192569732666016,19.2379207611084,ok
LA_D_4436213,11.709829330444336,11.7116060256958,ok
LA_D_4436601,13.498517036437988,13.500118255615234,ok
LA_D_4437561,12.804157257080078,12.830900192260742,ok
LA_D_4437954,8.623647689819336,8.62636947631836,ok
LA_D_4438261,12.90782356262207,12.920771598815918,ok
LA_D_4438405,12.94558334350586,12.956809043884277,ok
LA_D_4440657,17.08180809020996,17.111648559570312,ok
LA_D_4441414,11.99332332611084,12.012961387634277,ok
LA_D_4441987,-8.66103744506836,-8.709208488464355,ok
LA_D_4442289,14.064935684204102,14.079930305480957,ok
LA_D_4442511,11.944539070129395,11.947379112243652,ok
LA_D_4445174,14.220584869384766,14.244223594665527,ok
LA_D_4445250,-14.388778686523438,-14.416194915771484,ok
LA_D_4446874,14.820258140563965,14.868765830993652,ok
LA_D_4447831,12.361570358276367,12.369072914123535,ok
LA_D_4448951,14.875577926635742,14.886805534362793,ok
LA_D_4448977,15.097787857055664,15.131195068359375,ok
LA_D_4449596,14.317354202270508,14.32551383972168,ok
LA_D_4450404,13.900656700134277,13.916552543640137,ok
LA_D_4451989,13.990623474121094,14.04035472869873,ok
LA_D_4452476,12.468729019165039,12.474761009216309,ok
LA_D_4452994,19.721725463867188,19.78327178955078,ok
LA_D_4453721,14.871471405029297,14.935271263122559,ok
LA_D_4453838,16.796005249023438,16.8070011138916,ok
LA_D_4455937,10.308526992797852,10.314055442810059,ok
LA_D_4457189,-2.740894317626953,-2.7571346759796143,ok
LA_D_4458062,17.067291259765625,17.086362838745117,ok
LA_D_4458668,9.47473430633545,9.494452476501465,ok
LA_D_4459406,13.715099334716797,13.730786323547363,ok
LA_D_4459748,8.620810508728027,8.623236656188965,ok
LA_D_4459933,12.457218170166016,12.45918083190918,ok
LA_D_4460089,15.299553871154785,15.305829048156738,ok
LA_D_4460163,7.745503902435303,7.759073734283447,ok
LA_D_4461485,13.086400032043457,13.086699485778809,ok
LA_D_4462615,-12.773636817932129,-12.792184829711914,ok
LA_D_4463511,14.914223670959473,14.926989555358887,ok
LA_D_4463930,10.292864799499512,10.293108940124512,ok
LA_D_4464967,14.028303146362305,14.028264045715332,ok
LA_D_4467077,13.925692558288574,13.963162422180176,ok
LA_D_4467119,12.204939842224121,12.225285530090332,ok
LA_D_4468016,-13.250940322875977,-13.271876335144043,ok
LA_D_4469053,-15.65656566619873,-15.661187171936035,ok
LA_D_4469400,12.505714416503906,12.558344841003418,ok
LA_D_4469413,9.0219144821167,9.033612251281738,ok
LA_D_4471810,12.307281494140625,12.311291694641113,ok
LA_D_4472082,22.452651977539062,22.507137298583984,ok
LA_D_4472623,13.04735279083252,13.059173583984375,ok
LA_D_4472967,14.794099807739258,14.803196907043457,ok
LA_D_4474720,17.411611557006836,17.432580947875977,ok
LA_D_4475454,14.682973861694336,14.678857803344727,ok
LA_D_4475626,-13.073202133178711,-13.076162338256836,ok
LA_D_4476116,15.145623207092285,15.15131664276123,ok
LA_D_4476408,16.26202964782715,16.26620101928711,ok
LA_D_4477471,15.68302059173584,15.730301856994629,ok
LA_D_4481672,13.914173126220703,13.925703048706055,ok
LA_D_4482667,13.919608116149902,13.921486854553223,ok
LA_D_4483013,14.693580627441406,14.730504035949707,ok
LA_D_4484594,17.67418098449707,17.846824645996094,ok
LA_D_4485182,-6.180822849273682,-6.190023899078369,ok
LA_D_4485320,18.48567771911621,18.525978088378906,ok
LA_D_4485361,15.033884048461914,15.045584678649902,ok
LA_D_4485889,11.6895170211792,11.69457721710205,ok
LA_D_4486700,14.712211608886719,14.734198570251465,ok
LA_D_4487386,17.555561065673828,17.608217239379883,ok
LA_D_4487653,20.249155044555664,20.25443458557129,ok
LA_D_4487745,15.487078666687012,15.534817695617676,ok
LA_D_4487776,10.699913024902344,10.715271949768066,ok
LA_D_4488152,14.209982872009277,14.243433952331543,ok
LA_D_4488391,12.221810340881348,12.262494087219238,ok
LA_D_4488718,19.741018295288086,19.76774787902832,ok
LA_D_4488788,15.256937026977539,15.367002487182617,ok
LA_D_4488838,14.626205444335938,14.655782699584961,ok
LA_D_4489969,-15.497759819030762,-15.501504898071289,ok
LA_D_4490548,12.948575973510742,12.95913314819336,ok
LA_D_4491910,20.991872787475586,20.995180130004883,ok
LA_D_4492452,14.988875389099121,15.029467582702637,ok
LA_D_4492847,-3.1798720359802246,-3.2020645141601562,ok
LA_D_4494703,15.438302040100098,15.55630874633789,ok
LA_D_4496115,11.679152488708496,11.700004577636719,ok
LA_D_4497485,23.97411346435547,24.000972747802734,ok
LA_D_4498003,13.676034927368164,13.688572883605957,ok
LA_D_4499351,18.353561401367188,18.354646682739258,ok
LA_D_4499477,13.114446640014648,13.116193771362305,ok
LA_D_4500243,-13.061240196228027,-13.190658569335938,ok
LA_D_4502872,15.325188636779785,15.343916893005371,ok
LA_D_4504946,11.506499290466309,11.510692596435547,ok
LA_D_4505123,10.887267112731934,10.944144248962402,ok
LA_D_4505290,10.451553344726562,10.509594917297363,ok
LA_D_4505937,8.385759353637695,8.385454177856445,ok
LA_D_4506133,14.523114204406738,14.543720245361328,ok
LA_D_4506633,11.377668380737305,11.379881858825684,ok
LA_D_4507888,13.144614219665527,13.163335800170898,ok
LA_D_4509357,14.772525787353516,14.780207633972168,ok
LA_D_4510369,10.534170150756836,10.537066459655762,ok
LA_D_4511424,13.38115406036377,13.445493698120117,ok
LA_D_4512980,16.68146324157715,16.706653594970703,ok
LA_D_4513531,-12.65192699432373,-12.659533500671387,ok
LA_D_4514090,15.761592864990234,15.81564998626709,ok
LA_D_4514194,19.673107147216797,19.788320541381836,ok
LA_D_4515281,14.887360572814941,14.887755393981934,ok
LA_D_4516804,-14.39069652557373,-14.395586967468262,ok
LA_D_4516952,10.04902172088623,10.050032615661621,ok
LA_D_4518823,12.410318374633789,12.53111457824707,ok
LA_D_4519635,18.094928741455078,18.101795196533203,ok
LA_D_4520104,-12.91466236114502,-12.92798900604248,ok
LA_D_4522480,14.101692199707031,14.122319221496582,ok
LA_D_4523165,9.556243896484375,9.578128814697266,ok
LA_D_4524225,18.087509155273438,18.095422744750977,ok
LA_D_4526494,17.610595703125,17.639060974121094,ok
LA_D_4526867,12.33123779296875,12.349578857421875,ok
LA_D_4527422,13.254606246948242,13.268342018127441,ok
LA_D_4527658,15.170482635498047,15.191191673278809,ok
LA_D_4528435,10.929264068603516,10.983918190002441,ok
LA_D_4529395,16.927101135253906,16.934648513793945,ok
LA_D_4529749,8.55331039428711,8.580961227416992,ok
LA_D_4530249,11.50448226928711,11.504939079284668,ok
LA_D_4530450,-12.8195161819458,-12.82143497467041,ok
LA_D_4530557,11.31430435180664,11.34436321258545,ok
LA_D_4532710,12.134909629821777,12.153117179870605,ok
LA_D_4533373,12.00593376159668,12.031168937683105,ok
LA_D_4537572,11.733201026916504,11.75615406036377,ok
LA_D_4538385,12.690887451171875,12.704079627990723,ok
LA_D_4538751,14.667916297912598,14.681578636169434,ok
LA_D_4539356,11.932985305786133,11.957413673400879,ok
LA_D_4540134,14.188145637512207,14.189600944519043,ok
LA_D_4540166,-12.711109161376953,-12.71630573272705,ok
LA_D_4540622,16.85015106201172,16.864721298217773,ok
LA_D_4540896,15.762859344482422,15.79348373413086,ok
LA_D_4541749,13.91826343536377,14.074799537658691,ok
LA_D_4541793,10.600062370300293,10.600817680358887,ok
LA_D_4541895,17.509082794189453,17.570837020874023,ok
LA_D_4542234,12.648728370666504,12.664437294006348,ok
LA_D_4542657,13.757264137268066,13.762541770935059,ok
LA_D_4542806,14.900229454040527,14.913504600524902,ok
LA_D_4542962,15.845480918884277,15.865129470825195,ok
LA_D_4543139,13.194453239440918,13.210921287536621,ok
LA_D_4544395,12.887931823730469,12.962124824523926,ok
LA_D_4544796,13.765375137329102,13.765746116638184,ok
LA_D_4545053,16.408599853515625,16.480133056640625,ok
LA_D_4545082,12.675580978393555,12.679795265197754,ok
LA_D_4545884,13.130413055419922,13.203465461730957,ok
LA_D_4546481,-10.429112434387207,-10.441484451293945,ok
LA_D_4547626,14.116865158081055,14.136167526245117,ok
LA_D_4548556,13.89400577545166,13.9010648727417,ok
LA_D_4550388,14.727705001831055,14.758882522583008,ok
LA_D_4551336,-14.16431999206543,-14.17077350616455,ok
LA_D_4551409,11.352056503295898,11.36281681060791,ok
LA_D_4551639,14.582864761352539,14.699066162109375,ok
LA_D_4551946,12.774847984313965,12.801526069641113,ok
LA_D_4552327,-14.870311737060547,-14.949687957763672,ok
LA_D_4552584,14.913156509399414,14.919182777404785,ok
LA_D_4552742,18.700889587402344,18.753665924072266,ok
LA_D_4554165,12.626710891723633,12.626163482666016,ok
LA_D_4554509,14.11120891571045,14.1752347946167,ok
LA_D_4555408,14.346670150756836,14.35034465789795,ok
LA_D_4556349,13.408866882324219,13.449631690979004,ok
LA_D_4557906,17.4305477142334,17.431459426879883,ok
LA_D_4558500,8.359643936157227,8.362774848937988,ok
LA_D_4561179,16.665311813354492,16.67120361328125,ok
LA_D_4562728,10.176727294921875,10.182316780090332,ok
LA_D_4562819,14.572608947753906,14.572794914245605,ok
LA_D_4562820,17.939455032348633,17.950044631958008,ok
LA_D_4564375,14.321240425109863,14.325312614440918,ok
LA_D_4565223,15.091064453125,15.141484260559082,ok
LA_D_4567317,13.684920310974121,13.678431510925293,ok
LA_D_4567649,16.442270278930664,16.442596435546875,ok
LA_D_4567671,15.395221710205078,15.40018367767334,ok
LA_D_4567965,12.632312774658203,12.634317398071289,ok
LA_D_4568975,10.481744766235352,10.496501922607422,ok
LA_D_4571818,-13.631104469299316,-13.692912101745605,ok
LA_D_4572219,12.594372749328613,12.613722801208496,ok
LA_D_4573144,15.763554573059082,15.79668140411377,ok
LA_D_4573581,14.17216968536377,14.197519302368164,ok
LA_D_4573944,11.61407470703125,11.616192817687988,ok
LA_D_4574274,-12.117130279541016,-12.120331764221191,ok
LA_D_4575411,15.497612953186035,15.54880142211914,ok
LA_D_4575624,18.137170791625977,18.141008377075195,ok
LA_D_4577893,14.232608795166016,14.2382173538208,ok
LA_D_4579960,18.36006736755371,18.434724807739258,ok
LA_D_4580301,-14.592432022094727,-14.613184928894043,ok
LA_D_4580639,18.98477554321289,18.985965728759766,ok
LA_D_4581451,7.781604290008545,7.78346061706543,ok
LA_D_4582769,17.754920959472656,17.91518211364746,ok
LA_D_4583096,12.23515510559082,12.24051570892334,ok
LA_D_4583777,11.122608184814453,11.138754844665527,ok
LA_D_4583809,11.734152793884277,11.735920906066895,ok
LA_D_4584142,10.158470153808594,10.195815086364746,ok
LA_D_4585046,10.5819673538208,10.582523345947266,ok
LA_D_4585137,14.916114807128906,14.91617488861084,ok
LA_D_4585435,12.625621795654297,12.689583778381348,ok
LA_D_4585593,16.51982879638672,16.53151512145996,ok
LA_D_4586638,15.228117942810059,15.308684349060059,ok
LA_D_4586853,-9.16848087310791,-9.17017650604248,ok
LA_D_4588355,14.563003540039062,14.58023452758789,ok
LA_D_4589187,13.168742179870605,13.182731628417969,ok
LA_D_4590771,15.269325256347656,15.29554271697998,ok
LA_D_4591057,12.394933700561523,12.432538032531738,ok
LA_D_4592786,23.266529083251953,23.406784057617188,ok
LA_D_4593106,12.46000862121582,12.47331714630127,ok
LA_D_4593298,14.300154685974121,14.451563835144043,ok
LA_D_4593541,9.76305103302002,9.76414966583252,ok
LA_D_4593675,15.525084495544434,15.536787986755371,ok
LA_D_4594870,13.806422233581543,13.80673599243164,ok
LA_D_4595256,13.746228218078613,13.74588394165039,ok
LA_D_4598556,13.80647087097168,13.820751190185547,ok
LA_D_4598678,10.536121368408203,10.540314674377441,ok
LA_D_4599014,10.748191833496094,10.75011157989502,ok
LA_D_4599790,20.068927764892578,20.08213233947754,ok
LA_D_4599849,18.225767135620117,18.237226486206055,ok
LA_D_4601171,11.094202995300293,11.09497356414795,ok
LA_D_4601520,12.348523139953613,12.36169147491455,ok
LA_D_4601616,10.907368659973145,10.90527057647705,ok
LA_D_4601843,12.779977798461914,12.783671379089355,ok
LA_D_4602617,12.197864532470703,12.216349601745605,ok
LA_D_4602795,12.518030166625977,12.519530296325684,ok
LA_D_4603625,-13.277702331542969,-13.279426574707031,ok
LA_D_4603798,14.00778579711914,14.027173042297363,ok
LA_D_4603886,16.46335220336914,16.4715576171875,ok
LA_D_4606355,14.998710632324219,15.014328956604004,ok
LA_D_4606442,-11.930370330810547,-12.054884910583496,ok
LA_D_4608336,16.81174087524414,16.839387893676758,ok
LA_D_4609401,12.412652015686035,12.416901588439941,ok
LA_D_4610013,15.61507797241211,15.648573875427246,ok
LA_D_4610210,13.886146545410156,13.906795501708984,ok
LA_D_4610422,13.901095390319824,13.943013191223145,ok
LA_D_4611322,15.506926536560059,15.533659934997559,ok
LA_D_4613712,9.184809684753418,9.18513011932373,ok
LA_D_4615442,15.197709083557129,15.247761726379395,ok
LA_D_4617063,13.137675285339355,13.149163246154785,ok
LA_D_4617565,13.844636917114258,13.866499900817871,ok
LA_D_4620892,-12.691418647766113,-12.695097923278809,ok
LA_D_4623751,16.825044631958008,16.851442337036133,ok
LA_D_4624019,2.3164803981781006,2.3132567405700684,ok
LA_D_4626331,-11.198033332824707,-11.20159912109375,ok
LA_D_4626453,16.57893180847168,16.581253051757812,ok
LA_D_4626552,13.519253730773926,13.536837577819824,ok
LA_D_4627319,12.217851638793945,12.218629837036133,ok
LA_D_4627714,15.338404655456543,15.37357234954834,ok
LA_D_4628640,15.141281127929688,15.185052871704102,ok
LA_D_4629056,5.133271217346191,5.1333136558532715,ok
LA_D_4629979,14.487672805786133,14.487805366516113,ok
LA_D_4631033,14.583479881286621,14.59331226348877,ok
LA_D_4631627,12.667130470275879,12.667450904846191,ok
LA_D_4637561,11.128020286560059,11.137401580810547,ok
LA_D_4637943,15.936531066894531,15.981614112854004,ok
LA_D_4638718,15.424614906311035,15.454545021057129,ok
LA_D_4644831,-11.7224702835083,-11.72716236114502,ok
LA_D_4645660,-13.346871376037598,-13.36835765838623,ok
LA_D_4646934,-9.861468315124512,-9.886813163757324,ok
LA_D_4647613,16.358945846557617,16.414165496826172,ok
LA_D_4647964,14.687557220458984,14.699596405029297,ok
LA_D_4648402,5.229785442352295,5.216685771942139,ok
LA_D_4649265,20.206390380859375,20.218442916870117,ok
LA_D_4650704,14.243673324584961,14.258566856384277,ok
LA_D_4650788,13.156393051147461,13.16412353515625,ok
LA_D_4650858,15.860245704650879,16.068941116333008,ok
LA_D_4653523,10.579421997070312,10.593567848205566,ok
LA_D_4653609,14.019394874572754,14.026540756225586,ok
LA_D_4653724,14.079830169677734,14.109910011291504,ok
LA_D_4654776,13.467384338378906,13.472779273986816,ok
LA_D_4654807,16.137895584106445,16.16149139404297,ok
LA_D_4657076,12.121190071105957,12.125727653503418,ok
LA_D_4662010,13.666163444519043,13.683008193969727,ok
LA_D_4662308,12.826622009277344,12.833876609802246,ok
LA_D_4663919,-16.275922775268555,-16.30889892578125,ok
LA_D_4665317,9.553720474243164,9.555131912231445,ok
LA_D_4665366,17.71702766418457,17.746387481689453,ok
LA_D_4666647,-12.894965171813965,-12.923855781555176,ok
LA_D_4667621,-13.583935737609863,-13.680460929870605,ok
LA_D_4668049,14.36711311340332,14.395894050598145,ok
LA_D_4668862,19.085296630859375,19.104581832885742,ok
LA_D_4669726,9.014387130737305,9.048245429992676,ok
LA_D_4673693,16.01137351989746,16.0523738861084,ok
LA_D_4673712,14.988361358642578,15.042552947998047,ok
LA_D_4673891,14.332240104675293,14.340883255004883,ok
LA_D_4674363,13.893843650817871,13.920379638671875,ok
LA_D_4674650,-14.607004165649414,-14.716317176818848,ok
LA_D_4678507,14.935992240905762,14.941906929016113,ok
LA_D_4678519,10.221548080444336,10.228472709655762,ok
LA_D_4678659,20.27776336669922,20.319978713989258,ok
LA_D_4679930,14.530645370483398,14.537403106689453,ok
LA_D_4680031,11.173303604125977,11.17042064666748,ok
LA_D_4681179,10.575777053833008,10.5791654586792,ok
LA_D_4681486,14.247282981872559,14.277043342590332,ok
LA_D_4682422,13.1360445022583,13.143902778625488,ok
LA_D_4683194,10.678263664245605,10.687338829040527,ok
LA_D_4683975,8.617254257202148,8.62014102935791,ok
LA_D_4684075,12.780543327331543,12.783117294311523,ok
LA_D_4685405,12.413813591003418,12.462368965148926,ok
LA_D_4685861,16.51117515563965,16.544584274291992,ok
LA_D_4686116,9.124056816101074,9.156120300292969,ok
LA_D_4688262,9.286187171936035,9.28798770904541,ok
LA_D_4691600,19.727649688720703,19.736204147338867,ok
LA_D_4694664,13.113554954528809,13.117491722106934,ok
LA_D_4694886,12.359505653381348,12.364909172058105,ok
LA_D_4696311,16.28385353088379,16.341869354248047,ok
LA_D_4697088,16.342731475830078,16.397165298461914,ok
LA_D_4698298,13.540144920349121,13.557465553283691,ok
LA_D_4698419,-13.723368644714355,-13.728100776672363,ok
LA_D_4698607,14.615083694458008,14.694587707519531,ok
LA_D_4699301,15.245161056518555,15.250102043151855,ok
LA_D_4699456,15.526229858398438,15.53292465209961,ok
LA_D_4700200,14.195754051208496,14.20067310333252,ok
LA_D_4702053,13.848406791687012,13.85693073272705,ok
LA_D_4702125,11.9429292678833,11.951752662658691,ok
LA_D_4702864,15.929605484008789,16.06035614013672,ok
LA_D_4702964,8.127957344055176,8.162593841552734,ok
LA_D_4703340,-15.199775695800781,-15.370253562927246,ok
LA_D_4703894,13.855988502502441,13.857007026672363,ok
LA_D_4704078,14.000868797302246,14.000710487365723,ok
LA_D_4704993,10.537409782409668,10.538236618041992,ok
LA_D_4707076,16.356327056884766,16.429685592651367,ok
LA_D_4708179,13.147842407226562,13.156133651733398,ok
LA_D_4708202,9.71672248840332,9.721575736999512,ok
LA_D_4708436,15.163749694824219,15.315001487731934,ok
LA_D_4708516,13.503253936767578,13.50711727142334,ok
LA_D_4708806,9.663529396057129,9.66479206085205,ok
LA_D_4708858,10.165094375610352,10.172608375549316,ok
LA_D_4709234,11.07831859588623,11.082579612731934,ok
LA_D_4710439,15.226594924926758,15.25448989868164,ok
LA_D_4710772,14.105293273925781,14.11130142211914,ok
LA_D_4710912,12.934187889099121,12.95121955871582,ok
LA_D_4712578,15.969417572021484,15.978758811950684,ok
LA_D_4713595,12.467363357543945,12.511527061462402,ok
LA_D_4715249,13.950222969055176,13.957655906677246,ok
LA_D_4716316,17.556699752807617,17.563175201416016,ok
LA_D_4717087,-8.256519317626953,-8.25976276397705,ok
LA_D_4718173,11.454081535339355,11.45531940460205,ok
LA_D_4718710,12.626020431518555,12.641039848327637,ok
LA_D_4718837,11.629716873168945,11.64731502532959,ok
LA_D_4719420,10.437272071838379,10.434812545776367,ok
LA_D_4719892,13.681652069091797,13.685175895690918,ok
LA_D_4719986,12.596379280090332,12.60200023651123,ok
LA_D_4720755,15.401077270507812,15.435171127319336,ok
LA_D_4720854,13.781661033630371,13.78868293762207,ok
LA_D_4720930,14.50526237487793,14.513167381286621,ok
LA_D_4721136,9.964943885803223,9.9756498336792,ok
LA_D_4721344,14.088022232055664,14.092535018920898,ok
LA_D_4721356,19.78331756591797,19.793344497680664,ok
LA_D_4722011,15.5252685546875,15.539202690124512,ok
LA_D_4722555,12.769187927246094,12.78358268737793,ok
LA_D_4723086,-11.353740692138672,-11.374435424804688,ok
LA_D_4723558,-2.557389736175537,-2.557328701019287,ok
LA_D_4723647,-12.917255401611328,-12.928069114685059,ok
LA_D_4724411,15.591241836547852,15.657083511352539,ok
LA_D_4724496,17.278413772583008,17.300739288330078,ok
LA_D_4724979,14.694025993347168,14.704256057739258,ok
LA_D_4725187,10.500299453735352,10.507031440734863,ok
LA_D_4727143,15.45527172088623,15.463759422302246,ok
LA_D_4728446,13.403356552124023,13.421648025512695,ok
LA_D_4728531,3.1126434803009033,3.112644910812378,ok
LA_D_4729804,14.818511962890625,14.826521873474121,ok
LA_D_4729932,12.181530952453613,12.186577796936035,ok
LA_D_4730109,15.839956283569336,15.86403751373291,ok
LA_D_4730111,19.729366302490234,19.762834548950195,ok
LA_D_4730310,13.422734260559082,13.428788185119629,ok
LA_D_4732324,15.658649444580078,15.675524711608887,ok
LA_D_4732747,17.005037307739258,17.066707611083984,ok
LA_D_4734716,12.424511909484863,12.45394229888916,ok
LA_D_4735638,14.704424858093262,14.958264350891113,ok
LA_D_4735766,7.9115376472473145,7.916266441345215,ok
LA_D_4736001,11.340438842773438,11.469568252563477,ok
LA_D_4736119,14.748621940612793,14.801314353942871,ok
LA_D_4736521,18.615957260131836,18.6942138671875,ok
LA_D_4736721,13.577705383300781,13.592779159545898,ok
LA_D_4737267,16.32928466796875,16.375783920288086,ok
LA_D_4737764,10.501177787780762,10.5054292678833,ok
LA_D_4737822,13.45736312866211,13.469883918762207,ok
LA_D_4740253,11.497980117797852,11.522472381591797,ok
LA_D_4741663,10.2405424118042,10.240955352783203,ok
LA_D_4741755,14.833725929260254,14.863728523254395,ok
LA_D_4744246,16.878236770629883,16.935409545898438,ok
LA_D_4745476,12.979419708251953,13.022128105163574,ok
LA_D_4745806,5.2896575927734375,5.289962291717529,ok
LA_D_4746243,11.598837852478027,11.600825309753418,ok
LA_D_4747124,6.387909889221191,6.397607326507568,ok
LA_D_4747651,13.081817626953125,13.089895248413086,ok
LA_D_4747773,10.478432655334473,10.479321479797363,ok
LA_D_4750966,10.561251640319824,10.56196117401123,ok
LA_D_4751390,5.834047317504883,5.833579063415527,ok
LA_D_4752694,15.433201789855957,15.451666831970215,ok
LA_D_4752880,7.566201210021973,7.559013843536377,ok
LA_D_4753739,12.078593254089355,12.08398151397705,ok
LA_D_4754875,15.029297828674316,15.056946754455566,ok
LA_D_4755066,11.03989315032959,11.089238166809082,ok
LA_D_4755303,17.527462005615234,17.54143714904785,ok
LA_D_4757475,-16.45253562927246,-16.45977783203125,ok
LA_D_4757865,14.326217651367188,14.328780174255371,ok
LA_D_4758316,20.891170501708984,20.891427993774414,ok
LA_D_4758741,9.009108543395996,9.036887168884277,ok
LA_D_4760053,17.29924964904785,17.30190086364746,ok
LA_D_4762105,6.785309791564941,6.8046393394470215,ok
LA_D_4762537,10.357946395874023,10.38692569732666,ok
LA_D_4763142,16.786775588989258,16.83739471435547,ok
LA_D_4763361,12.887693405151367,12.887894630432129,ok
LA_D_4764117,13.444541931152344,13.457833290100098,ok
LA_D_4765138,12.557685852050781,12.559002876281738,ok
LA_D_4765748,21.283466339111328,21.50977897644043,ok
LA_D_4765823,18.411510467529297,18.44637680053711,ok
LA_D_4766369,13.332452774047852,13.334978103637695,ok
LA_D_4766442,13.5765380859375,13.60122013092041,ok
LA_D_4766470,13.922059059143066,13.937051773071289,ok
LA_D_4766616,14.49246883392334,14.497918128967285,ok
LA_D_4766671,11.850025177001953,11.854523658752441,ok
LA_D_4767028,-15.168834686279297,-15.181973457336426,ok
LA_D_4767464,17.21477699279785,17.222929000854492,ok
LA_D_4767743,16.102903366088867,16.21122932434082,ok
LA_D_4767892,12.384531021118164,12.420552253723145,ok
LA_D_4768212,15.556718826293945,15.58729362487793,ok
LA_D_4768782,12.390167236328125,12.390341758728027,ok
LA_D_4768822,12.378560066223145,12.397459030151367,ok
LA_D_4769016,13.727209091186523,13.741963386535645,ok
LA_D_4769081,15.104731559753418,15.113957405090332,ok
LA_D_4769401,9.279937744140625,9.308283805847168,ok
LA_D_4770612,18.21446418762207,18.237092971801758,ok
LA_D_4770781,16.725719451904297,16.728532791137695,ok
LA_D_4770965,12.827043533325195,12.829012870788574,ok
LA_D_4771283,12.9026517868042,12.90919017791748,ok
LA_D_4771311,10.697723388671875,10.709321975708008,ok
LA_D_4771389,17.28168487548828,17.313634872436523,ok
LA_D_4771667,-16.301368713378906,-16.311107635498047,ok
LA_D_4771745,14.633797645568848,14.64555835723877,ok
LA_D_4771783,-13.75356388092041,-13.754770278930664,ok
LA_D_4772711,12.626961708068848,12.63438892364502,ok
LA_D_4773088,12.006746292114258,12.0214204788208,ok
LA_D_4774155,22.15982437133789,22.374971389770508,ok
LA_D_4774710,12.092045783996582,12.144129753112793,ok
LA_D_4776677,15.35432243347168,15.354996681213379,ok
LA_D_4776681,-14.929491996765137,-14.932125091552734,ok
LA_D_4777273,12.37694263458252,12.39077091217041,ok
LA_D_4777626,-13.190568923950195,-13.235687255859375,ok
LA_D_4777881,-13.143486976623535,-13.161778450012207,ok
LA_D_4778221,13.915445327758789,13.924102783203125,ok
LA_D_4781086,-13.886918067932129,-13.91616439819336,ok
LA_D_4784347,18.570070266723633,18.64966583251953,ok
LA_D_4784805,12.192423820495605,12.236550331115723,ok
LA_D_4784827,-2.5646634101867676,-2.5838606357574463,ok
LA_D_4786059,15.470226287841797,15.480300903320312,ok
LA_D_4788201,12.790966987609863,12.80284309387207,ok
LA_D_4788415,14.152166366577148,14.15869426727295,ok
LA_D_4788531,14.369587898254395,14.398191452026367,ok
LA_D_4788913,11.425654411315918,11.468162536621094,ok
LA_D_4789511,13.354836463928223,13.364579200744629,ok
LA_D_4789758,14.294892311096191,14.3178071975708,ok
LA_D_4790022,14.649571418762207,14.673579216003418,ok
LA_D_4790311,17.67133903503418,17.6873836517334,ok
LA_D_4791058,16.089250564575195,16.109615325927734,ok
LA_D_4791127,15.193052291870117,15.197409629821777,ok
LA_D_4793229,11.206336975097656,11.21106243133545,ok
LA_D_4793285,19.195524215698242,19.204404830932617,ok
LA_D_4794184,9.609310150146484,9.617116928100586,ok
LA_D_4796345,11.751382827758789,11.78192138671875,ok
LA_D_4796348,16.984439849853516,16.993852615356445,ok
LA_D_4797304,12.489233016967773,12.520453453063965,ok
LA_D_4797830,16.727420806884766,16.72937774658203,ok
LA_D_4797934,11.803810119628906,11.831700325012207,ok
LA_D_4798662,13.88557243347168,13.8971586227417,ok
LA_D_4798963,17.36753273010254,17.44199562072754,ok
LA_D_4798984,13.457568168640137,13.491805076599121,ok
LA_D_4799307,15.158402442932129,15.178994178771973,ok
LA_D_4799572,15.246877670288086,15.25380802154541,ok
LA_D_4801414,17.650035858154297,17.687847137451172,ok
LA_D_4802475,18.03040313720703,18.033283233642578,ok
LA_D_4802794,16.85731315612793,16.8781795501709,ok
LA_D_4803902,-12.781301498413086,-12.809823036193848,ok
LA_D_4804270,10.551587104797363,10.55463695526123,ok
LA_D_4804886,9.950410842895508,9.951226234436035,ok
LA_D_4807296,-11.409497261047363,-11.420182228088379,ok
LA_D_4810605,13.371522903442383,13.372828483581543,ok
LA_D_4811625,-11.859443664550781,-11.872637748718262,ok
LA_D_4812481,7.910793781280518,7.954794406890869,ok
LA_D_4812719,14.565662384033203,14.638094902038574,ok
LA_D_4813001,15.360048294067383,15.396883964538574,ok
LA_D_4813446,11.31308650970459,11.318207740783691,ok
LA_D_4813520,-12.625319480895996,-12.625543594360352,ok
LA_D_4813945,12.055366516113281,12.057112693786621,ok
LA_D_4814402,6.856693744659424,6.898304462432861,ok
LA_D_4814981,12.005568504333496,12.00532341003418,ok
LA_D_4815856,15.226277351379395,15.23884105682373,ok
LA_D_4816070,17.38892364501953,17.47003173828125,ok
LA_D_4816127,-12.172818183898926,-12.176690101623535,ok
LA_D_4816769,11.008966445922852,11.013903617858887,ok
LA_D_4818528,-11.344502449035645,-11.347143173217773,ok
LA_D_4820874,9.815972328186035,9.817564010620117,ok
LA_D_4821411,-12.011198997497559,-12.013946533203125,ok
LA_D_4822832,14.101665496826172,14.106627464294434,ok
LA_D_4823498,15.299361228942871,15.405618667602539,ok
LA_D_4824323,13.276983261108398,13.456985473632812,ok
LA_D_4825371,11.864117622375488,11.868430137634277,ok
LA_D_4825555,10.994945526123047,11.002663612365723,ok
LA_D_4825650,9.233963966369629,9.238072395324707,ok
LA_D_4825873,10.610262870788574,10.616039276123047,ok
LA_D_4825879,19.617414474487305,19.629350662231445,ok
LA_D_4828615,13.723852157592773,13.743706703186035,ok
LA_D_4828901,-13.98599624633789,-14.041232109069824,ok
LA_D_4830541,8.477239608764648,8.479784965515137,ok
LA_D_4830591,11.617050170898438,11.62112045288086,ok
LA_D_4831370,11.420159339904785,11.426279067993164,ok
LA_D_4831551,16.413179397583008,16.414583206176758,ok
LA_D_4832159,14.696584701538086,14.714903831481934,ok
LA_D_4833484,13.367999076843262,13.373976707458496,ok
LA_D_4834228,-12.852385520935059,-12.860441207885742,ok
LA_D_4835735,11.513923645019531,11.523605346679688,ok
LA_D_4835906,14.590577125549316,14.603230476379395,ok
LA_D_4836452,13.733939170837402,13.7348051071167,ok
LA_D_4837193,14.577465057373047,14.624504089355469,ok
LA_D_4838177,15.276762962341309,15.31531810760498,ok
LA_D_4838987,14.62838077545166,14.631455421447754,ok
LA_D_4840993,17.080652236938477,17.086782455444336,ok
LA_D_4841921,17.928319931030273,17.958084106445312,ok
LA_D_4842833,10.778690338134766,10.780367851257324,ok
LA_D_4843399,13.024450302124023,13.035470008850098,ok
LA_D_4845159,14.772032737731934,14.806862831115723,ok
LA_D_4846038,15.63080883026123,15.63260555267334,ok
LA_D_4846158,11.28524112701416,11.324263572692871,ok
LA_D_4850290,16.95730209350586,16.98141098022461,ok
LA_D_4850598,17.449188232421875,17.675148010253906,ok
LA_D_4850913,14.975973129272461,14.988656044006348,ok
LA_D_4851492,14.945389747619629,14.948046684265137,ok
LA_D_4851657,16.150981903076172,16.185514450073242,ok
LA_D_4852037,13.348342895507812,13.362666130065918,ok
LA_D_4852255,6.233548164367676,6.243626117706299,ok
LA_D_4852798,17.360925674438477,17.417808532714844,ok
LA_D_4853863,8.350314140319824,8.376501083374023,ok
LA_D_4854280,13.990126609802246,14.027388572692871,ok
LA_D_4855092,13.493146896362305,13.534750938415527,ok
LA_D_4856350,17.313568115234375,17.31879234313965,ok
LA_D_4857699,13.65989875793457,13.67753791809082,ok
LA_D_4859174,11.370244026184082,11.404376029968262,ok
LA_D_4859889,10.176229476928711,10.199599266052246,ok
LA_D_4859938,12.62982177734375,12.655647277832031,ok
LA_D_4860045,16.667078018188477,16.72205924987793,ok
LA_D_4860228,11.955175399780273,12.005146980285645,ok
LA_D_4863244,12.117310523986816,12.117569923400879,ok
LA_D_4863395,11.989337921142578,12.00428295135498,ok
LA_D_4864665,17.74949073791504,17.76780128479004,ok
LA_D_4864976,16.599302291870117,16.61302375793457,ok
LA_D_4865380,24.502416610717773,24.541202545166016,ok
LA_D_4866981,-14.253421783447266,-14.276840209960938,ok
LA_D_4867067,-13.105384826660156,-13.160340309143066,ok
LA_D_4868270,17.274091720581055,17.30651092529297,ok
LA_D_4868553,18.78773307800293,18.803850173950195,ok
LA_D_4868564,16.220449447631836,16.233530044555664,ok
LA_D_4869707,15.565900802612305,15.585686683654785,ok
LA_D_4870195,15.603590965270996,15.630524635314941,ok
LA_D_4871022,12.352683067321777,12.357990264892578,ok
LA_D_4871506,14.629376411437988,14.637043952941895,ok
LA_D_4872589,15.214822769165039,15.246989250183105,ok
LA_D_4873396,13.21276569366455,13.217473030090332,ok
LA_D_4874226,17.325273513793945,17.32874870300293,ok
LA_D_4874503,6.655096530914307,6.6572747230529785,ok
LA_D_4874621,12.755061149597168,12.759878158569336,ok
LA_D_4875350,13.82080078125,13.85232925415039,ok
LA_D_4876121,-14.179617881774902,-14.184626579284668,ok
LA_D_4876159,11.788960456848145,11.806955337524414,ok
LA_D_4876374,10.297149658203125,10.303893089294434,ok
LA_D_4876945,10.554829597473145,10.554642677307129,ok
LA_D_4876965,14.487762451171875,14.490851402282715,ok
LA_D_4877447,10.593130111694336,10.59326457977295,ok
LA_D_4881980,13.826652526855469,13.887946128845215,ok
LA_D_4882385,12.762092590332031,12.783146858215332,ok
LA_D_4882560,9.273268699645996,9.275918960571289,ok
LA_D_4883594,15.972404479980469,16.044904708862305,ok
LA_D_4884481,13.937528610229492,13.955864906311035,ok
LA_D_4884741,12.611969947814941,12.614506721496582,ok
LA_D_4887466,18.19856071472168,18.215375900268555,ok
LA_D_4888486,10.497591972351074,10.49807071685791,ok
LA_D_4888907,14.436690330505371,14.464960098266602,ok
LA_D_4891515,11.920730590820312,11.925503730773926,ok
LA_D_4891582,17.680957794189453,17.692995071411133,ok
LA_D_4893333,17.5738582611084,17.586109161376953,ok
LA_D_4893461,17.486631393432617,17.521581649780273,ok
LA_D_4893544,13.582778930664062,13.610247611999512,ok
LA_D_4893596,14.419007301330566,14.454886436462402,ok
LA_D_4894198,-15.037373542785645,-15.075957298278809,ok
LA_D_4894754,14.194419860839844,14.20246696472168,ok
LA_D_4895062,12.786661148071289,12.79474925994873,ok
LA_D_4895511,18.057924270629883,18.09449005126953,ok
LA_D_4896823,12.677014350891113,12.677750587463379,ok
LA_D_4897076,-9.484577178955078,-9.54273509979248,ok
LA_D_4897222,13.97441577911377,13.9768705368042,ok
LA_D_4898740,13.096808433532715,13.13003921508789,ok
LA_D_4899370,11.987283706665039,12.001765251159668,ok
LA_D_4900313,14.565673828125,14.698807716369629,ok
LA_D_4900323,14.173811912536621,14.178956985473633,ok
LA_D_4901474,17.077274322509766,17.083017349243164,ok
LA_D_4902826,21.74091148376465,21.769765853881836,ok
LA_D_4903304,-13.912907600402832,-13.919946670532227,ok
LA_D_4904641,15.37889289855957,15.384909629821777,ok
LA_D_4904642,13.446150779724121,13.465353965759277,ok
LA_D_4907345,13.5344877243042,13.543731689453125,ok
LA_D_4907389,14.661869049072266,14.683857917785645,ok
LA_D_4907676,6.147580623626709,6.135265350341797,ok
LA_D_4908581,13.517738342285156,13.5178804397583,ok
LA_D_4909030,15.181709289550781,15.2098970413208,ok
LA_D_4909565,14.47008228302002,14.481181144714355,ok
LA_D_4910268,15.883614540100098,15.892899513244629,ok
LA_D_4911106,13.83865737915039,13.87647533416748,ok
LA_D_4911711,14.655033111572266,14.66104793548584,ok
LA_D_4912137,14.99093246459961,15.014001846313477,ok
LA_D_4914250,17.717525482177734,17.730398178100586,ok
LA_D_4915280,17.128049850463867,17.134340286254883,ok
LA_D_4915395,15.880391120910645,15.887663841247559,ok
LA_D_4915695,13.42563533782959,13.42750072479248,ok
LA_D_4917895,-11.922513008117676,-11.925204277038574,ok
LA_D_4919668,11.629196166992188,11.666121482849121,ok
LA_D_4919685,13.660490989685059,13.664233207702637,ok
LA_D_4919707,14.839709281921387,14.848362922668457,ok
LA_D_4919746,10.694894790649414,10.711514472961426,ok
LA_D_4920424,8.297390937805176,8.297450065612793,ok
LA_D_4920544,15.055989265441895,15.073853492736816,ok
LA_D_4921306,10.31636905670166,10.345946311950684,ok
LA_D_4921369,14.155230522155762,14.170029640197754,ok
LA_D_4922394,6.1376423835754395,6.141024112701416,ok
LA_D_4923977,16.447980880737305,16.5379638671875,ok
LA_D_4924355,16.726064682006836,16.742464065551758,ok
LA_D_4925465,18.3131103515625,18.319543838500977,ok
LA_D_4925887,19.880958557128906,20.031476974487305,ok
LA_D_4927828,15.29354476928711,15.335290908813477,ok
LA_D_4928075,14.374397277832031,14.422557830810547,ok
LA_D_4928308,15.741246223449707,15.824223518371582,ok
LA_D_4929114,15.424424171447754,15.439959526062012,ok
LA_D_4929440,15.437395095825195,15.439162254333496,ok
LA_D_4929561,15.859023094177246,15.89257526397705,ok
LA_D_4929765,19.822463989257812,19.912925720214844,ok
LA_D_4929781,10.216573715209961,10.21937084197998,ok
LA_D_4931293,17.197195053100586,17.21468734741211,ok
LA_D_4931376,15.444466590881348,15.444011688232422,ok
LA_D_4931710,11.792032241821289,11.792253494262695,ok
LA_D_4932083,14.394987106323242,14.420092582702637,ok
LA_D_4933001,11.648775100708008,11.65566349029541,ok
LA_D_4933527,10.792695999145508,10.792983055114746,ok
LA_D_4934401,11.843507766723633,11.843485832214355,ok
LA_D_4935046,15.299899101257324,15.299607276916504,ok
LA_D_4935731,16.32241439819336,16.322107315063477,ok
LA_D_4935985,18.457029342651367,18.469690322875977,ok
LA_D_4936226,13.850421905517578,13.91110897064209,ok
LA_D_4938185,23.252904891967773,23.30318260192871,ok
LA_D_4938958,13.904870986938477,13.908629417419434,ok
LA_D_4938987,18.073036193847656,18.09238624572754,ok
LA_D_4939706,7.85552978515625,7.846895217895508,ok
LA_D_4940984,14.490283966064453,14.490221977233887,ok
LA_D_4941783,11.657846450805664,11.677384376525879,ok
LA_D_4942826,12.065649032592773,12.117730140686035,ok
LA_D_4943612,15.86922550201416,15.963835716247559,ok
LA_D_4944706,14.27759075164795,14.295354843139648,ok
LA_D_4945608,-11.516095161437988,-11.519291877746582,ok
LA_D_4946274,14.784040451049805,14.80566120147705,ok
LA_D_4946335,17.825965881347656,17.887609481811523,ok
LA_D_4946717,14.448559761047363,14.480599403381348,ok
LA_D_4947147,-9.627328872680664,-9.64535140991211,ok
LA_D_4947156,12.928173065185547,12.939201354980469,ok
LA_D_4947786,12.968703269958496,12.969427108764648,ok
LA_D_4947818,16.0252742767334,16.04925537109375,ok
LA_D_4947939,12.556260108947754,12.596078872680664,ok
LA_D_4949629,13.689302444458008,13.696967124938965,ok
LA_D_4950221,15.110027313232422,15.188023567199707,ok
LA_D_4950294,13.733258247375488,13.737603187561035,ok
LA_D_4952066,13.74662971496582,13.751782417297363,ok
LA_D_4952493,-14.245186805725098,-14.257172584533691,ok
LA_D_4952907,13.737472534179688,13.754598617553711,ok
LA_D_4953037,12.426044464111328,12.436372756958008,ok
LA_D_4954651,12.49411392211914,12.49567699432373,ok
LA_D_4954842,16.746562957763672,16.752058029174805,ok
LA_D_4956039,11.942837715148926,12.026241302490234,ok
LA_D_4958833,15.611796379089355,15.67844009399414,ok
LA_D_4959035,8.994586944580078,9.006482124328613,ok
LA_D_4960294,12.112622261047363,12.115439414978027,ok
LA_D_4960326,10.797708511352539,10.801785469055176,ok
LA_D_4961315,-14.275215148925781,-14.279064178466797,ok
LA_D_4961502,15.641400337219238,15.64655590057373,ok
LA_D_4961527,11.104434967041016,11.096428871154785,ok
LA_D_4961829,8.076468467712402,8.099385261535645,ok
LA_D_4962492,-13.21003246307373,-13.2603178024292,ok
LA_D_4962965,14.746487617492676,14.756489753723145,ok
LA_D_4963074,16.812036514282227,16.820051193237305,ok
LA_D_4964036,13.592168807983398,13.617415428161621,ok
LA_D_4964260,-13.815503120422363,-13.82076358795166,ok
LA_D_4964309,16.19497299194336,16.251001358032227,ok
LA_D_4965816,9.280734062194824,9.318535804748535,ok
LA_D_4965981,10.716965675354004,10.720524787902832,ok
LA_D_4966032,15.525565147399902,15.541287422180176,ok
LA_D_4966083,-13.657899856567383,-13.66784381866455,ok
LA_D_4966175,13.82120418548584,13.889337539672852,ok
LA_D_4966242,16.939453125,16.991756439208984,ok
LA_D_4967942,20.071203231811523,20.123857498168945,ok
LA_D_4968305,-15.52937126159668,-15.540539741516113,ok
LA_D_4969607,-13.69844913482666,-13.713095664978027,ok
LA_D_4969859,-15.425048828125,-15.433832168579102,ok
LA_D_4969991,12.482691764831543,12.49746036529541,ok
LA_D_4970282,14.498116493225098,14.51880168914795,ok
LA_D_4971078,-9.093832969665527,-9.098016738891602,ok
LA_D_4972385,14.054159164428711,14.068772315979004,ok
LA_D_4972782,9.039935111999512,9.043728828430176,ok
LA_D_4973412,-12.588186264038086,-12.665647506713867,ok
LA_D_4974078,10.804777145385742,10.802845001220703,ok
LA_D_4974659,14.183673858642578,14.204218864440918,ok
LA_D_4977098,11.068180084228516,11.068289756774902,ok
LA_D_4977329,-15.229842185974121,-15.243380546569824,ok
LA_D_4978565,16.182350158691406,16.199440002441406,ok
LA_D_4979134,13.94024658203125,13.953177452087402,ok
LA_D_4979175,12.206819534301758,12.210917472839355,ok
LA_D_4979666,8.65184211730957,8.650579452514648,ok
LA_D_4981603,18.684782028198242,18.68560028076172,ok
LA_D_4982133,13.112955093383789,13.11806583404541,ok
LA_D_4983313,14.304150581359863,14.328198432922363,ok
LA_D_4984003,13.922486305236816,13.950761795043945,ok
LA_D_4984074,13.206634521484375,13.217391014099121,ok
LA_D_4984317,12.286877632141113,12.289688110351562,ok
LA_D_4984754,12.389932632446289,12.419843673706055,ok
LA_D_4985773,13.838258743286133,13.889339447021484,ok
LA_D_4986715,14.198355674743652,14.20511531829834,ok
LA_D_4986753,16.350894927978516,16.351240158081055,ok
LA_D_4987822,10.941512107849121,10.942245483398438,ok
LA_D_4990292,14.355039596557617,14.368441581726074,ok
LA_D_4990575,13.201292037963867,13.205683708190918,ok
LA_D_4991294,16.56017303466797,16.561952590942383,ok
LA_D_4992364,-14.592495918273926,-14.61647891998291,ok
LA_D_4992474,19.646705627441406,19.650644302368164,ok
LA_D_4992708,16.81831932067871,16.855867385864258,ok
LA_D_4993211,10.242588996887207,10.293408393859863,ok
LA_D_4994552,12.32328987121582,12.332728385925293,ok
LA_D_4995063,13.302879333496094,13.305437088012695,ok
LA_D_4995679,13.869548797607422,13.895707130432129,ok
LA_D_4996496,14.976510047912598,14.999913215637207,ok
LA_D_4999216,16.735017776489258,16.783279418945312,ok
LA_D_4999305,14.748769760131836,14.753559112548828,ok
LA_D_5001469,14.779098510742188,14.792695045471191,ok
LA_D_5002979,10.035314559936523,10.049413681030273,ok
LA_D_5004092,15.216484069824219,15.260687828063965,ok
LA_D_5005167,14.566156387329102,14.578076362609863,ok
LA_D_5005646,13.590047836303711,13.617955207824707,ok
LA_D_5005973,13.180530548095703,13.216227531433105,ok
LA_D_5008093,16.802785873413086,16.82693099975586,ok
LA_D_5008157,10.306340217590332,10.307827949523926,ok
LA_D_5009375,12.87344741821289,12.875286102294922,ok
LA_D_5010817,9.340313911437988,9.377685546875,ok
LA_D_5011300,16.01044464111328,16.022991180419922,ok
LA_D_5011714,-15.370326042175293,-15.38393497467041,ok
LA_D_5012127,14.912409782409668,14.915451049804688,ok
LA_D_5012472,16.172697067260742,16.192468643188477,ok
LA_D_5013159,9.020580291748047,9.148962020874023,ok
LA_D_5013243,10.485182762145996,10.484984397888184,ok
LA_D_5013283,14.899505615234375,14.924492835998535,ok
LA_D_5014370,14.179778099060059,14.210051536560059,ok
LA_D_5016623,17.72878074645996,17.723310470581055,ok
LA_D_5017002,12.483280181884766,12.484265327453613,ok
LA_D_5017814,14.998985290527344,15.0040922164917,ok
LA_D_5018111,9.094074249267578,9.09812068939209,ok
LA_D_5018258,-11.689191818237305,-11.694831848144531,ok
LA_D_5018490,11.51575756072998,11.519965171813965,ok
LA_D_5018816,11.977608680725098,11.984253883361816,ok
LA_D_5018866,16.86857795715332,16.87775230407715,ok
LA_D_5021244,-12.397906303405762,-12.398665428161621,ok
LA_D_5023844,13.701480865478516,13.742827415466309,ok
LA_D_5026079,13.342950820922852,13.352742195129395,ok
LA_D_5026225,16.131853103637695,16.183752059936523,ok
LA_D_5026406,10.480544090270996,10.500763893127441,ok
LA_D_5026441,10.924118041992188,10.957115173339844,ok
LA_D_5026692,-13.256954193115234,-13.343338966369629,ok
LA_D_5026948,13.337157249450684,13.353558540344238,ok
LA_D_5028072,19.84355926513672,19.981273651123047,ok
LA_D_5028641,17.37600326538086,17.429349899291992,ok
LA_D_5028697,11.9244966506958,11.936549186706543,ok
LA_D_5029303,15.221451759338379,15.266161918640137,ok
LA_D_5029338,-7.450453758239746,-7.465359210968018,ok
LA_D_5030185,17.528560638427734,17.56282615661621,ok
LA_D_5031248,13.623597145080566,13.686907768249512,ok
LA_D_5032508,16.358877182006836,16.386106491088867,ok
LA_D_5034046,17.844913482666016,17.854848861694336,ok
LA_D_5034203,11.186634063720703,11.19864559173584,ok
LA_D_5035533,8.927899360656738,8.928799629211426,ok
LA_D_5039819,13.12216854095459,13.123074531555176,ok
LA_D_5040114,11.986927032470703,12.001218795776367,ok
LA_D_5041256,11.669134140014648,11.67967700958252,ok
LA_D_5042622,14.423663139343262,14.425774574279785,ok
LA_D_5044120,16.520139694213867,16.573022842407227,ok
LA_D_5046909,13.348393440246582,13.382294654846191,ok
LA_D_5047683,5.881364822387695,5.889394283294678,ok
LA_D_5048362,17.026229858398438,17.05386734008789,ok
LA_D_5049280,15.145837783813477,15.160845756530762,ok
LA_D_5050513,10.813628196716309,10.81578254699707,ok
LA_D_5051331,17.938457489013672,17.95990753173828,ok
LA_D_5051597,16.3732967376709,16.38153839111328,ok
LA_D_5051791,12.198792457580566,12.240036964416504,ok
LA_D_5051913,14.700716972351074,14.716361999511719,ok
LA_D_5052184,12.855026245117188,12.869475364685059,ok
LA_D_5053631,19.810937881469727,19.8150577545166,ok
LA_D_5054258,17.26487922668457,17.27924156188965,ok
LA_D_5054541,10.834673881530762,10.834863662719727,ok
LA_D_5054607,13.015926361083984,13.027678489685059,ok
LA_D_5054904,-12.236048698425293,-12.2452974319458,ok
LA_D_5055165,22.51150131225586,22.55156707763672,ok
LA_D_5056218,-14.338082313537598,-14.345147132873535,ok
LA_D_5057705,10.097396850585938,10.097212791442871,ok
LA_D_5058489,13.8202486038208,13.889634132385254,ok
LA_D_5060788,13.8311128616333,13.8534574508667,ok
LA_D_5062241,13.005094528198242,13.135687828063965,ok
LA_D_5063604,11.717225074768066,11.730982780456543,ok
LA_D_5064398,13.331332206726074,13.356583595275879,ok
LA_D_5065135,13.913381576538086,13.961804389953613,ok
LA_D_5066173,14.568466186523438,14.5897216796875,ok
LA_D_5066427,12.62727165222168,12.694965362548828,ok
LA_D_5067087,17.68235969543457,17.694841384887695,ok
LA_D_5067184,12.072127342224121,12.076581001281738,ok
LA_D_5067930,13.489667892456055,13.496803283691406,ok
LA_D_5068271,10.625898361206055,10.663270950317383,ok
LA_D_5068352,18.33089256286621,18.33613395690918,ok
LA_D_5070212,10.93924617767334,10.928208351135254,ok
LA_D_5070679,13.642422676086426,13.644394874572754,ok
LA_D_5071457,11.840449333190918,11.84864330291748,ok
LA_D_5073015,6.359030246734619,6.359023571014404,ok
LA_D_5073126,15.8587007522583,15.858392715454102,ok
LA_D_5074328,15.303929328918457,15.3165922164917,ok
LA_D_5074906,12.061920166015625,12.096116065979004,ok
LA_D_5074932,13.10176944732666,13.105328559875488,ok
LA_D_5075029,-14.3402738571167,-14.354327201843262,ok
LA_D_5076123,14.909505844116211,14.944451332092285,ok
LA_D_5076610,17.36037826538086,17.36756706237793,ok
LA_D_5076674,9.550299644470215,9.558187484741211,ok
LA_D_5076694,18.331424713134766,18.362760543823242,ok
LA_D_5077584,8.903895378112793,8.912274360656738,ok
LA_D_5077681,13.960906028747559,14.0260591506958,ok
LA_D_5079558,10.211456298828125,10.235747337341309,ok
LA_D_5081966,13.515172958374023,13.514386177062988,ok
LA_D_5082258,14.017717361450195,14.03579044342041,ok
LA_D_5084830,14.11047649383545,14.184311866760254,ok
LA_D_5085425,11.269612312316895,11.272522926330566,ok
LA_D_5086729,12.257292747497559,12.274985313415527,ok
LA_D_5088369,13.766170501708984,13.767023086547852,ok
LA_D_5089751,12.741406440734863,12.746922492980957,ok
LA_D_5090421,-12.34186840057373,-12.3443021774292,ok
LA_D_5090531,14.595254898071289,14.629717826843262,ok
LA_D_5090551,14.742717742919922,14.765706062316895,ok
LA_D_5090608,19.342174530029297,19.36797523498535,ok
LA_D_5090803,-11.493730545043945,-11.5111665725708,ok
LA_D_5091510,7.7517547607421875,7.7513747215271,ok
LA_D_5091691,16.222896575927734,16.239938735961914,ok
LA_D_5091760,14.68699836730957,14.701162338256836,ok
LA_D_5092098,14.945796012878418,14.973162651062012,ok
LA_D_5092272,15.055669784545898,15.05562973022461,ok
LA_D_5092434,18.108322143554688,18.19864273071289,ok
LA_D_5092533,13.866582870483398,13.895026206970215,ok
LA_D_5092940,15.931036949157715,15.951476097106934,ok
LA_D_5094867,15.448720932006836,15.473742485046387,ok
LA_D_5095193,16.29994773864746,16.364484786987305,ok
LA_D_5095523,12.80189037322998,12.820034980773926,ok
LA_D_5096284,12.407340049743652,12.412714004516602,ok
LA_D_5097555,14.902005195617676,15.021947860717773,ok
LA_D_5098281,12.429679870605469,12.433592796325684,ok
LA_D_5098442,17.42281150817871,17.496564865112305,ok
LA_D_5100182,17.33269691467285,17.373172760009766,ok
LA_D_5100382,9.047758102416992,9.097203254699707,ok
LA_D_5100813,17.16786003112793,17.170269012451172,ok
LA_D_5101551,13.394737243652344,13.39747142791748,ok
LA_D_5101720,8.135668754577637,8.170015335083008,ok
LA_D_5103356,19.326322555541992,19.365276336669922,ok
LA_D_5103566,12.192049980163574,12.21557331085205,ok
LA_D_5104907,10.762471199035645,10.756935119628906,ok
LA_D_5106469,8.755181312561035,8.796900749206543,ok
LA_D_5107192,15.315279960632324,15.318449974060059,ok
LA_D_5107868,12.698275566101074,12.69878101348877,ok
LA_D_5109502,15.249252319335938,15.321219444274902,ok
LA_D_5109561,16.31661033630371,16.344633102416992,ok
LA_D_5110293,15.223008155822754,15.228320121765137,ok
LA_D_5110992,-14.029052734375,-14.033064842224121,ok
LA_D_5111401,23.363027572631836,23.47568130493164,ok
LA_D_5115596,11.353401184082031,11.383378028869629,ok
LA_D_5116527,11.57535171508789,11.600865364074707,ok
LA_D_5117145,10.138727188110352,10.18940544128418,ok
LA_D_5117623,16.671735763549805,16.670961380004883,ok
LA_D_5118097,16.308853149414062,16.36903953552246,ok
LA_D_5118215,16.992267608642578,17.009077072143555,ok
LA_D_5119493,11.202592849731445,11.20873737335205,ok
LA_D_5120421,13.239654541015625,13.241595268249512,ok
LA_D_5120726,14.137310028076172,14.137944221496582,ok
LA_D_5123725,12.736433982849121,12.741580963134766,ok
LA_D_5123844,15.667627334594727,15.686788558959961,ok
LA_D_5124586,13.292593955993652,13.293831825256348,ok
LA_D_5126554,15.337000846862793,15.341269493103027,ok
LA_D_5126998,6.298055648803711,6.308545112609863,ok
LA_D_5127521,10.74486255645752,10.746783256530762,ok
LA_D_5127607,17.630413055419922,17.69329833984375,ok
LA_D_5128111,16.356430053710938,16.380144119262695,ok
LA_D_5131261,12.533462524414062,12.565348625183105,ok
LA_D_5131724,8.778501510620117,8.778922080993652,ok
LA_D_5133121,14.014509201049805,14.042166709899902,ok
LA_D_5133384,10.888423919677734,10.901610374450684,ok
LA_D_5135042,-15.41210651397705,-15.44931697845459,ok
LA_D_5135623,10.299245834350586,10.30556583404541,ok
LA_D_5136094,14.73816204071045,14.731986999511719,ok
LA_D_5138201,16.182292938232422,16.21549415588379,ok
LA_D_5138851,15.56788444519043,15.574294090270996,ok
LA_D_5139344,13.035699844360352,13.052159309387207,ok
LA_D_5139863,21.118314743041992,21.167470932006836,ok
LA_D_5140041,17.275489807128906,17.286149978637695,ok
LA_D_5140118,14.329056739807129,14.336441040039062,ok
LA_D_5140508,15.75157356262207,15.782522201538086,ok
LA_D_5140773,13.388520240783691,13.391545295715332,ok
LA_D_5142081,14.938868522644043,14.996593475341797,ok
LA_D_5145079,12.91162395477295,12.916455268859863,ok
LA_D_5145753,16.01453971862793,16.02508544921875,ok
LA_D_5146064,-12.50576400756836,-12.672276496887207,ok
LA_D_5147678,12.862859725952148,12.862805366516113,ok
LA_D_5147912,14.573248863220215,14.61237907409668,ok
LA_D_5148813,17.65935516357422,17.670461654663086,ok
LA_D_5149214,7.629715442657471,7.671478748321533,ok
LA_D_5149734,17.584936141967773,17.58880043029785,ok
LA_D_5151081,20.368982315063477,20.372047424316406,ok
LA_D_5151616,13.913884162902832,13.926393508911133,ok
LA_D_5152377,16.53495979309082,16.571447372436523,ok
LA_D_5153538,11.399003028869629,11.398869514465332,ok
LA_D_5155418,10.724544525146484,10.758366584777832,ok
LA_D_5156009,9.980941772460938,9.981889724731445,ok
LA_D_5157129,16.204069137573242,16.21978759765625,ok
LA_D_5157517,17.43959617614746,17.443880081176758,ok
LA_D_5157632,11.293997764587402,11.324316024780273,ok
LA_D_5158638,-14.06806468963623,-14.145649909973145,ok
LA_D_5159936,14.56888484954834,14.57362174987793,ok
LA_D_5163083,10.988088607788086,10.988367080688477,ok
LA_D_5163761,19.60891342163086,19.717065811157227,ok
LA_D_5163985,14.831576347351074,14.85770320892334,ok
LA_D_5164039,11.988330841064453,11.993780136108398,ok
LA_D_5165049,14.721288681030273,14.800665855407715,ok
LA_D_5165259,19.539077758789062,19.544652938842773,ok
LA_D_5167234,8.354923248291016,8.367379188537598,ok
LA_D_5167361,13.07689380645752,13.07793140411377,ok
LA_D_5167363,14.770904541015625,14.791975975036621,ok
LA_D_5168716,13.984983444213867,14.096476554870605,ok
LA_D_5168787,9.87035083770752,9.968573570251465,ok
LA_D_5169731,20.186023712158203,20.189321517944336,ok
LA_D_5169953,15.001871109008789,15.043107032775879,ok
LA_D_5170331,15.19837760925293,15.20276927947998,ok
LA_D_5170428,16.464763641357422,16.494539260864258,ok
LA_D_5171645,14.748908042907715,14.793723106384277,ok
LA_D_5172398,18.11410903930664,18.15138816833496,ok
LA_D_5173528,13.845525741577148,13.850874900817871,ok
LA_D_5174000,16.221635818481445,16.225358963012695,ok
LA_D_5174186,14.284411430358887,14.290274620056152,ok
LA_D_5174430,-1.0273246765136719,-1.0437281131744385,ok
LA_D_5174566,10.391952514648438,10.402731895446777,ok
LA_D_5175082,12.24570083618164,12.24749755859375,ok
LA_D_5176156,12.054922103881836,12.057233810424805,ok
LA_D_5176173,15.040274620056152,15.092829704284668,ok
LA_D_5177326,19.287857055664062,19.34475326538086,ok
LA_D_5177748,12.988593101501465,12.992387771606445,ok
LA_D_5178524,15.850714683532715,15.85108757019043,ok
LA_D_5179475,8.72462272644043,8.725064277648926,ok
LA_D_5181153,13.466464042663574,13.498429298400879,ok
LA_D_5181684,21.483474731445312,21.500890731811523,ok
LA_D_5181769,14.176040649414062,14.189953804016113,ok
LA_D_5182268,9.560151100158691,9.561680793762207,ok
LA_D_5182772,14.084920883178711,14.088175773620605,ok
LA_D_5184277,11.829790115356445,11.873114585876465,ok
LA_D_5184417,13.985034942626953,13.98931884765625,ok
LA_D_5185723,10.756402015686035,10.760676383972168,ok
LA_D_5186676,12.57397174835205,12.574475288391113,ok
LA_D_5187334,8.025404930114746,8.027970314025879,ok
LA_D_5188638,15.261857032775879,15.301989555358887,ok
LA_D_5188766,14.413965225219727,14.424346923828125,ok
LA_D_5189187,12.418794631958008,12.417941093444824,ok
LA_D_5189335,13.894779205322266,13.89553165435791,ok
LA_D_5189947,15.585003852844238,15.754030227661133,ok
LA_D_5191461,17.60456085205078,17.637266159057617,ok
LA_D_5192013,15.369379043579102,15.38112735748291,ok
LA_D_5192033,12.104787826538086,12.137995719909668,ok
LA_D_5193343,17.274978637695312,17.277530670166016,ok
LA_D_5193473,9.422101974487305,9.428927421569824,ok
LA_D_5193544,15.175393104553223,15.210984230041504,ok
LA_D_5193789,14.69217586517334,14.706273078918457,ok
LA_D_5194683,16.539377212524414,16.540725708007812,ok
LA_D_5194904,12.265254020690918,12.367873191833496,ok
LA_D_5196563,16.096946716308594,16.13242530822754,ok
LA_D_5196907,16.660715103149414,16.675710678100586,ok
LA_D_5197000,-12.004463195800781,-12.089778900146484,ok
LA_D_5198588,14.324518203735352,14.405488014221191,ok
LA_D_5199048,13.18139934539795,13.373337745666504,ok
LA_D_5202763,18.686548233032227,18.739398956298828,ok
LA_D_5203690,19.270009994506836,19.271947860717773,ok
LA_D_5203733,-14.378158569335938,-14.404361724853516,ok
LA_D_5205569,12.87630558013916,12.881792068481445,ok
LA_D_5207545,17.136438369750977,17.147247314453125,ok
LA_D_5208898,17.14954376220703,17.166471481323242,ok
LA_D_5209189,17.500368118286133,17.50178337097168,ok
LA_D_5210678,14.208294868469238,14.251947402954102,ok
LA_D_5210752,13.810839653015137,13.86828899383545,ok
LA_D_5212385,18.923616409301758,18.925540924072266,ok
LA_D_5212614,-11.059879302978516,-11.093981742858887,ok
LA_D_5213207,16.47001075744629,16.468351364135742,ok
LA_D_5216313,17.124786376953125,17.137454986572266,ok
LA_D_5216508,12.736405372619629,12.796603202819824,ok
LA_D_5216823,14.006062507629395,14.030043601989746,ok
LA_D_5219734,15.302044868469238,15.315393447875977,ok
LA_D_5220475,11.708964347839355,11.779276847839355,ok
LA_D_5220521,14.363120079040527,14.363412857055664,ok
LA_D_5223490,13.601924896240234,13.63014030456543,ok
LA_D_5224129,-13.421714782714844,-13.452187538146973,ok
LA_D_5225846,11.125243186950684,11.13823413848877,ok
LA_D_5226379,-11.458930969238281,-11.463391304016113,ok
LA_D_5228503,16.092369079589844,16.11895179748535,ok
LA_D_5229682,14.697136878967285,14.701775550842285,ok
LA_D_5232139,13.287582397460938,13.294886589050293,ok
LA_D_5232800,16.42040252685547,16.452470779418945,ok
LA_D_5233239,13.322257041931152,13.352042198181152,ok
LA_D_5233431,16.311296463012695,16.31370735168457,ok
LA_D_5234713,13.06177806854248,13.069987297058105,ok
LA_D_5234827,14.057528495788574,14.213770866394043,ok
LA_D_5236165,15.081324577331543,15.121068000793457,ok
LA_D_5236557,12.227877616882324,12.274786949157715,ok
LA_D_5237899,7.953834533691406,7.953722953796387,ok
LA_D_5238266,12.408037185668945,12.447600364685059,ok
LA_D_5238810,17.81144905090332,17.876066207885742,ok
LA_D_5239066,16.64410400390625,16.65830421447754,ok
LA_D_5239525,16.370058059692383,16.386371612548828,ok
LA_D_5241214,13.629067420959473,13.643889427185059,ok
LA_D_5241744,13.874917984008789,13.875428199768066,ok
LA_D_5242419,18.197816848754883,18.206079483032227,ok
LA_D_5242519,14.901105880737305,14.927617073059082,ok
LA_D_5242820,-0.4101041853427887,-0.41170066595077515,ok
LA_D_5243479,14.858614921569824,14.906973838806152,ok
LA_D_5245223,10.826094627380371,10.82606029510498,ok
LA_D_5245987,-11.51023006439209,-11.542950630187988,ok
LA_D_5246094,15.240402221679688,15.25286865234375,ok
LA_D_5246193,10.928218841552734,10.967370986938477,ok
LA_D_5246247,13.76595687866211,13.77063274383545,ok
LA_D_5246528,10.486007690429688,10.502547264099121,ok
LA_D_5248127,-14.72397518157959,-14.735637664794922,ok
LA_D_5248372,-12.032098770141602,-12.046133041381836,ok
LA_D_5249364,11.983979225158691,11.987025260925293,ok
LA_D_5250042,-13.726255416870117,-13.734150886535645,ok
LA_D_5253806,15.582903861999512,15.586730003356934,ok
LA_D_5253814,15.158352851867676,15.165637969970703,ok
LA_D_5254267,20.11949920654297,20.16127586364746,ok
LA_D_5256245,13.799904823303223,13.801736831665039,ok
LA_D_5257176,14.412064552307129,14.439742088317871,ok
LA_D_5257381,9.490665435791016,9.516802787780762,ok
LA_D_5258807,13.646928787231445,13.655116081237793,ok
LA_D_5259851,14.749429702758789,14.778729438781738,ok
LA_D_5260084,-15.29296875,-15.32508659362793,ok
LA_D_5260994,12.206798553466797,12.218210220336914,ok
LA_D_5261718,13.799015045166016,13.801057815551758,ok
LA_D_5262166,9.356996536254883,9.357460975646973,ok
LA_D_5262821,-13.328603744506836,-13.33029842376709,ok
LA_D_5263011,9.708451271057129,9.72824764251709,ok
LA_D_5264948,12.296463966369629,12.361045837402344,ok
LA_D_5264996,20.73518943786621,20.76561164855957,ok
LA_D_5265768,12.09473991394043,12.11500072479248,ok
LA_D_5266068,16.622478485107422,16.65347671508789,ok
LA_D_5266850,-14.856837272644043,-14.858610153198242,ok
LA_D_5267572,10.425435066223145,10.426909446716309,ok
LA_D_5267968,12.085128784179688,12.10482120513916,ok
LA_D_5269027,12.778238296508789,12.829434394836426,ok
LA_D_5269386,18.996253967285156,19.13117027282715,ok
LA_D_5269652,9.78199577331543,9.779247283935547,ok
LA_D_5269881,14.838522911071777,14.876477241516113,ok
LA_D_5269911,16.882076263427734,16.91786003112793,ok
LA_D_5270228,16.124019622802734,16.209415435791016,ok
LA_D_5271094,9.61410140991211,9.624016761779785,ok
LA_D_5271956,11.144350051879883,11.172279357910156,ok
LA_D_5272211,12.09650707244873,12.098089218139648,ok
LA_D_5274055,8.874467849731445,8.88659381866455,ok
LA_D_5274812,12.829061508178711,12.830985069274902,ok
LA_D_5275494,14.944031715393066,14.965882301330566,ok
LA_D_5275946,12.059063911437988,12.076546669006348,ok
LA_D_5276027,15.079283714294434,15.143529891967773,ok
LA_D_5276746,14.728102684020996,14.738860130310059,ok
LA_D_5277162,10.770979881286621,10.771244049072266,ok
LA_D_5279500,14.4830904006958,14.52362060546875,ok
LA_D_5280085,16.240188598632812,16.30459213256836,ok
LA_D_5281076,15.380786895751953,15.422730445861816,ok
LA_D_5282749,9.409228324890137,9.468034744262695,ok
LA_D_5282843,12.456036567687988,12.465924263000488,ok
LA_D_5283786,13.006208419799805,13.006231307983398,ok
LA_D_5285009,8.911873817443848,8.911890983581543,ok
LA_D_5285039,10.924078941345215,10.935673713684082,ok
LA_D_5285268,13.164373397827148,13.210318565368652,ok
LA_D_5285970,11.504231452941895,11.580605506896973,ok
LA_D_5286510,14.37856388092041,14.407211303710938,ok
LA_D_5287056,17.028919219970703,17.033477783203125,ok
LA_D_5287350,8.69881820678711,8.699299812316895,ok
LA_D_5287819,15.229375839233398,15.236300468444824,ok
LA_D_5288785,11.243913650512695,11.24706745147705,ok
LA_D_5289575,20.603378295898438,20.650907516479492,ok
LA_D_5291143,15.84782886505127,15.907713890075684,ok
LA_D_5292647,10.300920486450195,10.31834888458252,ok
LA_D_5293338,10.108274459838867,10.10987377166748,ok
LA_D_5294224,1.570328950881958,1.5634573698043823,ok
LA_D_5294929,13.580474853515625,13.602431297302246,ok
LA_D_5295482,1.646760106086731,1.6670852899551392,ok
LA_D_5295577,10.497076988220215,10.49902057647705,ok
LA_D_5296414,9.364401817321777,9.368329048156738,ok
LA_D_5296519,21.531944274902344,21.559123992919922,ok
LA_D_5297304,14.880680084228516,14.885621070861816,ok
LA_D_5297443,15.391266822814941,15.417607307434082,ok
LA_D_5297638,12.705412864685059,12.702337265014648,ok
LA_D_5298731,13.070306777954102,13.082602500915527,ok
LA_D_5299238,9.183976173400879,9.185874938964844,ok
LA_D_5299709,9.80241584777832,9.790019035339355,ok
LA_D_5300130,12.394002914428711,12.405745506286621,ok
LA_D_5300881,13.820201873779297,13.823721885681152,ok
LA_D_5301172,15.010784149169922,15.030502319335938,ok
LA_D_5301983,19.43120002746582,19.45567512512207,ok
LA_D_5303302,14.320727348327637,14.350969314575195,ok
LA_D_5304792,11.189374923706055,11.217582702636719,ok
LA_D_5305086,15.607427597045898,15.607420921325684,ok
LA_D_5305473,13.788344383239746,13.812033653259277,ok
LA_D_5305767,9.194310188293457,9.198760986328125,ok
LA_D_5306498,12.96038818359375,13.02192211151123,ok
LA_D_5306960,12.693758010864258,12.70017147064209,ok
LA_D_5307600,14.962053298950195,14.962712287902832,ok
LA_D_5308008,8.46522045135498,8.465246200561523,ok
LA_D_5308188,10.746278762817383,10.751741409301758,ok
LA_D_5308230,17.53445816040039,17.54374122619629,ok
LA_D_5308766,15.029071807861328,15.029784202575684,ok
LA_D_5308866,20.43495750427246,20.534589767456055,ok
LA_D_5310517,14.46751594543457,14.467564582824707,ok
LA_D_5312245,13.614665031433105,13.698623657226562,ok
LA_D_5312350,-14.326976776123047,-14.333062171936035,ok
LA_D_5312607,-9.198264122009277,-9.200447082519531,ok
LA_D_5313766,15.700349807739258,15.761128425598145,ok
LA_D_5314825,15.64596176147461,15.660335540771484,ok
LA_D_5315354,15.602995872497559,15.619633674621582,ok
LA_D_5315391,10.143326759338379,10.144564628601074,ok
LA_D_5318221,15.380863189697266,15.438859939575195,ok
LA_D_5322570,17.313430786132812,17.313434600830078,ok
LA_D_5323011,14.821858406066895,14.894242286682129,ok
LA_D_5323426,15.867006301879883,15.870207786560059,ok
LA_D_5325527,10.306439399719238,10.315995216369629,ok
LA_D_5325697,14.942155838012695,14.967482566833496,ok
LA_D_5326644,10.715056419372559,10.71726131439209,ok
LA_D_5327408,10.923863410949707,10.931984901428223,ok
LA_D_5327544,16.24026107788086,16.2557373046875,ok
LA_D_5328469,12.016385078430176,12.016636848449707,ok
LA_D_5328894,13.903220176696777,13.907535552978516,ok
LA_D_5329061,12.480860710144043,12.492732048034668,ok
LA_D_5330155,13.494916915893555,13.563783645629883,ok
LA_D_5330416,8.420487403869629,8.42148208618164,ok
LA_D_5330909,15.457035064697266,15.465042114257812,ok
LA_D_5331264,-15.669517517089844,-15.716917037963867,ok
LA_D_5331428,11.762563705444336,11.778135299682617,ok
LA_D_5331450,12.864956855773926,12.89026927947998,ok
LA_D_5332246,8.286627769470215,8.302556037902832,ok
LA_D_5332359,-14.595035552978516,-14.599953651428223,ok
LA_D_5332565,9.481639862060547,9.48924446105957,ok
LA_D_5336165,13.028116226196289,13.04164981842041,ok
LA_D_5337300,12.11881160736084,12.160737037658691,ok
LA_D_5337439,17.380578994750977,17.425233840942383,ok
LA_D_5337615,3.3622629642486572,3.3504998683929443,ok
LA_D_5338385,21.958255767822266,21.976993560791016,ok
LA_D_5339390,12.377150535583496,12.376975059509277,ok
LA_D_5341323,11.982293128967285,11.97661304473877,ok
LA_D_5341375,-12.273929595947266,-12.345114707946777,ok
LA_D_5341623,10.696281433105469,10.699772834777832,ok
LA_D_5341780,13.654534339904785,13.672977447509766,ok
LA_D_5343352,14.434833526611328,14.45045280456543,ok
LA_D_5345215,15.389501571655273,15.392444610595703,ok
LA_D_5345225,-14.387616157531738,-14.425045013427734,ok
LA_D_5345453,11.55375862121582,11.559179306030273,ok
LA_D_5346070,16.419260025024414,16.427812576293945,ok
LA_D_5348157,12.406844139099121,12.420737266540527,ok
LA_D_5349132,-14.397191047668457,-14.402796745300293,ok
LA_D_5349360,11.220758438110352,11.229229927062988,ok
LA_D_5349891,12.817659378051758,12.825658798217773,ok
LA_D_5350529,15.176340103149414,15.200809478759766,ok
LA_D_5350670,16.2623233795166,16.280454635620117,ok
LA_D_5355457,-15.531750679016113,-15.53516960144043,ok
LA_D_5356350,13.28154468536377,13.281250953674316,ok
LA_D_5357142,11.569777488708496,11.571260452270508,ok
LA_D_5357932,13.422110557556152,13.45862865447998,ok
LA_D_5358070,8.825167655944824,8.821420669555664,ok
LA_D_5358232,16.2131404876709,16.214263916015625,ok
LA_D_5359798,15.092645645141602,15.095152854919434,ok
LA_D_5359950,12.526145935058594,12.52949047088623,ok
LA_D_5360138,11.328268051147461,11.371726036071777,ok
LA_D_5362013,14.322230339050293,14.328214645385742,ok
LA_D_5362934,16.243595123291016,16.262374877929688,ok
LA_D_5363458,15.08917236328125,15.143797874450684,ok
LA_D_5364410,-5.11818790435791,-5.121333599090576,ok
LA_D_5366058,16.382205963134766,16.382488250732422,ok
LA_D_5368042,15.290825843811035,15.298697471618652,ok
LA_D_5369394,7.654476165771484,7.654726505279541,ok
LA_D_5370145,15.675344467163086,15.685050010681152,ok
LA_D_5371276,8.49438762664795,8.51537799835205,ok
LA_D_5372592,14.37218952178955,14.529448509216309,ok
LA_D_5374725,13.866862297058105,13.87040901184082,ok
LA_D_5377943,20.321304321289062,20.79588508605957,ok
LA_D_5378463,16.95307159423828,16.994802474975586,ok
LA_D_5379068,18.489517211914062,18.50394630432129,ok
LA_D_5379360,11.92293930053711,11.95338249206543,ok
LA_D_5380020,11.693875312805176,11.694478034973145,ok
LA_D_5380614,9.274995803833008,9.276326179504395,ok
LA_D_5381315,12.552684783935547,12.56264877319336,ok
LA_D_5381358,20.13117027282715,20.305387496948242,ok
LA_D_5382385,15.548020362854004,15.558125495910645,ok
LA_D_5383174,-13.387969970703125,-13.442133903503418,ok
LA_D_5383636,15.152463912963867,15.170038223266602,ok
LA_D_5383844,12.880810737609863,12.883444786071777,ok
LA_D_5384145,16.067325592041016,16.108320236206055,ok
LA_D_5384475,15.546504974365234,15.582762718200684,ok
LA_D_5384711,12.051567077636719,12.056351661682129,ok
LA_D_5385507,14.089661598205566,14.138154029846191,ok
LA_D_5386489,10.685392379760742,10.70015811920166,ok
LA_D_5389869,12.624180793762207,12.708453178405762,ok
LA_D_5390706,17.592126846313477,17.594308853149414,ok
LA_D_5391312,15.193000793457031,15.19775390625,ok
LA_D_5392108,13.798602104187012,13.844225883483887,ok
LA_D_5392234,14.209704399108887,14.242741584777832,ok
LA_D_5392292,17.007152557373047,17.011629104614258,ok
LA_D_5392790,14.661483764648438,14.690206527709961,ok
LA_D_5393942,17.30173683166504,17.301626205444336,ok
LA_D_5393982,12.48774528503418,12.487452507019043,ok
LA_D_5394100,16.771310806274414,16.802688598632812,ok
LA_D_5394501,17.587099075317383,17.622953414916992,ok
LA_D_5395822,15.1910982131958,15.2343168258667,ok
LA_D_5396149,20.07806396484375,20.123849868774414,ok
LA_D_5396174,12.70504093170166,12.707697868347168,ok
LA_D_5396335,11.600425720214844,11.614830017089844,ok
LA_D_5396397,11.880841255187988,11.884456634521484,ok
LA_D_5397319,-12.871404647827148,-12.874442100524902,ok
LA_D_5397434,18.073665618896484,18.114973068237305,ok
LA_D_5398194,13.04825496673584,13.066939353942871,ok
LA_D_5398887,18.59895896911621,18.632909774780273,ok
LA_D_5399074,14.17825984954834,14.201619148254395,ok
LA_D_5399266,15.240676879882812,15.24559497833252,ok
LA_D_5399865,12.940823554992676,12.969538688659668,ok
LA_D_5400157,13.933116912841797,13.956134796142578,ok
LA_D_5400630,18.583980560302734,18.63907814025879,ok
LA_D_5400787,12.210800170898438,12.211393356323242,ok
LA_D_5401230,10.30266284942627,10.320395469665527,ok
LA_D_5402017,14.229796409606934,14.276683807373047,ok
LA_D_5402192,17.95196533203125,18.089006423950195,ok
LA_D_5402252,14.202314376831055,14.207435607910156,ok
LA_D_5402646,7.588256359100342,7.579577445983887,ok
LA_D_5404416,9.452360153198242,9.459117889404297,ok
LA_D_5404458,16.491798400878906,16.57171058654785,ok
LA_D_5405376,18.54673957824707,18.58790397644043,ok
LA_D_5406274,16.1989803314209,16.18937110900879,ok
LA_D_5407356,15.382390022277832,15.393397331237793,ok
LA_D_5407463,11.926462173461914,11.928412437438965,ok
LA_D_5409509,15.878021240234375,15.897854804992676,ok
LA_D_5409547,9.781620979309082,9.781726837158203,ok
LA_D_5410675,18.0466365814209,18.06138801574707,ok
LA_D_5411425,7.551056385040283,7.566216468811035,ok
LA_D_5411434,-14.863725662231445,-14.871796607971191,ok
LA_D_5411748,-12.544370651245117,-12.59435749053955,ok
LA_D_5412347,15.040789604187012,15.094563484191895,ok
LA_D_5412628,21.479825973510742,21.53147315979004,ok
LA_D_5413087,15.202128410339355,15.250823974609375,ok
LA_D_5414308,11.820087432861328,11.864709854125977,ok
LA_D_5416414,6.1476850509643555,6.147698402404785,ok
LA_D_5416674,-15.29346752166748,-15.297174453735352,ok
LA_D_5416891,12.431112289428711,12.448493957519531,ok
LA_D_5419620,8.51977252960205,8.519220352172852,ok
LA_D_5420932,16.014463424682617,16.026052474975586,ok
LA_D_5421212,24.280506134033203,24.357213973999023,ok
LA_D_5422337,18.2397518157959,18.300668716430664,ok
LA_D_5422570,12.53151798248291,12.579623222351074,ok
LA_D_5424592,15.460159301757812,15.48256778717041,ok
LA_D_5425829,-14.547938346862793,-14.58372974395752,ok
LA_D_5426906,20.045053482055664,20.20265007019043,ok
LA_D_5427352,16.896800994873047,16.91253089904785,ok
LA_D_5427426,15.593404769897461,15.616515159606934,ok
LA_D_5427830,13.031259536743164,13.047788619995117,ok
LA_D_5427856,12.495915412902832,12.505457878112793,ok
LA_D_5428077,14.802032470703125,14.809460639953613,ok
LA_D_5428590,11.430107116699219,11.43388557434082,ok
LA_D_5429622,12.347491264343262,12.400206565856934,ok
LA_D_5430038,13.016674995422363,13.037007331848145,ok
LA_D_5430421,11.543741226196289,11.545567512512207,ok
LA_D_5431156,-14.556360244750977,-14.561111450195312,ok
LA_D_5431286,14.005122184753418,14.005853652954102,ok
LA_D_5432198,15.267078399658203,15.264701843261719,ok
LA_D_5432736,14.367300987243652,14.427327156066895,ok
LA_D_5433558,9.237444877624512,9.239142417907715,ok
LA_D_5433599,12.771660804748535,12.794161796569824,ok
LA_D_5434948,14.94908332824707,14.996270179748535,ok
LA_D_5435340,15.82934856414795,15.831802368164062,ok
LA_D_5435996,16.57915496826172,16.598501205444336,ok
LA_D_5437115,11.967097282409668,11.995237350463867,ok
LA_D_5437717,12.87090015411377,12.873047828674316,ok
LA_D_5438251,-12.139440536499023,-12.194226264953613,ok
LA_D_5439819,16.0791015625,16.113508224487305,ok
LA_D_5441022,12.428007125854492,12.439465522766113,ok
LA_D_5441203,12.632603645324707,12.658568382263184,ok
LA_D_5441778,-13.691970825195312,-13.694600105285645,ok
LA_D_5442160,17.1174373626709,17.117956161499023,ok
LA_D_5442437,13.766563415527344,13.790515899658203,ok
LA_D_5443022,14.27009391784668,14.30868148803711,ok
LA_D_5444967,14.982568740844727,15.006625175476074,ok
LA_D_5445370,10.41569995880127,10.43724536895752,ok
LA_D_5445641,-12.998043060302734,-13.016640663146973,ok
LA_D_5448101,9.770130157470703,9.768045425415039,ok
LA_D_5448251,15.907744407653809,15.985014915466309,ok
LA_D_5448474,9.835761070251465,9.836173057556152,ok
LA_D_5449899,15.295268058776855,15.305537223815918,ok
LA_D_5450646,15.970697402954102,15.98009967803955,ok
LA_D_5450980,16.4499454498291,16.4499568939209,ok
LA_D_5451234,16.88520050048828,16.89879035949707,ok
LA_D_5451855,14.068357467651367,14.247278213500977,ok
LA_D_5452047,10.684874534606934,10.68961238861084,ok
LA_D_5452596,19.353853225708008,19.37322425842285,ok
LA_D_5452800,14.062905311584473,14.061766624450684,ok
LA_D_5453267,15.391048431396484,15.406706809997559,ok
LA_D_5453346,14.679292678833008,14.685669898986816,ok
LA_D_5453395,13.944750785827637,13.955431938171387,ok
LA_D_5453401,9.521585464477539,9.541523933410645,ok
LA_D_5453991,13.142967224121094,13.183928489685059,ok
LA_D_5454156,14.111828804016113,14.111726760864258,ok
LA_D_5454408,15.648885726928711,15.66055965423584,ok
LA_D_5455243,13.975393295288086,14.012347221374512,ok
LA_D_5455456,13.409634590148926,13.418654441833496,ok
LA_D_5455958,12.86946964263916,12.88049602508545,ok
LA_D_5456457,12.910957336425781,12.964879989624023,ok
LA_D_5456485,11.336403846740723,11.336688995361328,ok
LA_D_5456536,10.708015441894531,10.7085599899292,ok
LA_D_5457188,10.089189529418945,10.08910083770752,ok
LA_D_5458074,15.939863204956055,15.941006660461426,ok
LA_D_5458288,13.017501831054688,13.034693717956543,ok
LA_D_5458900,13.44969654083252,13.450297355651855,ok
LA_D_5459095,13.906306266784668,13.944904327392578,ok
LA_D_5462805,13.176362037658691,13.21211051940918,ok
LA_D_5462959,13.94363021850586,13.94922161102295,ok
LA_D_5463025,10.660149574279785,10.68171215057373,ok
LA_D_5463411,-14.091968536376953,-14.092948913574219,ok
LA_D_5463444,-12.493646621704102,-12.529805183410645,ok
LA_D_5463700,14.596015930175781,14.604092597961426,ok
LA_D_5464038,14.46110725402832,14.47170352935791,ok
LA_D_5464792,12.30279541015625,12.308747291564941,ok
LA_D_5465575,14.85451889038086,14.880654335021973,ok
LA_D_5465758,19.182050704956055,19.197900772094727,ok
LA_D_5466886,14.85724925994873,14.882353782653809,ok
LA_D_5467345,-13.701510429382324,-13.706578254699707,ok
LA_D_5467548,17.181337356567383,17.279573440551758,ok
LA_D_5467780,13.951696395874023,13.962417602539062,ok
LA_D_5470214,13.394782066345215,13.495284080505371,ok
LA_D_5470881,14.756407737731934,14.75674819946289,ok
LA_D_5471746,12.12441349029541,12.139623641967773,ok
LA_D_5472216,6.315115928649902,6.314983367919922,ok
LA_D_5472358,16.521039962768555,16.53388023376465,ok
LA_D_5472628,12.23065185546875,12.292693138122559,ok
LA_D_5473083,9.33881950378418,9.339217185974121,ok
LA_D_5473316,12.539965629577637,12.567090034484863,ok
LA_D_5474605,14.752019882202148,14.782532691955566,ok
LA_D_5474661,15.068023681640625,15.120553016662598,ok
LA_D_5475290,7.228494644165039,7.251900672912598,ok
LA_D_5475950,-13.418920516967773,-13.448993682861328,ok
LA_D_5476324,15.164371490478516,15.183587074279785,ok
LA_D_5476791,9.178837776184082,9.18093204498291,ok
LA_D_5476884,16.765371322631836,16.77369499206543,ok
LA_D_5478028,13.272066116333008,13.27381420135498,ok
LA_D_5479621,10.23763370513916,10.242325782775879,ok
LA_D_5480395,17.09494400024414,17.167190551757812,ok
LA_D_5481003,16.23039436340332,16.332809448242188,ok
LA_D_5481956,17.37281036376953,17.373586654663086,ok
LA_D_5482180,13.39866828918457,13.413469314575195,ok
LA_D_5483705,12.717836380004883,12.740379333496094,ok
LA_D_5483730,12.5081148147583,12.529736518859863,ok
LA_D_5484649,14.688199996948242,14.716670989990234,ok
LA_D_5485139,13.952542304992676,14.005172729492188,ok
LA_D_5485515,6.104848861694336,6.12099027633667,ok
LA_D_5486513,19.365568161010742,19.380762100219727,ok
LA_D_5486734,14.864670753479004,14.908574104309082,ok
LA_D_5486800,21.866273880004883,21.950801849365234,ok
LA_D_5487218,13.530105590820312,13.53331470489502,ok
LA_D_5487740,2.2785494327545166,2.2894210815429688,ok
LA_D_5488860,11.43349838256836,11.434391021728516,ok
LA_D_5488938,12.56993293762207,12.605538368225098,ok
LA_D_5490153,15.925544738769531,15.968999862670898,ok
LA_D_5490168,16.847944259643555,16.967008590698242,ok
LA_D_5490332,13.236737251281738,13.236736297607422,ok
LA_D_5490757,-12.57762622833252,-12.581438064575195,ok
LA_D_5490947,12.227066040039062,12.283446311950684,ok
LA_D_5491412,18.451444625854492,18.469249725341797,ok
LA_D_5492356,14.591325759887695,14.648015975952148,ok
LA_D_5493977,12.235879898071289,12.238776206970215,ok
LA_D_5495040,-14.08767032623291,-14.171160697937012,ok
LA_D_5495669,19.267616271972656,19.292360305786133,ok
LA_D_5496756,13.584094047546387,13.615588188171387,ok
LA_D_5497034,-14.298856735229492,-14.302367210388184,ok
LA_D_5498432,11.443087577819824,11.46526050567627,ok
LA_D_5502210,12.665066719055176,12.68783187866211,ok
LA_D_5502506,-12.321052551269531,-12.330626487731934,ok
LA_D_5502789,13.468037605285645,13.528483390808105,ok
LA_D_5503012,-14.345111846923828,-14.375494956970215,ok
LA_D_5503083,12.159014701843262,12.172636985778809,ok
LA_D_5503291,7.346680164337158,7.347779750823975,ok
LA_D_5504182,14.795567512512207,14.795063018798828,ok
LA_D_5505351,13.502684593200684,13.507311820983887,ok
LA_D_5505879,21.651779174804688,21.737913131713867,ok
LA_D_5506307,12.845727920532227,12.850594520568848,ok
LA_D_5506813,17.717737197875977,17.775392532348633,ok
LA_D_5507210,-14.668083190917969,-14.678014755249023,ok
LA_D_5507848,14.732441902160645,14.739161491394043,ok
LA_D_5507926,12.1010160446167,12.107904434204102,ok
LA_D_5508990,13.918376922607422,13.932833671569824,ok
LA_D_5509643,14.848318099975586,14.923039436340332,ok
LA_D_5510010,9.928444862365723,9.930106163024902,ok
LA_D_5510532,13.617661476135254,13.648146629333496,ok
LA_D_5511445,9.053104400634766,9.055763244628906,ok
LA_D_5512289,-12.768272399902344,-12.773214340209961,ok
LA_D_5512449,10.91277027130127,10.939242362976074,ok
LA_D_5513082,-14.33133316040039,-14.335461616516113,ok
LA_D_5514319,12.571358680725098,12.60977840423584,ok
LA_D_5514689,21.08607292175293,21.086063385009766,ok
LA_D_5515164,10.889890670776367,10.926318168640137,ok
LA_D_5517898,11.337700843811035,11.33922290802002,ok
LA_D_5518780,15.977956771850586,16.01215171813965,ok
LA_D_5519117,15.082510948181152,15.123215675354004,ok
LA_D_5519425,14.410934448242188,14.456854820251465,ok
LA_D_5519522,19.269622802734375,19.27638816833496,ok
LA_D_5521568,-13.54426097869873,-13.557005882263184,ok
LA_D_5522142,8.842255592346191,8.842970848083496,ok
LA_D_5523423,18.61056137084961,18.61094856262207,ok
LA_D_5524814,22.770639419555664,22.79007339477539,ok
LA_D_5525120,15.892583847045898,15.89699649810791,ok
LA_D_5525422,18.738388061523438,18.777664184570312,ok
LA_D_5529065,12.140190124511719,12.198569297790527,ok
LA_D_5529080,11.844585418701172,11.84762191772461,ok
LA_D_5531013,13.457200050354004,13.457791328430176,ok
LA_D_5531293,13.575787544250488,13.584050178527832,ok
LA_D_5531330,8.835441589355469,8.837516784667969,ok
LA_D_5532057,16.139942169189453,16.364307403564453,ok
LA_D_5532100,12.09851360321045,12.101860046386719,ok
LA_D_5534887,16.266040802001953,16.484384536743164,ok
LA_D_5535805,12.146416664123535,12.149136543273926,ok
LA_D_5536552,14.619304656982422,14.643064498901367,ok
LA_D_5538242,23.312551498413086,23.452579498291016,ok
LA_D_5539101,15.619193077087402,15.642983436584473,ok
LA_D_5539912,16.59454917907715,16.612401962280273,ok
LA_D_5541379,-13.667081832885742,-13.71118450164795,ok
LA_D_5542976,19.826332092285156,19.85764503479004,ok
LA_D_5543089,10.801217079162598,10.837129592895508,ok
LA_D_5545146,-15.731254577636719,-15.739882469177246,ok
LA_D_5545619,14.659019470214844,14.894176483154297,ok
LA_D_5546624,13.741132736206055,13.752389907836914,ok
LA_D_5548039,11.709823608398438,11.7335786819458,ok
LA_D_5548468,11.46015453338623,11.46004867553711,ok
LA_D_5549134,17.268617630004883,17.290565490722656,ok
LA_D_5549592,14.662938117980957,14.679938316345215,ok
LA_D_5549868,16.68291473388672,16.69189453125,ok
LA_D_5550880,17.662282943725586,17.664440155029297,ok
LA_D_5551594,17.14360809326172,17.191377639770508,ok
LA_D_5551945,17.680484771728516,17.695791244506836,ok
LA_D_5552740,14.238076210021973,14.249283790588379,ok
LA_D_5553386,13.667014122009277,13.697044372558594,ok
LA_D_5553767,10.477919578552246,10.48302173614502,ok
LA_D_5554206,9.209016799926758,9.213186264038086,ok
LA_D_5554788,20.656442642211914,20.816972732543945,ok
LA_D_5556633,5.872761249542236,5.929781913757324,ok
LA_D_5558097,11.266953468322754,11.280379295349121,ok
LA_D_5558598,18.79871368408203,18.8257999420166,ok
LA_D_5560002,9.44062614440918,9.445775032043457,ok
LA_D_5561180,17.126773834228516,17.127166748046875,ok
LA_D_5561293,-14.079988479614258,-14.0961275100708,ok
LA_D_5563808,14.995744705200195,15.015281677246094,ok
LA_D_5565540,14.045390129089355,14.099488258361816,ok
LA_D_5565973,15.5820951461792,15.632607460021973,ok
LA_D_5567251,-10.934713363647461,-10.954558372497559,ok
LA_D_5567412,11.952859878540039,11.95262622833252,ok
LA_D_5567932,7.746862411499023,7.771701335906982,ok
LA_D_5568300,13.840492248535156,13.850050926208496,ok
LA_D_5569369,10.265143394470215,10.270362854003906,ok
LA_D_5570032,15.262837409973145,15.28093433380127,ok
LA_D_5570541,10.382279396057129,10.38249683380127,ok
LA_D_5571629,14.083754539489746,14.083712577819824,ok
LA_D_5571676,16.82612419128418,16.835853576660156,ok
LA_D_5572271,16.314428329467773,16.315954208374023,ok
LA_D_5572324,15.969599723815918,15.978842735290527,ok
LA_D_5572661,12.161089897155762,12.161347389221191,ok
LA_D_5574112,7.845769882202148,7.904565811157227,ok
LA_D_5574945,11.644237518310547,11.643686294555664,ok
LA_D_5576148,14.85783863067627,14.882780075073242,ok
LA_D_5576532,17.22931671142578,17.32340431213379,ok
LA_D_5579170,17.588016510009766,17.66263198852539,ok
LA_D_5579476,9.483051300048828,9.48598861694336,ok
LA_D_5580217,12.252720832824707,12.290812492370605,ok
LA_D_5580783,7.179030418395996,7.1939263343811035,ok
LA_D_5583563,12.767210960388184,12.767251968383789,ok
LA_D_5583898,12.813756942749023,12.862580299377441,ok
LA_D_5584723,13.445472717285156,13.461174964904785,ok
LA_D_5584734,15.760048866271973,15.766973495483398,ok
LA_D_5586056,11.594361305236816,11.624768257141113,ok
LA_D_5586705,16.387407302856445,16.393136978149414,ok
LA_D_5586813,9.50816822052002,9.508234977722168,ok
LA_D_5588765,-9.926321029663086,-9.96313762664795,ok
LA_D_5592106,15.907020568847656,15.935195922851562,ok
LA_D_5592383,14.332894325256348,14.345597267150879,ok
LA_D_5592740,17.39413833618164,17.43244171142578,ok
LA_D_5593819,18.161352157592773,18.253206253051758,ok
LA_D_5594622,14.650484085083008,14.654295921325684,ok
LA_D_5594965,13.501473426818848,13.5372953414917,ok
LA_D_5596835,12.633749008178711,12.634745597839355,ok
LA_D_5596855,16.18605613708496,16.18788719177246,ok
LA_D_5596917,13.520844459533691,13.528342247009277,ok
LA_D_5597058,14.866503715515137,14.904258728027344,ok
LA_D_5597072,12.34621524810791,12.359199523925781,ok
LA_D_5597126,10.41964054107666,10.464391708374023,ok
LA_D_5598437,9.714274406433105,9.743090629577637,ok
LA_D_5599035,11.627860069274902,11.637237548828125,ok
LA_D_5599281,15.896052360534668,15.905928611755371,ok
LA_D_5600729,18.382360458374023,18.482046127319336,ok
LA_D_5601935,15.619194984436035,15.717432022094727,ok
LA_D_5602174,7.258501052856445,7.278873920440674,ok
LA_D_5602437,11.634780883789062,11.635995864868164,ok
LA_D_5605656,14.438055038452148,14.448298454284668,ok
LA_D_5606948,16.17724609375,16.18114471435547,ok
LA_D_5607232,14.69455337524414,14.731358528137207,ok
LA_D_5609165,17.681699752807617,17.686033248901367,ok
LA_D_5609423,16.648836135864258,16.686376571655273,ok
LA_D_5610125,13.74323558807373,13.768712043762207,ok
LA_D_5610893,6.476861000061035,6.477237224578857,ok
LA_D_5611461,14.898909568786621,14.928162574768066,ok
LA_D_5611885,14.367501258850098,14.386297225952148,ok
LA_D_5612664,13.425292015075684,13.469285011291504,ok
LA_D_5612758,13.920435905456543,13.952813148498535,ok
LA_D_5613224,14.0902681350708,14.10469913482666,ok
LA_D_5613500,11.697249412536621,11.698552131652832,ok
LA_D_5613820,19.263757705688477,19.315263748168945,ok
LA_D_5614245,11.558234214782715,11.5619478225708,ok
LA_D_5614406,15.253753662109375,15.259391784667969,ok
LA_D_5615493,9.920099258422852,9.920232772827148,ok
LA_D_5616692,15.491747856140137,15.530081748962402,ok
LA_D_5617123,15.130752563476562,15.187429428100586,ok
LA_D_5617907,14.272900581359863,14.279438972473145,ok
LA_D_5621016,-0.9070183038711548,-0.9102758765220642,ok
LA_D_5621269,12.63327693939209,12.638452529907227,ok
LA_D_5621483,13.267337799072266,13.323486328125,ok
LA_D_5621900,14.742117881774902,14.761719703674316,ok
LA_D_5622630,13.246047973632812,13.256844520568848,ok
LA_D_5623014,15.332381248474121,15.34167194366455,ok
LA_D_5623022,8.175966262817383,8.17517375946045,ok
LA_D_5623559,-10.683087348937988,-10.683232307434082,ok
LA_D_5624531,14.678202629089355,14.703490257263184,ok
LA_D_5624856,14.4388427734375,14.452122688293457,ok
LA_D_5626492,21.08171844482422,21.121023178100586,ok
LA_D_5626564,15.559626579284668,15.571626663208008,ok
LA_D_5627177,11.170931816101074,11.190407752990723,ok
LA_D_5627497,19.63271713256836,19.72344207763672,ok
LA_D_5629187,7.130951881408691,7.14312219619751,ok
LA_D_5629796,11.44538402557373,11.454541206359863,ok
LA_D_5630768,15.616092681884766,15.617274284362793,ok
LA_D_5631323,14.517206192016602,14.552948951721191,ok
LA_D_5631357,15.502850532531738,15.520757675170898,ok
LA_D_5631850,-12.824661254882812,-12.834463119506836,ok
LA_D_5633647,8.989009857177734,9.025954246520996,ok
LA_D_5634985,19.67061996459961,19.774539947509766,ok
LA_D_5635914,14.481962203979492,14.50629711151123,ok
LA_D_5636069,-14.297379493713379,-14.376191139221191,ok
LA_D_5637114,14.148163795471191,14.162487983703613,ok
LA_D_5637928,14.733171463012695,14.774048805236816,ok
LA_D_5637979,13.798079490661621,13.80067253112793,ok
LA_D_5639347,12.965322494506836,12.965993881225586,ok
LA_D_5639584,15.151021003723145,15.265356063842773,ok
LA_D_5642763,14.225872993469238,14.246167182922363,ok
LA_D_5643163,12.816164016723633,12.816338539123535,ok
LA_D_5644446,7.607858657836914,7.607875823974609,ok
LA_D_5646610,9.07176399230957,9.078587532043457,ok
LA_D_5647135,15.140320777893066,15.169074058532715,ok
LA_D_5647328,18.66692352294922,18.775968551635742,ok
LA_D_5647508,5.945169448852539,6.038471698760986,ok
LA_D_5648484,2.531663656234741,2.5336976051330566,ok
LA_D_5651240,-13.36125659942627,-13.489480972290039,ok
LA_D_5651896,15.110824584960938,15.151482582092285,ok
LA_D_5652503,15.210955619812012,15.251835823059082,ok
LA_D_5653979,16.889089584350586,16.906484603881836,ok
LA_D_5654315,-6.67441463470459,-6.76552152633667,ok
LA_D_5654371,10.691330909729004,10.701668739318848,ok
LA_D_5654375,12.658540725708008,12.663124084472656,ok
LA_D_5655417,13.047982215881348,13.055766105651855,ok
LA_D_5656124,14.920711517333984,14.96052074432373,ok
LA_D_5657749,17.695762634277344,17.79262351989746,ok
LA_D_5657789,19.0831356048584,19.190767288208008,ok
LA_D_5658047,10.461179733276367,10.486322402954102,ok
LA_D_5659751,13.449934005737305,13.47124195098877,ok
LA_D_5660127,15.57754135131836,15.578299522399902,ok
LA_D_5661104,14.155930519104004,14.237397193908691,ok
LA_D_5661640,17.075328826904297,17.100557327270508,ok
LA_D_5661698,14.150300025939941,14.152669906616211,ok
LA_D_5662897,17.96546173095703,18.0330867767334,ok
LA_D_5663851,11.74083137512207,11.757006645202637,ok
LA_D_5664870,-14.632613182067871,-14.637733459472656,ok
LA_D_5665100,21.498294830322266,21.553686141967773,ok
LA_D_5665194,-14.935569763183594,-14.954215049743652,ok
LA_D_5668161,16.226512908935547,16.240259170532227,ok
LA_D_5669124,18.12539291381836,18.257640838623047,ok
LA_D_5671767,10.262925148010254,10.264532089233398,ok
LA_D_5673312,19.17551612854004,19.21094512939453,ok
LA_D_5673334,11.665511131286621,11.66894245147705,ok
LA_D_5673436,-12.569903373718262,-12.57444953918457,ok
LA_D_5673630,3.9219655990600586,3.9259674549102783,ok
LA_D_5674798,10.95024585723877,11.005249977111816,ok
LA_D_5676897,-14.457147598266602,-14.47797966003418,ok
LA_D_5677611,6.095503807067871,6.089701175689697,ok
LA_D_5679192,11.938436508178711,11.950568199157715,ok
LA_D_5679699,15.844541549682617,15.844976425170898,ok
LA_D_5680161,14.510651588439941,14.546971321105957,ok
LA_D_5680395,12.69133186340332,12.707610130310059,ok
LA_D_5681705,13.479584693908691,13.496237754821777,ok
LA_D_5682188,15.914153099060059,15.955910682678223,ok
LA_D_5682398,17.550121307373047,17.62025260925293,ok
LA_D_5682639,13.894479751586914,13.911894798278809,ok
LA_D_5683175,14.323741912841797,14.34507942199707,ok
LA_D_5684092,14.955906867980957,14.967906951904297,ok
LA_D_5684697,4.24105978012085,4.23863410949707,ok
LA_D_5685369,16.26091957092285,16.27705192565918,ok
LA_D_5685998,11.994494438171387,12.023625373840332,ok
LA_D_5687626,9.362438201904297,9.37740421295166,ok
LA_D_5689198,14.461819648742676,14.465665817260742,ok
LA_D_5689576,13.597959518432617,13.605511665344238,ok
LA_D_5690287,14.798748016357422,14.821242332458496,ok
LA_D_5690727,17.213043212890625,17.221328735351562,ok
LA_D_5691072,-13.191889762878418,-13.196525573730469,ok
LA_D_5691372,13.459491729736328,13.485957145690918,ok
LA_D_5691756,7.515829086303711,7.5157341957092285,ok
LA_D_5693207,13.218757629394531,13.222811698913574,ok
LA_D_5693331,17.8504581451416,17.85086441040039,ok
LA_D_5695559,13.831859588623047,13.852184295654297,ok
LA_D_5695682,14.957232475280762,14.960844993591309,ok
LA_D_5695691,-13.22238826751709,-13.23131275177002,ok
LA_D_5697626,14.054017066955566,14.055602073669434,ok
LA_D_5697939,12.853785514831543,12.855517387390137,ok
LA_D_5697969,16.171472549438477,16.1726016998291,ok
LA_D_5698259,23.294315338134766,23.308198928833008,ok
LA_D_5698379,-12.67760944366455,-12.732880592346191,ok
LA_D_5699257,14.681365013122559,14.696976661682129,ok
LA_D_5699731,0.4853300452232361,0.47657477855682373,ok
LA_D_5700704,12.066729545593262,12.076881408691406,ok
LA_D_5702239,15.441878318786621,15.451430320739746,ok
LA_D_5702258,13.953801155090332,13.96274471282959,ok
LA_D_5702698,18.268692016601562,18.297657012939453,ok
LA_D_5704173,11.655298233032227,11.656623840332031,ok
LA_D_5706448,13.176322937011719,13.179433822631836,ok
LA_D_5706472,17.88172721862793,17.90226936340332,ok
LA_D_5710236,21.034753799438477,21.082334518432617,ok
LA_D_5710259,11.837183952331543,11.837292671203613,ok
LA_D_5710714,12.250560760498047,12.255293846130371,ok
LA_D_5711305,15.984697341918945,16.036399841308594,ok
LA_D_5711351,8.019749641418457,8.013875961303711,ok
LA_D_5712427,13.722275733947754,13.722230911254883,ok
LA_D_5712604,14.204208374023438,14.209352493286133,ok
LA_D_5712684,-16.45211410522461,-16.45609474182129,ok
LA_D_5712950,16.196517944335938,16.208202362060547,ok
LA_D_5713062,12.811384201049805,12.837041854858398,ok
LA_D_5713417,14.215452194213867,14.295045852661133,ok
LA_D_5713865,17.33843231201172,17.39177703857422,ok
LA_D_5714169,13.943140029907227,13.96942138671875,ok
LA_D_5715212,8.921339988708496,8.922696113586426,ok
LA_D_5715402,17.636070251464844,17.6602725982666,ok
LA_D_5716651,18.37316131591797,18.38215446472168,ok
LA_D_5716855,13.279131889343262,13.287177085876465,ok
LA_D_5717327,15.98874568939209,16.029027938842773,ok
LA_D_5718984,17.227758407592773,17.251888275146484,ok
LA_D_5719323,-8.762038230895996,-8.764816284179688,ok
LA_D_5719332,12.292762756347656,12.313509941101074,ok
LA_D_5721193,12.981059074401855,12.993905067443848,ok
LA_D_5723098,12.780949592590332,12.8674955368042,ok
LA_D_5723608,10.508231163024902,10.507901191711426,ok
LA_D_5723701,5.824041366577148,5.82483434677124,ok
LA_D_5724728,-14.18045711517334,-14.208491325378418,ok
LA_D_5724957,15.804465293884277,15.806714057922363,ok
LA_D_5725878,-8.476665496826172,-8.482882499694824,ok
LA_D_5726307,15.872915267944336,15.897065162658691,ok
LA_D_5726814,12.972908020019531,12.972723960876465,ok
LA_D_5727251,17.747777938842773,17.762866973876953,ok
LA_D_5728642,18.184816360473633,18.236825942993164,ok
LA_D_5729926,14.002488136291504,14.004690170288086,ok
LA_D_5730320,23.26682472229004,23.341835021972656,ok
LA_D_5731221,11.525405883789062,11.539597511291504,ok
LA_D_5731514,9.68504810333252,9.691149711608887,ok
LA_D_5732035,17.596040725708008,17.60358238220215,ok
LA_D_5732655,18.268802642822266,18.27286720275879,ok
LA_D_5733338,16.333065032958984,16.38191795349121,ok
LA_D_5734083,14.32554817199707,14.399020195007324,ok
LA_D_5734480,-14.994222640991211,-15.001263618469238,ok
LA_D_5734535,14.172896385192871,14.190518379211426,ok
LA_D_5735487,16.36040496826172,16.40878677368164,ok
LA_D_5735559,17.635662078857422,17.667295455932617,ok
LA_D_5735922,21.412763595581055,21.521081924438477,ok
LA_D_5736677,19.685619354248047,19.753236770629883,ok
LA_D_5736694,16.3092098236084,16.388099670410156,ok
LA_D_5737035,16.907684326171875,16.921321868896484,ok
LA_D_5737273,20.74588394165039,20.7587890625,ok
LA_D_5737796,13.17557430267334,13.199429512023926,ok
LA_D_5737966,12.640217781066895,12.640128135681152,ok
LA_D_5738684,14.517664909362793,14.527861595153809,ok
LA_D_5738833,13.06958293914795,13.069973945617676,ok
LA_D_5741681,18.211782455444336,18.21175193786621,ok
LA_D_5742424,12.832961082458496,12.844182014465332,ok
LA_D_5742561,16.931533813476562,16.95278549194336,ok
LA_D_5742661,11.568015098571777,11.569930076599121,ok
LA_D_5743533,10.46510124206543,10.465288162231445,ok
LA_D_5743745,15.829241752624512,15.844482421875,ok
LA_D_5744723,20.3817081451416,20.607755661010742,ok
LA_D_5746789,15.982184410095215,16.028738021850586,ok
LA_D_5747580,-13.12333869934082,-13.142050743103027,ok
LA_D_5747601,15.93055534362793,15.9678955078125,ok
LA_D_5748042,12.952165603637695,12.9681978225708,ok
LA_D_5751531,12.14792251586914,12.162476539611816,ok
LA_D_5751891,17.711830139160156,17.738801956176758,ok
LA_D_5752206,16.381643295288086,16.482812881469727,ok
LA_D_5752437,14.799494743347168,14.911913871765137,ok
LA_D_5752916,13.257792472839355,13.260064125061035,ok
LA_D_5754462,14.881573677062988,14.916041374206543,ok
LA_D_5755154,13.129010200500488,13.135586738586426,ok
LA_D_5755194,12.86514663696289,12.873000144958496,ok
LA_D_5755628,18.444713592529297,18.449007034301758,ok
LA_D_5756079,14.210073471069336,14.277409553527832,ok
LA_D_5758976,-13.579692840576172,-13.608968734741211,ok
LA_D_5759383,-11.66504192352295,-11.689330101013184,ok
LA_D_5760810,12.864197731018066,12.864521980285645,ok
LA_D_5761294,1.7127801179885864,1.7369592189788818,ok
LA_D_5761885,18.184513092041016,18.365148544311523,ok
LA_D_5763453,-3.707643985748291,-3.736574649810791,ok
LA_D_5763793,11.091763496398926,11.119889259338379,ok
LA_D_5765155,14.966618537902832,15.031203269958496,ok
LA_D_5765277,9.103514671325684,9.11142635345459,ok
LA_D_5765948,12.066251754760742,12.087929725646973,ok
LA_D_5767805,18.550031661987305,18.62805938720703,ok
LA_D_5769133,-12.856832504272461,-12.871872901916504,ok
LA_D_5769169,12.85171127319336,12.852316856384277,ok
LA_D_5769309,19.100000381469727,19.10883903503418,ok
LA_D_5770185,-13.94804859161377,-13.976054191589355,ok
LA_D_5770424,8.104377746582031,8.104952812194824,ok
LA_D_5771160,12.77942943572998,12.79105281829834,ok
LA_D_5772488,18.216453552246094,18.26676368713379,ok
LA_D_5774345,9.311614990234375,9.319055557250977,ok
LA_D_5774989,-14.585932731628418,-14.603654861450195,ok
LA_D_5776830,17.809917449951172,17.8238525390625,ok
LA_D_5779022,10.686903953552246,10.686575889587402,ok
LA_D_5779977,-8.548200607299805,-8.55190658569336,ok
LA_D_5781241,11.70069408416748,11.737192153930664,ok
LA_D_5781617,9.919035911560059,9.919404029846191,ok
LA_D_5782359,12.488473892211914,12.508454322814941,ok
LA_D_5786164,12.507715225219727,12.507678031921387,ok
LA_D_5786237,-12.222515106201172,-12.232243537902832,ok
LA_D_5788523,12.515498161315918,12.515707015991211,ok
LA_D_5788830,12.739862442016602,12.759005546569824,ok
LA_D_5789585,18.744388580322266,18.794553756713867,ok
LA_D_5789727,13.044008255004883,13.048781394958496,ok
LA_D_5790394,-3.6930289268493652,-3.717738628387451,ok
LA_D_5790567,-10.348362922668457,-10.376206398010254,ok
LA_D_5791316,14.894909858703613,14.968810081481934,ok
LA_D_5791423,10.527657508850098,10.56379222869873,ok
LA_D_5792148,11.44057846069336,11.443018913269043,ok
LA_D_5793111,11.315866470336914,11.316451072692871,ok
LA_D_5794620,-14.938698768615723,-14.97815227508545,ok
LA_D_5795353,9.768794059753418,9.77193546295166,ok
LA_D_5796246,-14.265944480895996,-14.274920463562012,ok
LA_D_5796502,16.277193069458008,16.358781814575195,ok
LA_D_5798590,16.5540714263916,16.561857223510742,ok
LA_D_5799657,15.43364143371582,15.453170776367188,ok
LA_D_5800550,15.850481033325195,15.896391868591309,ok
LA_D_5800838,9.203432083129883,9.203890800476074,ok
LA_D_5800896,16.316204071044922,16.331968307495117,ok
LA_D_5801020,17.93804168701172,17.95393180847168,ok
LA_D_5802664,15.006857872009277,15.023646354675293,ok
LA_D_5803007,15.443551063537598,15.456144332885742,ok
LA_D_5803857,13.274404525756836,13.295634269714355,ok
LA_D_5804847,12.747861862182617,12.778433799743652,ok
LA_D_5805227,15.831716537475586,15.863730430603027,ok
LA_D_5805258,15.31128978729248,15.332026481628418,ok
LA_D_5805679,9.868245124816895,9.898863792419434,ok
LA_D_5806432,15.868827819824219,15.925835609436035,ok
LA_D_5806611,-9.85959529876709,-9.862449645996094,ok
LA_D_5808200,0.6007217764854431,0.6050028204917908,ok
LA_D_5809176,15.066287994384766,15.082852363586426,ok
LA_D_5809254,-12.542220115661621,-12.649374961853027,ok
LA_D_5810774,11.981661796569824,12.012595176696777,ok
LA_D_5811636,13.868279457092285,13.905732154846191,ok
LA_D_5812356,10.79076099395752,10.80366039276123,ok
LA_D_5813568,15.468621253967285,15.537787437438965,ok
LA_D_5814298,14.87167739868164,14.885281562805176,ok
LA_D_5815871,10.884223937988281,10.904881477355957,ok
LA_D_5815879,11.922296524047852,11.930323600769043,ok
LA_D_5817478,17.543853759765625,17.570951461791992,ok
LA_D_5817787,5.403250694274902,5.414975166320801,ok
LA_D_5818741,18.33745574951172,18.345518112182617,ok
LA_D_5819339,15.295950889587402,15.304438591003418,ok
LA_D_5819741,12.456483840942383,12.45827865600586,ok
LA_D_5820637,9.542570114135742,9.54271411895752,ok
LA_D_5821269,14.229890823364258,14.233023643493652,ok
LA_D_5822388,3.802231788635254,3.8029279708862305,ok
LA_D_5822586,12.273035049438477,12.27442455291748,ok
LA_D_5824362,14.569249153137207,14.58847713470459,ok
LA_D_5824879,23.747678756713867,23.912771224975586,ok
LA_D_5824998,-10.014030456542969,-10.035942077636719,ok
LA_D_5825167,17.151350021362305,17.171937942504883,ok
LA_D_5825711,-12.82951545715332,-12.83741283416748,ok
LA_D_5826732,11.686171531677246,11.685324668884277,ok
LA_D_5826748,11.872994422912598,11.876226425170898,ok
LA_D_5827420,9.642873764038086,9.643460273742676,ok
LA_D_5828981,13.486006736755371,13.493258476257324,ok
LA_D_5830215,16.83588218688965,16.847347259521484,ok
LA_D_5830923,20.015352249145508,20.032024383544922,ok
LA_D_5831724,16.863872528076172,16.886444091796875,ok
LA_D_5832271,16.064882278442383,16.076221466064453,ok
LA_D_5832702,14.974814414978027,14.982952117919922,ok
LA_D_5833231,-15.658931732177734,-15.666549682617188,ok
LA_D_5834045,15.915548324584961,15.918456077575684,ok
LA_D_5834157,-14.2682466506958,-14.333346366882324,ok
LA_D_5834232,19.489355087280273,19.53150749206543,ok
LA_D_5834246,11.505522727966309,11.551777839660645,ok
LA_D_5834907,11.713071823120117,11.76573657989502,ok
LA_D_5835778,12.549884796142578,12.558074951171875,ok
LA_D_5835948,13.126070022583008,13.132058143615723,ok
LA_D_5836628,13.803842544555664,13.808876991271973,ok
LA_D_5837845,13.726377487182617,13.729289054870605,ok
LA_D_5838098,16.582115173339844,16.588706970214844,ok
LA_D_5838500,17.970972061157227,17.97852897644043,ok
LA_D_5838540,-13.170475959777832,-13.177374839782715,ok
LA_D_5839530,15.207598686218262,15.213187217712402,ok
LA_D_5839621,6.916802883148193,6.922220230102539,ok
LA_D_5840187,12.074036598205566,12.08935260772705,ok
LA_D_5841055,10.076560020446777,10.076881408691406,ok
LA_D_5841267,-15.17379093170166,-15.17746639251709,ok
LA_D_5841342,15.851040840148926,15.87193489074707,ok
LA_D_5841697,11.805108070373535,11.80932331085205,ok
LA_D_5842927,10.86087417602539,10.886009216308594,ok
LA_D_5844214,6.889313220977783,6.886940956115723,ok
LA_D_5844846,10.804957389831543,10.804930686950684,ok
LA_D_5845529,16.872737884521484,16.886409759521484,ok
LA_D_5846104,-12.523839950561523,-12.54197883605957,ok
LA_D_5847069,15.44947624206543,15.475089073181152,ok
LA_D_5847801,13.40768051147461,13.437362670898438,ok
LA_D_5848108,13.96774959564209,13.970555305480957,ok
LA_D_5849098,12.833840370178223,12.934075355529785,ok
LA_D_5849476,15.115425109863281,15.153412818908691,ok
LA_D_5849620,12.420971870422363,12.439933776855469,ok
LA_D_5850460,10.968812942504883,10.973910331726074,ok
LA_D_5851479,18.587276458740234,18.638349533081055,ok
LA_D_5853595,12.069148063659668,12.076920509338379,ok
LA_D_5854092,12.414997100830078,12.419602394104004,ok
LA_D_5854347,13.066473960876465,13.070331573486328,ok
LA_D_5854712,12.000954627990723,12.0526704788208,ok
LA_D_5855173,11.20431900024414,11.223639488220215,ok
LA_D_5855679,17.781591415405273,17.79695701599121,ok
LA_D_5856383,8.342391014099121,8.343159675598145,ok
LA_D_5856426,14.960490226745605,14.962555885314941,ok
LA_D_5856691,12.914008140563965,12.972859382629395,ok
LA_D_5857128,14.476876258850098,14.495246887207031,ok
LA_D_5858013,9.848882675170898,9.852593421936035,ok
LA_D_5858787,9.39825439453125,9.389994621276855,ok
LA_D_5858893,11.261818885803223,11.288553237915039,ok
LA_D_5859057,14.11252498626709,14.124940872192383,ok
LA_D_5861399,12.821892738342285,12.822041511535645,ok
LA_D_5861749,12.638580322265625,12.637551307678223,ok
LA_D_5863016,12.602180480957031,12.618420600891113,ok
LA_D_5863611,-11.828204154968262,-11.840458869934082,ok
LA_D_5863762,13.49626350402832,13.502906799316406,ok
LA_D_5865733,13.553604125976562,13.553658485412598,ok
LA_D_5866255,17.957395553588867,17.991212844848633,ok
LA_D_5866849,11.219411849975586,11.220831871032715,ok
LA_D_5866992,16.113971710205078,16.126962661743164,ok
LA_D_5867269,7.907181262969971,7.907264709472656,ok
LA_D_5867393,13.867086410522461,13.876032829284668,ok
LA_D_5868407,-13.129504203796387,-13.131087303161621,ok
LA_D_5869640,17.651527404785156,17.66991424560547,ok
LA_D_5870140,14.225364685058594,14.242538452148438,ok
LA_D_5871349,13.753484725952148,13.754668235778809,ok
LA_D_5871402,16.737995147705078,16.796356201171875,ok
LA_D_5871485,18.34896469116211,18.365327835083008,ok
LA_D_5872598,17.253015518188477,17.33668327331543,ok
LA_D_5873514,9.315309524536133,9.315311431884766,ok
LA_D_5873604,15.737606048583984,15.75145149230957,ok
LA_D_5873758,11.490889549255371,11.522448539733887,ok
LA_D_5873832,16.06291961669922,16.06633186340332,ok
LA_D_5874054,10.760350227355957,10.765742301940918,ok
LA_D_5874196,14.48083782196045,14.510405540466309,ok
LA_D_5874425,12.294445037841797,12.305472373962402,ok
LA_D_5875439,16.397348403930664,16.406497955322266,ok
LA_D_5875499,15.500643730163574,15.52596664428711,ok
LA_D_5875987,13.91749095916748,13.944381713867188,ok
LA_D_5876621,16.170047760009766,16.178266525268555,ok
LA_D_5878266,16.86178970336914,16.890884399414062,ok
LA_D_5878616,13.672962188720703,13.679965019226074,ok
LA_D_5879570,-14.11574935913086,-14.163750648498535,ok
LA_D_5880856,14.406607627868652,14.417275428771973,ok
LA_D_5881167,12.926562309265137,12.940086364746094,ok
LA_D_5881442,10.946579933166504,10.947016716003418,ok
LA_D_5882342,14.518716812133789,14.575782775878906,ok
LA_D_5882834,11.054130554199219,11.067842483520508,ok
LA_D_5884456,11.735464096069336,11.748295783996582,ok
LA_D_5885239,13.14667797088623,13.159377098083496,ok
LA_D_5886832,12.84936237335205,12.852961540222168,ok
LA_D_5887076,13.738986015319824,13.740482330322266,ok
LA_D_5888899,9.365438461303711,9.366612434387207,ok
LA_D_5889135,15.644161224365234,15.68885326385498,ok
LA_D_5889358,20.88412094116211,20.923734664916992,ok
LA_D_5889397,11.39763355255127,11.404326438903809,ok
LA_D_5890209,10.990267753601074,10.990376472473145,ok
LA_D_5890290,12.135704040527344,12.147547721862793,ok
LA_D_5891155,14.980403900146484,15.000611305236816,ok
LA_D_5891453,-12.135270118713379,-12.167162895202637,ok
LA_D_5891869,15.947037696838379,15.946904182434082,ok
LA_D_5893651,13.41930103302002,13.420671463012695,ok
LA_D_5893732,16.028732299804688,16.127294540405273,ok
LA_D_5894140,8.237894058227539,8.239209175109863,ok
LA_D_5895018,15.327411651611328,15.32542896270752,ok
LA_D_5895216,15.585487365722656,15.607292175292969,ok
LA_D_5897281,17.08255958557129,17.084745407104492,ok
LA_D_5897721,15.56506633758545,15.661815643310547,ok
LA_D_5897761,12.974849700927734,12.98117446899414,ok
LA_D_5898202,8.765604019165039,8.76686954498291,ok
LA_D_5898234,-12.941877365112305,-12.94725513458252,ok
LA_D_5899377,8.007959365844727,8.007120132446289,ok
LA_D_5899837,12.14394474029541,12.149560928344727,ok
LA_D_5900756,12.452598571777344,12.452666282653809,ok
LA_D_5901105,12.687797546386719,12.706761360168457,ok
LA_D_5901190,16.770980834960938,16.784151077270508,ok
LA_D_5901525,13.924979209899902,13.934532165527344,ok
LA_D_5902939,16.148099899291992,16.202688217163086,ok
LA_D_5903262,14.390169143676758,14.409219741821289,ok
LA_D_5903873,-10.74070930480957,-10.755359649658203,ok
LA_D_5905554,14.298102378845215,14.375617027282715,ok
LA_D_5905737,10.846879005432129,10.871659278869629,ok
LA_D_5907805,14.1582670211792,14.23862361907959,ok
LA_D_5908876,15.611387252807617,15.626177787780762,ok
LA_D_5909772,13.682388305664062,13.703999519348145,ok
LA_D_5909916,14.868374824523926,14.97636890411377,ok
LA_D_5909998,18.77916145324707,18.817934036254883,ok
LA_D_5910081,14.643065452575684,14.648920059204102,ok
LA_D_5911892,9.363592147827148,9.360940933227539,ok
LA_D_5912421,14.830663681030273,14.851438522338867,ok
LA_D_5913608,15.178916931152344,15.190808296203613,ok
LA_D_5914226,12.346600532531738,12.355424880981445,ok
LA_D_5914572,15.45750617980957,15.461323738098145,ok
LA_D_5915443,16.933467864990234,16.9597225189209,ok
LA_D_5915454,14.071432113647461,14.096453666687012,ok
LA_D_5917934,15.809605598449707,15.820039749145508,ok
LA_D_5918137,9.260030746459961,9.26359748840332,ok
LA_D_5918268,13.669048309326172,13.689587593078613,ok
LA_D_5918480,13.84153938293457,13.914664268493652,ok
LA_D_5918498,14.930274963378906,14.943655967712402,ok
LA_D_5919154,13.526817321777344,13.53954792022705,ok
LA_D_5921230,13.397038459777832,13.460402488708496,ok
LA_D_5921937,15.221545219421387,15.226813316345215,ok
LA_D_5922375,14.388019561767578,14.41334342956543,ok
LA_D_5924199,9.060328483581543,9.06118106842041,ok
LA_D_5925557,-11.508553504943848,-11.54149055480957,ok
LA_D_5925659,-11.682356834411621,-11.682995796203613,ok
LA_D_5926059,9.921652793884277,9.918652534484863,ok
LA_D_5926484,17.878482818603516,17.87940788269043,ok
LA_D_5927325,12.793191909790039,12.801003456115723,ok
LA_D_5927388,-14.851075172424316,-14.867770195007324,ok
LA_D_5927782,22.61896514892578,22.6401309967041,ok
LA_D_5929796,3.9523446559906006,3.9424545764923096,ok
LA_D_5930167,14.26602840423584,14.298717498779297,ok
LA_D_5931137,16.361263275146484,16.40683937072754,ok
LA_D_5931445,17.908424377441406,18.025041580200195,ok
LA_D_5931696,12.041796684265137,12.04589557647705,ok
LA_D_5932598,10.990914344787598,10.991026878356934,ok
LA_D_5932613,-11.781813621520996,-11.86330509185791,ok
LA_D_5932720,8.445174217224121,8.446398735046387,ok
LA_D_5934154,15.334510803222656,15.339103698730469,ok
LA_D_5934239,13.198677062988281,13.234808921813965,ok
LA_D_5934426,-15.360580444335938,-15.367571830749512,ok
LA_D_5934440,7.640338897705078,7.647580623626709,ok
LA_D_5935284,16.206281661987305,16.215391159057617,ok
LA_D_5936355,8.934699058532715,8.93607234954834,ok
LA_D_5937021,9.056095123291016,9.174055099487305,ok
LA_D_5937369,9.451995849609375,9.453070640563965,ok
LA_D_5938241,15.874678611755371,15.888077735900879,ok
LA_D_5939156,15.33388900756836,15.35970687866211,ok
LA_D_5940165,15.34722900390625,15.358736991882324,ok
LA_D_5940340,7.846894264221191,7.895413875579834,ok
LA_D_5940767,15.599752426147461,15.833686828613281,ok
LA_D_5940824,22.435239791870117,22.45140266418457,ok
LA_D_5944292,10.33486557006836,10.344473838806152,ok
LA_D_5945248,23.269060134887695,23.352828979492188,ok
LA_D_5945817,6.96969747543335,6.969940662384033,ok
LA_D_5947257,-14.344040870666504,-14.37398910522461,ok
LA_D_5948278,18.13417625427246,18.14177131652832,ok
LA_D_5948925,10.70110034942627,10.741074562072754,ok
LA_D_5950523,16.5509090423584,16.583621978759766,ok
LA_D_5952548,-7.717151165008545,-7.729123115539551,ok
LA_D_5952895,12.334936141967773,12.37415885925293,ok
LA_D_5953510,16.63210678100586,16.694684982299805,ok
LA_D_5953565,14.235269546508789,14.244902610778809,ok
LA_D_5954148,11.590085983276367,11.591948509216309,ok
LA_D_5954862,15.603619575500488,15.610730171203613,ok
LA_D_5955756,15.775324821472168,15.77699089050293,ok
LA_D_5957373,14.067596435546875,14.083048820495605,ok
LA_D_5958463,18.5283145904541,18.552900314331055,ok
LA_D_5958767,15.460541725158691,15.471697807312012,ok
LA_D_5959072,12.481277465820312,12.481297492980957,ok
LA_D_5959728,12.741913795471191,12.738425254821777,ok
LA_D_5960315,8.783239364624023,8.785310745239258,ok
LA_D_5960511,11.295304298400879,11.29549503326416,ok
LA_D_5961259,16.936731338500977,16.945587158203125,ok
LA_D_5961603,13.480144500732422,13.486771583557129,ok
LA_D_5961859,17.85288429260254,17.86656379699707,ok
LA_D_5962580,-14.413063049316406,-14.442460060119629,ok
LA_D_5962786,10.506009101867676,10.561101913452148,ok
LA_D_5965400,9.999237060546875,9.999104499816895,ok
LA_D_5965871,15.40256404876709,15.400514602661133,ok
LA_D_5966088,12.297258377075195,12.322213172912598,ok
LA_D_5966111,12.860090255737305,12.860833168029785,ok
LA_D_5966896,14.028702735900879,14.046721458435059,ok
LA_D_5967483,5.6121978759765625,5.643685817718506,ok
LA_D_5968191,14.106372833251953,14.14184856414795,ok
LA_D_5970267,12.547127723693848,12.586338996887207,ok
LA_D_5972086,-5.755441665649414,-5.755879878997803,ok
LA_D_5972627,-14.474128723144531,-14.478772163391113,ok
LA_D_5972830,15.482166290283203,15.48408031463623,ok
LA_D_5973374,11.20841121673584,11.225486755371094,ok
LA_D_5974398,15.844633102416992,15.849547386169434,ok
LA_D_5974456,21.350114822387695,21.401948928833008,ok
LA_D_5974545,13.066012382507324,13.07254695892334,ok
LA_D_5975736,17.748361587524414,17.808748245239258,ok
LA_D_5975960,17.23548698425293,17.248411178588867,ok
LA_D_5977520,17.783899307250977,17.811769485473633,ok
LA_D_5981243,18.617794036865234,18.655479431152344,ok
LA_D_5981705,13.062899589538574,13.128767967224121,ok
LA_D_5982804,14.06480598449707,14.080798149108887,ok
LA_D_5985415,13.538151741027832,13.53740406036377,ok
LA_D_5985635,17.11317253112793,17.140871047973633,ok
LA_D_5986166,13.791242599487305,13.792468070983887,ok
LA_D_5986701,14.260226249694824,14.263598442077637,ok
LA_D_5989901,15.884099006652832,15.908745765686035,ok
LA_D_5991498,15.65908145904541,15.669995307922363,ok
LA_D_5991520,15.091109275817871,15.125800132751465,ok
LA_D_5991891,13.586865425109863,13.612513542175293,ok
LA_D_5992495,9.050479888916016,9.106101036071777,ok
LA_D_5996371,12.713642120361328,12.72373104095459,ok
LA_D_5997151,15.168448448181152,15.183298110961914,ok
LA_D_5998708,18.61592674255371,18.686796188354492,ok
LA_D_6000442,12.01439094543457,12.03542709350586,ok
LA_D_6000471,17.287940979003906,17.299814224243164,ok
LA_D_6001078,15.965250968933105,15.99642276763916,ok
LA_D_6001607,14.005252838134766,14.008885383605957,ok
LA_D_6001731,15.841153144836426,15.852537155151367,ok
LA_D_6002746,19.17787742614746,19.227216720581055,ok
LA_D_6003803,12.678727149963379,12.686235427856445,ok
LA_D_6004306,13.350151062011719,13.365939140319824,ok
LA_D_6004323,12.596257209777832,12.609716415405273,ok
LA_D_6004959,15.9041748046875,15.918601036071777,ok
LA_D_6005916,-14.146591186523438,-14.148283958435059,ok
LA_D_6008941,-11.164031982421875,-11.232792854309082,ok
LA_D_6009636,15.354077339172363,15.430032730102539,ok
LA_D_6011658,14.164477348327637,14.1669282913208,ok
LA_D_6013126,-11.661742210388184,-11.662423133850098,ok
LA_D_6013665,17.234338760375977,17.363176345825195,ok
LA_D_6013990,15.378225326538086,15.422711372375488,ok
LA_D_6015629,19.66754913330078,19.690752029418945,ok
LA_D_6016215,-3.156590461730957,-3.1659631729125977,ok
LA_D_6016576,22.116321563720703,22.177547454833984,ok
LA_D_6017131,17.382774353027344,17.454565048217773,ok
LA_D_6018250,10.28528881072998,10.349730491638184,ok
LA_D_6018972,12.177983283996582,12.180113792419434,ok
LA_D_6019558,14.380231857299805,14.450063705444336,ok
LA_D_6020080,16.921104431152344,16.940778732299805,ok
LA_D_6020277,8.046004295349121,8.057361602783203,ok
LA_D_6020756,8.135106086730957,8.135926246643066,ok
LA_D_6021297,14.982219696044922,15.01771068572998,ok
LA_D_6021341,11.137904167175293,11.142102241516113,ok
LA_D_6022629,-1.907226324081421,-1.9439376592636108,ok
LA_D_6022964,13.677313804626465,13.688142776489258,ok
LA_D_6023359,16.07178497314453,16.246047973632812,ok
LA_D_6024993,11.379437446594238,11.383488655090332,ok
LA_D_6025730,10.36658763885498,10.370718955993652,ok
LA_D_6026070,15.990238189697266,16.00807762145996,ok
LA_D_6026073,16.979145050048828,17.109981536865234,ok
LA_D_6027499,14.253799438476562,14.31116771697998,ok
LA_D_6027798,-14.847612380981445,-14.892374992370605,ok
LA_D_6028528,14.136940002441406,14.213053703308105,ok
LA_D_6028756,11.84999942779541,11.850852012634277,ok
LA_D_6029420,15.423429489135742,15.452472686767578,ok
LA_D_6032630,-15.588449478149414,-15.617024421691895,ok
LA_D_6032690,17.703563690185547,17.7402286529541,ok
LA_D_6033416,14.451993942260742,14.45949649810791,ok
LA_D_6035078,6.496622085571289,6.501608371734619,ok
LA_D_6035108,14.157858848571777,14.278890609741211,ok
LA_D_6036733,14.113446235656738,14.148207664489746,ok
LA_D_6037279,15.09659481048584,15.100595474243164,ok
LA_D_6038131,16.284372329711914,16.321142196655273,ok
LA_D_6038912,13.992557525634766,13.996163368225098,ok
LA_D_6039051,13.056862831115723,13.057449340820312,ok
LA_D_6040176,7.370425701141357,7.419169902801514,ok
LA_D_6043277,-6.822234630584717,-6.825594425201416,ok
LA_D_6043519,-14.828302383422852,-14.836596488952637,ok
LA_D_6045245,18.17669677734375,18.19808578491211,ok
LA_D_6046406,-16.034400939941406,-16.036733627319336,ok
LA_D_6046443,11.837523460388184,11.833168983459473,ok
LA_D_6047115,10.968696594238281,10.970866203308105,ok
LA_D_6048851,11.75830078125,11.76069164276123,ok
LA_D_6049791,14.064818382263184,14.075911521911621,ok
LA_D_6051475,14.40128231048584,14.425068855285645,ok
LA_D_6052126,14.233381271362305,14.278996467590332,ok
LA_D_6052360,14.62316608428955,14.729860305786133,ok
LA_D_6052530,20.229732513427734,20.3461971282959,ok
LA_D_6053770,15.189427375793457,15.25987434387207,ok
LA_D_6054337,12.372340202331543,12.374539375305176,ok
LA_D_6055459,9.138603210449219,9.160405158996582,ok
LA_D_6056258,10.438063621520996,10.457266807556152,ok
LA_D_6059094,18.706871032714844,18.732633590698242,ok
LA_D_6060308,4.959542274475098,4.959670543670654,ok
LA_D_6060748,13.925641059875488,13.932488441467285,ok
LA_D_6060780,15.148317337036133,15.161595344543457,ok
LA_D_6062114,18.495891571044922,18.58464241027832,ok
LA_D_6062316,9.0513277053833,9.051581382751465,ok
LA_D_6063219,13.802128791809082,13.866134643554688,ok
LA_D_6064218,-14.57182788848877,-14.604859352111816,ok
LA_D_6064341,8.570795059204102,8.583456993103027,ok
LA_D_6065429,8.464738845825195,8.465680122375488,ok
LA_D_6068075,-13.565031051635742,-13.577165603637695,ok
LA_D_6070172,13.754958152770996,13.770792961120605,ok
LA_D_6071593,14.675278663635254,14.678349494934082,ok
LA_D_6073207,17.136314392089844,17.16196632385254,ok
LA_D_6073354,-15.92348861694336,-15.931445121765137,ok
LA_D_6073856,19.33677864074707,19.34861183166504,ok
LA_D_6078000,10.024731636047363,10.048829078674316,ok
LA_D_6078362,14.385163307189941,14.40792179107666,ok
LA_D_6078371,13.927826881408691,13.962702751159668,ok
LA_D_6079595,14.756569862365723,14.769804000854492,ok
LA_D_6079609,11.395489692687988,11.410311698913574,ok
LA_D_6080461,19.003297805786133,19.02606201171875,ok
LA_D_6081377,16.00948143005371,16.01054573059082,ok
LA_D_6081678,-4.931717872619629,-4.933460712432861,ok
LA_D_6083224,12.988967895507812,12.989059448242188,ok
LA_D_6084356,15.226936340332031,15.239768028259277,ok
LA_D_6084402,10.853869438171387,10.860570907592773,ok
LA_D_6084753,13.201353073120117,13.216161727905273,ok
LA_D_6085002,-7.151115417480469,-7.151925086975098,ok
LA_D_6085681,9.72433853149414,9.737133979797363,ok
LA_D_6086453,14.718106269836426,14.732314109802246,ok
LA_D_6087767,14.271215438842773,14.291213035583496,ok
LA_D_6087781,12.67042350769043,12.70468521118164,ok
LA_D_6088761,15.660469055175781,15.659417152404785,ok
LA_D_6090760,16.341716766357422,16.406938552856445,ok
LA_D_6091182,9.790715217590332,9.791285514831543,ok
LA_D_6092752,-12.315765380859375,-12.31726360321045,ok
LA_D_6093121,11.318326950073242,11.423952102661133,ok
LA_D_6093454,15.81441879272461,15.829297065734863,ok
LA_D_6093649,15.214491844177246,15.215500831604004,ok
LA_D_6095686,16.01496696472168,16.06913185119629,ok
LA_D_6096386,16.101383209228516,16.113588333129883,ok
LA_D_6096734,17.53156852722168,17.53752326965332,ok
LA_D_6097312,15.514137268066406,15.534095764160156,ok
LA_D_6097465,16.611093521118164,16.626068115234375,ok
LA_D_6097564,16.8759708404541,16.879396438598633,ok
LA_D_6098242,11.732317924499512,11.736603736877441,ok
LA_D_6099244,18.01178741455078,18.020795822143555,ok
LA_D_6100016,7.918361663818359,7.919121742248535,ok
LA_D_6103118,14.871599197387695,14.964163780212402,ok
LA_D_6103320,17.811487197875977,17.811582565307617,ok
LA_D_6105321,11.597270965576172,11.599732398986816,ok
LA_D_6105514,11.627299308776855,11.633481979370117,ok
LA_D_6105901,13.140761375427246,13.142241477966309,ok
LA_D_6107290,13.30752944946289,13.310738563537598,ok
LA_D_6108925,16.692018508911133,16.784120559692383,ok
LA_D_6111501,13.034055709838867,13.054570198059082,ok
LA_D_6112086,10.176410675048828,10.177205085754395,ok
LA_D_6112353,12.987603187561035,12.989083290100098,ok
LA_D_6113422,17.17094612121582,17.190052032470703,ok
LA_D_6113648,17.303312301635742,17.390148162841797,ok
LA_D_6113830,8.611966133117676,8.716297149658203,ok
LA_D_6113951,16.51139259338379,16.55925941467285,ok
LA_D_6114748,15.939521789550781,15.953126907348633,ok
LA_D_6115335,13.522684097290039,13.55642032623291,ok
LA_D_6115657,14.427560806274414,14.431707382202148,ok
LA_D_6115922,14.954523086547852,14.972176551818848,ok
LA_D_6116293,9.526741027832031,9.551800727844238,ok
LA_D_6116905,11.351560592651367,11.357953071594238,ok
LA_D_6117748,-14.328661918640137,-14.367103576660156,ok
LA_D_6120066,16.739540100097656,16.77761459350586,ok
LA_D_6120152,-14.106057167053223,-14.106823921203613,ok
LA_D_6121156,13.659046173095703,13.679171562194824,ok
LA_D_6123683,13.258575439453125,13.263919830322266,ok
LA_D_6124016,17.26836585998535,17.313953399658203,ok
LA_D_6124472,15.346707344055176,15.360686302185059,ok
LA_D_6124905,-14.275808334350586,-14.349764823913574,ok
LA_D_6125461,18.522193908691406,18.525888442993164,ok
LA_D_6126827,8.682616233825684,8.68294620513916,ok
LA_D_6127252,13.05833911895752,13.060752868652344,ok
LA_D_6127270,14.547391891479492,14.593352317810059,ok
LA_D_6127324,10.731339454650879,10.728997230529785,ok
LA_D_6127867,12.09832763671875,12.099196434020996,ok
LA_D_6128648,8.369057655334473,8.37072467803955,ok
LA_D_6129031,14.420721054077148,14.425056457519531,ok
LA_D_6129214,11.87669849395752,11.899090766906738,ok
LA_D_6131631,14.632638931274414,14.632097244262695,ok
LA_D_6131696,10.875040054321289,10.878703117370605,ok
LA_D_6132532,17.817705154418945,17.82472801208496,ok
LA_D_6135335,10.191184997558594,10.2023344039917,ok
LA_D_6135553,18.087928771972656,18.178442001342773,ok
LA_D_6136274,12.236472129821777,12.247119903564453,ok
LA_D_6137322,14.917815208435059,14.959612846374512,ok
LA_D_6138007,17.383169174194336,17.384708404541016,ok
LA_D_6138839,-12.55821704864502,-12.58891773223877,ok
LA_D_6141449,17.712709426879883,17.713972091674805,ok
LA_D_6143159,14.051743507385254,14.065048217773438,ok
LA_D_6143239,13.537358283996582,13.549628257751465,ok
LA_D_6143596,15.252039909362793,15.270779609680176,ok
LA_D_6145108,20.910667419433594,20.919458389282227,ok
LA_D_6145523,9.730170249938965,9.731489181518555,ok
LA_D_6146856,14.034480094909668,14.079218864440918,ok
LA_D_6147694,15.798046112060547,15.818260192871094,ok
LA_D_6151616,15.016999244689941,15.040264129638672,ok
LA_D_6153129,13.502488136291504,13.5045804977417,ok
LA_D_6153465,16.57021141052246,16.594995498657227,ok
LA_D_6153562,12.571124076843262,12.578807830810547,ok
LA_D_6153919,12.117021560668945,12.123604774475098,ok
LA_D_6153942,-6.921885967254639,-6.921948432922363,ok
LA_D_6154657,19.194210052490234,19.267534255981445,ok
LA_D_6154971,12.875960350036621,12.904022216796875,ok
LA_D_6155558,3.724325656890869,3.7253804206848145,ok
LA_D_6156090,-7.770236492156982,-7.770391941070557,ok
LA_D_6157715,11.900287628173828,11.95573902130127,ok
LA_D_6159317,11.909968376159668,11.906096458435059,ok
LA_D_6160000,-2.031160831451416,-2.0313515663146973,ok
LA_D_6160245,15.823150634765625,15.841534614562988,ok
LA_D_6161090,17.849584579467773,17.91766929626465,ok
LA_D_6161483,15.633692741394043,15.69540786743164,ok
LA_D_6162323,14.758732795715332,14.809709548950195,ok
LA_D_6162330,13.662145614624023,13.662056922912598,ok
LA_D_6164377,11.299528121948242,11.309903144836426,ok
LA_D_6164680,8.72946548461914,8.747052192687988,ok
LA_D_6165178,13.172965049743652,13.178021430969238,ok
LA_D_6165551,16.492677688598633,16.518924713134766,ok
LA_D_6165815,11.968172073364258,11.969564437866211,ok
LA_D_6165860,7.80787467956543,7.809387683868408,ok
LA_D_6166462,11.133591651916504,11.148405075073242,ok
LA_D_6166673,14.530555725097656,14.538872718811035,ok
LA_D_6167979,13.751051902770996,13.758360862731934,ok
LA_D_6168336,14.511039733886719,14.51828384399414,ok
LA_D_6168688,12.808733940124512,12.808573722839355,ok
LA_D_6168902,9.109362602233887,9.109359741210938,ok
LA_D_6171374,13.028846740722656,13.07227611541748,ok
LA_D_6171581,14.716960906982422,14.769233703613281,ok
LA_D_6172873,21.5571231842041,21.765968322753906,ok
LA_D_6174114,11.144861221313477,11.175406455993652,ok
LA_D_6174345,15.633010864257812,15.639296531677246,ok
LA_D_6175023,8.415496826171875,8.432364463806152,ok
LA_D_6176750,13.513823509216309,13.539186477661133,ok
LA_D_6177242,12.949795722961426,12.97878360748291,ok
LA_D_6177458,15.11457633972168,15.14534854888916,ok
LA_D_6178175,17.26284408569336,17.308317184448242,ok
LA_D_6178691,6.010940074920654,6.035836696624756,ok
LA_D_6178956,-13.829553604125977,-13.834053993225098,ok
LA_D_6179226,17.49739646911621,17.566598892211914,ok
LA_D_6179252,13.380095481872559,13.392882347106934,ok
LA_D_6180201,12.635568618774414,12.655003547668457,ok
LA_D_6181747,14.03679370880127,14.044018745422363,ok
LA_D_6181877,17.40787124633789,17.43414878845215,ok
LA_D_6183125,14.965056419372559,14.977667808532715,ok
LA_D_6183356,-16.146869659423828,-16.18885612487793,ok
LA_D_6184039,3.0740606784820557,3.0824050903320312,ok
LA_D_6184612,17.237428665161133,17.240381240844727,ok
LA_D_6185674,15.191404342651367,15.214802742004395,ok
LA_D_6185691,11.764450073242188,11.764870643615723,ok
LA_D_6186728,16.509923934936523,16.518980026245117,ok
LA_D_6187174,17.236743927001953,17.23661231994629,ok
LA_D_6187512,15.396597862243652,15.448749542236328,ok
LA_D_6188881,14.269783973693848,14.268322944641113,ok
LA_D_6188980,14.748153686523438,14.795364379882812,ok
LA_D_6190533,13.440869331359863,13.442206382751465,ok
LA_D_6192145,20.667768478393555,20.7804012298584,ok
LA_D_6192792,15.342279434204102,15.344505310058594,ok
LA_D_6193524,15.53218936920166,15.533405303955078,ok
LA_D_6194235,15.522563934326172,15.527389526367188,ok
LA_D_6194442,20.166946411132812,20.24197769165039,ok
LA_D_6196078,13.914587020874023,13.918684959411621,ok
LA_D_6197060,16.478281021118164,16.503084182739258,ok
LA_D_6197341,14.726544380187988,14.736002922058105,ok
LA_D_6197535,16.58631134033203,16.60065269470215,ok
LA_D_6197862,11.462617874145508,11.463591575622559,ok
LA_D_6197886,12.901679992675781,12.901768684387207,ok
LA_D_6198361,14.671311378479004,14.674373626708984,ok
LA_D_6198746,-17.327796936035156,-17.330768585205078,ok
LA_D_6201103,11.542454719543457,11.552431106567383,ok
LA_D_6201251,16.96381187438965,16.97798728942871,ok
LA_D_6201607,13.938200950622559,13.944119453430176,ok
LA_D_6202447,16.752857208251953,16.770124435424805,ok
LA_D_6203299,15.163052558898926,15.28100872039795,ok
LA_D_6203431,13.444077491760254,13.49158000946045,ok
LA_D_6203837,17.212711334228516,17.227294921875,ok
LA_D_6206158,12.610499382019043,12.613943099975586,ok
LA_D_6207345,-14.446858406066895,-14.50125789642334,ok
LA_D_6208335,12.399979591369629,12.400097846984863,ok
LA_D_6208485,13.68381118774414,13.7556734085083,ok
LA_D_6208799,12.108880996704102,12.127982139587402,ok
LA_D_6209989,17.483356475830078,17.506059646606445,ok
LA_D_6209992,8.677783966064453,8.678252220153809,ok
LA_D_6210440,14.90080451965332,14.912711143493652,ok
LA_D_6210490,15.657734870910645,15.719523429870605,ok
LA_D_6211090,16.178401947021484,16.19849967956543,ok
LA_D_6211330,-12.040214538574219,-12.049895286560059,ok
LA_D_6211901,20.841461181640625,20.8420467376709,ok
LA_D_6211991,9.752397537231445,9.753825187683105,ok
LA_D_6212648,14.65915584564209,14.679466247558594,ok
LA_D_6212794,15.211703300476074,15.23834228515625,ok
LA_D_6214703,14.406027793884277,14.502039909362793,ok
LA_D_6214749,7.843432903289795,7.843883991241455,ok
LA_D_6215452,14.559259414672852,14.621566772460938,ok
LA_D_6216331,8.156176567077637,8.168905258178711,ok
LA_D_6218509,12.573610305786133,12.56957721710205,ok
LA_D_6218929,11.039778709411621,11.090568542480469,ok
LA_D_6220807,15.888525009155273,15.919054985046387,ok
LA_D_6222247,17.681232452392578,17.7464542388916,ok
LA_D_6222475,12.458752632141113,12.517269134521484,ok
LA_D_6223286,-12.826164245605469,-12.831330299377441,ok
LA_D_6223774,18.035091400146484,18.05725860595703,ok
LA_D_6224605,14.352636337280273,14.352824211120605,ok
LA_D_6226652,21.842388153076172,21.917020797729492,ok
LA_D_6226707,18.924684524536133,18.946250915527344,ok
LA_D_6227080,17.602100372314453,17.6113224029541,ok
LA_D_6228522,13.649304389953613,13.649279594421387,ok
LA_D_6230272,10.877997398376465,10.880143165588379,ok
LA_D_6230736,9.97201919555664,9.977931022644043,ok
LA_D_6231603,12.88685417175293,12.885491371154785,ok
LA_D_6231724,14.8815279006958,14.903107643127441,ok
LA_D_6233911,9.862472534179688,9.884427070617676,ok
LA_D_6234671,9.206798553466797,9.225654602050781,ok
LA_D_6235468,14.201326370239258,14.227402687072754,ok
LA_D_6236753,-10.472013473510742,-10.47810173034668,ok
LA_D_6237040,14.085053443908691,14.106917381286621,ok
LA_D_6238446,16.53522491455078,16.53738784790039,ok
LA_D_6239873,16.14745330810547,16.159696578979492,ok
LA_D_6241133,10.486125946044922,10.49703311920166,ok
LA_D_6241209,16.45534896850586,16.486326217651367,ok
LA_D_6241521,16.337993621826172,16.34560203552246,ok
LA_D_6241916,14.297823905944824,14.30358600616455,ok
LA_D_6242242,10.732614517211914,10.7374906539917,ok
LA_D_6243690,14.317758560180664,14.31484603881836,ok
LA_D_6244463,12.744464874267578,12.745140075683594,ok
LA_D_6244693,14.554408073425293,14.595475196838379,ok
LA_D_6245298,13.700329780578613,13.70555591583252,ok
LA_D_6246305,11.530781745910645,11.549090385437012,ok
LA_D_6246382,19.516658782958984,19.67579460144043,ok
LA_D_6247219,7.599496364593506,7.6250128746032715,ok
LA_D_6250024,12.051684379577637,12.086897850036621,ok
LA_D_6251984,12.5951509475708,12.604607582092285,ok
LA_D_6252124,-8.347947120666504,-8.348864555358887,ok
LA_D_6252209,15.50250244140625,15.5107421875,ok
LA_D_6252325,8.562471389770508,8.565779685974121,ok
LA_D_6252373,20.28476905822754,20.461368560791016,ok
LA_D_6253995,13.08668327331543,13.13265323638916,ok
LA_D_6254318,-15.00312328338623,-15.019196510314941,ok
LA_D_6255539,15.855371475219727,15.880784034729004,ok
LA_D_6256464,10.986485481262207,11.01060962677002,ok
LA_D_6256706,12.312164306640625,12.337895393371582,ok
LA_D_6256750,11.711068153381348,11.7197265625,ok
LA_D_6259884,16.41375160217285,16.43406867980957,ok
LA_D_6262512,2.95872163772583,2.950110673904419,ok
LA_D_6262648,10.93932819366455,10.93977165222168,ok
LA_D_6263129,-13.689748764038086,-13.714900016784668,ok
LA_D_6264639,16.32384490966797,16.33521270751953,ok
LA_D_6264742,15.434978485107422,15.435694694519043,ok
LA_D_6264799,15.654648780822754,15.662943840026855,ok
LA_D_6264877,14.719409942626953,14.809334754943848,ok
LA_D_6264911,16.622970581054688,16.689451217651367,ok
LA_D_6265877,14.860729217529297,14.866997718811035,ok
LA_D_6266806,-10.631092071533203,-10.63498592376709,ok
LA_D_6267621,13.355446815490723,13.365755081176758,ok
LA_D_6268154,13.537510871887207,13.542309761047363,ok
LA_D_6268296,14.96827220916748,14.978639602661133,ok
LA_D_6270673,7.023837089538574,7.0369343757629395,ok
LA_D_6270876,10.606886863708496,10.603850364685059,ok
LA_D_6270919,14.986783981323242,14.99339485168457,ok
LA_D_6271904,16.674726486206055,16.743696212768555,ok
LA_D_6271997,16.51838493347168,16.53614616394043,ok
LA_D_6272018,10.735207557678223,10.741374015808105,ok
LA_D_6273410,8.863409996032715,8.947272300720215,ok
LA_D_6273504,13.678441047668457,13.7091703414917,ok
LA_D_6275031,18.500438690185547,18.532594680786133,ok
LA_D_6276774,12.504982948303223,12.512124061584473,ok
LA_D_6276971,15.231593132019043,15.247973442077637,ok
LA_D_6278890,18.440086364746094,18.44487953186035,ok
LA_D_6279022,18.88309669494629,18.947025299072266,ok
LA_D_6280073,11.30215072631836,11.323619842529297,ok
LA_D_6280436,12.54117488861084,12.558016777038574,ok
LA_D_6280709,-12.979045867919922,-13.027602195739746,ok
LA_D_6280736,19.0684757232666,19.077604293823242,ok
LA_D_6281576,16.048587799072266,16.061552047729492,ok
LA_D_6282556,13.593365669250488,13.606193542480469,ok
LA_D_6283174,12.573409080505371,12.587078094482422,ok
LA_D_6284910,12.800037384033203,12.820381164550781,ok
LA_D_6285068,9.363219261169434,9.36593246459961,ok
LA_D_6287077,14.88206958770752,14.9278564453125,ok
LA_D_6287239,-9.603490829467773,-9.607215881347656,ok
LA_D_6288186,20.022192001342773,20.045358657836914,ok
LA_D_6288557,-15.90670108795166,-15.952754974365234,ok
LA_D_6288787,-14.754354476928711,-14.780610084533691,ok
LA_D_6289317,-14.907377243041992,-14.941224098205566,ok
LA_D_6289788,-14.374727249145508,-14.44591999053955,ok
LA_D_6290153,12.638208389282227,12.661578178405762,ok
LA_D_6290294,11.828429222106934,11.86652660369873,ok
LA_D_6290952,14.163257598876953,14.17337417602539,ok
LA_D_6291610,11.787349700927734,11.78805160522461,ok
LA_D_6291738,-14.056605339050293,-14.058320045471191,ok
LA_D_6292198,-12.363053321838379,-12.38912296295166,ok
LA_D_6292340,14.470582962036133,14.479409217834473,ok
LA_D_6292396,13.07510757446289,13.091578483581543,ok
LA_D_6293152,9.523733139038086,9.525174140930176,ok
LA_D_6293245,13.004095077514648,13.00730037689209,ok
LA_D_6293545,16.071216583251953,16.104450225830078,ok
LA_D_6293563,11.565583229064941,11.59723949432373,ok
LA_D_6295513,11.920461654663086,11.956432342529297,ok
LA_D_6295904,13.305279731750488,13.307497024536133,ok
LA_D_6298403,12.94740104675293,12.983939170837402,ok
LA_D_6298541,16.114013671875,16.116304397583008,ok
LA_D_6300071,11.968194961547852,11.971549034118652,ok
LA_D_6301347,3.8093323707580566,3.8180904388427734,ok
LA_D_6301940,13.122553825378418,13.123858451843262,ok
LA_D_6302480,-14.23225212097168,-14.23963451385498,ok
LA_D_6302669,13.252556800842285,13.291668891906738,ok
LA_D_6303671,11.274360656738281,11.280047416687012,ok
LA_D_6304222,-13.062663078308105,-13.152815818786621,ok
LA_D_6304781,11.23259162902832,11.244685173034668,ok
LA_D_6305298,14.987323760986328,14.99366569519043,ok
LA_D_6305743,12.232708930969238,12.233485221862793,ok
LA_D_6306641,10.191574096679688,10.198089599609375,ok
LA_D_6307445,14.005495071411133,14.010157585144043,ok
LA_D_6308295,-13.03250789642334,-13.072953224182129,ok
LA_D_6308947,13.507040977478027,13.514815330505371,ok
LA_D_6309997,9.109930992126465,9.11541748046875,ok
LA_D_6310267,-13.388962745666504,-13.408915519714355,ok
LA_D_6310412,9.318894386291504,9.319270133972168,ok
LA_D_6311046,-14.614864349365234,-14.631749153137207,ok
LA_D_6314728,12.923177719116211,12.924927711486816,ok
LA_D_6315394,12.496371269226074,12.496140480041504,ok
LA_D_6315906,13.839044570922852,13.85607624053955,ok
LA_D_6316102,14.882035255432129,14.895112037658691,ok
LA_D_6316118,12.653257369995117,12.657586097717285,ok
LA_D_6316498,24.43012046813965,24.46387481689453,ok
LA_D_6316737,12.788764953613281,12.810263633728027,ok
LA_D_6317931,17.382091522216797,17.430959701538086,ok
LA_D_6319262,16.831666946411133,16.833646774291992,ok
LA_D_6320458,5.922329902648926,5.9182257652282715,ok
LA_D_6320996,13.528979301452637,13.562870979309082,ok
LA_D_6321029,14.6798734664917,14.6957368850708,ok
LA_D_6321182,13.762079238891602,13.766572952270508,ok
LA_D_6321273,14.88121223449707,14.9346923828125,ok
LA_D_6322158,13.984947204589844,13.986405372619629,ok
LA_D_6322470,17.85551643371582,17.88849449157715,ok
LA_D_6323705,8.548937797546387,8.549727439880371,ok
LA_D_6324927,-15.145904541015625,-15.150134086608887,ok
LA_D_6325680,-13.26563835144043,-13.352639198303223,ok
LA_D_6325916,12.643547058105469,12.649415969848633,ok
LA_D_6326082,7.802079677581787,7.8098554611206055,ok
LA_D_6327399,18.665428161621094,18.665788650512695,ok
LA_D_6328554,9.434852600097656,9.455138206481934,ok
LA_D_6331537,11.45509147644043,11.460064888000488,ok
LA_D_6332738,17.219619750976562,17.28372573852539,ok
LA_D_6333127,19.405359268188477,19.46495246887207,ok
LA_D_6333663,10.185144424438477,10.187833786010742,ok
LA_D_6335322,13.86127758026123,13.881619453430176,ok
LA_D_6335987,14.63122272491455,14.668992042541504,ok
LA_D_6337308,13.163819313049316,13.17590045928955,ok
LA_D_6338190,10.617840766906738,10.617901802062988,ok
LA_D_6338424,10.894926071166992,10.898691177368164,ok
LA_D_6338534,15.101048469543457,15.119348526000977,ok
LA_D_6338898,-12.934004783630371,-12.960171699523926,ok
LA_D_6339525,8.627098083496094,8.659879684448242,ok
LA_D_6341314,11.18197250366211,11.207880973815918,ok
LA_D_6341396,17.707569122314453,17.739545822143555,ok
LA_D_6343112,16.0759220123291,16.08271598815918,ok
LA_D_6343657,7.144553184509277,7.172810077667236,ok
LA_D_6343761,-3.9076879024505615,-3.90718412399292,ok
LA_D_6344509,14.254498481750488,14.282123565673828,ok
LA_D_6345029,13.209322929382324,13.215943336486816,ok
LA_D_6345131,20.899242401123047,21.028684616088867,ok
LA_D_6345168,15.152860641479492,15.181073188781738,ok
LA_D_6345960,17.0346622467041,17.042415618896484,ok
LA_D_6346160,10.781255722045898,10.798173904418945,ok
LA_D_6346227,11.533275604248047,11.534897804260254,ok
LA_D_6346837,12.887659072875977,12.924363136291504,ok
LA_D_6347250,16.617443084716797,16.61761474609375,ok
LA_D_6349894,13.846630096435547,13.850415229797363,ok
LA_D_6350034,16.17796516418457,16.1690731048584,ok
LA_D_6350241,16.546159744262695,16.59657859802246,ok
LA_D_6351813,14.863182067871094,14.86740493774414,ok
LA_D_6351880,12.06004524230957,12.06801700592041,ok
LA_D_6352712,16.249692916870117,16.294981002807617,ok
LA_D_6353064,10.229897499084473,10.23588752746582,ok
LA_D_6353632,13.680526733398438,13.719122886657715,ok
LA_D_6353813,14.306364059448242,14.334935188293457,ok
LA_D_6354373,10.617865562438965,10.631205558776855,ok
LA_D_6355954,11.868444442749023,11.877507209777832,ok
LA_D_6356896,12.202537536621094,12.229134559631348,ok
LA_D_6359460,11.675402641296387,11.74465274810791,ok
LA_D_6359496,14.087678909301758,14.10018253326416,ok
LA_D_6361022,18.886817932128906,18.900094985961914,ok
LA_D_6361258,12.183112144470215,12.216009140014648,ok
LA_D_6362359,16.934688568115234,16.935697555541992,ok
LA_D_6363189,12.838479995727539,12.860692977905273,ok
LA_D_6363274,8.895886421203613,8.914237022399902,ok
LA_D_6364752,10.947174072265625,10.951659202575684,ok
LA_D_6365603,12.944159507751465,12.972919464111328,ok
LA_D_6366232,13.110779762268066,13.116920471191406,ok
LA_D_6366738,10.644935607910156,10.657898902893066,ok
LA_D_6367142,15.29809284210205,15.343063354492188,ok
LA_D_6367157,-12.918323516845703,-13.065217018127441,ok
LA_D_6367384,15.075301170349121,15.077563285827637,ok
LA_D_6367650,14.595450401306152,14.643224716186523,ok
LA_D_6368049,-4.347112655639648,-4.379786014556885,ok
LA_D_6368816,14.132518768310547,14.193744659423828,ok
LA_D_6368871,14.885237693786621,14.897449493408203,ok
LA_D_6368988,12.745097160339355,12.747374534606934,ok
LA_D_6369142,14.434203147888184,14.483059883117676,ok
LA_D_6369227,13.570982933044434,13.585219383239746,ok
LA_D_6369583,-15.750227928161621,-15.774199485778809,ok
LA_D_6371255,16.488370895385742,16.539453506469727,ok
LA_D_6371287,15.091654777526855,15.117027282714844,ok
LA_D_6371872,12.308855056762695,12.313801765441895,ok
LA_D_6372376,10.952858924865723,10.953315734863281,ok
LA_D_6373060,5.223006248474121,5.219235420227051,ok
LA_D_6373288,8.396058082580566,8.395598411560059,ok
LA_D_6374273,13.916070938110352,13.919283866882324,ok
LA_D_6374661,16.9494571685791,17.033105850219727,ok
LA_D_6375943,12.01451587677002,12.02377986907959,ok
LA_D_6376974,11.869641304016113,11.88166332244873,ok
LA_D_6378566,14.064517974853516,14.153660774230957,ok
LA_D_6378781,10.814536094665527,10.812560081481934,ok
LA_D_6379069,17.05812644958496,17.117595672607422,ok
LA_D_6379116,14.502999305725098,14.505284309387207,ok
LA_D_6379274,10.968429565429688,10.976483345031738,ok
LA_D_6379749,11.739995002746582,11.779068946838379,ok
LA_D_6380070,14.643142700195312,14.66183090209961,ok
LA_D_6380295,-11.461883544921875,-11.46484375,ok
LA_D_6382055,-6.501998424530029,-6.513699054718018,ok
LA_D_6383543,9.857645988464355,9.850194931030273,ok
LA_D_6383686,18.1140079498291,18.113788604736328,ok
LA_D_6383761,15.06309986114502,15.07077407836914,ok
LA_D_6387199,12.212334632873535,12.225666999816895,ok
LA_D_6388120,17.781307220458984,17.79523277282715,ok
LA_D_6388231,12.306732177734375,12.307286262512207,ok
LA_D_6390103,12.076991081237793,12.077486991882324,ok
LA_D_6390760,10.641151428222656,10.641247749328613,ok
LA_D_6391228,15.311236381530762,15.325663566589355,ok
LA_D_6391278,13.111577033996582,13.12304401397705,ok
LA_D_6392613,14.644627571105957,14.649611473083496,ok
LA_D_6393543,15.434408187866211,15.451111793518066,ok
LA_D_6396489,18.77741813659668,18.905900955200195,ok
LA_D_6397450,16.55437660217285,16.577234268188477,ok
LA_D_6400478,14.660893440246582,14.675660133361816,ok
LA_D_6401176,19.038124084472656,19.04630470275879,ok
LA_D_6401440,10.228862762451172,10.24498462677002,ok
LA_D_6401566,19.063045501708984,19.09185218811035,ok
LA_D_6401633,12.809142112731934,12.820540428161621,ok
LA_D_6404209,15.500890731811523,15.55115032196045,ok
LA_D_6404620,12.790623664855957,12.832842826843262,ok
LA_D_6405087,10.8153076171875,10.860209465026855,ok
LA_D_6405665,7.592916011810303,7.599625110626221,ok
LA_D_6407177,16.61351203918457,16.749038696289062,ok
LA_D_6407830,18.397005081176758,18.404159545898438,ok
LA_D_6408762,17.46752166748047,17.500043869018555,ok
LA_D_6409431,13.035386085510254,13.05960750579834,ok
LA_D_6409786,4.709219932556152,4.709875583648682,ok
LA_D_6409900,21.25138282775879,21.271013259887695,ok
LA_D_6410108,13.270431518554688,13.270783424377441,ok
LA_D_6411224,12.078996658325195,12.087546348571777,ok
LA_D_6411228,13.397558212280273,13.431963920593262,ok
LA_D_6413013,16.941301345825195,16.97104835510254,ok
LA_D_6413397,6.681103706359863,6.689057350158691,ok
LA_D_6413462,14.57663631439209,14.581400871276855,ok
LA_D_6414092,14.349221229553223,14.377131462097168,ok
LA_D_6415614,18.359071731567383,18.379276275634766,ok
LA_D_6415971,9.66870403289795,9.669596672058105,ok
LA_D_6417597,13.458909034729004,13.462528228759766,ok
LA_D_6418577,-11.358006477355957,-11.393315315246582,ok
LA_D_6419157,5.761837482452393,5.7601518630981445,ok
LA_D_6419449,20.868179321289062,20.86966896057129,ok
LA_D_6421601,8.949963569641113,8.95069408416748,ok
LA_D_6422582,16.04158592224121,16.071775436401367,ok
LA_D_6423308,13.96850299835205,13.974812507629395,ok
LA_D_6423611,12.938484191894531,12.970202445983887,ok
LA_D_6424034,16.990999221801758,17.12544059753418,ok
LA_D_6424276,14.506109237670898,14.552291870117188,ok
LA_D_6424715,17.761816024780273,17.76896095275879,ok
LA_D_6425717,20.461488723754883,20.519784927368164,ok
LA_D_6425908,13.158685684204102,13.214472770690918,ok
LA_D_6426866,15.261935234069824,15.292376518249512,ok
LA_D_6427369,7.496737003326416,7.500723361968994,ok
LA_D_6428297,14.585922241210938,14.609349250793457,ok
LA_D_6428957,16.981250762939453,17.030349731445312,ok
LA_D_6430063,19.886560440063477,19.972475051879883,ok
LA_D_6431120,13.05553913116455,13.132637977600098,ok
LA_D_6431288,14.418333053588867,14.440812110900879,ok
LA_D_6431658,15.429277420043945,15.464446067810059,ok
LA_D_6431886,11.578815460205078,11.579737663269043,ok
LA_D_6432124,14.518061637878418,14.574175834655762,ok
LA_D_6434161,14.361984252929688,14.364699363708496,ok
LA_D_6434711,15.890233039855957,15.911230087280273,ok
LA_D_6434721,13.626900672912598,13.635170936584473,ok
LA_D_6435266,14.24797534942627,14.330449104309082,ok
LA_D_6435582,-13.863186836242676,-13.886383056640625,ok
LA_D_6439502,15.157139778137207,15.184440612792969,ok
LA_D_6439730,-2.725860118865967,-2.7286651134490967,ok
LA_D_6440445,16.813600540161133,16.821462631225586,ok
LA_D_6440826,10.213875770568848,10.215347290039062,ok
LA_D_6441885,8.2291898727417,8.268447875976562,ok
LA_D_6442014,-6.584124565124512,-6.584897518157959,ok
LA_D_6442890,13.223299026489258,13.236769676208496,ok
LA_D_6443383,11.521038055419922,11.525744438171387,ok
LA_D_6443649,-11.794866561889648,-11.808782577514648,ok
LA_D_6444033,14.637479782104492,14.728083610534668,ok
LA_D_6444125,12.066507339477539,12.072676658630371,ok
LA_D_6445561,10.595137596130371,10.616013526916504,ok
LA_D_6445749,14.5829439163208,14.594863891601562,ok
LA_D_6445884,15.59765911102295,15.613738059997559,ok
LA_D_6446002,14.37954044342041,14.491080284118652,ok
LA_D_6446521,7.420402526855469,7.4297003746032715,ok
LA_D_6446759,-1.0839892625808716,-1.0927399396896362,ok
LA_D_6447251,9.175134658813477,9.196812629699707,ok
LA_D_6449816,14.132901191711426,14.194558143615723,ok
LA_D_6450264,10.596393585205078,10.624438285827637,ok
LA_D_6450379,14.640127182006836,14.643101692199707,ok
LA_D_6451106,9.08321475982666,9.081502914428711,ok
LA_D_6452637,13.54580307006836,13.55964183807373,ok
LA_D_6454321,15.531387329101562,15.566489219665527,ok
LA_D_6454374,9.140000343322754,9.141879081726074,ok
LA_D_6455155,19.778976440429688,19.78785514831543,ok
LA_D_6457597,15.926458358764648,15.945630073547363,ok
LA_D_6458120,21.82510757446289,21.826345443725586,ok
LA_D_6458272,-11.971087455749512,-12.022228240966797,ok
LA_D_6458836,9.91305160522461,9.92062759399414,ok
LA_D_6460049,-13.176685333251953,-13.208273887634277,ok
LA_D_6461042,17.66444969177246,17.8007869720459,ok
LA_D_6462722,15.909833908081055,15.936854362487793,ok
LA_D_6462902,16.41274642944336,16.41623878479004,ok
LA_D_6462905,16.104171752929688,16.13509750366211,ok
LA_D_6462998,9.683309555053711,9.683304786682129,ok
LA_D_6463589,14.394049644470215,14.397039413452148,ok
LA_D_6464994,16.439971923828125,16.498125076293945,ok
LA_D_6465758,11.765983581542969,11.768083572387695,ok
LA_D_6468405,18.092695236206055,18.15488624572754,ok
LA_D_6468412,14.522229194641113,14.616186141967773,ok
LA_D_6468524,14.13464069366455,14.326390266418457,ok
LA_D_6469029,14.884418487548828,14.905289649963379,ok
LA_D_6469406,12.62756061553955,12.671183586120605,ok
LA_D_6469647,14.857461929321289,14.925089836120605,ok
LA_D_6470899,15.598020553588867,15.643742561340332,ok
LA_D_6471870,-0.7275535464286804,-0.7397090196609497,ok
LA_D_6472939,17.390186309814453,17.40848159790039,ok
LA_D_6474102,16.798810958862305,16.80385398864746,ok
LA_D_6474531,11.824915885925293,11.846173286437988,ok
LA_D_6474870,11.47862434387207,11.52253246307373,ok
LA_D_6475261,-11.26309871673584,-11.274344444274902,ok
LA_D_6475497,14.023490905761719,14.040131568908691,ok
LA_D_6475624,14.715194702148438,14.727974891662598,ok
LA_D_6477172,22.374521255493164,22.50712776184082,ok
LA_D_6477185,11.314690589904785,11.333380699157715,ok
LA_D_6478753,-8.804704666137695,-8.807872772216797,ok
LA_D_6479435,17.32713508605957,17.347745895385742,ok
LA_D_6479457,-14.001031875610352,-14.032151222229004,ok
LA_D_6479825,15.737833023071289,15.808440208435059,ok
LA_D_6480348,-12.184359550476074,-12.186923027038574,ok
LA_D_6480457,11.741890907287598,11.79226016998291,ok
LA_D_6480551,-14.231768608093262,-14.243269920349121,ok
LA_D_6482383,11.674925804138184,11.699548721313477,ok
LA_D_6484471,14.001708984375,14.00731372833252,ok
LA_D_6484577,15.621561050415039,15.625711441040039,ok
LA_D_6485701,13.855838775634766,13.859753608703613,ok
LA_D_6486723,16.586828231811523,16.604936599731445,ok
LA_D_6486980,9.740403175354004,9.734557151794434,ok
LA_D_6487009,15.552824974060059,15.55959415435791,ok
LA_D_6487170,9.665571212768555,9.668303489685059,ok
LA_D_6487933,-14.937394142150879,-14.983646392822266,ok
LA_D_6489536,12.362159729003906,12.390629768371582,ok
LA_D_6490097,16.581064224243164,16.598087310791016,ok
LA_D_6492056,-12.291206359863281,-12.329812049865723,ok
LA_D_6493011,14.470721244812012,14.478255271911621,ok
LA_D_6495207,13.029937744140625,13.063899993896484,ok
LA_D_6495668,11.075337409973145,11.075186729431152,ok
LA_D_6495848,-4.645300388336182,-4.682011127471924,ok
LA_D_6497525,16.664674758911133,16.670066833496094,ok
LA_D_6497583,12.843306541442871,12.8556547164917,ok
LA_D_6497625,-8.510712623596191,-8.520197868347168,ok
LA_D_6497646,13.764817237854004,13.801426887512207,ok
LA_D_6498637,12.36544132232666,12.370473861694336,ok
LA_D_6499586,14.433130264282227,14.452186584472656,ok
LA_D_6499603,-12.472732543945312,-12.479754447937012,ok
LA_D_6499728,16.188743591308594,16.1887264251709,ok
LA_D_6499924,18.66571617126465,18.69956398010254,ok
LA_D_6502358,11.491938591003418,11.499146461486816,ok
LA_D_6502735,15.207742691040039,15.242424964904785,ok
LA_D_6502976,-8.108165740966797,-8.116181373596191,ok
LA_D_6503475,-12.23575210571289,-12.24451732635498,ok
LA_D_6506104,11.864887237548828,11.884322166442871,ok
LA_D_6506607,14.71082878112793,14.733675003051758,ok
LA_D_6506972,15.100397109985352,15.140640258789062,ok
LA_D_6506973,13.596671104431152,13.617415428161621,ok
LA_D_6506991,10.47413158416748,10.485320091247559,ok
LA_D_6509120,13.971138000488281,14.004232406616211,ok
LA_D_6509189,-13.67873477935791,-13.70905590057373,ok
LA_D_6511162,10.863262176513672,10.868782043457031,ok
LA_D_6511574,14.166500091552734,14.210186004638672,ok
LA_D_6511989,-13.631900787353516,-13.633343696594238,ok
LA_D_6513609,12.185352325439453,12.185907363891602,ok
LA_D_6514590,16.42279624938965,16.425235748291016,ok
LA_D_6514670,15.45404052734375,15.460070610046387,ok
LA_D_6515358,13.568873405456543,13.574965476989746,ok
LA_D_6515867,-12.665213584899902,-12.66672134399414,ok
LA_D_6516261,13.360663414001465,13.39582633972168,ok
LA_D_6516523,10.88364028930664,10.897533416748047,ok
LA_D_6516575,16.324838638305664,16.3363094329834,ok
LA_D_6516814,17.18828582763672,17.19258689880371,ok
LA_D_6517273,17.526792526245117,17.54196548461914,ok
LA_D_6517455,8.036765098571777,8.036803245544434,ok
LA_D_6517704,9.494485855102539,9.500406265258789,ok
LA_D_6518159,-9.537242889404297,-9.537871360778809,ok
LA_D_6518794,14.24909782409668,14.255290031433105,ok
LA_D_6520063,16.96078109741211,16.97889518737793,ok
LA_D_6520436,10.23522663116455,10.236130714416504,ok
LA_D_6520929,8.592901229858398,8.592668533325195,ok
LA_D_6520984,-14.10546875,-14.126494407653809,ok
LA_D_6521320,15.263265609741211,15.27785587310791,ok
LA_D_6522313,11.42435359954834,11.42481517791748,ok
LA_D_6522419,11.652715682983398,11.664921760559082,ok
LA_D_6525071,15.788047790527344,15.930208206176758,ok
LA_D_6525234,15.05900764465332,15.060017585754395,ok
LA_D_6525320,13.28255844116211,13.303102493286133,ok
LA_D_6525457,20.412460327148438,20.52730369567871,ok
LA_D_6526168,9.611532211303711,9.61242389678955,ok
LA_D_6526664,13.207168579101562,13.247578620910645,ok
LA_D_6529379,-8.974037170410156,-8.990208625793457,ok
LA_D_6530169,19.38703155517578,19.414907455444336,ok
LA_D_6531960,18.630266189575195,18.661834716796875,ok
LA_D_6532301,13.053640365600586,13.041340827941895,ok
LA_D_6532619,17.96877670288086,17.96940803527832,ok
LA_D_6532972,10.738232612609863,10.8299560546875,ok
LA_D_6536882,10.804844856262207,10.80772876739502,ok
LA_D_6537903,10.746702194213867,10.7485990524292,ok
LA_D_6539878,-12.818735122680664,-12.824601173400879,ok
LA_D_6540535,13.316356658935547,13.322226524353027,ok
LA_D_6542740,12.502046585083008,12.61889934539795,ok
LA_D_6542878,12.854055404663086,12.89574146270752,ok
LA_D_6544888,18.597232818603516,18.68925666809082,ok
LA_D_6545121,11.907465934753418,11.908495903015137,ok
LA_D_6546081,14.763825416564941,14.790719985961914,ok
LA_D_6547198,16.730037689208984,16.7465877532959,ok
LA_D_6547607,12.857600212097168,12.902792930603027,ok
LA_D_6547828,9.49631404876709,9.506842613220215,ok
LA_D_6547919,13.891569137573242,13.893315315246582,ok
LA_D_6548234,15.669069290161133,15.69959545135498,ok
LA_D_6549159,-15.578356742858887,-15.655879974365234,ok
LA_D_6549373,-13.961631774902344,-13.972046852111816,ok
LA_D_6550208,14.896491050720215,14.915499687194824,ok
LA_D_6550883,13.880661964416504,13.892437934875488,ok
LA_D_6551202,14.228190422058105,14.237211227416992,ok
LA_D_6551642,11.78201675415039,11.790112495422363,ok
LA_D_6551713,14.415512084960938,14.444443702697754,ok
LA_D_6553554,9.764493942260742,9.805766105651855,ok
LA_D_6553908,14.274032592773438,14.282320976257324,ok
LA_D_6554548,15.296592712402344,15.3207426071167,ok
LA_D_6556225,8.771622657775879,8.77099895477295,ok
LA_D_6556306,10.438828468322754,10.454060554504395,ok
LA_D_6556577,9.690864562988281,9.745813369750977,ok
LA_D_6557355,12.796285629272461,12.80945110321045,ok
LA_D_6558890,-13.112080574035645,-13.129884719848633,ok
LA_D_6561538,-12.934179306030273,-12.939428329467773,ok
LA_D_6563482,16.121301651000977,16.137062072753906,ok
LA_D_6564975,10.819231986999512,10.819161415100098,ok
LA_D_6565562,11.76957893371582,11.770857810974121,ok
LA_D_6566671,19.848499298095703,19.922155380249023,ok
LA_D_6567387,18.799762725830078,18.80036735534668,ok
LA_D_6567611,11.269580841064453,11.306791305541992,ok
LA_D_6568047,17.697525024414062,17.705299377441406,ok
LA_D_6568052,15.611184120178223,15.627022743225098,ok
LA_D_6568071,-15.796782493591309,-15.814878463745117,ok
LA_D_6568228,16.31317710876465,16.321044921875,ok
LA_D_6569285,9.047575950622559,9.05831241607666,ok
LA_D_6570628,-15.476816177368164,-15.492077827453613,ok
LA_D_6572116,17.029579162597656,17.055456161499023,ok
LA_D_6573061,14.706467628479004,14.71461009979248,ok
LA_D_6574060,9.534873008728027,9.541089057922363,ok
LA_D_6575341,14.77241325378418,14.787060737609863,ok
LA_D_6575380,13.646665573120117,13.650389671325684,ok
LA_D_6575610,16.002700805664062,16.01204490661621,ok
LA_D_6575860,11.198064804077148,11.218329429626465,ok
LA_D_6576940,13.260374069213867,13.272492408752441,ok
LA_D_6577158,14.648506164550781,14.66512393951416,ok
LA_D_6577591,11.921560287475586,11.94061279296875,ok
LA_D_6578659,-14.73776912689209,-14.756686210632324,ok
LA_D_6579134,14.197905540466309,14.22455883026123,ok
LA_D_6579479,13.961609840393066,13.979188919067383,ok
LA_D_6579719,20.420263290405273,20.4239559173584,ok
LA_D_6582126,14.36509895324707,14.378693580627441,ok
LA_D_6582780,12.860353469848633,12.870341300964355,ok
LA_D_6585381,13.700532913208008,13.710749626159668,ok
LA_D_6585774,16.9000301361084,16.906097412109375,ok
LA_D_6586128,16.979736328125,16.9979305267334,ok
LA_D_6587165,12.377446174621582,12.395979881286621,ok
LA_D_6588379,16.457672119140625,16.542003631591797,ok
LA_D_6588865,16.127418518066406,16.16060447692871,ok
LA_D_6589534,16.943275451660156,16.949113845825195,ok
LA_D_6589944,11.992990493774414,12.004227638244629,ok
LA_D_6590996,15.388383865356445,15.40042781829834,ok
LA_D_6591249,13.515024185180664,13.521098136901855,ok
LA_D_6593008,14.0509672164917,14.06184196472168,ok
LA_D_6593011,11.781704902648926,11.804722785949707,ok
LA_D_6593270,-15.787824630737305,-15.802811622619629,ok
LA_D_6593636,22.208606719970703,22.291460037231445,ok
LA_D_6594747,15.208478927612305,15.223679542541504,ok
LA_D_6594807,7.209248065948486,7.211895942687988,ok
LA_D_6595610,15.956278800964355,16.321535110473633,ok
LA_D_6596114,17.139928817749023,17.174488067626953,ok
LA_D_6596613,16.95452308654785,16.996641159057617,ok
LA_D_6596958,16.53488540649414,16.550065994262695,ok
LA_D_6597050,13.179052352905273,13.319825172424316,ok
LA_D_6597204,16.257734298706055,16.281370162963867,ok
LA_D_6597330,14.060598373413086,14.119267463684082,ok
LA_D_6597750,12.893370628356934,12.907727241516113,ok
LA_D_6598354,-15.465882301330566,-15.478296279907227,ok
LA_D_6598826,10.663795471191406,10.670488357543945,ok
LA_D_6598988,11.633769989013672,11.655434608459473,ok
LA_D_6599019,14.713984489440918,14.733000755310059,ok
LA_D_6599233,10.987028121948242,11.02397346496582,ok
LA_D_6599356,10.130724906921387,10.184828758239746,ok
LA_D_6600446,14.671365737915039,14.684266090393066,ok
LA_D_6600800,13.672600746154785,13.705313682556152,ok
LA_D_6600823,13.476753234863281,13.50854778289795,ok
LA_D_6601160,13.160313606262207,13.16310977935791,ok
LA_D_6602571,13.759387969970703,13.78848648071289,ok
LA_D_6603047,11.34251594543457,11.391715049743652,ok
LA_D_6603638,9.943906784057617,9.94462776184082,ok
LA_D_6603822,11.789273262023926,11.801667213439941,ok
LA_D_6604093,10.362662315368652,10.35922622680664,ok
LA_D_6604594,13.976929664611816,13.984564781188965,ok
LA_D_6606092,16.876628875732422,16.88091468811035,ok
LA_D_6606839,15.537116050720215,15.567815780639648,ok
LA_D_6607748,7.267782211303711,7.3890299797058105,ok
LA_D_6609032,5.692558765411377,5.698770999908447,ok
LA_D_6609619,11.900992393493652,11.902298927307129,ok
LA_D_6609902,15.372289657592773,15.402375221252441,ok
LA_D_6609968,-3.7991554737091064,-3.8074982166290283,ok
LA_D_6610656,12.414830207824707,12.454377174377441,ok
LA_D_6612387,13.082100868225098,13.09643268585205,ok
LA_D_6612646,16.339513778686523,16.370243072509766,ok
LA_D_6613069,10.8844575881958,10.907118797302246,ok
LA_D_6613848,14.503960609436035,14.566314697265625,ok
LA_D_6614217,10.595660209655762,10.595871925354004,ok
LA_D_6614329,-13.34964656829834,-13.403660774230957,ok
LA_D_6616471,14.593159675598145,14.606340408325195,ok
LA_D_6617994,-11.636675834655762,-11.696819305419922,ok
LA_D_6619464,11.736559867858887,11.738911628723145,ok
LA_D_6620261,12.347002029418945,12.3524169921875,ok
LA_D_6620544,14.079317092895508,14.161497116088867,ok
LA_D_6621246,10.29086685180664,10.30501651763916,ok
LA_D_6621753,20.071462631225586,20.082788467407227,ok
LA_D_6622164,16.378013610839844,16.391332626342773,ok
LA_D_6622348,-14.440651893615723,-14.514622688293457,ok
LA_D_6623102,-13.885318756103516,-13.892550468444824,ok
LA_D_6623501,13.848214149475098,13.850478172302246,ok
LA_D_6623727,13.307352066040039,13.318005561828613,ok
LA_D_6623812,13.933255195617676,13.948234558105469,ok
LA_D_6624176,13.448565483093262,13.465632438659668,ok
LA_D_6624488,14.060747146606445,14.108455657958984,ok
LA_D_6624621,-10.208102226257324,-10.210585594177246,ok
LA_D_6625374,17.81999397277832,17.823408126831055,ok
LA_D_6625840,11.617213249206543,11.633105278015137,ok
LA_D_6626817,-14.182031631469727,-14.189563751220703,ok
LA_D_6626918,15.973664283752441,15.983394622802734,ok
LA_D_6627213,9.402405738830566,9.454400062561035,ok
LA_D_6629886,16.324840545654297,16.337804794311523,ok
LA_D_6631414,18.176860809326172,18.215734481811523,ok
LA_D_6633566,12.635743141174316,12.667506217956543,ok
LA_D_6634201,15.755097389221191,15.772583961486816,ok
LA_D_6634413,12.483245849609375,12.508320808410645,ok
LA_D_6634897,13.442537307739258,13.445464134216309,ok
LA_D_6635685,13.258237838745117,13.258855819702148,ok
LA_D_6636415,14.35782241821289,14.385210037231445,ok
LA_D_6636661,-11.180546760559082,-11.19229793548584,ok
LA_D_6637850,17.47227668762207,17.485538482666016,ok
LA_D_6638128,18.966115951538086,18.982954025268555,ok
LA_D_6639964,8.124189376831055,8.129812240600586,ok
LA_D_6640384,9.20815658569336,9.209641456604004,ok
LA_D_6640572,24.561729431152344,24.598615646362305,ok
LA_D_6642454,-11.877463340759277,-11.900629997253418,ok
LA_D_6642673,10.629365921020508,10.732898712158203,ok
LA_D_6642678,14.83322525024414,14.879737854003906,ok
LA_D_6644343,10.172812461853027,10.186464309692383,ok
LA_D_6646870,17.59813690185547,17.60529899597168,ok
LA_D_6648074,12.894282341003418,12.897303581237793,ok
LA_D_6648419,20.311479568481445,20.331663131713867,ok
LA_D_6649816,10.49840259552002,10.531038284301758,ok
LA_D_6649982,16.364809036254883,16.369495391845703,ok
LA_D_6650126,-13.187114715576172,-13.210015296936035,ok
LA_D_6650483,10.456291198730469,10.479752540588379,ok
LA_D_6650700,6.14367151260376,6.143373012542725,ok
LA_D_6651726,11.706634521484375,11.709240913391113,ok
LA_D_6653512,19.550369262695312,19.5932674407959,ok
LA_D_6653711,15.259845733642578,15.319427490234375,ok
LA_D_6654217,9.332438468933105,9.332515716552734,ok
LA_D_6654690,10.196922302246094,10.224263191223145,ok
LA_D_6655563,12.416007995605469,12.459269523620605,ok
LA_D_6656541,17.7768497467041,17.825775146484375,ok
LA_D_6659622,-13.537408828735352,-13.551522254943848,ok
LA_D_6660188,16.66750717163086,16.673112869262695,ok
LA_D_6660220,22.130205154418945,22.211183547973633,ok
LA_D_6661592,14.782731056213379,14.788220405578613,ok
LA_D_6662010,10.601640701293945,10.684014320373535,ok
LA_D_6662518,13.361917495727539,13.379096031188965,ok
LA_D_6663132,16.952167510986328,16.979501724243164,ok
LA_D_6663729,7.584652423858643,7.584768772125244,ok
LA_D_6665426,16.36815643310547,16.371171951293945,ok
LA_D_6666039,14.629451751708984,14.66231632232666,ok
LA_D_6666182,14.947688102722168,14.979273796081543,ok
LA_D_6666840,17.419322967529297,17.459688186645508,ok
LA_D_6668024,-13.296428680419922,-13.308493614196777,ok
LA_D_6669051,17.679237365722656,17.737258911132812,ok
LA_D_6669736,-15.55184555053711,-15.5674467086792,ok
LA_D_6670902,13.04166030883789,13.067239761352539,ok
LA_D_6670965,20.055862426757812,20.11335563659668,ok
LA_D_6671443,17.9721736907959,17.973535537719727,ok
LA_D_6672152,12.593554496765137,12.60237979888916,ok
LA_D_6672477,-12.205451965332031,-12.256625175476074,ok
LA_D_6675849,15.23381233215332,15.238672256469727,ok
LA_D_6676522,14.240954399108887,14.281855583190918,ok
LA_D_6677490,11.111577033996582,11.127089500427246,ok
LA_D_6677818,13.602509498596191,13.621600151062012,ok
LA_D_6678773,12.83427906036377,12.890236854553223,ok
LA_D_6678932,12.995833396911621,13.013398170471191,ok
LA_D_6680138,-8.610637664794922,-8.611757278442383,ok
LA_D_6681675,11.727210998535156,11.72750186920166,ok
LA_D_6681710,-12.630953788757324,-12.685310363769531,ok
LA_D_6682281,11.63525390625,11.64709758758545,ok
LA_D_6682326,10.40671443939209,10.407470703125,ok
LA_D_6685036,8.92395305633545,8.979930877685547,ok
LA_D_6688232,15.831912994384766,15.850035667419434,ok
LA_D_6688724,10.580525398254395,10.589102745056152,ok
LA_D_6689023,12.659353256225586,12.689444541931152,ok
LA_D_6689857,17.994054794311523,18.0433292388916,ok
LA_D_6690982,17.06727409362793,17.067970275878906,ok
LA_D_6690990,13.99482250213623,14.021924018859863,ok
LA_D_6691154,16.5765438079834,16.57745361328125,ok
LA_D_6691337,13.200285911560059,13.203309059143066,ok
LA_D_6692133,19.546728134155273,19.555238723754883,ok
LA_D_6692719,16.493886947631836,16.494035720825195,ok
LA_D_6692967,17.093318939208984,17.1340274810791,ok
LA_D_6693898,13.138031959533691,13.157038688659668,ok
LA_D_6694820,13.64509105682373,13.649134635925293,ok
LA_D_6695161,11.924323081970215,11.925082206726074,ok
LA_D_6695214,6.470139503479004,6.489654064178467,ok
LA_D_6695450,14.792511940002441,14.823689460754395,ok
LA_D_6695615,17.354503631591797,17.3935489654541,ok
LA_D_6696204,15.601640701293945,15.623018264770508,ok
LA_D_6696589,14.951777458190918,14.960238456726074,ok
LA_D_6697232,11.669173240661621,11.685101509094238,ok
LA_D_6697944,15.056506156921387,15.060432434082031,ok
LA_D_6698865,12.269577980041504,12.270464897155762,ok
LA_D_6699665,13.784231185913086,13.81879711151123,ok
LA_D_6701963,-15.313474655151367,-15.325252532958984,ok
LA_D_6704472,-15.635318756103516,-15.655203819274902,ok
LA_D_6704901,11.719731330871582,11.72322940826416,ok
LA_D_6706248,11.777172088623047,11.796120643615723,ok
LA_D_6707722,13.558135032653809,13.671406745910645,ok
LA_D_6708714,15.268321990966797,15.3141450881958,ok
LA_D_6709571,13.162075996398926,13.162693977355957,ok
LA_D_6710142,14.234436988830566,14.25096607208252,ok
LA_D_6710195,11.657750129699707,11.645659446716309,ok
LA_D_6710328,-16.085561752319336,-16.090587615966797,ok
LA_D_6710971,14.587052345275879,14.5942964553833,ok
LA_D_6711029,9.908953666687012,9.91048526763916,ok
LA_D_6711434,-14.681313514709473,-14.682212829589844,ok
LA_D_6712579,11.326022148132324,11.331108093261719,ok
LA_D_6713264,19.771831512451172,19.783550262451172,ok
LA_D_6716159,-15.501669883728027,-15.504168510437012,ok
LA_D_6716178,16.296968460083008,16.348024368286133,ok
LA_D_6716544,11.139655113220215,11.141377449035645,ok
LA_D_6716819,17.110897064208984,17.18109893798828,ok
LA_D_6717375,-13.886856079101562,-13.927214622497559,ok
LA_D_6717508,17.587770462036133,17.601627349853516,ok
LA_D_6717975,15.326679229736328,15.327912330627441,ok
LA_D_6718237,-13.820375442504883,-13.843850135803223,ok
LA_D_6719368,14.147825241088867,14.150994300842285,ok
LA_D_6721591,14.274584770202637,14.31801700592041,ok
LA_D_6721785,15.145252227783203,15.161344528198242,ok
LA_D_6722285,12.735013961791992,12.737533569335938,ok
LA_D_6723637,9.73128604888916,9.733292579650879,ok
LA_D_6725130,15.87283992767334,15.91170883178711,ok
LA_D_6726447,11.34351634979248,11.377833366394043,ok
LA_D_6727952,12.527917861938477,12.548285484313965,ok
LA_D_6728041,12.564834594726562,12.600258827209473,ok
LA_D_6728141,-13.3662109375,-13.372854232788086,ok
LA_D_6729690,15.731876373291016,15.788249015808105,ok
LA_D_6733057,11.149738311767578,11.155499458312988,ok
LA_D_6733844,7.488574504852295,7.489414691925049,ok
LA_D_6734401,8.83330249786377,8.871930122375488,ok
LA_D_6734573,14.474089622497559,14.482523918151855,ok
LA_D_6736028,-14.335756301879883,-14.351052284240723,ok
LA_D_6736452,13.433516502380371,13.44293212890625,ok
LA_D_6736813,7.979157447814941,7.980081081390381,ok
LA_D_6738457,9.39516544342041,9.411253929138184,ok
LA_D_6738889,18.016902923583984,18.027727127075195,ok
LA_D_6740610,14.264056205749512,14.294407844543457,ok
LA_D_6741986,-12.509269714355469,-12.510794639587402,ok
LA_D_6742117,15.120674133300781,15.135697364807129,ok
LA_D_6742661,13.350675582885742,13.357258796691895,ok
LA_D_6742796,16.905916213989258,16.908212661743164,ok
LA_D_6743141,17.110668182373047,17.127851486206055,ok
LA_D_6743274,11.632616996765137,11.664790153503418,ok
LA_D_6744596,12.772686004638672,12.782099723815918,ok
LA_D_6747363,19.133255004882812,19.17443084716797,ok
LA_D_6747561,10.654459953308105,10.663751602172852,ok
LA_D_6748543,15.832976341247559,15.84046745300293,ok
LA_D_6748977,20.807039260864258,20.84975242614746,ok
LA_D_6749090,12.760799407958984,12.795430183410645,ok
LA_D_6749101,-10.833013534545898,-10.845138549804688,ok
LA_D_6751659,16.204008102416992,16.2544002532959,ok
LA_D_6751883,16.78751564025879,16.919771194458008,ok
LA_D_6752187,8.282248497009277,8.288866996765137,ok
LA_D_6752719,16.336158752441406,16.336650848388672,ok
LA_D_6754663,12.316277503967285,12.35326862335205,ok
LA_D_6754774,16.91313362121582,16.92469596862793,ok
LA_D_6756999,14.670303344726562,14.670205116271973,ok
LA_D_6757692,-12.203516960144043,-12.217108726501465,ok
LA_D_6757990,18.37005043029785,18.44184112548828,ok
LA_D_6759383,14.059321403503418,14.072632789611816,ok
LA_D_6759403,15.356040000915527,15.411686897277832,ok
LA_D_6760408,11.493618965148926,11.50863265991211,ok
LA_D_6762250,8.822022438049316,8.857928276062012,ok
LA_D_6762877,10.239899635314941,10.2796630859375,ok
LA_D_6763784,9.347740173339844,9.348282814025879,ok
LA_D_6765632,17.64398765563965,17.682382583618164,ok
LA_D_6766548,18.376981735229492,18.38897705078125,ok
LA_D_6767586,17.169654846191406,17.235485076904297,ok
LA_D_6767763,17.54161262512207,17.549854278564453,ok
LA_D_6767768,7.2043538093566895,7.239102840423584,ok
LA_D_6768042,12.545378684997559,12.607465744018555,ok
LA_D_6768434,16.036182403564453,16.0419979095459,ok
LA_D_6770649,17.42972183227539,17.48815155029297,ok
LA_D_6771345,14.867066383361816,14.869826316833496,ok
LA_D_6773067,12.845511436462402,12.847672462463379,ok
LA_D_6773995,13.052886009216309,13.053523063659668,ok
LA_D_6776598,11.896584510803223,11.899836540222168,ok
LA_D_6776653,13.52194595336914,13.540586471557617,ok
LA_D_6777944,9.009922981262207,9.01755428314209,ok
LA_D_6779692,12.846565246582031,12.862393379211426,ok
LA_D_6780816,15.252009391784668,15.266805648803711,ok
LA_D_6781568,10.517865180969238,10.514408111572266,ok
LA_D_6784610,15.106645584106445,15.112961769104004,ok
LA_D_6785127,15.804829597473145,15.842145919799805,ok
LA_D_6786099,15.031268119812012,15.048967361450195,ok
LA_D_6787599,10.894299507141113,10.895228385925293,ok
LA_D_6788465,17.100576400756836,17.14012336730957,ok
LA_D_6788782,10.604629516601562,10.62478256225586,ok
LA_D_6789571,14.7286958694458,14.720080375671387,ok
LA_D_6791229,14.939798355102539,15.028397560119629,ok
LA_D_6793108,15.388280868530273,15.570137023925781,ok
LA_D_6793210,14.572680473327637,14.583724975585938,ok
LA_D_6794210,8.201786041259766,8.229683876037598,ok
LA_D_6795264,-14.544685363769531,-14.58642864227295,ok
LA_D_6795503,16.70713996887207,16.73345947265625,ok
LA_D_6795908,15.400215148925781,15.417136192321777,ok
LA_D_6797923,16.20940589904785,16.21010398864746,ok
LA_D_6798093,10.267634391784668,10.271662712097168,ok
LA_D_6798242,14.159728050231934,14.177693367004395,ok
LA_D_6798609,13.92702865600586,13.94161319732666,ok
LA_D_6799496,-14.518802642822266,-14.557738304138184,ok
LA_D_6801331,14.974414825439453,14.99996566772461,ok
LA_D_6802049,12.576165199279785,12.589954376220703,ok
LA_D_6802153,11.605269432067871,11.608342170715332,ok
LA_D_6802172,17.166154861450195,17.31013298034668,ok
LA_D_6804587,6.47052001953125,6.4657440185546875,ok
LA_D_6805723,14.014947891235352,14.021416664123535,ok
LA_D_6806656,15.893484115600586,15.912842750549316,ok
LA_D_6806823,14.284775733947754,14.314824104309082,ok
LA_D_6806988,14.158474922180176,14.15855884552002,ok
LA_D_6807774,14.053871154785156,14.060975074768066,ok
LA_D_6807841,5.0070319175720215,5.033266544342041,ok
LA_D_6809474,14.470781326293945,14.479046821594238,ok
LA_D_6810036,12.658885955810547,12.705981254577637,ok
LA_D_6810679,16.668371200561523,16.676958084106445,ok
LA_D_6810732,-13.063310623168945,-13.064362525939941,ok
LA_D_6810969,12.759404182434082,12.783992767333984,ok
LA_D_6811737,10.466724395751953,10.46773624420166,ok
LA_D_6812624,15.84837532043457,15.938719749450684,ok
LA_D_6813136,13.846795082092285,13.849798202514648,ok
LA_D_6813740,13.291966438293457,13.323840141296387,ok
LA_D_6813990,8.311624526977539,8.31591510772705,ok
LA_D_6814264,10.472757339477539,10.473694801330566,ok
LA_D_6814636,16.867036819458008,16.993154525756836,ok
LA_D_6816441,15.105341911315918,15.232933044433594,ok
LA_D_6818615,10.794151306152344,10.79419994354248,ok
LA_D_6820465,9.154353141784668,9.167084693908691,ok
LA_D_6821250,10.257402420043945,10.257389068603516,ok
LA_D_6821909,-11.80484676361084,-11.812738418579102,ok
LA_D_6822464,3.125579833984375,3.1256308555603027,ok
LA_D_6822833,12.869827270507812,12.870610237121582,ok
LA_D_6824022,-11.410881996154785,-11.417263984680176,ok
LA_D_6825223,7.350896835327148,7.385046482086182,ok
LA_D_6826053,14.240636825561523,14.242444038391113,ok
LA_D_6826884,17.640718460083008,17.681379318237305,ok
LA_D_6826887,13.722343444824219,13.745469093322754,ok
LA_D_6827798,10.493889808654785,10.493358612060547,ok
LA_D_6828209,13.941437721252441,14.047700881958008,ok
LA_D_6828979,14.910361289978027,14.913610458374023,ok
LA_D_6830532,7.137543678283691,7.137094497680664,ok
LA_D_6830608,16.120298385620117,16.13294219970703,ok
LA_D_6832377,13.169367790222168,13.176361083984375,ok
LA_D_6832697,9.333961486816406,9.336380958557129,ok
LA_D_6832953,12.556046485900879,12.569493293762207,ok
LA_D_6834540,16.862070083618164,16.917795181274414,ok
LA_D_6834652,18.2408390045166,18.26475715637207,ok
LA_D_6835954,11.400858879089355,11.402297019958496,ok
LA_D_6836003,-15.243163108825684,-15.302934646606445,ok
LA_D_6837161,12.832146644592285,12.901217460632324,ok
LA_D_6837499,13.825244903564453,13.852060317993164,ok
LA_D_6838627,13.399572372436523,13.406432151794434,ok
LA_D_6840108,13.30292797088623,13.302559852600098,ok
LA_D_6840556,14.883980751037598,14.900328636169434,ok
LA_D_6840690,12.592695236206055,12.592730522155762,ok
LA_D_6840971,17.29252052307129,17.296268463134766,ok
LA_D_6841789,-10.857789993286133,-10.861159324645996,ok
LA_D_6842136,-15.564435958862305,-15.605663299560547,ok
LA_D_6842546,10.550594329833984,10.561274528503418,ok
LA_D_6843205,-11.072020530700684,-11.077073097229004,ok
LA_D_6843468,-14.505857467651367,-14.50874137878418,ok
LA_D_6844056,11.774950981140137,11.778327941894531,ok
LA_D_6844450,15.661128044128418,15.68530559539795,ok
LA_D_6845080,12.501977920532227,12.5247163772583,ok
LA_D_6846040,18.56954002380371,18.57843017578125,ok
LA_D_6846115,14.84622859954834,14.841630935668945,ok
LA_D_6846914,11.261563301086426,11.261521339416504,ok
LA_D_6847229,12.983680725097656,12.995104789733887,ok
LA_D_6849663,17.0510311126709,17.063867568969727,ok
LA_D_6851421,14.589591026306152,14.676953315734863,ok
LA_D_6851877,15.285940170288086,15.312578201293945,ok
LA_D_6852175,10.64274787902832,10.660822868347168,ok
LA_D_6852390,12.36038589477539,12.381808280944824,ok
LA_D_6852869,5.538945198059082,5.537251949310303,ok
LA_D_6853671,17.552122116088867,17.5526065826416,ok
LA_D_6854275,17.504709243774414,17.566286087036133,ok
LA_D_6855752,17.357776641845703,17.533151626586914,ok
LA_D_6858597,17.00725555419922,17.007421493530273,ok
LA_D_6858810,16.597801208496094,16.639644622802734,ok
LA_D_6859973,13.785299301147461,13.800154685974121,ok
LA_D_6860124,11.928755760192871,11.979107856750488,ok
LA_D_6861811,14.334121704101562,14.413043022155762,ok
LA_D_6862159,16.373655319213867,16.377714157104492,ok
LA_D_6862553,15.971644401550293,16.03268814086914,ok
LA_D_6863055,4.9894514083862305,4.989527225494385,ok
LA_D_6863380,12.348578453063965,12.352372169494629,ok
LA_D_6863957,9.316506385803223,9.31794261932373,ok
LA_D_6864087,23.354522705078125,23.38524055480957,ok
LA_D_6864236,-7.6323652267456055,-7.6412129402160645,ok
LA_D_6865799,9.820987701416016,9.822747230529785,ok
LA_D_6865911,13.13758659362793,13.141186714172363,ok
LA_D_6866603,19.600555419921875,19.604551315307617,ok
LA_D_6868021,16.386322021484375,16.42778205871582,ok
LA_D_6868445,12.4588041305542,12.462820053100586,ok
LA_D_6868998,-12.60046672821045,-12.625168800354004,ok
LA_D_6869232,15.358787536621094,15.359662055969238,ok
LA_D_6870040,14.586380958557129,14.595330238342285,ok
LA_D_6870125,12.782167434692383,12.782374382019043,ok
LA_D_6871726,10.896836280822754,10.917640686035156,ok
LA_D_6872655,10.618566513061523,10.663640022277832,ok
LA_D_6874210,8.426300048828125,8.4371919631958,ok
LA_D_6874297,-13.092036247253418,-13.112338066101074,ok
LA_D_6875907,14.607226371765137,14.626961708068848,ok
LA_D_6876630,-14.885296821594238,-14.928583145141602,ok
LA_D_6876959,18.40584945678711,18.421463012695312,ok
LA_D_6877026,7.698347091674805,7.697226047515869,ok
LA_D_6878638,12.790755271911621,12.796425819396973,ok
LA_D_6878756,9.918951034545898,9.932916641235352,ok
LA_D_6879359,9.564313888549805,9.569991111755371,ok
LA_D_6880419,14.809148788452148,14.820716857910156,ok
LA_D_6882166,16.504411697387695,16.519092559814453,ok
LA_D_6884110,15.046823501586914,15.09530258178711,ok
LA_D_6884626,6.885323524475098,6.884770393371582,ok
LA_D_6886878,15.070442199707031,15.07866382598877,ok
LA_D_6887218,13.333297729492188,13.353400230407715,ok
LA_D_6890596,19.26527976989746,19.26535415649414,ok
LA_D_6890842,15.838489532470703,15.855774879455566,ok
LA_D_6890939,16.47076988220215,16.496694564819336,ok
LA_D_6892152,18.936725616455078,18.951101303100586,ok
LA_D_6892674,15.94161319732666,15.953242301940918,ok
LA_D_6893250,12.591442108154297,12.606162071228027,ok
LA_D_6893706,15.562321662902832,15.567572593688965,ok
LA_D_6895177,8.528377532958984,8.528931617736816,ok
LA_D_6897891,14.015995979309082,14.050056457519531,ok
LA_D_6898133,10.72272777557373,10.733874320983887,ok
LA_D_6898383,13.599438667297363,13.604132652282715,ok
LA_D_6899810,17.352596282958984,17.354936599731445,ok
LA_D_6900371,7.697399616241455,7.697500228881836,ok
LA_D_6901051,17.446592330932617,17.463075637817383,ok
LA_D_6902611,15.289129257202148,15.295750617980957,ok
LA_D_6902833,14.25760269165039,14.281033515930176,ok
LA_D_6903594,11.806716918945312,11.813122749328613,ok
LA_D_6903687,13.933666229248047,13.935928344726562,ok
LA_D_6903783,12.290310859680176,12.317341804504395,ok
LA_D_6904064,12.58127212524414,12.585081100463867,ok
LA_D_6904176,9.8018798828125,9.800599098205566,ok
LA_D_6905344,8.38951587677002,8.389081001281738,ok
LA_D_6906792,15.72629451751709,15.73878002166748,ok
LA_D_6908091,-14.417712211608887,-14.435060501098633,ok
LA_D_6908205,10.798029899597168,10.845969200134277,ok
LA_D_6908815,12.787627220153809,12.816546440124512,ok
LA_D_6909580,19.491941452026367,19.50493812561035,ok
LA_D_6910092,12.495551109313965,12.576872825622559,ok
LA_D_6911238,18.411670684814453,18.437541961669922,ok
LA_D_6913174,12.979241371154785,12.990617752075195,ok
LA_D_6913240,-13.724458694458008,-13.729961395263672,ok
LA_D_6913633,15.56436538696289,15.593074798583984,ok
LA_D_6913699,16.72947120666504,16.80381965637207,ok
LA_D_6914532,8.255674362182617,8.256767272949219,ok
LA_D_6914760,7.724526882171631,7.733989715576172,ok
LA_D_6919214,8.304781913757324,8.307330131530762,ok
LA_D_6920274,10.903263092041016,10.904309272766113,ok
LA_D_6920360,13.203702926635742,13.21414566040039,ok
LA_D_6920856,9.752164840698242,9.780783653259277,ok
LA_D_6920891,12.781877517700195,12.785871505737305,ok
LA_D_6921099,18.245899200439453,18.259614944458008,ok
LA_D_6921684,-13.232376098632812,-13.288762092590332,ok
LA_D_6921859,11.287221908569336,11.291617393493652,ok
LA_D_6923831,14.271573066711426,14.30538272857666,ok
LA_D_6923993,15.870087623596191,15.90307331085205,ok
LA_D_6924353,11.75411319732666,11.76094913482666,ok
LA_D_6925004,11.424696922302246,11.455151557922363,ok
LA_D_6925745,14.725943565368652,14.739381790161133,ok
LA_D_6925836,9.810460090637207,9.811553001403809,ok
LA_D_6927348,15.960891723632812,16.039161682128906,ok
LA_D_6927495,16.911014556884766,16.93107795715332,ok
LA_D_6928296,12.412043571472168,12.4209623336792,ok
LA_D_6928395,14.215997695922852,14.221392631530762,ok
LA_D_6928429,15.171123504638672,15.186856269836426,ok
LA_D_6930111,12.141749382019043,12.147193908691406,ok
LA_D_6930733,13.518519401550293,13.520962715148926,ok
LA_D_6931090,13.716204643249512,13.724505424499512,ok
LA_D_6931606,11.856488227844238,11.857550621032715,ok
LA_D_6931611,-12.623536109924316,-12.629959106445312,ok
LA_D_6931896,9.318665504455566,9.343008995056152,ok
LA_D_6932984,10.587833404541016,10.592927932739258,ok
LA_D_6933658,13.22127914428711,13.229790687561035,ok
LA_D_6934200,14.272014617919922,14.27997875213623,ok
LA_D_6935031,-14.48753547668457,-14.506340026855469,ok
LA_D_6935294,18.716323852539062,18.73470115661621,ok
LA_D_6935657,14.603778839111328,14.62170124053955,ok
LA_D_6936162,-15.250260353088379,-15.331677436828613,ok
LA_D_6936838,16.701807022094727,16.701860427856445,ok
LA_D_6936936,11.640634536743164,11.661327362060547,ok
LA_D_6937056,13.370908737182617,13.3778715133667,ok
LA_D_6937150,12.763524055480957,12.765795707702637,ok
LA_D_6937285,14.91305923461914,14.934377670288086,ok
LA_D_6937667,8.279024124145508,8.279181480407715,ok
LA_D_6938301,-12.233940124511719,-12.236037254333496,ok
LA_D_6938657,15.267875671386719,15.319750785827637,ok
LA_D_6939541,-11.900973320007324,-11.974791526794434,ok
LA_D_6940521,14.86457633972168,14.886940956115723,ok
LA_D_6942448,11.634057998657227,11.638400077819824,ok
LA_D_6943274,14.995798110961914,14.99820613861084,ok
LA_D_6945296,8.603951454162598,8.605305671691895,ok
LA_D_6945696,14.018482208251953,14.027917861938477,ok
LA_D_6946419,13.363300323486328,13.407317161560059,ok
LA_D_6946644,16.118396759033203,16.156545639038086,ok
LA_D_6946995,12.905961036682129,12.920723915100098,ok
LA_D_6947289,12.1531982421875,12.242851257324219,ok
LA_D_6947953,13.474336624145508,13.476174354553223,ok
LA_D_6947992,12.378203392028809,12.379652976989746,ok
LA_D_6948051,17.37350845336914,17.398727416992188,ok
LA_D_6948552,14.12899398803711,14.18371868133545,ok
LA_D_6949687,9.64453411102295,9.649248123168945,ok
LA_D_6950600,6.013612270355225,6.009714126586914,ok
LA_D_6951006,15.49394416809082,15.49865436553955,ok
LA_D_6952781,16.830886840820312,16.85056495666504,ok
LA_D_6953406,15.631566047668457,15.657425880432129,ok
LA_D_6953783,12.991486549377441,12.993468284606934,ok
LA_D_6954064,14.439657211303711,14.442564010620117,ok
LA_D_6954164,12.600332260131836,12.615766525268555,ok
LA_D_6954213,13.33524227142334,13.382184028625488,ok
LA_D_6956269,13.148029327392578,13.164840698242188,ok
LA_D_6957117,16.94541358947754,17.043794631958008,ok
LA_D_6957283,14.350419044494629,14.385210037231445,ok
LA_D_6960999,16.9602108001709,16.96363639831543,ok
LA_D_6961697,12.552992820739746,12.557175636291504,ok
LA_D_6962147,16.140628814697266,16.19004249572754,ok
LA_D_6962233,15.729726791381836,15.745097160339355,ok
LA_D_6963143,4.9688568115234375,4.970878601074219,ok
LA_D_6963297,14.375246047973633,14.436001777648926,ok
LA_D_6963411,-14.328701972961426,-14.378323554992676,ok
LA_D_6963530,-11.680625915527344,-11.681305885314941,ok
LA_D_6965307,9.135004997253418,9.133193969726562,ok
LA_D_6965493,16.47580337524414,16.4793643951416,ok
LA_D_6965771,18.824893951416016,18.887054443359375,ok
LA_D_6966164,12.712043762207031,12.715518951416016,ok
LA_D_6966577,20.423641204833984,20.55757713317871,ok
LA_D_6966943,6.991868019104004,7.020193576812744,ok
LA_D_6967013,19.61037826538086,19.624385833740234,ok
LA_D_6968726,19.93756866455078,19.9926700592041,ok
LA_D_6970550,16.780845642089844,16.784198760986328,ok
LA_D_6970983,15.791237831115723,15.806830406188965,ok
LA_D_6971538,15.522147178649902,15.526237487792969,ok
LA_D_6971712,11.681732177734375,11.68940258026123,ok
LA_D_6973097,10.721452713012695,10.732521057128906,ok
LA_D_6973797,11.297080993652344,11.300737380981445,ok
LA_D_6975418,17.229658126831055,17.281892776489258,ok
LA_D_6975465,13.314630508422852,13.327049255371094,ok
LA_D_6976547,7.489535331726074,7.495639324188232,ok
LA_D_6978333,15.578514099121094,15.603224754333496,ok
LA_D_6978904,13.643925666809082,13.667182922363281,ok
LA_D_6979806,14.869065284729004,14.876222610473633,ok
LA_D_6980166,-16.248987197875977,-16.25571632385254,ok
LA_D_6982355,11.307095527648926,11.309410095214844,ok
LA_D_6983240,7.253971099853516,7.2624831199646,ok
LA_D_6984588,11.408191680908203,11.408805847167969,ok
LA_D_6984595,-14.84330940246582,-14.86069393157959,ok
LA_D_6985192,12.147455215454102,12.1539945602417,ok
LA_D_6985201,15.584890365600586,15.586735725402832,ok
LA_D_6987202,10.484188079833984,10.49348258972168,ok
LA_D_6988249,13.02050495147705,13.041190147399902,ok
LA_D_6989506,-13.895657539367676,-13.958416938781738,ok
LA_D_6990164,9.797492027282715,9.799600601196289,ok
LA_D_6990804,18.23719596862793,18.247941970825195,ok
LA_D_6991662,7.038848400115967,7.060153484344482,ok
LA_D_6993157,9.04358959197998,9.042571067810059,ok
LA_D_6994349,-14.877209663391113,-14.918131828308105,ok
LA_D_6998107,15.30637264251709,15.321325302124023,ok
LA_D_6998182,18.210386276245117,18.278100967407227,ok
LA_D_7005622,14.613009452819824,14.700762748718262,ok
LA_D_7008532,14.674737930297852,14.691363334655762,ok
LA_D_7008788,12.784770011901855,12.787755966186523,ok
LA_D_7009736,11.216115951538086,11.227320671081543,ok
LA_D_7009859,9.481903076171875,9.483436584472656,ok
LA_D_7010911,11.113971710205078,11.141777992248535,ok
LA_D_7012203,12.975330352783203,12.979979515075684,ok
LA_D_7015167,19.281248092651367,19.285470962524414,ok
LA_D_7015174,-15.998801231384277,-16.023557662963867,ok
LA_D_7015244,14.527364730834961,14.528399467468262,ok
LA_D_7015832,15.80905532836914,15.817204475402832,ok
LA_D_7016609,14.909088134765625,14.909893035888672,ok
LA_D_7016944,15.667093276977539,15.692063331604004,ok
LA_D_7016945,15.394593238830566,15.405869483947754,ok
LA_D_7017711,16.17730712890625,16.181875228881836,ok
LA_D_7018313,15.456260681152344,15.457385063171387,ok
LA_D_7018339,14.194168090820312,14.19702434539795,ok
LA_D_7021156,17.703720092773438,17.724763870239258,ok
LA_D_7021627,14.276521682739258,14.28791618347168,ok
LA_D_7021859,17.49576187133789,17.500825881958008,ok
LA_D_7023105,8.743921279907227,8.787185668945312,ok
LA_D_7023167,12.71428394317627,12.723479270935059,ok
LA_D_7024538,15.436549186706543,15.43734073638916,ok
LA_D_7026375,14.488885879516602,14.489577293395996,ok
LA_D_7026875,11.335121154785156,11.363167762756348,ok
LA_D_7028251,22.336633682250977,22.421966552734375,ok
LA_D_7029392,-2.0160179138183594,-2.016019105911255,ok
LA_D_7030186,18.0913143157959,18.104997634887695,ok
LA_D_7030273,14.366991996765137,14.40420913696289,ok
LA_D_7030281,-15.42007827758789,-15.442351341247559,ok
LA_D_7030824,15.521489143371582,15.56303596496582,ok
LA_D_7030836,18.783628463745117,18.786651611328125,ok
LA_D_7031080,5.37978982925415,5.388441562652588,ok
LA_D_7031306,11.246210098266602,11.260443687438965,ok
LA_D_7031958,18.981380462646484,18.982240676879883,ok
LA_D_7033344,16.44278335571289,16.467409133911133,ok
LA_D_7034096,16.470632553100586,16.503087997436523,ok
LA_D_7034755,11.266351699829102,11.271450996398926,ok
LA_D_7035349,-13.561118125915527,-13.568161964416504,ok
LA_D_7035543,11.351539611816406,11.380064964294434,ok
LA_D_7036071,11.498403549194336,11.51073169708252,ok
LA_D_7037337,13.057886123657227,13.074912071228027,ok
LA_D_7038318,6.7566070556640625,6.764400005340576,ok
LA_D_7038523,12.412821769714355,12.43697452545166,ok
LA_D_7038606,19.340486526489258,19.370588302612305,ok
LA_D_7039023,12.666905403137207,12.692212104797363,ok
LA_D_7039466,-15.103775024414062,-15.124493598937988,ok
LA_D_7039777,10.818370819091797,10.835760116577148,ok
LA_D_7039816,14.489394187927246,14.500889778137207,ok
LA_D_7040526,13.220070838928223,13.238783836364746,ok
LA_D_7040833,17.42426109313965,17.431562423706055,ok
LA_D_7040973,16.56629753112793,16.5850887298584,ok
LA_D_7041179,17.148956298828125,17.15349006652832,ok
LA_D_7041352,10.087075233459473,10.095559120178223,ok
LA_D_7041661,13.495757102966309,13.502652168273926,ok
LA_D_7043000,15.64167594909668,15.816978454589844,ok
LA_D_7043976,15.662893295288086,15.732452392578125,ok
LA_D_7044931,8.383061408996582,8.450640678405762,ok
LA_D_7045141,3.319058895111084,3.3176422119140625,ok
LA_D_7045415,10.880938529968262,10.881260871887207,ok
LA_D_7045724,12.216364860534668,12.232739448547363,ok
LA_D_7045833,13.826037406921387,13.834345817565918,ok
LA_D_7049162,17.836313247680664,17.866064071655273,ok
LA_D_7051341,10.631958961486816,10.649221420288086,ok
LA_D_7051804,13.380207061767578,13.418838500976562,ok
LA_D_7052154,15.403996467590332,15.412323951721191,ok
LA_D_7052613,9.021087646484375,9.023337364196777,ok
LA_D_7053102,9.027528762817383,9.027764320373535,ok
LA_D_7053354,11.755514144897461,11.778108596801758,ok
LA_D_7054436,15.815911293029785,15.823925971984863,ok
LA_D_7057190,-13.683537483215332,-13.703940391540527,ok
LA_D_7057633,14.262184143066406,14.2897310256958,ok
LA_D_7058822,17.55048942565918,17.580707550048828,ok
LA_D_7059463,9.616909980773926,9.675204277038574,ok
LA_D_7061416,13.849970817565918,13.850391387939453,ok
LA_D_7063095,13.65667724609375,13.674363136291504,ok
LA_D_7063172,7.969040393829346,7.964482307434082,ok
LA_D_7063977,15.607203483581543,15.607500076293945,ok
LA_D_7064077,13.42967414855957,13.431361198425293,ok
LA_D_7064323,13.135093688964844,13.137114524841309,ok
LA_D_7065014,16.227394104003906,16.32781410217285,ok
LA_D_7065500,6.009217739105225,6.009326934814453,ok
LA_D_7066186,11.000443458557129,11.017254829406738,ok
LA_D_7066954,15.18427562713623,15.332396507263184,ok
LA_D_7066960,-16.487228393554688,-16.510818481445312,ok
LA_D_7067028,9.434798240661621,9.472114562988281,ok
LA_D_7067333,-11.565828323364258,-11.567152976989746,ok
LA_D_7068182,16.288942337036133,16.314027786254883,ok
LA_D_7070716,15.281928062438965,15.303542137145996,ok
LA_D_7072258,11.278590202331543,11.30893611907959,ok
LA_D_7073678,-4.394459247589111,-4.425787448883057,ok
LA_D_7076522,14.414299964904785,14.44990062713623,ok
LA_D_7080605,15.25308609008789,15.262773513793945,ok
LA_D_7080978,16.19317054748535,16.219860076904297,ok
LA_D_7081771,-15.211012840270996,-15.227299690246582,ok
LA_D_7081849,16.60658836364746,16.639986038208008,ok
LA_D_7082816,21.547391891479492,21.567806243896484,ok
LA_D_7083288,12.808675765991211,12.811125755310059,ok
LA_D_7083969,7.313759803771973,7.388466835021973,ok
LA_D_7084497,16.716297149658203,16.757661819458008,ok
LA_D_7086357,19.176916122436523,19.22295379638672,ok
LA_D_7086639,13.906339645385742,13.93514347076416,ok
LA_D_7086814,14.290351867675781,14.30722713470459,ok
LA_D_7087327,14.513178825378418,14.520081520080566,ok
LA_D_7088669,12.716176986694336,12.716142654418945,ok
LA_D_7089929,-10.222134590148926,-10.269577026367188,ok
LA_D_7090148,12.806203842163086,12.81505298614502,ok
LA_D_7090657,-12.517186164855957,-12.537402153015137,ok
LA_D_7091196,15.881876945495605,15.924504280090332,ok
LA_D_7091662,12.979111671447754,12.98897647857666,ok
LA_D_7092291,14.21823787689209,14.22636604309082,ok
LA_D_7092752,14.907703399658203,14.908246040344238,ok
LA_D_7094041,10.857767105102539,10.864818572998047,ok
LA_D_7094796,12.184967994689941,12.198674201965332,ok
LA_D_7096240,12.73404598236084,12.75429916381836,ok
LA_D_7096314,13.616567611694336,13.64205265045166,ok
LA_D_7097009,12.19818115234375,12.245023727416992,ok
LA_D_7097361,14.71359634399414,14.71186637878418,ok
LA_D_7098546,14.607353210449219,14.615165710449219,ok
LA_D_7100095,13.151339530944824,13.15124797821045,ok
LA_D_7100242,13.088397979736328,13.130834579467773,ok
LA_D_7100478,10.336922645568848,10.337080955505371,ok
LA_D_7100790,16.56635284423828,16.695959091186523,ok
LA_D_7101123,13.441933631896973,13.501588821411133,ok
LA_D_7103223,14.410103797912598,14.443140983581543,ok
LA_D_7104527,15.720193862915039,15.735098838806152,ok
LA_D_7107466,7.408862590789795,7.401649475097656,ok
LA_D_7109251,12.53838062286377,12.594511985778809,ok
LA_D_7109771,15.849549293518066,15.85302448272705,ok
LA_D_7109981,-16.865001678466797,-16.891157150268555,ok
LA_D_7110669,-15.14436149597168,-15.145598411560059,ok
LA_D_7111174,13.089306831359863,13.152840614318848,ok
LA_D_7112224,16.913654327392578,16.9161434173584,ok
LA_D_7112267,13.98498821258545,14.174312591552734,ok
LA_D_7112692,12.583630561828613,12.59119701385498,ok
LA_D_7112975,10.093901634216309,10.09760570526123,ok
LA_D_7112988,11.56686782836914,11.569108009338379,ok
LA_D_7113087,12.932011604309082,12.963578224182129,ok
LA_D_7114007,12.438117980957031,12.438355445861816,ok
LA_D_7114213,17.381122589111328,17.506322860717773,ok
LA_D_7114977,-14.428962707519531,-14.441876411437988,ok
LA_D_7115178,15.458434104919434,15.467631340026855,ok
LA_D_7115973,15.082053184509277,15.163506507873535,ok
LA_D_7116605,17.441085815429688,17.48366928100586,ok
LA_D_7117158,17.265987396240234,17.292966842651367,ok
LA_D_7119255,15.609102249145508,15.710529327392578,ok
LA_D_7119606,12.497621536254883,12.511143684387207,ok
LA_D_7120164,8.746984481811523,8.745393753051758,ok
LA_D_7120318,11.37614631652832,11.412898063659668,ok
LA_D_7120364,13.938121795654297,13.960101127624512,ok
LA_D_7120378,12.833513259887695,12.833823204040527,ok
LA_D_7121049,12.365241050720215,12.371535301208496,ok
LA_D_7122184,-12.401330947875977,-12.408891677856445,ok
LA_D_7122312,12.519789695739746,12.54934024810791,ok
LA_D_7123142,11.163243293762207,11.180207252502441,ok
LA_D_7123406,-11.2861328125,-11.29674243927002,ok
LA_D_7124167,17.91788101196289,17.94544792175293,ok
LA_D_7124239,16.03794288635254,16.053239822387695,ok
LA_D_7125605,17.40688705444336,17.48773193359375,ok
LA_D_7125815,15.885322570800781,15.932999610900879,ok
LA_D_7126476,19.10789680480957,19.105609893798828,ok
LA_D_7126534,15.849616050720215,15.871237754821777,ok
LA_D_7127082,16.420534133911133,16.423463821411133,ok
LA_D_7127633,14.716815948486328,14.745824813842773,ok
LA_D_7129621,12.398565292358398,12.39920425415039,ok
LA_D_7129774,11.810876846313477,11.811161994934082,ok
LA_D_7130070,-13.909517288208008,-13.911656379699707,ok
LA_D_7130454,10.998655319213867,11.007355690002441,ok
LA_D_7130895,19.9823055267334,19.982797622680664,ok
LA_D_7133142,18.463035583496094,18.52523422241211,ok
LA_D_7135015,14.810609817504883,14.80561351776123,ok
LA_D_7135654,14.146275520324707,14.218144416809082,ok
LA_D_7137953,11.600584030151367,11.627191543579102,ok
LA_D_7137971,14.45372486114502,14.455541610717773,ok
LA_D_7138607,14.722175598144531,14.725322723388672,ok
LA_D_7138620,16.859830856323242,16.871450424194336,ok
LA_D_7139438,15.27604866027832,15.307557106018066,ok
LA_D_7139553,-12.133387565612793,-12.136239051818848,ok
LA_D_7139694,21.634084701538086,21.640911102294922,ok
LA_D_7139855,16.023822784423828,16.040607452392578,ok
LA_D_7139969,11.832777976989746,11.836091041564941,ok
LA_D_7140664,14.141658782958984,14.14555549621582,ok
LA_D_7141763,12.82699966430664,12.833088874816895,ok
LA_D_7141905,20.571557998657227,20.611265182495117,ok
LA_D_7142124,17.758209228515625,17.796266555786133,ok
LA_D_7143938,17.830162048339844,17.837446212768555,ok
LA_D_7145015,12.179671287536621,12.320551872253418,ok
LA_D_7145643,10.256033897399902,10.258084297180176,ok
LA_D_7147745,15.857389450073242,15.861729621887207,ok
LA_D_7148219,13.144497871398926,13.152474403381348,ok
LA_D_7149026,9.82271671295166,9.819336891174316,ok
LA_D_7149435,17.743263244628906,17.855207443237305,ok
LA_D_7149695,11.378711700439453,11.386469841003418,ok
LA_D_7151621,14.174317359924316,14.183717727661133,ok
LA_D_7152817,-15.893728256225586,-15.917502403259277,ok
LA_D_7153247,15.996325492858887,16.04498291015625,ok
LA_D_7153518,17.33634376525879,17.392824172973633,ok
LA_D_7154160,13.885458946228027,13.89008617401123,ok
LA_D_7154479,-13.0503568649292,-13.053610801696777,ok
LA_D_7154683,12.181343078613281,12.181456565856934,ok
LA_D_7157816,6.526519775390625,6.529259204864502,ok
LA_D_7160142,13.320640563964844,13.325114250183105,ok
LA_D_7160537,12.215716361999512,12.252345085144043,ok
LA_D_7160972,-1.457502007484436,-1.463039755821228,ok
LA_D_7162317,-15.56485652923584,-15.581355094909668,ok
LA_D_7164376,-14.461943626403809,-14.47126293182373,ok
LA_D_7164827,16.217683792114258,16.247446060180664,ok
LA_D_7165623,11.721468925476074,11.737455368041992,ok
LA_D_7165792,11.449216842651367,11.46492862701416,ok
LA_D_7166280,14.299195289611816,14.339548110961914,ok
LA_D_7166669,11.494024276733398,11.500643730163574,ok
LA_D_7166738,7.139255046844482,7.138691425323486,ok
LA_D_7166843,21.506338119506836,21.554121017456055,ok
LA_D_7167124,17.576112747192383,17.582639694213867,ok
LA_D_7167134,12.429946899414062,12.471702575683594,ok
LA_D_7168411,12.655096054077148,12.695374488830566,ok
LA_D_7169168,9.373344421386719,9.37939739227295,ok
LA_D_7169217,16.32881736755371,16.37826156616211,ok
LA_D_7170139,11.412315368652344,11.5018949508667,ok
LA_D_7170458,9.260950088500977,9.26250171661377,ok
LA_D_7170607,11.878219604492188,11.898701667785645,ok
LA_D_7170608,15.938275337219238,15.969748497009277,ok
LA_D_7170620,14.384624481201172,14.447397232055664,ok
LA_D_7171461,4.9621901512146,4.951414585113525,ok
LA_D_7172075,14.12055778503418,14.146400451660156,ok
LA_D_7173210,6.014517307281494,6.03603982925415,ok
LA_D_7173433,16.17817497253418,16.268918991088867,ok
LA_D_7173940,14.913644790649414,14.921518325805664,ok
LA_D_7174232,17.645565032958984,17.66172218322754,ok
LA_D_7175689,15.130424499511719,15.156529426574707,ok
LA_D_7175704,12.634799003601074,12.635372161865234,ok
LA_D_7176031,16.463708877563477,16.502065658569336,ok
LA_D_7176078,15.728036880493164,15.751164436340332,ok
LA_D_7178248,7.67473840713501,7.681451320648193,ok
LA_D_7179358,15.053848266601562,15.074556350708008,ok
LA_D_7179593,-13.705718040466309,-13.70776081085205,ok
LA_D_7180447,15.28593635559082,15.349635124206543,ok
LA_D_7181044,1.9991556406021118,1.9968358278274536,ok
LA_D_7182532,16.450021743774414,16.532794952392578,ok
LA_D_7183546,11.970108032226562,11.974806785583496,ok
LA_D_7183894,20.30808448791504,20.331369400024414,ok
LA_D_7186069,19.29492950439453,19.306339263916016,ok
LA_D_7186648,12.792511940002441,12.7921781539917,ok
LA_D_7187188,14.254668235778809,14.25886058807373,ok
LA_D_7187563,11.689473152160645,11.712281227111816,ok
LA_D_7187597,14.013724327087402,14.019163131713867,ok
LA_D_7187720,17.5938720703125,17.663719177246094,ok
LA_D_7188227,12.933545112609863,13.013640403747559,ok
LA_D_7189280,-15.689725875854492,-15.693567276000977,ok
LA_D_7189435,12.48022174835205,12.502972602844238,ok
LA_D_7189804,10.772490501403809,10.781234741210938,ok
LA_D_7190406,13.445272445678711,13.445748329162598,ok
LA_D_7190581,16.54354476928711,16.585535049438477,ok
LA_D_7191599,10.171575546264648,10.171280860900879,ok
LA_D_7191759,11.111101150512695,11.12794017791748,ok
LA_D_7191859,16.945276260375977,17.094486236572266,ok
LA_D_7192041,14.830948829650879,14.846413612365723,ok
LA_D_7192415,12.586671829223633,12.597402572631836,ok
LA_D_7193344,13.242121696472168,13.283130645751953,ok
LA_D_7194141,16.44832420349121,16.53384017944336,ok
LA_D_7194672,14.32516860961914,14.33182144165039,ok
LA_D_7194718,13.800354957580566,13.80489444732666,ok
LA_D_7194931,12.405242919921875,12.433744430541992,ok
LA_D_7196231,16.06675910949707,16.069028854370117,ok
LA_D_7196635,13.509855270385742,13.517584800720215,ok
LA_D_7197317,7.610837936401367,7.606712818145752,ok
LA_D_7199102,15.012373924255371,15.086349487304688,ok
LA_D_7200372,13.67164134979248,13.713047981262207,ok
LA_D_7200480,-5.689676761627197,-5.714759349822998,ok
LA_D_7200791,-13.764238357543945,-13.78154182434082,ok
LA_D_7201438,13.719682693481445,13.758941650390625,ok
LA_D_7201951,11.798100471496582,11.838379859924316,ok
LA_D_7203605,-9.60806941986084,-9.633857727050781,ok
LA_D_7204569,-13.766515731811523,-13.84972858428955,ok
LA_D_7205018,16.313644409179688,16.35268783569336,ok
LA_D_7205609,11.305118560791016,11.336241722106934,ok
LA_D_7206552,11.654261589050293,11.661723136901855,ok
LA_D_7207516,7.600798606872559,7.601961612701416,ok
LA_D_7207798,-6.374458312988281,-6.377308368682861,ok
LA_D_7209731,12.265811920166016,12.265135765075684,ok
LA_D_7209780,12.557783126831055,12.568242073059082,ok
LA_D_7210071,16.27295684814453,16.310216903686523,ok
LA_D_7211753,13.693466186523438,13.691390991210938,ok
LA_D_7212540,8.123003005981445,8.128544807434082,ok
LA_D_7212590,14.737574577331543,14.7393217086792,ok
LA_D_7213885,-12.69675350189209,-12.757551193237305,ok
LA_D_7215553,3.792361259460449,3.8006889820098877,ok
LA_D_7215783,13.96733570098877,13.980056762695312,ok
LA_D_7218456,10.25185489654541,10.257126808166504,ok
LA_D_7218513,15.555827140808105,15.557503700256348,ok
LA_D_7219075,18.395204544067383,18.47234344482422,ok
LA_D_7219088,13.415268898010254,13.419662475585938,ok
LA_D_7219426,-5.031193733215332,-5.032130718231201,ok
LA_D_7219660,10.873174667358398,10.875029563903809,ok
LA_D_7219959,16.568702697753906,16.582212448120117,ok
LA_D_7220382,15.803534507751465,15.823637962341309,ok
LA_D_7222508,14.85142993927002,14.851451873779297,ok
LA_D_7223284,12.685161590576172,12.716561317443848,ok
LA_D_7224171,12.813529968261719,12.815685272216797,ok
LA_D_7224568,4.727348804473877,4.728105068206787,ok
LA_D_7225053,14.353551864624023,14.35122013092041,ok
LA_D_7225338,9.751609802246094,9.752982139587402,ok
LA_D_7225984,15.075484275817871,15.072331428527832,ok
LA_D_7226739,15.55756950378418,15.585577011108398,ok
LA_D_7227396,10.324803352355957,10.337813377380371,ok
LA_D_7228303,12.160689353942871,12.199847221374512,ok
LA_D_7229041,14.004796981811523,14.029922485351562,ok
LA_D_7229340,13.77075481414795,13.773306846618652,ok
LA_D_7230566,-15.375426292419434,-15.41785717010498,ok
LA_D_7230852,15.94010066986084,15.951440811157227,ok
LA_D_7233780,16.578519821166992,16.626352310180664,ok
LA_D_7234016,14.732159614562988,14.740058898925781,ok
LA_D_7234278,15.30748176574707,15.321525573730469,ok
LA_D_7235373,-14.832053184509277,-14.854555130004883,ok
LA_D_7235672,17.032962799072266,17.04186248779297,ok
LA_D_7237488,20.53375816345215,20.545488357543945,ok
LA_D_7237811,25.007755279541016,25.04241943359375,ok
LA_D_7238018,-14.813713073730469,-14.816123962402344,ok
LA_D_7241809,19.479978561401367,19.5018253326416,ok
LA_D_7244876,13.06840991973877,13.175436973571777,ok
LA_D_7245573,9.231961250305176,9.256150245666504,ok
LA_D_7246488,14.826756477355957,14.830269813537598,ok
LA_D_7248069,11.334402084350586,11.34620189666748,ok
LA_D_7248953,15.45763874053955,15.476839065551758,ok
LA_D_7249074,16.640520095825195,16.74323081970215,ok
LA_D_7249552,10.141205787658691,10.182282447814941,ok
LA_D_7250780,15.62994384765625,15.648985862731934,ok
LA_D_7253146,-13.129467964172363,-13.136322975158691,ok
LA_D_7253310,10.126367568969727,10.128010749816895,ok
LA_D_7253817,11.619460105895996,11.619744300842285,ok
LA_D_7254011,12.918975830078125,12.955283164978027,ok
LA_D_7254050,15.524270057678223,15.585214614868164,ok
LA_D_7254378,25.014535903930664,25.090665817260742,ok
LA_D_7255005,-14.261194229125977,-14.324742317199707,ok
LA_D_7255755,15.83104419708252,15.87475872039795,ok
LA_D_7256748,12.628715515136719,12.650468826293945,ok
LA_D_7257796,13.442480087280273,13.44360065460205,ok
LA_D_7260355,16.184707641601562,16.202396392822266,ok
LA_D_7261120,-8.91392707824707,-8.929308891296387,ok
LA_D_7261537,12.08346939086914,12.085999488830566,ok
LA_D_7261761,12.121017456054688,12.162751197814941,ok
LA_D_7262716,15.124011993408203,15.16529369354248,ok
LA_D_7262720,12.404646873474121,12.410551071166992,ok
LA_D_7263188,16.461584091186523,16.493505477905273,ok
LA_D_7263401,16.945804595947266,16.946359634399414,ok
LA_D_7264686,12.565315246582031,12.57139778137207,ok
LA_D_7265371,13.205178260803223,13.212305068969727,ok
LA_D_7267402,-9.405821800231934,-9.426900863647461,ok
LA_D_7269077,14.73780345916748,14.759603500366211,ok
LA_D_7269587,9.261175155639648,9.273077964782715,ok
LA_D_7270074,-16.998844146728516,-17.01713752746582,ok
LA_D_7271587,-14.284136772155762,-14.303338050842285,ok
LA_D_7272412,15.074085235595703,15.074960708618164,ok
LA_D_7273712,15.23250961303711,15.259112358093262,ok
LA_D_7273954,9.41777515411377,9.419029235839844,ok
LA_D_7274330,9.772165298461914,9.774757385253906,ok
LA_D_7277373,-13.665339469909668,-13.676883697509766,ok
LA_D_7277920,14.491514205932617,14.492400169372559,ok
LA_D_7277959,12.870267868041992,12.870165824890137,ok
LA_D_7278311,17.696720123291016,17.727373123168945,ok
LA_D_7278858,9.965048789978027,9.966585159301758,ok
LA_D_7279265,15.06680679321289,15.079781532287598,ok
LA_D_7279410,7.758401393890381,7.7586798667907715,ok
LA_D_7281015,10.704153060913086,10.742138862609863,ok
LA_D_7281159,14.989350318908691,15.039045333862305,ok
LA_D_7282044,8.192193031311035,8.197989463806152,ok
LA_D_7283308,11.697596549987793,11.715168952941895,ok
LA_D_7283586,14.44156551361084,14.446202278137207,ok
LA_D_7284760,17.99333953857422,18.017202377319336,ok
LA_D_7284920,9.633796691894531,9.63488483428955,ok
LA_D_7285246,15.188251495361328,15.310080528259277,ok
LA_D_7286535,11.949227333068848,11.980517387390137,ok
LA_D_7288605,20.903337478637695,20.922746658325195,ok
LA_D_7288713,12.202841758728027,12.2028169631958,ok
LA_D_7289124,17.58529281616211,17.670244216918945,ok
LA_D_7289423,11.991072654724121,12.002470016479492,ok
LA_D_7289655,8.636148452758789,8.635970115661621,ok
LA_D_7290012,19.74114990234375,19.745141983032227,ok
LA_D_7290138,20.570919036865234,20.570280075073242,ok
LA_D_7290285,14.847543716430664,14.869568824768066,ok
LA_D_7293816,9.903718948364258,9.937355995178223,ok
LA_D_7294059,10.424574851989746,10.45714282989502,ok
LA_D_7295722,18.242263793945312,18.28118324279785,ok
LA_D_7296201,11.141419410705566,11.1365966796875,ok
LA_D_7297087,12.276162147521973,12.275642395019531,ok
LA_D_7297385,15.010170936584473,15.014615058898926,ok
LA_D_7297643,16.823583602905273,16.866716384887695,ok
LA_D_7298083,11.315117835998535,11.370920181274414,ok
LA_D_7298541,10.567313194274902,10.57103157043457,ok
LA_D_7298589,12.772333145141602,12.823334693908691,ok
LA_D_7299439,16.044004440307617,16.205148696899414,ok
LA_D_7299514,-11.858447074890137,-11.87728500366211,ok
LA_D_7299706,7.018046855926514,7.019848823547363,ok
LA_D_7299749,14.588821411132812,14.593542098999023,ok
LA_D_7300406,10.674242973327637,10.679317474365234,ok
LA_D_7300764,11.69405746459961,11.707444190979004,ok
LA_D_7302282,10.793548583984375,10.835346221923828,ok
LA_D_7302367,14.437819480895996,14.459824562072754,ok
LA_D_7302757,15.84896183013916,15.867595672607422,ok
LA_D_7302765,10.390070915222168,10.437220573425293,ok
LA_D_7304634,-10.576678276062012,-10.599745750427246,ok
LA_D_7306507,12.373006820678711,12.3875093460083,ok
LA_D_7307287,18.08611488342285,18.103281021118164,ok
LA_D_7307702,16.270296096801758,16.2742862701416,ok
LA_D_7308100,18.19375991821289,18.3033390045166,ok
LA_D_7308358,8.101606369018555,8.102055549621582,ok
LA_D_7310490,7.754929542541504,7.753986358642578,ok
LA_D_7312402,9.997452735900879,10.014998435974121,ok
LA_D_7312535,10.649457931518555,10.667786598205566,ok
LA_D_7312592,19.973960876464844,20.0366268157959,ok
LA_D_7312870,18.4770450592041,18.565950393676758,ok
LA_D_7313112,11.782181739807129,11.784321784973145,ok
LA_D_7313906,12.192444801330566,12.210516929626465,ok
LA_D_7314322,-11.05261516571045,-11.054769515991211,ok
LA_D_7314849,13.499987602233887,13.500149726867676,ok
LA_D_7317360,17.68161964416504,17.708343505859375,ok
LA_D_7317597,11.243598937988281,11.24426555633545,ok
LA_D_7318854,10.17056941986084,10.170654296875,ok
LA_D_7319497,-13.83133316040039,-13.874350547790527,ok
LA_D_7320269,12.559206008911133,12.565815925598145,ok
LA_D_7321136,17.807992935180664,17.843242645263672,ok
LA_D_7322306,10.502205848693848,10.51922607421875,ok
LA_D_7322960,11.504072189331055,11.557936668395996,ok
LA_D_7324285,-11.794004440307617,-11.801074028015137,ok
LA_D_7325586,11.92856502532959,11.945611953735352,ok
LA_D_7325649,11.295297622680664,11.357892036437988,ok
LA_D_7326976,14.487038612365723,14.496355056762695,ok
LA_D_7328344,9.831208229064941,9.8366060256958,ok
LA_D_7328872,14.162654876708984,14.172404289245605,ok
LA_D_7330298,12.899871826171875,12.903985023498535,ok
LA_D_7331566,15.0801362991333,15.08980655670166,ok
LA_D_7331654,13.158727645874023,13.166600227355957,ok
LA_D_7332066,14.10128402709961,14.119805335998535,ok
LA_D_7333250,12.641134262084961,12.642719268798828,ok
LA_D_7333352,-10.650371551513672,-10.664971351623535,ok
LA_D_7334119,8.200714111328125,8.200823783874512,ok
LA_D_7334607,11.903130531311035,11.912035942077637,ok
LA_D_7336188,13.385363578796387,13.389557838439941,ok
LA_D_7336955,13.398643493652344,13.417487144470215,ok
LA_D_7337126,15.705079078674316,15.726290702819824,ok
LA_D_7337279,23.47338104248047,23.48993492126465,ok
LA_D_7337689,11.373066902160645,11.373696327209473,ok
LA_D_7338327,9.28583812713623,9.297234535217285,ok
LA_D_7339440,15.805208206176758,15.841058731079102,ok
LA_D_7339762,-10.945682525634766,-10.949156761169434,ok
LA_D_7339843,14.416793823242188,14.430407524108887,ok
LA_D_7342043,10.620626449584961,10.626568794250488,ok
LA_D_7342694,8.43227481842041,8.439248085021973,ok
LA_D_7342764,11.828530311584473,11.829136848449707,ok
LA_D_7343331,13.570830345153809,13.585721015930176,ok
LA_D_7343735,16.21441078186035,16.227169036865234,ok
LA_D_7346067,9.931957244873047,9.959052085876465,ok
LA_D_7346604,7.051148891448975,7.079883098602295,ok
LA_D_7346965,8.792116165161133,8.794650077819824,ok
LA_D_7347549,13.932921409606934,13.932153701782227,ok
LA_D_7350895,13.30044937133789,13.31118106842041,ok
LA_D_7352908,13.057816505432129,13.072522163391113,ok
LA_D_7354898,16.03667449951172,16.04819679260254,ok
LA_D_7355156,12.536866188049316,12.54633617401123,ok
LA_D_7355507,16.5059871673584,16.50779914855957,ok
LA_D_7355604,13.067416191101074,13.095011711120605,ok
LA_D_7355945,10.580185890197754,10.580660820007324,ok
LA_D_7357609,12.682884216308594,12.703049659729004,ok
LA_D_7359047,19.674680709838867,19.71080207824707,ok
LA_D_7359378,14.590489387512207,14.610417366027832,ok
LA_D_7360950,13.03424072265625,13.100800514221191,ok
LA_D_7361566,-13.19923210144043,-13.214173316955566,ok
LA_D_7362645,10.112228393554688,10.128355026245117,ok
LA_D_7363059,13.914666175842285,13.91409683227539,ok
LA_D_7363405,12.803009986877441,12.80331039428711,ok
LA_D_7363496,14.172195434570312,14.174107551574707,ok
LA_D_7363764,-14.708475112915039,-14.805521965026855,ok
LA_D_7365945,14.043015480041504,14.05713176727295,ok
LA_D_7366011,11.11192798614502,11.122147560119629,ok
LA_D_7367187,16.1842041015625,16.198057174682617,ok
LA_D_7367873,14.912267684936523,14.934200286865234,ok
LA_D_7368554,11.68535041809082,11.70494556427002,ok
LA_D_7368744,12.254805564880371,12.374951362609863,ok
LA_D_7368863,17.586688995361328,17.612699508666992,ok
LA_D_7369444,13.302614212036133,13.308598518371582,ok
LA_D_7370306,-9.126181602478027,-9.160712242126465,ok
LA_D_7370520,-6.309675693511963,-6.323875904083252,ok
LA_D_7372276,10.085756301879883,10.084749221801758,ok
LA_D_7373220,15.340347290039062,15.344902992248535,ok
LA_D_7373443,14.343527793884277,14.36208438873291,ok
LA_D_7373652,16.72590446472168,16.7480411529541,ok
LA_D_7373710,11.736186981201172,11.739516258239746,ok
LA_D_7374784,12.138219833374023,12.141209602355957,ok
LA_D_7375499,11.896906852722168,11.902445793151855,ok
LA_D_7375840,17.028085708618164,17.148523330688477,ok
LA_D_7377187,7.415297031402588,7.414758682250977,ok
LA_D_7380127,13.63264274597168,13.641398429870605,ok
LA_D_7380433,11.087957382202148,11.09343147277832,ok
LA_D_7380582,-15.083685874938965,-15.129948616027832,ok
LA_D_7380667,10.089695930480957,10.092623710632324,ok
LA_D_7380699,17.66797637939453,17.716367721557617,ok
LA_D_7382039,19.1346492767334,19.360328674316406,ok
LA_D_7382673,18.729177474975586,18.754358291625977,ok
LA_D_7382692,12.724143028259277,12.724029541015625,ok
LA_D_7383133,15.137178421020508,15.162641525268555,ok
LA_D_7383463,9.630428314208984,9.630290031433105,ok
LA_D_7383599,-11.236247062683105,-11.238184928894043,ok
LA_D_7385274,-15.236698150634766,-15.288098335266113,ok
LA_D_7385727,11.296192169189453,11.295331001281738,ok
LA_D_7386222,11.273256301879883,11.278159141540527,ok
LA_D_7388625,10.320054054260254,10.324210166931152,ok
LA_D_7388723,12.571784973144531,12.568333625793457,ok
LA_D_7389015,13.313490867614746,13.312369346618652,ok
LA_D_7390522,14.649459838867188,14.661758422851562,ok
LA_D_7391591,-14.389328002929688,-14.405702590942383,ok
LA_D_7392383,16.558149337768555,16.61617088317871,ok
LA_D_7393779,15.840954780578613,15.859792709350586,ok
LA_D_7394528,14.8716402053833,14.885581016540527,ok
LA_D_7394757,-8.483078956604004,-8.486760139465332,ok
LA_D_7394778,15.052000999450684,15.074077606201172,ok
LA_D_7395153,21.275508880615234,21.33791160583496,ok
LA_D_7395983,13.183199882507324,13.183130264282227,ok
LA_D_7398116,11.86956787109375,11.884787559509277,ok
LA_D_7398349,13.330815315246582,13.352276802062988,ok
LA_D_7398714,12.93193244934082,12.94011402130127,ok
LA_D_7399269,11.337627410888672,11.377860069274902,ok
LA_D_7399969,15.435857772827148,15.44092845916748,ok
LA_D_7400680,-14.47147274017334,-14.483585357666016,ok
LA_D_7401877,12.053600311279297,12.058552742004395,ok
LA_D_7401894,15.58847427368164,15.613337516784668,ok
LA_D_7401919,11.682632446289062,11.683491706848145,ok
LA_D_7402503,7.950706481933594,7.95454740524292,ok
LA_D_7403376,14.888971328735352,14.91711711883545,ok
LA_D_7404557,14.438218116760254,14.465543746948242,ok
LA_D_7404738,15.466867446899414,15.482317924499512,ok
LA_D_7406865,11.19521427154541,11.1981782913208,ok
LA_D_7407432,-2.9731624126434326,-2.9802398681640625,ok
LA_D_7408100,-10.145980834960938,-10.157113075256348,ok
LA_D_7408392,10.122001647949219,10.123443603515625,ok
LA_D_7409252,17.496091842651367,17.519914627075195,ok
LA_D_7410620,12.449183464050293,12.461466789245605,ok
LA_D_7410931,13.79671859741211,13.843657493591309,ok
LA_D_7411008,11.063087463378906,11.062499046325684,ok
LA_D_7411256,14.853711128234863,14.945391654968262,ok
LA_D_7412100,12.03049373626709,12.054558753967285,ok
LA_D_7414510,15.886828422546387,15.887764930725098,ok
LA_D_7415426,18.73525619506836,18.750675201416016,ok
LA_D_7415755,16.526269912719727,16.561756134033203,ok
LA_D_7415932,13.200053215026855,13.240620613098145,ok
LA_D_7418362,16.359878540039062,16.37023162841797,ok
LA_D_7418963,13.538043975830078,13.539770126342773,ok
LA_D_7419811,7.68644905090332,7.686455726623535,ok
LA_D_7420352,12.525931358337402,12.56912612915039,ok
LA_D_7420382,9.393854141235352,9.402104377746582,ok
LA_D_7421260,17.922035217285156,17.96954917907715,ok
LA_D_7421536,16.014995574951172,16.057769775390625,ok
LA_D_7421940,13.348194122314453,13.351408958435059,ok
LA_D_7421972,15.471724510192871,15.511897087097168,ok
LA_D_7422802,14.647275924682617,14.758330345153809,ok
LA_D_7423342,-14.094378471374512,-14.109236717224121,ok
LA_D_7424751,14.774944305419922,14.778657913208008,ok
LA_D_7425009,12.75199031829834,12.755439758300781,ok
LA_D_7425122,17.3890380859375,17.44234275817871,ok
LA_D_7427303,16.293977737426758,16.30079460144043,ok
LA_D_7428513,-13.856657028198242,-13.888425827026367,ok
LA_D_7428865,16.517353057861328,16.553789138793945,ok
LA_D_7429028,20.89224624633789,20.8991641998291,ok
LA_D_7430270,13.45808219909668,13.472643852233887,ok
LA_D_7430660,11.297645568847656,11.296784400939941,ok
LA_D_7430939,14.32498836517334,14.383292198181152,ok
LA_D_7431648,15.50220775604248,15.500466346740723,ok
LA_D_7431998,15.20170783996582,15.204071044921875,ok
LA_D_7433900,15.386090278625488,15.394030570983887,ok
LA_D_7434265,12.735130310058594,12.757802963256836,ok
LA_D_7435327,14.483925819396973,14.494690895080566,ok
LA_D_7436720,14.019556999206543,14.055436134338379,ok
LA_D_7438016,9.160209655761719,9.158185958862305,ok
LA_D_7439452,13.326175689697266,13.349593162536621,ok
LA_D_7440074,15.041158676147461,15.045353889465332,ok
LA_D_7440389,14.043232917785645,14.06469440460205,ok
LA_D_7442253,15.964338302612305,15.99518871307373,ok
LA_D_7442269,9.52547550201416,9.525519371032715,ok
LA_D_7444518,14.49879264831543,14.546156883239746,ok
LA_D_7445146,15.344352722167969,15.383804321289062,ok
LA_D_7445946,23.859542846679688,23.92849349975586,ok
LA_D_7446128,15.304271697998047,15.332101821899414,ok
LA_D_7447795,13.75927734375,13.759429931640625,ok
LA_D_7448493,9.817224502563477,9.821200370788574,ok
LA_D_7448540,10.043815612792969,10.077363014221191,ok
LA_D_7449021,16.520734786987305,16.539613723754883,ok
LA_D_7449236,-13.944002151489258,-13.944844245910645,ok
LA_D_7450739,-14.478074073791504,-14.49203872680664,ok
LA_D_7451179,10.487332344055176,10.5054292678833,ok
LA_D_7451276,-12.422713279724121,-12.443913459777832,ok
LA_D_7451358,12.733742713928223,12.781508445739746,ok
LA_D_7451364,-9.37289047241211,-9.38722038269043,ok
LA_D_7452217,17.6460018157959,17.69675064086914,ok
LA_D_7453123,16.52475357055664,16.59929084777832,ok
LA_D_7453706,7.515624046325684,7.508686065673828,ok
LA_D_7454687,10.164971351623535,10.184708595275879,ok
LA_D_7455119,-10.083168983459473,-10.147873878479004,ok
LA_D_7456275,15.162858963012695,15.170169830322266,ok
LA_D_7457091,12.678720474243164,12.71609878540039,ok
LA_D_7459319,13.047142028808594,13.11085033416748,ok
LA_D_7460094,14.02932357788086,14.048800468444824,ok
LA_D_7460902,-12.791060447692871,-12.79118537902832,ok
LA_D_7461756,14.897428512573242,14.906733512878418,ok
LA_D_7464280,14.779921531677246,14.800925254821777,ok
LA_D_7464417,14.656102180480957,14.666522026062012,ok
LA_D_7464682,-15.4533052444458,-15.458513259887695,ok
LA_D_7464906,11.27835464477539,11.284451484680176,ok
LA_D_7466640,9.560219764709473,9.56533145904541,ok
LA_D_7466992,18.577899932861328,18.608646392822266,ok
LA_D_7467158,-11.5191068649292,-11.5215482711792,ok
LA_D_7467696,-13.99394702911377,-13.998580932617188,ok
LA_D_7467996,16.620689392089844,16.68419075012207,ok
LA_D_7468306,17.045639038085938,17.06795310974121,ok
LA_D_7468708,15.048616409301758,15.057333946228027,ok
LA_D_7468954,12.660553932189941,12.661206245422363,ok
LA_D_7469397,13.430829048156738,13.452254295349121,ok
LA_D_7470679,12.906293869018555,12.91074275970459,ok
LA_D_7471232,15.317564010620117,15.402909278869629,ok
LA_D_7471560,-14.457069396972656,-14.48728084564209,ok
LA_D_7472227,13.83389663696289,13.840088844299316,ok
LA_D_7473056,20.002857208251953,20.065664291381836,ok
LA_D_7473191,-14.372459411621094,-14.391790390014648,ok
LA_D_7473280,12.583985328674316,12.58518123626709,ok
LA_D_7473607,15.160479545593262,15.161438941955566,ok
LA_D_7473728,12.869792938232422,12.870058059692383,ok
LA_D_7476328,12.69620132446289,12.70169734954834,ok
LA_D_7477006,19.92491912841797,19.946712493896484,ok
LA_D_7478232,8.55682373046875,8.557509422302246,ok
LA_D_7479337,11.391948699951172,11.392001152038574,ok
LA_D_7479581,14.337060928344727,14.338767051696777,ok
LA_D_7479660,16.05986976623535,16.06086540222168,ok
LA_D_7480369,5.649415016174316,5.649556636810303,ok
LA_D_7480903,-6.478538990020752,-6.481895923614502,ok
LA_D_7481545,14.048128128051758,14.059406280517578,ok
LA_D_7481774,16.992910385131836,17.01933479309082,ok
LA_D_7481984,12.853873252868652,12.861865043640137,ok
LA_D_7482285,6.946978569030762,6.947684288024902,ok
LA_D_7482753,11.440130233764648,11.44239330291748,ok
LA_D_7484463,22.387168884277344,22.393091201782227,ok
LA_D_7484552,15.435758590698242,15.460943222045898,ok
LA_D_7484636,12.85763931274414,12.860905647277832,ok
LA_D_7484913,15.755828857421875,15.75578498840332,ok
LA_D_7485630,-13.778892517089844,-13.792572975158691,ok
LA_D_7486320,13.446707725524902,13.476601600646973,ok
LA_D_7487831,14.664231300354004,14.700505256652832,ok
LA_D_7489647,14.402345657348633,14.420671463012695,ok
LA_D_7489677,10.806431770324707,10.812027931213379,ok
LA_D_7490527,11.250134468078613,11.259292602539062,ok
LA_D_7491481,16.92719268798828,16.955354690551758,ok
LA_D_7491886,16.023374557495117,16.024900436401367,ok
LA_D_7493620,11.938077926635742,11.95090103149414,ok
LA_D_7493894,6.055001735687256,6.0548834800720215,ok
LA_D_7496196,-11.177016258239746,-11.185559272766113,ok
LA_D_7496841,8.179332733154297,8.18200397491455,ok
LA_D_7499183,14.089672088623047,14.106650352478027,ok
LA_D_7500473,15.127982139587402,15.146903038024902,ok
LA_D_7501132,14.582117080688477,14.597514152526855,ok
LA_D_7501222,13.956649780273438,13.967534065246582,ok
LA_D_7502624,14.571832656860352,14.581674575805664,ok
LA_D_7503562,14.573740005493164,14.577052116394043,ok
LA_D_7503637,14.279133796691895,14.27940845489502,ok
LA_D_7504069,12.303857803344727,12.310656547546387,ok
LA_D_7504343,10.602384567260742,10.60278034210205,ok
LA_D_7504762,10.949251174926758,10.984968185424805,ok
LA_D_7506025,14.00706958770752,14.052590370178223,ok
LA_D_7506195,19.215810775756836,19.34816551208496,ok
LA_D_7506627,16.62811279296875,16.631006240844727,ok
LA_D_7508544,25.76405906677246,25.810733795166016,ok
LA_D_7509263,14.92030143737793,14.928622245788574,ok
LA_D_7509663,-12.89949893951416,-12.911835670471191,ok
LA_D_7510202,-13.042198181152344,-13.110337257385254,ok
LA_D_7510219,9.128313064575195,9.130963325500488,ok
LA_D_7510776,17.404563903808594,17.41228675842285,ok
LA_D_7510866,18.56675910949707,18.593915939331055,ok
LA_D_7511640,10.607320785522461,10.608840942382812,ok
LA_D_7512294,-10.26147174835205,-10.270905494689941,ok
LA_D_7512399,15.383764266967773,15.452932357788086,ok
LA_D_7516190,14.388318061828613,14.396973609924316,ok
LA_D_7519102,12.845450401306152,12.850359916687012,ok
LA_D_7519937,15.852529525756836,15.860589027404785,ok
LA_D_7519959,13.84332275390625,13.847660064697266,ok
LA_D_7520064,10.300223350524902,10.364624977111816,ok
LA_D_7520400,16.857128143310547,16.884033203125,ok
LA_D_7520496,11.933012962341309,11.94225025177002,ok
LA_D_7521790,14.518125534057617,14.53780746459961,ok
LA_D_7522278,12.773984909057617,12.78571605682373,ok
LA_D_7523717,14.331947326660156,14.332262992858887,ok
LA_D_7524440,14.022807121276855,14.039166450500488,ok
LA_D_7524908,14.565973281860352,14.571585655212402,ok
LA_D_7525010,15.319435119628906,15.326817512512207,ok
LA_D_7525091,16.004148483276367,16.095441818237305,ok
LA_D_7525244,18.372343063354492,18.380815505981445,ok
LA_D_7525926,-12.037920951843262,-12.05739688873291,ok
LA_D_7526293,10.43817138671875,10.44423770904541,ok
LA_D_7526777,9.537786483764648,9.550673484802246,ok
LA_D_7528137,13.93254280090332,13.948492050170898,ok
LA_D_7529258,14.098348617553711,14.253247261047363,ok
LA_D_7529532,16.375770568847656,16.41901206970215,ok
LA_D_7530789,-14.93321418762207,-14.937851905822754,ok
LA_D_7532592,18.099218368530273,18.108606338500977,ok
LA_D_7533258,7.596601963043213,7.58323860168457,ok
LA_D_7533494,17.77876091003418,17.777292251586914,ok
LA_D_7535260,10.013471603393555,10.090481758117676,ok
LA_D_7535853,12.858741760253906,12.864912033081055,ok
LA_D_7536394,8.447368621826172,8.464495658874512,ok
LA_D_7536401,16.015525817871094,16.018619537353516,ok
LA_D_7536830,18.711223602294922,18.777490615844727,ok
LA_D_7537666,15.110631942749023,15.126015663146973,ok
LA_D_7537886,14.607918739318848,14.623692512512207,ok
LA_D_7538760,15.464747428894043,15.466324806213379,ok
LA_D_7540473,13.612421989440918,13.61491584777832,ok
LA_D_7541122,10.856793403625488,10.892521858215332,ok
LA_D_7542569,-13.142863273620605,-13.14509105682373,ok
LA_D_7543704,15.738823890686035,15.743340492248535,ok
LA_D_7543928,12.98157787322998,13.005316734313965,ok
LA_D_7544809,13.300322532653809,13.301946640014648,ok
LA_D_7546312,17.758285522460938,17.785673141479492,ok
LA_D_7546610,12.483052253723145,12.494441032409668,ok
LA_D_7547533,16.546791076660156,16.623056411743164,ok
LA_D_7549839,13.44017505645752,13.43934154510498,ok
LA_D_7550546,-14.292696952819824,-14.31550121307373,ok
LA_D_7550549,9.708257675170898,9.709980964660645,ok
LA_D_7550680,13.109138488769531,13.124436378479004,ok
LA_D_7551227,11.986613273620605,11.9884672164917,ok
LA_D_7551589,10.522372245788574,10.54652214050293,ok
LA_D_7551987,19.28974723815918,19.297903060913086,ok
LA_D_7552298,14.561270713806152,14.569499969482422,ok
LA_D_7552379,12.947922706604004,12.96838092803955,ok
LA_D_7554584,16.00800895690918,16.01422119140625,ok
LA_D_7554684,16.75739860534668,16.761178970336914,ok
LA_D_7555845,14.11752986907959,14.133170127868652,ok
LA_D_7555962,12.87360668182373,12.874463081359863,ok
LA_D_7556397,-12.39907169342041,-12.400187492370605,ok
LA_D_7557700,14.377379417419434,14.382146835327148,ok
LA_D_7558312,16.333274841308594,16.387203216552734,ok
LA_D_7558612,11.103859901428223,11.110507011413574,ok
LA_D_7559932,15.226533889770508,15.233858108520508,ok
LA_D_7560065,5.7852678298950195,5.7890944480896,ok
LA_D_7560590,-13.625704765319824,-13.633057594299316,ok
LA_D_7560677,17.11846160888672,17.146631240844727,ok
LA_D_7560734,11.059886932373047,11.0628080368042,ok
LA_D_7562190,-13.128829002380371,-13.14244556427002,ok
LA_D_7562908,13.650079727172852,13.656990051269531,ok
LA_D_7562913,15.419692993164062,15.426008224487305,ok
LA_D_7563022,14.69548225402832,14.728803634643555,ok
LA_D_7563550,16.55312728881836,16.575666427612305,ok
LA_D_7563714,17.316261291503906,17.334232330322266,ok
LA_D_7564052,12.2776517868042,12.296732902526855,ok
LA_D_7564617,16.272977828979492,16.292606353759766,ok
LA_D_7564800,13.989706993103027,14.012142181396484,ok
LA_D_7565415,13.358284950256348,13.36900806427002,ok
LA_D_7566925,-14.621740341186523,-14.667685508728027,ok
LA_D_7567281,11.07083797454834,11.076460838317871,ok
LA_D_7567334,11.375548362731934,11.388994216918945,ok
LA_D_7567821,9.765588760375977,9.768162727355957,ok
LA_D_7568059,8.078970909118652,8.080328941345215,ok
LA_D_7568962,13.135247230529785,13.135998725891113,ok
LA_D_7569481,14.464688301086426,14.464025497436523,ok
LA_D_7570554,-12.996427536010742,-12.996525764465332,ok
LA_D_7570899,-16.165218353271484,-16.1672306060791,ok
LA_D_7571658,11.115443229675293,11.12486743927002,ok
LA_D_7572295,12.40125560760498,12.401905059814453,ok
LA_D_7573124,14.958233833312988,14.96446418762207,ok
LA_D_7573833,14.847963333129883,14.851552963256836,ok
LA_D_7574071,11.484138488769531,11.484801292419434,ok
LA_D_7574255,16.50153160095215,16.540159225463867,ok
LA_D_7575592,12.536698341369629,12.541635513305664,ok
LA_D_7575803,13.725665092468262,13.803945541381836,ok
LA_D_7575877,13.924545288085938,13.931206703186035,ok
LA_D_7576905,14.354693412780762,14.37818431854248,ok
LA_D_7577366,16.780149459838867,16.815370559692383,ok
LA_D_7577850,17.91843032836914,17.968172073364258,ok
LA_D_7579833,12.286258697509766,12.36899471282959,ok
LA_D_7579942,11.049094200134277,11.05019474029541,ok
LA_D_7581183,10.701273918151855,10.706891059875488,ok
LA_D_7584788,15.92767333984375,15.92740535736084,ok
LA_D_7585893,15.393004417419434,15.429858207702637,ok
LA_D_7587942,18.06397819519043,18.104646682739258,ok
LA_D_7588199,15.583189964294434,15.636284828186035,ok
LA_D_7588214,5.237376689910889,5.234852313995361,ok
LA_D_7588829,15.023245811462402,15.09179401397705,ok
LA_D_7588911,16.63352394104004,16.644460678100586,ok
LA_D_7590299,5.8780198097229,5.874755382537842,ok
LA_D_7591062,12.169032096862793,12.219433784484863,ok
LA_D_7591549,18.531335830688477,18.572145462036133,ok
LA_D_7592898,7.635913848876953,7.647196292877197,ok
LA_D_7594892,-14.12393569946289,-14.127087593078613,ok
LA_D_7595396,20.0906925201416,20.1224308013916,ok
LA_D_7595937,13.204237937927246,13.205537796020508,ok
LA_D_7596547,18.88114356994629,18.89191246032715,ok
LA_D_7596579,-12.316311836242676,-12.330757141113281,ok
LA_D_7596619,-15.012907981872559,-15.035085678100586,ok
LA_D_7597147,13.97610855102539,13.992898941040039,ok
LA_D_7598446,18.08797836303711,18.098350524902344,ok
LA_D_7599548,12.639269828796387,12.657240867614746,ok
LA_D_7599571,17.31130027770996,17.322832107543945,ok
LA_D_7599610,11.196805000305176,11.21336555480957,ok
LA_D_7600381,-9.232847213745117,-9.234208106994629,ok
LA_D_7601827,14.200834274291992,14.218339920043945,ok
LA_D_7603558,15.496112823486328,15.52628231048584,ok
LA_D_7603562,13.242875099182129,13.2471342086792,ok
LA_D_7604548,12.709446907043457,12.760258674621582,ok
LA_D_7604669,12.871818542480469,12.90368366241455,ok
LA_D_7605047,-12.210198402404785,-12.227887153625488,ok
LA_D_7605675,15.121977806091309,15.15463638305664,ok
LA_D_7605953,-12.306196212768555,-12.306214332580566,ok
LA_D_7606081,12.46337604522705,12.470280647277832,ok
LA_D_7606254,14.131138801574707,14.146918296813965,ok
LA_D_7607538,11.835944175720215,11.842925071716309,ok
LA_D_7607582,9.322020530700684,9.32990550994873,ok
LA_D_7608424,14.876276016235352,14.899432182312012,ok
LA_D_7608750,14.474535942077637,14.47516918182373,ok
LA_D_7608776,13.028181076049805,13.040748596191406,ok
LA_D_7611234,16.583072662353516,16.6051082611084,ok
LA_D_7611530,10.113531112670898,10.113143920898438,ok
LA_D_7611990,-14.063837051391602,-14.10478687286377,ok
LA_D_7612992,14.905210494995117,14.94305419921875,ok
LA_D_7613584,14.73662281036377,14.772600173950195,ok
LA_D_7614264,9.834824562072754,9.841826438903809,ok
LA_D_7614468,10.14311695098877,10.144478797912598,ok
LA_D_7614935,12.132712364196777,12.17502212524414,ok
LA_D_7615134,10.265291213989258,10.272604942321777,ok
LA_D_7616056,14.177088737487793,14.184269905090332,ok
LA_D_7616531,12.636280059814453,12.636279106140137,ok
LA_D_7616866,13.579340934753418,13.60405445098877,ok
LA_D_7618520,5.765832424163818,5.767582416534424,ok
LA_D_7618637,-13.492280006408691,-13.56252670288086,ok
LA_D_7618965,11.517305374145508,11.517939567565918,ok
LA_D_7620039,11.516073226928711,11.523026466369629,ok
LA_D_7620311,9.927067756652832,9.927553176879883,ok
LA_D_7621816,11.493682861328125,11.502394676208496,ok
LA_D_7622887,13.950136184692383,14.036303520202637,ok
LA_D_7623214,9.768704414367676,9.769275665283203,ok
LA_D_7623757,16.76386833190918,16.78394889831543,ok
LA_D_7625011,18.271156311035156,18.274839401245117,ok
LA_D_7625238,17.130292892456055,17.137741088867188,ok
LA_D_7626133,19.092266082763672,19.10417366027832,ok
LA_D_7626873,10.435807228088379,10.437980651855469,ok
LA_D_7627638,16.021602630615234,16.03902244567871,ok
LA_D_7627669,12.5621919631958,12.562514305114746,ok
LA_D_7628095,18.36919593811035,18.41292381286621,ok
LA_D_7628615,9.413963317871094,9.446944236755371,ok
LA_D_7628970,15.844614028930664,15.869210243225098,ok
LA_D_7629070,13.158491134643555,13.159621238708496,ok
LA_D_7629200,16.047584533691406,16.067546844482422,ok
LA_D_7630499,13.928664207458496,13.93138599395752,ok
LA_D_7631811,13.06441879272461,13.067195892333984,ok
LA_D_7632057,8.152419090270996,8.162232398986816,ok
LA_D_7632221,15.390968322753906,15.458962440490723,ok
LA_D_7634407,11.606986045837402,11.631470680236816,ok
LA_D_7635520,16.74043846130371,16.77155876159668,ok
LA_D_7635942,11.767250061035156,11.77895450592041,ok
LA_D_7640331,16.50851058959961,16.512468338012695,ok
LA_D_7640908,10.1981201171875,10.20101547241211,ok
LA_D_7640990,-14.283928871154785,-14.310853004455566,ok
LA_D_7641113,14.36194133758545,14.370647430419922,ok
LA_D_7641447,13.819518089294434,13.822915077209473,ok
LA_D_7643557,17.06770896911621,17.082138061523438,ok
LA_D_7643772,14.211930274963379,14.215192794799805,ok
LA_D_7643858,6.248370170593262,6.263679504394531,ok
LA_D_7643950,14.803312301635742,14.810724258422852,ok
LA_D_7644072,14.055447578430176,14.067313194274902,ok
LA_D_7644378,14.902168273925781,14.911587715148926,ok
LA_D_7645542,14.221959114074707,14.240119934082031,ok
LA_D_7647218,16.37571907043457,16.442663192749023,ok
LA_D_7647812,-15.560321807861328,-15.571586608886719,ok
LA_D_7647841,16.339027404785156,16.34673500061035,ok
LA_D_7647923,16.933164596557617,16.937898635864258,ok
LA_D_7650371,14.53652572631836,14.701491355895996,ok
LA_D_7651024,16.34993553161621,16.353771209716797,ok
LA_D_7651671,-10.690566062927246,-10.697501182556152,ok
LA_D_7652023,13.08170223236084,13.126997947692871,ok
LA_D_7655235,17.85541534423828,17.858640670776367,ok
LA_D_7655266,10.14201545715332,10.140862464904785,ok
LA_D_7655279,12.997937202453613,13.007157325744629,ok
LA_D_7655377,13.791733741760254,13.7930269241333,ok
LA_D_7655527,14.92063045501709,14.920641899108887,ok
LA_D_7656709,9.818406105041504,9.819158554077148,ok
LA_D_7656827,16.245460510253906,16.34316062927246,ok
LA_D_7657304,16.657068252563477,16.667951583862305,ok
LA_D_7659039,18.439983367919922,18.462087631225586,ok
LA_D_7659121,18.01316261291504,18.019006729125977,ok
LA_D_7660152,18.882308959960938,18.918426513671875,ok
LA_D_7660511,18.006168365478516,18.018613815307617,ok
LA_D_7660720,9.757944107055664,9.75844669342041,ok
LA_D_7661091,12.939467430114746,12.946473121643066,ok
LA_D_7661298,13.911049842834473,13.923274993896484,ok
LA_D_7661318,10.649069786071777,10.656412124633789,ok
LA_D_7661904,14.601395606994629,14.613448143005371,ok
LA_D_7662648,15.655146598815918,15.662094116210938,ok
LA_D_7663034,17.918766021728516,18.005687713623047,ok
LA_D_7663086,10.88443374633789,10.882840156555176,ok
LA_D_7663996,9.323501586914062,9.328100204467773,ok
LA_D_7664409,15.745585441589355,15.769083023071289,ok
LA_D_7664602,13.529008865356445,13.545982360839844,ok
LA_D_7664721,11.7974853515625,11.848333358764648,ok
LA_D_7664865,16.29018783569336,16.44148826599121,ok
LA_D_7665160,15.754664421081543,15.761597633361816,ok
LA_D_7666735,17.886940002441406,17.922149658203125,ok
LA_D_7667125,16.940834045410156,16.94230079650879,ok
LA_D_7667637,13.68050765991211,13.700860023498535,ok
LA_D_7668402,11.759170532226562,11.808480262756348,ok
LA_D_7669397,15.02245807647705,15.030327796936035,ok
LA_D_7670870,12.82662582397461,12.851134300231934,ok
LA_D_7672778,9.923097610473633,9.956232070922852,ok
LA_D_7673323,7.236985683441162,7.245119571685791,ok
LA_D_7674419,13.692716598510742,13.818734169006348,ok
LA_D_7674620,19.441787719726562,19.44224739074707,ok
LA_D_7675126,13.464743614196777,13.47056770324707,ok
LA_D_7677736,14.081684112548828,14.109519004821777,ok
LA_D_7678069,16.371479034423828,16.385663986206055,ok
LA_D_7678162,18.244035720825195,18.28118896484375,ok
LA_D_7679169,-13.392745018005371,-13.398457527160645,ok
LA_D_7679219,19.494800567626953,19.49532699584961,ok
LA_D_7679395,15.782008171081543,15.781363487243652,ok
LA_D_7679781,14.777341842651367,14.777424812316895,ok
LA_D_7680436,10.332107543945312,10.333998680114746,ok
LA_D_7680881,18.362607955932617,18.381601333618164,ok
LA_D_7681644,15.103693962097168,15.098322868347168,ok
LA_D_7681851,15.331544876098633,15.38417911529541,ok
LA_D_7682953,-13.512752532958984,-13.546772956848145,ok
LA_D_7683536,17.912961959838867,17.977680206298828,ok
LA_D_7684667,15.15216064453125,15.192334175109863,ok
LA_D_7684971,16.59517478942871,16.65929412841797,ok
LA_D_7685864,14.871490478515625,14.869518280029297,ok
LA_D_7687575,17.595964431762695,17.64154624938965,ok
LA_D_7688135,15.993767738342285,16.056785583496094,ok
LA_D_7689936,17.086164474487305,17.145784378051758,ok
LA_D_7690544,11.323936462402344,11.334117889404297,ok
LA_D_7690918,12.467419624328613,12.485121726989746,ok
LA_D_7691716,12.442971229553223,12.507412910461426,ok
LA_D_7692183,10.934097290039062,10.944724082946777,ok
LA_D_7693345,16.962997436523438,16.996248245239258,ok
LA_D_7693912,7.913620948791504,7.909179210662842,ok
LA_D_7694154,16.780475616455078,16.78993797302246,ok
LA_D_7694213,18.60356330871582,18.667192459106445,ok
LA_D_7697515,13.24955940246582,13.28459358215332,ok
LA_D_7698637,16.345680236816406,16.360475540161133,ok
LA_D_7702151,14.113465309143066,14.113694190979004,ok
LA_D_7702883,14.344286918640137,14.346795082092285,ok
LA_D_7703631,16.526920318603516,16.554288864135742,ok
LA_D_7704331,12.058883666992188,12.059698104858398,ok
LA_D_7704814,15.53625774383545,15.578782081604004,ok
LA_D_7704954,-14.988405227661133,-14.999390602111816,ok
LA_D_7705939,14.557747840881348,14.585282325744629,ok
LA_D_7705946,13.0128812789917,13.034550666809082,ok
LA_D_7707569,14.510613441467285,14.514719009399414,ok
LA_D_7707754,-12.602542877197266,-12.61281681060791,ok
LA_D_7708338,16.15056037902832,16.182836532592773,ok
LA_D_7711223,16.83418083190918,16.901214599609375,ok
LA_D_7711351,9.029598236083984,9.051538467407227,ok
LA_D_7711976,7.776383876800537,7.778136253356934,ok
LA_D_7712763,14.42843246459961,14.44530963897705,ok
LA_D_7712887,16.843870162963867,17.093767166137695,ok
LA_D_7712944,11.668872833251953,11.674936294555664,ok
LA_D_7714440,16.145280838012695,16.197132110595703,ok
LA_D_7717790,13.105234146118164,13.103628158569336,ok
LA_D_7718050,-13.241297721862793,-13.243725776672363,ok
LA_D_7718079,-12.418753623962402,-12.439742088317871,ok
LA_D_7718364,-11.466391563415527,-11.467270851135254,ok
LA_D_7719213,13.49615478515625,13.569785118103027,ok
LA_D_7720126,-14.372271537780762,-14.426712036132812,ok
LA_D_7720647,15.011600494384766,15.068253517150879,ok
LA_D_7721121,13.635746002197266,13.637794494628906,ok
LA_D_7721167,13.67031192779541,13.701373100280762,ok
LA_D_7723211,16.016536712646484,16.023080825805664,ok
LA_D_7723352,15.53396987915039,15.533719062805176,ok
LA_D_7724545,12.899677276611328,12.900641441345215,ok
LA_D_7724772,-12.87201976776123,-12.877144813537598,ok
LA_D_7725114,13.285118103027344,13.305248260498047,ok
LA_D_7726114,-10.856026649475098,-10.866406440734863,ok
LA_D_7728140,12.803890228271484,12.80420207977295,ok
LA_D_7731461,21.299793243408203,21.314037322998047,ok
LA_D_7731909,-15.133758544921875,-15.15539264678955,ok
LA_D_7733072,17.086688995361328,17.082679748535156,ok
LA_D_7733474,12.64051342010498,12.68631649017334,ok
LA_D_7734402,11.133787155151367,11.133437156677246,ok
LA_D_7734687,16.0952091217041,16.396879196166992,ok
LA_D_7735219,13.446508407592773,13.57254695892334,ok
LA_D_7735847,13.739514350891113,13.793061256408691,ok
LA_D_7736037,15.329264640808105,15.375298500061035,ok
LA_D_7736331,14.608560562133789,14.661513328552246,ok
LA_D_7736435,15.90983772277832,15.917255401611328,ok
LA_D_7736497,13.498404502868652,13.515474319458008,ok
LA_D_7736692,17.11383628845215,17.140989303588867,ok
LA_D_7738175,10.10192584991455,10.116695404052734,ok
LA_D_7738182,10.13339614868164,10.154789924621582,ok
LA_D_7738912,14.71671199798584,14.739439010620117,ok
LA_D_7739036,10.794651985168457,10.796125411987305,ok
LA_D_7740163,13.778985977172852,13.811273574829102,ok
LA_D_7740262,18.952821731567383,18.977436065673828,ok
LA_D_7741491,16.16387939453125,16.178247451782227,ok
LA_D_7742306,14.825800895690918,14.837010383605957,ok
LA_D_7742793,12.29990005493164,12.374136924743652,ok
LA_D_7743189,8.762173652648926,8.766556739807129,ok
LA_D_7743470,13.17052173614502,13.225936889648438,ok
LA_D_7744376,12.885954856872559,12.890213966369629,ok
LA_D_7745862,13.538738250732422,13.551016807556152,ok
LA_D_7747702,9.984563827514648,9.987424850463867,ok
LA_D_7748160,22.357141494750977,22.366483688354492,ok
LA_D_7748254,13.953697204589844,13.975558280944824,ok
LA_D_7748381,26.404691696166992,26.425203323364258,ok
LA_D_7748502,10.249493598937988,10.257916450500488,ok
LA_D_7748664,14.949177742004395,14.968256950378418,ok
LA_D_7750101,12.11698055267334,12.143880844116211,ok
LA_D_7750113,14.366436004638672,14.374307632446289,ok
LA_D_7750829,15.673564910888672,15.687503814697266,ok
LA_D_7752556,9.651287078857422,9.658001899719238,ok
LA_D_7753521,-14.160761833190918,-14.211491584777832,ok
LA_D_7753669,10.80777645111084,10.808045387268066,ok
LA_D_7754957,10.945330619812012,10.945788383483887,ok
LA_D_7755104,17.809589385986328,17.811494827270508,ok
LA_D_7756238,14.548473358154297,14.552790641784668,ok
LA_D_7757055,10.228169441223145,10.230021476745605,ok
LA_D_7757173,13.523507118225098,13.572782516479492,ok
LA_D_7759688,13.518426895141602,13.521965026855469,ok
LA_D_7760363,11.75527572631836,11.755101203918457,ok
LA_D_7760476,14.406572341918945,14.412371635437012,ok
LA_D_7760578,-14.595911026000977,-14.63283920288086,ok
LA_D_7760924,9.543212890625,9.54727554321289,ok
LA_D_7761946,16.206926345825195,16.23818016052246,ok
LA_D_7763323,13.222132682800293,13.219231605529785,ok
LA_D_7763354,12.110401153564453,12.111786842346191,ok
LA_D_7763874,9.553629875183105,9.563508033752441,ok
LA_D_7764203,9.870926856994629,9.915974617004395,ok
LA_D_7764747,12.461533546447754,12.499045372009277,ok
LA_D_7765088,-15.823615074157715,-15.835871696472168,ok
LA_D_7765457,14.601861000061035,14.616270065307617,ok
LA_D_7766550,12.786886215209961,12.790860176086426,ok
LA_D_7766576,15.187644004821777,15.210055351257324,ok
LA_D_7768185,3.8516063690185547,3.8509786128997803,ok
LA_D_7768286,13.933618545532227,13.998710632324219,ok
LA_D_7769275,11.160489082336426,11.167552947998047,ok
LA_D_7769896,14.478949546813965,14.480692863464355,ok
LA_D_7770558,13.267226219177246,13.28134822845459,ok
LA_D_7771073,17.197996139526367,17.318761825561523,ok
LA_D_7771621,15.01473331451416,15.044751167297363,ok
LA_D_7772478,9.928664207458496,9.9612398147583,ok
LA_D_7772523,17.15019416809082,17.178525924682617,ok
LA_D_7772989,18.535938262939453,18.57612419128418,ok
LA_D_7773434,8.496310234069824,8.509642601013184,ok
LA_D_7773540,16.452760696411133,16.456798553466797,ok
LA_D_7773583,19.838180541992188,19.85230827331543,ok
LA_D_7773769,14.660282135009766,14.667852401733398,ok
LA_D_7774259,15.135176658630371,15.158581733703613,ok
LA_D_7774318,14.073763847351074,14.07115364074707,ok
LA_D_7774346,12.77708625793457,12.836058616638184,ok
LA_D_7775067,14.439652442932129,14.45616340637207,ok
LA_D_7775116,13.051902770996094,13.085556030273438,ok
LA_D_7775830,15.709811210632324,15.718202590942383,ok
LA_D_7775873,14.946878433227539,15.004755973815918,ok
LA_D_7780225,12.765702247619629,12.768450736999512,ok
LA_D_7783081,11.22136116027832,11.22484302520752,ok
LA_D_7783250,-14.419355392456055,-14.42307186126709,ok
LA_D_7783288,-11.686257362365723,-11.737946510314941,ok
LA_D_7783712,-15.073616981506348,-15.127878189086914,ok
LA_D_7784081,15.721582412719727,15.729206085205078,ok
LA_D_7784356,14.844910621643066,14.891509056091309,ok
LA_D_7784995,19.4250545501709,19.465970993041992,ok
LA_D_7785816,18.953222274780273,19.050031661987305,ok
LA_D_7786100,15.708136558532715,15.710246086120605,ok
LA_D_7789202,12.963797569274902,13.03077220916748,ok
LA_D_7789272,5.444326877593994,5.4496636390686035,ok
LA_D_7789532,14.632225036621094,14.654160499572754,ok
LA_D_7790850,-16.24414825439453,-16.276052474975586,ok
LA_D_7792362,10.850750923156738,10.874608039855957,ok
LA_D_7792652,14.009689331054688,14.012993812561035,ok
LA_D_7792788,12.154539108276367,12.155316352844238,ok
LA_D_7793474,17.37652587890625,17.4157772064209,ok
LA_D_7793940,15.00266170501709,15.008086204528809,ok
LA_D_7794367,12.334668159484863,12.35346508026123,ok
LA_D_7794776,13.926895141601562,13.969630241394043,ok
LA_D_7795388,13.398619651794434,13.413549423217773,ok
LA_D_7795831,12.616048812866211,12.663022994995117,ok
LA_D_7796753,-15.341503143310547,-15.350762367248535,ok
LA_D_7796964,13.88547420501709,13.88562297821045,ok
LA_D_7798691,14.720701217651367,14.724017143249512,ok
LA_D_7799234,14.836541175842285,14.86746883392334,ok
LA_D_7800026,8.885391235351562,8.887149810791016,ok
LA_D_7800270,16.19994354248047,16.24065589904785,ok
LA_D_7801572,4.086803913116455,4.0973687171936035,ok
LA_D_7803058,19.089221954345703,19.09004783630371,ok
LA_D_7803358,14.739296913146973,14.73918342590332,ok
LA_D_7803428,14.063995361328125,14.067212104797363,ok
LA_D_7803538,13.75839900970459,13.830784797668457,ok
LA_D_7804582,15.971086502075195,15.971091270446777,ok
LA_D_7804785,14.858622550964355,14.873610496520996,ok
LA_D_7805571,7.5493927001953125,7.552186965942383,ok
LA_D_7806158,12.723793983459473,12.731104850769043,ok
LA_D_7806943,13.95488166809082,14.000887870788574,ok
LA_D_7808217,16.881526947021484,16.921998977661133,ok
LA_D_7809381,13.263360023498535,13.277925491333008,ok
LA_D_7810138,11.321846961975098,11.32313060760498,ok
LA_D_7810535,11.577043533325195,11.616495132446289,ok
LA_D_7812846,15.655223846435547,15.687755584716797,ok
LA_D_7813172,12.123801231384277,12.158156394958496,ok
LA_D_7813228,-10.528643608093262,-10.52993106842041,ok
LA_D_7813614,23.17666244506836,23.28251838684082,ok
LA_D_7815618,14.988351821899414,15.008340835571289,ok
LA_D_7821144,17.830251693725586,17.898536682128906,ok
LA_D_7821302,14.16104507446289,14.16242790222168,ok
LA_D_7822260,-14.945342063903809,-14.973870277404785,ok
LA_D_7822867,11.913641929626465,11.917439460754395,ok
LA_D_7823248,11.746025085449219,11.745902061462402,ok
LA_D_7823985,18.450233459472656,18.463668823242188,ok
LA_D_7824275,11.377143859863281,11.3803129196167,ok
LA_D_7824549,14.141955375671387,14.148622512817383,ok
LA_D_7824709,10.356646537780762,10.367562294006348,ok
LA_D_7825070,16.9315185546875,16.930660247802734,ok
LA_D_7826604,16.16124153137207,16.17679786682129,ok
LA_D_7827911,11.94711971282959,11.964186668395996,ok
LA_D_7828554,16.152212142944336,16.16901206970215,ok
LA_D_7828929,15.588908195495605,15.619002342224121,ok
LA_D_7829453,15.07785415649414,15.096278190612793,ok
LA_D_7831531,13.371906280517578,13.380037307739258,ok
LA_D_7832705,17.609619140625,17.65428924560547,ok
LA_D_7833173,10.87421703338623,10.916903495788574,ok
LA_D_7833826,21.245925903320312,21.26620864868164,ok
LA_D_7834333,11.250994682312012,11.266865730285645,ok
LA_D_7834454,15.388762474060059,15.493420600891113,ok
LA_D_7836235,14.03161907196045,14.024778366088867,ok
LA_D_7836755,11.1093111038208,11.144381523132324,ok
LA_D_7836916,-4.468216419219971,-4.4738450050354,ok
LA_D_7836942,17.082874298095703,17.126209259033203,ok
LA_D_7837262,18.302593231201172,18.325471878051758,ok
LA_D_7839744,18.320751190185547,18.335378646850586,ok
LA_D_7840753,13.869881629943848,13.86989688873291,ok
LA_D_7841911,-16.42057991027832,-16.438838958740234,ok
LA_D_7843372,16.72805404663086,16.754131317138672,ok
LA_D_7843877,10.605315208435059,10.61544418334961,ok
LA_D_7845355,13.990093231201172,14.161069869995117,ok
LA_D_7845923,15.316463470458984,15.324262619018555,ok
LA_D_7847128,17.455322265625,17.51776695251465,ok
LA_D_7852940,13.842802047729492,13.88448429107666,ok
LA_D_7853660,18.95868492126465,18.959962844848633,ok
LA_D_7853908,12.1289701461792,12.128729820251465,ok
LA_D_7855371,11.846718788146973,11.848467826843262,ok
LA_D_7856417,13.973199844360352,13.976840019226074,ok
LA_D_7858202,10.63857650756836,10.663286209106445,ok
LA_D_7858791,12.948945045471191,12.979565620422363,ok
LA_D_7860380,2.9778034687042236,2.9925434589385986,ok
LA_D_7861602,17.136898040771484,17.173952102661133,ok
LA_D_7862876,17.56477165222168,17.58485221862793,ok
LA_D_7863446,11.11938762664795,11.117596626281738,ok
LA_D_7863940,11.106393814086914,11.110767364501953,ok
LA_D_7864167,17.08605194091797,17.13201904296875,ok
LA_D_7865378,12.153677940368652,12.175995826721191,ok
LA_D_7866293,16.11587142944336,16.12358856201172,ok
LA_D_7866849,-6.145151138305664,-6.1887383460998535,ok
LA_D_7870160,-15.403613090515137,-15.434017181396484,ok
LA_D_7870262,18.29075050354004,18.307308197021484,ok
LA_D_7870469,17.848512649536133,17.846948623657227,ok
LA_D_7871009,-15.682540893554688,-15.704010963439941,ok
LA_D_7871600,9.468843460083008,9.482067108154297,ok
LA_D_7872579,14.587138175964355,14.58834171295166,ok
LA_D_7874275,-13.097939491271973,-13.122905731201172,ok
LA_D_7874436,14.39796257019043,14.436259269714355,ok
LA_D_7877117,14.937078475952148,14.93903636932373,ok
LA_D_7878130,14.920433044433594,14.938316345214844,ok
LA_D_7878150,8.75102424621582,8.755356788635254,ok
LA_D_7879955,-11.745867729187012,-11.756088256835938,ok
LA_D_7880514,15.121373176574707,15.128787994384766,ok
LA_D_7880553,10.823342323303223,10.826319694519043,ok
LA_D_7882779,12.479491233825684,12.519038200378418,ok
LA_D_7882957,14.276641845703125,14.27673625946045,ok
LA_D_7883377,-11.029229164123535,-11.037928581237793,ok
LA_D_7883460,14.551046371459961,14.577988624572754,ok
LA_D_7884675,15.494952201843262,15.510218620300293,ok
LA_D_7887063,17.961589813232422,17.964521408081055,ok
LA_D_7887508,16.629247665405273,16.644166946411133,ok
LA_D_7888661,9.018247604370117,9.019574165344238,ok
LA_D_7890490,8.44019603729248,8.468528747558594,ok
LA_D_7891516,20.37964630126953,20.386428833007812,ok
LA_D_7891639,15.545443534851074,15.591660499572754,ok
LA_D_7891889,16.69167709350586,16.72279167175293,ok
LA_D_7892017,12.491910934448242,12.504094123840332,ok
LA_D_7893531,12.246193885803223,12.247541427612305,ok
LA_D_7893603,9.89099407196045,9.897833824157715,ok
LA_D_7894097,13.68301010131836,13.68836498260498,ok
LA_D_7895930,20.261398315429688,20.444530487060547,ok
LA_D_7895951,11.836040496826172,11.83631420135498,ok
LA_D_7896930,14.955002784729004,15.019474983215332,ok
LA_D_7898281,17.141740798950195,17.173311233520508,ok
LA_D_7900629,14.883389472961426,14.924077987670898,ok
LA_D_7901021,-16.401411056518555,-16.410985946655273,ok
LA_D_7901168,13.56792163848877,13.72236442565918,ok
LA_D_7901390,12.620284080505371,12.622184753417969,ok
LA_D_7901552,13.83181095123291,13.840760231018066,ok
LA_D_7901691,14.035372734069824,14.066073417663574,ok
LA_D_7903297,14.683906555175781,14.682233810424805,ok
LA_D_7903763,17.559110641479492,17.72062110900879,ok
LA_D_7904161,15.124836921691895,15.139801979064941,ok
LA_D_7904343,14.691617012023926,14.701431274414062,ok
LA_D_7905314,12.78188705444336,12.789813995361328,ok
LA_D_7905993,12.811079978942871,12.822243690490723,ok
LA_D_7906477,12.69675350189209,12.724696159362793,ok
LA_D_7906665,12.923794746398926,12.94899845123291,ok
LA_D_7906750,15.692315101623535,15.698196411132812,ok
LA_D_7907328,14.640567779541016,14.66669750213623,ok
LA_D_7907493,11.925729751586914,11.992186546325684,ok
LA_D_7907871,14.974723815917969,14.997611045837402,ok
LA_D_7909240,15.002413749694824,15.079729080200195,ok
LA_D_7910632,17.70452117919922,17.718963623046875,ok
LA_D_7912035,15.603058815002441,15.708053588867188,ok
LA_D_7912198,14.14832592010498,14.216228485107422,ok
LA_D_7912208,12.484435081481934,12.500597953796387,ok
LA_D_7915757,16.30386734008789,16.4443302154541,ok
LA_D_7916323,9.844969749450684,9.887063980102539,ok
LA_D_7918457,16.058374404907227,16.20983123779297,ok
LA_D_7918811,15.219888687133789,15.235219955444336,ok
LA_D_7919147,13.201434135437012,13.213852882385254,ok
LA_D_7919190,-13.483987808227539,-13.502272605895996,ok
LA_D_7920014,10.9576997756958,10.995392799377441,ok
LA_D_7920083,17.096961975097656,17.15130043029785,ok
LA_D_7920196,5.264871120452881,5.271941184997559,ok
LA_D_7922506,11.654854774475098,11.667107582092285,ok
LA_D_7922604,17.378253936767578,17.40217399597168,ok
LA_D_7922711,12.497660636901855,12.497403144836426,ok
LA_D_7925481,16.166805267333984,16.174692153930664,ok
LA_D_7927430,15.49024486541748,15.520371437072754,ok
LA_D_7928225,7.205802917480469,7.209540843963623,ok
LA_D_7930498,13.964866638183594,13.984001159667969,ok
LA_D_7931400,17.502687454223633,17.535669326782227,ok
LA_D_7931644,12.07766342163086,12.078240394592285,ok
LA_D_7932133,12.188063621520996,12.195969581604004,ok
LA_D_7932134,17.03049087524414,17.364717483520508,ok
LA_D_7932767,14.515708923339844,14.576106071472168,ok
LA_D_7933136,14.568499565124512,14.581559181213379,ok
LA_D_7933208,-13.952204704284668,-13.95949935913086,ok
LA_D_7934417,13.893051147460938,13.904175758361816,ok
LA_D_7936437,11.779219627380371,11.779669761657715,ok
LA_D_7937424,14.915959358215332,14.942778587341309,ok
LA_D_7937903,18.72049331665039,18.723024368286133,ok
LA_D_7938162,10.890003204345703,10.896331787109375,ok
LA_D_7939810,16.215747833251953,16.224882125854492,ok
LA_D_7940727,8.401572227478027,8.408355712890625,ok
LA_D_7941843,17.945175170898438,18.07050132751465,ok
LA_D_7942115,13.39037799835205,13.411396980285645,ok
LA_D_7944594,16.634260177612305,16.662599563598633,ok
LA_D_7944625,-8.522594451904297,-8.562819480895996,ok
LA_D_7945750,15.829466819763184,15.920329093933105,ok
LA_D_7946330,16.802141189575195,16.854215621948242,ok
LA_D_7947630,12.66136646270752,12.686086654663086,ok
LA_D_7948287,17.754697799682617,17.789819717407227,ok
LA_D_7949260,11.509479522705078,11.519792556762695,ok
LA_D_7950517,12.286774635314941,12.3071870803833,ok
LA_D_7952081,17.685068130493164,17.705472946166992,ok
LA_D_7953159,13.325250625610352,13.353468894958496,ok
LA_D_7953344,15.978327751159668,15.990340232849121,ok
LA_D_7953471,12.512778282165527,12.529446601867676,ok
LA_D_7954147,9.125134468078613,9.123015403747559,ok
LA_D_7954380,18.27823257446289,18.31495475769043,ok
LA_D_7955580,13.885358810424805,13.896750450134277,ok
LA_D_7957109,11.371994972229004,11.395761489868164,ok
LA_D_7957211,-12.149277687072754,-12.183287620544434,ok
LA_D_7957664,9.76290512084961,9.778254508972168,ok
LA_D_7958457,12.070507049560547,12.074167251586914,ok
LA_D_7958461,7.25186014175415,7.268183708190918,ok
LA_D_7959836,12.400968551635742,12.41418743133545,ok
LA_D_7960499,7.889552593231201,7.897453308105469,ok
LA_D_7961471,11.972392082214355,11.974814414978027,ok
LA_D_7962163,15.995530128479004,16.015283584594727,ok
LA_D_7963921,18.883888244628906,18.945262908935547,ok
LA_D_7964973,14.637675285339355,14.696321487426758,ok
LA_D_7965379,7.416490077972412,7.4214887619018555,ok
LA_D_7965716,14.582067489624023,14.58864974975586,ok
LA_D_7967827,9.70499324798584,9.709447860717773,ok
LA_D_7969154,17.903547286987305,17.975858688354492,ok
LA_D_7969869,17.999082565307617,18.02524757385254,ok
LA_D_7970013,14.316579818725586,14.357878684997559,ok
LA_D_7970494,9.30574893951416,9.322054862976074,ok
LA_D_7970984,19.189685821533203,19.319185256958008,ok
LA_D_7971494,15.002900123596191,15.040128707885742,ok
LA_D_7972028,18.085187911987305,18.094980239868164,ok
LA_D_7972252,14.265524864196777,14.28557300567627,ok
LA_D_7972724,-14.262252807617188,-14.278251647949219,ok
LA_D_7973047,12.196603775024414,12.251749992370605,ok
LA_D_7973088,10.886658668518066,10.90363597869873,ok
LA_D_7973788,14.079936027526855,14.100682258605957,ok
LA_D_7974481,11.692292213439941,11.69432544708252,ok
LA_D_7974536,-14.704404830932617,-14.731114387512207,ok
LA_D_7974697,11.596207618713379,11.606793403625488,ok
LA_D_7975085,14.689897537231445,14.747342109680176,ok
LA_D_7977077,14.961150169372559,14.970050811767578,ok
LA_D_7977320,14.845993041992188,14.874772071838379,ok
LA_D_7978065,7.019500255584717,7.019929885864258,ok
LA_D_7979163,12.223711967468262,12.22783374786377,ok
LA_D_7979281,19.5954532623291,19.600431442260742,ok
LA_D_7979297,15.308647155761719,15.347525596618652,ok
LA_D_7979905,13.437898635864258,13.438812255859375,ok
LA_D_7980033,15.043763160705566,15.069436073303223,ok
LA_D_7981282,14.829259872436523,14.951533317565918,ok
LA_D_7982514,-14.351798057556152,-14.36180591583252,ok
LA_D_7984251,16.012048721313477,16.010456085205078,ok
LA_D_7984768,15.369357109069824,15.385287284851074,ok
LA_D_7984933,14.862738609313965,14.881267547607422,ok
LA_D_7985250,13.537670135498047,13.5943021774292,ok
LA_D_7985410,8.907068252563477,8.911232948303223,ok
LA_D_7986044,16.17902374267578,16.19028663635254,ok
LA_D_7986305,16.686397552490234,16.703948974609375,ok
LA_D_7988938,16.535091400146484,16.602998733520508,ok
LA_D_7989171,10.993708610534668,11.001448631286621,ok
LA_D_7989607,-12.233874320983887,-12.236332893371582,ok
LA_D_7989855,23.105335235595703,23.290586471557617,ok
LA_D_7990145,13.272865295410156,13.343811988830566,ok
LA_D_7990767,7.432797908782959,7.465904712677002,ok
LA_D_7991093,14.090898513793945,14.109721183776855,ok
LA_D_7992518,23.563011169433594,23.607439041137695,ok
LA_D_7993138,21.94782257080078,22.17877769470215,ok
LA_D_7993478,15.603310585021973,15.610716819763184,ok
LA_D_7994905,11.33647632598877,11.345233917236328,ok
LA_D_7994992,10.9540376663208,10.966145515441895,ok
LA_D_7995508,15.971711158752441,16.005634307861328,ok
LA_D_7995545,7.870951175689697,7.933538436889648,ok
LA_D_7995659,17.962247848510742,17.99753761291504,ok
LA_D_7996201,12.424442291259766,12.441128730773926,ok
LA_D_7996866,11.891884803771973,11.89687442779541,ok
LA_D_7996904,9.435476303100586,9.435576438903809,ok
LA_D_7997330,19.141307830810547,19.165685653686523,ok
LA_D_7998693,9.297135353088379,9.300619125366211,ok
LA_D_7999736,16.99460220336914,17.018468856811523,ok
LA_D_8000547,17.773473739624023,17.82895851135254,ok
LA_D_8001922,12.581990242004395,12.59106159210205,ok
LA_D_8002093,7.776974201202393,7.8321003913879395,ok
LA_D_8002427,16.34114646911621,16.355344772338867,ok
LA_D_8002591,13.667661666870117,13.673069953918457,ok
LA_D_8003757,14.823680877685547,14.827733039855957,ok
LA_D_8003982,8.281917572021484,8.280060768127441,ok
LA_D_8006078,20.922555923461914,20.94037437438965,ok
LA_D_8006339,-14.361506462097168,-14.364245414733887,ok
LA_D_8006888,14.544078826904297,14.675471305847168,ok
LA_D_8008375,12.825589179992676,12.835395812988281,ok
LA_D_8008446,11.944119453430176,11.982682228088379,ok
LA_D_8010160,16.446563720703125,16.543067932128906,ok
LA_D_8011201,11.465171813964844,11.496140480041504,ok
LA_D_8012683,12.393074989318848,12.44909954071045,ok
LA_D_8014808,11.013964653015137,11.009432792663574,ok
LA_D_8015998,18.19147300720215,18.261240005493164,ok
LA_D_8018834,13.806207656860352,13.82083797454834,ok
LA_D_8019379,13.178657531738281,13.184897422790527,ok
LA_D_8020367,11.077910423278809,11.09813404083252,ok
LA_D_8022264,13.559365272521973,13.61104965209961,ok
LA_D_8022584,18.17923355102539,18.18596076965332,ok
LA_D_8022699,11.838584899902344,11.882651329040527,ok
LA_D_8023557,9.631511688232422,9.636762619018555,ok
LA_D_8024787,20.047204971313477,20.050004959106445,ok
LA_D_8025687,15.422508239746094,15.441454887390137,ok
LA_D_8026429,16.345966339111328,16.347909927368164,ok
LA_D_8027836,14.143789291381836,14.168493270874023,ok
LA_D_8028295,9.743687629699707,9.757730484008789,ok
LA_D_8028589,15.475838661193848,15.485745429992676,ok
LA_D_8029129,6.700788497924805,6.70832633972168,ok
LA_D_8029227,-11.453343391418457,-11.460399627685547,ok
LA_D_8029513,13.204733848571777,13.204888343811035,ok
LA_D_8030349,15.37008285522461,15.41140079498291,ok
LA_D_8030557,14.204906463623047,14.26717472076416,ok
LA_D_8031870,-15.468196868896484,-15.554986000061035,ok
LA_D_8033621,-14.97229290008545,-15.001740455627441,ok
LA_D_8035203,13.591522216796875,13.676373481750488,ok
LA_D_8035288,10.638197898864746,10.640568733215332,ok
LA_D_8035773,8.471695899963379,8.473443031311035,ok
LA_D_8037199,-14.429691314697266,-14.433527946472168,ok
LA_D_8037358,-12.100533485412598,-12.102680206298828,ok
LA_D_8037458,6.596506118774414,6.596956729888916,ok
LA_D_8037537,12.829487800598145,12.836926460266113,ok
LA_D_8038151,13.685925483703613,13.731406211853027,ok
LA_D_8039108,2.576237916946411,2.5793659687042236,ok
LA_D_8039247,14.454697608947754,14.4592866897583,ok
LA_D_8042295,13.313095092773438,13.324957847595215,ok
LA_D_8042846,-12.194951057434082,-12.200173377990723,ok
LA_D_8043080,-15.494528770446777,-15.506341934204102,ok
LA_D_8043094,8.258464813232422,8.277359962463379,ok
LA_D_8044665,18.170482635498047,18.20237922668457,ok
LA_D_8045100,11.713777542114258,11.724970817565918,ok
LA_D_8045695,11.516463279724121,11.526822090148926,ok
LA_D_8046608,5.790875434875488,5.797426223754883,ok
LA_D_8047166,12.961533546447754,12.974400520324707,ok
LA_D_8047998,17.433338165283203,17.448293685913086,ok
LA_D_8048204,9.303268432617188,9.295648574829102,ok
LA_D_8048240,9.57253646850586,9.58829402923584,ok
LA_D_8048655,8.026135444641113,8.03671932220459,ok
LA_D_8050534,10.1212158203125,10.120682716369629,ok
LA_D_8051414,14.487753868103027,14.500741958618164,ok
LA_D_8051595,9.142401695251465,9.206028938293457,ok
LA_D_8052049,10.476852416992188,10.477046012878418,ok
LA_D_8052749,15.428488731384277,15.465631484985352,ok
LA_D_8055872,-17.251028060913086,-17.288747787475586,ok
LA_D_8055923,15.46219539642334,15.528409004211426,ok
LA_D_8056679,14.577372550964355,14.619418144226074,ok
LA_D_8056722,11.499009132385254,11.500383377075195,ok
LA_D_8056974,14.670477867126465,14.68032169342041,ok
LA_D_8057316,7.44951057434082,7.452238082885742,ok
LA_D_8058106,14.68321704864502,14.6939058303833,ok
LA_D_8059988,10.375575065612793,10.378644943237305,ok
LA_D_8060077,10.887313842773438,10.892361640930176,ok
LA_D_8061400,-14.998297691345215,-15.011981964111328,ok
LA_D_8062342,15.9357271194458,15.952681541442871,ok
LA_D_8063128,16.23565101623535,16.246362686157227,ok
LA_D_8063205,15.410017967224121,15.417193412780762,ok
LA_D_8063814,17.491968154907227,17.495283126831055,ok
LA_D_8063853,12.236163139343262,12.236224174499512,ok
LA_D_8066346,13.093770027160645,13.15601634979248,ok
LA_D_8068169,14.56190013885498,14.56743335723877,ok
LA_D_8069387,16.030492782592773,16.037126541137695,ok
LA_D_8069736,10.971842765808105,11.012272834777832,ok
LA_D_8070544,14.447524070739746,14.505549430847168,ok
LA_D_8071214,17.046550750732422,17.134441375732422,ok
LA_D_8072455,18.25367546081543,18.269399642944336,ok
LA_D_8073022,15.694604873657227,15.713879585266113,ok
LA_D_8073420,16.563844680786133,16.59281349182129,ok
LA_D_8073490,-12.41655158996582,-12.420199394226074,ok
LA_D_8075316,11.331727981567383,11.33460807800293,ok
LA_D_8075381,10.278826713562012,10.309054374694824,ok
LA_D_8075963,11.471549987792969,11.495158195495605,ok
LA_D_8076309,-13.490689277648926,-13.513081550598145,ok
LA_D_8076373,14.94900131225586,14.948994636535645,ok
LA_D_8076419,7.938196182250977,7.948585033416748,ok
LA_D_8076714,11.080913543701172,11.082072257995605,ok
LA_D_8076909,14.903473854064941,14.924015998840332,ok
LA_D_8076952,13.888690948486328,13.910292625427246,ok
LA_D_8077226,12.383563041687012,12.400391578674316,ok
LA_D_8077642,17.546125411987305,17.589405059814453,ok
LA_D_8078382,-11.15777587890625,-11.175674438476562,ok
LA_D_8080127,9.325791358947754,9.327187538146973,ok
LA_D_8086346,13.701070785522461,13.704665184020996,ok
LA_D_8087903,13.079815864562988,13.079718589782715,ok
LA_D_8088423,14.388638496398926,14.425963401794434,ok
LA_D_8088848,14.833098411560059,14.870218276977539,ok
LA_D_8089053,11.732271194458008,11.735513687133789,ok
LA_D_8089175,-5.044668674468994,-5.051364421844482,ok
LA_D_8090102,16.795352935791016,16.81686782836914,ok
LA_D_8090443,20.195409774780273,20.196170806884766,ok
LA_D_8091175,14.368465423583984,14.38228702545166,ok
LA_D_8091393,14.79800033569336,14.79857349395752,ok
LA_D_8091742,15.90660285949707,15.9719820022583,ok
LA_D_8091794,15.788957595825195,15.794774055480957,ok
LA_D_8092331,13.479147911071777,13.543244361877441,ok
LA_D_8093378,17.849380493164062,17.863269805908203,ok
LA_D_8094005,10.561339378356934,10.562146186828613,ok
LA_D_8094196,17.837934494018555,17.86647605895996,ok
LA_D_8094886,10.304679870605469,10.303229331970215,ok
LA_D_8095844,15.893705368041992,15.912217140197754,ok
LA_D_8096872,14.506782531738281,14.545186996459961,ok
LA_D_8097725,12.405783653259277,12.405585289001465,ok
LA_D_8099371,11.09786319732666,11.111108779907227,ok
LA_D_8099511,10.679047584533691,10.678643226623535,ok
LA_D_8099861,12.628687858581543,12.645241737365723,ok
LA_D_8100525,16.609792709350586,16.66829490661621,ok
LA_D_8100591,-12.764705657958984,-12.772658348083496,ok
LA_D_8102825,13.007539749145508,13.032281875610352,ok
LA_D_8103199,7.851438045501709,7.846757411956787,ok
LA_D_8103595,15.915639877319336,15.94771671295166,ok
LA_D_8103599,-14.1148099899292,-14.1445894241333,ok
LA_D_8106710,9.264254570007324,9.276846885681152,ok
LA_D_8106755,15.332740783691406,15.335719108581543,ok
LA_D_8107336,10.577940940856934,10.587541580200195,ok
LA_D_8108711,12.062305450439453,12.06618881225586,ok
LA_D_8108942,16.057287216186523,16.091054916381836,ok
LA_D_8110188,14.75273609161377,14.762886047363281,ok
LA_D_8111494,18.874235153198242,18.96527671813965,ok
LA_D_8111703,16.065839767456055,16.075054168701172,ok
LA_D_8112113,12.756771087646484,12.766547203063965,ok
LA_D_8113228,11.852774620056152,11.903891563415527,ok
LA_D_8113627,12.417760848999023,12.449421882629395,ok
LA_D_8113820,15.027922630310059,15.091121673583984,ok
LA_D_8113827,11.95098876953125,11.959596633911133,ok
LA_D_8114334,12.539312362670898,12.540837287902832,ok
LA_D_8115137,13.426539421081543,13.4271821975708,ok
LA_D_8115280,16.305635452270508,16.308639526367188,ok
LA_D_8116083,2.890535593032837,2.8879809379577637,ok
LA_D_8116371,8.481621742248535,8.509809494018555,ok
LA_D_8116593,14.769847869873047,14.776239395141602,ok
LA_D_8116629,14.287888526916504,14.314927101135254,ok
LA_D_8117597,14.685425758361816,14.685925483703613,ok
LA_D_8117787,-13.662379264831543,-13.742814064025879,ok
LA_D_8117889,14.597711563110352,14.603116035461426,ok
LA_D_8118074,-15.412565231323242,-15.456870079040527,ok
LA_D_8118167,3.7401654720306396,3.7969913482666016,ok
LA_D_8118910,15.599163055419922,15.601012229919434,ok
LA_D_8120238,9.69376277923584,9.694944381713867,ok
LA_D_8121898,14.667296409606934,14.692337036132812,ok
LA_D_8122140,16.611013412475586,16.625356674194336,ok
LA_D_8123213,16.60209846496582,16.6075382232666,ok
LA_D_8125219,15.356886863708496,15.365311622619629,ok
LA_D_8125961,17.154220581054688,17.1546573638916,ok
LA_D_8126031,13.407220840454102,13.41341495513916,ok
LA_D_8126226,15.747527122497559,15.751411437988281,ok
LA_D_8126437,-14.159707069396973,-14.222387313842773,ok
LA_D_8126699,12.10550594329834,12.132216453552246,ok
LA_D_8127049,11.724847793579102,11.751055717468262,ok
LA_D_8128338,8.11720085144043,8.116131782531738,ok
LA_D_8128439,15.308634757995605,15.329354286193848,ok
LA_D_8128480,11.959467887878418,11.962738990783691,ok
LA_D_8128482,16.03506088256836,16.091907501220703,ok
LA_D_8128760,10.223883628845215,10.221907615661621,ok
LA_D_8130173,-8.591096878051758,-8.701970100402832,ok
LA_D_8130384,15.699789047241211,15.706637382507324,ok
LA_D_8131208,11.347475051879883,11.354758262634277,ok
LA_D_8133720,14.351495742797852,14.373608589172363,ok
LA_D_8135380,15.665181159973145,15.669222831726074,ok
LA_D_8136728,17.170581817626953,17.245616912841797,ok
LA_D_8137767,14.425872802734375,14.456067085266113,ok
LA_D_8137810,16.644208908081055,16.667272567749023,ok
LA_D_8138035,19.65106964111328,19.669736862182617,ok
LA_D_8138165,15.722282409667969,15.79947280883789,ok
LA_D_8138478,16.32427406311035,16.53424835205078,ok
LA_D_8138691,13.226958274841309,13.230813026428223,ok
LA_D_8140249,15.582634925842285,15.641929626464844,ok
LA_D_8141415,15.95016860961914,15.990077018737793,ok
LA_D_8141901,9.818431854248047,9.835570335388184,ok
LA_D_8142373,-15.441243171691895,-15.444275856018066,ok
LA_D_8142949,12.767455101013184,12.773329734802246,ok
LA_D_8143487,14.013395309448242,14.038619041442871,ok
LA_D_8145413,14.07303237915039,14.0778226852417,ok
LA_D_8145529,12.151567459106445,12.20482349395752,ok
LA_D_8145979,12.986129760742188,12.993691444396973,ok
LA_D_8146012,1.710348129272461,1.7164193391799927,ok
LA_D_8146146,17.183120727539062,17.28483009338379,ok
LA_D_8147163,-3.172544240951538,-3.2134666442871094,ok
LA_D_8147839,15.160487174987793,15.168065071105957,ok
LA_D_8149667,6.505409240722656,6.508422374725342,ok
LA_D_8152318,24.80027961730957,25.035371780395508,ok
LA_D_8155157,12.070891380310059,12.123595237731934,ok
LA_D_8155318,-14.471245765686035,-14.478472709655762,ok
LA_D_8156106,15.811326026916504,15.821122169494629,ok
LA_D_8156558,14.583884239196777,14.588334083557129,ok
LA_D_8159037,18.221059799194336,18.221010208129883,ok
LA_D_8160527,12.817727088928223,12.820775985717773,ok
LA_D_8161159,-15.364068984985352,-15.368925094604492,ok
LA_D_8161190,11.287593841552734,11.314838409423828,ok
LA_D_8161346,9.623632431030273,9.623600006103516,ok
LA_D_8161836,-15.42984390258789,-15.452360153198242,ok
LA_D_8161949,12.500370979309082,12.504456520080566,ok
LA_D_8162284,16.83810043334961,16.844282150268555,ok
LA_D_8162971,17.042442321777344,17.07293128967285,ok
LA_D_8164002,14.658977508544922,14.710416793823242,ok
LA_D_8165556,9.432538986206055,9.453141212463379,ok
LA_D_8167480,19.357805252075195,19.384801864624023,ok
LA_D_8167492,12.107986450195312,12.108777046203613,ok
LA_D_8168206,-10.30733871459961,-10.30996036529541,ok
LA_D_8169185,19.458147048950195,19.47499656677246,ok
LA_D_8169310,21.64320945739746,21.69269371032715,ok
LA_D_8169401,15.898283958435059,15.90375804901123,ok
LA_D_8169593,16.515506744384766,16.553922653198242,ok
LA_D_8169706,12.463312149047852,12.498050689697266,ok
LA_D_8170828,13.355446815490723,13.360207557678223,ok
LA_D_8170962,12.176675796508789,12.178589820861816,ok
LA_D_8171758,17.396615982055664,17.422163009643555,ok
LA_D_8172272,16.175228118896484,16.28672218322754,ok
LA_D_8172352,0.5944586992263794,0.5856293439865112,ok
LA_D_8172970,10.990718841552734,10.989644050598145,ok
LA_D_8173305,12.507450103759766,12.51426887512207,ok
LA_D_8173717,7.510380268096924,7.513050079345703,ok
LA_D_8173750,14.771191596984863,14.79703426361084,ok
LA_D_8174334,16.304031372070312,16.370708465576172,ok
LA_D_8174656,16.06329917907715,16.074047088623047,ok
LA_D_8174725,-14.153841018676758,-14.18801212310791,ok
LA_D_8175426,14.515589714050293,14.520140647888184,ok
LA_D_8176963,17.050127029418945,17.106586456298828,ok
LA_D_8177576,19.24138069152832,19.33348846435547,ok
LA_D_8179191,-13.641209602355957,-13.66097640991211,ok
LA_D_8181591,19.086891174316406,19.121484756469727,ok
LA_D_8181617,17.100868225097656,17.117399215698242,ok
LA_D_8181944,13.3201904296875,13.336538314819336,ok
LA_D_8182095,13.270038604736328,13.292302131652832,ok
LA_D_8182963,10.478721618652344,10.479809761047363,ok
LA_D_8183218,15.058558464050293,15.084880828857422,ok
LA_D_8183682,11.673646926879883,11.69877815246582,ok
LA_D_8183756,16.698383331298828,16.698060989379883,ok
LA_D_8184153,15.263160705566406,15.264693260192871,ok
LA_D_8185311,14.83055591583252,14.855080604553223,ok
LA_D_8187108,12.866430282592773,12.883966445922852,ok
LA_D_8187236,14.834094047546387,14.83577823638916,ok
LA_D_8187801,-13.509657859802246,-13.602072715759277,ok
LA_D_8189332,12.784229278564453,12.783682823181152,ok
LA_D_8191193,5.726156234741211,5.726083278656006,ok
LA_D_8191353,14.1990966796875,14.201590538024902,ok
LA_D_8191875,16.622339248657227,16.610122680664062,ok
LA_D_8192015,18.611419677734375,18.677446365356445,ok
LA_D_8192047,-13.501936912536621,-13.505727767944336,ok
LA_D_8193062,19.415067672729492,19.42863655090332,ok
LA_D_8195070,17.855823516845703,17.898218154907227,ok
LA_D_8197154,-15.517695426940918,-15.523259162902832,ok
LA_D_8197390,14.559663772583008,14.606894493103027,ok
LA_D_8197963,13.572870254516602,13.588851928710938,ok
LA_D_8198807,13.386387825012207,13.400025367736816,ok
LA_D_8198887,18.257415771484375,18.278324127197266,ok
LA_D_8199055,17.007030487060547,17.080081939697266,ok
LA_D_8200105,19.22698211669922,19.265504837036133,ok
LA_D_8200506,16.733732223510742,16.747289657592773,ok
LA_D_8201742,13.437713623046875,13.43761157989502,ok
LA_D_8202140,18.253538131713867,18.256649017333984,ok
LA_D_8203772,8.717631340026855,8.723776817321777,ok
LA_D_8203916,9.983832359313965,9.994921684265137,ok
LA_D_8204811,15.522826194763184,15.567216873168945,ok
LA_D_8205041,12.562560081481934,12.563443183898926,ok
LA_D_8205467,7.455761432647705,7.468817710876465,ok
LA_D_8205767,13.550238609313965,13.555936813354492,ok
LA_D_8206665,13.014881134033203,13.017308235168457,ok
LA_D_8208840,8.701007843017578,8.723299980163574,ok
LA_D_8208934,11.909174919128418,11.919167518615723,ok
LA_D_8210004,8.405900001525879,8.42302131652832,ok
LA_D_8210054,-12.640273094177246,-12.648482322692871,ok
LA_D_8210164,-16.15717315673828,-16.188871383666992,ok
LA_D_8213309,12.052104949951172,12.070182800292969,ok
LA_D_8214303,-14.355170249938965,-14.383598327636719,ok
LA_D_8214679,-12.362664222717285,-12.424576759338379,ok
LA_D_8214776,11.799732208251953,11.822710990905762,ok
LA_D_8216112,17.407428741455078,17.482189178466797,ok
LA_D_8217131,13.143073081970215,13.184883117675781,ok
LA_D_8217709,14.439599990844727,14.440309524536133,ok
LA_D_8218322,11.53337574005127,11.538578033447266,ok
LA_D_8220161,18.99829864501953,19.043928146362305,ok
LA_D_8220439,13.319069862365723,13.329362869262695,ok
LA_D_8220866,-13.283634185791016,-13.318918228149414,ok
LA_D_8221506,13.991209030151367,14.001581192016602,ok
LA_D_8221856,13.64018726348877,13.654451370239258,ok
LA_D_8222020,-16.3089656829834,-16.324609756469727,ok
LA_D_8222053,6.754446983337402,6.760176181793213,ok
LA_D_8222620,-15.387419700622559,-15.397773742675781,ok
LA_D_8222801,11.072915077209473,11.086784362792969,ok
LA_D_8223331,14.03557300567627,14.059737205505371,ok
LA_D_8223817,11.560830116271973,11.598732948303223,ok
LA_D_8224117,15.820135116577148,15.840535163879395,ok
LA_D_8224626,13.646921157836914,13.648385047912598,ok
LA_D_8226027,13.816041946411133,13.821761131286621,ok
LA_D_8226217,10.03023624420166,10.055964469909668,ok
LA_D_8228250,14.59689998626709,14.610297203063965,ok
LA_D_8228939,15.008267402648926,15.014018058776855,ok
LA_D_8228955,15.69166374206543,15.712874412536621,ok
LA_D_8229090,15.418242454528809,15.445317268371582,ok
LA_D_8229496,16.34766387939453,16.35100555419922,ok
LA_D_8231246,15.083321571350098,15.087651252746582,ok
LA_D_8233417,17.346994400024414,17.364940643310547,ok
LA_D_8233626,13.92249584197998,13.943243980407715,ok
LA_D_8234296,8.97290325164795,8.972655296325684,ok
LA_D_8235144,-11.840400695800781,-11.847662925720215,ok
LA_D_8237075,-14.380463600158691,-14.382304191589355,ok
LA_D_8238983,13.257458686828613,13.272927284240723,ok
LA_D_8239123,-13.319906234741211,-13.322591781616211,ok
LA_D_8239585,13.73910903930664,13.755915641784668,ok
LA_D_8240404,12.432713508605957,12.4674654006958,ok
LA_D_8241189,13.780803680419922,13.82319450378418,ok
LA_D_8242715,14.657797813415527,14.68386173248291,ok
LA_D_8243334,15.806276321411133,15.806405067443848,ok
LA_D_8243405,12.0189790725708,12.022350311279297,ok
LA_D_8243419,15.088878631591797,15.093525886535645,ok
LA_D_8243640,14.675326347351074,14.676785469055176,ok
LA_D_8243797,16.26150131225586,16.291309356689453,ok
LA_D_8244804,20.514467239379883,20.550533294677734,ok
LA_D_8244933,8.969231605529785,8.987689018249512,ok
LA_D_8245412,17.171415328979492,17.17576026916504,ok
LA_D_8246386,18.386581420898438,18.40082359313965,ok
LA_D_8247746,14.000164985656738,14.022236824035645,ok
LA_D_8248087,13.49618911743164,13.50442886352539,ok
LA_D_8248529,16.969785690307617,16.988950729370117,ok
LA_D_8249434,15.652885437011719,15.681754112243652,ok
LA_D_8249675,15.261640548706055,15.318940162658691,ok
LA_D_8250257,13.952627182006836,13.955408096313477,ok
LA_D_8250392,13.0952787399292,13.102349281311035,ok
LA_D_8250953,14.094663619995117,14.094861030578613,ok
LA_D_8252368,4.5197553634643555,4.602052211761475,ok
LA_D_8256584,11.137752532958984,11.140528678894043,ok
LA_D_8257354,17.38807487487793,17.435483932495117,ok
LA_D_8257425,15.460750579833984,15.468154907226562,ok
LA_D_8257669,14.158710479736328,14.20232105255127,ok
LA_D_8258080,13.528841018676758,13.530423164367676,ok
LA_D_8258450,7.013503074645996,7.010021686553955,ok
LA_D_8258459,11.009544372558594,11.043177604675293,ok
LA_D_8259778,9.58735179901123,9.59883975982666,ok
LA_D_8259798,14.3303804397583,14.353273391723633,ok
LA_D_8260717,15.186598777770996,15.209174156188965,ok
LA_D_8260762,-14.64875316619873,-14.653746604919434,ok
LA_D_8261063,14.8467378616333,14.905213356018066,ok
LA_D_8261443,16.689966201782227,16.72547149658203,ok
LA_D_8261853,15.542214393615723,15.639294624328613,ok
LA_D_8261899,16.03944206237793,16.054224014282227,ok
LA_D_8261981,6.01367712020874,6.013733386993408,ok
LA_D_8262471,14.347521781921387,14.366093635559082,ok
LA_D_8262652,14.170852661132812,14.1832914352417,ok
LA_D_8263001,12.720438003540039,12.723397254943848,ok
LA_D_8263452,-10.584795951843262,-10.590925216674805,ok
LA_D_8264187,13.751955032348633,13.755768775939941,ok
LA_D_8264531,15.60955810546875,15.613715171813965,ok
LA_D_8264863,14.294259071350098,14.400009155273438,ok
LA_D_8265007,12.514077186584473,12.5164794921875,ok
LA_D_8265432,16.588279724121094,16.67475700378418,ok
LA_D_8266174,19.795631408691406,19.839365005493164,ok
LA_D_8267794,13.908895492553711,13.912689208984375,ok
LA_D_8268288,12.970193862915039,12.971782684326172,ok
LA_D_8269720,13.323319435119629,13.324101448059082,ok
LA_D_8270285,9.321316719055176,9.319069862365723,ok
LA_D_8270568,7.4495954513549805,7.451572418212891,ok
LA_D_8270674,12.909985542297363,12.96749496459961,ok
LA_D_8270902,-13.778746604919434,-13.814169883728027,ok
LA_D_8271340,15.152332305908203,15.170783996582031,ok
LA_D_8271714,13.999556541442871,14.006916999816895,ok
LA_D_8272979,13.101797103881836,13.101784706115723,ok
LA_D_8274833,-12.65285587310791,-12.696789741516113,ok
LA_D_8276399,11.286280632019043,11.322715759277344,ok
LA_D_8277450,10.739302635192871,10.75163459777832,ok
LA_D_8279014,13.983656883239746,13.985125541687012,ok
LA_D_8281201,16.966049194335938,16.972314834594727,ok
LA_D_8281902,16.455251693725586,16.477266311645508,ok
LA_D_8282334,13.429673194885254,13.446806907653809,ok
LA_D_8283203,14.08503246307373,14.127727508544922,ok
LA_D_8283567,10.84396743774414,10.84546184539795,ok
LA_D_8283819,11.935547828674316,11.940627098083496,ok
LA_D_8284400,12.117934226989746,12.147631645202637,ok
LA_D_8284460,9.81037425994873,9.863885879516602,ok
LA_D_8284994,-13.063947677612305,-13.086897850036621,ok
LA_D_8285076,14.905261039733887,14.911521911621094,ok
LA_D_8285541,17.092313766479492,17.108718872070312,ok
LA_D_8285739,10.009228706359863,10.02584171295166,ok
LA_D_8286094,11.562101364135742,11.56788158416748,ok
LA_D_8286400,14.223224639892578,14.221854209899902,ok
LA_D_8287063,9.246920585632324,9.246914863586426,ok
LA_D_8288732,-14.476799964904785,-14.483606338500977,ok
LA_D_8289522,-10.421096801757812,-10.444321632385254,ok
LA_D_8289729,-14.198863983154297,-14.22744083404541,ok
LA_D_8291086,16.942615509033203,16.97911262512207,ok
LA_D_8291737,15.064461708068848,15.066667556762695,ok
LA_D_8292706,14.872672080993652,14.901673316955566,ok
LA_D_8297100,-6.21708869934082,-6.225584983825684,ok
LA_D_8297660,10.821917533874512,10.82805347442627,ok
LA_D_8299676,15.705984115600586,15.721306800842285,ok
LA_D_8299781,8.128630638122559,8.155563354492188,ok
LA_D_8300528,12.356756210327148,12.367027282714844,ok
LA_D_8301954,20.87734603881836,21.09591293334961,ok
LA_D_8302640,-15.158940315246582,-15.167553901672363,ok
LA_D_8302698,14.69799518585205,14.751827239990234,ok
LA_D_8304989,8.761823654174805,8.766576766967773,ok
LA_D_8305381,19.800966262817383,19.8665714263916,ok
LA_D_8308097,17.986671447753906,18.012521743774414,ok
LA_D_8308855,16.796110153198242,16.80405616760254,ok
LA_D_8309750,16.761917114257812,16.820634841918945,ok
LA_D_8309783,16.994596481323242,17.021196365356445,ok
LA_D_8310080,10.828320503234863,10.827569961547852,ok
LA_D_8310930,14.622138977050781,14.623812675476074,ok
LA_D_8311323,16.66162872314453,16.69048500061035,ok
LA_D_8312564,13.123970985412598,13.184502601623535,ok
LA_D_8313277,16.164457321166992,16.174833297729492,ok
LA_D_8313425,12.06114673614502,12.063265800476074,ok
LA_D_8313645,-7.224828720092773,-7.225002765655518,ok
LA_D_8314448,-13.014786720275879,-13.041407585144043,ok
LA_D_8314649,10.92487907409668,10.920882225036621,ok
LA_D_8315307,10.223775863647461,10.230006217956543,ok
LA_D_8315403,13.096056938171387,13.09990406036377,ok
LA_D_8316071,15.729304313659668,15.76156234741211,ok
LA_D_8316696,18.966381072998047,19.201053619384766,ok
LA_D_8317011,16.241315841674805,16.313989639282227,ok
LA_D_8317813,17.296279907226562,17.29985237121582,ok
LA_D_8318381,12.666939735412598,12.691141128540039,ok
LA_D_8318742,10.282217979431152,10.286739349365234,ok
LA_D_8318899,-13.849040031433105,-13.863101959228516,ok
LA_D_8320443,17.636533737182617,17.69318962097168,ok
LA_D_8321387,14.33103084564209,14.339791297912598,ok
LA_D_8321453,19.439573287963867,19.495588302612305,ok
LA_D_8321562,16.454729080200195,16.467172622680664,ok
LA_D_8322084,13.30495548248291,13.303890228271484,ok
LA_D_8322404,7.931917667388916,7.932226181030273,ok
LA_D_8322431,13.830316543579102,13.852554321289062,ok
LA_D_8322502,15.850380897521973,15.850451469421387,ok
LA_D_8322509,16.237855911254883,16.2827205657959,ok
LA_D_8322984,7.77423095703125,7.785495758056641,ok
LA_D_8323372,22.75774383544922,22.78948402404785,ok
LA_D_8325357,13.255043983459473,13.268900871276855,ok
LA_D_8328324,12.731670379638672,12.74689769744873,ok
LA_D_8328358,15.629015922546387,15.665505409240723,ok
LA_D_8328368,15.084074974060059,15.090219497680664,ok
LA_D_8329201,0.733380138874054,0.7280569076538086,ok
LA_D_8332272,16.401525497436523,16.4221134185791,ok
LA_D_8332415,14.948835372924805,14.979246139526367,ok
LA_D_8333263,7.598446369171143,7.598710536956787,ok
LA_D_8333710,13.066771507263184,13.075516700744629,ok
LA_D_8335083,9.89315128326416,9.914618492126465,ok
LA_D_8335202,10.959026336669922,10.958797454833984,ok
LA_D_8335993,9.423604965209961,9.42579174041748,ok
LA_D_8336903,12.372818946838379,12.403714179992676,ok
LA_D_8337861,13.446002960205078,13.506065368652344,ok
LA_D_8338088,14.845246315002441,14.845452308654785,ok
LA_D_8338331,16.91280746459961,16.915586471557617,ok
LA_D_8338896,18.36786460876465,18.426984786987305,ok
LA_D_8339674,17.892541885375977,17.953405380249023,ok
LA_D_8340325,15.188639640808105,15.200970649719238,ok
LA_D_8340433,-12.99893856048584,-13.001923561096191,ok
LA_D_8340873,14.362221717834473,14.372787475585938,ok
LA_D_8341574,16.034006118774414,16.053306579589844,ok
LA_D_8341752,10.937295913696289,10.968796730041504,ok
LA_D_8342451,17.002853393554688,17.01356315612793,ok
LA_D_8343646,6.929704666137695,6.977594375610352,ok
LA_D_8344568,15.936915397644043,15.962270736694336,ok
LA_D_8344962,9.067888259887695,9.068614959716797,ok
LA_D_8345800,12.59096622467041,12.631248474121094,ok
LA_D_8346348,13.064130783081055,13.089336395263672,ok
LA_D_8347056,6.714331150054932,6.733917713165283,ok
LA_D_8348255,12.118393898010254,12.185973167419434,ok
LA_D_8348470,14.459420204162598,14.472098350524902,ok
LA_D_8348783,9.860057830810547,9.862395286560059,ok
LA_D_8348784,10.827037811279297,10.829819679260254,ok
LA_D_8350907,13.156938552856445,13.277776718139648,ok
LA_D_8350950,14.929876327514648,14.933072090148926,ok
LA_D_8351401,13.895142555236816,13.907754898071289,ok
LA_D_8352186,19.0446834564209,19.04573631286621,ok
LA_D_8353342,15.466019630432129,15.492112159729004,ok
LA_D_8353917,10.591842651367188,10.601794242858887,ok
LA_D_8355334,2.935018301010132,2.935690402984619,ok
LA_D_8355933,11.776985168457031,11.790316581726074,ok
LA_D_8355987,14.574308395385742,14.589924812316895,ok
LA_D_8357910,11.335006713867188,11.340351104736328,ok
LA_D_8358692,16.6407527923584,16.640743255615234,ok
LA_D_8358881,14.518678665161133,14.519957542419434,ok
LA_D_8359118,9.267882347106934,9.267105102539062,ok
LA_D_8359755,7.52803373336792,7.536518573760986,ok
LA_D_8361609,11.755030632019043,11.752800941467285,ok
LA_D_8362045,8.197723388671875,8.19756031036377,ok
LA_D_8362355,15.25142765045166,15.2822847366333,ok
LA_D_8362390,16.91401481628418,16.983060836791992,ok
LA_D_8362861,11.624211311340332,11.637508392333984,ok
LA_D_8362912,19.843801498413086,19.991472244262695,ok
LA_D_8363627,12.311112403869629,12.357433319091797,ok
LA_D_8364571,14.165305137634277,14.255291938781738,ok
LA_D_8364730,8.646254539489746,8.658234596252441,ok
LA_D_8364986,13.320202827453613,13.320799827575684,ok
LA_D_8365194,-14.775299072265625,-14.797381401062012,ok
LA_D_8365489,10.584514617919922,10.584914207458496,ok
LA_D_8366444,15.419469833374023,15.431108474731445,ok
LA_D_8366884,14.893853187561035,14.915671348571777,ok
LA_D_8367470,11.987308502197266,11.99585247039795,ok
LA_D_8367768,15.930009841918945,15.931406021118164,ok
LA_D_8367777,10.768204689025879,10.769713401794434,ok
LA_D_8367897,14.04651927947998,14.051653861999512,ok
LA_D_8367907,16.99737548828125,17.027753829956055,ok
LA_D_8368027,12.756274223327637,12.7579984664917,ok
LA_D_8371178,-13.714375495910645,-13.809895515441895,ok
LA_D_8371769,14.437390327453613,14.462885856628418,ok
LA_D_8372141,19.941808700561523,20.054723739624023,ok
LA_D_8372696,15.24958610534668,15.289200782775879,ok
LA_D_8373517,17.029096603393555,17.050283432006836,ok
LA_D_8373522,16.159337997436523,16.17402458190918,ok
LA_D_8374831,14.025679588317871,14.033768653869629,ok
LA_D_8374952,18.313846588134766,18.31096076965332,ok
LA_D_8375726,10.412532806396484,10.415133476257324,ok
LA_D_8376156,17.435964584350586,17.466535568237305,ok
LA_D_8376351,14.297121047973633,14.388596534729004,ok
LA_D_8377469,12.286726951599121,12.286709785461426,ok
LA_D_8377834,11.816689491271973,11.841137886047363,ok
LA_D_8377841,9.024765014648438,9.026023864746094,ok
LA_D_8378530,13.880508422851562,13.896718978881836,ok
LA_D_8379770,7.977365493774414,7.990961074829102,ok
LA_D_8380344,14.74809455871582,14.767838478088379,ok
LA_D_8380959,12.887288093566895,12.939555168151855,ok
LA_D_8381871,12.483634948730469,12.484408378601074,ok
LA_D_8382417,14.371759414672852,14.387362480163574,ok
LA_D_8383254,11.020444869995117,11.095001220703125,ok
LA_D_8384015,9.244836807250977,9.251748085021973,ok
LA_D_8386102,12.140924453735352,12.14551067352295,ok
LA_D_8388061,12.51900577545166,12.53342056274414,ok
LA_D_8389167,15.431269645690918,15.489483833312988,ok
LA_D_8391101,15.727067947387695,15.74790096282959,ok
LA_D_8392731,13.655685424804688,13.686604499816895,ok
LA_D_8394417,-13.949621200561523,-13.97967529296875,ok
LA_D_8395121,15.012799263000488,15.073890686035156,ok
LA_D_8397551,-15.133370399475098,-15.146146774291992,ok
LA_D_8398091,13.009958267211914,13.016249656677246,ok
LA_D_8400810,14.79322338104248,14.794240951538086,ok
LA_D_8400994,12.67745590209961,12.678204536437988,ok
LA_D_8404295,10.675806999206543,10.680630683898926,ok
LA_D_8406853,18.58053207397461,18.619003295898438,ok
LA_D_8407147,14.77006721496582,14.79114818572998,ok
LA_D_8407252,14.164514541625977,14.191994667053223,ok
LA_D_8407555,17.43619155883789,17.446741104125977,ok
LA_D_8408532,13.7691011428833,13.839489936828613,ok
LA_D_8408912,15.095242500305176,15.096266746520996,ok
LA_D_8411616,11.920979499816895,11.944781303405762,ok
LA_D_8412208,10.616212844848633,10.617935180664062,ok
LA_D_8412543,14.481280326843262,14.503066062927246,ok
LA_D_8413012,13.532185554504395,13.56104564666748,ok
LA_D_8413105,-16.371185302734375,-16.38636589050293,ok
LA_D_8417277,13.997430801391602,14.014677047729492,ok
LA_D_8417993,18.284902572631836,18.33225440979004,ok
LA_D_8418152,15.196775436401367,15.208847045898438,ok
LA_D_8418326,18.148483276367188,18.14969825744629,ok
LA_D_8418660,17.230833053588867,17.258581161499023,ok
LA_D_8420931,18.454540252685547,18.45867347717285,ok
LA_D_8423289,8.192834854125977,8.197253227233887,ok
LA_D_8424157,12.508228302001953,12.549145698547363,ok
LA_D_8425884,18.994464874267578,19.10804557800293,ok
LA_D_8426461,-14.547296524047852,-14.581703186035156,ok
LA_D_8426999,22.87038803100586,22.884105682373047,ok
LA_D_8427353,19.026565551757812,19.049665451049805,ok
LA_D_8428519,15.793336868286133,15.828653335571289,ok
LA_D_8429218,12.931132316589355,12.946510314941406,ok
LA_D_8429648,15.463828086853027,15.470855712890625,ok
LA_D_8429827,-13.61236572265625,-13.61305046081543,ok
LA_D_8431362,11.390790939331055,11.405837059020996,ok
LA_D_8432686,12.629498481750488,12.634629249572754,ok
LA_D_8433898,-15.687914848327637,-15.708821296691895,ok
LA_D_8434044,17.34068489074707,17.385690689086914,ok
LA_D_8434051,9.254755973815918,9.257036209106445,ok
LA_D_8435642,13.344744682312012,13.438750267028809,ok
LA_D_8436519,9.437100410461426,9.507967948913574,ok
LA_D_8437828,13.65215015411377,13.655670166015625,ok
LA_D_8438420,13.862031936645508,13.862576484680176,ok
LA_D_8438549,13.733612060546875,13.74743938446045,ok
LA_D_8439511,12.516997337341309,12.54189395904541,ok
LA_D_8440240,16.776521682739258,16.80996322631836,ok
LA_D_8440843,-8.793675422668457,-8.795671463012695,ok
LA_D_8441069,10.526704788208008,10.546748161315918,ok
LA_D_8441935,14.791035652160645,14.80817985534668,ok
LA_D_8442443,15.19898796081543,15.242409706115723,ok
LA_D_8445701,11.349249839782715,11.355156898498535,ok
LA_D_8445966,13.944068908691406,13.96926212310791,ok
LA_D_8446758,17.106426239013672,17.204328536987305,ok
LA_D_8447480,11.889452934265137,11.935011863708496,ok
LA_D_8447703,11.646492004394531,11.669793128967285,ok
LA_D_8450248,17.8303165435791,17.851118087768555,ok
LA_D_8450378,19.297672271728516,19.3090763092041,ok
LA_D_8450426,14.740893363952637,14.758118629455566,ok
LA_D_8450502,14.324992179870605,14.379429817199707,ok
LA_D_8450719,18.484102249145508,18.48439598083496,ok
LA_D_8452415,14.445425033569336,14.468464851379395,ok
LA_D_8453487,15.981990814208984,15.983759880065918,ok
LA_D_8453540,9.768102645874023,9.7850980758667,ok
LA_D_8454223,14.711784362792969,14.729127883911133,ok
LA_D_8454906,10.904620170593262,10.908220291137695,ok
LA_D_8455214,16.046436309814453,16.05787467956543,ok
LA_D_8456039,11.467247009277344,11.467310905456543,ok
LA_D_8456544,9.983970642089844,10.071537971496582,ok
LA_D_8457237,11.869396209716797,11.876424789428711,ok
LA_D_8457325,-12.433855056762695,-12.448643684387207,ok
LA_D_8458426,12.37221908569336,12.388055801391602,ok
LA_D_8459341,15.151129722595215,15.196450233459473,ok
LA_D_8461185,13.476692199707031,13.489296913146973,ok
LA_D_8461526,8.318257331848145,8.31779956817627,ok
LA_D_8461949,-5.013473033905029,-5.01912260055542,ok
LA_D_8463046,13.995821952819824,14.030171394348145,ok
LA_D_8463562,13.4390287399292,13.443194389343262,ok
LA_D_8464147,21.059255599975586,21.18279266357422,ok
LA_D_8464223,12.732987403869629,12.73470401763916,ok
LA_D_8465207,18.41372299194336,18.473127365112305,ok
LA_D_8465272,13.990479469299316,13.995606422424316,ok
LA_D_8465947,12.632281303405762,12.652549743652344,ok
LA_D_8467187,10.509132385253906,10.50925064086914,ok
LA_D_8467523,14.098581314086914,14.126450538635254,ok
LA_D_8467738,11.532659530639648,11.63247013092041,ok
LA_D_8467991,11.431270599365234,11.431647300720215,ok
LA_D_8468180,15.25973129272461,15.262923240661621,ok
LA_D_8468186,17.550682067871094,17.58110237121582,ok
LA_D_8468652,13.384326934814453,13.443737983703613,ok
LA_D_8470242,13.947172164916992,13.964346885681152,ok
LA_D_8470269,13.777886390686035,13.777935981750488,ok
LA_D_8471747,14.365999221801758,14.367989540100098,ok
LA_D_8472714,16.358835220336914,16.3594970703125,ok
LA_D_8473267,-12.186193466186523,-12.202869415283203,ok
LA_D_8473774,13.509236335754395,13.527915000915527,ok
LA_D_8473995,15.392683982849121,15.45253849029541,ok
LA_D_8474115,16.77582550048828,16.77547836303711,ok
LA_D_8476350,12.646573066711426,12.66992473602295,ok
LA_D_8478346,16.32332420349121,16.357873916625977,ok
LA_D_8479165,18.00697898864746,18.00702476501465,ok
LA_D_8479815,17.981971740722656,18.00421714782715,ok
LA_D_8480078,10.157865524291992,10.168862342834473,ok
LA_D_8480524,13.072718620300293,13.092202186584473,ok
LA_D_8481340,11.153932571411133,11.195114135742188,ok
LA_D_8481565,15.649317741394043,15.795443534851074,ok
LA_D_8481884,15.550577163696289,15.556289672851562,ok
LA_D_8482059,9.554098129272461,9.562195777893066,ok
LA_D_8482703,5.024195194244385,5.037807941436768,ok
LA_D_8482937,16.258678436279297,16.25892448425293,ok
LA_D_8483290,13.012070655822754,13.018302917480469,ok
LA_D_8483715,16.4969425201416,16.536880493164062,ok
LA_D_8484861,14.920307159423828,14.939474105834961,ok
LA_D_8485138,12.582815170288086,12.654393196105957,ok
LA_D_8486261,12.143516540527344,12.160067558288574,ok
LA_D_8486455,11.0686616897583,11.092105865478516,ok
LA_D_8487209,9.889598846435547,9.904213905334473,ok
LA_D_8488988,15.392401695251465,15.396662712097168,ok
LA_D_8489512,-9.899142265319824,-9.906876564025879,ok
LA_D_8491201,14.16869831085205,14.18822956085205,ok
LA_D_8491532,15.95366382598877,15.957281112670898,ok
LA_D_8492975,8.4410400390625,8.441771507263184,ok
LA_D_8493833,14.087606430053711,14.088767051696777,ok
LA_D_8494207,14.616893768310547,14.623875617980957,ok
LA_D_8494760,-10.280113220214844,-10.286602973937988,ok
LA_D_8495231,13.634401321411133,13.647002220153809,ok
LA_D_8496632,15.81411361694336,15.830911636352539,ok
LA_D_8497674,13.008938789367676,13.021294593811035,ok
LA_D_8498981,-13.24652099609375,-13.2893705368042,ok
LA_D_8499403,16.80527687072754,16.910184860229492,ok
LA_D_8499637,11.284582138061523,11.330219268798828,ok
LA_D_8500724,12.303689956665039,12.309136390686035,ok
LA_D_8501026,14.575092315673828,14.604355812072754,ok
LA_D_8501151,15.981522560119629,16.01182746887207,ok
LA_D_8503023,13.894734382629395,13.913692474365234,ok
LA_D_8503024,-11.184041976928711,-11.185578346252441,ok
LA_D_8504769,13.617146492004395,13.676680564880371,ok
LA_D_8504805,13.400089263916016,13.42624568939209,ok
LA_D_8505001,20.5854434967041,20.607608795166016,ok
LA_D_8505020,11.089475631713867,11.091769218444824,ok
LA_D_8507903,15.613773345947266,15.634886741638184,ok
LA_D_8508542,11.959466934204102,11.969149589538574,ok
LA_D_8509642,19.78844451904297,19.8546085357666,ok
LA_D_8509720,16.554061889648438,16.5538387298584,ok
LA_D_8510601,11.394333839416504,11.404854774475098,ok
LA_D_8511318,10.01887035369873,10.017474174499512,ok
LA_D_8511483,11.01456069946289,11.026083946228027,ok
LA_D_8511990,15.010493278503418,15.031190872192383,ok
LA_D_8512598,14.969070434570312,14.973332405090332,ok
LA_D_8514719,17.388946533203125,17.394851684570312,ok
LA_D_8514801,17.752676010131836,17.766305923461914,ok
LA_D_8515733,9.342621803283691,9.342799186706543,ok
LA_D_8516589,-9.130195617675781,-9.132396697998047,ok
LA_D_8516649,12.247601509094238,12.250737190246582,ok
LA_D_8519084,12.886467933654785,12.935379981994629,ok
LA_D_8519166,18.88731575012207,18.9129695892334,ok
LA_D_8519635,12.136899948120117,12.143407821655273,ok
LA_D_8520152,23.498897552490234,23.713401794433594,ok
LA_D_8520696,13.821208000183105,13.826355934143066,ok
LA_D_8521403,15.69874095916748,15.719705581665039,ok
LA_D_8522617,14.598838806152344,14.6807222366333,ok
LA_D_8522922,9.942319869995117,9.942809104919434,ok
LA_D_8523307,19.224010467529297,19.23756980895996,ok
LA_D_8524503,6.060483932495117,6.058098316192627,ok
LA_D_8524530,9.30980110168457,9.309839248657227,ok
LA_D_8524573,16.757102966308594,16.770830154418945,ok
LA_D_8524883,11.52944278717041,11.60810375213623,ok
LA_D_8524946,9.253806114196777,9.280867576599121,ok
LA_D_8524990,13.649993896484375,13.662127494812012,ok
LA_D_8525388,10.889091491699219,10.91696834564209,ok
LA_D_8527611,10.071858406066895,10.072219848632812,ok
LA_D_8528202,15.50523853302002,15.672481536865234,ok
LA_D_8529268,16.127513885498047,16.163549423217773,ok
LA_D_8529541,14.31753921508789,14.418062210083008,ok
LA_D_8530159,17.11997413635254,17.189878463745117,ok
LA_D_8530524,12.703405380249023,12.716094017028809,ok
LA_D_8530635,15.710485458374023,15.74201488494873,ok
LA_D_8531203,17.32731056213379,17.417381286621094,ok
LA_D_8533998,18.428783416748047,18.455129623413086,ok
LA_D_8534191,10.080008506774902,10.112847328186035,ok
LA_D_8534416,13.726430892944336,13.747211456298828,ok
LA_D_8534526,12.924057006835938,12.933965682983398,ok
LA_D_8535380,15.958719253540039,15.970649719238281,ok
LA_D_8536051,11.56102466583252,11.559488296508789,ok
LA_D_8537544,11.413032531738281,11.413233757019043,ok
LA_D_8537694,13.205577850341797,13.227639198303223,ok
LA_D_8538675,16.608661651611328,16.61115264892578,ok
LA_D_8539612,17.542465209960938,17.577726364135742,ok
LA_D_8539634,16.114179611206055,16.126981735229492,ok
LA_D_8539674,13.222678184509277,13.2276029586792,ok
LA_D_8540229,13.033366203308105,13.033818244934082,ok
LA_D_8540397,12.327688217163086,12.34444522857666,ok
LA_D_8540770,12.558500289916992,12.577606201171875,ok
LA_D_8541205,13.811553955078125,13.81160831451416,ok
LA_D_8542121,8.757354736328125,8.784184455871582,ok
LA_D_8543293,11.712675094604492,11.753364562988281,ok
LA_D_8543737,13.372870445251465,13.379849433898926,ok
LA_D_8543878,23.978057861328125,23.99861717224121,ok
LA_D_8544546,-4.596889972686768,-4.617935657501221,ok
LA_D_8544570,16.031919479370117,16.046836853027344,ok
LA_D_8544644,18.287267684936523,18.301023483276367,ok
LA_D_8545409,14.846732139587402,14.880478858947754,ok
LA_D_8545660,14.781394004821777,14.802321434020996,ok
LA_D_8546068,14.980193138122559,15.047602653503418,ok
LA_D_8546378,12.911680221557617,12.987797737121582,ok
LA_D_8546481,14.982124328613281,14.999856948852539,ok
LA_D_8546655,13.812530517578125,13.846701622009277,ok
LA_D_8548417,16.886960983276367,16.894041061401367,ok
LA_D_8549144,-12.978199005126953,-12.985291481018066,ok
LA_D_8549576,17.386642456054688,17.395530700683594,ok
LA_D_8549945,12.768481254577637,12.769073486328125,ok
LA_D_8550381,9.78465461730957,9.78754711151123,ok
LA_D_8552142,16.877397537231445,16.92352294921875,ok
LA_D_8552859,11.629816055297852,11.637480735778809,ok
LA_D_8553650,-13.701107025146484,-13.711812019348145,ok
LA_D_8555156,16.36142921447754,16.36721420288086,ok
LA_D_8555387,5.649246692657471,5.638772010803223,ok
LA_D_8555530,15.078829765319824,15.11417293548584,ok
LA_D_8556216,15.661157608032227,15.696016311645508,ok
LA_D_8557721,13.109356880187988,13.154632568359375,ok
LA_D_8558362,14.111983299255371,14.12253475189209,ok
LA_D_8558988,12.278414726257324,12.301168441772461,ok
LA_D_8559605,14.631020545959473,14.662569999694824,ok
LA_D_8560239,13.355975151062012,13.358296394348145,ok
LA_D_8560313,8.070747375488281,8.081506729125977,ok
LA_D_8561006,15.451623916625977,15.45163631439209,ok
LA_D_8561401,17.100109100341797,17.115095138549805,ok
LA_D_8561841,17.602863311767578,17.64967155456543,ok
LA_D_8562559,14.170355796813965,14.21275806427002,ok
LA_D_8563620,7.954952239990234,7.974337100982666,ok
LA_D_8565229,12.419143676757812,12.497231483459473,ok
LA_D_8565833,14.095377922058105,14.094799995422363,ok
LA_D_8567575,15.082517623901367,15.086686134338379,ok
LA_D_8568451,-13.839956283569336,-13.846726417541504,ok
LA_D_8568773,10.301581382751465,10.308642387390137,ok
LA_D_8569086,16.531898498535156,16.5493221282959,ok
LA_D_8569313,10.61363697052002,10.656855583190918,ok
LA_D_8572188,15.945520401000977,15.948403358459473,ok
LA_D_8572375,-15.528922080993652,-15.548283576965332,ok
LA_D_8573686,18.72220802307129,18.75368309020996,ok
LA_D_8573818,14.037457466125488,14.039052963256836,ok
LA_D_8575854,11.44703197479248,11.464402198791504,ok
LA_D_8576496,13.19881820678711,13.2423677444458,ok
LA_D_8576711,13.61538028717041,13.692670822143555,ok
LA_D_8576937,14.063746452331543,14.09050464630127,ok
LA_D_8577756,-15.145609855651855,-15.151193618774414,ok
LA_D_8578970,14.959012031555176,14.962713241577148,ok
LA_D_8582039,-3.0267891883850098,-3.02911376953125,ok
LA_D_8582209,15.072813034057617,15.109084129333496,ok
LA_D_8582702,18.17865562438965,18.232807159423828,ok
LA_D_8582931,16.78496551513672,16.793838500976562,ok
LA_D_8583087,12.285492897033691,12.367447853088379,ok
LA_D_8584336,13.243380546569824,13.278183937072754,ok
LA_D_8584532,13.607891082763672,13.617146492004395,ok
LA_D_8586128,12.097593307495117,12.144062995910645,ok
LA_D_8586602,15.429651260375977,15.433902740478516,ok
LA_D_8587705,11.989964485168457,11.996466636657715,ok
LA_D_8588899,15.901141166687012,15.913969993591309,ok
LA_D_8590984,21.262685775756836,21.26934242248535,ok
LA_D_8591429,-11.414031028747559,-11.428435325622559,ok
LA_D_8591446,12.413702964782715,12.414685249328613,ok
LA_D_8591522,16.06361961364746,16.06585693359375,ok
LA_D_8592787,11.808845520019531,11.80942440032959,ok
LA_D_8593631,20.052888870239258,20.100496292114258,ok
LA_D_8593660,14.556550979614258,14.596674919128418,ok
LA_D_8593699,14.632608413696289,14.649617195129395,ok
LA_D_8594051,-15.693807601928711,-15.699262619018555,ok
LA_D_8594091,12.31389331817627,12.317544937133789,ok
LA_D_8594594,7.270084857940674,7.270028591156006,ok
LA_D_8594927,13.823461532592773,13.867830276489258,ok
LA_D_8595379,10.679424285888672,10.87429141998291,ok
LA_D_8595477,14.814864158630371,14.843453407287598,ok
LA_D_8595493,17.92477035522461,17.97023582458496,ok
LA_D_8595981,11.466273307800293,11.466647148132324,ok
LA_D_8596240,-14.051604270935059,-14.053380966186523,ok
LA_D_8596396,15.421005249023438,15.439416885375977,ok
LA_D_8599184,12.852604866027832,12.86428165435791,ok
LA_D_8600039,-14.911636352539062,-14.97529125213623,ok
LA_D_8601811,19.559511184692383,19.63673210144043,ok
LA_D_8604395,13.582329750061035,13.62110424041748,ok
LA_D_8604643,14.071041107177734,14.105435371398926,ok
LA_D_8605221,12.079160690307617,12.08859920501709,ok
LA_D_8605887,12.130764961242676,12.133559226989746,ok
LA_D_8605975,16.98204231262207,17.024518966674805,ok
LA_D_8606381,13.210640907287598,13.218149185180664,ok
LA_D_8607094,15.76645565032959,15.781428337097168,ok
LA_D_8608217,15.184831619262695,15.19463062286377,ok
LA_D_8609217,16.692533493041992,16.7528018951416,ok
LA_D_8609765,11.979026794433594,12.021315574645996,ok
LA_D_8610307,12.585331916809082,12.58885669708252,ok
LA_D_8610426,1.896023154258728,1.8887485265731812,ok
LA_D_8611140,8.343879699707031,8.363654136657715,ok
LA_D_8611156,15.225750923156738,15.23913860321045,ok
LA_D_8612035,16.13393211364746,16.19876480102539,ok
LA_D_8612905,16.414329528808594,16.437288284301758,ok
LA_D_8613483,10.733674049377441,10.747967720031738,ok
LA_D_8614682,17.12807273864746,17.148141860961914,ok
LA_D_8614773,4.939044952392578,4.96851110458374,ok
LA_D_8617115,17.050016403198242,17.05425453186035,ok
LA_D_8617247,15.329031944274902,15.332928657531738,ok
LA_D_8618689,11.743006706237793,11.742395401000977,ok
LA_D_8619253,13.846916198730469,13.854047775268555,ok
LA_D_8619260,15.584050178527832,15.615200996398926,ok
LA_D_8620622,-9.783239364624023,-9.79116439819336,ok
LA_D_8621322,-12.008332252502441,-12.030303001403809,ok
LA_D_8622815,14.881917953491211,14.890043258666992,ok
LA_D_8623253,13.140204429626465,13.192131996154785,ok
LA_D_8623607,-14.29258918762207,-14.29518985748291,ok
LA_D_8624407,14.602776527404785,14.624417304992676,ok
LA_D_8624575,9.95637035369873,9.957613945007324,ok
LA_D_8628343,19.715606689453125,19.782400131225586,ok
LA_D_8628678,16.755067825317383,16.76300621032715,ok
LA_D_8629864,5.400608539581299,5.427018642425537,ok
LA_D_8629908,8.880766868591309,8.89537525177002,ok
LA_D_8630262,15.330574989318848,15.375658988952637,ok
LA_D_8630312,3.7659072875976562,3.7760419845581055,ok
LA_D_8630528,14.066097259521484,14.12302303314209,ok
LA_D_8630942,18.985322952270508,18.99689292907715,ok
LA_D_8631402,17.03050994873047,17.030759811401367,ok
LA_D_8632099,14.739139556884766,14.745431900024414,ok
LA_D_8632409,18.26685333251953,18.26899528503418,ok
LA_D_8634956,5.467543125152588,5.46703577041626,ok
LA_D_8635185,12.422050476074219,12.43019962310791,ok
LA_D_8636461,7.478868007659912,7.5290303230285645,ok
LA_D_8637140,13.930288314819336,14.034651756286621,ok
LA_D_8637288,-14.475116729736328,-14.482918739318848,ok
LA_D_8638488,12.907458305358887,12.933440208435059,ok
LA_D_8638660,13.674383163452148,13.698419570922852,ok
LA_D_8640715,14.651934623718262,14.655343055725098,ok
LA_D_8641456,10.834444999694824,10.889280319213867,ok
LA_D_8641916,8.799789428710938,8.799851417541504,ok
LA_D_8644251,15.513788223266602,15.528809547424316,ok
LA_D_8646520,8.802037239074707,8.811591148376465,ok
LA_D_8646930,18.24822998046875,18.269380569458008,ok
LA_D_8647491,14.06419849395752,14.096292495727539,ok
LA_D_8648680,18.10020637512207,18.127201080322266,ok
LA_D_8648848,10.232471466064453,10.246914863586426,ok
LA_D_8649631,15.32616138458252,15.334819793701172,ok
LA_D_8651248,13.785431861877441,13.793182373046875,ok
LA_D_8652135,17.05199432373047,17.102163314819336,ok
LA_D_8653066,15.70805835723877,15.733170509338379,ok
LA_D_8653096,15.40308952331543,15.410584449768066,ok
LA_D_8653522,13.219351768493652,13.230062484741211,ok
LA_D_8653634,14.631635665893555,14.657177925109863,ok
LA_D_8653799,15.048718452453613,15.092024803161621,ok
LA_D_8655169,12.985663414001465,12.985543251037598,ok
LA_D_8655268,12.013663291931152,12.015259742736816,ok
LA_D_8655539,22.068445205688477,22.092241287231445,ok
LA_D_8655642,16.355443954467773,16.369647979736328,ok
LA_D_8656237,18.86457061767578,18.863706588745117,ok
LA_D_8656739,16.396575927734375,16.397144317626953,ok
LA_D_8657095,14.217421531677246,14.21817684173584,ok
LA_D_8657393,16.183032989501953,16.24381446838379,ok
LA_D_8658531,14.07023811340332,14.097691535949707,ok
LA_D_8659185,15.168317794799805,15.197108268737793,ok
LA_D_8659693,9.872424125671387,9.89442253112793,ok
LA_D_8660630,13.389854431152344,13.396662712097168,ok
LA_D_8661283,14.533934593200684,14.542206764221191,ok
LA_D_8663431,14.995434761047363,15.055134773254395,ok
LA_D_8663831,17.712905883789062,17.71291732788086,ok
LA_D_8664408,13.680948257446289,13.688374519348145,ok
LA_D_8665250,16.944581985473633,17.053232192993164,ok
LA_D_8666902,15.18892765045166,15.24882984161377,ok
LA_D_8667202,14.168488502502441,14.190853118896484,ok
LA_D_8667287,15.616230010986328,15.62396240234375,ok
LA_D_8667308,12.983003616333008,12.995732307434082,ok
LA_D_8668147,13.341146469116211,13.374741554260254,ok
LA_D_8669407,17.656545639038086,17.65799331665039,ok
LA_D_8670754,18.410133361816406,18.4986572265625,ok
LA_D_8671896,-10.252483367919922,-10.257548332214355,ok
LA_D_8672392,14.13430404663086,14.139580726623535,ok
LA_D_8672684,-7.224646091461182,-7.225488185882568,ok
LA_D_8672699,4.755520820617676,4.7352142333984375,ok
LA_D_8674026,7.452516555786133,7.452332973480225,ok
LA_D_8674039,15.233314514160156,15.255452156066895,ok
LA_D_8674678,18.172182083129883,18.2797908782959,ok
LA_D_8675337,13.058816909790039,13.074167251586914,ok
LA_D_8675351,14.382044792175293,14.385071754455566,ok
LA_D_8675909,18.696117401123047,18.69795036315918,ok
LA_D_8676372,20.456743240356445,20.453166961669922,ok
LA_D_8676464,11.75089168548584,11.751504898071289,ok
LA_D_8677181,13.59780216217041,13.613109588623047,ok
LA_D_8678171,11.701407432556152,11.703871726989746,ok
LA_D_8678189,15.114677429199219,15.123428344726562,ok
LA_D_8678410,17.965171813964844,18.002071380615234,ok
LA_D_8678708,7.8392205238342285,7.843110084533691,ok
LA_D_8679609,17.370710372924805,17.485780715942383,ok
LA_D_8679905,-8.891117095947266,-8.892547607421875,ok
LA_D_8680505,10.502405166625977,10.505749702453613,ok
LA_D_8682135,9.680886268615723,9.681010246276855,ok
LA_D_8682238,13.115435600280762,13.127655029296875,ok
LA_D_8682472,16.160045623779297,16.16029930114746,ok
LA_D_8683301,17.108308792114258,17.12256622314453,ok
LA_D_8683829,17.263538360595703,17.274518966674805,ok
LA_D_8684186,16.334941864013672,16.356229782104492,ok
LA_D_8686775,9.14841365814209,9.14710521697998,ok
LA_D_8686912,9.625993728637695,9.63158893585205,ok
LA_D_8689278,13.915388107299805,13.947579383850098,ok
LA_D_8689583,14.649672508239746,14.650606155395508,ok
LA_D_8690110,16.04051399230957,16.043455123901367,ok
LA_D_8691113,14.996512413024902,15.154532432556152,ok
LA_D_8692089,15.890374183654785,15.911903381347656,ok
LA_D_8692948,-14.6640043258667,-14.690070152282715,ok
LA_D_8693010,14.90114688873291,14.911809921264648,ok
LA_D_8693204,18.589305877685547,18.59917640686035,ok
LA_D_8693858,15.95026969909668,15.986737251281738,ok
LA_D_8696046,-13.412391662597656,-13.428704261779785,ok
LA_D_8696545,13.44063949584961,13.441333770751953,ok
LA_D_8697162,13.965568542480469,13.96717357635498,ok
LA_D_8697996,-14.105554580688477,-14.129528999328613,ok
LA_D_8698219,12.459839820861816,12.462946891784668,ok
LA_D_8699272,14.473934173583984,14.502310752868652,ok
LA_D_8700986,7.584646224975586,7.587106704711914,ok
LA_D_8701190,16.045717239379883,16.0771541595459,ok
LA_D_8702097,14.891464233398438,14.89970874786377,ok
LA_D_8702563,9.315109252929688,9.316701889038086,ok
LA_D_8704593,14.912806510925293,14.968095779418945,ok
LA_D_8704675,16.625362396240234,16.626880645751953,ok
LA_D_8704829,17.34868812561035,17.394245147705078,ok
LA_D_8705688,15.81252384185791,15.839555740356445,ok
LA_D_8705922,-15.028932571411133,-15.035822868347168,ok
LA_D_8708656,14.238134384155273,14.249588966369629,ok
LA_D_8708922,22.174585342407227,22.194839477539062,ok
LA_D_8710691,14.325268745422363,14.349469184875488,ok
LA_D_8711337,15.784180641174316,15.797966003417969,ok
LA_D_8712202,13.768129348754883,13.799426078796387,ok
LA_D_8712827,12.210126876831055,12.222487449645996,ok
LA_D_8713797,16.39378547668457,16.41261100769043,ok
LA_D_8713999,14.595404624938965,14.637330055236816,ok
LA_D_8715195,12.476540565490723,12.477057456970215,ok
LA_D_8715386,15.403688430786133,15.474342346191406,ok
LA_D_8715868,-11.890790939331055,-11.901169776916504,ok
LA_D_8716948,13.81600570678711,13.816128730773926,ok
LA_D_8718165,17.958080291748047,17.97598648071289,ok
LA_D_8718179,17.474626541137695,17.513525009155273,ok
LA_D_8718669,15.809364318847656,15.82088565826416,ok
LA_D_8719230,13.760220527648926,13.7628173828125,ok
LA_D_8719759,13.012657165527344,13.019852638244629,ok
LA_D_8720226,18.986793518066406,19.06610870361328,ok
LA_D_8720385,13.158445358276367,13.187241554260254,ok
LA_D_8721312,10.856398582458496,10.862915992736816,ok
LA_D_8723456,16.239646911621094,16.25873374938965,ok
LA_D_8723788,12.13160514831543,12.132064819335938,ok
LA_D_8724279,14.446518898010254,14.472448348999023,ok
LA_D_8724573,15.225774765014648,15.24569320678711,ok
LA_D_8724597,14.47958755493164,14.48715591430664,ok
LA_D_8724645,15.722237586975098,15.760371208190918,ok
LA_D_8726013,10.949809074401855,10.961308479309082,ok
LA_D_8726741,11.107851028442383,11.112574577331543,ok
LA_D_8726806,16.51407241821289,16.51772117614746,ok
LA_D_8728321,14.647817611694336,14.670159339904785,ok
LA_D_8728415,15.683853149414062,15.684694290161133,ok
LA_D_8728622,12.059833526611328,12.09885311126709,ok
LA_D_8729192,13.629183769226074,13.695429801940918,ok
LA_D_8729734,14.497633934020996,14.497773170471191,ok
LA_D_8729758,-13.297883987426758,-13.309388160705566,ok
LA_D_8732000,15.795012474060059,15.797492980957031,ok
LA_D_8732956,14.983077049255371,14.991424560546875,ok
LA_D_8733004,14.222029685974121,14.256803512573242,ok
LA_D_8733315,10.453299522399902,10.478325843811035,ok
LA_D_8735190,18.848255157470703,18.86376190185547,ok
LA_D_8735979,15.187503814697266,15.187714576721191,ok
LA_D_8736080,14.831317901611328,14.836161613464355,ok
LA_D_8736114,11.047343254089355,11.049647331237793,ok
LA_D_8736560,15.279950141906738,15.280816078186035,ok
LA_D_8736662,17.139455795288086,17.185575485229492,ok
LA_D_8737458,13.728500366210938,13.74488353729248,ok
LA_D_8737709,11.11241626739502,11.152894020080566,ok
LA_D_8738176,16.11707305908203,16.156021118164062,ok
LA_D_8739986,13.082354545593262,13.088288307189941,ok
LA_D_8742351,13.487566947937012,13.506609916687012,ok
LA_D_8743472,14.145512580871582,14.14834976196289,ok
LA_D_8744543,16.299657821655273,16.336103439331055,ok
LA_D_8745130,-13.802573204040527,-13.809344291687012,ok
LA_D_8745732,13.1441068649292,13.2157621383667,ok
LA_D_8747095,12.075522422790527,12.12588882446289,ok
LA_D_8749378,-11.927105903625488,-11.942927360534668,ok
LA_D_8749920,13.097343444824219,13.102262496948242,ok
LA_D_8750902,10.65658950805664,10.670978546142578,ok
LA_D_8752359,10.618585586547852,10.68121337890625,ok
LA_D_8752569,13.55247974395752,13.567387580871582,ok
LA_D_8753292,19.22416114807129,19.2413387298584,ok
LA_D_8753814,11.869118690490723,11.878103256225586,ok
LA_D_8754324,10.532682418823242,10.5606689453125,ok
LA_D_8754795,15.402432441711426,15.405985832214355,ok
LA_D_8755311,2.0529279708862305,2.055870532989502,ok
LA_D_8756797,17.6560001373291,17.67561149597168,ok
LA_D_8756941,9.63296127319336,9.637848854064941,ok
LA_D_8758676,16.462766647338867,16.4661808013916,ok
LA_D_8758724,12.130756378173828,12.143762588500977,ok
LA_D_8759407,-14.357763290405273,-14.358160972595215,ok
LA_D_8759603,7.295589923858643,7.295673370361328,ok
LA_D_8759658,11.173656463623047,11.187596321105957,ok
LA_D_8762609,15.717329025268555,15.770445823669434,ok
LA_D_8763399,12.243268013000488,12.2940092086792,ok
LA_D_8763624,15.73976993560791,15.742842674255371,ok
LA_D_8763928,11.144777297973633,11.157065391540527,ok
LA_D_8763956,12.215025901794434,12.220895767211914,ok
LA_D_8764151,9.784418106079102,9.795878410339355,ok
LA_D_8764534,16.402204513549805,16.422908782958984,ok
LA_D_8764848,13.854629516601562,13.87042236328125,ok
LA_D_8765013,15.341248512268066,15.350334167480469,ok
LA_D_8765813,10.436620712280273,10.447070121765137,ok
LA_D_8765991,-15.175078392028809,-15.179207801818848,ok
LA_D_8766017,10.073341369628906,10.075193405151367,ok
LA_D_8766024,13.327506065368652,13.340624809265137,ok
LA_D_8767583,-12.68260669708252,-12.685269355773926,ok
LA_D_8767671,-13.719953536987305,-13.793991088867188,ok
LA_D_8769232,11.560172080993652,11.555464744567871,ok
LA_D_8770785,16.75113868713379,16.756488800048828,ok
LA_D_8770826,18.626121520996094,18.729881286621094,ok
LA_D_8771564,15.39360523223877,15.404376029968262,ok
LA_D_8772966,14.603208541870117,14.637560844421387,ok
LA_D_8773029,-11.176721572875977,-11.191847801208496,ok
LA_D_8773329,-14.029008865356445,-14.045267105102539,ok
LA_D_8773895,12.799518585205078,12.808079719543457,ok
LA_D_8775447,11.407094955444336,11.409781455993652,ok
LA_D_8779034,13.321442604064941,13.322660446166992,ok
LA_D_8780503,11.667967796325684,11.678400993347168,ok
LA_D_8780884,13.175763130187988,13.198686599731445,ok
LA_D_8781931,15.122246742248535,15.170434951782227,ok
LA_D_8783109,14.013608932495117,14.035133361816406,ok
LA_D_8783507,11.900479316711426,11.901043891906738,ok
LA_D_8787336,13.7395658493042,13.748604774475098,ok
LA_D_8788079,16.090612411499023,16.1157169342041,ok
LA_D_8788142,8.147997856140137,8.15149211883545,ok
LA_D_8788165,14.290164947509766,14.34288215637207,ok
LA_D_8788522,15.207925796508789,15.3256254196167,ok
LA_D_8789190,15.382387161254883,15.400467872619629,ok
LA_D_8790703,13.408510208129883,13.455025672912598,ok
LA_D_8791163,4.247634410858154,4.247067451477051,ok
LA_D_8791416,11.532596588134766,11.560076713562012,ok
LA_D_8791449,12.204428672790527,12.255773544311523,ok
LA_D_8792267,12.50409984588623,12.505982398986816,ok
LA_D_8792663,15.297403335571289,15.305562973022461,ok
LA_D_8794217,7.099413871765137,7.1051788330078125,ok
LA_D_8795367,13.625197410583496,13.639836311340332,ok
LA_D_8795592,13.631209373474121,13.633914947509766,ok
LA_D_8796891,12.433204650878906,12.4331636428833,ok
LA_D_8798580,16.210168838500977,16.22418785095215,ok
LA_D_8798927,15.162617683410645,15.166977882385254,ok
LA_D_8800120,16.72064971923828,16.731203079223633,ok
LA_D_8800518,12.909655570983887,12.944662094116211,ok
LA_D_8801530,9.599034309387207,9.60897159576416,ok
LA_D_8801720,13.122164726257324,13.127335548400879,ok
LA_D_8804146,15.4024019241333,15.404936790466309,ok
LA_D_8805955,13.75704574584961,13.76305866241455,ok
LA_D_8806017,-13.131182670593262,-13.133599281311035,ok
LA_D_8808510,14.476590156555176,14.522007942199707,ok
LA_D_8808516,13.083661079406738,13.10229778289795,ok
LA_D_8808929,15.488417625427246,15.493996620178223,ok
LA_D_8808969,16.875865936279297,16.923980712890625,ok
LA_D_8809106,15.162521362304688,15.178986549377441,ok
LA_D_8811306,16.184860229492188,16.273799896240234,ok
LA_D_8811548,12.00332260131836,12.02248477935791,ok
LA_D_8811694,13.207587242126465,13.215795516967773,ok
LA_D_8812811,10.954867362976074,10.964224815368652,ok
LA_D_8813745,11.727432250976562,11.73219108581543,ok
LA_D_8814451,13.395002365112305,13.455218315124512,ok
LA_D_8814488,-13.792769432067871,-13.81985855102539,ok
LA_D_8815079,15.029943466186523,15.045661926269531,ok
LA_D_8815720,13.554618835449219,13.56269645690918,ok
LA_D_8816193,16.01443099975586,16.039138793945312,ok
LA_D_8816902,13.579286575317383,13.598580360412598,ok
LA_D_8817691,11.265741348266602,11.286369323730469,ok
LA_D_8818969,18.291500091552734,18.40559959411621,ok
LA_D_8820030,15.766383171081543,15.767396926879883,ok
LA_D_8820413,15.067584037780762,15.083300590515137,ok
LA_D_8821044,11.90813159942627,11.908036231994629,ok
LA_D_8821382,11.409989356994629,11.41256046295166,ok
LA_D_8824981,13.87998104095459,13.914653778076172,ok
LA_D_8825208,10.73498821258545,10.7598237991333,ok
LA_D_8826150,15.162613868713379,15.178875923156738,ok
LA_D_8826258,9.445121765136719,9.439895629882812,ok
LA_D_8827374,14.39948844909668,14.404563903808594,ok
LA_D_8829199,13.378569602966309,13.3881254196167,ok
LA_D_8829502,16.694259643554688,16.698301315307617,ok
LA_D_8829832,14.491299629211426,14.50866985321045,ok
LA_D_8830433,12.433157920837402,12.456733703613281,ok
LA_D_8830828,-9.092954635620117,-9.114362716674805,ok
LA_D_8831382,14.098736763000488,14.099093437194824,ok
LA_D_8832311,14.844795227050781,14.915507316589355,ok
LA_D_8832584,13.559662818908691,13.590989112854004,ok
LA_D_8832719,15.995938301086426,16.012908935546875,ok
LA_D_8833531,16.117456436157227,16.142187118530273,ok
LA_D_8833581,18.067934036254883,18.09148597717285,ok
LA_D_8833920,11.803420066833496,11.808133125305176,ok
LA_D_8833933,6.484407901763916,6.497036933898926,ok
LA_D_8836257,-12.648550033569336,-12.69472599029541,ok
LA_D_8838589,15.797444343566895,15.826774597167969,ok
LA_D_8840072,20.285982131958008,20.384933471679688,ok
LA_D_8840275,13.068887710571289,13.105122566223145,ok
LA_D_8841412,17.055334091186523,17.161773681640625,ok
LA_D_8842630,16.45459747314453,16.479578018188477,ok
LA_D_8842633,13.576546669006348,13.595136642456055,ok
LA_D_8844357,-15.248828887939453,-15.293519020080566,ok
LA_D_8844443,14.559344291687012,14.588598251342773,ok
LA_D_8845360,13.112180709838867,13.154955863952637,ok
LA_D_8846056,9.257805824279785,9.257519721984863,ok
LA_D_8846893,19.28377342224121,19.2921199798584,ok
LA_D_8847601,14.86960220336914,14.905535697937012,ok
LA_D_8848529,13.702863693237305,13.715478897094727,ok
LA_D_8849846,17.459671020507812,17.474897384643555,ok
LA_D_8850840,14.140787124633789,14.164291381835938,ok
LA_D_8850937,13.961785316467285,14.000260353088379,ok
LA_D_8851647,13.66938304901123,13.679608345031738,ok
LA_D_8852103,16.02902603149414,16.03806495666504,ok
LA_D_8852535,18.037384033203125,18.05401611328125,ok
LA_D_8852748,17.424278259277344,17.46157455444336,ok
LA_D_8853078,14.965394020080566,14.990703582763672,ok
LA_D_8858217,9.444746017456055,9.445390701293945,ok
LA_D_8861570,11.519871711730957,11.520349502563477,ok
LA_D_8861762,15.440515518188477,15.480467796325684,ok
LA_D_8862440,20.8674259185791,20.886178970336914,ok
LA_D_8862614,16.16764259338379,16.168970108032227,ok
LA_D_8863380,-12.073171615600586,-12.112698554992676,ok
LA_D_8863596,11.39140796661377,11.393927574157715,ok
LA_D_8864927,11.657632827758789,11.667624473571777,ok
LA_D_8865823,13.310148239135742,13.319252014160156,ok
LA_D_8866287,7.435277462005615,7.429142475128174,ok
LA_D_8866986,13.96387767791748,14.03207778930664,ok
LA_D_8867068,13.367074012756348,13.367548942565918,ok
LA_D_8868121,12.389102935791016,12.404301643371582,ok
LA_D_8868214,12.775554656982422,12.83229923248291,ok
LA_D_8868497,11.143186569213867,11.143453598022461,ok
LA_D_8869402,15.510651588439941,15.528596878051758,ok
LA_D_8870358,20.254655838012695,20.301198959350586,ok
LA_D_8870403,17.120180130004883,17.138208389282227,ok
LA_D_8870926,9.787904739379883,9.811553001403809,ok
LA_D_8871382,12.682781219482422,12.682311058044434,ok
LA_D_8871469,14.433642387390137,14.43719482421875,ok
LA_D_8871612,9.988154411315918,10.010753631591797,ok
LA_D_8871719,15.876626968383789,15.894354820251465,ok
LA_D_8873375,16.468860626220703,16.497583389282227,ok
LA_D_8874300,12.080747604370117,12.117475509643555,ok
LA_D_8875562,12.97748851776123,13.006003379821777,ok
LA_D_8875680,7.52528190612793,7.527108192443848,ok
LA_D_8875770,13.023608207702637,13.059208869934082,ok
LA_D_8875774,11.629891395568848,11.680028915405273,ok
LA_D_8875939,18.15372657775879,18.220659255981445,ok
LA_D_8876728,3.499655246734619,3.5155181884765625,ok
LA_D_8877909,15.624377250671387,15.674415588378906,ok
LA_D_8878315,9.994834899902344,10.025704383850098,ok
LA_D_8878321,12.169461250305176,12.172185897827148,ok
LA_D_8878567,6.902698516845703,6.907179832458496,ok
LA_D_8878573,14.804519653320312,14.80983829498291,ok
LA_D_8878659,10.355656623840332,10.359603881835938,ok
LA_D_8879292,-14.62653923034668,-14.628451347351074,ok
LA_D_8879769,18.451248168945312,18.488855361938477,ok
LA_D_8879962,20.634416580200195,20.67011070251465,ok
LA_D_8880043,15.63955020904541,15.666277885437012,ok
LA_D_8880302,-14.85971736907959,-14.936676025390625,ok
LA_D_8880932,15.086853981018066,15.161816596984863,ok
LA_D_8881042,7.577691078186035,7.57769775390625,ok
LA_D_8881354,12.648362159729004,12.653410911560059,ok
LA_D_8882807,15.679919242858887,15.713997840881348,ok
LA_D_8884919,11.737236022949219,11.746562004089355,ok
LA_D_8886611,14.14323616027832,14.171667098999023,ok
LA_D_8888903,13.430547714233398,13.450922966003418,ok
LA_D_8889202,16.06015968322754,16.12056541442871,ok
LA_D_8889390,14.035842895507812,14.046320915222168,ok
LA_D_8890877,10.286185264587402,10.286893844604492,ok
LA_D_8890967,13.8597412109375,13.892451286315918,ok
LA_D_8891088,16.057037353515625,16.087995529174805,ok
LA_D_8891307,12.968708038330078,12.990811347961426,ok
LA_D_8891814,18.054973602294922,18.062397003173828,ok
LA_D_8892690,12.794639587402344,12.802448272705078,ok
LA_D_8892958,17.956584930419922,17.96360206604004,ok
LA_D_8893730,19.378337860107422,19.39665985107422,ok
LA_D_8894641,8.485881805419922,8.491877555847168,ok
LA_D_8894648,14.748016357421875,14.757840156555176,ok
LA_D_8895696,11.676864624023438,11.684181213378906,ok
LA_D_8896610,11.603096008300781,11.653998374938965,ok
LA_D_8899399,-10.284646034240723,-10.294424057006836,ok
LA_D_8900733,10.121637344360352,10.15743637084961,ok
LA_D_8903895,13.65854549407959,13.66591739654541,ok
LA_D_8904858,13.292719841003418,13.297195434570312,ok
LA_D_8905681,15.406914710998535,15.632100105285645,ok
LA_D_8905956,20.901933670043945,20.95771598815918,ok
LA_D_8906850,12.655268669128418,12.653427124023438,ok
LA_D_8907825,14.7999906539917,14.800060272216797,ok
LA_D_8908261,12.711520195007324,12.713277816772461,ok
LA_D_8909496,21.874265670776367,22.039030075073242,ok
LA_D_8909861,-12.456661224365234,-12.470147132873535,ok
LA_D_8910316,12.271044731140137,12.285721778869629,ok
LA_D_8910822,13.60692310333252,13.607736587524414,ok
LA_D_8911190,14.194039344787598,14.230888366699219,ok
LA_D_8911365,11.401145935058594,11.40898609161377,ok
LA_D_8911591,14.727336883544922,14.762105941772461,ok
LA_D_8912596,15.326994895935059,15.332097053527832,ok
LA_D_8912899,17.094623565673828,17.1441593170166,ok
LA_D_8912964,2.4684791564941406,2.4867496490478516,ok
LA_D_8914938,9.0137939453125,9.027897834777832,ok
LA_D_8915463,13.559008598327637,13.649147033691406,ok
LA_D_8916939,12.139420509338379,12.146382331848145,ok
LA_D_8918981,13.78879451751709,13.831011772155762,ok
LA_D_8920232,18.151683807373047,18.170591354370117,ok
LA_D_8922428,13.46288776397705,13.485318183898926,ok
LA_D_8923139,12.729043006896973,12.761320114135742,ok
LA_D_8923373,11.760501861572266,11.765286445617676,ok
LA_D_8923577,14.796517372131348,14.823100090026855,ok
LA_D_8923789,14.543828964233398,14.56411361694336,ok
LA_D_8924553,-7.544763565063477,-7.560108661651611,ok
LA_D_8925094,16.523616790771484,16.599523544311523,ok
LA_D_8925211,12.253894805908203,12.253959655761719,ok
LA_D_8925628,18.38140869140625,18.42582893371582,ok
LA_D_8926504,13.91373348236084,13.937378883361816,ok
LA_D_8928209,6.960164546966553,6.968660831451416,ok
LA_D_8929588,11.354986190795898,11.357571601867676,ok
LA_D_8930242,15.494522094726562,15.50558853149414,ok
LA_D_8930518,16.889354705810547,16.980867385864258,ok
LA_D_8931062,15.613241195678711,15.610682487487793,ok
LA_D_8931596,-15.317669868469238,-15.340415000915527,ok
LA_D_8932667,13.567147254943848,13.571553230285645,ok
LA_D_8932992,11.77207088470459,11.78700065612793,ok
LA_D_8933531,19.545015335083008,19.61887550354004,ok
LA_D_8933570,-14.572511672973633,-14.597479820251465,ok
LA_D_8934450,14.210348129272461,14.2166748046875,ok
LA_D_8934774,14.226758003234863,14.267794609069824,ok
LA_D_8934893,12.949131965637207,12.968536376953125,ok
LA_D_8936540,-13.683640480041504,-13.720349311828613,ok
LA_D_8937390,14.068124771118164,14.068604469299316,ok
LA_D_8937760,11.56052017211914,11.562009811401367,ok
LA_D_8939040,14.770133018493652,14.772010803222656,ok
LA_D_8939153,9.508650779724121,9.540996551513672,ok
LA_D_8940296,11.845019340515137,11.857396125793457,ok
LA_D_8940643,17.027246475219727,17.046293258666992,ok
LA_D_8940981,3.3222644329071045,3.3277587890625,ok
LA_D_8941037,10.575867652893066,10.576714515686035,ok
LA_D_8941942,17.4111270904541,17.4478702545166,ok
LA_D_8942125,-11.3012056350708,-11.379050254821777,ok
LA_D_8942973,13.823065757751465,13.832831382751465,ok
LA_D_8943651,14.933544158935547,14.970850944519043,ok
LA_D_8944425,15.36528491973877,15.38375186920166,ok
LA_D_8944675,13.819402694702148,13.883143424987793,ok
LA_D_8947789,18.530370712280273,18.553884506225586,ok
LA_D_8947861,-14.297469139099121,-14.308222770690918,ok
LA_D_8948710,15.542245864868164,15.618352890014648,ok
LA_D_8950385,14.474583625793457,14.494272232055664,ok
LA_D_8950647,15.876850128173828,15.897149085998535,ok
LA_D_8950993,15.20223617553711,15.30643367767334,ok
LA_D_8951313,17.877243041992188,17.875871658325195,ok
LA_D_8952306,-10.73090934753418,-10.735054969787598,ok
LA_D_8954865,17.031719207763672,17.05999183654785,ok
LA_D_8954954,11.657633781433105,11.659273147583008,ok
LA_D_8955970,13.43205451965332,13.4513578414917,ok
LA_D_8956992,11.057701110839844,11.058032989501953,ok
LA_D_8957132,13.212080001831055,13.217174530029297,ok
LA_D_8957701,13.179498672485352,13.181700706481934,ok
LA_D_8957959,13.8530912399292,13.85163688659668,ok
LA_D_8958398,12.255227088928223,12.25125789642334,ok
LA_D_8958444,17.0955810546875,17.24825096130371,ok
LA_D_8959959,8.077064514160156,8.086772918701172,ok
LA_D_8960097,12.933292388916016,12.935284614562988,ok
LA_D_8960736,13.11871337890625,13.137924194335938,ok
LA_D_8961138,13.239611625671387,13.26701545715332,ok
LA_D_8961195,16.332963943481445,16.34086799621582,ok
LA_D_8961621,10.014936447143555,10.016683578491211,ok
LA_D_8961930,18.344051361083984,18.38410758972168,ok
LA_D_8962012,6.603781223297119,6.60404634475708,ok
LA_D_8964132,9.67455768585205,9.669951438903809,ok
LA_D_8964874,13.179581642150879,13.210978507995605,ok
LA_D_8965622,11.67643928527832,11.705389976501465,ok
LA_D_8967078,15.797335624694824,15.811460494995117,ok
LA_D_8967930,12.574268341064453,12.590543746948242,ok
LA_D_8969618,17.053735733032227,17.07404899597168,ok
LA_D_8971601,16.69196128845215,16.81223487854004,ok
LA_D_8971968,6.429476261138916,6.429497241973877,ok
LA_D_8974858,14.476603507995605,14.530631065368652,ok
LA_D_8975234,20.975847244262695,21.2109432220459,ok
LA_D_8975798,13.646839141845703,13.652082443237305,ok
LA_D_8976318,15.681427001953125,15.685023307800293,ok
LA_D_8976620,-12.527912139892578,-12.606040000915527,ok
LA_D_8978448,-12.418845176696777,-12.452738761901855,ok
LA_D_8978560,-13.785246849060059,-13.790934562683105,ok
LA_D_8979245,16.47580909729004,16.472137451171875,ok
LA_D_8980393,-14.86193561553955,-14.87974739074707,ok
LA_D_8980613,15.521422386169434,15.537546157836914,ok
LA_D_8983296,16.115829467773438,16.135046005249023,ok
LA_D_8983751,12.273540496826172,12.289748191833496,ok
LA_D_8983810,9.849546432495117,9.861003875732422,ok
LA_D_8986360,-13.724446296691895,-13.737391471862793,ok
LA_D_8986682,18.951908111572266,18.953264236450195,ok
LA_D_8986725,9.305569648742676,9.320148468017578,ok
LA_D_8987632,15.494791984558105,15.500420570373535,ok
LA_D_8987674,10.454520225524902,10.460737228393555,ok
LA_D_8987827,19.40486717224121,19.421110153198242,ok
LA_D_8988479,11.049729347229004,11.128029823303223,ok
LA_D_8988605,20.13863754272461,20.148805618286133,ok
LA_D_8989585,-9.922585487365723,-9.963589668273926,ok
LA_D_8991753,14.502659797668457,14.52270221710205,ok
LA_D_8991799,8.856406211853027,8.858353614807129,ok
LA_D_8992743,15.5862398147583,15.613686561584473,ok
LA_D_8992776,11.17025089263916,11.186468124389648,ok
LA_D_8992901,10.791993141174316,10.801694869995117,ok
LA_D_8993681,-16.386829376220703,-16.400667190551758,ok
LA_D_8994328,15.051146507263184,15.07568359375,ok
LA_D_8995264,-0.21606115996837616,-0.22408419847488403,ok
LA_D_8995647,-12.719460487365723,-12.732661247253418,ok
LA_D_8997256,9.705164909362793,9.70760440826416,ok
LA_D_8998352,14.284141540527344,14.306319236755371,ok
LA_D_8998915,15.957159042358398,15.970279693603516,ok
LA_D_8998984,15.217247009277344,15.235692024230957,ok
LA_D_9000151,11.580662727355957,11.590067863464355,ok
LA_D_9001681,14.517576217651367,14.51933479309082,ok
LA_D_9002788,10.743876457214355,10.759113311767578,ok
LA_D_9005051,8.353009223937988,8.355469703674316,ok
LA_D_9005941,13.114481925964355,13.117258071899414,ok
LA_D_9006149,14.126193046569824,14.14144229888916,ok
LA_D_9007860,17.423734664916992,17.583690643310547,ok
LA_D_9008937,13.385008811950684,13.39149284362793,ok
LA_D_9011396,14.405231475830078,14.41074275970459,ok
LA_D_9011511,14.05649185180664,14.060465812683105,ok
LA_D_9012249,15.5784273147583,15.605463027954102,ok
LA_D_9012367,13.804594039916992,13.824584007263184,ok
LA_D_9013901,12.607524871826172,12.614999771118164,ok
LA_D_9014300,15.351591110229492,15.358460426330566,ok
LA_D_9014425,12.692988395690918,12.693798065185547,ok
LA_D_9017623,19.196697235107422,19.246278762817383,ok
LA_D_9018221,9.95073127746582,9.953842163085938,ok
LA_D_9020589,15.388604164123535,15.394124031066895,ok
LA_D_9021893,14.784306526184082,14.929244995117188,ok
LA_D_9022054,14.506433486938477,14.529281616210938,ok
LA_D_9023318,16.97673225402832,17.02248764038086,ok
LA_D_9025240,16.22244644165039,16.252836227416992,ok
LA_D_9026344,17.04256248474121,17.05447769165039,ok
LA_D_9026390,10.802031517028809,10.803439140319824,ok
LA_D_9027095,-12.657340049743652,-12.677170753479004,ok
LA_D_9030143,9.076008796691895,9.074254035949707,ok
LA_D_9032192,16.13414764404297,16.169099807739258,ok
LA_D_9033630,17.46427345275879,17.48193359375,ok
LA_D_9035942,-6.208278656005859,-6.208710193634033,ok
LA_D_9036300,9.748807907104492,9.831999778747559,ok
LA_D_9036585,11.454251289367676,11.467334747314453,ok
LA_D_9036703,8.09190559387207,8.094647407531738,ok
LA_D_9037892,18.319347381591797,18.3487606048584,ok
LA_D_9038073,16.571252822875977,16.59971046447754,ok
LA_D_9039108,9.646035194396973,9.653909683227539,ok
LA_D_9039340,14.501258850097656,14.552932739257812,ok
LA_D_9039771,-13.959118843078613,-13.967538833618164,ok
LA_D_9040314,9.641563415527344,9.640853881835938,ok
LA_D_9040602,-15.258916854858398,-15.291139602661133,ok
LA_D_9042048,15.995467185974121,16.01401138305664,ok
LA_D_9042253,-13.997446060180664,-14.005430221557617,ok
LA_D_9043636,19.82740592956543,19.830995559692383,ok
LA_D_9044209,13.031937599182129,13.07653522491455,ok
LA_D_9045200,10.910116195678711,10.92056655883789,ok
LA_D_9045570,14.809285163879395,14.81400203704834,ok
LA_D_9048413,11.256678581237793,11.266936302185059,ok
LA_D_9048737,13.625449180603027,13.626618385314941,ok
LA_D_9049736,16.902591705322266,16.9106388092041,ok
LA_D_9050106,12.527012825012207,12.532166481018066,ok
LA_D_9051356,15.804352760314941,15.834073066711426,ok
LA_D_9053095,14.853683471679688,14.857823371887207,ok
LA_D_9053096,10.007081031799316,10.008157730102539,ok
LA_D_9053193,12.305773735046387,12.355466842651367,ok
LA_D_9053763,16.634225845336914,16.648906707763672,ok
LA_D_9055271,12.572166442871094,12.588753700256348,ok
LA_D_9058027,14.695524215698242,14.726367950439453,ok
LA_D_9058492,20.112274169921875,20.13309097290039,ok
LA_D_9058869,16.419214248657227,16.420507431030273,ok
LA_D_9059259,11.045577049255371,11.045945167541504,ok
LA_D_9059452,19.796653747558594,19.87876319885254,ok
LA_D_9062081,-13.89930534362793,-13.911015510559082,ok
LA_D_9063622,12.091743469238281,12.09543514251709,ok
LA_D_9064394,11.332880973815918,11.333329200744629,ok
LA_D_9065595,3.548041343688965,3.5541815757751465,ok
LA_D_9065762,-12.116509437561035,-12.131197929382324,ok
LA_D_9066461,18.332447052001953,18.36604881286621,ok
LA_D_9066739,16.007455825805664,16.0200138092041,ok
LA_D_9067610,16.87411880493164,16.87617301940918,ok
LA_D_9068099,17.111581802368164,17.118410110473633,ok
LA_D_9071072,15.34843921661377,15.350249290466309,ok
LA_D_9072602,14.63333511352539,14.652294158935547,ok
LA_D_9073444,14.578377723693848,14.587837219238281,ok
LA_D_9073905,15.625508308410645,15.654489517211914,ok
LA_D_9074375,15.654437065124512,15.685894012451172,ok
LA_D_9075341,14.033930778503418,14.1144380569458,ok
LA_D_9076677,-13.487990379333496,-13.488876342773438,ok
LA_D_9076744,13.099847793579102,13.110186576843262,ok
LA_D_9077132,14.816126823425293,14.817890167236328,ok
LA_D_9077999,18.250694274902344,18.254322052001953,ok
LA_D_9080371,-13.541842460632324,-13.554458618164062,ok
LA_D_9080415,10.877751350402832,10.900161743164062,ok
LA_D_9081617,15.492058753967285,15.508049964904785,ok
LA_D_9082501,19.091598510742188,19.092527389526367,ok
LA_D_9085002,21.45514488220215,21.543163299560547,ok
LA_D_9086230,11.435043334960938,11.457868576049805,ok
LA_D_9086287,13.049348831176758,13.066568374633789,ok
LA_D_9091046,9.819062232971191,9.819049835205078,ok
LA_D_9091774,-14.599907875061035,-14.608257293701172,ok
LA_D_9092108,13.89632511138916,13.902016639709473,ok
LA_D_9092221,20.136028289794922,20.13657569885254,ok
LA_D_9092413,19.877838134765625,19.931848526000977,ok
LA_D_9092875,13.309922218322754,13.312652587890625,ok
LA_D_9093007,11.7581205368042,11.761641502380371,ok
LA_D_9094488,18.91395378112793,18.95766258239746,ok
LA_D_9094713,17.151416778564453,17.168188095092773,ok
LA_D_9095089,16.75048065185547,16.752195358276367,ok
LA_D_9095164,-11.149791717529297,-11.160508155822754,ok
LA_D_9095485,14.221587181091309,14.226277351379395,ok
LA_D_9095874,7.209266185760498,7.242026329040527,ok
LA_D_9096004,11.688240051269531,11.702714920043945,ok
LA_D_9096116,15.157909393310547,15.16141414642334,ok
LA_D_9096187,11.44916820526123,11.452364921569824,ok
LA_D_9097473,10.794876098632812,10.813946723937988,ok
LA_D_9098375,12.602019309997559,12.6144380569458,ok
LA_D_9098847,13.238395690917969,13.238369941711426,ok
LA_D_9101305,13.966338157653809,13.97253131866455,ok
LA_D_9101643,14.413740158081055,14.439981460571289,ok
LA_D_9103728,15.505410194396973,15.529233932495117,ok
LA_D_9105267,12.846062660217285,12.850346565246582,ok
LA_D_9105293,20.276405334472656,20.36566734313965,ok
LA_D_9106136,16.731773376464844,16.733051300048828,ok
LA_D_9106315,13.35560417175293,13.378186225891113,ok
LA_D_9107569,13.072928428649902,13.07337474822998,ok
LA_D_9109666,14.572700500488281,14.575539588928223,ok
LA_D_9109915,17.62533187866211,17.625883102416992,ok
LA_D_9111429,14.84273910522461,14.874845504760742,ok
LA_D_9112845,13.571850776672363,13.583069801330566,ok
LA_D_9113299,-13.012333869934082,-13.019393920898438,ok
LA_D_9113588,-8.771570205688477,-8.782660484313965,ok
LA_D_9115231,17.08296775817871,17.103492736816406,ok
LA_D_9115338,13.875059127807617,13.8986234664917,ok
LA_D_9115565,1.325940728187561,1.3377577066421509,ok
LA_D_9117374,-15.07829475402832,-15.0921049118042,ok
LA_D_9117562,12.660884857177734,12.662732124328613,ok
LA_D_9118224,14.737940788269043,14.787239074707031,ok
LA_D_9118659,-13.524238586425781,-13.553386688232422,ok
LA_D_9119095,13.383072853088379,13.396774291992188,ok
LA_D_9119177,11.424666404724121,11.445956230163574,ok
LA_D_9120091,12.14394474029541,12.164462089538574,ok
LA_D_9120425,16.851696014404297,16.853479385375977,ok
LA_D_9121380,13.440564155578613,13.461718559265137,ok
LA_D_9121718,15.426911354064941,15.427712440490723,ok
LA_D_9122016,12.284430503845215,12.29746150970459,ok
LA_D_9122088,9.397232055664062,9.417183876037598,ok
LA_D_9122497,11.671595573425293,11.685507774353027,ok
LA_D_9123838,12.300046920776367,12.302979469299316,ok
LA_D_9125336,10.447184562683105,10.46094799041748,ok
LA_D_9125966,-15.2121000289917,-15.237658500671387,ok
LA_D_9126409,-14.57059097290039,-14.58569049835205,ok
LA_D_9127001,11.54412841796875,11.554118156433105,ok
LA_D_9127411,19.02910614013672,19.12210464477539,ok
LA_D_9129067,17.418943405151367,17.592546463012695,ok
LA_D_9129216,14.347274780273438,14.373662948608398,ok
LA_D_9131105,17.904891967773438,17.956804275512695,ok
LA_D_9131527,13.648436546325684,13.661112785339355,ok
LA_D_9132728,12.922329902648926,12.946006774902344,ok
LA_D_9133128,14.940455436706543,14.961968421936035,ok
LA_D_9133444,-14.909137725830078,-14.91795825958252,ok
LA_D_9134485,13.675841331481934,13.699397087097168,ok
LA_D_9135294,-12.500185012817383,-12.501280784606934,ok
LA_D_9135528,14.119510650634766,14.122929573059082,ok
LA_D_9136883,17.941560745239258,17.967687606811523,ok
LA_D_9137331,-14.801350593566895,-14.807364463806152,ok
LA_D_9138868,12.294281959533691,12.295992851257324,ok
LA_D_9138892,9.425798416137695,9.428915977478027,ok
LA_D_9140494,14.504518508911133,14.545931816101074,ok
LA_D_9140619,16.45809555053711,16.461393356323242,ok
LA_D_9144289,8.72470760345459,8.718132972717285,ok
LA_D_9144406,18.601408004760742,18.620943069458008,ok
LA_D_9146484,-13.824034690856934,-13.866508483886719,ok
LA_D_9146864,15.126903533935547,15.122779846191406,ok
LA_D_9147299,15.21353530883789,15.214542388916016,ok
LA_D_9147825,15.557323455810547,15.660714149475098,ok
LA_D_9148057,21.089794158935547,21.135154724121094,ok
LA_D_9148724,13.899712562561035,13.925508499145508,ok
LA_D_9149364,13.84202766418457,13.867846488952637,ok
LA_D_9149883,11.92884635925293,11.995305061340332,ok
LA_D_9150782,14.346322059631348,14.40330696105957,ok
LA_D_9151278,11.255829811096191,11.278797149658203,ok
LA_D_9151418,18.82053565979004,18.864788055419922,ok
LA_D_9152403,6.725294589996338,6.7280168533325195,ok
LA_D_9153269,13.831497192382812,13.846115112304688,ok
LA_D_9154948,15.52047348022461,15.541817665100098,ok
LA_D_9155834,17.034446716308594,17.05161476135254,ok
LA_D_9156038,6.580118179321289,6.5940260887146,ok
LA_D_9156390,15.226079940795898,15.245503425598145,ok
LA_D_9158496,20.720355987548828,20.727956771850586,ok
LA_D_9159389,18.584447860717773,18.597795486450195,ok
LA_D_9159860,13.136646270751953,13.152607917785645,ok
LA_D_9159907,-15.258580207824707,-15.262430191040039,ok
LA_D_9160139,12.84290599822998,12.843058586120605,ok
LA_D_9160310,-14.047611236572266,-14.057454109191895,ok
LA_D_9160362,13.630630493164062,13.632670402526855,ok
LA_D_9160621,12.250338554382324,12.380906105041504,ok
LA_D_9160943,13.00943374633789,13.027100563049316,ok
LA_D_9161942,10.595481872558594,10.596230506896973,ok
LA_D_9162612,11.3173189163208,11.317277908325195,ok
LA_D_9163803,14.50384521484375,14.542658805847168,ok
LA_D_9165189,15.385029792785645,15.388612747192383,ok
LA_D_9165269,12.135756492614746,12.151320457458496,ok
LA_D_9165454,14.507845878601074,14.515384674072266,ok
LA_D_9167206,-13.28767204284668,-13.287816047668457,ok
LA_D_9167498,14.599262237548828,14.686060905456543,ok
LA_D_9167860,11.384858131408691,11.386319160461426,ok
LA_D_9170505,16.360965728759766,16.390161514282227,ok
LA_D_9170533,15.860042572021484,15.864533424377441,ok
LA_D_9170546,18.19204330444336,18.197057723999023,ok
LA_D_9170640,13.695915222167969,13.702733993530273,ok
LA_D_9170829,12.842812538146973,12.860264778137207,ok
LA_D_9171276,13.373693466186523,13.40117359161377,ok
LA_D_9172298,-13.03073501586914,-13.032105445861816,ok
LA_D_9172994,17.511137008666992,17.513410568237305,ok
LA_D_9173096,14.921897888183594,14.969297409057617,ok
LA_D_9173264,14.426342010498047,14.429911613464355,ok
LA_D_9173342,14.065872192382812,14.11021614074707,ok
LA_D_9173640,12.63652515411377,12.699488639831543,ok
LA_D_9173760,14.274613380432129,14.314949035644531,ok
LA_D_9174169,13.73581314086914,13.750836372375488,ok
LA_D_9174943,11.499236106872559,11.514363288879395,ok
LA_D_9175079,13.083455085754395,13.12231731414795,ok
LA_D_9175542,8.786391258239746,8.787619590759277,ok
LA_D_9175790,20.211050033569336,20.25404930114746,ok
LA_D_9176089,9.692749977111816,9.693097114562988,ok
LA_D_9178334,11.323323249816895,11.331681251525879,ok
LA_D_9178466,14.923919677734375,14.929770469665527,ok
LA_D_9178575,13.533693313598633,13.539302825927734,ok
LA_D_9178673,14.143112182617188,14.152995109558105,ok
LA_D_9180251,4.530529499053955,4.538924694061279,ok
LA_D_9180824,17.520299911499023,17.520862579345703,ok
LA_D_9182085,12.515055656433105,12.514688491821289,ok
LA_D_9183395,-14.885642051696777,-14.902222633361816,ok
LA_D_9183719,11.410820960998535,11.420121192932129,ok
LA_D_9184655,-11.280417442321777,-11.4025297164917,ok
LA_D_9189588,15.164978981018066,15.16326904296875,ok
LA_D_9189777,11.956282615661621,11.961237907409668,ok
LA_D_9191160,14.204941749572754,14.211135864257812,ok
LA_D_9192418,13.329262733459473,13.399649620056152,ok
LA_D_9192772,14.094124794006348,14.107069969177246,ok
LA_D_9193020,15.335718154907227,15.359295845031738,ok
LA_D_9194593,14.458351135253906,14.519265174865723,ok
LA_D_9195548,14.568869590759277,14.599996566772461,ok
LA_D_9196227,13.828202247619629,13.853354454040527,ok
LA_D_9196257,4.255212783813477,4.2455878257751465,ok
LA_D_9196271,18.63311195373535,18.636655807495117,ok
LA_D_9197432,9.374239921569824,9.401050567626953,ok
LA_D_9197542,17.695858001708984,17.696924209594727,ok
LA_D_9198030,13.525650978088379,13.525921821594238,ok
LA_D_9199194,12.304952621459961,12.310995101928711,ok
LA_D_9200045,-13.242886543273926,-13.27259349822998,ok
LA_D_9201990,16.04669189453125,16.08037757873535,ok
LA_D_9202951,13.874979019165039,13.910886764526367,ok
LA_D_9203142,17.297801971435547,17.33257484436035,ok
LA_D_9204208,20.63632583618164,20.778759002685547,ok
LA_D_9206015,14.112759590148926,14.1192626953125,ok
LA_D_9206035,9.639860153198242,9.643229484558105,ok
LA_D_9207502,11.230987548828125,11.247010231018066,ok
LA_D_9208964,13.439926147460938,13.449732780456543,ok
LA_D_9209018,16.331138610839844,16.362281799316406,ok
LA_D_9209406,10.992609977722168,10.993496894836426,ok
LA_D_9209591,-13.280649185180664,-13.281684875488281,ok
LA_D_9210275,11.30051040649414,11.305583000183105,ok
LA_D_9212778,14.033510208129883,14.051093101501465,ok
LA_D_9216190,13.81770133972168,13.816069602966309,ok
LA_D_9217255,15.049688339233398,15.051366806030273,ok
LA_D_9217605,15.825216293334961,15.829571723937988,ok
LA_D_9218689,16.649080276489258,16.79383659362793,ok
LA_D_9219265,14.012085914611816,14.016165733337402,ok
LA_D_9220018,15.455653190612793,15.468794822692871,ok
LA_D_9222077,15.758362770080566,15.783163070678711,ok
LA_D_9222686,13.64761734008789,13.682257652282715,ok
LA_D_9223694,17.02718734741211,17.0716552734375,ok
LA_D_9224096,-13.525932312011719,-13.54131031036377,ok
LA_D_9224359,9.172444343566895,9.172507286071777,ok
LA_D_9225299,15.91089153289795,15.916243553161621,ok
LA_D_9226269,17.601152420043945,17.643945693969727,ok
LA_D_9230787,15.704882621765137,15.855843544006348,ok
LA_D_9231954,12.81505012512207,12.834310531616211,ok
LA_D_9232895,17.490800857543945,17.506576538085938,ok
LA_D_9233372,18.067562103271484,18.118301391601562,ok
LA_D_9233697,16.772647857666016,16.813188552856445,ok
LA_D_9235322,10.597762107849121,10.614776611328125,ok
LA_D_9236613,18.4553279876709,18.47588348388672,ok
LA_D_9237935,15.341060638427734,15.352669715881348,ok
LA_D_9238403,11.598319053649902,11.618020057678223,ok
LA_D_9238588,9.638376235961914,9.638407707214355,ok
LA_D_9238626,11.608975410461426,11.618204116821289,ok
LA_D_9240035,-14.120885848999023,-14.23641300201416,ok
LA_D_9240337,14.880156517028809,14.888326644897461,ok
LA_D_9241229,-13.579913139343262,-13.607220649719238,ok
LA_D_9241230,13.48879337310791,13.513263702392578,ok
LA_D_9241530,-14.315951347351074,-14.327752113342285,ok
LA_D_9241694,15.840893745422363,15.882781982421875,ok
LA_D_9242112,16.38945770263672,16.42768669128418,ok
LA_D_9242631,13.497713088989258,13.523587226867676,ok
LA_D_9242976,19.844303131103516,19.992082595825195,ok
LA_D_9244255,13.022233009338379,13.03122615814209,ok
LA_D_9244478,17.3482666015625,17.348222732543945,ok
LA_D_9246417,12.876191139221191,12.890667915344238,ok
LA_D_9247963,10.49267578125,10.495601654052734,ok
LA_D_9248076,14.666101455688477,14.701011657714844,ok
LA_D_9248232,17.089731216430664,17.147390365600586,ok
LA_D_9249528,16.651168823242188,16.66506004333496,ok
LA_D_9249738,13.963546752929688,13.979244232177734,ok
LA_D_9250654,10.692900657653809,10.694247245788574,ok
LA_D_9251632,13.18700122833252,13.193031311035156,ok
LA_D_9251833,15.397892951965332,15.400153160095215,ok
LA_D_9254137,14.851646423339844,14.863404273986816,ok
LA_D_9254481,16.78488540649414,16.79883575439453,ok
LA_D_9255229,15.951506614685059,15.999247550964355,ok
LA_D_9257320,14.163700103759766,14.21562385559082,ok
LA_D_9257491,7.221836090087891,7.221141815185547,ok
LA_D_9258278,11.103219985961914,11.14525318145752,ok
LA_D_9259569,11.836398124694824,11.871103286743164,ok
LA_D_9260902,-13.917855262756348,-13.928400993347168,ok
LA_D_9261139,14.530354499816895,14.540457725524902,ok
LA_D_9262171,12.946673393249512,12.952462196350098,ok
LA_D_9262825,12.998483657836914,13.013813972473145,ok
LA_D_9264205,14.295304298400879,14.310861587524414,ok
LA_D_9264408,16.24578094482422,16.272613525390625,ok
LA_D_9265361,13.877909660339355,13.89554500579834,ok
LA_D_9266618,9.271682739257812,9.279339790344238,ok
LA_D_9266761,18.052349090576172,18.08625602722168,ok
LA_D_9269691,17.28688621520996,17.290428161621094,ok
LA_D_9270152,14.464125633239746,14.5300931930542,ok
LA_D_9271439,15.837712287902832,15.844803810119629,ok
LA_D_9272509,-11.3131685256958,-11.330307960510254,ok
LA_D_9272636,-15.017465591430664,-15.03023624420166,ok
LA_D_9273017,14.539380073547363,14.540385246276855,ok
LA_D_9274099,10.993426322937012,11.021207809448242,ok
LA_D_9274326,12.659746170043945,12.686348915100098,ok
LA_D_9274477,12.843652725219727,12.848372459411621,ok
LA_D_9275415,10.678979873657227,10.69013500213623,ok
LA_D_9275744,18.700050354003906,18.764591217041016,ok
LA_D_9275774,16.561553955078125,16.567258834838867,ok
LA_D_9277522,16.912765502929688,16.95380210876465,ok
LA_D_9278101,14.12916088104248,14.135820388793945,ok
LA_D_9278326,18.713972091674805,18.74372673034668,ok
LA_D_9278460,14.268026351928711,14.27542495727539,ok
LA_D_9278655,12.49471664428711,12.49765396118164,ok
LA_D_9279366,11.982488632202148,11.983528137207031,ok
LA_D_9281005,10.67732048034668,10.680137634277344,ok
LA_D_9281870,11.945762634277344,11.945746421813965,ok
LA_D_9284758,13.435418128967285,13.44039535522461,ok
LA_D_9287127,14.340005874633789,14.396956443786621,ok
LA_D_9287624,10.199091911315918,10.201167106628418,ok
LA_D_9288877,16.15706443786621,16.193729400634766,ok
LA_D_9289055,16.7026424407959,16.7442626953125,ok
LA_D_9289260,13.512511253356934,13.535238265991211,ok
LA_D_9289288,16.661020278930664,16.688955307006836,ok
LA_D_9289511,14.35555648803711,14.405682563781738,ok
LA_D_9289629,12.0253324508667,12.048286437988281,ok
LA_D_9290170,10.84341049194336,10.84354305267334,ok
LA_D_9291135,10.753437995910645,10.754929542541504,ok
LA_D_9291930,13.810506820678711,13.810505867004395,ok
LA_D_9292862,17.504697799682617,17.52358055114746,ok
LA_D_9294766,16.174694061279297,16.191062927246094,ok
LA_D_9295080,-11.179471015930176,-11.190849304199219,ok
LA_D_9295289,14.264413833618164,14.306048393249512,ok
LA_D_9295689,13.526912689208984,13.543620109558105,ok
LA_D_9297011,13.414608001708984,13.429808616638184,ok
LA_D_9297479,14.43770980834961,14.440494537353516,ok
LA_D_9298211,21.70464515686035,21.708467483520508,ok
LA_D_9298303,14.48962688446045,14.502007484436035,ok
LA_D_9299077,13.555682182312012,13.555756568908691,ok
LA_D_9299686,-7.861993789672852,-7.862001419067383,ok
LA_D_9300277,-14.981902122497559,-14.984728813171387,ok
LA_D_9301345,17.401981353759766,17.4118595123291,ok
LA_D_9301839,16.642719268798828,16.78333282470703,ok
LA_D_9302376,9.667571067810059,9.674583435058594,ok
LA_D_9303374,13.37647819519043,13.396273612976074,ok
LA_D_9304099,-14.13071346282959,-14.142304420471191,ok
LA_D_9304694,11.917275428771973,11.94839096069336,ok
LA_D_9304826,14.625755310058594,14.675211906433105,ok
LA_D_9305104,12.86470890045166,12.881186485290527,ok
LA_D_9305138,11.171564102172852,11.190972328186035,ok
LA_D_9305482,17.8516845703125,17.855426788330078,ok
LA_D_9305654,12.872611045837402,12.916027069091797,ok
LA_D_9306659,12.042198181152344,12.056870460510254,ok
LA_D_9308388,14.97278118133545,14.980311393737793,ok
LA_D_9308715,19.49321746826172,19.513334274291992,ok
LA_D_9310262,16.367839813232422,16.4339656829834,ok
LA_D_9311350,-15.826554298400879,-15.837162971496582,ok
LA_D_9314069,12.665759086608887,12.689797401428223,ok
LA_D_9314868,12.55908203125,12.560879707336426,ok
LA_D_9314884,14.119847297668457,14.182548522949219,ok
LA_D_9315635,15.797219276428223,15.820748329162598,ok
LA_D_9316058,16.416128158569336,16.42743492126465,ok
LA_D_9318857,14.92465877532959,14.928938865661621,ok
LA_D_9319228,11.61182689666748,11.612332344055176,ok
LA_D_9319381,-7.444732189178467,-7.499034881591797,ok
LA_D_9320180,14.36495590209961,14.42938232421875,ok
LA_D_9321322,9.152782440185547,9.168585777282715,ok
LA_D_9321479,11.376131057739258,11.391785621643066,ok
LA_D_9322246,14.796170234680176,14.841524124145508,ok
LA_D_9323100,14.664765357971191,14.676127433776855,ok
LA_D_9323815,-14.301437377929688,-14.386005401611328,ok
LA_D_9323962,16.616151809692383,16.619861602783203,ok
LA_D_9325156,9.600275993347168,9.607049942016602,ok
LA_D_9325392,19.11444664001465,19.114328384399414,ok
LA_D_9326060,15.50309944152832,15.532069206237793,ok
LA_D_9327413,12.414481163024902,12.416021347045898,ok
LA_D_9327657,16.724624633789062,16.743379592895508,ok
LA_D_9330492,-12.161176681518555,-12.19235897064209,ok
LA_D_9331853,16.544626235961914,16.571226119995117,ok
LA_D_9332950,15.180233001708984,15.191654205322266,ok
LA_D_9333859,13.389325141906738,13.393301963806152,ok
LA_D_9334540,14.56829833984375,14.700395584106445,ok
LA_D_9334822,18.901647567749023,18.968700408935547,ok
LA_D_9335121,16.207481384277344,16.216920852661133,ok
LA_D_9335130,13.022882461547852,13.074166297912598,ok
LA_D_9335232,15.32577896118164,15.339597702026367,ok
LA_D_9335272,14.576240539550781,14.628169059753418,ok
LA_D_9335831,11.573291778564453,11.5756254196167,ok
LA_D_9336302,12.19211483001709,12.192017555236816,ok
LA_D_9337299,18.835386276245117,18.867334365844727,ok
LA_D_9338745,14.018526077270508,14.052153587341309,ok
LA_D_9341282,16.309558868408203,16.369365692138672,ok
LA_D_9342188,10.791219711303711,10.792283058166504,ok
LA_D_9344368,18.72298240661621,18.760679244995117,ok
LA_D_9345488,17.60922622680664,17.728818893432617,ok
LA_D_9346841,14.401359558105469,14.403117179870605,ok
LA_D_9346947,16.984481811523438,16.993024826049805,ok
LA_D_9347002,12.653576850891113,12.667572021484375,ok
LA_D_9347638,21.21628761291504,21.22641372680664,ok
LA_D_9347930,8.063704490661621,8.063857078552246,ok
LA_D_9348134,12.218986511230469,12.24010944366455,ok
LA_D_9348889,-13.736380577087402,-13.794093132019043,ok
LA_D_9349907,16.539125442504883,16.562870025634766,ok
LA_D_9350649,18.719974517822266,18.80135154724121,ok
LA_D_9351259,15.936727523803711,15.994498252868652,ok
LA_D_9351516,18.04559326171875,18.07606315612793,ok
LA_D_9351540,13.448638916015625,13.460906028747559,ok
LA_D_9351714,13.343145370483398,13.34323787689209,ok
LA_D_9351920,11.554633140563965,11.598076820373535,ok
LA_D_9352288,9.791097640991211,9.843705177307129,ok
LA_D_9352302,11.87359619140625,11.870545387268066,ok
LA_D_9352339,14.542318344116211,14.561469078063965,ok
LA_D_9353876,24.1895694732666,24.217622756958008,ok
LA_D_9354813,15.144349098205566,15.163623809814453,ok
LA_D_9354882,14.000126838684082,14.008814811706543,ok
LA_D_9355453,9.873647689819336,9.874199867248535,ok
LA_D_9356917,11.673230171203613,11.69143009185791,ok
LA_D_9359637,-14.755505561828613,-14.785656929016113,ok
LA_D_9360287,11.514360427856445,11.549918174743652,ok
LA_D_9361389,17.725126266479492,17.744829177856445,ok
LA_D_9361903,6.044524192810059,6.045845985412598,ok
LA_D_9362624,15.016225814819336,15.040665626525879,ok
LA_D_9363151,7.316410541534424,7.3299360275268555,ok
LA_D_9363652,14.301064491271973,14.324427604675293,ok
LA_D_9363698,15.779616355895996,15.779772758483887,ok
LA_D_9363937,15.778470039367676,15.798508644104004,ok
LA_D_9365960,14.641439437866211,14.640982627868652,ok
LA_D_9366152,16.76788902282715,16.793672561645508,ok
LA_D_9366582,-15.509866714477539,-15.529521942138672,ok
LA_D_9366624,13.356033325195312,13.374162673950195,ok
LA_D_9366756,15.50090503692627,15.500731468200684,ok
LA_D_9366858,11.400136947631836,11.563926696777344,ok
LA_D_9367260,17.323209762573242,17.349449157714844,ok
LA_D_9367691,17.548982620239258,17.549592971801758,ok
LA_D_9369162,14.59512996673584,14.614100456237793,ok
LA_D_9370304,9.081788063049316,9.083125114440918,ok
LA_D_9372553,13.602463722229004,13.65156078338623,ok
LA_D_9374494,17.2515869140625,17.25360679626465,ok
LA_D_9374684,-14.131956100463867,-14.142342567443848,ok
LA_D_9374690,17.895360946655273,17.8953914642334,ok
LA_D_9374784,8.817341804504395,8.81679630279541,ok
LA_D_9375118,10.033478736877441,10.060542106628418,ok
LA_D_9376184,15.006145477294922,15.004778861999512,ok
LA_D_9376797,17.925373077392578,18.04543113708496,ok
LA_D_9378704,14.118080139160156,14.163602828979492,ok
LA_D_9379842,14.145845413208008,14.14736557006836,ok
LA_D_9382127,14.12627124786377,14.194947242736816,ok
LA_D_9382297,14.192757606506348,14.243446350097656,ok
LA_D_9382979,-12.58572006225586,-12.594695091247559,ok
LA_D_9383850,19.827043533325195,19.99393653869629,ok
LA_D_9384056,10.315526962280273,10.318686485290527,ok
LA_D_9384507,16.557172775268555,16.574926376342773,ok
LA_D_9386142,14.08734130859375,14.086264610290527,ok
LA_D_9386777,12.76824951171875,12.768887519836426,ok
LA_D_9387976,15.506460189819336,15.50721263885498,ok
LA_D_9388333,19.564342498779297,19.642789840698242,ok
LA_D_9389017,10.233248710632324,10.234223365783691,ok
LA_D_9390591,15.244454383850098,15.275809288024902,ok
LA_D_9391009,12.23685073852539,12.327330589294434,ok
LA_D_9391403,9.900534629821777,9.900750160217285,ok
LA_D_9392796,14.79887866973877,14.80335521697998,ok
LA_D_9392816,14.458171844482422,14.458550453186035,ok
LA_D_9393077,10.436297416687012,10.436348915100098,ok
LA_D_9394624,15.69892406463623,15.719755172729492,ok
LA_D_9395081,14.090726852416992,14.092926979064941,ok
LA_D_9395082,8.448662757873535,8.451865196228027,ok
LA_D_9395844,10.559464454650879,10.561103820800781,ok
LA_D_9397829,15.755518913269043,15.776803016662598,ok
LA_D_9399713,8.73391342163086,8.734362602233887,ok
LA_D_9399909,12.43576431274414,12.460138320922852,ok
LA_D_9400890,18.01112937927246,18.0386905670166,ok
LA_D_9401339,15.981783866882324,16.00857162475586,ok
LA_D_9402940,10.82020092010498,10.864169120788574,ok
LA_D_9403264,16.03225326538086,16.08263397216797,ok
LA_D_9406043,12.576191902160645,12.595842361450195,ok
LA_D_9406266,-15.209959030151367,-15.228860855102539,ok
LA_D_9406480,12.657629013061523,12.689282417297363,ok
LA_D_9407131,15.457690238952637,15.458151817321777,ok
LA_D_9407742,10.986091613769531,10.989508628845215,ok
LA_D_9408059,-11.315033912658691,-11.338839530944824,ok
LA_D_9410296,15.554203987121582,15.552742004394531,ok
LA_D_9410329,10.853557586669922,10.849385261535645,ok
LA_D_9410996,11.157583236694336,11.179886817932129,ok
LA_D_9411191,12.700989723205566,12.705328941345215,ok
LA_D_9414131,12.962989807128906,13.00312614440918,ok
LA_D_9416941,13.456615447998047,13.461870193481445,ok
LA_D_9417900,-12.67895793914795,-12.68046760559082,ok
LA_D_9419011,13.933273315429688,13.971356391906738,ok
LA_D_9419297,12.71055793762207,12.720063209533691,ok
LA_D_9421383,10.670248985290527,10.670772552490234,ok
LA_D_9421514,11.494784355163574,11.516678810119629,ok
LA_D_9422436,-1.018405556678772,-1.0246309041976929,ok
LA_D_9423080,-12.78490924835205,-12.786028861999512,ok
LA_D_9424343,17.728487014770508,17.728487014770508,ok
LA_D_9424568,19.54157829284668,19.546497344970703,ok
LA_D_9424845,16.58789825439453,16.65555763244629,ok
LA_D_9425296,15.235629081726074,15.235831260681152,ok
LA_D_9425366,14.00330638885498,14.024426460266113,ok
LA_D_9425889,1.8198009729385376,1.8234697580337524,ok
LA_D_9428145,13.035106658935547,13.052433967590332,ok
LA_D_9428728,16.41972541809082,16.45428466796875,ok
LA_D_9429220,3.339137554168701,3.3460521697998047,ok
LA_D_9429683,13.408105850219727,13.425349235534668,ok
LA_D_9429831,13.630152702331543,13.66912841796875,ok
LA_D_9429971,12.987039566040039,13.001812934875488,ok
LA_D_9430144,14.573636054992676,14.57630443572998,ok
LA_D_9430378,14.093393325805664,14.116127967834473,ok
LA_D_9430536,16.15493392944336,16.155860900878906,ok
LA_D_9430632,13.757341384887695,13.846549034118652,ok
LA_D_9430687,5.291890621185303,5.289034366607666,ok
LA_D_9431218,9.894318580627441,9.893223762512207,ok
LA_D_9433165,-12.287115097045898,-12.296507835388184,ok
LA_D_9435140,7.939460754394531,7.938597202301025,ok
LA_D_9435141,8.488774299621582,8.522680282592773,ok
LA_D_9436350,7.647582054138184,7.6480712890625,ok
LA_D_9436692,8.121068954467773,8.161356925964355,ok
LA_D_9436918,17.361087799072266,17.356590270996094,ok
LA_D_9437172,11.820879936218262,11.864852905273438,ok
LA_D_9437346,15.852039337158203,15.87598705291748,ok
LA_D_9437643,14.882439613342285,14.900728225708008,ok
LA_D_9438113,21.078868865966797,21.114959716796875,ok
LA_D_9438939,16.469402313232422,16.486724853515625,ok
LA_D_9439087,15.51779842376709,15.543787956237793,ok
LA_D_9439129,12.591150283813477,12.59620189666748,ok
LA_D_9439860,13.657862663269043,13.873549461364746,ok
LA_D_9440328,12.767207145690918,12.79276180267334,ok
LA_D_9441585,-15.566615104675293,-15.57852840423584,ok
LA_D_9442040,15.812066078186035,15.825786590576172,ok
LA_D_9444024,16.99246597290039,16.993083953857422,ok
LA_D_9445699,14.156907081604004,14.162970542907715,ok
LA_D_9446553,8.788464546203613,8.791558265686035,ok
LA_D_9448997,16.203439712524414,16.261014938354492,ok
LA_D_9449347,12.157240867614746,12.157258033752441,ok
LA_D_9449718,5.786319255828857,5.7861223220825195,ok
LA_D_9450925,14.726571083068848,14.753788948059082,ok
LA_D_9451365,-6.891353130340576,-6.89210844039917,ok
LA_D_9451389,10.92681884765625,10.938931465148926,ok
LA_D_9451445,14.568397521972656,14.580731391906738,ok
LA_D_9452798,16.58883285522461,16.60723876953125,ok
LA_D_9454983,18.689729690551758,18.82758140563965,ok
LA_D_9455279,5.89263391494751,5.91354513168335,ok
LA_D_9455460,10.937728881835938,10.955662727355957,ok
LA_D_9456431,15.910818099975586,15.923020362854004,ok
LA_D_9456525,12.482478141784668,12.47961711883545,ok
LA_D_9456791,13.406055450439453,13.407513618469238,ok
LA_D_9457616,16.221635818481445,16.286314010620117,ok
LA_D_9457668,17.849872589111328,17.896364212036133,ok
LA_D_9457760,12.394913673400879,12.401214599609375,ok
LA_D_9458312,15.833549499511719,15.839173316955566,ok
LA_D_9458567,-5.392590045928955,-5.393983364105225,ok
LA_D_9458801,6.9238810539245605,6.971597671508789,ok
LA_D_9459944,16.54399871826172,16.545883178710938,ok
LA_D_9460035,15.846505165100098,15.877147674560547,ok
LA_D_9460191,11.583937644958496,11.59416675567627,ok
LA_D_9460592,-12.34285831451416,-12.3745698928833,ok
LA_D_9461387,13.514681816101074,13.512141227722168,ok
LA_D_9462148,14.517741203308105,14.529118537902832,ok
LA_D_9462251,13.025259017944336,13.04227352142334,ok
LA_D_9462541,14.399701118469238,14.413769721984863,ok
LA_D_9465062,9.851000785827637,9.853266716003418,ok
LA_D_9465126,20.20238494873047,20.241931915283203,ok
LA_D_9465829,5.0195794105529785,5.057806491851807,ok
LA_D_9467702,7.279479503631592,7.279586315155029,ok
LA_D_9467977,12.101492881774902,12.115019798278809,ok
LA_D_9468171,15.71347713470459,15.723319053649902,ok
LA_D_9468782,16.0494384765625,16.162052154541016,ok
LA_D_9469645,15.821243286132812,15.840839385986328,ok
LA_D_9469817,11.198816299438477,11.233053207397461,ok
LA_D_9469910,14.910970687866211,14.92085075378418,ok
LA_D_9470738,11.723932266235352,11.731720924377441,ok
LA_D_9471952,-15.634368896484375,-15.656778335571289,ok
LA_D_9472346,11.07754135131836,11.085386276245117,ok
LA_D_9473113,13.752941131591797,13.760138511657715,ok
LA_D_9474750,15.769333839416504,15.771395683288574,ok
LA_D_9475102,-14.113221168518066,-14.117023468017578,ok
LA_D_9477146,11.346240997314453,11.377013206481934,ok
LA_D_9477633,18.553821563720703,18.6442813873291,ok
LA_D_9478484,9.721046447753906,9.748233795166016,ok
LA_D_9478492,15.659370422363281,15.666081428527832,ok
LA_D_9478591,10.54547119140625,10.550481796264648,ok
LA_D_9480023,-13.8245267868042,-13.82700252532959,ok
LA_D_9481030,11.650300979614258,11.655491828918457,ok
LA_D_9481908,18.512624740600586,18.544178009033203,ok
LA_D_9482946,15.463478088378906,15.464425086975098,ok
LA_D_9486157,10.806538581848145,10.808316230773926,ok
LA_D_9486751,15.553876876831055,15.578346252441406,ok
LA_D_9486895,11.190664291381836,11.213523864746094,ok
LA_D_9487961,-15.250372886657715,-15.299052238464355,ok
LA_D_9488774,11.84310245513916,11.849806785583496,ok
LA_D_9489571,9.790694236755371,9.792536735534668,ok
LA_D_9489838,4.656078815460205,4.656862258911133,ok
LA_D_9490122,15.089156150817871,15.099299430847168,ok
LA_D_9491192,17.55794906616211,17.64469337463379,ok
LA_D_9491341,20.643327713012695,20.714967727661133,ok
LA_D_9492240,12.468379020690918,12.469573020935059,ok
LA_D_9492715,11.49576473236084,11.501458168029785,ok
LA_D_9493111,12.761832237243652,12.764609336853027,ok
LA_D_9493572,12.845049858093262,12.848331451416016,ok
LA_D_9495235,13.841551780700684,13.913081169128418,ok
LA_D_9496441,-11.243501663208008,-11.303948402404785,ok
LA_D_9497637,14.336288452148438,14.359732627868652,ok
LA_D_9498483,12.515975952148438,12.538557052612305,ok
LA_D_9499149,17.779939651489258,17.863492965698242,ok
LA_D_9499849,15.790467262268066,15.800485610961914,ok
LA_D_9500158,11.022768020629883,11.02558422088623,ok
LA_D_9500692,16.296707153320312,16.331626892089844,ok
LA_D_9502258,-13.248465538024902,-13.342086791992188,ok
LA_D_9502397,13.149007797241211,13.152970314025879,ok
LA_D_9502607,11.023066520690918,11.043536186218262,ok
LA_D_9502718,14.984708786010742,14.997371673583984,ok
LA_D_9504862,15.17434310913086,15.206056594848633,ok
LA_D_9505564,8.501274108886719,8.501118659973145,ok
LA_D_9505772,14.263566017150879,14.282790184020996,ok
LA_D_9506213,15.750503540039062,15.7640962600708,ok
LA_D_9506978,9.547846794128418,9.547896385192871,ok
LA_D_9507060,12.476653099060059,12.500214576721191,ok
LA_D_9508570,-13.256892204284668,-13.260323524475098,ok
LA_D_9509498,13.644659996032715,13.66301441192627,ok
LA_D_9512174,-14.243020057678223,-14.249214172363281,ok
LA_D_9513156,-12.412453651428223,-12.421692848205566,ok
LA_D_9514185,14.976244926452637,15.286847114562988,ok
LA_D_9515513,6.786820888519287,6.794191360473633,ok
LA_D_9516537,13.832392692565918,13.895469665527344,ok
LA_D_9517355,11.343538284301758,11.384878158569336,ok
LA_D_9517810,18.041927337646484,18.053434371948242,ok
LA_D_9520076,18.522178649902344,18.566495895385742,ok
LA_D_9520422,20.27702522277832,20.3044376373291,ok
LA_D_9520709,20.119792938232422,20.130659103393555,ok
LA_D_9521538,13.180785179138184,13.196478843688965,ok
LA_D_9523504,-14.492865562438965,-14.502062797546387,ok
LA_D_9523755,17.212543487548828,17.212621688842773,ok
LA_D_9523778,12.0152006149292,12.017195701599121,ok
LA_D_9525782,14.034265518188477,14.105286598205566,ok
LA_D_9525819,19.440099716186523,19.48871421813965,ok
LA_D_9526073,11.493088722229004,11.51572322845459,ok
LA_D_9526782,15.742335319519043,15.764222145080566,ok
LA_D_9526919,14.154006004333496,14.15584945678711,ok
LA_D_9528207,13.391639709472656,13.506085395812988,ok
LA_D_9528402,7.905825138092041,7.908141613006592,ok
LA_D_9529199,14.48597240447998,14.507061004638672,ok
LA_D_9530100,13.281209945678711,13.281268119812012,ok
LA_D_9530210,11.4462308883667,11.457283973693848,ok
LA_D_9531450,-12.340276718139648,-12.368195533752441,ok
LA_D_9533572,12.189616203308105,12.202441215515137,ok
LA_D_9535689,13.462325096130371,13.478943824768066,ok
LA_D_9535722,3.174492835998535,3.1730198860168457,ok
LA_D_9537226,13.204910278320312,13.219161033630371,ok
LA_D_9537289,14.35364055633545,14.430962562561035,ok
LA_D_9538442,9.417665481567383,9.436700820922852,ok
LA_D_9540047,14.389517784118652,14.397662162780762,ok
LA_D_9546041,13.388028144836426,13.388520240783691,ok
LA_D_9548811,15.095476150512695,15.11740779876709,ok
LA_D_9548980,12.606183052062988,12.605237007141113,ok
LA_D_9549420,12.672245025634766,12.680583953857422,ok
LA_D_9549607,-15.755011558532715,-15.799702644348145,ok
LA_D_9549616,17.151758193969727,17.26113510131836,ok
LA_D_9550638,11.09553337097168,11.101587295532227,ok
LA_D_9551181,14.093764305114746,14.127580642700195,ok
LA_D_9551821,16.242671966552734,16.243738174438477,ok
LA_D_9551852,11.814483642578125,11.829941749572754,ok
LA_D_9552029,10.158621788024902,10.184854507446289,ok
LA_D_9552252,12.136462211608887,12.142241477966309,ok
LA_D_9553311,18.35849952697754,18.363401412963867,ok
LA_D_9553419,10.753355026245117,10.754260063171387,ok
LA_D_9554132,-13.650229454040527,-13.679665565490723,ok
LA_D_9556143,20.400941848754883,20.47446060180664,ok
LA_D_9556871,15.504079818725586,15.50951099395752,ok
LA_D_9557117,-13.879111289978027,-13.884278297424316,ok
LA_D_9557863,10.364392280578613,10.364349365234375,ok
LA_D_9559894,18.3221435546875,18.3259334564209,ok
LA_D_9560177,13.897781372070312,13.902085304260254,ok
LA_D_9560631,13.872706413269043,13.883269309997559,ok
LA_D_9561057,-11.008340835571289,-11.011622428894043,ok
LA_D_9562015,11.54984188079834,11.555449485778809,ok
LA_D_9562412,16.713455200195312,16.71397590637207,ok
LA_D_9562489,16.038951873779297,16.054609298706055,ok
LA_D_9563138,15.250102043151855,15.293450355529785,ok
LA_D_9566347,16.35186195373535,16.35353660583496,ok
LA_D_9566824,13.4633207321167,13.469526290893555,ok
LA_D_9567593,-15.996451377868652,-16.018699645996094,ok
LA_D_9567658,12.793105125427246,12.806082725524902,ok
LA_D_9568708,16.06374740600586,16.095069885253906,ok
LA_D_9568749,-12.280132293701172,-12.282596588134766,ok
LA_D_9571982,14.012654304504395,14.019274711608887,ok
LA_D_9572182,10.2399320602417,10.246488571166992,ok
LA_D_9573200,14.715179443359375,14.723532676696777,ok
LA_D_9577103,11.671554565429688,11.680224418640137,ok
LA_D_9578667,13.211315155029297,13.219328880310059,ok
LA_D_9579813,20.996776580810547,21.2879581451416,ok
LA_D_9579816,11.935476303100586,11.939996719360352,ok
LA_D_9580426,-12.239211082458496,-12.288437843322754,ok
LA_D_9581294,15.913789749145508,15.951154708862305,ok
LA_D_9581321,15.784725189208984,15.806602478027344,ok
LA_D_9581870,14.90903091430664,14.919148445129395,ok
LA_D_9582133,10.687418937683105,10.716301918029785,ok
LA_D_9582158,14.750486373901367,14.7780179977417,ok
LA_D_9582658,12.182964324951172,12.221726417541504,ok
LA_D_9582754,10.419459342956543,10.438517570495605,ok
LA_D_9583786,18.022377014160156,18.039440155029297,ok
LA_D_9584747,13.399218559265137,13.405756950378418,ok
LA_D_9584769,16.61888885498047,16.627233505249023,ok
LA_D_9585648,13.09788703918457,13.097607612609863,ok
LA_D_9585808,14.35192584991455,14.378622055053711,ok
LA_D_9585951,11.577825546264648,11.579740524291992,ok
LA_D_9587443,13.679738998413086,13.811878204345703,ok
LA_D_9588548,14.242587089538574,14.242955207824707,ok
LA_D_9588984,20.36789321899414,20.473905563354492,ok
LA_D_9589501,17.20807647705078,17.22690773010254,ok
LA_D_9594281,12.602364540100098,12.64632511138916,ok
LA_D_9594600,14.93982219696045,15.004673957824707,ok
LA_D_9594921,16.503849029541016,16.590511322021484,ok
LA_D_9596234,3.0649924278259277,3.05875825881958,ok
LA_D_9596640,17.16939353942871,17.194189071655273,ok
LA_D_9596658,9.560559272766113,9.562138557434082,ok
LA_D_9597218,13.63646411895752,13.642056465148926,ok
LA_D_9600050,9.38563346862793,9.40794849395752,ok
LA_D_9600169,15.117486953735352,15.14844799041748,ok
LA_D_9600380,6.091479301452637,6.092650890350342,ok
LA_D_9602909,11.256111145019531,11.27292537689209,ok
LA_D_9603070,15.813577651977539,15.87232494354248,ok
LA_D_9603314,17.85793685913086,17.862821578979492,ok
LA_D_9603327,18.704635620117188,18.70966339111328,ok
LA_D_9603838,6.30428409576416,6.304948329925537,ok
LA_D_9604838,15.276622772216797,15.29695987701416,ok
LA_D_9604966,14.264860153198242,14.269695281982422,ok
LA_D_9605437,8.285284996032715,8.29818344116211,ok
LA_D_9605797,13.547052383422852,13.66862964630127,ok
LA_D_9606397,10.576292037963867,10.58056640625,ok
LA_D_9608815,16.065269470214844,16.14677619934082,ok
LA_D_9609174,16.688655853271484,16.698978424072266,ok
LA_D_9611936,10.418402671813965,10.417587280273438,ok
LA_D_9614451,19.467573165893555,19.48157501220703,ok
LA_D_9615736,11.1619234085083,11.161978721618652,ok
LA_D_9616032,15.862391471862793,15.865134239196777,ok
LA_D_9616817,20.27507209777832,20.277841567993164,ok
LA_D_9618467,14.82075309753418,14.822098731994629,ok
LA_D_9619214,19.475940704345703,19.596967697143555,ok
LA_D_9620140,10.771682739257812,10.7722749710083,ok
LA_D_9621176,11.28718376159668,11.294072151184082,ok
LA_D_9623720,-13.930813789367676,-13.9428129196167,ok
LA_D_9623958,15.528130531311035,15.566146850585938,ok
LA_D_9625091,12.732749938964844,12.747519493103027,ok
LA_D_9626068,14.050763130187988,14.053053855895996,ok
LA_D_9626571,12.777444839477539,12.777212142944336,ok
LA_D_9626758,15.731128692626953,15.770003318786621,ok
LA_D_9627075,10.338577270507812,10.338496208190918,ok
LA_D_9627529,15.49587345123291,15.507880210876465,ok
LA_D_9628041,16.325559616088867,16.351869583129883,ok
LA_D_9633618,12.799102783203125,12.810456275939941,ok
LA_D_9633851,17.063074111938477,17.07648277282715,ok
LA_D_9634003,8.748884201049805,8.781259536743164,ok
LA_D_9634838,12.014219284057617,12.01701545715332,ok
LA_D_9635044,8.309946060180664,8.359234809875488,ok
LA_D_9635349,8.822112083435059,8.843987464904785,ok
LA_D_9635881,13.730411529541016,13.741009712219238,ok
LA_D_9636629,13.915494918823242,13.922911643981934,ok
LA_D_9636836,16.11388397216797,16.1136474609375,ok
LA_D_9637098,10.063220024108887,10.063623428344727,ok
LA_D_9638872,15.45425033569336,15.461387634277344,ok
LA_D_9641365,12.597029685974121,12.65548324584961,ok
LA_D_9641985,15.21294116973877,15.261926651000977,ok
LA_D_9642534,16.194334030151367,16.205020904541016,ok
LA_D_9642537,18.86663818359375,18.92407989501953,ok
LA_D_9642966,12.766448020935059,12.795989036560059,ok
LA_D_9643063,13.849990844726562,13.853093147277832,ok
LA_D_9643639,15.239472389221191,15.251051902770996,ok
LA_D_9643751,16.946565628051758,16.95864486694336,ok
LA_D_9643872,15.310967445373535,15.343388557434082,ok
LA_D_9643882,24.418241500854492,24.47777557373047,ok
LA_D_9644491,19.07852554321289,19.093250274658203,ok
LA_D_9645223,14.596075057983398,14.651389122009277,ok
LA_D_9645639,17.75628662109375,17.80946922302246,ok
LA_D_9646150,11.26303482055664,11.273791313171387,ok
LA_D_9646445,13.289280891418457,13.311286926269531,ok
LA_D_9646573,15.102449417114258,15.107695579528809,ok
LA_D_9646701,12.196602821350098,12.201911926269531,ok
LA_D_9646783,14.155511856079102,14.168457984924316,ok
LA_D_9648082,13.001709938049316,13.011187553405762,ok
LA_D_9648319,12.874847412109375,12.876603126525879,ok
LA_D_9649054,9.633478164672852,9.645506858825684,ok
LA_D_9649342,15.033407211303711,15.063721656799316,ok
LA_D_9650472,12.377793312072754,12.403579711914062,ok
LA_D_9652293,14.783493995666504,14.79166316986084,ok
LA_D_9652883,14.900594711303711,14.91006851196289,ok
LA_D_9654133,14.583001136779785,14.589472770690918,ok
LA_D_9654253,14.325697898864746,14.325102806091309,ok
LA_D_9654635,7.553569793701172,7.554318428039551,ok
LA_D_9655429,11.357906341552734,11.378125190734863,ok
LA_D_9657295,14.699311256408691,14.707074165344238,ok
LA_D_9657561,11.085247039794922,11.086176872253418,ok
LA_D_9658574,15.264826774597168,15.305142402648926,ok
LA_D_9659279,12.885250091552734,12.905996322631836,ok
LA_D_9660901,13.276469230651855,13.295681953430176,ok
LA_D_9661949,14.280806541442871,14.30311393737793,ok
LA_D_9662465,17.814285278320312,17.85930061340332,ok
LA_D_9662606,13.743021011352539,13.757739067077637,ok
LA_D_9662796,16.984493255615234,16.990060806274414,ok
LA_D_9663298,13.705753326416016,13.710306167602539,ok
LA_D_9663682,16.07379722595215,16.123445510864258,ok
LA_D_9663907,14.454036712646484,14.466513633728027,ok
LA_D_9663993,13.526744842529297,13.575804710388184,ok
LA_D_9664656,-16.363000869750977,-16.3763427734375,ok
LA_D_9664872,17.050249099731445,17.066463470458984,ok
LA_D_9665377,15.551607131958008,15.593605995178223,ok
LA_D_9666900,15.54723834991455,15.554880142211914,ok
LA_D_9667586,16.067771911621094,16.23765754699707,ok
LA_D_9668611,-12.424033164978027,-12.426172256469727,ok
LA_D_9670204,11.882811546325684,11.885872840881348,ok
LA_D_9670462,15.62073040008545,15.70287799835205,ok
LA_D_9672147,13.093903541564941,13.138863563537598,ok
LA_D_9672169,16.975658416748047,16.979904174804688,ok
LA_D_9672244,13.488073348999023,13.49590015411377,ok
LA_D_9672991,10.560493469238281,10.565764427185059,ok
LA_D_9674319,15.84976863861084,15.869311332702637,ok
LA_D_9676279,11.908620834350586,11.90888786315918,ok
LA_D_9676445,-12.73727798461914,-12.739838600158691,ok
LA_D_9676810,12.24589729309082,12.247204780578613,ok
LA_D_9678259,10.558420181274414,10.55726432800293,ok
LA_D_9678415,12.808380126953125,12.809351921081543,ok
LA_D_9678633,15.531691551208496,15.551447868347168,ok
LA_D_9685224,11.093103408813477,11.117341995239258,ok
LA_D_9685348,-15.71960735321045,-15.728687286376953,ok
LA_D_9685772,16.77712631225586,16.785921096801758,ok
LA_D_9685992,17.273727416992188,17.271997451782227,ok
LA_D_9686807,13.743630409240723,13.864624977111816,ok
LA_D_9686838,4.171018600463867,4.172781467437744,ok
LA_D_9686921,15.085664749145508,15.08830738067627,ok
LA_D_9687836,13.238649368286133,13.276068687438965,ok
LA_D_9688839,15.66793155670166,15.669025421142578,ok
LA_D_9689602,15.93276309967041,15.968093872070312,ok
LA_D_9693082,17.779794692993164,17.810056686401367,ok
LA_D_9694196,10.144750595092773,10.145148277282715,ok
LA_D_9694827,13.585107803344727,13.598785400390625,ok
LA_D_9695420,12.914657592773438,12.930569648742676,ok
LA_D_9695805,13.933109283447266,13.941113471984863,ok
LA_D_9696008,12.146082878112793,12.147944450378418,ok
LA_D_9696470,12.68044376373291,12.699273109436035,ok
LA_D_9697274,9.686345100402832,9.707971572875977,ok
LA_D_9697323,16.33711051940918,16.350624084472656,ok
LA_D_9698818,11.961333274841309,11.97870922088623,ok
LA_D_9699074,19.106138229370117,19.11372184753418,ok
LA_D_9699768,12.365049362182617,12.412116050720215,ok
LA_D_9700666,-14.693684577941895,-14.695571899414062,ok
LA_D_9701184,10.969866752624512,11.003642082214355,ok
LA_D_9701451,19.482337951660156,19.483434677124023,ok
LA_D_9701877,14.574612617492676,14.592759132385254,ok
LA_D_9704240,15.033370018005371,15.03563117980957,ok
LA_D_9706008,14.843402862548828,14.845773696899414,ok
LA_D_9708825,16.392013549804688,16.3936824798584,ok
LA_D_9708860,21.525962829589844,21.586593627929688,ok
LA_D_9708909,15.058345794677734,15.078804969787598,ok
LA_D_9709000,17.678367614746094,17.679147720336914,ok
LA_D_9710466,9.168318748474121,9.164080619812012,ok
LA_D_9710580,14.103008270263672,14.145852088928223,ok
LA_D_9711707,11.826492309570312,11.848998069763184,ok
LA_D_9711980,6.940494060516357,6.940584659576416,ok
LA_D_9712952,13.9044828414917,13.945320129394531,ok
LA_D_9714161,15.46904468536377,15.50197982788086,ok
LA_D_9715092,13.895771980285645,13.900161743164062,ok
LA_D_9716462,15.279004096984863,15.2788724899292,ok
LA_D_9716895,-14.2736234664917,-14.278414726257324,ok
LA_D_9717176,13.706441879272461,13.711380958557129,ok
LA_D_9718892,11.57644271850586,11.580248832702637,ok
LA_D_9719597,15.354710578918457,15.35695743560791,ok
LA_D_9721837,11.48776912689209,11.490267753601074,ok
LA_D_9721880,12.727862358093262,12.758440971374512,ok
LA_D_9722220,15.118128776550293,15.130448341369629,ok
LA_D_9723269,25.988595962524414,26.11844253540039,ok
LA_D_9723493,-13.110139846801758,-13.11075496673584,ok
LA_D_9723855,17.99287986755371,18.047103881835938,ok
LA_D_9724620,15.468798637390137,15.476176261901855,ok
LA_D_9724900,10.386280059814453,10.3937406539917,ok
LA_D_9726070,13.702913284301758,13.703859329223633,ok
LA_D_9728117,19.045427322387695,19.045915603637695,ok
LA_D_9728878,15.283888816833496,15.319504737854004,ok
LA_D_9728978,15.479720115661621,15.502859115600586,ok
LA_D_9729287,13.966557502746582,14.114298820495605,ok
LA_D_9729483,17.75318717956543,17.853763580322266,ok
LA_D_9729864,14.495640754699707,14.516209602355957,ok
LA_D_9730987,12.568586349487305,12.61058521270752,ok
LA_D_9731339,14.888894081115723,14.89777660369873,ok
LA_D_9731600,12.092503547668457,12.1159029006958,ok
LA_D_9731820,12.86429500579834,12.902149200439453,ok
LA_D_9731844,21.450300216674805,21.783552169799805,ok
LA_D_9732180,18.83050537109375,18.880250930786133,ok
LA_D_9732198,13.789060592651367,13.811182975769043,ok
LA_D_9732268,12.2092866897583,12.231163024902344,ok
LA_D_9732908,11.368307113647461,11.385415077209473,ok
LA_D_9733347,16.462852478027344,16.463945388793945,ok
LA_D_9733678,12.919342041015625,12.921558380126953,ok
LA_D_9734224,13.788276672363281,13.800766944885254,ok
LA_D_9734297,18.042911529541016,18.056867599487305,ok
LA_D_9735127,14.841076850891113,14.869616508483887,ok
LA_D_9735207,18.227392196655273,18.2924747467041,ok
LA_D_9735621,11.841465950012207,11.846471786499023,ok
LA_D_9735662,12.899373054504395,12.902813911437988,ok
LA_D_9736602,11.090380668640137,11.1027193069458,ok
LA_D_9737680,12.176067352294922,12.247048377990723,ok
LA_D_9737719,-13.636978149414062,-13.638559341430664,ok
LA_D_9738587,13.5734281539917,13.5990629196167,ok
LA_D_9739074,16.866426467895508,16.87249183654785,ok
LA_D_9739801,13.935653686523438,13.945267677307129,ok
LA_D_9740097,17.515605926513672,17.565216064453125,ok
LA_D_9741299,14.754029273986816,14.767682075500488,ok
LA_D_9743828,14.970796585083008,14.981388092041016,ok
LA_D_9744441,14.404828071594238,14.422560691833496,ok
LA_D_9745303,10.673454284667969,10.679217338562012,ok
LA_D_9747113,12.470849990844727,12.486666679382324,ok
LA_D_9747140,9.457231521606445,9.477291107177734,ok
LA_D_9747652,14.49827766418457,14.531805038452148,ok
LA_D_9748213,16.805030822753906,16.836734771728516,ok
LA_D_9749510,12.136639595031738,12.138858795166016,ok
LA_D_9750223,-11.894515037536621,-11.90350341796875,ok
LA_D_9751462,15.026239395141602,15.031983375549316,ok
LA_D_9751873,13.738399505615234,13.79422378540039,ok
LA_D_9752133,14.575117111206055,14.580758094787598,ok
LA_D_9752146,-15.27867603302002,-15.281569480895996,ok
LA_D_9753113,16.749082565307617,16.772319793701172,ok
LA_D_9754579,14.668620109558105,14.679220199584961,ok
LA_D_9754615,12.228799819946289,12.229048728942871,ok
LA_D_9755028,11.766963958740234,11.773831367492676,ok
LA_D_9755271,14.727903366088867,14.735750198364258,ok
LA_D_9756685,11.36430835723877,11.364477157592773,ok
LA_D_9758147,-14.274031639099121,-14.311009407043457,ok
LA_D_9758752,9.698013305664062,9.707711219787598,ok
LA_D_9759074,13.478837013244629,13.516918182373047,ok
LA_D_9759473,14.231895446777344,14.300469398498535,ok
LA_D_9761317,14.062541007995605,14.100729942321777,ok
LA_D_9763964,11.524676322937012,11.532602310180664,ok
LA_D_9764249,12.749103546142578,12.751568794250488,ok
LA_D_9764287,8.867742538452148,8.875114440917969,ok
LA_D_9765329,17.783145904541016,17.79874610900879,ok
LA_D_9765860,12.281021118164062,12.285348892211914,ok
LA_D_9767258,16.56508445739746,16.590993881225586,ok
LA_D_9767344,14.882245063781738,14.894576072692871,ok
LA_D_9768291,14.141555786132812,14.15116024017334,ok
LA_D_9769587,9.376350402832031,9.396465301513672,ok
LA_D_9769935,10.561127662658691,10.561284065246582,ok
LA_D_9770193,12.067024230957031,12.170515060424805,ok
LA_D_9770836,13.068496704101562,13.0703125,ok
LA_D_9773809,8.928670883178711,8.93397045135498,ok
LA_D_9774174,14.881065368652344,14.898327827453613,ok
LA_D_9774358,11.51424503326416,11.515457153320312,ok
LA_D_9774744,14.439905166625977,14.44193172454834,ok
LA_D_9774871,18.81546974182129,18.853506088256836,ok
LA_D_9774959,14.571741104125977,14.631697654724121,ok
LA_D_9775592,12.897092819213867,12.921202659606934,ok
LA_D_9777627,12.288934707641602,12.30945110321045,ok
LA_D_9777735,12.032160758972168,12.029899597167969,ok
LA_D_9779319,14.464875221252441,14.476285934448242,ok
LA_D_9779377,12.83635139465332,12.860934257507324,ok
LA_D_9779978,12.815611839294434,12.863459587097168,ok
LA_D_9780696,-12.556601524353027,-12.558621406555176,ok
LA_D_9781045,13.332549095153809,13.363411903381348,ok
LA_D_9782269,-11.561467170715332,-11.565491676330566,ok
LA_D_9783307,17.561559677124023,17.597030639648438,ok
LA_D_9783743,18.08030128479004,18.095441818237305,ok
LA_D_9784167,13.824076652526855,13.824223518371582,ok
LA_D_9784942,15.03530216217041,15.076397895812988,ok
LA_D_9785421,14.224604606628418,14.228829383850098,ok
LA_D_9786409,16.35076141357422,16.352375030517578,ok
LA_D_9786796,7.975976467132568,7.997398853302002,ok
LA_D_9787469,13.729899406433105,13.7313871383667,ok
LA_D_9788709,12.048481941223145,12.053911209106445,ok
LA_D_9789005,12.076094627380371,12.092157363891602,ok
LA_D_9790131,13.163125038146973,13.178244590759277,ok
LA_D_9791741,14.359590530395508,14.379717826843262,ok
LA_D_9793079,13.879396438598633,13.883136749267578,ok
LA_D_9793796,17.01304817199707,17.14929962158203,ok
LA_D_9794955,12.997064590454102,13.00401782989502,ok
LA_D_9795514,14.275105476379395,14.314688682556152,ok
LA_D_9795685,12.73493766784668,12.73621940612793,ok
LA_D_9798074,9.734882354736328,9.73851490020752,ok
LA_D_9798672,13.85273551940918,13.879363059997559,ok
LA_D_9800072,11.633667945861816,11.63571548461914,ok
LA_D_9801638,7.206523418426514,7.2070512771606445,ok
LA_D_9801886,17.626998901367188,17.6302433013916,ok
LA_D_9802861,13.84447193145752,13.865850448608398,ok
LA_D_9803207,13.774102210998535,13.792662620544434,ok
LA_D_9804348,13.974672317504883,13.974677085876465,ok
LA_D_9805942,8.744729995727539,8.751974105834961,ok
LA_D_9806222,15.056559562683105,15.138579368591309,ok
LA_D_9806272,12.429463386535645,12.625923156738281,ok
LA_D_9806570,17.640522003173828,17.648653030395508,ok
LA_D_9808110,13.279105186462402,13.28369426727295,ok
LA_D_9808634,19.295637130737305,19.326404571533203,ok
LA_D_9809223,14.844522476196289,14.84990406036377,ok
LA_D_9809504,8.005729675292969,8.007259368896484,ok
LA_D_9810869,18.238685607910156,18.239748001098633,ok
LA_D_9810987,15.472189903259277,15.480799674987793,ok
LA_D_9812523,3.337977170944214,3.327479362487793,ok
LA_D_9812702,-2.9023430347442627,-2.907005548477173,ok
LA_D_9812727,13.770578384399414,13.777650833129883,ok
LA_D_9813759,12.693853378295898,12.692768096923828,ok
LA_D_9813801,16.05510711669922,16.066213607788086,ok
LA_D_9814205,13.597515106201172,13.654483795166016,ok
LA_D_9815062,14.103348731994629,14.111200332641602,ok
LA_D_9815112,14.432790756225586,14.485030174255371,ok
LA_D_9815485,14.983454704284668,15.026734352111816,ok
LA_D_9816404,10.975628852844238,10.980448722839355,ok
LA_D_9818011,13.37982177734375,13.429579734802246,ok
LA_D_9818781,2.289153575897217,2.28143310546875,ok
LA_D_9819662,10.909158706665039,10.929518699645996,ok
LA_D_9819790,11.756566047668457,11.766125679016113,ok
LA_D_9819813,6.439284324645996,6.439929485321045,ok
LA_D_9820486,1.145377516746521,1.1479188203811646,ok
LA_D_9820995,19.17959213256836,19.222341537475586,ok
LA_D_9821371,8.968828201293945,8.968217849731445,ok
LA_D_9821680,12.375361442565918,12.390167236328125,ok
LA_D_9821908,-12.728935241699219,-12.736268997192383,ok
LA_D_9824861,17.140193939208984,17.148900985717773,ok
LA_D_9825451,13.100213050842285,13.101649284362793,ok
LA_D_9826388,12.267582893371582,12.273995399475098,ok
LA_D_9826800,8.390552520751953,8.387025833129883,ok
LA_D_9827463,11.886841773986816,11.888348579406738,ok
LA_D_9828928,16.49628448486328,16.49733543395996,ok
LA_D_9829234,10.904032707214355,10.914863586425781,ok
LA_D_9829627,14.94692611694336,14.946864128112793,ok
LA_D_9830830,15.131954193115234,15.150727272033691,ok
LA_D_9831077,18.213592529296875,18.260025024414062,ok
LA_D_9831804,9.386859893798828,9.388567924499512,ok
LA_D_9834151,17.20928955078125,17.22121810913086,ok
LA_D_9834938,-14.417353630065918,-14.427657127380371,ok
LA_D_9835448,14.926520347595215,14.93587589263916,ok
LA_D_9836225,15.566012382507324,15.580376625061035,ok
LA_D_9836992,10.149944305419922,10.15100383758545,ok
LA_D_9837343,12.804159164428711,12.809605598449707,ok
LA_D_9838599,8.88024616241455,8.879995346069336,ok
LA_D_9840935,16.449182510375977,16.474210739135742,ok
LA_D_9841321,-13.729833602905273,-13.739086151123047,ok
LA_D_9841488,14.524542808532715,14.560441017150879,ok
LA_D_9841709,16.88681411743164,16.895475387573242,ok
LA_D_9841868,-14.804421424865723,-14.841897010803223,ok
LA_D_9842180,15.965091705322266,15.989640235900879,ok
LA_D_9843427,-4.605360507965088,-4.619103908538818,ok
LA_D_9843659,14.931568145751953,14.935638427734375,ok
LA_D_9845352,20.006027221679688,20.016141891479492,ok
LA_D_9847737,17.342592239379883,17.364608764648438,ok
LA_D_9848935,15.548116683959961,15.5992431640625,ok
LA_D_9849984,12.131874084472656,12.13896369934082,ok
LA_D_9850214,9.272614479064941,9.282271385192871,ok
LA_D_9851124,12.351635932922363,12.3705415725708,ok
LA_D_9851827,-0.6578689217567444,-0.6736290454864502,ok
LA_D_9853601,10.924690246582031,10.92737865447998,ok
LA_D_9856117,15.454042434692383,15.466490745544434,ok
LA_D_9856127,-14.667895317077637,-14.800028800964355,ok
LA_D_9858647,12.81714916229248,12.82022476196289,ok
LA_D_9859179,14.077459335327148,14.086353302001953,ok
LA_D_9860564,16.490278244018555,16.542455673217773,ok
LA_D_9861473,13.726868629455566,13.79569149017334,ok
LA_D_9862938,14.771539688110352,14.78851318359375,ok
LA_D_9863362,14.05495548248291,14.064133644104004,ok
LA_D_9863423,14.69775104522705,14.770877838134766,ok
LA_D_9864113,-12.256710052490234,-12.256731986999512,ok
LA_D_9864384,15.9159517288208,15.962923049926758,ok
LA_D_9864516,12.138986587524414,12.139233589172363,ok
LA_D_9864602,5.054176330566406,5.056648254394531,ok
LA_D_9864604,13.230201721191406,13.234267234802246,ok
LA_D_9865644,18.0607852935791,18.070966720581055,ok
LA_D_9871071,14.861687660217285,14.890129089355469,ok
LA_D_9871744,15.17561149597168,15.181654930114746,ok
LA_D_9871974,13.621123313903809,13.622891426086426,ok
LA_D_9872046,12.632147789001465,12.632487297058105,ok
LA_D_9872925,16.81473159790039,16.96891975402832,ok
LA_D_9873135,16.788108825683594,16.798641204833984,ok
LA_D_9874897,-14.724128723144531,-14.735064506530762,ok
LA_D_9875362,-6.815871238708496,-6.83964204788208,ok
LA_D_9876012,16.388324737548828,16.409778594970703,ok
LA_D_9877194,-12.507067680358887,-12.51380443572998,ok
LA_D_9877979,16.59614372253418,16.61812973022461,ok
LA_D_9878419,13.35309886932373,13.373835563659668,ok
LA_D_9878596,9.413546562194824,9.458313941955566,ok
LA_D_9879056,12.27402114868164,12.279728889465332,ok
LA_D_9880830,10.288578987121582,10.333815574645996,ok
LA_D_9881093,12.224186897277832,12.228407859802246,ok
LA_D_9881103,10.919844627380371,10.933027267456055,ok
LA_D_9883591,-14.758513450622559,-14.777047157287598,ok
LA_D_9883916,20.440637588500977,20.464542388916016,ok
LA_D_9885280,11.91264820098877,11.934269905090332,ok
LA_D_9885320,16.446767807006836,16.522804260253906,ok
LA_D_9885994,16.593393325805664,16.627201080322266,ok
LA_D_9887916,9.845122337341309,9.859272956848145,ok
LA_D_9887992,11.6840181350708,11.68639087677002,ok
LA_D_9888091,17.370641708374023,17.39679527282715,ok
LA_D_9888937,15.15428352355957,15.202242851257324,ok
LA_D_9890472,8.644404411315918,8.663372039794922,ok
LA_D_9891140,-13.84613037109375,-13.847427368164062,ok
LA_D_9891231,13.310929298400879,13.327231407165527,ok
LA_D_9891401,12.215620040893555,12.220179557800293,ok
LA_D_9892838,8.634627342224121,8.637208938598633,ok
LA_D_9893649,13.14875316619873,13.215670585632324,ok
LA_D_9895494,12.683457374572754,12.694684028625488,ok
LA_D_9895969,15.337403297424316,15.356661796569824,ok
LA_D_9896805,17.220422744750977,17.250139236450195,ok
LA_D_9896820,16.920310974121094,16.952953338623047,ok
LA_D_9897142,-12.927098274230957,-12.942021369934082,ok
LA_D_9897238,13.41166877746582,13.413552284240723,ok
LA_D_9897452,-13.051738739013672,-13.062962532043457,ok
LA_D_9899632,-15.112083435058594,-15.14499568939209,ok
LA_D_9899652,12.71391773223877,12.714011192321777,ok
LA_D_9900338,16.9013729095459,16.90911293029785,ok
LA_D_9900800,12.977846145629883,12.991276741027832,ok
LA_D_9902676,12.48585319519043,12.540831565856934,ok
LA_D_9902848,20.979450225830078,21.058252334594727,ok
LA_D_9902912,15.223082542419434,15.245765686035156,ok
LA_D_9903321,13.350347518920898,13.384480476379395,ok
LA_D_9904324,14.061503410339355,14.091226577758789,ok
LA_D_9904500,12.898319244384766,12.907979965209961,ok
LA_D_9904837,18.456113815307617,18.45478630065918,ok
LA_D_9906100,17.82267951965332,17.845125198364258,ok
LA_D_9906845,17.256698608398438,17.31452751159668,ok
LA_D_9907101,15.848259925842285,15.876670837402344,ok
LA_D_9907979,7.804422378540039,7.879287242889404,ok
LA_D_9910047,10.028584480285645,10.037518501281738,ok
LA_D_9911052,14.647138595581055,14.662046432495117,ok
LA_D_9911836,14.550103187561035,14.558915138244629,ok
LA_D_9912384,18.151182174682617,18.170639038085938,ok
LA_D_9912829,13.051517486572266,13.075987815856934,ok
LA_D_9913955,15.801719665527344,15.874876976013184,ok
LA_D_9913960,19.243778228759766,19.365978240966797,ok
LA_D_9914048,10.126484870910645,10.1477689743042,ok
LA_D_9914359,16.80368995666504,16.84744644165039,ok
LA_D_9914468,13.911513328552246,13.961338996887207,ok
LA_D_9915418,9.974371910095215,9.977700233459473,ok
LA_D_9915722,15.738299369812012,15.756779670715332,ok
LA_D_9916763,12.707324028015137,12.710917472839355,ok
LA_D_9917104,-12.769085884094238,-12.772950172424316,ok
LA_D_9918437,14.09686279296875,14.11804485321045,ok
LA_D_9918902,14.348999977111816,14.380709648132324,ok
LA_D_9920299,15.921551704406738,15.942534446716309,ok
LA_D_9920694,15.055863380432129,15.06707763671875,ok
LA_D_9922230,15.164047241210938,15.165974617004395,ok
LA_D_9924653,15.42496109008789,15.448872566223145,ok
LA_D_9924906,-14.537227630615234,-14.55729866027832,ok
LA_D_9925424,11.206048965454102,11.220844268798828,ok
LA_D_9925458,12.030525207519531,12.035135269165039,ok
LA_D_9926375,18.43360137939453,18.48700523376465,ok
LA_D_9926903,14.112744331359863,14.127254486083984,ok
LA_D_9927048,15.681347846984863,15.693268775939941,ok
LA_D_9928370,12.629536628723145,12.635472297668457,ok
LA_D_9928428,13.28124713897705,13.288285255432129,ok
LA_D_9928764,18.946212768554688,18.9539852142334,ok
LA_D_9929271,18.268165588378906,18.36949348449707,ok
LA_D_9930274,22.446626663208008,22.535940170288086,ok
LA_D_9930304,14.02491283416748,14.046881675720215,ok
LA_D_9930845,10.19526481628418,10.1958589553833,ok
LA_D_9931389,13.888768196105957,13.942641258239746,ok
LA_D_9931770,13.90662956237793,13.948708534240723,ok
LA_D_9934126,20.414579391479492,20.46416664123535,ok
LA_D_9934410,17.62783432006836,17.63092803955078,ok
LA_D_9934703,14.281246185302734,14.285049438476562,ok
LA_D_9935431,17.139986038208008,17.144601821899414,ok
LA_D_9935628,14.920185089111328,14.954840660095215,ok
LA_D_9936597,-8.405020713806152,-8.41112232208252,ok
LA_D_9936826,14.529169082641602,14.55397891998291,ok
LA_D_9936838,12.94115924835205,12.97482967376709,ok
LA_D_9936972,17.833288192749023,17.850767135620117,ok
LA_D_9937573,8.465940475463867,8.484522819519043,ok
LA_D_9942200,14.325509071350098,14.335784912109375,ok
LA_D_9942206,11.218581199645996,11.218535423278809,ok
LA_D_9942874,-14.844953536987305,-14.861903190612793,ok
LA_D_9943041,6.444047927856445,6.445028781890869,ok
LA_D_9945037,9.863418579101562,9.869756698608398,ok
LA_D_9945483,12.742427825927734,12.742426872253418,ok
LA_D_9945997,-14.894400596618652,-14.896380424499512,ok
LA_D_9946370,14.969025611877441,14.972881317138672,ok
LA_D_9947625,3.124098777770996,3.1241793632507324,ok
LA_D_9947726,16.690155029296875,16.690670013427734,ok
LA_D_9948190,15.508771896362305,15.510869979858398,ok
LA_D_9948386,18.159048080444336,18.163585662841797,ok
LA_D_9949656,10.478925704956055,10.478657722473145,ok
LA_D_9950933,14.282407760620117,14.29454517364502,ok
LA_D_9951013,20.344993591308594,20.40693473815918,ok
LA_D_9951144,16.676939010620117,16.710664749145508,ok
LA_D_9951278,14.501209259033203,14.51250171661377,ok
LA_D_9951429,21.527603149414062,21.577756881713867,ok
LA_D_9952661,10.821566581726074,10.824167251586914,ok
LA_D_9953005,18.52813148498535,18.52591896057129,ok
LA_D_9953476,-14.244556427001953,-14.329626083374023,ok
LA_D_9953593,9.941059112548828,9.946911811828613,ok
LA_D_9953716,17.018447875976562,17.054189682006836,ok
LA_D_9953809,13.063126564025879,13.08665657043457,ok
LA_D_9954765,14.480908393859863,14.483478546142578,ok
LA_D_9955162,15.670319557189941,15.693342208862305,ok
LA_D_9955848,8.564741134643555,8.569985389709473,ok
LA_D_9955936,11.041973114013672,11.044267654418945,ok
LA_D_9957063,15.826035499572754,15.828492164611816,ok
LA_D_9958640,11.046616554260254,11.057649612426758,ok
LA_D_9960293,14.053617477416992,14.100786209106445,ok
LA_D_9960664,-15.174567222595215,-15.258705139160156,ok
LA_D_9961107,12.92209243774414,12.924725532531738,ok
LA_D_9962097,10.164301872253418,10.184882164001465,ok
LA_D_9962189,15.836954116821289,15.858857154846191,ok
LA_D_9963628,15.39444637298584,15.442147254943848,ok
LA_D_9963998,14.643969535827637,14.731616020202637,ok
LA_D_9965004,16.105358123779297,16.13895606994629,ok
LA_D_9965111,10.918575286865234,10.928498268127441,ok
LA_D_9965439,-15.006155967712402,-15.012197494506836,ok
LA_D_9965502,10.84164810180664,10.864947319030762,ok
LA_D_9966094,-15.332845687866211,-15.341370582580566,ok
LA_D_9967058,10.680904388427734,10.76209545135498,ok
LA_D_9967133,10.400015830993652,10.400171279907227,ok
LA_D_9967406,16.220197677612305,16.251134872436523,ok
LA_D_9967530,-1.2610208988189697,-1.2664316892623901,ok
LA_D_9968504,15.232956886291504,15.246149063110352,ok
LA_D_9971231,14.492613792419434,14.564881324768066,ok
LA_D_9972110,16.10444450378418,16.207077026367188,ok
LA_D_9972716,10.225265502929688,10.25339412689209,ok
LA_D_9973328,13.333393096923828,13.332539558410645,ok
LA_D_9975936,15.757011413574219,15.76227855682373,ok
LA_D_9977363,17.4912109375,17.491992950439453,ok
LA_D_9977384,11.4476318359375,11.466368675231934,ok
LA_D_9977709,15.417381286621094,15.424631118774414,ok
LA_D_9978941,13.34115982055664,13.355729103088379,ok
LA_D_9979102,15.536672592163086,15.626764297485352,ok
LA_D_9979957,-13.09131145477295,-13.119002342224121,ok
LA_D_9980325,14.629179954528809,14.640713691711426,ok
LA_D_9980740,-14.693899154663086,-14.72885799407959,ok
LA_D_9980947,17.540355682373047,17.54689598083496,ok
LA_D_9982040,13.071462631225586,13.110138893127441,ok
LA_D_9982181,14.73054313659668,14.731633186340332,ok
LA_D_9982535,10.734106063842773,10.734173774719238,ok
LA_D_9982743,13.050515174865723,13.108853340148926,ok
LA_D_9983276,-7.9421257972717285,-7.94451904296875,ok
LA_D_9985005,15.980806350708008,15.997546195983887,ok
LA_D_9985382,14.315977096557617,14.334364891052246,ok
LA_D_9985507,17.336565017700195,17.365514755249023,ok
LA_D_9985554,15.844442367553711,15.855734825134277,ok
LA_D_9986772,16.499446868896484,16.546058654785156,ok
LA_D_9987872,16.75995635986328,16.785173416137695,ok
LA_D_9987878,17.247161865234375,17.26344108581543,ok
LA_D_9988164,15.194918632507324,15.195298194885254,ok
LA_D_9988500,17.30055046081543,17.317459106445312,ok
LA_D_9989022,14.508557319641113,14.511478424072266,ok
LA_D_9989304,13.21625804901123,13.235668182373047,ok
LA_D_9991348,17.59286117553711,17.667753219604492,ok
LA_D_9991657,15.356477737426758,15.435713768005371,ok
LA_D_9991828,11.65898323059082,11.690839767456055,ok
LA_D_9992731,15.736220359802246,15.767181396484375,ok
LA_D_9992816,5.9354567527771,5.930574417114258,ok
LA_D_9993251,17.480430603027344,17.480539321899414,ok
LA_D_9993800,18.833560943603516,18.831899642944336,ok
LA_D_9994046,16.297306060791016,16.29861831665039,ok
LA_D_9995517,14.014665603637695,14.018041610717773,ok
LA_D_9995817,15.146272659301758,15.17715072631836,ok
LA_D_9996165,8.629510879516602,8.632894515991211,ok
LA_D_9996570,-13.476057052612305,-13.505122184753418,ok
LA_D_9997585,12.943490982055664,12.94560718536377,ok
LA_D_9997701,-13.196807861328125,-13.21129322052002,ok
LA_D_9998252,16.065256118774414,16.06694221496582,ok
LA_D_9999204,24.397172927856445,24.590314865112305,ok
LA_D_9999760,17.27264976501465,17.35930824279785,ok
