sample_id,score,score_before,status
LA_D_1000752,17.14924430847168,17.14924430847168,ok
LA_D_1001095,18.22501564025879,18.22501564025879,ok
LA_D_1002626,17.85240364074707,17.85240364074707,ok
LA_D_1003797,11.144251823425293,11.144251823425293,ok
LA_D_1004406,12.521462440490723,12.521462440490723,ok
LA_D_1004774,15.154146194458008,15.154146194458008,ok
LA_D_1005471,16.67106819152832,16.67106819152832,ok
LA_D_1006586,12.370701789855957,12.370701789855957,ok
LA_D_1007975,16.306955337524414,16.306955337524414,ok
LA_D_1008673,16.50992774963379,16.50992774963379,ok
LA_D_1008834,4.258453369140625,4.258453369140625,ok
LA_D_1010205,18.178455352783203,18.178455352783203,ok
LA_D_1011897,8.420750617980957,8.420750617980957,ok
LA_D_1012999,15.103781700134277,15.103781700134277,ok
LA_D_1013553,17.787458419799805,17.787458419799805,ok
LA_D_1013596,14.321237564086914,14.321237564086914,ok
LA_D_1013783,13.248013496398926,13.248013496398926,ok
LA_D_1013810,9.316515922546387,9.316515922546387,ok
LA_D_1016296,12.42104721069336,12.42104721069336,ok
LA_D_1016922,17.2188663482666,17.2188663482666,ok
LA_D_1018598,10.34887981414795,10.34887981414795,ok
LA_D_1020087,11.758955955505371,11.758955955505371,ok
LA_D_1021287,17.79640769958496,17.79640769958496,ok
LA_D_1024033,14.053730964660645,14.053730964660645,ok
LA_D_1024326,13.669021606445312,13.669021606445312,ok
LA_D_1024541,10.004532814025879,10.004532814025879,ok
LA_D_1025356,8.468756675720215,8.468756675720215,ok
LA_D_1025927,12.112359046936035,12.112359046936035,ok
LA_D_1026545,11.337446212768555,11.337446212768555,ok
LA_D_1026868,-15.256339073181152,-15.256339073181152,ok
LA_D_1027036,13.934157371520996,13.934157371520996,ok
LA_D_1027039,7.8049540519714355,7.8049540519714355,ok
LA_D_1028482,11.192694664001465,11.192694664001465,ok
LA_D_1029401,15.571846961975098,15.571846961975098,ok
LA_D_1029623,12.038634300231934,12.038634300231934,ok
LA_D_1029785,18.998584747314453,18.998584747314453,ok
LA_D_1030270,17.883766174316406,17.883766174316406,ok
LA_D_1030640,17.03963851928711,17.03963851928711,ok
LA_D_1031151,17.61789894104004,17.61789894104004,ok
LA_D_1031999,18.579992294311523,18.579992294311523,ok
LA_D_1032197,14.289200782775879,14.289200782775879,ok
LA_D_1032757,11.792060852050781,11.792060852050781,ok
LA_D_1033225,13.015423774719238,13.015423774719238,ok
LA_D_1034329,12.132346153259277,12.132346153259277,ok
LA_D_1035474,16.814390182495117,16.814390182495117,ok
LA_D_1035695,15.89665699005127,15.89665699005127,ok
LA_D_1035911,13.633045196533203,13.633045196533203,ok
LA_D_1036594,8.660126686096191,8.660126686096191,ok
LA_D_1036986,10.35146427154541,10.35146427154541,ok
LA_D_1038888,13.18172550201416,13.18172550201416,ok
LA_D_1039057,16.352922439575195,16.352922439575195,ok
LA_D_1039305,14.15041732788086,14.15041732788086,ok
LA_D_1039528,13.036442756652832,13.036442756652832,ok
LA_D_1041845,17.13187599182129,17.13187599182129,ok
LA_D_1042553,17.71312141418457,17.71312141418457,ok
LA_D_1043824,13.282238960266113,13.282238960266113,ok
LA_D_1044414,4.176223278045654,4.176223278045654,ok
LA_D_1044924,10.8444242477417,10.8444242477417,ok
LA_D_1046296,16.108720779418945,16.108720779418945,ok
LA_D_1048234,18.999584197998047,18.999584197998047,ok
LA_D_1049366,12.76229476928711,12.76229476928711,ok
LA_D_1050286,13.917381286621094,13.917381286621094,ok
LA_D_1050709,14.982995986938477,14.982995986938477,ok
LA_D_1051032,14.98344898223877,14.98344898223877,ok
LA_D_1053530,15.068269729614258,15.068269729614258,ok
LA_D_1054205,13.490626335144043,13.490626335144043,ok
LA_D_1054239,13.340431213378906,13.340431213378906,ok
LA_D_1054756,9.752970695495605,9.752970695495605,ok
LA_D_1055238,10.834656715393066,10.834656715393066,ok
LA_D_1055758,14.961773872375488,14.961773872375488,ok
LA_D_1056838,14.50565242767334,14.50565242767334,ok
LA_D_1056844,14.524682998657227,14.524682998657227,ok
LA_D_1057680,15.08508014678955,15.08508014678955,ok
LA_D_1058167,15.782773971557617,15.782773971557617,ok
LA_D_1058697,11.401300430297852,11.401300430297852,ok
LA_D_1058790,10.465080261230469,10.465080261230469,ok
LA_D_1059373,15.603156089782715,15.603156089782715,ok
LA_D_1060354,16.716779708862305,16.716779708862305,ok
LA_D_1060968,-14.16535472869873,-14.16535472869873,ok
LA_D_1060987,15.084105491638184,15.084105491638184,ok
LA_D_1061499,6.235745429992676,6.235745429992676,ok
LA_D_1063236,14.52198314666748,14.52198314666748,ok
LA_D_1063280,13.835619926452637,13.835619926452637,ok
LA_D_1063719,12.105759620666504,12.105759620666504,ok
LA_D_1064949,13.954194068908691,13.954194068908691,ok
LA_D_1065306,13.287110328674316,13.287110328674316,ok
LA_D_1066396,11.885754585266113,11.885754585266113,ok
LA_D_1068250,12.998154640197754,12.998154640197754,ok
LA_D_1069983,12.08871841430664,12.08871841430664,ok
LA_D_1070584,13.88492488861084,13.88492488861084,ok
LA_D_1070779,12.727230072021484,12.727230072021484,ok
LA_D_1071291,14.410667419433594,14.410667419433594,ok
LA_D_1071356,11.075606346130371,11.075606346130371,ok
LA_D_1073474,11.870305061340332,11.870305061340332,ok
LA_D_1074040,13.483194351196289,13.483194351196289,ok
LA_D_1074364,16.248517990112305,16.248517990112305,ok
LA_D_1074980,13.237847328186035,13.237847328186035,ok
LA_D_1075128,16.039813995361328,16.039813995361328,ok
LA_D_1075190,12.708048820495605,12.708048820495605,ok
LA_D_1075455,12.125203132629395,12.125203132629395,ok
LA_D_1076068,14.927684783935547,14.927684783935547,ok
LA_D_1078241,15.690084457397461,15.690084457397461,ok
LA_D_1078299,13.325045585632324,13.325045585632324,ok
LA_D_1079091,12.331494331359863,12.331494331359863,ok
LA_D_1080524,20.959081649780273,20.959081649780273,ok
LA_D_1081164,17.29380989074707,17.29380989074707,ok
LA_D_1082871,16.15375518798828,16.15375518798828,ok
LA_D_1083406,17.78764533996582,17.78764533996582,ok
LA_D_1084356,-14.01225471496582,-14.01225471496582,ok
LA_D_1084765,10.929410934448242,10.929410934448242,ok
LA_D_1084804,9.324458122253418,9.324458122253418,ok
LA_D_1084880,11.955658912658691,11.955658912658691,ok
LA_D_1085566,11.151970863342285,11.151970863342285,ok
LA_D_1085765,12.3914155960083,12.3914155960083,ok
LA_D_1086391,-14.03549575805664,-14.03549575805664,ok
LA_D_1088314,12.52438735961914,12.52438735961914,ok
LA_D_1088370,14.086424827575684,14.086424827575684,ok
LA_D_1088929,14.24323558807373,14.24323558807373,ok
LA_D_1088963,15.49117374420166,15.49117374420166,ok
LA_D_1089922,16.742616653442383,16.742616653442383,ok
LA_D_1091308,14.696308135986328,14.696308135986328,ok
LA_D_1091601,9.0931978225708,9.0931978225708,ok
LA_D_1091851,17.528459548950195,17.528459548950195,ok
LA_D_1092890,14.794026374816895,14.794026374816895,ok
LA_D_1093350,16.43214225769043,16.43214225769043,ok
LA_D_1094179,13.522791862487793,13.522791862487793,ok
LA_D_1094379,14.52854061126709,14.52854061126709,ok
LA_D_1094871,17.319364547729492,17.319364547729492,ok
LA_D_1096227,11.649523735046387,11.649523735046387,ok
LA_D_1097191,14.594466209411621,14.594466209411621,ok
LA_D_1098936,16.542070388793945,16.542070388793945,ok
LA_D_1099173,13.627413749694824,13.627413749694824,ok
LA_D_1099405,15.997599601745605,15.997599601745605,ok
LA_D_1099638,8.381489753723145,8.381489753723145,ok
LA_D_1099657,13.395895957946777,13.395895957946777,ok
LA_D_1101351,-12.825535774230957,-12.825535774230957,ok
LA_D_1105378,10.950160026550293,10.950160026550293,ok
LA_D_1105489,-11.312247276306152,-11.312247276306152,ok
LA_D_1106906,9.13175106048584,9.13175106048584,ok
LA_D_1107234,11.366349220275879,11.366349220275879,ok
LA_D_1108281,18.09206199645996,18.09206199645996,ok
LA_D_1108377,14.98226261138916,14.98226261138916,ok
LA_D_1108768,12.661706924438477,12.661706924438477,ok
LA_D_1110227,15.687532424926758,15.687532424926758,ok
LA_D_1110769,9.009297370910645,9.009297370910645,ok
LA_D_1111073,14.39814281463623,14.39814281463623,ok
LA_D_1111626,11.585420608520508,11.585420608520508,ok
LA_D_1114039,15.967728614807129,15.967728614807129,ok
LA_D_1114144,8.678070068359375,8.678070068359375,ok
LA_D_1117567,19.611635208129883,19.611635208129883,ok
LA_D_1118794,11.62904167175293,11.62904167175293,ok
LA_D_1121887,-13.736403465270996,-13.736403465270996,ok
LA_D_1123453,18.615407943725586,18.615407943725586,ok
LA_D_1123562,14.051555633544922,14.051555633544922,ok
LA_D_1123614,-6.593749523162842,-6.593749523162842,ok
LA_D_1124968,12.549870491027832,12.549870491027832,ok
LA_D_1126775,13.701752662658691,13.701752662658691,ok
LA_D_1126907,-13.937859535217285,-13.937859535217285,ok
LA_D_1127112,12.495985984802246,12.495985984802246,ok
LA_D_1128845,14.781828880310059,14.781828880310059,ok
LA_D_1129909,-14.186861991882324,-14.186861991882324,ok
LA_D_1130470,-13.876276969909668,-13.876276969909668,ok
LA_D_1131563,13.63278579711914,13.63278579711914,ok
LA_D_1132076,15.797879219055176,15.797879219055176,ok
LA_D_1133069,-11.521954536437988,-11.521954536437988,ok
LA_D_1133168,-13.296636581420898,-13.296636581420898,ok
LA_D_1134137,16.909719467163086,16.909719467163086,ok
LA_D_1135743,17.509140014648438,17.509140014648438,ok
LA_D_1135973,13.884732246398926,13.884732246398926,ok
LA_D_1136030,11.780381202697754,11.780381202697754,ok
LA_D_1136051,14.374823570251465,14.374823570251465,ok
LA_D_1137303,17.895349502563477,17.895349502563477,ok
LA_D_1138529,10.290814399719238,10.290814399719238,ok
LA_D_1138581,14.58483600616455,14.58483600616455,ok
LA_D_1139572,15.838226318359375,15.838226318359375,ok
LA_D_1139754,15.750910758972168,15.750910758972168,ok
LA_D_1140227,14.604907035827637,14.604907035827637,ok
LA_D_1140789,10.712106704711914,10.712106704711914,ok
LA_D_1141118,15.315211296081543,15.315211296081543,ok
LA_D_1141551,13.055951118469238,13.055951118469238,ok
LA_D_1141794,11.536935806274414,11.536935806274414,ok
LA_D_1142092,5.450655460357666,5.450655460357666,ok
LA_D_1144247,13.244674682617188,13.244674682617188,ok
LA_D_1144692,13.957444190979004,13.957444190979004,ok
LA_D_1145856,18.674646377563477,18.674646377563477,ok
LA_D_1146557,14.78136157989502,14.78136157989502,ok
LA_D_1146602,18.57352066040039,18.57352066040039,ok
LA_D_1147582,17.468843460083008,17.468843460083008,ok
LA_D_1149633,11.504799842834473,11.504799842834473,ok
LA_D_1150140,8.74134635925293,8.74134635925293,ok
LA_D_1150161,14.457096099853516,14.457096099853516,ok
LA_D_1151622,11.168810844421387,11.168810844421387,ok
LA_D_1152601,14.243515968322754,14.243515968322754,ok
LA_D_1152692,-14.898885726928711,-14.898885726928711,ok
LA_D_1153840,14.219887733459473,14.219887733459473,ok
LA_D_1156906,-12.773587226867676,-12.773587226867676,ok
LA_D_1157084,23.054235458374023,23.054235458374023,ok
LA_D_1158203,9.974199295043945,9.974199295043945,ok
LA_D_1158260,16.48607063293457,16.48607063293457,ok
LA_D_1158428,10.178048133850098,10.178048133850098,ok
LA_D_1158489,12.143858909606934,12.143858909606934,ok
LA_D_1158837,-14.111876487731934,-14.111876487731934,ok
LA_D_1159197,10.464705467224121,10.464705467224121,ok
LA_D_1161040,16.079538345336914,16.079538345336914,ok
LA_D_1161800,-10.054994583129883,-10.054994583129883,ok
LA_D_1162280,13.952227592468262,13.952227592468262,ok
LA_D_1163392,11.259211540222168,11.259211540222168,ok
LA_D_1165345,14.994166374206543,14.994166374206543,ok
LA_D_1165413,16.33516502380371,16.33516502380371,ok
LA_D_1167294,12.002232551574707,12.002232551574707,ok
LA_D_1167437,10.023064613342285,10.023064613342285,ok
LA_D_1168046,14.99622631072998,14.99622631072998,ok
LA_D_1168201,16.541025161743164,16.541025161743164,ok
LA_D_1168433,13.9131441116333,13.9131441116333,ok
LA_D_1169125,19.102102279663086,19.102102279663086,ok
LA_D_1169636,14.182852745056152,14.182852745056152,ok
LA_D_1170726,16.19587516784668,16.19587516784668,ok
LA_D_1171425,14.832764625549316,14.832764625549316,ok
LA_D_1171849,11.352641105651855,11.352641105651855,ok
LA_D_1171974,11.594325065612793,11.594325065612793,ok
LA_D_1173044,12.189376831054688,12.189376831054688,ok
LA_D_1173972,14.808586120605469,14.808586120605469,ok
LA_D_1176249,17.169584274291992,17.169584274291992,ok
LA_D_1176474,12.758687973022461,12.758687973022461,ok
LA_D_1177616,12.869634628295898,12.869634628295898,ok
LA_D_1179000,18.717172622680664,18.717172622680664,ok
LA_D_1179445,11.795417785644531,11.795417785644531,ok
LA_D_1179745,8.102690696716309,8.102690696716309,ok
LA_D_1179848,-14.638764381408691,-14.638764381408691,ok
LA_D_1179946,14.376090049743652,14.376090049743652,ok
LA_D_1181336,11.310140609741211,11.310140609741211,ok
LA_D_1181772,16.21237564086914,16.21237564086914,ok
LA_D_1183162,16.841279983520508,16.841279983520508,ok
LA_D_1185426,14.484633445739746,14.484633445739746,ok
LA_D_1185773,12.016249656677246,12.016249656677246,ok
LA_D_1187262,12.504538536071777,12.504538536071777,ok
LA_D_1190139,16.676239013671875,16.676239013671875,ok
LA_D_1190183,10.400586128234863,10.400586128234863,ok
LA_D_1191562,9.08622932434082,9.08622932434082,ok
LA_D_1192749,17.643877029418945,17.643877029418945,ok
LA_D_1193402,15.64195442199707,15.64195442199707,ok
LA_D_1195197,13.66133975982666,13.66133975982666,ok
LA_D_1195873,11.573269844055176,11.573269844055176,ok
LA_D_1197810,11.030482292175293,11.030482292175293,ok
LA_D_1198374,11.06546688079834,11.06546688079834,ok
LA_D_1199369,14.925349235534668,14.925349235534668,ok
LA_D_1200542,6.025057792663574,6.025057792663574,ok
LA_D_1202021,15.549981117248535,15.549981117248535,ok
LA_D_1203854,13.76014232635498,13.76014232635498,ok
LA_D_1206907,22.443490982055664,22.443490982055664,ok
LA_D_1208604,14.46145248413086,14.46145248413086,ok
LA_D_1208937,18.251554489135742,18.251554489135742,ok
LA_D_1208939,15.351859092712402,15.351859092712402,ok
LA_D_1210958,12.168147087097168,12.168147087097168,ok
LA_D_1211631,14.653636932373047,14.653636932373047,ok
LA_D_1212385,13.982795715332031,13.982795715332031,ok
LA_D_1212670,14.798493385314941,14.798493385314941,ok
LA_D_1214950,-15.29776668548584,-15.29776668548584,ok
LA_D_1216436,16.568069458007812,16.568069458007812,ok
LA_D_1216735,13.57044506072998,13.57044506072998,ok
LA_D_1217069,9.608717918395996,9.608717918395996,ok
LA_D_1217312,10.078834533691406,10.078834533691406,ok
LA_D_1217579,9.73857593536377,9.73857593536377,ok
LA_D_1218270,12.568849563598633,12.568849563598633,ok
LA_D_1218618,22.991613388061523,22.991613388061523,ok
LA_D_1218955,10.879857063293457,10.879857063293457,ok
LA_D_1219091,12.477477073669434,12.477477073669434,ok
LA_D_1219751,12.251370429992676,12.251370429992676,ok
LA_D_1221102,10.793566703796387,10.793566703796387,ok
LA_D_1225629,15.68437385559082,15.68437385559082,ok
LA_D_1226093,17.468591690063477,17.468591690063477,ok
LA_D_1226919,17.350053787231445,17.350053787231445,ok
LA_D_1229238,16.833833694458008,16.833833694458008,ok
LA_D_1230447,13.510029792785645,13.510029792785645,ok
LA_D_1230972,13.690277099609375,13.690277099609375,ok
LA_D_1232140,14.670195579528809,14.670195579528809,ok
LA_D_1232279,12.810452461242676,12.810452461242676,ok
LA_D_1232613,-13.648110389709473,-13.648110389709473,ok
LA_D_1233766,15.351170539855957,15.351170539855957,ok
LA_D_1234829,-13.458596229553223,-13.458596229553223,ok
LA_D_1235041,18.830913543701172,18.830913543701172,ok
LA_D_1235148,15.233705520629883,15.233705520629883,ok
LA_D_1235211,15.87756633758545,15.87756633758545,ok
LA_D_1235306,12.69348430633545,12.69348430633545,ok
LA_D_1236459,20.946012496948242,20.946012496948242,ok
LA_D_1237480,12.821133613586426,12.821133613586426,ok
LA_D_1238201,17.297954559326172,17.297954559326172,ok
LA_D_1238696,-15.697839736938477,-15.697839736938477,ok
LA_D_1239007,14.632292747497559,14.632292747497559,ok
LA_D_1239715,-13.709720611572266,-13.709720611572266,ok
LA_D_1240959,13.25034236907959,13.25034236907959,ok
LA_D_1240976,-15.127213478088379,-15.127213478088379,ok
LA_D_1242157,15.6221342086792,15.6221342086792,ok
LA_D_1243162,13.008744239807129,13.008744239807129,ok
LA_D_1243570,16.833097457885742,16.833097457885742,ok
LA_D_1244678,11.886465072631836,11.886465072631836,ok
LA_D_1244860,14.281871795654297,14.281871795654297,ok
LA_D_1245164,9.899423599243164,9.899423599243164,ok
LA_D_1245233,16.53520393371582,16.53520393371582,ok
LA_D_1245336,17.039159774780273,17.039159774780273,ok
LA_D_1246046,15.797552108764648,15.797552108764648,ok
LA_D_1246251,13.388627052307129,13.388627052307129,ok
LA_D_1246607,-14.107481002807617,-14.107481002807617,ok
LA_D_1247325,12.498045921325684,12.498045921325684,ok
LA_D_1248209,11.804444313049316,11.804444313049316,ok
LA_D_1248476,15.29113483428955,15.29113483428955,ok
LA_D_1248515,12.177388191223145,12.177388191223145,ok
LA_D_1248870,13.756576538085938,13.756576538085938,ok
LA_D_1249012,9.92419719696045,9.92419719696045,ok
LA_D_1249064,1.0691514015197754,1.0691514015197754,ok
LA_D_1249114,18.21051597595215,18.21051597595215,ok
LA_D_1249536,11.19777774810791,11.19777774810791,ok
LA_D_1250618,12.88046932220459,12.88046932220459,ok
LA_D_1251682,13.922704696655273,13.922704696655273,ok
LA_D_1251939,13.782275199890137,13.782275199890137,ok
LA_D_1252524,16.699935913085938,16.699935913085938,ok
LA_D_1252608,14.321431159973145,14.321431159973145,ok
LA_D_1252766,18.997976303100586,18.997976303100586,ok
LA_D_1252794,11.279370307922363,11.279370307922363,ok
LA_D_1253043,14.263533592224121,14.263533592224121,ok
LA_D_1253703,10.4465970993042,10.4465970993042,ok
LA_D_1254455,10.484551429748535,10.484551429748535,ok
LA_D_1256001,10.736720085144043,10.736720085144043,ok
LA_D_1258579,14.952220916748047,14.952220916748047,ok
LA_D_1261551,18.85187339782715,18.85187339782715,ok
LA_D_1261801,9.203120231628418,9.203120231628418,ok
LA_D_1262462,14.293127059936523,14.293127059936523,ok
LA_D_1264445,9.288654327392578,9.288654327392578,ok
LA_D_1264718,16.591352462768555,16.591352462768555,ok
LA_D_1264748,12.19133472442627,12.19133472442627,ok
LA_D_1265133,12.295527458190918,12.295527458190918,ok
LA_D_1266897,10.25446891784668,10.25446891784668,ok
LA_D_1267039,11.768583297729492,11.768583297729492,ok
LA_D_1268493,18.160268783569336,18.160268783569336,ok
LA_D_1270677,16.019453048706055,16.019453048706055,ok
LA_D_1271468,13.219267845153809,13.219267845153809,ok
LA_D_1272181,10.788128852844238,10.788128852844238,ok
LA_D_1274077,13.860333442687988,13.860333442687988,ok
LA_D_1274207,12.456178665161133,12.456178665161133,ok
LA_D_1274554,12.361956596374512,12.361956596374512,ok
LA_D_1274657,14.701225280761719,14.701225280761719,ok
LA_D_1275044,-13.503193855285645,-13.503193855285645,ok
LA_D_1277538,12.109219551086426,12.109219551086426,ok
LA_D_1279220,16.417312622070312,16.417312622070312,ok
LA_D_1279578,18.112045288085938,18.112045288085938,ok
LA_D_1279699,11.386270523071289,11.386270523071289,ok
LA_D_1280356,12.327862739562988,12.327862739562988,ok
LA_D_1281123,13.346142768859863,13.346142768859863,ok
LA_D_1281285,17.617969512939453,17.617969512939453,ok
LA_D_1281551,11.200695991516113,11.200695991516113,ok
LA_D_1281736,10.952561378479004,10.952561378479004,ok
LA_D_1281950,-14.12190055847168,-14.12190055847168,ok
LA_D_1285017,14.290818214416504,14.290818214416504,ok
LA_D_1286132,10.901510238647461,10.901510238647461,ok
LA_D_1286897,15.56589126586914,15.56589126586914,ok
LA_D_1287394,9.476317405700684,9.476317405700684,ok
LA_D_1287631,11.613320350646973,11.613320350646973,ok
LA_D_1287658,14.342781066894531,14.342781066894531,ok
LA_D_1288217,-10.644434928894043,-10.644434928894043,ok
LA_D_1290079,13.118531227111816,13.118531227111816,ok
LA_D_1290431,18.465848922729492,18.465848922729492,ok
LA_D_1291101,14.398448944091797,14.398448944091797,ok
LA_D_1292315,14.230169296264648,14.230169296264648,ok
LA_D_1292781,13.894372940063477,13.894372940063477,ok
LA_D_1292895,12.8272066116333,12.8272066116333,ok
LA_D_1293149,7.976617336273193,7.976617336273193,ok
LA_D_1294054,18.346893310546875,18.346893310546875,ok
LA_D_1296374,12.528558731079102,12.528558731079102,ok
LA_D_1296597,15.758211135864258,15.758211135864258,ok
LA_D_1297520,13.116175651550293,13.116175651550293,ok
LA_D_1297559,16.005998611450195,16.005998611450195,ok
LA_D_1298257,11.37431812286377,11.37431812286377,ok
LA_D_1299938,11.20181941986084,11.20181941986084,ok
LA_D_1300135,14.436724662780762,14.436724662780762,ok
LA_D_1300558,-14.19630241394043,-14.19630241394043,ok
LA_D_1301234,-9.021610260009766,-9.021610260009766,ok
LA_D_1301398,19.938220977783203,19.938220977783203,ok
LA_D_1301495,5.795135974884033,5.795135974884033,ok
LA_D_1302934,15.632448196411133,15.632448196411133,ok
LA_D_1303621,13.18515682220459,13.18515682220459,ok
LA_D_1304734,13.716784477233887,13.716784477233887,ok
LA_D_1306387,-13.01137638092041,-13.01137638092041,ok
LA_D_1306634,10.917967796325684,10.917967796325684,ok
LA_D_1307022,13.090718269348145,13.090718269348145,ok
LA_D_1307113,8.36267375946045,8.36267375946045,ok
LA_D_1307115,16.15495491027832,16.15495491027832,ok
LA_D_1307361,14.664338111877441,14.664338111877441,ok
LA_D_1307590,14.62975788116455,14.62975788116455,ok
LA_D_1307948,-5.401275157928467,-5.401275157928467,ok
LA_D_1310219,16.785308837890625,16.785308837890625,ok
LA_D_1310938,15.63037395477295,15.63037395477295,ok
LA_D_1312652,20.194318771362305,20.194318771362305,ok
LA_D_1313431,-12.151350975036621,-12.151350975036621,ok
LA_D_1314415,15.112296104431152,15.112296104431152,ok
LA_D_1314423,16.24098777770996,16.24098777770996,ok
LA_D_1316973,12.665083885192871,12.665083885192871,ok
LA_D_1317099,21.108585357666016,21.108585357666016,ok
LA_D_1317561,16.24246597290039,16.24246597290039,ok
LA_D_1318978,10.88379955291748,10.88379955291748,ok
LA_D_1321608,12.90311336517334,12.90311336517334,ok
LA_D_1322656,13.985396385192871,13.985396385192871,ok
LA_D_1323117,7.947128772735596,7.947128772735596,ok
LA_D_1323454,-14.238961219787598,-14.238961219787598,ok
LA_D_1324369,12.374345779418945,12.374345779418945,ok
LA_D_1325941,12.34664535522461,12.34664535522461,ok
LA_D_1326697,16.221426010131836,16.221426010131836,ok
LA_D_1326907,14.848966598510742,14.848966598510742,ok
LA_D_1328151,13.741704940795898,13.741704940795898,ok
LA_D_1329749,18.377859115600586,18.377859115600586,ok
LA_D_1330250,19.751218795776367,19.751218795776367,ok
LA_D_1330775,-14.000469207763672,-14.000469207763672,ok
LA_D_1332227,12.754546165466309,12.754546165466309,ok
LA_D_1334666,11.356945991516113,11.356945991516113,ok
LA_D_1335445,-13.54247760772705,-13.54247760772705,ok
LA_D_1335533,13.970685005187988,13.970685005187988,ok
LA_D_1336221,-14.843413352966309,-14.843413352966309,ok
LA_D_1336509,16.829164505004883,16.829164505004883,ok
LA_D_1337359,18.085126876831055,18.085126876831055,ok
LA_D_1339977,11.833020210266113,11.833020210266113,ok
LA_D_1340170,11.073057174682617,11.073057174682617,ok
LA_D_1341967,16.887990951538086,16.887990951538086,ok
LA_D_1343070,13.164884567260742,13.164884567260742,ok
LA_D_1343353,15.447257995605469,15.447257995605469,ok
LA_D_1343882,9.73772144317627,9.73772144317627,ok
LA_D_1345745,16.378459930419922,16.378459930419922,ok
LA_D_1345832,11.177535057067871,11.177535057067871,ok
LA_D_1348104,11.80477237701416,11.80477237701416,ok
LA_D_1348124,11.77370834350586,11.77370834350586,ok
LA_D_1348512,15.702872276306152,15.702872276306152,ok
LA_D_1350597,10.205347061157227,10.205347061157227,ok
LA_D_1351069,8.07751750946045,8.07751750946045,ok
LA_D_1351175,15.351316452026367,15.351316452026367,ok
LA_D_1351546,6.1908979415893555,6.1908979415893555,ok
LA_D_1351703,14.553369522094727,14.553369522094727,ok
LA_D_1352656,17.980607986450195,17.980607986450195,ok
LA_D_1353894,-13.816988945007324,-13.816988945007324,ok
LA_D_1354096,13.459359169006348,13.459359169006348,ok
LA_D_1354354,15.00085163116455,15.00085163116455,ok
LA_D_1354501,14.05521297454834,14.05521297454834,ok
LA_D_1355058,-11.733065605163574,-11.733065605163574,ok
LA_D_1356036,14.44959545135498,14.44959545135498,ok
LA_D_1357016,14.13793659210205,14.13793659210205,ok
LA_D_1358422,18.390888214111328,18.390888214111328,ok
LA_D_1358556,11.793118476867676,11.793118476867676,ok
LA_D_1359166,16.55861473083496,16.55861473083496,ok
LA_D_1359304,11.781351089477539,11.781351089477539,ok
LA_D_1360070,12.711390495300293,12.711390495300293,ok
LA_D_1361369,12.323529243469238,12.323529243469238,ok
LA_D_1361417,-16.488168716430664,-16.488168716430664,ok
LA_D_1361600,14.430685043334961,14.430685043334961,ok
LA_D_1361818,17.321176528930664,17.321176528930664,ok
LA_D_1362199,17.869321823120117,17.869321823120117,ok
LA_D_1363243,-12.622241020202637,-12.622241020202637,ok
LA_D_1363364,7.4887261390686035,7.4887261390686035,ok
LA_D_1364216,21.97406005859375,21.97406005859375,ok
LA_D_1364611,-12.49117660522461,-12.49117660522461,ok
LA_D_1365321,12.5083589553833,12.5083589553833,ok
LA_D_1365588,16.60400390625,16.60400390625,ok
LA_D_1366391,19.473081588745117,19.473081588745117,ok
LA_D_1368280,-16.002079010009766,-16.002079010009766,ok
LA_D_1368657,13.05802059173584,13.05802059173584,ok
LA_D_1368692,16.25758171081543,16.25758171081543,ok
LA_D_1369463,16.152372360229492,16.152372360229492,ok
LA_D_1369901,11.16917610168457,11.16917610168457,ok
LA_D_1371588,15.009970664978027,15.009970664978027,ok
LA_D_1371818,13.174927711486816,13.174927711486816,ok
LA_D_1373736,11.79108715057373,11.79108715057373,ok
LA_D_1374363,-13.780028343200684,-13.780028343200684,ok
LA_D_1375085,9.546635627746582,9.546635627746582,ok
LA_D_1375735,14.55770206451416,14.55770206451416,ok
LA_D_1376887,12.799524307250977,12.799524307250977,ok
LA_D_1377906,18.208078384399414,18.208078384399414,ok
LA_D_1378109,11.095622062683105,11.095622062683105,ok
LA_D_1378776,10.8485746383667,10.8485746383667,ok
LA_D_1379062,11.10811996459961,11.10811996459961,ok
LA_D_1380231,-13.724846839904785,-13.724846839904785,ok
LA_D_1382194,14.848222732543945,14.848222732543945,ok
LA_D_1382825,19.994733810424805,19.994733810424805,ok
LA_D_1382969,18.436031341552734,18.436031341552734,ok
LA_D_1384414,14.132670402526855,14.132670402526855,ok
LA_D_1385838,14.628966331481934,14.628966331481934,ok
LA_D_1385978,12.116862297058105,12.116862297058105,ok
LA_D_1386774,14.80617904663086,14.80617904663086,ok
LA_D_1388138,12.88491153717041,12.88491153717041,ok
LA_D_1389698,-12.747183799743652,-12.747183799743652,ok
LA_D_1390523,13.441195487976074,13.441195487976074,ok
LA_D_1391132,5.2379326820373535,5.2379326820373535,ok
LA_D_1391969,14.847281455993652,14.847281455993652,ok
LA_D_1391982,-10.75162410736084,-10.75162410736084,ok
LA_D_1393294,5.413211345672607,5.413211345672607,ok
LA_D_1393609,12.87231159210205,12.87231159210205,ok
LA_D_1393870,15.111298561096191,15.111298561096191,ok
LA_D_1394044,15.955710411071777,15.955710411071777,ok
LA_D_1394305,9.65450668334961,9.65450668334961,ok
LA_D_1394492,15.715084075927734,15.715084075927734,ok
LA_D_1396590,15.096120834350586,15.096120834350586,ok
LA_D_1396790,12.413064956665039,12.413064956665039,ok
LA_D_1397703,16.949499130249023,16.949499130249023,ok
LA_D_1398743,7.558709621429443,7.558709621429443,ok
LA_D_1401409,16.6872501373291,16.6872501373291,ok
LA_D_1401933,17.497621536254883,17.497621536254883,ok
LA_D_1402046,21.18230628967285,21.18230628967285,ok
LA_D_1402940,15.949517250061035,15.949517250061035,ok
LA_D_1403762,-10.129847526550293,-10.129847526550293,ok
LA_D_1404026,13.62759780883789,13.62759780883789,ok
LA_D_1405812,12.469378471374512,12.469378471374512,ok
LA_D_1406745,12.287964820861816,12.287964820861816,ok
LA_D_1406948,15.926888465881348,15.926888465881348,ok
LA_D_1408290,19.254762649536133,19.254762649536133,ok
LA_D_1409799,8.623077392578125,8.623077392578125,ok
LA_D_1409881,15.690306663513184,15.690306663513184,ok
LA_D_1410704,-9.283242225646973,-9.283242225646973,ok
LA_D_1412270,16.08049964904785,16.08049964904785,ok
LA_D_1412369,8.307038307189941,8.307038307189941,ok
LA_D_1412552,-13.295666694641113,-13.295666694641113,ok
LA_D_1412931,13.678168296813965,13.678168296813965,ok
LA_D_1413701,11.506094932556152,11.506094932556152,ok
LA_D_1414224,17.474946975708008,17.474946975708008,ok
LA_D_1414287,12.150486946105957,12.150486946105957,ok
LA_D_1414826,12.368451118469238,12.368451118469238,ok
LA_D_1414919,17.02329444885254,17.02329444885254,ok
LA_D_1415528,10.832503318786621,10.832503318786621,ok
LA_D_1415728,11.243738174438477,11.243738174438477,ok
LA_D_1416022,17.099645614624023,17.099645614624023,ok
LA_D_1416122,15.557575225830078,15.557575225830078,ok
LA_D_1416969,10.959508895874023,10.959508895874023,ok
LA_D_1417565,13.856648445129395,13.856648445129395,ok
LA_D_1418549,17.725194931030273,17.725194931030273,ok
LA_D_1418965,13.858887672424316,13.858887672424316,ok
LA_D_1419364,9.471911430358887,9.471911430358887,ok
LA_D_1419526,12.511687278747559,12.511687278747559,ok
LA_D_1420574,18.85959815979004,18.85959815979004,ok
LA_D_1422129,6.756099224090576,6.756099224090576,ok
LA_D_1423006,-6.9896135330200195,-6.9896135330200195,ok
LA_D_1424372,12.827543258666992,12.827543258666992,ok
LA_D_1424811,15.96500301361084,15.96500301361084,ok
LA_D_1425046,15.307608604431152,15.307608604431152,ok
LA_D_1426011,13.350305557250977,13.350305557250977,ok
LA_D_1427018,13.263564109802246,13.263564109802246,ok
LA_D_1427618,14.532868385314941,14.532868385314941,ok
LA_D_1427710,-14.890751838684082,-14.890751838684082,ok
LA_D_1428381,13.180472373962402,13.180472373962402,ok
LA_D_1429979,12.80681037902832,12.80681037902832,ok
LA_D_1432668,15.746682167053223,15.746682167053223,ok
LA_D_1433046,18.367525100708008,18.367525100708008,ok
LA_D_1433061,11.274287223815918,11.274287223815918,ok
LA_D_1433129,17.911840438842773,17.911840438842773,ok
LA_D_1433873,12.47673225402832,12.47673225402832,ok
LA_D_1434547,21.048343658447266,21.048343658447266,ok
LA_D_1434551,16.7797908782959,16.7797908782959,ok
LA_D_1434780,15.696764945983887,15.696764945983887,ok
LA_D_1434936,11.466374397277832,11.466374397277832,ok
LA_D_1435647,13.71126651763916,13.71126651763916,ok
LA_D_1436004,13.694214820861816,13.694214820861816,ok
LA_D_1438615,-13.243966102600098,-13.243966102600098,ok
LA_D_1438742,12.694849967956543,12.694849967956543,ok
LA_D_1440229,12.382725715637207,12.382725715637207,ok
LA_D_1440908,17.469717025756836,17.469717025756836,ok
LA_D_1441701,18.419702529907227,18.419702529907227,ok
LA_D_1442792,15.475811958312988,15.475811958312988,ok
LA_D_1443809,13.299323081970215,13.299323081970215,ok
LA_D_1444623,17.280498504638672,17.280498504638672,ok
LA_D_1445468,-10.022178649902344,-10.022178649902344,ok
LA_D_1447056,15.029773712158203,15.029773712158203,ok
LA_D_1447238,3.7515556812286377,3.7515556812286377,ok
LA_D_1447250,19.300508499145508,19.300508499145508,ok
LA_D_1447776,21.011701583862305,21.011701583862305,ok
LA_D_1448869,14.163283348083496,14.163283348083496,ok
LA_D_1449303,9.60462474822998,9.60462474822998,ok
LA_D_1451466,7.111172199249268,7.111172199249268,ok
LA_D_1452937,17.235445022583008,17.235445022583008,ok
LA_D_1453864,17.511802673339844,17.511802673339844,ok
LA_D_1454955,13.981698036193848,13.981698036193848,ok
LA_D_1454984,14.947258949279785,14.947258949279785,ok
LA_D_1459201,16.402246475219727,16.402246475219727,ok
LA_D_1459300,10.91303825378418,10.91303825378418,ok
LA_D_1459930,-11.139734268188477,-11.139734268188477,ok
LA_D_1461015,15.389616966247559,15.389616966247559,ok
LA_D_1461462,14.424025535583496,14.424025535583496,ok
LA_D_1461530,8.751507759094238,8.751507759094238,ok
LA_D_1461752,12.574615478515625,12.574615478515625,ok
LA_D_1462484,-13.03128433227539,-13.03128433227539,ok
LA_D_1462556,16.94130516052246,16.94130516052246,ok
LA_D_1463624,16.348779678344727,16.348779678344727,ok
LA_D_1463958,9.713227272033691,9.713227272033691,ok
LA_D_1463984,12.341099739074707,12.341099739074707,ok
LA_D_1464997,15.994162559509277,15.994162559509277,ok
LA_D_1467819,14.728650093078613,14.728650093078613,ok
LA_D_1468044,11.683274269104004,11.683274269104004,ok
LA_D_1468408,17.164112091064453,17.164112091064453,ok
LA_D_1469404,-8.962323188781738,-8.962323188781738,ok
LA_D_1469415,12.477007865905762,12.477007865905762,ok
LA_D_1471187,11.933112144470215,11.933112144470215,ok
LA_D_1471595,15.29760456085205,15.29760456085205,ok
LA_D_1472284,12.612792015075684,12.612792015075684,ok
LA_D_1472719,16.731718063354492,16.731718063354492,ok
LA_D_1473255,-6.281048774719238,-6.281048774719238,ok
LA_D_1473361,9.551337242126465,9.551337242126465,ok
LA_D_1475296,13.90971851348877,13.90971851348877,ok
LA_D_1476062,9.511237144470215,9.511237144470215,ok
LA_D_1476819,12.945497512817383,12.945497512817383,ok
LA_D_1477090,12.23752498626709,12.23752498626709,ok
LA_D_1477768,15.169862747192383,15.169862747192383,ok
LA_D_1478351,16.11823844909668,16.11823844909668,ok
LA_D_1479514,16.05850601196289,16.05850601196289,ok
LA_D_1479561,8.835912704467773,8.835912704467773,ok
LA_D_1479871,13.699332237243652,13.699332237243652,ok
LA_D_1480186,-0.8603401780128479,-0.8603401780128479,ok
LA_D_1481057,-12.785107612609863,-12.785107612609863,ok
LA_D_1481205,10.939875602722168,10.939875602722168,ok
LA_D_1481335,-12.040898323059082,-12.040898323059082,ok
LA_D_1481725,15.096827507019043,15.096827507019043,ok
LA_D_1482068,9.159241676330566,9.159241676330566,ok
LA_D_1482998,-14.957488059997559,-14.957488059997559,ok
LA_D_1483054,15.514492988586426,15.514492988586426,ok
LA_D_1483493,-12.82358455657959,-12.82358455657959,ok
LA_D_1483498,12.820959091186523,12.820959091186523,ok
LA_D_1483761,8.957884788513184,8.957884788513184,ok
LA_D_1484616,14.493428230285645,14.493428230285645,ok
LA_D_1484758,15.275327682495117,15.275327682495117,ok
LA_D_1485960,12.720844268798828,12.720844268798828,ok
LA_D_1485983,14.464627265930176,14.464627265930176,ok
LA_D_1487457,12.10239028930664,12.10239028930664,ok
LA_D_1488314,17.945032119750977,17.945032119750977,ok
LA_D_1488449,-14.446829795837402,-14.446829795837402,ok
LA_D_1488756,16.809396743774414,16.809396743774414,ok
LA_D_1494418,-13.667496681213379,-13.667496681213379,ok
LA_D_1495117,13.443169593811035,13.443169593811035,ok
LA_D_1495339,16.76946449279785,16.76946449279785,ok
LA_D_1496491,18.008577346801758,18.008577346801758,ok
LA_D_1496754,15.943490028381348,15.943490028381348,ok
LA_D_1497236,10.433791160583496,10.433791160583496,ok
LA_D_1498058,14.70740032196045,14.70740032196045,ok
LA_D_1499350,15.227385520935059,15.227385520935059,ok
LA_D_1500385,-13.973736763000488,-13.973736763000488,ok
LA_D_1500993,-14.70718002319336,-14.70718002319336,ok
LA_D_1502443,12.90315055847168,12.90315055847168,ok
LA_D_1502852,15.670032501220703,15.670032501220703,ok
LA_D_1503604,-14.438421249389648,-14.438421249389648,ok
LA_D_1504502,16.838600158691406,16.838600158691406,ok
LA_D_1506183,14.501181602478027,14.501181602478027,ok
LA_D_1506235,10.208565711975098,10.208565711975098,ok
LA_D_1506631,13.85839557647705,13.85839557647705,ok
LA_D_1507549,14.620513916015625,14.620513916015625,ok
LA_D_1509117,13.93563461303711,13.93563461303711,ok
LA_D_1509923,16.3586368560791,16.3586368560791,ok
LA_D_1509962,14.94621467590332,14.94621467590332,ok
LA_D_1510431,12.223288536071777,12.223288536071777,ok
LA_D_1511574,18.837488174438477,18.837488174438477,ok
LA_D_1512564,10.128907203674316,10.128907203674316,ok
LA_D_1512979,15.403023719787598,15.403023719787598,ok
LA_D_1513681,16.436649322509766,16.436649322509766,ok
LA_D_1513725,-15.619857788085938,-15.619857788085938,ok
LA_D_1514602,10.137372016906738,10.137372016906738,ok
LA_D_1516617,13.692408561706543,13.692408561706543,ok
LA_D_1517144,17.048572540283203,17.048572540283203,ok
LA_D_1517231,-12.751896858215332,-12.751896858215332,ok
LA_D_1518141,17.60500144958496,17.60500144958496,ok
LA_D_1518174,12.039554595947266,12.039554595947266,ok
LA_D_1519187,11.014471054077148,11.014471054077148,ok
LA_D_1519237,-13.322150230407715,-13.322150230407715,ok
LA_D_1519429,10.46550464630127,10.46550464630127,ok
LA_D_1520589,15.024123191833496,15.024123191833496,ok
LA_D_1520617,16.058528900146484,16.058528900146484,ok
LA_D_1520830,-15.322943687438965,-15.322943687438965,ok
LA_D_1521999,14.342489242553711,14.342489242553711,ok
LA_D_1522185,17.303043365478516,17.303043365478516,ok
LA_D_1522579,5.610440731048584,5.610440731048584,ok
LA_D_1523141,20.55008888244629,20.55008888244629,ok
LA_D_1523180,-12.314946174621582,-12.314946174621582,ok
LA_D_1523483,-11.779566764831543,-11.779566764831543,ok
LA_D_1523689,18.814224243164062,18.814224243164062,ok
LA_D_1526424,15.992737770080566,15.992737770080566,ok
LA_D_1526816,17.09287452697754,17.09287452697754,ok
LA_D_1526842,17.385786056518555,17.385786056518555,ok
LA_D_1527493,15.37269115447998,15.37269115447998,ok
LA_D_1527843,19.325651168823242,19.325651168823242,ok
LA_D_1528176,12.418844223022461,12.418844223022461,ok
LA_D_1528364,13.037759780883789,13.037759780883789,ok
LA_D_1528504,13.008305549621582,13.008305549621582,ok
LA_D_1528709,12.548720359802246,12.548720359802246,ok
LA_D_1529378,9.88688850402832,9.88688850402832,ok
LA_D_1529875,15.677411079406738,15.677411079406738,ok
LA_D_1530620,12.750702857971191,12.750702857971191,ok
LA_D_1531184,19.586406707763672,19.586406707763672,ok
LA_D_1531229,12.902825355529785,12.902825355529785,ok
LA_D_1533857,14.805540084838867,14.805540084838867,ok
LA_D_1534651,13.96147632598877,13.96147632598877,ok
LA_D_1534693,9.726397514343262,9.726397514343262,ok
LA_D_1534909,17.61695671081543,17.61695671081543,ok
LA_D_1534944,11.62412166595459,11.62412166595459,ok
LA_D_1535343,10.2620210647583,10.2620210647583,ok
LA_D_1535464,14.734511375427246,14.734511375427246,ok
LA_D_1538546,13.684712409973145,13.684712409973145,ok
LA_D_1539089,12.299872398376465,12.299872398376465,ok
LA_D_1539250,14.43478012084961,14.43478012084961,ok
LA_D_1539541,17.4511775970459,17.4511775970459,ok
LA_D_1540639,18.6055965423584,18.6055965423584,ok
LA_D_1541008,5.405989170074463,5.405989170074463,ok
LA_D_1541459,13.849553108215332,13.849553108215332,ok
LA_D_1541519,-12.662590980529785,-12.662590980529785,ok
LA_D_1541976,11.4871826171875,11.4871826171875,ok
LA_D_1543611,15.7556734085083,15.7556734085083,ok
LA_D_1544054,8.959333419799805,8.959333419799805,ok
LA_D_1544533,11.441828727722168,11.441828727722168,ok
LA_D_1544944,17.211994171142578,17.211994171142578,ok
LA_D_1546363,11.88027286529541,11.88027286529541,ok
LA_D_1546478,10.722715377807617,10.722715377807617,ok
LA_D_1548278,10.812888145446777,10.812888145446777,ok
LA_D_1549509,19.957637786865234,19.957637786865234,ok
LA_D_1551137,18.65349769592285,18.65349769592285,ok
LA_D_1555028,17.536609649658203,17.536609649658203,ok
LA_D_1555301,14.061814308166504,14.061814308166504,ok
LA_D_1555695,14.875007629394531,14.875007629394531,ok
LA_D_1555757,16.7518367767334,16.7518367767334,ok
LA_D_1555842,11.412215232849121,11.412215232849121,ok
LA_D_1556162,10.166441917419434,10.166441917419434,ok
LA_D_1556595,0.9577754735946655,0.9577754735946655,ok
LA_D_1556777,16.78557777404785,16.78557777404785,ok
LA_D_1557405,17.022645950317383,17.022645950317383,ok
LA_D_1557675,5.416520118713379,5.416520118713379,ok
LA_D_1557737,13.16603946685791,13.16603946685791,ok
LA_D_1558714,-13.333976745605469,-13.333976745605469,ok
LA_D_1559429,13.17973518371582,13.17973518371582,ok
LA_D_1560273,-11.960522651672363,-11.960522651672363,ok
LA_D_1560491,11.854373931884766,11.854373931884766,ok
LA_D_1561479,17.518260955810547,17.518260955810547,ok
LA_D_1561860,10.242025375366211,10.242025375366211,ok
LA_D_1561911,16.113149642944336,16.113149642944336,ok
LA_D_1562732,-16.326417922973633,-16.326417922973633,ok
LA_D_1563071,16.82575035095215,16.82575035095215,ok
LA_D_1564452,12.65644359588623,12.65644359588623,ok
LA_D_1565390,-13.583308219909668,-13.583308219909668,ok
LA_D_1566347,17.73809242248535,17.73809242248535,ok
LA_D_1566398,7.405563831329346,7.405563831329346,ok
LA_D_1566542,16.106006622314453,16.106006622314453,ok
LA_D_1567126,-13.912781715393066,-13.912781715393066,ok
LA_D_1567712,13.6995267868042,13.6995267868042,ok
LA_D_1568497,12.103282928466797,12.103282928466797,ok
LA_D_1569257,15.77684211730957,15.77684211730957,ok
LA_D_1570710,21.95475196838379,21.95475196838379,ok
LA_D_1571595,4.819360256195068,4.819360256195068,ok
LA_D_1571783,11.693882942199707,11.693882942199707,ok
LA_D_1572003,14.24030590057373,14.24030590057373,ok
LA_D_1573404,13.822087287902832,13.822087287902832,ok
LA_D_1574269,11.754082679748535,11.754082679748535,ok
LA_D_1574961,14.559237480163574,14.559237480163574,ok
LA_D_1574963,13.795964241027832,13.795964241027832,ok
LA_D_1576565,15.530230522155762,15.530230522155762,ok
LA_D_1577587,12.430099487304688,12.430099487304688,ok
LA_D_1580544,16.19571304321289,16.19571304321289,ok
LA_D_1580841,13.881855010986328,13.881855010986328,ok
LA_D_1581342,12.98704719543457,12.98704719543457,ok
LA_D_1581762,12.718033790588379,12.718033790588379,ok
LA_D_1583428,12.17849063873291,12.17849063873291,ok
LA_D_1588604,14.558817863464355,14.558817863464355,ok
LA_D_1589222,14.893038749694824,14.893038749694824,ok
LA_D_1589359,23.350587844848633,23.350587844848633,ok
LA_D_1590758,13.32392406463623,13.32392406463623,ok
LA_D_1591743,14.018078804016113,14.018078804016113,ok
LA_D_1592559,8.531916618347168,8.531916618347168,ok
LA_D_1593502,14.897706985473633,14.897706985473633,ok
LA_D_1594784,13.962608337402344,13.962608337402344,ok
LA_D_1594826,12.042906761169434,12.042906761169434,ok
LA_D_1596158,16.221622467041016,16.221622467041016,ok
LA_D_1596779,14.247888565063477,14.247888565063477,ok
LA_D_1598405,21.0438289642334,21.0438289642334,ok
LA_D_1600156,14.02534008026123,14.02534008026123,ok
LA_D_1600157,17.96917152404785,17.96917152404785,ok
LA_D_1600216,21.134563446044922,21.134563446044922,ok
LA_D_1601494,12.558838844299316,12.558838844299316,ok
LA_D_1601648,9.748080253601074,9.748080253601074,ok
LA_D_1601789,14.405146598815918,14.405146598815918,ok
LA_D_1601833,17.441774368286133,17.441774368286133,ok
LA_D_1602771,14.110474586486816,14.110474586486816,ok
LA_D_1603312,12.398544311523438,12.398544311523438,ok
LA_D_1604831,13.53337574005127,13.53337574005127,ok
LA_D_1604925,14.725374221801758,14.725374221801758,ok
LA_D_1606599,16.47321128845215,16.47321128845215,ok
LA_D_1607104,-12.529473304748535,-12.529473304748535,ok
LA_D_1607262,17.792747497558594,17.792747497558594,ok
LA_D_1607304,19.435415267944336,19.435415267944336,ok
LA_D_1608588,11.086165428161621,11.086165428161621,ok
LA_D_1608931,12.409453392028809,12.409453392028809,ok
LA_D_1609520,11.626208305358887,11.626208305358887,ok
LA_D_1609660,11.274683952331543,11.274683952331543,ok
LA_D_1611025,12.845691680908203,12.845691680908203,ok
LA_D_1611108,16.602270126342773,16.602270126342773,ok
LA_D_1611581,13.707376480102539,13.707376480102539,ok
LA_D_1611993,14.96553897857666,14.96553897857666,ok
LA_D_1612620,15.055008888244629,15.055008888244629,ok
LA_D_1613798,10.599164009094238,10.599164009094238,ok
LA_D_1613851,14.31604290008545,14.31604290008545,ok
LA_D_1613936,18.350778579711914,18.350778579711914,ok
LA_D_1614382,14.469274520874023,14.469274520874023,ok
LA_D_1614845,17.165971755981445,17.165971755981445,ok
LA_D_1615516,12.219206809997559,12.219206809997559,ok
LA_D_1616093,18.88532829284668,18.88532829284668,ok
LA_D_1621509,17.23687171936035,17.23687171936035,ok
LA_D_1622941,9.325175285339355,9.325175285339355,ok
LA_D_1623705,10.56576156616211,10.56576156616211,ok
LA_D_1623783,10.697381019592285,10.697381019592285,ok
LA_D_1624895,11.648761749267578,11.648761749267578,ok
LA_D_1625102,13.762232780456543,13.762232780456543,ok
LA_D_1628180,12.794187545776367,12.794187545776367,ok
LA_D_1629379,15.44003677368164,15.44003677368164,ok
LA_D_1630527,13.937691688537598,13.937691688537598,ok
LA_D_1632847,13.161940574645996,13.161940574645996,ok
LA_D_1635246,16.15737533569336,16.15737533569336,ok
LA_D_1637491,16.823869705200195,16.823869705200195,ok
LA_D_1637629,14.45621395111084,14.45621395111084,ok
LA_D_1637646,15.094765663146973,15.094765663146973,ok
LA_D_1638692,16.214385986328125,16.214385986328125,ok
LA_D_1639348,15.550141334533691,15.550141334533691,ok
LA_D_1639860,14.083220481872559,14.083220481872559,ok
LA_D_1639891,14.70090389251709,14.70090389251709,ok
LA_D_1640383,9.568713188171387,9.568713188171387,ok
LA_D_1640497,-12.948564529418945,-12.948564529418945,ok
LA_D_1643538,8.620491981506348,8.620491981506348,ok
LA_D_1644764,-14.102500915527344,-14.102500915527344,ok
LA_D_1645531,6.6798272132873535,6.6798272132873535,ok
LA_D_1646097,15.289626121520996,15.289626121520996,ok
LA_D_1648141,17.97958755493164,17.97958755493164,ok
LA_D_1648291,-15.412840843200684,-15.412840843200684,ok
LA_D_1649885,16.010478973388672,16.010478973388672,ok
LA_D_1649887,11.153599739074707,11.153599739074707,ok
LA_D_1649895,14.49726390838623,14.49726390838623,ok
LA_D_1652776,17.335020065307617,17.335020065307617,ok
LA_D_1653412,12.420062065124512,12.420062065124512,ok
LA_D_1654772,16.83087730407715,16.83087730407715,ok
LA_D_1655634,9.0488920211792,9.0488920211792,ok
LA_D_1656978,11.040921211242676,11.040921211242676,ok
LA_D_1657707,13.524816513061523,13.524816513061523,ok
LA_D_1658555,15.22143268585205,15.22143268585205,ok
LA_D_1659148,14.086421012878418,14.086421012878418,ok
LA_D_1659731,12.40027141571045,12.40027141571045,ok
LA_D_1659955,15.244978904724121,15.244978904724121,ok
LA_D_1660121,14.332136154174805,14.332136154174805,ok
LA_D_1662448,13.868891716003418,13.868891716003418,ok
LA_D_1664055,17.798791885375977,17.798791885375977,ok
LA_D_1664425,14.05428695678711,14.05428695678711,ok
LA_D_1664915,15.062796592712402,15.062796592712402,ok
LA_D_1667962,9.767842292785645,9.767842292785645,ok
LA_D_1669057,12.090327262878418,12.090327262878418,ok
LA_D_1670207,13.919339179992676,13.919339179992676,ok
LA_D_1673360,12.46639347076416,12.46639347076416,ok
LA_D_1674536,19.07866859436035,19.07866859436035,ok
LA_D_1675550,14.33435344696045,14.33435344696045,ok
LA_D_1675990,13.489801406860352,13.489801406860352,ok
LA_D_1677234,8.643874168395996,8.643874168395996,ok
LA_D_1677598,13.440613746643066,13.440613746643066,ok
LA_D_1677846,12.463689804077148,12.463689804077148,ok
LA_D_1678096,5.414397716522217,5.414397716522217,ok
LA_D_1678967,9.093993186950684,9.093993186950684,ok
LA_D_1680060,16.756439208984375,16.756439208984375,ok
LA_D_1680201,-13.655049324035645,-13.655049324035645,ok
LA_D_1683013,13.148774147033691,13.148774147033691,ok
LA_D_1683892,7.547609806060791,7.547609806060791,ok
LA_D_1684010,11.816990852355957,11.816990852355957,ok
LA_D_1685139,14.828886985778809,14.828886985778809,ok
LA_D_1685766,14.320926666259766,14.320926666259766,ok
LA_D_1685863,14.675293922424316,14.675293922424316,ok
LA_D_1686743,-12.23416805267334,-12.23416805267334,ok
LA_D_1689082,-11.429059028625488,-11.429059028625488,ok
LA_D_1689302,12.557754516601562,12.557754516601562,ok
LA_D_1691193,16.939271926879883,16.939271926879883,ok
LA_D_1693615,14.770294189453125,14.770294189453125,ok
LA_D_1693970,10.957459449768066,10.957459449768066,ok
LA_D_1694092,9.068395614624023,9.068395614624023,ok
LA_D_1694389,18.658626556396484,18.658626556396484,ok
LA_D_1697322,12.180195808410645,12.180195808410645,ok
LA_D_1697663,14.242110252380371,14.242110252380371,ok
LA_D_1699200,15.292186737060547,15.292186737060547,ok
LA_D_1699219,10.270638465881348,10.270638465881348,ok
LA_D_1702355,15.627028465270996,15.627028465270996,ok
LA_D_1702527,14.78344440460205,14.78344440460205,ok
LA_D_1702824,12.076964378356934,12.076964378356934,ok
LA_D_1702942,13.53458023071289,13.53458023071289,ok
LA_D_1703167,10.645848274230957,10.645848274230957,ok
LA_D_1705054,16.271007537841797,16.271007537841797,ok
LA_D_1705349,19.90597152709961,19.90597152709961,ok
LA_D_1706159,13.71240234375,13.71240234375,ok
LA_D_1707779,9.380642890930176,9.380642890930176,ok
LA_D_1708689,13.037220001220703,13.037220001220703,ok
LA_D_1711559,-11.52553653717041,-11.52553653717041,ok
LA_D_1711564,16.67335319519043,16.67335319519043,ok
LA_D_1711747,14.689451217651367,14.689451217651367,ok
LA_D_1712120,17.598905563354492,17.598905563354492,ok
LA_D_1713212,10.834511756896973,10.834511756896973,ok
LA_D_1714449,16.314367294311523,16.314367294311523,ok
LA_D_1715749,8.896851539611816,8.896851539611816,ok
LA_D_1715778,8.835257530212402,8.835257530212402,ok
LA_D_1715794,13.682666778564453,13.682666778564453,ok
LA_D_1715922,14.387990951538086,14.387990951538086,ok
LA_D_1716033,-13.109643936157227,-13.109643936157227,ok
LA_D_1716656,17.857378005981445,17.857378005981445,ok
LA_D_1717085,16.96101188659668,16.96101188659668,ok
LA_D_1719951,11.451079368591309,11.451079368591309,ok
LA_D_1720015,16.363466262817383,16.363466262817383,ok
LA_D_1721527,-15.331747055053711,-15.331747055053711,ok
LA_D_1722779,-9.214005470275879,-9.214005470275879,ok
LA_D_1723025,8.37950325012207,8.37950325012207,ok
LA_D_1723129,10.189776420593262,10.189776420593262,ok
LA_D_1723393,16.538633346557617,16.538633346557617,ok
LA_D_1725328,12.923527717590332,12.923527717590332,ok
LA_D_1725588,17.87060546875,17.87060546875,ok
LA_D_1725718,12.121806144714355,12.121806144714355,ok
LA_D_1725978,15.406847953796387,15.406847953796387,ok
LA_D_1728557,12.864197731018066,12.864197731018066,ok
LA_D_1728757,18.76787757873535,18.76787757873535,ok
LA_D_1728920,9.990020751953125,9.990020751953125,ok
LA_D_1730959,-13.77110767364502,-13.77110767364502,ok
LA_D_1731771,13.22884464263916,13.22884464263916,ok
LA_D_1732607,11.777009010314941,11.777009010314941,ok
LA_D_1732752,-13.98739242553711,-13.98739242553711,ok
LA_D_1733065,11.807427406311035,11.807427406311035,ok
LA_D_1733253,13.740020751953125,13.740020751953125,ok
LA_D_1733691,-13.02185344696045,-13.02185344696045,ok
LA_D_1734049,14.840357780456543,14.840357780456543,ok
LA_D_1734325,13.911906242370605,13.911906242370605,ok
LA_D_1734430,15.1752290725708,15.1752290725708,ok
LA_D_1736286,-15.092483520507812,-15.092483520507812,ok
LA_D_1738100,14.334400177001953,14.334400177001953,ok
LA_D_1738251,11.490866661071777,11.490866661071777,ok
LA_D_1738651,19.40742301940918,19.40742301940918,ok
LA_D_1743004,15.172595024108887,15.172595024108887,ok
LA_D_1743744,4.3876142501831055,4.3876142501831055,ok
LA_D_1744737,9.614038467407227,9.614038467407227,ok
LA_D_1746170,16.30585289001465,16.30585289001465,ok
LA_D_1751728,6.186825275421143,6.186825275421143,ok
LA_D_1751782,11.90362548828125,11.90362548828125,ok
LA_D_1751918,12.159419059753418,12.159419059753418,ok
LA_D_1755243,13.018303871154785,13.018303871154785,ok
LA_D_1755482,15.349932670593262,15.349932670593262,ok
LA_D_1755776,17.387529373168945,17.387529373168945,ok
LA_D_1757134,11.616846084594727,11.616846084594727,ok
LA_D_1757843,13.370755195617676,13.370755195617676,ok
LA_D_1758018,4.360987186431885,4.360987186431885,ok
LA_D_1758405,11.818652153015137,11.818652153015137,ok
LA_D_1758957,16.055315017700195,16.055315017700195,ok
LA_D_1759608,15.92293643951416,15.92293643951416,ok
LA_D_1760472,-12.106521606445312,-12.106521606445312,ok
LA_D_1763710,16.55719757080078,16.55719757080078,ok
LA_D_1764251,17.755598068237305,17.755598068237305,ok
LA_D_1764443,10.350529670715332,10.350529670715332,ok
LA_D_1765969,14.870243072509766,14.870243072509766,ok
LA_D_1766425,12.082991600036621,12.082991600036621,ok
LA_D_1767120,12.145600318908691,12.145600318908691,ok
LA_D_1767206,12.174300193786621,12.174300193786621,ok
LA_D_1767230,17.23552703857422,17.23552703857422,ok
LA_D_1768067,16.332504272460938,16.332504272460938,ok
LA_D_1768591,16.79756736755371,16.79756736755371,ok
LA_D_1768659,13.184809684753418,13.184809684753418,ok
LA_D_1770174,-13.055731773376465,-13.055731773376465,ok
LA_D_1770638,10.19880199432373,10.19880199432373,ok
LA_D_1771272,12.07601261138916,12.07601261138916,ok
LA_D_1772083,15.64387035369873,15.64387035369873,ok
LA_D_1772237,-14.833819389343262,-14.833819389343262,ok
LA_D_1772977,13.211485862731934,13.211485862731934,ok
LA_D_1773079,12.548018455505371,12.548018455505371,ok
LA_D_1775541,18.556102752685547,18.556102752685547,ok
LA_D_1776073,11.504759788513184,11.504759788513184,ok
LA_D_1776380,15.849780082702637,15.849780082702637,ok
LA_D_1777002,14.182352066040039,14.182352066040039,ok
LA_D_1777158,10.942386627197266,10.942386627197266,ok
LA_D_1778489,15.699615478515625,15.699615478515625,ok
LA_D_1778690,11.828316688537598,11.828316688537598,ok
LA_D_1778772,11.570175170898438,11.570175170898438,ok
LA_D_1778872,13.477961540222168,13.477961540222168,ok
LA_D_1780000,10.348994255065918,10.348994255065918,ok
LA_D_1780523,11.117098808288574,11.117098808288574,ok
LA_D_1782967,14.347752571105957,14.347752571105957,ok
LA_D_1783037,18.9333553314209,18.9333553314209,ok
LA_D_1783287,18.253686904907227,18.253686904907227,ok
LA_D_1783574,16.93866539001465,16.93866539001465,ok
LA_D_1783942,12.457250595092773,12.457250595092773,ok
LA_D_1786331,13.856409072875977,13.856409072875977,ok
LA_D_1786730,-11.124011039733887,-11.124011039733887,ok
LA_D_1788098,14.355989456176758,14.355989456176758,ok
LA_D_1789894,12.739971160888672,12.739971160888672,ok
LA_D_1789917,17.278209686279297,17.278209686279297,ok
LA_D_1792373,13.553204536437988,13.553204536437988,ok
LA_D_1793186,14.70979118347168,14.70979118347168,ok
LA_D_1794906,14.684296607971191,14.684296607971191,ok
LA_D_1796445,-15.56758975982666,-15.56758975982666,ok
LA_D_1797576,16.076372146606445,16.076372146606445,ok
LA_D_1798555,14.963457107543945,14.963457107543945,ok
LA_D_1798838,12.829047203063965,12.829047203063965,ok
LA_D_1798881,14.70479679107666,14.70479679107666,ok
LA_D_1799143,12.494638442993164,12.494638442993164,ok
LA_D_1799775,12.070096015930176,12.070096015930176,ok
LA_D_1800659,15.220495223999023,15.220495223999023,ok
LA_D_1802495,15.773750305175781,15.773750305175781,ok
LA_D_1803008,-13.242860794067383,-13.242860794067383,ok
LA_D_1803165,15.313570022583008,15.313570022583008,ok
LA_D_1804384,13.638439178466797,13.638439178466797,ok
LA_D_1805177,-15.926575660705566,-15.926575660705566,ok
LA_D_1805483,-14.830301284790039,-14.830301284790039,ok
LA_D_1805502,10.975983619689941,10.975983619689941,ok
LA_D_1805739,-13.189440727233887,-13.189440727233887,ok
LA_D_1805963,16.779735565185547,16.779735565185547,ok
LA_D_1808507,10.825729370117188,10.825729370117188,ok
LA_D_1808956,10.574111938476562,10.574111938476562,ok
LA_D_1809307,14.48627758026123,14.48627758026123,ok
LA_D_1811445,9.770217895507812,9.770217895507812,ok
LA_D_1811965,15.117486000061035,15.117486000061035,ok
LA_D_1811978,13.502158164978027,13.502158164978027,ok
LA_D_1812094,11.848997116088867,11.848997116088867,ok
LA_D_1812623,-12.123103141784668,-12.123103141784668,ok
LA_D_1812724,15.593253135681152,15.593253135681152,ok
LA_D_1812831,15.028554916381836,15.028554916381836,ok
LA_D_1813321,13.865124702453613,13.865124702453613,ok
LA_D_1813906,12.082844734191895,12.082844734191895,ok
LA_D_1815265,11.529866218566895,11.529866218566895,ok
LA_D_1816644,11.166863441467285,11.166863441467285,ok
LA_D_1818653,13.102349281311035,13.102349281311035,ok
LA_D_1820743,11.326549530029297,11.326549530029297,ok
LA_D_1821879,8.246468544006348,8.246468544006348,ok
LA_D_1822549,11.751677513122559,11.751677513122559,ok
LA_D_1823585,10.002296447753906,10.002296447753906,ok
LA_D_1824180,-14.716740608215332,-14.716740608215332,ok
LA_D_1824827,3.838108777999878,3.838108777999878,ok
LA_D_1828356,20.063629150390625,20.063629150390625,ok
LA_D_1830470,9.035202980041504,9.035202980041504,ok
LA_D_1830521,14.557066917419434,14.557066917419434,ok
LA_D_1830846,13.232748985290527,13.232748985290527,ok
LA_D_1831145,14.931527137756348,14.931527137756348,ok
LA_D_1832937,16.104536056518555,16.104536056518555,ok
LA_D_1833652,-12.82934284210205,-12.82934284210205,ok
LA_D_1834815,16.059009552001953,16.059009552001953,ok
LA_D_1834958,15.690995216369629,15.690995216369629,ok
LA_D_1836171,12.699292182922363,12.699292182922363,ok
LA_D_1836354,13.405037879943848,13.405037879943848,ok
LA_D_1838028,10.317215919494629,10.317215919494629,ok
LA_D_1838386,1.2006491422653198,1.2006491422653198,ok
LA_D_1838534,12.852716445922852,12.852716445922852,ok
LA_D_1840120,14.781144142150879,14.781144142150879,ok
LA_D_1841254,9.687117576599121,9.687117576599121,ok
LA_D_1841439,17.41364288330078,17.41364288330078,ok
LA_D_1842165,11.59530258178711,11.59530258178711,ok
LA_D_1842516,13.292744636535645,13.292744636535645,ok
LA_D_1842990,-13.513602256774902,-13.513602256774902,ok
LA_D_1844495,15.998948097229004,15.998948097229004,ok
LA_D_1844563,20.430463790893555,20.430463790893555,ok
LA_D_1845069,11.35009479522705,11.35009479522705,ok
LA_D_1845654,16.715686798095703,16.715686798095703,ok
LA_D_1846103,16.323486328125,16.323486328125,ok
LA_D_1846916,10.888688087463379,10.888688087463379,ok
LA_D_1847073,14.566533088684082,14.566533088684082,ok
LA_D_1847944,20.434511184692383,20.434511184692383,ok
LA_D_1848103,12.864014625549316,12.864014625549316,ok
LA_D_1848165,12.030932426452637,12.030932426452637,ok
LA_D_1848349,13.140519142150879,13.140519142150879,ok
LA_D_1849915,15.254561424255371,15.254561424255371,ok
LA_D_1850987,16.64432144165039,16.64432144165039,ok
LA_D_1851336,13.36867904663086,13.36867904663086,ok
LA_D_1853446,15.764439582824707,15.764439582824707,ok
LA_D_1853731,14.298253059387207,14.298253059387207,ok
LA_D_1854905,16.92209815979004,16.92209815979004,ok
LA_D_1855851,11.312603950500488,11.312603950500488,ok
LA_D_1855940,11.61092472076416,11.61092472076416,ok
LA_D_1856189,14.104171752929688,14.104171752929688,ok
LA_D_1856497,16.201711654663086,16.201711654663086,ok
LA_D_1858151,13.7388334274292,13.7388334274292,ok
LA_D_1858381,14.596993446350098,14.596993446350098,ok
LA_D_1859048,-11.987482070922852,-11.987482070922852,ok
LA_D_1860065,18.02393913269043,18.02393913269043,ok
LA_D_1860158,11.213910102844238,11.213910102844238,ok
LA_D_1860197,14.553160667419434,14.553160667419434,ok
LA_D_1861262,15.729684829711914,15.729684829711914,ok
LA_D_1862965,11.686573028564453,11.686573028564453,ok
LA_D_1863131,9.501470565795898,9.501470565795898,ok
LA_D_1863279,20.838544845581055,20.838544845581055,ok
LA_D_1863901,14.824727058410645,14.824727058410645,ok
LA_D_1864294,13.119153022766113,13.119153022766113,ok
LA_D_1864612,16.78460693359375,16.78460693359375,ok
LA_D_1864652,14.025968551635742,14.025968551635742,ok
LA_D_1865763,16.929738998413086,16.929738998413086,ok
LA_D_1866166,14.175713539123535,14.175713539123535,ok
LA_D_1866244,13.972456932067871,13.972456932067871,ok
LA_D_1867335,11.208319664001465,11.208319664001465,ok
LA_D_1868045,17.032733917236328,17.032733917236328,ok
LA_D_1870030,14.661818504333496,14.661818504333496,ok
LA_D_1870684,13.139573097229004,13.139573097229004,ok
LA_D_1870741,12.722309112548828,12.722309112548828,ok
LA_D_1871223,17.54949951171875,17.54949951171875,ok
LA_D_1871635,22.403470993041992,22.403470993041992,ok
LA_D_1872618,17.165197372436523,17.165197372436523,ok
LA_D_1872772,13.51248836517334,13.51248836517334,ok
LA_D_1873473,13.461524963378906,13.461524963378906,ok
LA_D_1874001,15.55617618560791,15.55617618560791,ok
LA_D_1874557,15.304265975952148,15.304265975952148,ok
LA_D_1874896,12.647040367126465,12.647040367126465,ok
LA_D_1876225,10.258264541625977,10.258264541625977,ok
LA_D_1876360,14.963364601135254,14.963364601135254,ok
LA_D_1877105,-17.137746810913086,-17.137746810913086,ok
LA_D_1877141,14.351202964782715,14.351202964782715,ok
LA_D_1877966,15.625470161437988,15.625470161437988,ok
LA_D_1878310,14.37533950805664,14.37533950805664,ok
LA_D_1879539,16.333744049072266,16.333744049072266,ok
LA_D_1880286,13.239977836608887,13.239977836608887,ok
LA_D_1881500,16.04401969909668,16.04401969909668,ok
LA_D_1881643,19.927427291870117,19.927427291870117,ok
LA_D_1881724,-14.541352272033691,-14.541352272033691,ok
LA_D_1882065,-11.544313430786133,-11.544313430786133,ok
LA_D_1882691,11.979281425476074,11.979281425476074,ok
LA_D_1884569,8.677947044372559,8.677947044372559,ok
LA_D_1884725,10.837298393249512,10.837298393249512,ok
LA_D_1885115,-12.330615997314453,-12.330615997314453,ok
LA_D_1885226,13.364978790283203,13.364978790283203,ok
LA_D_1886178,17.784273147583008,17.784273147583008,ok
LA_D_1886400,14.685843467712402,14.685843467712402,ok
LA_D_1889595,10.704216957092285,10.704216957092285,ok
LA_D_1889615,13.845703125,13.845703125,ok
LA_D_1889727,16.248950958251953,16.248950958251953,ok
LA_D_1890878,17.390336990356445,17.390336990356445,ok
LA_D_1891787,13.317925453186035,13.317925453186035,ok
LA_D_1892568,4.488832950592041,4.488832950592041,ok
LA_D_1893758,16.542043685913086,16.542043685913086,ok
LA_D_1893786,16.928071975708008,16.928071975708008,ok
LA_D_1894103,9.282071113586426,9.282071113586426,ok
LA_D_1895153,9.857739448547363,9.857739448547363,ok
LA_D_1895274,-14.48013687133789,-14.48013687133789,ok
LA_D_1896433,17.303647994995117,17.303647994995117,ok
LA_D_1897056,10.042830467224121,10.042830467224121,ok
LA_D_1897148,4.686019420623779,4.686019420623779,ok
LA_D_1897326,10.83267879486084,10.83267879486084,ok
LA_D_1897752,14.22144603729248,14.22144603729248,ok
LA_D_1898207,-14.502580642700195,-14.502580642700195,ok
LA_D_1898947,12.598113059997559,12.598113059997559,ok
LA_D_1899250,15.769834518432617,15.769834518432617,ok
LA_D_1899277,11.46052074432373,11.46052074432373,ok
LA_D_1900218,14.138884544372559,14.138884544372559,ok
LA_D_1901077,12.091788291931152,12.091788291931152,ok
LA_D_1903761,14.877673149108887,14.877673149108887,ok
LA_D_1904462,12.877349853515625,12.877349853515625,ok
LA_D_1904999,14.126734733581543,14.126734733581543,ok
LA_D_1905761,18.894418716430664,18.894418716430664,ok
LA_D_1906480,14.684907913208008,14.684907913208008,ok
LA_D_1907062,15.34341049194336,15.34341049194336,ok
LA_D_1907731,17.719511032104492,17.719511032104492,ok
LA_D_1907831,14.658502578735352,14.658502578735352,ok
LA_D_1909708,12.743741035461426,12.743741035461426,ok
LA_D_1909993,13.123339653015137,13.123339653015137,ok
LA_D_1911374,15.759749412536621,15.759749412536621,ok
LA_D_1911980,16.016584396362305,16.016584396362305,ok
LA_D_1915163,16.16318702697754,16.16318702697754,ok
LA_D_1915883,16.574949264526367,16.574949264526367,ok
LA_D_1915992,15.699668884277344,15.699668884277344,ok
LA_D_1916885,14.494647979736328,14.494647979736328,ok
LA_D_1917155,11.809883117675781,11.809883117675781,ok
LA_D_1917753,10.121047019958496,10.121047019958496,ok
LA_D_1918445,-12.3412446975708,-12.3412446975708,ok
LA_D_1918819,12.10204792022705,12.10204792022705,ok
LA_D_1918968,16.09770965576172,16.09770965576172,ok
LA_D_1919505,14.686857223510742,14.686857223510742,ok
LA_D_1920639,12.717425346374512,12.717425346374512,ok
LA_D_1921825,16.250558853149414,16.250558853149414,ok
LA_D_1921890,17.7376708984375,17.7376708984375,ok
LA_D_1921938,14.606656074523926,14.606656074523926,ok
LA_D_1922621,12.935396194458008,12.935396194458008,ok
LA_D_1922892,17.94352149963379,17.94352149963379,ok
LA_D_1924724,16.81529998779297,16.81529998779297,ok
LA_D_1924915,11.745200157165527,11.745200157165527,ok
LA_D_1925258,15.652236938476562,15.652236938476562,ok
LA_D_1925587,13.195638656616211,13.195638656616211,ok
LA_D_1927087,13.331411361694336,13.331411361694336,ok
LA_D_1928274,11.301852226257324,11.301852226257324,ok
LA_D_1929031,19.451736450195312,19.451736450195312,ok
LA_D_1930073,16.130640029907227,16.130640029907227,ok
LA_D_1930138,-9.518111228942871,-9.518111228942871,ok
LA_D_1930356,16.767122268676758,16.767122268676758,ok
LA_D_1930859,11.998021125793457,11.998021125793457,ok
LA_D_1932009,16.313064575195312,16.313064575195312,ok
LA_D_1932089,23.581663131713867,23.581663131713867,ok
LA_D_1933165,16.62728500366211,16.62728500366211,ok
LA_D_1934985,15.45190143585205,15.45190143585205,ok
LA_D_1935532,13.177203178405762,13.177203178405762,ok
LA_D_1935726,11.861132621765137,11.861132621765137,ok
LA_D_1936614,14.414597511291504,14.414597511291504,ok
LA_D_1939610,18.697956085205078,18.697956085205078,ok
LA_D_1940050,15.6716947555542,15.6716947555542,ok
LA_D_1941143,4.572505950927734,4.572505950927734,ok
LA_D_1941384,17.35542869567871,17.35542869567871,ok
LA_D_1943080,15.650607109069824,15.650607109069824,ok
LA_D_1943271,10.587320327758789,10.587320327758789,ok
LA_D_1943277,11.735306739807129,11.735306739807129,ok
LA_D_1943421,25.818897247314453,25.818897247314453,ok
LA_D_1944808,20.476205825805664,20.476205825805664,ok
LA_D_1945994,17.246469497680664,17.246469497680664,ok
LA_D_1946747,12.118597984313965,12.118597984313965,ok
LA_D_1948572,18.242002487182617,18.242002487182617,ok
LA_D_1948580,6.998198986053467,6.998198986053467,ok
LA_D_1949008,12.135741233825684,12.135741233825684,ok
LA_D_1952217,14.083856582641602,14.083856582641602,ok
LA_D_1952275,12.777297973632812,12.777297973632812,ok
LA_D_1953575,11.077275276184082,11.077275276184082,ok
LA_D_1953786,14.361784934997559,14.361784934997559,ok
LA_D_1953828,13.26423168182373,13.26423168182373,ok
LA_D_1953933,11.514578819274902,11.514578819274902,ok
LA_D_1954043,22.670045852661133,22.670045852661133,ok
LA_D_1954275,11.253250122070312,11.253250122070312,ok
LA_D_1954410,-14.052041053771973,-14.052041053771973,ok
LA_D_1955179,12.875733375549316,12.875733375549316,ok
LA_D_1955572,13.96618366241455,13.96618366241455,ok
LA_D_1957667,15.793845176696777,15.793845176696777,ok
LA_D_1958672,14.38158130645752,14.38158130645752,ok
LA_D_1959435,11.42056655883789,11.42056655883789,ok
LA_D_1959983,11.030537605285645,11.030537605285645,ok
LA_D_1962163,13.463761329650879,13.463761329650879,ok
LA_D_1962374,19.748226165771484,19.748226165771484,ok
LA_D_1962948,12.14500904083252,12.14500904083252,ok
LA_D_1964458,14.577485084533691,14.577485084533691,ok
LA_D_1964638,-9.32880687713623,-9.32880687713623,ok
LA_D_1965512,10.663192749023438,10.663192749023438,ok
LA_D_1966095,19.534940719604492,19.534940719604492,ok
LA_D_1966347,16.238985061645508,16.238985061645508,ok
LA_D_1966690,13.422322273254395,13.422322273254395,ok
LA_D_1966794,14.712214469909668,14.712214469909668,ok
LA_D_1968546,17.106334686279297,17.106334686279297,ok
LA_D_1968679,18.632465362548828,18.632465362548828,ok
LA_D_1969568,-14.717373847961426,-14.717373847961426,ok
LA_D_1969657,16.645286560058594,16.645286560058594,ok
LA_D_1971465,14.300501823425293,14.300501823425293,ok
LA_D_1971987,8.797240257263184,8.797240257263184,ok
LA_D_1972495,10.770028114318848,10.770028114318848,ok
LA_D_1972557,15.6177396774292,15.6177396774292,ok
LA_D_1974894,19.34792709350586,19.34792709350586,ok
LA_D_1975267,15.720102310180664,15.720102310180664,ok
LA_D_1975386,12.045204162597656,12.045204162597656,ok
LA_D_1975814,13.836530685424805,13.836530685424805,ok
LA_D_1975824,16.144086837768555,16.144086837768555,ok
LA_D_1975835,14.030354499816895,14.030354499816895,ok
LA_D_1975844,12.218647003173828,12.218647003173828,ok
LA_D_1976284,15.270895004272461,15.270895004272461,ok
LA_D_1976624,11.639128684997559,11.639128684997559,ok
LA_D_1976814,12.217198371887207,12.217198371887207,ok
LA_D_1977942,13.922598838806152,13.922598838806152,ok
LA_D_1979046,12.08887767791748,12.08887767791748,ok
LA_D_1980534,-13.97162914276123,-13.97162914276123,ok
LA_D_1980562,17.703208923339844,17.703208923339844,ok
LA_D_1982159,-8.052496910095215,-8.052496910095215,ok
LA_D_1982638,10.079719543457031,10.079719543457031,ok
LA_D_1983415,-11.880244255065918,-11.880244255065918,ok
LA_D_1984025,18.40852165222168,18.40852165222168,ok
LA_D_1984425,16.7174015045166,16.7174015045166,ok
LA_D_1984995,-11.186299324035645,-11.186299324035645,ok
LA_D_1985162,14.723607063293457,14.723607063293457,ok
LA_D_1985217,13.881982803344727,13.881982803344727,ok
LA_D_1985278,12.050949096679688,12.050949096679688,ok
LA_D_1985982,11.748741149902344,11.748741149902344,ok
LA_D_1986382,13.450586318969727,13.450586318969727,ok
LA_D_1988141,11.725091934204102,11.725091934204102,ok
LA_D_1988690,8.254046440124512,8.254046440124512,ok
LA_D_1989443,12.291655540466309,12.291655540466309,ok
LA_D_1990270,9.223393440246582,9.223393440246582,ok
LA_D_1991616,12.231374740600586,12.231374740600586,ok
LA_D_1992569,11.069554328918457,11.069554328918457,ok
LA_D_1993921,14.286101341247559,14.286101341247559,ok
LA_D_1994320,11.18061351776123,11.18061351776123,ok
LA_D_1994966,14.992091178894043,14.992091178894043,ok
LA_D_1995660,18.848369598388672,18.848369598388672,ok
LA_D_1996500,14.699646949768066,14.699646949768066,ok
LA_D_1997529,-13.986237525939941,-13.986237525939941,ok
LA_D_1998989,15.494516372680664,15.494516372680664,ok
LA_D_1999219,13.190114974975586,13.190114974975586,ok
LA_D_1999238,13.617408752441406,13.617408752441406,ok
LA_D_1999944,10.584707260131836,10.584707260131836,ok
LA_D_2000093,12.683924674987793,12.683924674987793,ok
LA_D_2000640,15.288400650024414,15.288400650024414,ok
LA_D_2000885,16.069517135620117,16.069517135620117,ok
LA_D_2002365,-11.62239933013916,-11.62239933013916,ok
LA_D_2002433,11.125772476196289,11.125772476196289,ok
LA_D_2002669,15.09723949432373,15.09723949432373,ok
LA_D_2002767,12.727816581726074,12.727816581726074,ok
LA_D_2003609,11.388890266418457,11.388890266418457,ok
LA_D_2004905,9.96357250213623,9.96357250213623,ok
LA_D_2005065,23.40570831298828,23.40570831298828,ok
LA_D_2005388,13.525152206420898,13.525152206420898,ok
LA_D_2006600,14.274850845336914,14.274850845336914,ok
LA_D_2006815,9.760209083557129,9.760209083557129,ok
LA_D_2007184,10.699884414672852,10.699884414672852,ok
LA_D_2007901,12.283649444580078,12.283649444580078,ok
LA_D_2008956,17.846460342407227,17.846460342407227,ok
LA_D_2009306,15.292856216430664,15.292856216430664,ok
LA_D_2010593,13.665757179260254,13.665757179260254,ok
LA_D_2010812,10.57607364654541,10.57607364654541,ok
LA_D_2011219,12.152344703674316,12.152344703674316,ok
LA_D_2013632,10.569537162780762,10.569537162780762,ok
LA_D_2016158,15.664806365966797,15.664806365966797,ok
LA_D_2017057,15.068690299987793,15.068690299987793,ok
LA_D_2017083,13.99206829071045,13.99206829071045,ok
LA_D_2017160,12.200752258300781,12.200752258300781,ok
LA_D_2017198,19.11821174621582,19.11821174621582,ok
LA_D_2017678,15.716748237609863,15.716748237609863,ok
LA_D_2018219,18.57667350769043,18.57667350769043,ok
LA_D_2018291,12.545132637023926,12.545132637023926,ok
LA_D_2019341,13.549409866333008,13.549409866333008,ok
LA_D_2020279,20.4608211517334,20.4608211517334,ok
LA_D_2020535,17.22563362121582,17.22563362121582,ok
LA_D_2021379,18.388940811157227,18.388940811157227,ok
LA_D_2021657,14.356945991516113,14.356945991516113,ok
LA_D_2021939,11.599896430969238,11.599896430969238,ok
LA_D_2022501,12.811766624450684,12.811766624450684,ok
LA_D_2022777,19.249658584594727,19.249658584594727,ok
LA_D_2025064,19.807815551757812,19.807815551757812,ok
LA_D_2026077,13.467896461486816,13.467896461486816,ok
LA_D_2026367,6.419283390045166,6.419283390045166,ok
LA_D_2026758,9.757674217224121,9.757674217224121,ok
LA_D_2028337,9.953332901000977,9.953332901000977,ok
LA_D_2028395,12.230134963989258,12.230134963989258,ok
LA_D_2031125,20.395689010620117,20.395689010620117,ok
LA_D_2031889,15.281078338623047,15.281078338623047,ok
LA_D_2032120,14.454012870788574,14.454012870788574,ok
LA_D_2033572,21.30378532409668,21.30378532409668,ok
LA_D_2033794,15.626662254333496,15.626662254333496,ok
LA_D_2034813,10.46119213104248,10.46119213104248,ok
LA_D_2035158,-14.861288070678711,-14.861288070678711,ok
LA_D_2035624,12.443350791931152,12.443350791931152,ok
LA_D_2036773,11.272430419921875,11.272430419921875,ok
LA_D_2038901,14.818353652954102,14.818353652954102,ok
LA_D_2039768,14.697511672973633,14.697511672973633,ok
LA_D_2039939,16.199583053588867,16.199583053588867,ok
LA_D_2039988,10.903778076171875,10.903778076171875,ok
LA_D_2040882,15.880596160888672,15.880596160888672,ok
LA_D_2040913,11.970993995666504,11.970993995666504,ok
LA_D_2041511,1.9635511636734009,1.9635511636734009,ok
LA_D_2042101,12.301590919494629,12.301590919494629,ok
LA_D_2042102,10.76145076751709,10.76145076751709,ok
LA_D_2042650,9.961045265197754,9.961045265197754,ok
LA_D_2042770,12.098654747009277,12.098654747009277,ok
LA_D_2044088,-13.431407928466797,-13.431407928466797,ok
LA_D_2044181,7.66461706161499,7.66461706161499,ok
LA_D_2045409,13.43649959564209,13.43649959564209,ok
LA_D_2045790,12.742568016052246,12.742568016052246,ok
LA_D_2045953,15.085915565490723,15.085915565490723,ok
LA_D_2046470,14.167824745178223,14.167824745178223,ok
LA_D_2046924,25.993492126464844,25.993492126464844,ok
LA_D_2047498,15.884529113769531,15.884529113769531,ok
LA_D_2049288,14.251984596252441,14.251984596252441,ok
LA_D_2049455,17.883359909057617,17.883359909057617,ok
LA_D_2049968,13.776366233825684,13.776366233825684,ok
LA_D_2050794,16.44972801208496,16.44972801208496,ok
LA_D_2051517,15.80316162109375,15.80316162109375,ok
LA_D_2051572,13.81705379486084,13.81705379486084,ok
LA_D_2052113,14.700575828552246,14.700575828552246,ok
LA_D_2052144,14.464218139648438,14.464218139648438,ok
LA_D_2052753,14.815468788146973,14.815468788146973,ok
LA_D_2053527,-13.29421329498291,-13.29421329498291,ok
LA_D_2053681,11.51926326751709,11.51926326751709,ok
LA_D_2054506,15.153623580932617,15.153623580932617,ok
LA_D_2054654,-2.4804601669311523,-2.4804601669311523,ok
LA_D_2058787,14.027955055236816,14.027955055236816,ok
LA_D_2058872,13.565528869628906,13.565528869628906,ok
LA_D_2059102,14.205259323120117,14.205259323120117,ok
LA_D_2059452,13.476771354675293,13.476771354675293,ok
LA_D_2062744,-7.657756328582764,-7.657756328582764,ok
LA_D_2062974,16.49876594543457,16.49876594543457,ok
LA_D_2063490,15.423720359802246,15.423720359802246,ok
LA_D_2063669,-12.039313316345215,-12.039313316345215,ok
LA_D_2064600,12.458817481994629,12.458817481994629,ok
LA_D_2064757,10.804699897766113,10.804699897766113,ok
LA_D_2065272,19.52452278137207,19.52452278137207,ok
LA_D_2065981,18.67293357849121,18.67293357849121,ok
LA_D_2067864,14.950003623962402,14.950003623962402,ok
LA_D_2069465,5.073670864105225,5.073670864105225,ok
LA_D_2069946,13.072699546813965,13.072699546813965,ok
LA_D_2070148,10.416963577270508,10.416963577270508,ok
LA_D_2071557,15.033585548400879,15.033585548400879,ok
LA_D_2073559,9.236212730407715,9.236212730407715,ok
LA_D_2074154,13.580343246459961,13.580343246459961,ok
LA_D_2074516,6.49232816696167,6.49232816696167,ok
LA_D_2074827,16.613479614257812,16.613479614257812,ok
LA_D_2077190,11.550311088562012,11.550311088562012,ok
LA_D_2077413,11.101988792419434,11.101988792419434,ok
LA_D_2078394,18.214418411254883,18.214418411254883,ok
LA_D_2079731,12.278695106506348,12.278695106506348,ok
LA_D_2079819,14.94566535949707,14.94566535949707,ok
LA_D_2080320,14.70113754272461,14.70113754272461,ok
LA_D_2081014,10.46033763885498,10.46033763885498,ok
LA_D_2081259,15.081584930419922,15.081584930419922,ok
LA_D_2081459,12.29001522064209,12.29001522064209,ok
LA_D_2082270,18.613529205322266,18.613529205322266,ok
LA_D_2082295,-13.678292274475098,-13.678292274475098,ok
LA_D_2083098,11.768218040466309,11.768218040466309,ok
LA_D_2084084,13.530512809753418,13.530512809753418,ok
LA_D_2085012,15.291662216186523,15.291662216186523,ok
LA_D_2085166,11.855957984924316,11.855957984924316,ok
LA_D_2085656,16.254478454589844,16.254478454589844,ok
LA_D_2086920,8.311774253845215,8.311774253845215,ok
LA_D_2087494,12.193358421325684,12.193358421325684,ok
LA_D_2087690,11.148359298706055,11.148359298706055,ok
LA_D_2088943,13.87341022491455,13.87341022491455,ok
LA_D_2092684,14.802035331726074,14.802035331726074,ok
LA_D_2093247,10.67456340789795,10.67456340789795,ok
LA_D_2094262,10.291743278503418,10.291743278503418,ok
LA_D_2095392,-12.576165199279785,-12.576165199279785,ok
LA_D_2096892,-12.170331001281738,-12.170331001281738,ok
LA_D_2097045,13.874506950378418,13.874506950378418,ok
LA_D_2097283,12.699212074279785,12.699212074279785,ok
LA_D_2097438,10.68458366394043,10.68458366394043,ok
LA_D_2097600,12.31091022491455,12.31091022491455,ok
LA_D_2100372,15.759808540344238,15.759808540344238,ok
LA_D_2101345,13.815686225891113,13.815686225891113,ok
LA_D_2101566,10.952977180480957,10.952977180480957,ok
LA_D_2103093,14.13868236541748,14.13868236541748,ok
LA_D_2103518,18.246170043945312,18.246170043945312,ok
LA_D_2103653,17.53705596923828,17.53705596923828,ok
LA_D_2103892,14.031929016113281,14.031929016113281,ok
LA_D_2104324,11.634719848632812,11.634719848632812,ok
LA_D_2104365,13.41310977935791,13.41310977935791,ok
LA_D_2104529,14.633004188537598,14.633004188537598,ok
LA_D_2105580,-13.52391242980957,-13.52391242980957,ok
LA_D_2106652,11.28425121307373,11.28425121307373,ok
LA_D_2106919,16.640893936157227,16.640893936157227,ok
LA_D_2107075,11.49851131439209,11.49851131439209,ok
LA_D_2107954,14.028826713562012,14.028826713562012,ok
LA_D_2108357,17.26468849182129,17.26468849182129,ok
LA_D_2109062,-10.992122650146484,-10.992122650146484,ok
LA_D_2110432,11.572481155395508,11.572481155395508,ok
LA_D_2111041,14.395060539245605,14.395060539245605,ok
LA_D_2111647,13.356971740722656,13.356971740722656,ok
LA_D_2111682,8.010146141052246,8.010146141052246,ok
LA_D_2111881,10.121810913085938,10.121810913085938,ok
LA_D_2112026,18.73343276977539,18.73343276977539,ok
LA_D_2113515,16.244091033935547,16.244091033935547,ok
LA_D_2113565,16.6923770904541,16.6923770904541,ok
LA_D_2113716,4.149781703948975,4.149781703948975,ok
LA_D_2115009,8.989802360534668,8.989802360534668,ok
LA_D_2115072,14.434930801391602,14.434930801391602,ok
LA_D_2117591,12.82625675201416,12.82625675201416,ok
LA_D_2117812,18.104015350341797,18.104015350341797,ok
LA_D_2118489,13.181055068969727,13.181055068969727,ok
LA_D_2118778,14.549430847167969,14.549430847167969,ok
LA_D_2118848,11.635947227478027,11.635947227478027,ok
LA_D_2120805,13.767291069030762,13.767291069030762,ok
LA_D_2121556,16.33097267150879,16.33097267150879,ok
LA_D_2123475,16.0987491607666,16.0987491607666,ok
LA_D_2123885,13.317248344421387,13.317248344421387,ok
LA_D_2124188,15.866448402404785,15.866448402404785,ok
LA_D_2124468,13.478466033935547,13.478466033935547,ok
LA_D_2125183,10.806914329528809,10.806914329528809,ok
LA_D_2126341,11.232858657836914,11.232858657836914,ok
LA_D_2126762,9.97290325164795,9.97290325164795,ok
LA_D_2127486,13.880293846130371,13.880293846130371,ok
LA_D_2128440,14.605464935302734,14.605464935302734,ok
LA_D_2128519,18.03092384338379,18.03092384338379,ok
LA_D_2128991,17.317956924438477,17.317956924438477,ok
LA_D_2129319,11.786182403564453,11.786182403564453,ok
LA_D_2129411,14.09721851348877,14.09721851348877,ok
LA_D_2130196,15.192008018493652,15.192008018493652,ok
LA_D_2130605,-14.4622220993042,-14.4622220993042,ok
LA_D_2131399,14.050317764282227,14.050317764282227,ok
LA_D_2133031,9.229823112487793,9.229823112487793,ok
LA_D_2135966,2.914997100830078,2.914997100830078,ok
LA_D_2135991,23.682435989379883,23.682435989379883,ok
LA_D_2136240,22.28499412536621,22.28499412536621,ok
LA_D_2136816,13.569329261779785,13.569329261779785,ok
LA_D_2136896,9.197548866271973,9.197548866271973,ok
LA_D_2137133,11.591221809387207,11.591221809387207,ok
LA_D_2138850,18.545774459838867,18.545774459838867,ok
LA_D_2140164,16.13761329650879,16.13761329650879,ok
LA_D_2140323,-13.817293167114258,-13.817293167114258,ok
LA_D_2140441,20.096506118774414,20.096506118774414,ok
LA_D_2140627,15.330817222595215,15.330817222595215,ok
LA_D_2140638,13.882798194885254,13.882798194885254,ok
LA_D_2141097,14.360821723937988,14.360821723937988,ok
LA_D_2142744,18.66357421875,18.66357421875,ok
LA_D_2143384,-11.505187034606934,-11.505187034606934,ok
LA_D_2143588,12.311919212341309,12.311919212341309,ok
LA_D_2143625,19.89537811279297,19.89537811279297,ok
LA_D_2143803,16.529687881469727,16.529687881469727,ok
LA_D_2144689,15.84097957611084,15.84097957611084,ok
LA_D_2145419,15.333831787109375,15.333831787109375,ok
LA_D_2146476,14.080906867980957,14.080906867980957,ok
LA_D_2147894,18.42082405090332,18.42082405090332,ok
LA_D_2151951,11.559835433959961,11.559835433959961,ok
LA_D_2152100,13.072285652160645,13.072285652160645,ok
LA_D_2153291,11.415127754211426,11.415127754211426,ok
LA_D_2153758,15.060173988342285,15.060173988342285,ok
LA_D_2156580,13.163960456848145,13.163960456848145,ok
LA_D_2156985,-14.977701187133789,-14.977701187133789,ok
LA_D_2157831,13.200222969055176,13.200222969055176,ok
LA_D_2158229,15.394696235656738,15.394696235656738,ok
LA_D_2159690,9.04675579071045,9.04675579071045,ok
LA_D_2159915,18.534940719604492,18.534940719604492,ok
LA_D_2160169,13.26534366607666,13.26534366607666,ok
LA_D_2161419,18.8789005279541,18.8789005279541,ok
LA_D_2161752,11.759333610534668,11.759333610534668,ok
LA_D_2161760,12.200590133666992,12.200590133666992,ok
LA_D_2161873,18.25050926208496,18.25050926208496,ok
LA_D_2162549,16.51624298095703,16.51624298095703,ok
LA_D_2165495,13.030417442321777,13.030417442321777,ok
LA_D_2165611,18.200464248657227,18.200464248657227,ok
LA_D_2166570,10.57106876373291,10.57106876373291,ok
LA_D_2166742,10.962220191955566,10.962220191955566,ok
LA_D_2166764,11.711915969848633,11.711915969848633,ok
LA_D_2171727,12.295681953430176,12.295681953430176,ok
LA_D_2173227,9.302153587341309,9.302153587341309,ok
LA_D_2173475,14.338067054748535,14.338067054748535,ok
LA_D_2173667,11.72721004486084,11.72721004486084,ok
LA_D_2174187,12.565756797790527,12.565756797790527,ok
LA_D_2175694,8.061577796936035,8.061577796936035,ok
LA_D_2176634,15.35827922821045,15.35827922821045,ok
LA_D_2177055,15.67194938659668,15.67194938659668,ok
LA_D_2177921,13.401503562927246,13.401503562927246,ok
LA_D_2178723,-7.223867893218994,-7.223867893218994,ok
LA_D_2178889,16.042715072631836,16.042715072631836,ok
LA_D_2179611,10.311639785766602,10.311639785766602,ok
LA_D_2180694,14.27049446105957,14.27049446105957,ok
LA_D_2182436,11.986769676208496,11.986769676208496,ok
LA_D_2183037,14.040202140808105,14.040202140808105,ok
LA_D_2184401,14.9941987991333,14.9941987991333,ok
LA_D_2184798,16.30057144165039,16.30057144165039,ok
LA_D_2185134,15.241565704345703,15.241565704345703,ok
LA_D_2185899,17.34128761291504,17.34128761291504,ok
LA_D_2187760,17.681489944458008,17.681489944458008,ok
LA_D_2187904,15.045835494995117,15.045835494995117,ok
LA_D_2188246,-14.892805099487305,-14.892805099487305,ok
LA_D_2188344,15.152852058410645,15.152852058410645,ok
LA_D_2188353,11.666234970092773,11.666234970092773,ok
LA_D_2189504,18.2948055267334,18.2948055267334,ok
LA_D_2189641,16.260854721069336,16.260854721069336,ok
LA_D_2193624,18.540977478027344,18.540977478027344,ok
LA_D_2193916,13.062325477600098,13.062325477600098,ok
LA_D_2195201,14.702648162841797,14.702648162841797,ok
LA_D_2195251,15.97802448272705,15.97802448272705,ok
LA_D_2195595,16.84647560119629,16.84647560119629,ok
LA_D_2195628,14.65110969543457,14.65110969543457,ok
LA_D_2195736,8.846256256103516,8.846256256103516,ok
LA_D_2195770,10.661669731140137,10.661669731140137,ok
LA_D_2196548,15.34831714630127,15.34831714630127,ok
LA_D_2196978,13.635819435119629,13.635819435119629,ok
LA_D_2197132,9.69564437866211,9.69564437866211,ok
LA_D_2197541,13.268576622009277,13.268576622009277,ok
LA_D_2197811,16.409860610961914,16.409860610961914,ok
LA_D_2197985,16.10152244567871,16.10152244567871,ok
LA_D_2199278,2.175957441329956,2.175957441329956,ok
LA_D_2200669,11.703424453735352,11.703424453735352,ok
LA_D_2201205,12.990456581115723,12.990456581115723,ok
LA_D_2202228,14.471619606018066,14.471619606018066,ok
LA_D_2204353,15.690186500549316,15.690186500549316,ok
LA_D_2205300,16.941001892089844,16.941001892089844,ok
LA_D_2207720,7.567216396331787,7.567216396331787,ok
LA_D_2210828,17.609262466430664,17.609262466430664,ok
LA_D_2211657,12.138506889343262,12.138506889343262,ok
LA_D_2212414,-11.2549409866333,-11.2549409866333,ok
LA_D_2212427,17.10492515563965,17.10492515563965,ok
LA_D_2214692,11.772712707519531,11.772712707519531,ok
LA_D_2215298,13.226799964904785,13.226799964904785,ok
LA_D_2216664,12.446685791015625,12.446685791015625,ok
LA_D_2217221,11.932843208312988,11.932843208312988,ok
LA_D_2218447,15.21900463104248,15.21900463104248,ok
LA_D_2219009,17.56568717956543,17.56568717956543,ok
LA_D_2222489,9.060497283935547,9.060497283935547,ok
LA_D_2222567,15.075846672058105,15.075846672058105,ok
LA_D_2223300,16.45433235168457,16.45433235168457,ok
LA_D_2223782,9.520215034484863,9.520215034484863,ok
LA_D_2224110,21.47028923034668,21.47028923034668,ok
LA_D_2225547,12.151776313781738,12.151776313781738,ok
LA_D_2225574,23.219560623168945,23.219560623168945,ok
LA_D_2226134,13.967142105102539,13.967142105102539,ok
LA_D_2226291,7.289012908935547,7.289012908935547,ok
LA_D_2226509,11.9484224319458,11.9484224319458,ok
LA_D_2227239,2.25646710395813,2.25646710395813,ok
LA_D_2227552,12.863476753234863,12.863476753234863,ok
LA_D_2227757,11.663968086242676,11.663968086242676,ok
LA_D_2228121,8.071050643920898,8.071050643920898,ok
LA_D_2228504,10.769901275634766,10.769901275634766,ok
LA_D_2228641,13.234461784362793,13.234461784362793,ok
LA_D_2228764,16.338584899902344,16.338584899902344,ok
LA_D_2230192,-14.431286811828613,-14.431286811828613,ok
LA_D_2230362,15.793389320373535,15.793389320373535,ok
LA_D_2231364,8.399012565612793,8.399012565612793,ok
LA_D_2231411,15.037812232971191,15.037812232971191,ok
LA_D_2233973,14.850813865661621,14.850813865661621,ok
LA_D_2234125,15.927070617675781,15.927070617675781,ok
LA_D_2235229,11.972729682922363,11.972729682922363,ok
LA_D_2236885,14.758913040161133,14.758913040161133,ok
LA_D_2237572,10.656508445739746,10.656508445739746,ok
LA_D_2238363,13.23943042755127,13.23943042755127,ok
LA_D_2239594,12.2299222946167,12.2299222946167,ok
LA_D_2240504,18.414409637451172,18.414409637451172,ok
LA_D_2242800,11.738204002380371,11.738204002380371,ok
LA_D_2243154,13.733819007873535,13.733819007873535,ok
LA_D_2243169,13.598349571228027,13.598349571228027,ok
LA_D_2244005,17.033109664916992,17.033109664916992,ok
LA_D_2245059,8.497015953063965,8.497015953063965,ok
LA_D_2245814,13.889427185058594,13.889427185058594,ok
LA_D_2246688,16.368099212646484,16.368099212646484,ok
LA_D_2247282,10.624093055725098,10.624093055725098,ok
LA_D_2247309,12.908408164978027,12.908408164978027,ok
LA_D_2249074,13.382706642150879,13.382706642150879,ok
LA_D_2250398,11.49390697479248,11.49390697479248,ok
LA_D_2251423,11.86365795135498,11.86365795135498,ok
LA_D_2254293,17.908512115478516,17.908512115478516,ok
LA_D_2254543,9.91268253326416,9.91268253326416,ok
LA_D_2254857,13.620051383972168,13.620051383972168,ok
LA_D_2255247,-13.81145191192627,-13.81145191192627,ok
LA_D_2255957,17.22712516784668,17.22712516784668,ok
LA_D_2256022,13.158266067504883,13.158266067504883,ok
LA_D_2258459,15.192294120788574,15.192294120788574,ok
LA_D_2258741,13.540942192077637,13.540942192077637,ok
LA_D_2259016,12.870198249816895,12.870198249816895,ok
LA_D_2259292,13.451029777526855,13.451029777526855,ok
LA_D_2259476,5.326986789703369,5.326986789703369,ok
LA_D_2259759,14.754380226135254,14.754380226135254,ok
LA_D_2260376,15.871859550476074,15.871859550476074,ok
LA_D_2263211,14.522160530090332,14.522160530090332,ok
LA_D_2264682,-13.7254638671875,-13.7254638671875,ok
LA_D_2265031,14.663379669189453,14.663379669189453,ok
LA_D_2265315,-15.679431915283203,-15.679431915283203,ok
LA_D_2265384,15.934074401855469,15.934074401855469,ok
LA_D_2265492,15.669733047485352,15.669733047485352,ok
LA_D_2265780,9.695082664489746,9.695082664489746,ok
LA_D_2267325,15.305357933044434,15.305357933044434,ok
LA_D_2270025,13.7633638381958,13.7633638381958,ok
LA_D_2270073,14.45649242401123,14.45649242401123,ok
LA_D_2274606,17.744709014892578,17.744709014892578,ok
LA_D_2274956,16.89809226989746,16.89809226989746,ok
LA_D_2275470,11.533132553100586,11.533132553100586,ok
LA_D_2275662,11.36535358428955,11.36535358428955,ok
LA_D_2276836,15.591846466064453,15.591846466064453,ok
LA_D_2276956,8.9600191116333,8.9600191116333,ok
LA_D_2278186,11.91611099243164,11.91611099243164,ok
LA_D_2278407,12.641810417175293,12.641810417175293,ok
LA_D_2279448,11.518198013305664,11.518198013305664,ok
LA_D_2279462,18.951234817504883,18.951234817504883,ok
LA_D_2280242,16.78227424621582,16.78227424621582,ok
LA_D_2280644,17.530115127563477,17.530115127563477,ok
LA_D_2281493,12.884997367858887,12.884997367858887,ok
LA_D_2282941,17.46396255493164,17.46396255493164,ok
LA_D_2284017,11.439079284667969,11.439079284667969,ok
LA_D_2284232,14.025175094604492,14.025175094604492,ok
LA_D_2287068,15.089461326599121,15.089461326599121,ok
LA_D_2287585,-13.320649147033691,-13.320649147033691,ok
LA_D_2288300,12.241507530212402,12.241507530212402,ok
LA_D_2289303,-10.916152000427246,-10.916152000427246,ok
LA_D_2289504,15.594549179077148,15.594549179077148,ok
LA_D_2289906,12.69996166229248,12.69996166229248,ok
LA_D_2289949,12.602330207824707,12.602330207824707,ok
LA_D_2290106,7.556455135345459,7.556455135345459,ok
LA_D_2290223,12.006503105163574,12.006503105163574,ok
LA_D_2290771,10.474893569946289,10.474893569946289,ok
LA_D_2291890,12.80943489074707,12.80943489074707,ok
LA_D_2292066,16.630874633789062,16.630874633789062,ok
LA_D_2293379,17.632192611694336,17.632192611694336,ok
LA_D_2293597,11.424715995788574,11.424715995788574,ok
LA_D_2293647,16.23598289489746,16.23598289489746,ok
LA_D_2294546,17.05220603942871,17.05220603942871,ok
LA_D_2295230,14.567461967468262,14.567461967468262,ok
LA_D_2295451,9.37779712677002,9.37779712677002,ok
LA_D_2296372,11.207262992858887,11.207262992858887,ok
LA_D_2298020,9.741965293884277,9.741965293884277,ok
LA_D_2298155,16.38361930847168,16.38361930847168,ok
LA_D_2298248,14.13425350189209,14.13425350189209,ok
LA_D_2299839,10.81952953338623,10.81952953338623,ok
LA_D_2300503,15.533072471618652,15.533072471618652,ok
LA_D_2300597,16.676790237426758,16.676790237426758,ok
LA_D_2301497,14.207100868225098,14.207100868225098,ok
LA_D_2303609,-13.868866920471191,-13.868866920471191,ok
LA_D_2304250,15.992688179016113,15.992688179016113,ok
LA_D_2305845,11.514864921569824,11.514864921569824,ok
LA_D_2306690,13.025592803955078,13.025592803955078,ok
LA_D_2306860,14.927254676818848,14.927254676818848,ok
LA_D_2307932,14.058793067932129,14.058793067932129,ok
LA_D_2308716,15.421333312988281,15.421333312988281,ok
LA_D_2309565,14.715855598449707,14.715855598449707,ok
LA_D_2309660,9.641921997070312,9.641921997070312,ok
LA_D_2311080,17.326366424560547,17.326366424560547,ok
LA_D_2311237,-14.769022941589355,-14.769022941589355,ok
LA_D_2314822,11.122567176818848,11.122567176818848,ok
LA_D_2318160,15.036890983581543,15.036890983581543,ok
LA_D_2319450,10.874058723449707,10.874058723449707,ok
LA_D_2319804,12.135211944580078,12.135211944580078,ok
LA_D_2319940,17.652481079101562,17.652481079101562,ok
LA_D_2321124,14.613456726074219,14.613456726074219,ok
LA_D_2322081,-14.938185691833496,-14.938185691833496,ok
LA_D_2322141,14.121855735778809,14.121855735778809,ok
LA_D_2322982,12.666952133178711,12.666952133178711,ok
LA_D_2323900,13.797505378723145,13.797505378723145,ok
LA_D_2324235,-12.654773712158203,-12.654773712158203,ok
LA_D_2325645,12.492142677307129,12.492142677307129,ok
LA_D_2327416,16.27902603149414,16.27902603149414,ok
LA_D_2327560,15.542573928833008,15.542573928833008,ok
LA_D_2328159,19.449066162109375,19.449066162109375,ok
LA_D_2329756,12.896879196166992,12.896879196166992,ok
LA_D_2330702,16.31196403503418,16.31196403503418,ok
LA_D_2332467,11.479260444641113,11.479260444641113,ok
LA_D_2332596,15.365437507629395,15.365437507629395,ok
LA_D_2334588,-13.462980270385742,-13.462980270385742,ok
LA_D_2335219,14.451224327087402,14.451224327087402,ok
LA_D_2335395,9.951973915100098,9.951973915100098,ok
LA_D_2335490,16.89585304260254,16.89585304260254,ok
LA_D_2335769,15.570761680603027,15.570761680603027,ok
LA_D_2336005,18.536409378051758,18.536409378051758,ok
LA_D_2338525,-12.266256332397461,-12.266256332397461,ok
LA_D_2339812,13.832213401794434,13.832213401794434,ok
LA_D_2339825,-11.934431076049805,-11.934431076049805,ok
LA_D_2340415,12.557333946228027,12.557333946228027,ok
LA_D_2340770,13.1687593460083,13.1687593460083,ok
LA_D_2341150,13.47690486907959,13.47690486907959,ok
LA_D_2341615,13.089909553527832,13.089909553527832,ok
LA_D_2341646,12.397333145141602,12.397333145141602,ok
LA_D_2342254,17.370527267456055,17.370527267456055,ok
LA_D_2342626,16.95288848876953,16.95288848876953,ok
LA_D_2343950,14.639107704162598,14.639107704162598,ok
LA_D_2344292,16.882516860961914,16.882516860961914,ok
LA_D_2344679,10.942028045654297,10.942028045654297,ok
LA_D_2345337,18.22273063659668,18.22273063659668,ok
LA_D_2345402,8.95930290222168,8.95930290222168,ok
LA_D_2346599,17.357641220092773,17.357641220092773,ok
LA_D_2347486,13.99975872039795,13.99975872039795,ok
LA_D_2349125,12.546791076660156,12.546791076660156,ok
LA_D_2350008,15.328661918640137,15.328661918640137,ok
LA_D_2350123,15.486553192138672,15.486553192138672,ok
LA_D_2350572,13.182028770446777,13.182028770446777,ok
LA_D_2350784,14.822880744934082,14.822880744934082,ok
LA_D_2352643,11.427145957946777,11.427145957946777,ok
LA_D_2352862,12.167229652404785,12.167229652404785,ok
LA_D_2352948,14.469843864440918,14.469843864440918,ok
LA_D_2353795,13.599333763122559,13.599333763122559,ok
LA_D_2354611,14.771870613098145,14.771870613098145,ok
LA_D_2357327,13.762099266052246,13.762099266052246,ok
LA_D_2357497,18.6423397064209,18.6423397064209,ok
LA_D_2358779,15.256729125976562,15.256729125976562,ok
LA_D_2360026,15.176950454711914,15.176950454711914,ok
LA_D_2361529,10.929888725280762,10.929888725280762,ok
LA_D_2361610,13.794371604919434,13.794371604919434,ok
LA_D_2361735,14.419743537902832,14.419743537902832,ok
LA_D_2363490,14.910101890563965,14.910101890563965,ok
LA_D_2363543,12.88233470916748,12.88233470916748,ok
LA_D_2363836,-14.453335762023926,-14.453335762023926,ok
LA_D_2364299,16.701236724853516,16.701236724853516,ok
LA_D_2364584,14.022978782653809,14.022978782653809,ok
LA_D_2364597,15.045001029968262,15.045001029968262,ok
LA_D_2365147,-12.747594833374023,-12.747594833374023,ok
LA_D_2365482,14.13886547088623,14.13886547088623,ok
LA_D_2365865,17.087377548217773,17.087377548217773,ok
LA_D_2366142,17.316556930541992,17.316556930541992,ok
LA_D_2367658,13.229826927185059,13.229826927185059,ok
LA_D_2367854,12.871638298034668,12.871638298034668,ok
LA_D_2367943,18.272092819213867,18.272092819213867,ok
LA_D_2368097,18.236284255981445,18.236284255981445,ok
LA_D_2369381,13.768982887268066,13.768982887268066,ok
LA_D_2369549,19.457761764526367,19.457761764526367,ok
LA_D_2370383,-15.342832565307617,-15.342832565307617,ok
LA_D_2370652,9.199437141418457,9.199437141418457,ok
LA_D_2371320,17.78318214416504,17.78318214416504,ok
LA_D_2371366,13.969490051269531,13.969490051269531,ok
LA_D_2371531,13.635197639465332,13.635197639465332,ok
LA_D_2372787,18.373327255249023,18.373327255249023,ok
LA_D_2372835,14.516077995300293,14.516077995300293,ok
LA_D_2373826,18.030908584594727,18.030908584594727,ok
LA_D_2374054,12.872170448303223,12.872170448303223,ok
LA_D_2374547,16.091630935668945,16.091630935668945,ok
LA_D_2374590,12.275273323059082,12.275273323059082,ok
LA_D_2375001,16.472841262817383,16.472841262817383,ok
LA_D_2375008,-14.378390312194824,-14.378390312194824,ok
LA_D_2375973,8.732132911682129,8.732132911682129,ok
LA_D_2376428,16.36530876159668,16.36530876159668,ok
LA_D_2379249,15.028773307800293,15.028773307800293,ok
LA_D_2379549,11.382403373718262,11.382403373718262,ok
LA_D_2380064,-13.589193344116211,-13.589193344116211,ok
LA_D_2380135,12.038018226623535,12.038018226623535,ok
LA_D_2380365,10.14560604095459,10.14560604095459,ok
LA_D_2381000,12.195744514465332,12.195744514465332,ok
LA_D_2382522,-14.674337387084961,-14.674337387084961,ok
LA_D_2382681,14.633313179016113,14.633313179016113,ok
LA_D_2382959,12.924883842468262,12.924883842468262,ok
LA_D_2385054,14.469393730163574,14.469393730163574,ok
LA_D_2386184,18.28131103515625,18.28131103515625,ok
LA_D_2386577,18.742782592773438,18.742782592773438,ok
LA_D_2388211,11.224783897399902,11.224783897399902,ok
LA_D_2388321,13.539826393127441,13.539826393127441,ok
LA_D_2389765,14.277957916259766,14.277957916259766,ok
LA_D_2392484,13.052363395690918,13.052363395690918,ok
LA_D_2393554,14.482852935791016,14.482852935791016,ok
LA_D_2394024,15.956315040588379,15.956315040588379,ok
LA_D_2395590,12.147757530212402,12.147757530212402,ok
LA_D_2395644,14.264318466186523,14.264318466186523,ok
LA_D_2395699,17.753602981567383,17.753602981567383,ok
LA_D_2396760,11.127776145935059,11.127776145935059,ok
LA_D_2396773,10.747267723083496,10.747267723083496,ok
LA_D_2397533,8.561600685119629,8.561600685119629,ok
LA_D_2399485,14.30889892578125,14.30889892578125,ok
LA_D_2399961,15.931979179382324,15.931979179382324,ok
LA_D_2400343,13.95232105255127,13.95232105255127,ok
LA_D_2401656,12.465943336486816,12.465943336486816,ok
LA_D_2402189,7.5172014236450195,7.5172014236450195,ok
LA_D_2403062,9.142650604248047,9.142650604248047,ok
LA_D_2403365,8.369159698486328,8.369159698486328,ok
LA_D_2403858,14.423430442810059,14.423430442810059,ok
LA_D_2404279,10.829156875610352,10.829156875610352,ok
LA_D_2404405,-14.128458023071289,-14.128458023071289,ok
LA_D_2405181,16.046863555908203,16.046863555908203,ok
LA_D_2405339,16.413999557495117,16.413999557495117,ok
LA_D_2405558,13.877279281616211,13.877279281616211,ok
LA_D_2406469,18.078588485717773,18.078588485717773,ok
LA_D_2406653,10.873735427856445,10.873735427856445,ok
LA_D_2406981,6.861917018890381,6.861917018890381,ok
LA_D_2408504,14.117827415466309,14.117827415466309,ok
LA_D_2409304,15.060820579528809,15.060820579528809,ok
LA_D_2409344,16.5253849029541,16.5253849029541,ok
LA_D_2410043,5.405847549438477,5.405847549438477,ok
LA_D_2412061,16.488962173461914,16.488962173461914,ok
LA_D_2412410,7.422149181365967,7.422149181365967,ok
LA_D_2412446,12.002934455871582,12.002934455871582,ok
LA_D_2412575,8.956506729125977,8.956506729125977,ok
LA_D_2412960,-6.801781177520752,-6.801781177520752,ok
LA_D_2413214,15.697248458862305,15.697248458862305,ok
LA_D_2413811,13.330436706542969,13.330436706542969,ok
LA_D_2414625,15.206648826599121,15.206648826599121,ok
LA_D_2416790,13.317866325378418,13.317866325378418,ok
LA_D_2417193,-16.51993751525879,-16.51993751525879,ok
LA_D_2417651,14.674439430236816,14.674439430236816,ok
LA_D_2417938,14.331395149230957,14.331395149230957,ok
LA_D_2418862,14.51583480834961,14.51583480834961,ok
LA_D_2418943,13.483536720275879,13.483536720275879,ok
LA_D_2419036,17.527368545532227,17.527368545532227,ok
LA_D_2419210,17.83722496032715,17.83722496032715,ok
LA_D_2419825,17.536680221557617,17.536680221557617,ok
LA_D_2419904,18.808683395385742,18.808683395385742,ok
LA_D_2421665,12.071715354919434,12.071715354919434,ok
LA_D_2422297,13.09359073638916,13.09359073638916,ok
LA_D_2422770,15.743212699890137,15.743212699890137,ok
LA_D_2423406,17.735567092895508,17.735567092895508,ok
LA_D_2424417,13.215249061584473,13.215249061584473,ok
LA_D_2424487,12.679505348205566,12.679505348205566,ok
LA_D_2425412,14.56311321258545,14.56311321258545,ok
LA_D_2425446,18.96940803527832,18.96940803527832,ok
LA_D_2425743,14.707984924316406,14.707984924316406,ok
LA_D_2426166,11.148094177246094,11.148094177246094,ok
LA_D_2426319,19.195220947265625,19.195220947265625,ok
LA_D_2427111,11.774270057678223,11.774270057678223,ok
LA_D_2427116,8.471728324890137,8.471728324890137,ok
LA_D_2427170,19.7919979095459,19.7919979095459,ok
LA_D_2427445,18.471120834350586,18.471120834350586,ok
LA_D_2428124,14.592613220214844,14.592613220214844,ok
LA_D_2428239,13.194855690002441,13.194855690002441,ok
LA_D_2428433,17.631183624267578,17.631183624267578,ok
LA_D_2430078,9.03195858001709,9.03195858001709,ok
LA_D_2430243,15.332221031188965,15.332221031188965,ok
LA_D_2431857,15.308693885803223,15.308693885803223,ok
LA_D_2432615,14.263787269592285,14.263787269592285,ok
LA_D_2433056,12.708916664123535,12.708916664123535,ok
LA_D_2434538,18.86777687072754,18.86777687072754,ok
LA_D_2435960,8.789508819580078,8.789508819580078,ok
LA_D_2436364,-15.203937530517578,-15.203937530517578,ok
LA_D_2437354,10.747933387756348,10.747933387756348,ok
LA_D_2437399,16.910688400268555,16.910688400268555,ok
LA_D_2439299,17.78571891784668,17.78571891784668,ok
LA_D_2441093,12.839547157287598,12.839547157287598,ok
LA_D_2441155,11.980658531188965,11.980658531188965,ok
LA_D_2441943,-12.803887367248535,-12.803887367248535,ok
LA_D_2442523,15.425471305847168,15.425471305847168,ok
LA_D_2443752,16.24437141418457,16.24437141418457,ok
LA_D_2444360,14.47183609008789,14.47183609008789,ok
LA_D_2444810,12.809144973754883,12.809144973754883,ok
LA_D_2445037,14.179976463317871,14.179976463317871,ok
LA_D_2445554,-14.838311195373535,-14.838311195373535,ok
LA_D_2445772,14.059558868408203,14.059558868408203,ok
LA_D_2446049,12.93088436126709,12.93088436126709,ok
LA_D_2446369,17.48807144165039,17.48807144165039,ok
LA_D_2447524,16.592618942260742,16.592618942260742,ok
LA_D_2448121,14.843716621398926,14.843716621398926,ok
LA_D_2448162,9.872275352478027,9.872275352478027,ok
LA_D_2449761,8.788795471191406,8.788795471191406,ok
LA_D_2451673,14.765122413635254,14.765122413635254,ok
LA_D_2451686,17.833906173706055,17.833906173706055,ok
LA_D_2451802,19.195833206176758,19.195833206176758,ok
LA_D_2452544,-12.117203712463379,-12.117203712463379,ok
LA_D_2454370,19.29149055480957,19.29149055480957,ok
LA_D_2455516,19.13691520690918,19.13691520690918,ok
LA_D_2456990,17.654462814331055,17.654462814331055,ok
LA_D_2458766,15.391342163085938,15.391342163085938,ok
LA_D_2460010,15.976147651672363,15.976147651672363,ok
LA_D_2460108,14.287007331848145,14.287007331848145,ok
LA_D_2460221,16.539241790771484,16.539241790771484,ok
LA_D_2460870,16.961023330688477,16.961023330688477,ok
LA_D_2461413,12.416631698608398,12.416631698608398,ok
LA_D_2461506,13.25117015838623,13.25117015838623,ok
LA_D_2461601,12.8074951171875,12.8074951171875,ok
LA_D_2462449,15.037339210510254,15.037339210510254,ok
LA_D_2462521,-13.092432975769043,-13.092432975769043,ok
LA_D_2464441,12.177504539489746,12.177504539489746,ok
LA_D_2465807,15.824322700500488,15.824322700500488,ok
LA_D_2466781,-12.003063201904297,-12.003063201904297,ok
LA_D_2466917,10.558022499084473,10.558022499084473,ok
LA_D_2467416,15.432122230529785,15.432122230529785,ok
LA_D_2467700,16.4405460357666,16.4405460357666,ok
LA_D_2468278,7.977911472320557,7.977911472320557,ok
LA_D_2469934,18.681039810180664,18.681039810180664,ok
LA_D_2471375,13.310830116271973,13.310830116271973,ok
LA_D_2471995,17.894495010375977,17.894495010375977,ok
LA_D_2473428,10.279776573181152,10.279776573181152,ok
LA_D_2473723,15.866528511047363,15.866528511047363,ok
LA_D_2473777,12.165678977966309,12.165678977966309,ok
LA_D_2473895,18.155115127563477,18.155115127563477,ok
LA_D_2473905,16.892702102661133,16.892702102661133,ok
LA_D_2475221,11.675599098205566,11.675599098205566,ok
LA_D_2475830,13.269248008728027,13.269248008728027,ok
LA_D_2478413,14.934332847595215,14.934332847595215,ok
LA_D_2478969,16.064565658569336,16.064565658569336,ok
LA_D_2479312,14.702670097351074,14.702670097351074,ok
LA_D_2480484,23.46929359436035,23.46929359436035,ok
LA_D_2481318,12.850720405578613,12.850720405578613,ok
LA_D_2481485,15.716292381286621,15.716292381286621,ok
LA_D_2481560,13.629294395446777,13.629294395446777,ok
LA_D_2482572,15.404467582702637,15.404467582702637,ok
LA_D_2482996,14.120583534240723,14.120583534240723,ok
LA_D_2483131,17.283796310424805,17.283796310424805,ok
LA_D_2484663,14.824389457702637,14.824389457702637,ok
LA_D_2485107,19.110307693481445,19.110307693481445,ok
LA_D_2485529,13.167458534240723,13.167458534240723,ok
LA_D_2485725,20.05624008178711,20.05624008178711,ok
LA_D_2488691,17.163408279418945,17.163408279418945,ok
LA_D_2488913,12.887343406677246,12.887343406677246,ok
LA_D_2488992,11.667569160461426,11.667569160461426,ok
LA_D_2489813,15.355011940002441,15.355011940002441,ok
LA_D_2490025,12.112942695617676,12.112942695617676,ok
LA_D_2490231,15.2728853225708,15.2728853225708,ok
LA_D_2490654,17.410078048706055,17.410078048706055,ok
LA_D_2490787,7.983946323394775,7.983946323394775,ok
LA_D_2491741,8.690825462341309,8.690825462341309,ok
LA_D_2492206,16.30510139465332,16.30510139465332,ok
LA_D_2492831,10.51941204071045,10.51941204071045,ok
LA_D_2493315,-3.736487627029419,-3.736487627029419,ok
LA_D_2494446,14.506501197814941,14.506501197814941,ok
LA_D_2494449,12.236807823181152,12.236807823181152,ok
LA_D_2494496,12.454903602600098,12.454903602600098,ok
LA_D_2494939,12.533605575561523,12.533605575561523,ok
LA_D_2496910,-9.831913948059082,-9.831913948059082,ok
LA_D_2497046,16.819311141967773,16.819311141967773,ok
LA_D_2498281,21.025644302368164,21.025644302368164,ok
LA_D_2498389,12.37772274017334,12.37772274017334,ok
LA_D_2498703,15.33300495147705,15.33300495147705,ok
LA_D_2499496,18.477827072143555,18.477827072143555,ok
LA_D_2499638,11.73528003692627,11.73528003692627,ok
LA_D_2499680,14.909138679504395,14.909138679504395,ok
LA_D_2499954,8.168601036071777,8.168601036071777,ok
LA_D_2499979,12.709071159362793,12.709071159362793,ok
LA_D_2500876,11.75198745727539,11.75198745727539,ok
LA_D_2501643,11.024714469909668,11.024714469909668,ok
LA_D_2502418,13.516695976257324,13.516695976257324,ok
LA_D_2502471,10.878714561462402,10.878714561462402,ok
LA_D_2502487,11.3901948928833,11.3901948928833,ok
LA_D_2503313,16.56740951538086,16.56740951538086,ok
LA_D_2504438,14.428603172302246,14.428603172302246,ok
LA_D_2504571,18.200529098510742,18.200529098510742,ok
LA_D_2507417,12.015135765075684,12.015135765075684,ok
LA_D_2507973,14.989300727844238,14.989300727844238,ok
LA_D_2508069,16.46049690246582,16.46049690246582,ok
LA_D_2508484,11.269736289978027,11.269736289978027,ok
LA_D_2508763,10.350753784179688,10.350753784179688,ok
LA_D_2509891,12.654964447021484,12.654964447021484,ok
LA_D_2510886,13.130908966064453,13.130908966064453,ok
LA_D_2511151,10.245633125305176,10.245633125305176,ok
LA_D_2513024,10.967970848083496,10.967970848083496,ok
LA_D_2514874,6.291926860809326,6.291926860809326,ok
LA_D_2515908,13.030671119689941,13.030671119689941,ok
LA_D_2516382,13.429194450378418,13.429194450378418,ok
LA_D_2517022,-14.462489128112793,-14.462489128112793,ok
LA_D_2517481,15.745011329650879,15.745011329650879,ok
LA_D_2518822,-12.946008682250977,-12.946008682250977,ok
LA_D_2518987,9.697630882263184,9.697630882263184,ok
LA_D_2519499,10.121052742004395,10.121052742004395,ok
LA_D_2519581,16.250961303710938,16.250961303710938,ok
LA_D_2519862,-13.853495597839355,-13.853495597839355,ok
LA_D_2522340,17.460298538208008,17.460298538208008,ok
LA_D_2523108,23.25701332092285,23.25701332092285,ok
LA_D_2525000,-14.920048713684082,-14.920048713684082,ok
LA_D_2525110,14.752854347229004,14.752854347229004,ok
LA_D_2525525,11.006122589111328,11.006122589111328,ok
LA_D_2525577,14.418700218200684,14.418700218200684,ok
LA_D_2526971,7.668874263763428,7.668874263763428,ok
LA_D_2527215,18.23267936706543,18.23267936706543,ok
LA_D_2527247,15.582743644714355,15.582743644714355,ok
LA_D_2528296,15.097542762756348,15.097542762756348,ok
LA_D_2529982,17.670063018798828,17.670063018798828,ok
LA_D_2530462,13.215486526489258,13.215486526489258,ok
LA_D_2530547,19.6407413482666,19.6407413482666,ok
LA_D_2531373,-13.100918769836426,-13.100918769836426,ok
LA_D_2531385,15.866095542907715,15.866095542907715,ok
LA_D_2532530,16.544904708862305,16.544904708862305,ok
LA_D_2532665,16.054052352905273,16.054052352905273,ok
LA_D_2533846,10.609814643859863,10.609814643859863,ok
LA_D_2534146,11.542959213256836,11.542959213256836,ok
LA_D_2534849,-13.500475883483887,-13.500475883483887,ok
LA_D_2536110,18.123361587524414,18.123361587524414,ok
LA_D_2536179,11.285553932189941,11.285553932189941,ok
LA_D_2536291,4.506009578704834,4.506009578704834,ok
LA_D_2537525,14.714251518249512,14.714251518249512,ok
LA_D_2539732,12.820666313171387,12.820666313171387,ok
LA_D_2540693,12.140338897705078,12.140338897705078,ok
LA_D_2541236,16.894392013549805,16.894392013549805,ok
LA_D_2541397,12.668257713317871,12.668257713317871,ok
LA_D_2541811,12.41979694366455,12.41979694366455,ok
LA_D_2541982,16.44879722595215,16.44879722595215,ok
LA_D_2542296,11.097549438476562,11.097549438476562,ok
LA_D_2542630,10.836638450622559,10.836638450622559,ok
LA_D_2542779,14.134376525878906,14.134376525878906,ok
LA_D_2542974,14.045201301574707,14.045201301574707,ok
LA_D_2543157,15.280985832214355,15.280985832214355,ok
LA_D_2544213,15.392085075378418,15.392085075378418,ok
LA_D_2544697,14.378114700317383,14.378114700317383,ok
LA_D_2545209,14.101414680480957,14.101414680480957,ok
LA_D_2545730,17.09700584411621,17.09700584411621,ok
LA_D_2545950,14.06832218170166,14.06832218170166,ok
LA_D_2546184,14.348159790039062,14.348159790039062,ok
LA_D_2547623,14.438775062561035,14.438775062561035,ok
LA_D_2549631,11.060952186584473,11.060952186584473,ok
LA_D_2549993,13.007105827331543,13.007105827331543,ok
LA_D_2550165,15.028197288513184,15.028197288513184,ok
LA_D_2550548,14.023282051086426,14.023282051086426,ok
LA_D_2551261,12.782315254211426,12.782315254211426,ok
LA_D_2552841,10.807863235473633,10.807863235473633,ok
LA_D_2553532,9.148153305053711,9.148153305053711,ok
LA_D_2555715,14.88398551940918,14.88398551940918,ok
LA_D_2556606,17.64777374267578,17.64777374267578,ok
LA_D_2557760,13.976855278015137,13.976855278015137,ok
LA_D_2557946,16.148427963256836,16.148427963256836,ok
LA_D_2558084,12.394196510314941,12.394196510314941,ok
LA_D_2558912,15.663869857788086,15.663869857788086,ok
LA_D_2559493,12.628003120422363,12.628003120422363,ok
LA_D_2561400,13.18533706665039,13.18533706665039,ok
LA_D_2562850,15.132184982299805,15.132184982299805,ok
LA_D_2563154,12.634406089782715,12.634406089782715,ok
LA_D_2563213,15.500210762023926,15.500210762023926,ok
LA_D_2564083,13.637715339660645,13.637715339660645,ok
LA_D_2565263,12.622762680053711,12.622762680053711,ok
LA_D_2565359,-15.481464385986328,-15.481464385986328,ok
LA_D_2565381,16.791799545288086,16.791799545288086,ok
LA_D_2566690,13.161402702331543,13.161402702331543,ok
LA_D_2566965,18.03715705871582,18.03715705871582,ok
LA_D_2567965,11.585515022277832,11.585515022277832,ok
LA_D_2570184,10.111676216125488,10.111676216125488,ok
LA_D_2570544,10.8906888961792,10.8906888961792,ok
LA_D_2570780,12.027606964111328,12.027606964111328,ok
LA_D_2571309,14.112130165100098,14.112130165100098,ok
LA_D_2572361,16.49847984313965,16.49847984313965,ok
LA_D_2573565,14.748900413513184,14.748900413513184,ok
LA_D_2575136,19.4549617767334,19.4549617767334,ok
LA_D_2575495,11.031332969665527,11.031332969665527,ok
LA_D_2576768,13.13457202911377,13.13457202911377,ok
LA_D_2576822,11.839837074279785,11.839837074279785,ok
LA_D_2577424,6.192923069000244,6.192923069000244,ok
LA_D_2578749,-13.224825859069824,-13.224825859069824,ok
LA_D_2579139,14.731846809387207,14.731846809387207,ok
LA_D_2579249,12.236258506774902,12.236258506774902,ok
LA_D_2579907,11.700837135314941,11.700837135314941,ok
LA_D_2581071,11.13791561126709,11.13791561126709,ok
LA_D_2581733,17.082643508911133,17.082643508911133,ok
LA_D_2583710,14.22866439819336,14.22866439819336,ok
LA_D_2583973,16.288312911987305,16.288312911987305,ok
LA_D_2586141,9.674057006835938,9.674057006835938,ok
LA_D_2587030,10.907929420471191,10.907929420471191,ok
LA_D_2589783,15.039935111999512,15.039935111999512,ok
LA_D_2590726,-15.272031784057617,-15.272031784057617,ok
LA_D_2590744,10.866671562194824,10.866671562194824,ok
LA_D_2590761,16.348642349243164,16.348642349243164,ok
LA_D_2592823,16.731033325195312,16.731033325195312,ok
LA_D_2595427,13.341126441955566,13.341126441955566,ok
LA_D_2595652,11.567571640014648,11.567571640014648,ok
LA_D_2596003,15.688974380493164,15.688974380493164,ok
LA_D_2596513,11.80855655670166,11.80855655670166,ok
LA_D_2597129,11.517678260803223,11.517678260803223,ok
LA_D_2597444,14.334054946899414,14.334054946899414,ok
LA_D_2597748,-14.968398094177246,-14.968398094177246,ok
LA_D_2598079,13.164860725402832,13.164860725402832,ok
LA_D_2598117,12.583085060119629,12.583085060119629,ok
LA_D_2598422,14.283005714416504,14.283005714416504,ok
LA_D_2598470,4.123748779296875,4.123748779296875,ok
LA_D_2598664,20.4188175201416,20.4188175201416,ok
LA_D_2600674,11.003703117370605,11.003703117370605,ok
LA_D_2601154,17.124774932861328,17.124774932861328,ok
LA_D_2602113,12.949362754821777,12.949362754821777,ok
LA_D_2602453,16.807878494262695,16.807878494262695,ok
LA_D_2602670,16.344127655029297,16.344127655029297,ok
LA_D_2602925,13.245403289794922,13.245403289794922,ok
LA_D_2603106,11.806622505187988,11.806622505187988,ok
LA_D_2604446,14.7496976852417,14.7496976852417,ok
LA_D_2606095,9.818696022033691,9.818696022033691,ok
LA_D_2607016,16.430286407470703,16.430286407470703,ok
LA_D_2607277,14.87097454071045,14.87097454071045,ok
LA_D_2608601,15.893265724182129,15.893265724182129,ok
LA_D_2609052,11.427994728088379,11.427994728088379,ok
LA_D_2609323,-13.082037925720215,-13.082037925720215,ok
LA_D_2609462,16.11142921447754,16.11142921447754,ok
LA_D_2610325,12.716062545776367,12.716062545776367,ok
LA_D_2612254,-15.5255765914917,-15.5255765914917,ok
LA_D_2613067,20.35699462890625,20.35699462890625,ok
LA_D_2613646,12.329485893249512,12.329485893249512,ok
LA_D_2615945,11.045432090759277,11.045432090759277,ok
LA_D_2616799,12.096077919006348,12.096077919006348,ok
LA_D_2617066,13.34003734588623,13.34003734588623,ok
LA_D_2617516,14.53809642791748,14.53809642791748,ok
LA_D_2618723,13.060298919677734,13.060298919677734,ok
LA_D_2618748,14.067294120788574,14.067294120788574,ok
LA_D_2619504,11.69865894317627,11.69865894317627,ok
LA_D_2621156,13.823676109313965,13.823676109313965,ok
LA_D_2621260,10.752466201782227,10.752466201782227,ok
LA_D_2622778,10.18552303314209,10.18552303314209,ok
LA_D_2623262,21.120040893554688,21.120040893554688,ok
LA_D_2625096,11.033574104309082,11.033574104309082,ok
LA_D_2625129,19.3530330657959,19.3530330657959,ok
LA_D_2625605,14.527705192565918,14.527705192565918,ok
LA_D_2626102,15.851518630981445,15.851518630981445,ok
LA_D_2626312,14.290003776550293,14.290003776550293,ok
LA_D_2626325,15.062549591064453,15.062549591064453,ok
LA_D_2627199,17.542768478393555,17.542768478393555,ok
LA_D_2627350,15.213152885437012,15.213152885437012,ok
LA_D_2628079,11.657919883728027,11.657919883728027,ok
LA_D_2628131,14.530465126037598,14.530465126037598,ok
LA_D_2628460,14.607872009277344,14.607872009277344,ok
LA_D_2628592,15.816699028015137,15.816699028015137,ok
LA_D_2628819,16.679533004760742,16.679533004760742,ok
LA_D_2630786,15.360995292663574,15.360995292663574,ok
LA_D_2632286,16.9847469329834,16.9847469329834,ok
LA_D_2632718,11.759551048278809,11.759551048278809,ok
LA_D_2633677,18.397310256958008,18.397310256958008,ok
LA_D_2634056,11.195097923278809,11.195097923278809,ok
LA_D_2634266,7.556125164031982,7.556125164031982,ok
LA_D_2636579,20.82663917541504,20.82663917541504,ok
LA_D_2637205,10.50196361541748,10.50196361541748,ok
LA_D_2638013,15.985201835632324,15.985201835632324,ok
LA_D_2638042,14.223610877990723,14.223610877990723,ok
LA_D_2639105,17.58251190185547,17.58251190185547,ok
LA_D_2642581,8.599193572998047,8.599193572998047,ok
LA_D_2643003,14.846209526062012,14.846209526062012,ok
LA_D_2643276,15.299392700195312,15.299392700195312,ok
LA_D_2643397,19.160959243774414,19.160959243774414,ok
LA_D_2644387,-5.111763000488281,-5.111763000488281,ok
LA_D_2644554,13.391026496887207,13.391026496887207,ok
LA_D_2645663,14.864112854003906,14.864112854003906,ok
LA_D_2646681,23.1717586517334,23.1717586517334,ok
LA_D_2647059,10.178502082824707,10.178502082824707,ok
LA_D_2648396,12.390934944152832,12.390934944152832,ok
LA_D_2648941,16.77638053894043,16.77638053894043,ok
LA_D_2649278,18.663738250732422,18.663738250732422,ok
LA_D_2649880,14.999188423156738,14.999188423156738,ok
LA_D_2651341,9.25834846496582,9.25834846496582,ok
LA_D_2651795,8.90979290008545,8.90979290008545,ok
LA_D_2652985,9.060422897338867,9.060422897338867,ok
LA_D_2653429,9.530010223388672,9.530010223388672,ok
LA_D_2653610,13.400580406188965,13.400580406188965,ok
LA_D_2654160,13.625361442565918,13.625361442565918,ok
LA_D_2655283,12.808796882629395,12.808796882629395,ok
LA_D_2655610,-12.761282920837402,-12.761282920837402,ok
LA_D_2655621,15.870892524719238,15.870892524719238,ok
LA_D_2656565,14.987835884094238,14.987835884094238,ok
LA_D_2657707,14.029484748840332,14.029484748840332,ok
LA_D_2658622,-12.533474922180176,-12.533474922180176,ok
LA_D_2658832,11.758091926574707,11.758091926574707,ok
LA_D_2658907,7.193856716156006,7.193856716156006,ok
LA_D_2659066,-13.044400215148926,-13.044400215148926,ok
LA_D_2660381,17.697900772094727,17.697900772094727,ok
LA_D_2660438,9.40832805633545,9.40832805633545,ok
LA_D_2660514,14.146409034729004,14.146409034729004,ok
LA_D_2661411,16.899402618408203,16.899402618408203,ok
LA_D_2661690,15.825159072875977,15.825159072875977,ok
LA_D_2661958,14.253262519836426,14.253262519836426,ok
LA_D_2663437,15.46983528137207,15.46983528137207,ok
LA_D_2665880,9.42806339263916,9.42806339263916,ok
LA_D_2666258,15.735282897949219,15.735282897949219,ok
LA_D_2667561,16.41386604309082,16.41386604309082,ok
LA_D_2667967,15.480155944824219,15.480155944824219,ok
LA_D_2668830,11.02507495880127,11.02507495880127,ok
LA_D_2669080,18.872575759887695,18.872575759887695,ok
LA_D_2669376,15.840853691101074,15.840853691101074,ok
LA_D_2669790,12.579330444335938,12.579330444335938,ok
LA_D_2670809,14.835772514343262,14.835772514343262,ok
LA_D_2671594,8.657605171203613,8.657605171203613,ok
LA_D_2674105,14.905694007873535,14.905694007873535,ok
LA_D_2676220,9.870537757873535,9.870537757873535,ok
LA_D_2677497,12.69414234161377,12.69414234161377,ok
LA_D_2677654,9.703518867492676,9.703518867492676,ok
LA_D_2680311,11.032878875732422,11.032878875732422,ok
LA_D_2682641,15.320805549621582,15.320805549621582,ok
LA_D_2683285,18.018476486206055,18.018476486206055,ok
LA_D_2684010,14.522980690002441,14.522980690002441,ok
LA_D_2684959,15.16641616821289,15.16641616821289,ok
LA_D_2685703,19.238792419433594,19.238792419433594,ok
LA_D_2686014,14.760641098022461,14.760641098022461,ok
LA_D_2686278,10.704217910766602,10.704217910766602,ok
LA_D_2688414,-9.871495246887207,-9.871495246887207,ok
LA_D_2688863,14.394718170166016,14.394718170166016,ok
LA_D_2689404,13.945935249328613,13.945935249328613,ok
LA_D_2690336,13.675921440124512,13.675921440124512,ok
LA_D_2690518,11.680548667907715,11.680548667907715,ok
LA_D_2690780,-12.854958534240723,-12.854958534240723,ok
LA_D_2691745,16.021116256713867,16.021116256713867,ok
LA_D_2691829,10.160924911499023,10.160924911499023,ok
LA_D_2691873,15.028035163879395,15.028035163879395,ok
LA_D_2691898,15.121271133422852,15.121271133422852,ok
LA_D_2692136,19.82917594909668,19.82917594909668,ok
LA_D_2692895,10.122525215148926,10.122525215148926,ok
LA_D_2693758,10.383957862854004,10.383957862854004,ok
LA_D_2693786,13.025873184204102,13.025873184204102,ok
LA_D_2695373,17.169992446899414,17.169992446899414,ok
LA_D_2696306,12.638834953308105,12.638834953308105,ok
LA_D_2696379,9.224358558654785,9.224358558654785,ok
LA_D_2696634,13.004694938659668,13.004694938659668,ok
LA_D_2697100,12.709214210510254,12.709214210510254,ok
LA_D_2698574,14.191914558410645,14.191914558410645,ok
LA_D_2699739,10.206015586853027,10.206015586853027,ok
LA_D_2700899,13.816802024841309,13.816802024841309,ok
LA_D_2700963,14.7114839553833,14.7114839553833,ok
LA_D_2701856,12.891655921936035,12.891655921936035,ok
LA_D_2705731,11.363341331481934,11.363341331481934,ok
LA_D_2706710,16.20462989807129,16.20462989807129,ok
LA_D_2707454,12.302289009094238,12.302289009094238,ok
LA_D_2707564,15.003067970275879,15.003067970275879,ok
LA_D_2708011,16.71576499938965,16.71576499938965,ok
LA_D_2708980,14.942344665527344,14.942344665527344,ok
LA_D_2709061,14.43349838256836,14.43349838256836,ok
LA_D_2709080,13.916592597961426,13.916592597961426,ok
LA_D_2709100,16.103334426879883,16.103334426879883,ok
LA_D_2709105,11.286553382873535,11.286553382873535,ok
LA_D_2709995,14.216696739196777,14.216696739196777,ok
LA_D_2710906,9.89412784576416,9.89412784576416,ok
LA_D_2712069,18.95905303955078,18.95905303955078,ok
LA_D_2712599,-15.763203620910645,-15.763203620910645,ok
LA_D_2715241,8.091156959533691,8.091156959533691,ok
LA_D_2715552,17.483503341674805,17.483503341674805,ok
LA_D_2715685,16.215513229370117,16.215513229370117,ok
LA_D_2717878,9.191041946411133,9.191041946411133,ok
LA_D_2717961,5.466442584991455,5.466442584991455,ok
LA_D_2718507,16.98160743713379,16.98160743713379,ok
LA_D_2718909,-15.66292667388916,-15.66292667388916,ok
LA_D_2719811,12.875753402709961,12.875753402709961,ok
LA_D_2720139,13.798243522644043,13.798243522644043,ok
LA_D_2720424,8.374469757080078,8.374469757080078,ok
LA_D_2720435,14.868083953857422,14.868083953857422,ok
LA_D_2720510,12.381300926208496,12.381300926208496,ok
LA_D_2720782,12.59225082397461,12.59225082397461,ok
LA_D_2721191,14.421387672424316,14.421387672424316,ok
LA_D_2722401,12.88428783416748,12.88428783416748,ok
LA_D_2723107,9.95273208618164,9.95273208618164,ok
LA_D_2723301,14.608447074890137,14.608447074890137,ok
LA_D_2724699,17.37993621826172,17.37993621826172,ok
LA_D_2724805,11.438397407531738,11.438397407531738,ok
LA_D_2726610,16.7908878326416,16.7908878326416,ok
LA_D_2726931,13.929612159729004,13.929612159729004,ok
LA_D_2727763,9.90459156036377,9.90459156036377,ok
LA_D_2727780,13.374290466308594,13.374290466308594,ok
LA_D_2728150,13.229302406311035,13.229302406311035,ok
LA_D_2728628,11.156624794006348,11.156624794006348,ok
LA_D_2730974,19.149127960205078,19.149127960205078,ok
LA_D_2731036,14.466629981994629,14.466629981994629,ok
LA_D_2731741,-14.428833961486816,-14.428833961486816,ok
LA_D_2732640,15.19675350189209,15.19675350189209,ok
LA_D_2733428,-15.499242782592773,-15.499242782592773,ok
LA_D_2733623,13.03033447265625,13.03033447265625,ok
LA_D_2734048,11.194552421569824,11.194552421569824,ok
LA_D_2734913,14.797353744506836,14.797353744506836,ok
LA_D_2735004,18.014474868774414,18.014474868774414,ok
LA_D_2736443,18.66741371154785,18.66741371154785,ok
LA_D_2736449,11.165852546691895,11.165852546691895,ok
LA_D_2736752,12.66430377960205,12.66430377960205,ok
LA_D_2736869,12.439789772033691,12.439789772033691,ok
LA_D_2737875,14.919967651367188,14.919967651367188,ok
LA_D_2738222,13.200204849243164,13.200204849243164,ok
LA_D_2739423,15.546395301818848,15.546395301818848,ok
LA_D_2743059,9.740211486816406,9.740211486816406,ok
LA_D_2745051,16.890623092651367,16.890623092651367,ok
LA_D_2746243,10.813532829284668,10.813532829284668,ok
LA_D_2746267,16.356800079345703,16.356800079345703,ok
LA_D_2747265,16.22599983215332,16.22599983215332,ok
LA_D_2748583,-15.406832695007324,-15.406832695007324,ok
LA_D_2749481,17.362051010131836,17.362051010131836,ok
LA_D_2752788,13.525054931640625,13.525054931640625,ok
LA_D_2753356,8.183907508850098,8.183907508850098,ok
LA_D_2753362,8.441229820251465,8.441229820251465,ok
LA_D_2753816,-11.647521018981934,-11.647521018981934,ok
LA_D_2756525,10.636431694030762,10.636431694030762,ok
LA_D_2756724,-15.170665740966797,-15.170665740966797,ok
LA_D_2757814,15.075373649597168,15.075373649597168,ok
LA_D_2757833,14.826377868652344,14.826377868652344,ok
LA_D_2759411,6.098960876464844,6.098960876464844,ok
LA_D_2759783,12.5042085647583,12.5042085647583,ok
LA_D_2761640,14.499855041503906,14.499855041503906,ok
LA_D_2761727,12.205789566040039,12.205789566040039,ok
LA_D_2761966,15.284886360168457,15.284886360168457,ok
LA_D_2762669,10.336888313293457,10.336888313293457,ok
LA_D_2762693,19.33066749572754,19.33066749572754,ok
LA_D_2763276,12.00228500366211,12.00228500366211,ok
LA_D_2766494,8.680784225463867,8.680784225463867,ok
LA_D_2768110,11.388198852539062,11.388198852539062,ok
LA_D_2769397,10.781014442443848,10.781014442443848,ok
LA_D_2769521,14.0574312210083,14.0574312210083,ok
LA_D_2771030,8.750222206115723,8.750222206115723,ok
LA_D_2771079,13.654253005981445,13.654253005981445,ok
LA_D_2772436,13.490129470825195,13.490129470825195,ok
LA_D_2772837,8.369138717651367,8.369138717651367,ok
LA_D_2773764,-14.737865447998047,-14.737865447998047,ok
LA_D_2774468,-13.536859512329102,-13.536859512329102,ok
LA_D_2775026,14.721142768859863,14.721142768859863,ok
LA_D_2776056,14.023564338684082,14.023564338684082,ok
LA_D_2776677,12.741622924804688,12.741622924804688,ok
LA_D_2777169,13.046404838562012,13.046404838562012,ok
LA_D_2777831,14.286032676696777,14.286032676696777,ok
LA_D_2780378,6.905188083648682,6.905188083648682,ok
LA_D_2783081,12.839335441589355,12.839335441589355,ok
LA_D_2783850,10.338764190673828,10.338764190673828,ok
LA_D_2784153,25.284347534179688,25.284347534179688,ok
LA_D_2786535,16.03284454345703,16.03284454345703,ok
LA_D_2786957,14.216683387756348,14.216683387756348,ok
LA_D_2787302,12.492587089538574,12.492587089538574,ok
LA_D_2789277,10.396422386169434,10.396422386169434,ok
LA_D_2791447,17.428274154663086,17.428274154663086,ok
LA_D_2791553,11.559479713439941,11.559479713439941,ok
LA_D_2792366,10.029960632324219,10.029960632324219,ok
LA_D_2793042,15.026121139526367,15.026121139526367,ok
LA_D_2793288,11.646486282348633,11.646486282348633,ok
LA_D_2794299,13.960265159606934,13.960265159606934,ok
LA_D_2795326,18.42075538635254,18.42075538635254,ok
LA_D_2796486,13.115530967712402,13.115530967712402,ok
LA_D_2796669,17.561208724975586,17.561208724975586,ok
LA_D_2797619,11.943840980529785,11.943840980529785,ok
LA_D_2797757,12.502886772155762,12.502886772155762,ok
LA_D_2798444,11.02672290802002,11.02672290802002,ok
LA_D_2798789,11.784757614135742,11.784757614135742,ok
LA_D_2799892,11.797407150268555,11.797407150268555,ok
LA_D_2800113,-13.73514461517334,-13.73514461517334,ok
LA_D_2800343,15.030203819274902,15.030203819274902,ok
LA_D_2800479,12.469944953918457,12.469944953918457,ok
LA_D_2805826,13.730669975280762,13.730669975280762,ok
LA_D_2806150,17.215572357177734,17.215572357177734,ok
LA_D_2807278,18.980146408081055,18.980146408081055,ok
LA_D_2807440,12.622929573059082,12.622929573059082,ok
LA_D_2808442,11.279335021972656,11.279335021972656,ok
LA_D_2808846,15.4284086227417,15.4284086227417,ok
LA_D_2809588,14.718460083007812,14.718460083007812,ok
LA_D_2810734,19.475515365600586,19.475515365600586,ok
LA_D_2811040,15.313319206237793,15.313319206237793,ok
LA_D_2811662,-16.9256649017334,-16.9256649017334,ok
LA_D_2812544,-15.228198051452637,-15.228198051452637,ok
LA_D_2812689,16.538118362426758,16.538118362426758,ok
LA_D_2813154,-7.6547369956970215,-7.6547369956970215,ok
LA_D_2814875,12.694544792175293,12.694544792175293,ok
LA_D_2815191,12.718202590942383,12.718202590942383,ok
LA_D_2815461,15.613741874694824,15.613741874694824,ok
LA_D_2816042,15.702247619628906,15.702247619628906,ok
LA_D_2816289,11.831064224243164,11.831064224243164,ok
LA_D_2816308,9.98713207244873,9.98713207244873,ok
LA_D_2816765,-14.199100494384766,-14.199100494384766,ok
LA_D_2817557,-16.131269454956055,-16.131269454956055,ok
LA_D_2819105,13.442696571350098,13.442696571350098,ok
LA_D_2820525,14.33707046508789,14.33707046508789,ok
LA_D_2821637,12.671920776367188,12.671920776367188,ok
LA_D_2822470,11.34923267364502,11.34923267364502,ok
LA_D_2824576,15.670364379882812,15.670364379882812,ok
LA_D_2824820,-14.396815299987793,-14.396815299987793,ok
LA_D_2824952,15.656583786010742,15.656583786010742,ok
LA_D_2825662,11.779576301574707,11.779576301574707,ok
LA_D_2826776,18.50311279296875,18.50311279296875,ok
LA_D_2827159,13.965954780578613,13.965954780578613,ok
LA_D_2831303,13.373120307922363,13.373120307922363,ok
LA_D_2831646,13.690451622009277,13.690451622009277,ok
LA_D_2831844,7.358178615570068,7.358178615570068,ok
LA_D_2832141,-14.432275772094727,-14.432275772094727,ok
LA_D_2832394,18.367034912109375,18.367034912109375,ok
LA_D_2833236,7.179534435272217,7.179534435272217,ok
LA_D_2833762,12.547497749328613,12.547497749328613,ok
LA_D_2835194,13.159994125366211,13.159994125366211,ok
LA_D_2835573,19.845373153686523,19.845373153686523,ok
LA_D_2835735,8.8516263961792,8.8516263961792,ok
LA_D_2837203,21.360960006713867,21.360960006713867,ok
LA_D_2837325,11.723329544067383,11.723329544067383,ok
LA_D_2839838,15.235519409179688,15.235519409179688,ok
LA_D_2839913,-14.954365730285645,-14.954365730285645,ok
LA_D_2842063,-13.59924602508545,-13.59924602508545,ok
LA_D_2844602,9.206711769104004,9.206711769104004,ok
LA_D_2844735,-13.242779731750488,-13.242779731750488,ok
LA_D_2847323,11.85234546661377,11.85234546661377,ok
LA_D_2849155,8.277298927307129,8.277298927307129,ok
LA_D_2849994,11.756878852844238,11.756878852844238,ok
LA_D_2850234,17.021100997924805,17.021100997924805,ok
LA_D_2850456,7.359323978424072,7.359323978424072,ok
LA_D_2851293,13.6854829788208,13.6854829788208,ok
LA_D_2852000,-16.587594985961914,-16.587594985961914,ok
LA_D_2852714,15.042064666748047,15.042064666748047,ok
LA_D_2853583,14.106175422668457,14.106175422668457,ok
LA_D_2853662,20.207792282104492,20.207792282104492,ok
LA_D_2854193,17.114770889282227,17.114770889282227,ok
LA_D_2854358,14.593064308166504,14.593064308166504,ok
LA_D_2854806,16.86281967163086,16.86281967163086,ok
LA_D_2855249,15.136479377746582,15.136479377746582,ok
LA_D_2856557,13.455399513244629,13.455399513244629,ok
LA_D_2859163,12.26414680480957,12.26414680480957,ok
LA_D_2859709,20.01908302307129,20.01908302307129,ok
LA_D_2860247,14.715975761413574,14.715975761413574,ok
LA_D_2860670,12.870973587036133,12.870973587036133,ok
LA_D_2861324,13.836220741271973,13.836220741271973,ok
LA_D_2861753,9.205218315124512,9.205218315124512,ok
LA_D_2862464,14.222033500671387,14.222033500671387,ok
LA_D_2862862,11.081177711486816,11.081177711486816,ok
LA_D_2863133,-12.315279960632324,-12.315279960632324,ok
LA_D_2863900,12.876133918762207,12.876133918762207,ok
LA_D_2864137,12.678887367248535,12.678887367248535,ok
LA_D_2864689,6.56988525390625,6.56988525390625,ok
LA_D_2866362,18.123445510864258,18.123445510864258,ok
LA_D_2866947,-11.500632286071777,-11.500632286071777,ok
LA_D_2866949,15.014573097229004,15.014573097229004,ok
LA_D_2867530,14.938421249389648,14.938421249389648,ok
LA_D_2868405,17.6905574798584,17.6905574798584,ok
LA_D_2868410,18.075265884399414,18.075265884399414,ok
LA_D_2868921,2.9572911262512207,2.9572911262512207,ok
LA_D_2869692,17.262203216552734,17.262203216552734,ok
LA_D_2869838,13.129023551940918,13.129023551940918,ok
LA_D_2870458,14.97286319732666,14.97286319732666,ok
LA_D_2870777,7.8134965896606445,7.8134965896606445,ok
LA_D_2871536,8.16688346862793,8.16688346862793,ok
LA_D_2872359,13.952165603637695,13.952165603637695,ok
LA_D_2872772,9.861237525939941,9.861237525939941,ok
LA_D_2873975,18.030080795288086,18.030080795288086,ok
LA_D_2874104,15.381190299987793,15.381190299987793,ok
LA_D_2874107,13.70284366607666,13.70284366607666,ok
LA_D_2874951,19.255062103271484,19.255062103271484,ok
LA_D_2875270,20.908126831054688,20.908126831054688,ok
LA_D_2876241,13.485915184020996,13.485915184020996,ok
LA_D_2876938,14.955714225769043,14.955714225769043,ok
LA_D_2877032,13.900989532470703,13.900989532470703,ok
LA_D_2877891,15.88761043548584,15.88761043548584,ok
LA_D_2878270,22.919687271118164,22.919687271118164,ok
LA_D_2878681,11.945454597473145,11.945454597473145,ok
LA_D_2878966,13.05734920501709,13.05734920501709,ok
LA_D_2879784,13.601584434509277,13.601584434509277,ok
LA_D_2879814,11.484335899353027,11.484335899353027,ok
LA_D_2880430,15.464805603027344,15.464805603027344,ok
LA_D_2880781,10.831589698791504,10.831589698791504,ok
LA_D_2881171,19.621736526489258,19.621736526489258,ok
LA_D_2881179,16.68906021118164,16.68906021118164,ok
LA_D_2882773,21.6390380859375,21.6390380859375,ok
LA_D_2883720,14.497004508972168,14.497004508972168,ok
LA_D_2884464,15.635245323181152,15.635245323181152,ok
LA_D_2884522,-10.993755340576172,-10.993755340576172,ok
LA_D_2884632,12.54780101776123,12.54780101776123,ok
LA_D_2885274,15.595269203186035,15.595269203186035,ok
LA_D_2885606,15.078812599182129,15.078812599182129,ok
LA_D_2886143,10.255061149597168,10.255061149597168,ok
LA_D_2887586,14.183987617492676,14.183987617492676,ok
LA_D_2887628,13.364729881286621,13.364729881286621,ok
LA_D_2888191,14.29207706451416,14.29207706451416,ok
LA_D_2888387,17.628103256225586,17.628103256225586,ok
LA_D_2888561,12.46036434173584,12.46036434173584,ok
LA_D_2888596,11.571267127990723,11.571267127990723,ok
LA_D_2888827,11.935975074768066,11.935975074768066,ok
LA_D_2888854,11.416583061218262,11.416583061218262,ok
LA_D_2889500,17.42081069946289,17.42081069946289,ok
LA_D_2889881,22.71503257751465,22.71503257751465,ok
LA_D_2890608,11.961180686950684,11.961180686950684,ok
LA_D_2892419,18.7852725982666,18.7852725982666,ok
LA_D_2893126,16.903566360473633,16.903566360473633,ok
LA_D_2895802,-14.793726921081543,-14.793726921081543,ok
LA_D_2895937,11.79843807220459,11.79843807220459,ok
LA_D_2895942,13.16191577911377,13.16191577911377,ok
LA_D_2896082,-9.931890487670898,-9.931890487670898,ok
LA_D_2896219,14.70325756072998,14.70325756072998,ok
LA_D_2896345,-11.261992454528809,-11.261992454528809,ok
LA_D_2897075,15.503289222717285,15.503289222717285,ok
LA_D_2899054,9.876311302185059,9.876311302185059,ok
LA_D_2901718,13.704255104064941,13.704255104064941,ok
LA_D_2902556,11.457061767578125,11.457061767578125,ok
LA_D_2903458,12.362920761108398,12.362920761108398,ok
LA_D_2905137,14.981884956359863,14.981884956359863,ok
LA_D_2905424,-11.57435417175293,-11.57435417175293,ok
LA_D_2906326,10.652095794677734,10.652095794677734,ok
LA_D_2906873,-9.310925483703613,-9.310925483703613,ok
LA_D_2907481,16.445941925048828,16.445941925048828,ok
LA_D_2907952,15.423002243041992,15.423002243041992,ok
LA_D_2908532,15.806373596191406,15.806373596191406,ok
LA_D_2909263,13.689030647277832,13.689030647277832,ok
LA_D_2909551,11.17694091796875,11.17694091796875,ok
LA_D_2910262,10.478516578674316,10.478516578674316,ok
LA_D_2912682,14.005095481872559,14.005095481872559,ok
LA_D_2914985,15.231650352478027,15.231650352478027,ok
LA_D_2915405,9.672574996948242,9.672574996948242,ok
LA_D_2915994,10.290663719177246,10.290663719177246,ok
LA_D_2916024,-12.699612617492676,-12.699612617492676,ok
LA_D_2916691,14.38289737701416,14.38289737701416,ok
LA_D_2917041,14.45748233795166,14.45748233795166,ok
LA_D_2918223,22.664369583129883,22.664369583129883,ok
LA_D_2919741,7.451085090637207,7.451085090637207,ok
LA_D_2920207,20.969518661499023,20.969518661499023,ok
LA_D_2920298,13.099796295166016,13.099796295166016,ok
LA_D_2920588,2.96814227104187,2.96814227104187,ok
LA_D_2921930,15.674299240112305,15.674299240112305,ok
LA_D_2921952,15.271529197692871,15.271529197692871,ok
LA_D_2922852,13.518048286437988,13.518048286437988,ok
LA_D_2923426,-13.05738353729248,-13.05738353729248,ok
LA_D_2923476,14.23628044128418,14.23628044128418,ok
LA_D_2923622,14.09243106842041,14.09243106842041,ok
LA_D_2924504,-10.825799942016602,-10.825799942016602,ok
LA_D_2925315,16.49627113342285,16.49627113342285,ok
LA_D_2925498,18.230998992919922,18.230998992919922,ok
LA_D_2925553,14.8046236038208,14.8046236038208,ok
LA_D_2928032,18.985153198242188,18.985153198242188,ok
LA_D_2928444,19.703447341918945,19.703447341918945,ok
LA_D_2929910,17.166223526000977,17.166223526000977,ok
LA_D_2931790,14.983290672302246,14.983290672302246,ok
LA_D_2933176,14.03538990020752,14.03538990020752,ok
LA_D_2933330,18.47865104675293,18.47865104675293,ok
LA_D_2933367,16.376882553100586,16.376882553100586,ok
LA_D_2933402,14.7697172164917,14.7697172164917,ok
LA_D_2934273,15.318410873413086,15.318410873413086,ok
LA_D_2934981,-14.46188735961914,-14.46188735961914,ok
LA_D_2938296,13.224627494812012,13.224627494812012,ok
LA_D_2938883,10.211398124694824,10.211398124694824,ok
LA_D_2939024,16.1914005279541,16.1914005279541,ok
LA_D_2939086,22.097505569458008,22.097505569458008,ok
LA_D_2939133,16.87917137145996,16.87917137145996,ok
LA_D_2940135,15.95707893371582,15.95707893371582,ok
LA_D_2940539,15.801141738891602,15.801141738891602,ok
LA_D_2940992,6.834590911865234,6.834590911865234,ok
LA_D_2941369,15.1117525100708,15.1117525100708,ok
LA_D_2942585,20.058889389038086,20.058889389038086,ok
LA_D_2943031,7.43428897857666,7.43428897857666,ok
LA_D_2943221,13.329689979553223,13.329689979553223,ok
LA_D_2943260,-13.40976619720459,-13.40976619720459,ok
LA_D_2943983,20.68491554260254,20.68491554260254,ok
LA_D_2945771,12.58635139465332,12.58635139465332,ok
LA_D_2946273,13.889242172241211,13.889242172241211,ok
LA_D_2946840,12.926591873168945,12.926591873168945,ok
LA_D_2946958,-10.561053276062012,-10.561053276062012,ok
LA_D_2948723,13.515158653259277,13.515158653259277,ok
LA_D_2949120,12.894370079040527,12.894370079040527,ok
LA_D_2949516,13.530374526977539,13.530374526977539,ok
LA_D_2950326,16.941162109375,16.941162109375,ok
LA_D_2950518,17.764047622680664,17.764047622680664,ok
LA_D_2950820,9.29419994354248,9.29419994354248,ok
LA_D_2951507,10.4668607711792,10.4668607711792,ok
LA_D_2956552,13.927692413330078,13.927692413330078,ok
LA_D_2956834,13.733208656311035,13.733208656311035,ok
LA_D_2957996,14.727883338928223,14.727883338928223,ok
LA_D_2958095,13.632391929626465,13.632391929626465,ok
LA_D_2958099,15.72930908203125,15.72930908203125,ok
LA_D_2959609,20.749731063842773,20.749731063842773,ok
LA_D_2960332,14.976092338562012,14.976092338562012,ok
LA_D_2962271,14.161759376525879,14.161759376525879,ok
LA_D_2962430,14.95377254486084,14.95377254486084,ok
LA_D_2963867,10.806013107299805,10.806013107299805,ok
LA_D_2964456,16.443449020385742,16.443449020385742,ok
LA_D_2964886,13.523951530456543,13.523951530456543,ok
LA_D_2964992,12.776686668395996,12.776686668395996,ok
LA_D_2966111,11.554075241088867,11.554075241088867,ok
LA_D_2966463,15.992465019226074,15.992465019226074,ok
LA_D_2968040,18.5413818359375,18.5413818359375,ok
LA_D_2968176,19.048185348510742,19.048185348510742,ok
LA_D_2969521,12.286051750183105,12.286051750183105,ok
LA_D_2970295,12.252035140991211,12.252035140991211,ok
LA_D_2970964,15.299723625183105,15.299723625183105,ok
LA_D_2971299,17.194936752319336,17.194936752319336,ok
LA_D_2971908,13.634439468383789,13.634439468383789,ok
LA_D_2973882,11.6151704788208,11.6151704788208,ok
LA_D_2974704,13.878693580627441,13.878693580627441,ok
LA_D_2975584,14.503198623657227,14.503198623657227,ok
LA_D_2976553,-0.47125735878944397,-0.47125735878944397,ok
LA_D_2977005,-12.441607475280762,-12.441607475280762,ok
LA_D_2977245,9.184144020080566,9.184144020080566,ok
LA_D_2977454,16.591798782348633,16.591798782348633,ok
LA_D_2977725,18.228240966796875,18.228240966796875,ok
LA_D_2977892,-11.094046592712402,-11.094046592712402,ok
LA_D_2977895,19.166858673095703,19.166858673095703,ok
LA_D_2979011,-10.042732238769531,-10.042732238769531,ok
LA_D_2979369,11.86857795715332,11.86857795715332,ok
LA_D_2981298,18.365331649780273,18.365331649780273,ok
LA_D_2981561,9.12537956237793,9.12537956237793,ok
LA_D_2981790,18.715242385864258,18.715242385864258,ok
LA_D_2982066,19.683656692504883,19.683656692504883,ok
LA_D_2983374,13.494410514831543,13.494410514831543,ok
LA_D_2983401,15.319584846496582,15.319584846496582,ok
LA_D_2984362,15.165118217468262,15.165118217468262,ok
LA_D_2984512,20.89393424987793,20.89393424987793,ok
LA_D_2985114,12.462817192077637,12.462817192077637,ok
LA_D_2985329,13.666003227233887,13.666003227233887,ok
LA_D_2986383,15.236015319824219,15.236015319824219,ok
LA_D_2986907,11.965106010437012,11.965106010437012,ok
LA_D_2986975,14.532594680786133,14.532594680786133,ok
LA_D_2987481,15.374423027038574,15.374423027038574,ok
LA_D_2987509,15.367074012756348,15.367074012756348,ok
LA_D_2989479,-15.306221961975098,-15.306221961975098,ok
LA_D_2990184,10.597896575927734,10.597896575927734,ok
LA_D_2990459,13.683667182922363,13.683667182922363,ok
LA_D_2991252,11.677655220031738,11.677655220031738,ok
LA_D_2991667,-12.884961128234863,-12.884961128234863,ok
LA_D_2993148,16.04682159423828,16.04682159423828,ok
LA_D_2993864,17.31633758544922,17.31633758544922,ok
LA_D_2996584,-13.717942237854004,-13.717942237854004,ok
LA_D_2997155,15.31432819366455,15.31432819366455,ok
LA_D_2997217,13.34751033782959,13.34751033782959,ok
LA_D_2998083,10.258585929870605,10.258585929870605,ok
LA_D_2999032,13.96142578125,13.96142578125,ok
LA_D_2999196,9.764395713806152,9.764395713806152,ok
LA_D_2999262,8.279179573059082,8.279179573059082,ok
LA_D_2999694,13.431408882141113,13.431408882141113,ok
LA_D_2999774,12.5409517288208,12.5409517288208,ok
LA_D_3003454,11.65050983428955,11.65050983428955,ok
LA_D_3004195,12.867605209350586,12.867605209350586,ok
LA_D_3004327,11.809000015258789,11.809000015258789,ok
LA_D_3004782,12.155770301818848,12.155770301818848,ok
LA_D_3004811,13.026785850524902,13.026785850524902,ok
LA_D_3004845,9.584183692932129,9.584183692932129,ok
LA_D_3005942,-14.221273422241211,-14.221273422241211,ok
LA_D_3006014,10.078795433044434,10.078795433044434,ok
LA_D_3007029,13.70932388305664,13.70932388305664,ok
LA_D_3007276,15.14858627319336,15.14858627319336,ok
LA_D_3009969,10.463790893554688,10.463790893554688,ok
LA_D_3010559,6.0254316329956055,6.0254316329956055,ok
LA_D_3010789,15.969466209411621,15.969466209411621,ok
LA_D_3012833,14.412142753601074,14.412142753601074,ok
LA_D_3013009,7.802215576171875,7.802215576171875,ok
LA_D_3014327,15.211915016174316,15.211915016174316,ok
LA_D_3014451,15.92432975769043,15.92432975769043,ok
LA_D_3015288,19.25860023498535,19.25860023498535,ok
LA_D_3015558,14.389433860778809,14.389433860778809,ok
LA_D_3015714,17.842287063598633,17.842287063598633,ok
LA_D_3015735,4.977760314941406,4.977760314941406,ok
LA_D_3017121,11.780224800109863,11.780224800109863,ok
LA_D_3018635,-13.5593900680542,-13.5593900680542,ok
LA_D_3019114,5.96712589263916,5.96712589263916,ok
LA_D_3019929,13.575422286987305,13.575422286987305,ok
LA_D_3020621,8.497551918029785,8.497551918029785,ok
LA_D_3025684,-14.515908241271973,-14.515908241271973,ok
LA_D_3027137,12.428110122680664,12.428110122680664,ok
LA_D_3027433,9.545573234558105,9.545573234558105,ok
LA_D_3029021,-15.170682907104492,-15.170682907104492,ok
LA_D_3030929,5.636380672454834,5.636380672454834,ok
LA_D_3033254,10.056988716125488,10.056988716125488,ok
LA_D_3034938,14.681034088134766,14.681034088134766,ok
LA_D_3035741,21.315309524536133,21.315309524536133,ok
LA_D_3036760,14.873957633972168,14.873957633972168,ok
LA_D_3038261,14.663627624511719,14.663627624511719,ok
LA_D_3038598,15.770400047302246,15.770400047302246,ok
LA_D_3039018,15.73776912689209,15.73776912689209,ok
LA_D_3039122,13.897921562194824,13.897921562194824,ok
LA_D_3039159,15.65529727935791,15.65529727935791,ok
LA_D_3039424,-13.229666709899902,-13.229666709899902,ok
LA_D_3040572,13.130148887634277,13.130148887634277,ok
LA_D_3040717,14.024622917175293,14.024622917175293,ok
LA_D_3043536,19.203643798828125,19.203643798828125,ok
LA_D_3044379,-13.862835884094238,-13.862835884094238,ok
LA_D_3045712,16.861623764038086,16.861623764038086,ok
LA_D_3046025,13.75816822052002,13.75816822052002,ok
LA_D_3047959,14.675515174865723,14.675515174865723,ok
LA_D_3048061,15.50564956665039,15.50564956665039,ok
LA_D_3048577,23.468942642211914,23.468942642211914,ok
LA_D_3049487,15.043730735778809,15.043730735778809,ok
LA_D_3049880,14.76708984375,14.76708984375,ok
LA_D_3049992,18.43068504333496,18.43068504333496,ok
LA_D_3050700,14.066457748413086,14.066457748413086,ok
LA_D_3051172,13.61463451385498,13.61463451385498,ok
LA_D_3051445,12.09426212310791,12.09426212310791,ok
LA_D_3051718,-13.441329002380371,-13.441329002380371,ok
LA_D_3051998,14.213250160217285,14.213250160217285,ok
LA_D_3053264,-13.82434368133545,-13.82434368133545,ok
LA_D_3053606,15.210442543029785,15.210442543029785,ok
LA_D_3054411,11.518719673156738,11.518719673156738,ok
LA_D_3054881,11.50344181060791,11.50344181060791,ok
LA_D_3055819,11.909388542175293,11.909388542175293,ok
LA_D_3056214,14.628583908081055,14.628583908081055,ok
LA_D_3057414,18.54396629333496,18.54396629333496,ok
LA_D_3057445,11.450532913208008,11.450532913208008,ok
LA_D_3057475,12.389120101928711,12.389120101928711,ok
LA_D_3057551,12.402615547180176,12.402615547180176,ok
LA_D_3057901,19.50102424621582,19.50102424621582,ok
LA_D_3059648,13.874726295471191,13.874726295471191,ok
LA_D_3060623,15.749184608459473,15.749184608459473,ok
LA_D_3061050,-12.50369930267334,-12.50369930267334,ok
LA_D_3061471,-3.049010753631592,-3.049010753631592,ok
LA_D_3062025,-13.836028099060059,-13.836028099060059,ok
LA_D_3062235,13.944539070129395,13.944539070129395,ok
LA_D_3063506,12.963500022888184,12.963500022888184,ok
LA_D_3064595,-11.871404647827148,-11.871404647827148,ok
LA_D_3065072,15.293326377868652,15.293326377868652,ok
LA_D_3065174,10.72913932800293,10.72913932800293,ok
LA_D_3065517,13.285246849060059,13.285246849060059,ok
LA_D_3067742,20.564292907714844,20.564292907714844,ok
LA_D_3068570,13.788655281066895,13.788655281066895,ok
LA_D_3068710,13.471641540527344,13.471641540527344,ok
LA_D_3069822,15.480792045593262,15.480792045593262,ok
LA_D_3070334,10.029319763183594,10.029319763183594,ok
LA_D_3072540,16.510032653808594,16.510032653808594,ok
LA_D_3074985,-6.959075450897217,-6.959075450897217,ok
LA_D_3075008,13.504501342773438,13.504501342773438,ok
LA_D_3075527,13.667218208312988,13.667218208312988,ok
LA_D_3075580,-6.217552185058594,-6.217552185058594,ok
LA_D_3077475,14.328091621398926,14.328091621398926,ok
LA_D_3078454,14.615556716918945,14.615556716918945,ok
LA_D_3078486,17.23195457458496,17.23195457458496,ok
LA_D_3079418,17.23967170715332,17.23967170715332,ok
LA_D_3080108,-14.611105918884277,-14.611105918884277,ok
LA_D_3080340,18.68154525756836,18.68154525756836,ok
LA_D_3081705,11.466753959655762,11.466753959655762,ok
LA_D_3081777,11.768867492675781,11.768867492675781,ok
LA_D_3082988,10.549722671508789,10.549722671508789,ok
LA_D_3083417,17.632295608520508,17.632295608520508,ok
LA_D_3084091,14.56651782989502,14.56651782989502,ok
LA_D_3084288,16.84800148010254,16.84800148010254,ok
LA_D_3084702,-7.767861843109131,-7.767861843109131,ok
LA_D_3085915,14.318646430969238,14.318646430969238,ok
LA_D_3087285,8.612041473388672,8.612041473388672,ok
LA_D_3087310,19.3731689453125,19.3731689453125,ok
LA_D_3087575,12.887118339538574,12.887118339538574,ok
LA_D_3087684,18.927297592163086,18.927297592163086,ok
LA_D_3087814,14.394336700439453,14.394336700439453,ok
LA_D_3088084,10.682724952697754,10.682724952697754,ok
LA_D_3089498,14.26566219329834,14.26566219329834,ok
LA_D_3090097,13.613929748535156,13.613929748535156,ok
LA_D_3090466,16.597246170043945,16.597246170043945,ok
LA_D_3090583,12.293614387512207,12.293614387512207,ok
LA_D_3092472,15.899859428405762,15.899859428405762,ok
LA_D_3092700,13.543293952941895,13.543293952941895,ok
LA_D_3092822,17.950170516967773,17.950170516967773,ok
LA_D_3093185,17.030054092407227,17.030054092407227,ok
LA_D_3093534,12.96484661102295,12.96484661102295,ok
LA_D_3094177,4.642105579376221,4.642105579376221,ok
LA_D_3094249,17.08241844177246,17.08241844177246,ok
LA_D_3094853,14.183350563049316,14.183350563049316,ok
LA_D_3094874,17.89449691772461,17.89449691772461,ok
LA_D_3097956,14.7047758102417,14.7047758102417,ok
LA_D_3098960,13.41447639465332,13.41447639465332,ok
LA_D_3100616,-15.251110076904297,-15.251110076904297,ok
LA_D_3100634,9.550179481506348,9.550179481506348,ok
LA_D_3101356,14.714287757873535,14.714287757873535,ok
LA_D_3101861,16.86644172668457,16.86644172668457,ok
LA_D_3101866,9.687810897827148,9.687810897827148,ok
LA_D_3104226,14.278326988220215,14.278326988220215,ok
LA_D_3104504,19.388547897338867,19.388547897338867,ok
LA_D_3104950,20.555110931396484,20.555110931396484,ok
LA_D_3105314,17.7048397064209,17.7048397064209,ok
LA_D_3106011,15.038385391235352,15.038385391235352,ok
LA_D_3106089,13.732597351074219,13.732597351074219,ok
LA_D_3106372,8.344645500183105,8.344645500183105,ok
LA_D_3106519,15.573783874511719,15.573783874511719,ok
LA_D_3107692,14.626044273376465,14.626044273376465,ok
LA_D_3109173,12.436148643493652,12.436148643493652,ok
LA_D_3109309,14.038122177124023,14.038122177124023,ok
LA_D_3109683,11.0072603225708,11.0072603225708,ok
LA_D_3109792,12.990849494934082,12.990849494934082,ok
LA_D_3111133,10.597846031188965,10.597846031188965,ok
LA_D_3112339,14.035276412963867,14.035276412963867,ok
LA_D_3112824,10.889697074890137,10.889697074890137,ok
LA_D_3113300,10.72421932220459,10.72421932220459,ok
LA_D_3113314,0.920356273651123,0.920356273651123,ok
LA_D_3113412,12.130431175231934,12.130431175231934,ok
LA_D_3113960,15.208954811096191,15.208954811096191,ok
LA_D_3114167,16.584760665893555,16.584760665893555,ok
LA_D_3114677,18.092206954956055,18.092206954956055,ok
LA_D_3114938,11.050366401672363,11.050366401672363,ok
LA_D_3115301,11.065999031066895,11.065999031066895,ok
LA_D_3115572,12.193625450134277,12.193625450134277,ok
LA_D_3115590,13.397089958190918,13.397089958190918,ok
LA_D_3115750,13.25212574005127,13.25212574005127,ok
LA_D_3116201,-14.35348892211914,-14.35348892211914,ok
LA_D_3116504,8.60804271697998,8.60804271697998,ok
LA_D_3116736,11.077901840209961,11.077901840209961,ok
LA_D_3117119,-13.109593391418457,-13.109593391418457,ok
LA_D_3117274,12.395256996154785,12.395256996154785,ok
LA_D_3117454,17.450410842895508,17.450410842895508,ok
LA_D_3117655,13.093123435974121,13.093123435974121,ok
LA_D_3118362,20.146631240844727,20.146631240844727,ok
LA_D_3118975,13.908429145812988,13.908429145812988,ok
LA_D_3119133,18.904020309448242,18.904020309448242,ok
LA_D_3119195,12.438387870788574,12.438387870788574,ok
LA_D_3119853,10.27049732208252,10.27049732208252,ok
LA_D_3121037,16.07533836364746,16.07533836364746,ok
LA_D_3121066,2.9563403129577637,2.9563403129577637,ok
LA_D_3122174,6.975051403045654,6.975051403045654,ok
LA_D_3122333,17.82204818725586,17.82204818725586,ok
LA_D_3122510,-15.146201133728027,-15.146201133728027,ok
LA_D_3124216,14.25760555267334,14.25760555267334,ok
LA_D_3124251,-11.520289421081543,-11.520289421081543,ok
LA_D_3124864,18.114442825317383,18.114442825317383,ok
LA_D_3126147,13.201066017150879,13.201066017150879,ok
LA_D_3128008,16.023799896240234,16.023799896240234,ok
LA_D_3128163,16.324033737182617,16.324033737182617,ok
LA_D_3129767,12.583908081054688,12.583908081054688,ok
LA_D_3129833,16.38957405090332,16.38957405090332,ok
LA_D_3129993,13.420127868652344,13.420127868652344,ok
LA_D_3130241,11.701221466064453,11.701221466064453,ok
LA_D_3130414,12.357327461242676,12.357327461242676,ok
LA_D_3130678,12.759073257446289,12.759073257446289,ok
LA_D_3131527,17.300622940063477,17.300622940063477,ok
LA_D_3132921,11.639702796936035,11.639702796936035,ok
LA_D_3133562,17.555007934570312,17.555007934570312,ok
LA_D_3134629,10.466012001037598,10.466012001037598,ok
LA_D_3135599,9.909283638000488,9.909283638000488,ok
LA_D_3135627,16.46394920349121,16.46394920349121,ok
LA_D_3135628,13.105504035949707,13.105504035949707,ok
LA_D_3136384,16.740413665771484,16.740413665771484,ok
LA_D_3138020,12.46115779876709,12.46115779876709,ok
LA_D_3138080,8.359784126281738,8.359784126281738,ok
LA_D_3139557,14.964631080627441,14.964631080627441,ok
LA_D_3140567,13.130199432373047,13.130199432373047,ok
LA_D_3141028,13.785122871398926,13.785122871398926,ok
LA_D_3142727,14.552130699157715,14.552130699157715,ok
LA_D_3143593,14.28942584991455,14.28942584991455,ok
LA_D_3144395,10.343836784362793,10.343836784362793,ok
LA_D_3144485,15.082605361938477,15.082605361938477,ok
LA_D_3144528,18.220067977905273,18.220067977905273,ok
LA_D_3144655,9.914448738098145,9.914448738098145,ok
LA_D_3145865,14.796510696411133,14.796510696411133,ok
LA_D_3146791,14.42044448852539,14.42044448852539,ok
LA_D_3148237,18.308265686035156,18.308265686035156,ok
LA_D_3149229,15.235396385192871,15.235396385192871,ok
LA_D_3150054,15.871819496154785,15.871819496154785,ok
LA_D_3150169,12.064471244812012,12.064471244812012,ok
LA_D_3150235,-12.97527027130127,-12.97527027130127,ok
LA_D_3150295,11.98041820526123,11.98041820526123,ok
LA_D_3150574,18.721818923950195,18.721818923950195,ok
LA_D_3150612,15.120311737060547,15.120311737060547,ok
LA_D_3151652,12.859639167785645,12.859639167785645,ok
LA_D_3151881,15.719409942626953,15.719409942626953,ok
LA_D_3152954,16.09079933166504,16.09079933166504,ok
LA_D_3153050,8.914435386657715,8.914435386657715,ok
LA_D_3153699,15.095597267150879,15.095597267150879,ok
LA_D_3154368,-13.64335823059082,-13.64335823059082,ok
LA_D_3154837,15.246832847595215,15.246832847595215,ok
LA_D_3157175,20.08612823486328,20.08612823486328,ok
LA_D_3158494,8.34763240814209,8.34763240814209,ok
LA_D_3158600,13.45589542388916,13.45589542388916,ok
LA_D_3158608,14.551146507263184,14.551146507263184,ok
LA_D_3158956,13.05439567565918,13.05439567565918,ok
LA_D_3159204,16.142484664916992,16.142484664916992,ok
LA_D_3162269,14.927773475646973,14.927773475646973,ok
LA_D_3162441,17.46334457397461,17.46334457397461,ok
LA_D_3163081,14.774965286254883,14.774965286254883,ok
LA_D_3163255,-12.0419340133667,-12.0419340133667,ok
LA_D_3163751,17.311674118041992,17.311674118041992,ok
LA_D_3164806,14.198716163635254,14.198716163635254,ok
LA_D_3165659,10.787373542785645,10.787373542785645,ok
LA_D_3169361,20.198286056518555,20.198286056518555,ok
LA_D_3169410,-12.411603927612305,-12.411603927612305,ok
LA_D_3169991,17.031522750854492,17.031522750854492,ok
LA_D_3170323,1.6769570112228394,1.6769570112228394,ok
LA_D_3170420,-14.11894702911377,-14.11894702911377,ok
LA_D_3171047,2.6933364868164062,2.6933364868164062,ok
LA_D_3171199,9.713740348815918,9.713740348815918,ok
LA_D_3171725,16.258310317993164,16.258310317993164,ok
LA_D_3173565,17.82133674621582,17.82133674621582,ok
LA_D_3174145,6.6464152336120605,6.6464152336120605,ok
LA_D_3174960,12.058362007141113,12.058362007141113,ok
LA_D_3174998,-8.960550308227539,-8.960550308227539,ok
LA_D_3176069,12.53218936920166,12.53218936920166,ok
LA_D_3176378,9.224875450134277,9.224875450134277,ok
LA_D_3176946,18.001953125,18.001953125,ok
LA_D_3176978,13.805865287780762,13.805865287780762,ok
LA_D_3177701,11.51469898223877,11.51469898223877,ok
LA_D_3177863,16.799413681030273,16.799413681030273,ok
LA_D_3178726,12.034781455993652,12.034781455993652,ok
LA_D_3179260,15.008467674255371,15.008467674255371,ok
LA_D_3179309,16.474618911743164,16.474618911743164,ok
LA_D_3179337,15.111954689025879,15.111954689025879,ok
LA_D_3179951,12.95042896270752,12.95042896270752,ok
LA_D_3180081,13.639636039733887,13.639636039733887,ok
LA_D_3180411,15.029226303100586,15.029226303100586,ok
LA_D_3182064,9.590576171875,9.590576171875,ok
LA_D_3183800,11.770451545715332,11.770451545715332,ok
LA_D_3184170,12.975290298461914,12.975290298461914,ok
LA_D_3184245,19.125410079956055,19.125410079956055,ok
LA_D_3184350,10.708966255187988,10.708966255187988,ok
LA_D_3184698,16.31084632873535,16.31084632873535,ok
LA_D_3186042,7.66368293762207,7.66368293762207,ok
LA_D_3186776,16.617027282714844,16.617027282714844,ok
LA_D_3187395,11.407496452331543,11.407496452331543,ok
LA_D_3188234,13.5689058303833,13.5689058303833,ok
LA_D_3189890,15.177462577819824,15.177462577819824,ok
LA_D_3192629,14.272149085998535,14.272149085998535,ok
LA_D_3193424,17.858930587768555,17.858930587768555,ok
LA_D_3194286,-9.97298526763916,-9.97298526763916,ok
LA_D_3194587,18.1882266998291,18.1882266998291,ok
LA_D_3195295,15.825840950012207,15.825840950012207,ok
LA_D_3195614,22.042940139770508,22.042940139770508,ok
LA_D_3197490,13.318744659423828,13.318744659423828,ok
LA_D_3197569,12.429073333740234,12.429073333740234,ok
LA_D_3197572,16.41455841064453,16.41455841064453,ok
LA_D_3197929,15.778607368469238,15.778607368469238,ok
LA_D_3198087,-15.05440616607666,-15.05440616607666,ok
LA_D_3198381,13.937100410461426,13.937100410461426,ok
LA_D_3198699,14.737466812133789,14.737466812133789,ok
LA_D_3199021,16.069808959960938,16.069808959960938,ok
LA_D_3199741,11.77465534210205,11.77465534210205,ok
LA_D_3200206,16.209516525268555,16.209516525268555,ok
LA_D_3200727,19.78618049621582,19.78618049621582,ok
LA_D_3203561,17.19443130493164,17.19443130493164,ok
LA_D_3204150,9.792317390441895,9.792317390441895,ok
LA_D_3204366,11.113499641418457,11.113499641418457,ok
LA_D_3205024,7.924135684967041,7.924135684967041,ok
LA_D_3205671,-13.779243469238281,-13.779243469238281,ok
LA_D_3207501,16.58678436279297,16.58678436279297,ok
LA_D_3207833,15.331998825073242,15.331998825073242,ok
LA_D_3210739,-8.009425163269043,-8.009425163269043,ok
LA_D_3211269,14.378405570983887,14.378405570983887,ok
LA_D_3211293,18.55316925048828,18.55316925048828,ok
LA_D_3211435,-15.88626766204834,-15.88626766204834,ok
LA_D_3211572,16.528812408447266,16.528812408447266,ok
LA_D_3212454,13.142340660095215,13.142340660095215,ok
LA_D_3213386,14.063565254211426,14.063565254211426,ok
LA_D_3213920,18.20473289489746,18.20473289489746,ok
LA_D_3215318,12.182295799255371,12.182295799255371,ok
LA_D_3217329,13.786015510559082,13.786015510559082,ok
LA_D_3217409,16.238126754760742,16.238126754760742,ok
LA_D_3220081,12.950577735900879,12.950577735900879,ok
LA_D_3220337,15.236536979675293,15.236536979675293,ok
LA_D_3222129,16.40272331237793,16.40272331237793,ok
LA_D_3224671,-13.89778995513916,-13.89778995513916,ok
LA_D_3224812,9.434110641479492,9.434110641479492,ok
LA_D_3225529,13.793946266174316,13.793946266174316,ok
LA_D_3226074,14.649916648864746,14.649916648864746,ok
LA_D_3226693,15.588944435119629,15.588944435119629,ok
LA_D_3227446,16.62297248840332,16.62297248840332,ok
LA_D_3228132,20.131990432739258,20.131990432739258,ok
LA_D_3228176,10.927287101745605,10.927287101745605,ok
LA_D_3229118,13.782562255859375,13.782562255859375,ok
LA_D_3229215,-11.565974235534668,-11.565974235534668,ok
LA_D_3229435,13.934874534606934,13.934874534606934,ok
LA_D_3230643,17.92600440979004,17.92600440979004,ok
LA_D_3230806,15.57312297821045,15.57312297821045,ok
LA_D_3230838,15.124695777893066,15.124695777893066,ok
LA_D_3231093,16.34527587890625,16.34527587890625,ok
LA_D_3232132,5.9897308349609375,5.9897308349609375,ok
LA_D_3232533,10.625996589660645,10.625996589660645,ok
LA_D_3233282,17.58753776550293,17.58753776550293,ok
LA_D_3233966,-14.30686092376709,-14.30686092376709,ok
LA_D_3239072,14.0720796585083,14.0720796585083,ok
LA_D_3241180,13.039978981018066,13.039978981018066,ok
LA_D_3242114,8.8954496383667,8.8954496383667,ok
LA_D_3242439,10.261722564697266,10.261722564697266,ok
LA_D_3242739,12.918976783752441,12.918976783752441,ok
LA_D_3243106,12.110745429992676,12.110745429992676,ok
LA_D_3243854,16.738040924072266,16.738040924072266,ok
LA_D_3244196,12.266345024108887,12.266345024108887,ok
LA_D_3244618,17.12696647644043,17.12696647644043,ok
LA_D_3244699,12.958209037780762,12.958209037780762,ok
LA_D_3245031,13.464859962463379,13.464859962463379,ok
LA_D_3246218,11.19905948638916,11.19905948638916,ok
LA_D_3247685,-13.629467964172363,-13.629467964172363,ok
LA_D_3248074,10.058459281921387,10.058459281921387,ok
LA_D_3248256,15.718634605407715,15.718634605407715,ok
LA_D_3248319,10.702303886413574,10.702303886413574,ok
LA_D_3248547,18.0803279876709,18.0803279876709,ok
LA_D_3249077,15.416884422302246,15.416884422302246,ok
LA_D_3249552,-12.522926330566406,-12.522926330566406,ok
LA_D_3250253,-14.570660591125488,-14.570660591125488,ok
LA_D_3250407,17.62326431274414,17.62326431274414,ok
LA_D_3250607,15.122800827026367,15.122800827026367,ok
LA_D_3250830,-14.448983192443848,-14.448983192443848,ok
LA_D_3251058,-16.862642288208008,-16.862642288208008,ok
LA_D_3251211,12.1864013671875,12.1864013671875,ok
LA_D_3251300,16.352441787719727,16.352441787719727,ok
LA_D_3253942,-12.185689926147461,-12.185689926147461,ok
LA_D_3254201,9.561227798461914,9.561227798461914,ok
LA_D_3255096,9.384708404541016,9.384708404541016,ok
LA_D_3255789,0.9330589175224304,0.9330589175224304,ok
LA_D_3256090,7.103257179260254,7.103257179260254,ok
LA_D_3256092,11.959555625915527,11.959555625915527,ok
LA_D_3257808,7.376070499420166,7.376070499420166,ok
LA_D_3258000,13.595088005065918,13.595088005065918,ok
LA_D_3258501,-13.38880729675293,-13.38880729675293,ok
LA_D_3259137,17.435380935668945,17.435380935668945,ok
LA_D_3260123,14.8849515914917,14.8849515914917,ok
LA_D_3260640,14.352436065673828,14.352436065673828,ok
LA_D_3260902,13.09570598602295,13.09570598602295,ok
LA_D_3261219,14.738117218017578,14.738117218017578,ok
LA_D_3262859,-9.897086143493652,-9.897086143493652,ok
LA_D_3263334,17.852096557617188,17.852096557617188,ok
LA_D_3263579,13.905940055847168,13.905940055847168,ok
LA_D_3264696,-12.970155715942383,-12.970155715942383,ok
LA_D_3266246,12.504805564880371,12.504805564880371,ok
LA_D_3266553,13.327643394470215,13.327643394470215,ok
LA_D_3268836,-10.271964073181152,-10.271964073181152,ok
LA_D_3269593,17.25297737121582,17.25297737121582,ok
LA_D_3273302,17.743703842163086,17.743703842163086,ok
LA_D_3273842,13.032696723937988,13.032696723937988,ok
LA_D_3274531,-15.684897422790527,-15.684897422790527,ok
LA_D_3274635,10.112616539001465,10.112616539001465,ok
LA_D_3275794,18.363014221191406,18.363014221191406,ok
LA_D_3276030,23.526124954223633,23.526124954223633,ok
LA_D_3276105,13.317219734191895,13.317219734191895,ok
LA_D_3276721,8.597514152526855,8.597514152526855,ok
LA_D_3278230,14.794261932373047,14.794261932373047,ok
LA_D_3280853,-13.950818061828613,-13.950818061828613,ok
LA_D_3281386,8.244224548339844,8.244224548339844,ok
LA_D_3282066,18.30507469177246,18.30507469177246,ok
LA_D_3282769,13.327683448791504,13.327683448791504,ok
LA_D_3283074,12.813612937927246,12.813612937927246,ok
LA_D_3284727,14.822720527648926,14.822720527648926,ok
LA_D_3284907,15.462625503540039,15.462625503540039,ok
LA_D_3285424,15.692864418029785,15.692864418029785,ok
LA_D_3285435,14.515881538391113,14.515881538391113,ok
LA_D_3286040,12.333649635314941,12.333649635314941,ok
LA_D_3287162,17.811819076538086,17.811819076538086,ok
LA_D_3290566,10.56192684173584,10.56192684173584,ok
LA_D_3292062,15.715632438659668,15.715632438659668,ok
LA_D_3292105,12.87012767791748,12.87012767791748,ok
LA_D_3292767,11.124428749084473,11.124428749084473,ok
LA_D_3294853,16.710084915161133,16.710084915161133,ok
LA_D_3294977,14.540324211120605,14.540324211120605,ok
LA_D_3295441,12.391213417053223,12.391213417053223,ok
LA_D_3295650,10.01163101196289,10.01163101196289,ok
LA_D_3298952,16.918825149536133,16.918825149536133,ok
LA_D_3301231,15.368544578552246,15.368544578552246,ok
LA_D_3301577,15.116519927978516,15.116519927978516,ok
LA_D_3302549,15.073187828063965,15.073187828063965,ok
LA_D_3303443,14.567355155944824,14.567355155944824,ok
LA_D_3305146,19.769947052001953,19.769947052001953,ok
LA_D_3305165,12.580471992492676,12.580471992492676,ok
LA_D_3306187,-13.666998863220215,-13.666998863220215,ok
LA_D_3307235,14.323363304138184,14.323363304138184,ok
LA_D_3307287,12.2639741897583,12.2639741897583,ok
LA_D_3307902,11.841408729553223,11.841408729553223,ok
LA_D_3309731,16.186769485473633,16.186769485473633,ok
LA_D_3310507,17.35106086730957,17.35106086730957,ok
LA_D_3312475,-14.983057975769043,-14.983057975769043,ok
LA_D_3312747,12.882122993469238,12.882122993469238,ok
LA_D_3313031,15.221489906311035,15.221489906311035,ok
LA_D_3313241,7.83759880065918,7.83759880065918,ok
LA_D_3313354,15.219891548156738,15.219891548156738,ok
LA_D_3313777,13.176907539367676,13.176907539367676,ok
LA_D_3314744,6.402127742767334,6.402127742767334,ok
LA_D_3317337,9.402076721191406,9.402076721191406,ok
LA_D_3317920,12.593138694763184,12.593138694763184,ok
LA_D_3318711,14.211146354675293,14.211146354675293,ok
LA_D_3319355,13.602112770080566,13.602112770080566,ok
LA_D_3319403,13.208687782287598,13.208687782287598,ok
LA_D_3320713,17.975515365600586,17.975515365600586,ok
LA_D_3321986,13.9852933883667,13.9852933883667,ok
LA_D_3323539,-12.245444297790527,-12.245444297790527,ok
LA_D_3325540,14.666769027709961,14.666769027709961,ok
LA_D_3325797,18.820772171020508,18.820772171020508,ok
LA_D_3325936,10.498703956604004,10.498703956604004,ok
LA_D_3327924,-15.049229621887207,-15.049229621887207,ok
LA_D_3329701,-12.27087116241455,-12.27087116241455,ok
LA_D_3329999,13.808533668518066,13.808533668518066,ok
LA_D_3331368,16.32145118713379,16.32145118713379,ok
LA_D_3331528,14.473251342773438,14.473251342773438,ok
LA_D_3331849,13.867744445800781,13.867744445800781,ok
LA_D_3332845,13.183287620544434,13.183287620544434,ok
LA_D_3333324,13.598586082458496,13.598586082458496,ok
LA_D_3334659,15.468487739562988,15.468487739562988,ok
LA_D_3334928,16.38346290588379,16.38346290588379,ok
LA_D_3335716,13.742866516113281,13.742866516113281,ok
LA_D_3336031,11.13985538482666,11.13985538482666,ok
LA_D_3336827,14.685996055603027,14.685996055603027,ok
LA_D_3337239,11.708481788635254,11.708481788635254,ok
LA_D_3337611,16.680927276611328,16.680927276611328,ok
LA_D_3339394,15.428393363952637,15.428393363952637,ok
LA_D_3341294,12.530926704406738,12.530926704406738,ok
LA_D_3341814,12.634322166442871,12.634322166442871,ok
LA_D_3342069,12.523734092712402,12.523734092712402,ok
LA_D_3342452,-6.554612636566162,-6.554612636566162,ok
LA_D_3342664,15.94497013092041,15.94497013092041,ok
LA_D_3346281,17.07082176208496,17.07082176208496,ok
LA_D_3346891,14.29969310760498,14.29969310760498,ok
LA_D_3347156,13.244168281555176,13.244168281555176,ok
LA_D_3347716,9.64462947845459,9.64462947845459,ok
LA_D_3347861,13.198738098144531,13.198738098144531,ok
LA_D_3348941,-13.549050331115723,-13.549050331115723,ok
LA_D_3349453,8.309637069702148,8.309637069702148,ok
LA_D_3349461,9.659818649291992,9.659818649291992,ok
LA_D_3349542,11.933349609375,11.933349609375,ok
LA_D_3350240,4.890585422515869,4.890585422515869,ok
LA_D_3352586,12.369102478027344,12.369102478027344,ok
LA_D_3353739,19.49400520324707,19.49400520324707,ok
LA_D_3353973,18.469966888427734,18.469966888427734,ok
LA_D_3354359,12.185530662536621,12.185530662536621,ok
LA_D_3355874,15.66303539276123,15.66303539276123,ok
LA_D_3356308,15.358688354492188,15.358688354492188,ok
LA_D_3357328,16.32644271850586,16.32644271850586,ok
LA_D_3359713,8.5228853225708,8.5228853225708,ok
LA_D_3360066,13.513199806213379,13.513199806213379,ok
LA_D_3364219,11.538920402526855,11.538920402526855,ok
LA_D_3367868,19.367700576782227,19.367700576782227,ok
LA_D_3368030,12.764437675476074,12.764437675476074,ok
LA_D_3368444,16.372438430786133,16.372438430786133,ok
LA_D_3369365,13.162226676940918,13.162226676940918,ok
LA_D_3371337,15.512420654296875,15.512420654296875,ok
LA_D_3373017,-12.631026268005371,-12.631026268005371,ok
LA_D_3373431,-14.292576789855957,-14.292576789855957,ok
LA_D_3373606,16.36177635192871,16.36177635192871,ok
LA_D_3373830,17.069271087646484,17.069271087646484,ok
LA_D_3374460,12.682394981384277,12.682394981384277,ok
LA_D_3374782,16.068653106689453,16.068653106689453,ok
LA_D_3375546,8.835034370422363,8.835034370422363,ok
LA_D_3375685,8.653521537780762,8.653521537780762,ok
LA_D_3375994,13.11666202545166,13.11666202545166,ok
LA_D_3376676,15.538454055786133,15.538454055786133,ok
LA_D_3376846,17.43235206604004,17.43235206604004,ok
LA_D_3376856,17.763813018798828,17.763813018798828,ok
LA_D_3377038,21.583358764648438,21.583358764648438,ok
LA_D_3377698,-11.271132469177246,-11.271132469177246,ok
LA_D_3378402,9.409737586975098,9.409737586975098,ok
LA_D_3378615,10.710803031921387,10.710803031921387,ok
LA_D_3379000,11.4120454788208,11.4120454788208,ok
LA_D_3379127,15.863519668579102,15.863519668579102,ok
LA_D_3379278,17.4561767578125,17.4561767578125,ok
LA_D_3380409,17.73416519165039,17.73416519165039,ok
LA_D_3381862,14.423667907714844,14.423667907714844,ok
LA_D_3383046,14.651542663574219,14.651542663574219,ok
LA_D_3383198,-10.610825538635254,-10.610825538635254,ok
LA_D_3384993,11.409750938415527,11.409750938415527,ok
LA_D_3386014,11.437758445739746,11.437758445739746,ok
LA_D_3386727,18.485750198364258,18.485750198364258,ok
LA_D_3387666,15.491047859191895,15.491047859191895,ok
LA_D_3387918,14.05189037322998,14.05189037322998,ok
LA_D_3387937,12.563300132751465,12.563300132751465,ok
LA_D_3387945,13.260293960571289,13.260293960571289,ok
LA_D_3389603,12.853493690490723,12.853493690490723,ok
LA_D_3389737,-15.190999031066895,-15.190999031066895,ok
LA_D_3392617,13.301289558410645,13.301289558410645,ok
LA_D_3392778,10.561434745788574,10.561434745788574,ok
LA_D_3393465,15.210906028747559,15.210906028747559,ok
LA_D_3395278,13.045392036437988,13.045392036437988,ok
LA_D_3395368,18.08336639404297,18.08336639404297,ok
LA_D_3397208,-14.96033000946045,-14.96033000946045,ok
LA_D_3398271,13.786920547485352,13.786920547485352,ok
LA_D_3398607,11.51783275604248,11.51783275604248,ok
LA_D_3399535,13.626690864562988,13.626690864562988,ok
LA_D_3399790,-12.305699348449707,-12.305699348449707,ok
LA_D_3399798,6.668105602264404,6.668105602264404,ok
LA_D_3401079,20.49677085876465,20.49677085876465,ok
LA_D_3401398,17.192411422729492,17.192411422729492,ok
LA_D_3402273,14.198418617248535,14.198418617248535,ok
LA_D_3404722,13.600953102111816,13.600953102111816,ok
LA_D_3405582,10.387377738952637,10.387377738952637,ok
LA_D_3405832,-13.71306324005127,-13.71306324005127,ok
LA_D_3406247,-13.383341789245605,-13.383341789245605,ok
LA_D_3408202,19.466978073120117,19.466978073120117,ok
LA_D_3409145,-13.601615905761719,-13.601615905761719,ok
LA_D_3409583,16.939476013183594,16.939476013183594,ok
LA_D_3410467,14.472289085388184,14.472289085388184,ok
LA_D_3410479,-13.756014823913574,-13.756014823913574,ok
LA_D_3410619,10.604964256286621,10.604964256286621,ok
LA_D_3411132,11.80876350402832,11.80876350402832,ok
LA_D_3411825,12.83121395111084,12.83121395111084,ok
LA_D_3412324,15.26329517364502,15.26329517364502,ok
LA_D_3412330,14.507197380065918,14.507197380065918,ok
LA_D_3412517,16.160005569458008,16.160005569458008,ok
LA_D_3412736,16.302310943603516,16.302310943603516,ok
LA_D_3413740,15.568150520324707,15.568150520324707,ok
LA_D_3413905,16.123483657836914,16.123483657836914,ok
LA_D_3413908,15.929933547973633,15.929933547973633,ok
LA_D_3415474,12.734902381896973,12.734902381896973,ok
LA_D_3415789,15.850907325744629,15.850907325744629,ok
LA_D_3416276,4.280904293060303,4.280904293060303,ok
LA_D_3416456,13.114219665527344,13.114219665527344,ok
LA_D_3416535,11.696565628051758,11.696565628051758,ok
LA_D_3416825,5.190852642059326,5.190852642059326,ok
LA_D_3416934,16.937040328979492,16.937040328979492,ok
LA_D_3416978,16.368288040161133,16.368288040161133,ok
LA_D_3417657,14.462258338928223,14.462258338928223,ok
LA_D_3418140,18.683862686157227,18.683862686157227,ok
LA_D_3418220,14.851557731628418,14.851557731628418,ok
LA_D_3418840,10.283650398254395,10.283650398254395,ok
LA_D_3419658,14.381265640258789,14.381265640258789,ok
LA_D_3420388,17.57444190979004,17.57444190979004,ok
LA_D_3421085,16.48764991760254,16.48764991760254,ok
LA_D_3421613,16.146947860717773,16.146947860717773,ok
LA_D_3422355,15.28699779510498,15.28699779510498,ok
LA_D_3423664,19.89584732055664,19.89584732055664,ok
LA_D_3424068,9.119707107543945,9.119707107543945,ok
LA_D_3424949,12.789924621582031,12.789924621582031,ok
LA_D_3425507,12.292386054992676,12.292386054992676,ok
LA_D_3425732,14.067413330078125,14.067413330078125,ok
LA_D_3425851,15.296735763549805,15.296735763549805,ok
LA_D_3425869,12.351909637451172,12.351909637451172,ok
LA_D_3425893,9.908278465270996,9.908278465270996,ok
LA_D_3426729,15.405390739440918,15.405390739440918,ok
LA_D_3427278,18.050373077392578,18.050373077392578,ok
LA_D_3427328,18.99203872680664,18.99203872680664,ok
LA_D_3428449,11.743403434753418,11.743403434753418,ok
LA_D_3429746,10.255179405212402,10.255179405212402,ok
LA_D_3430397,11.989888191223145,11.989888191223145,ok
LA_D_3430677,18.14314079284668,18.14314079284668,ok
LA_D_3431144,15.577078819274902,15.577078819274902,ok
LA_D_3431472,12.465582847595215,12.465582847595215,ok
LA_D_3432100,13.737845420837402,13.737845420837402,ok
LA_D_3432834,18.80304527282715,18.80304527282715,ok
LA_D_3434212,13.204910278320312,13.204910278320312,ok
LA_D_3434819,15.035832405090332,15.035832405090332,ok
LA_D_3434821,10.465546607971191,10.465546607971191,ok
LA_D_3435616,14.02320671081543,14.02320671081543,ok
LA_D_3435721,20.776968002319336,20.776968002319336,ok
LA_D_3435784,16.038373947143555,16.038373947143555,ok
LA_D_3435957,15.35956859588623,15.35956859588623,ok
LA_D_3436742,16.005474090576172,16.005474090576172,ok
LA_D_3436779,24.258325576782227,24.258325576782227,ok
LA_D_3438062,12.023070335388184,12.023070335388184,ok
LA_D_3438542,9.27355670928955,9.27355670928955,ok
LA_D_3440131,-12.915751457214355,-12.915751457214355,ok
LA_D_3440449,8.365200996398926,8.365200996398926,ok
LA_D_3440841,15.410405158996582,15.410405158996582,ok
LA_D_3441226,13.192464828491211,13.192464828491211,ok
LA_D_3441390,16.473669052124023,16.473669052124023,ok
LA_D_3441965,4.005041122436523,4.005041122436523,ok
LA_D_3442349,16.283655166625977,16.283655166625977,ok
LA_D_3443299,16.561399459838867,16.561399459838867,ok
LA_D_3443410,14.091633796691895,14.091633796691895,ok
LA_D_3443703,-14.635358810424805,-14.635358810424805,ok
LA_D_3444541,-13.986231803894043,-13.986231803894043,ok
LA_D_3444944,12.65080738067627,12.65080738067627,ok
LA_D_3445488,14.333330154418945,14.333330154418945,ok
LA_D_3445715,14.985672950744629,14.985672950744629,ok
LA_D_3446159,10.45940113067627,10.45940113067627,ok
LA_D_3446645,18.187456130981445,18.187456130981445,ok
LA_D_3448069,13.695712089538574,13.695712089538574,ok
LA_D_3449059,15.57583999633789,15.57583999633789,ok
LA_D_3449675,16.750816345214844,16.750816345214844,ok
LA_D_3449692,15.726716041564941,15.726716041564941,ok
LA_D_3450019,16.793912887573242,16.793912887573242,ok
LA_D_3450749,16.032541275024414,16.032541275024414,ok
LA_D_3451581,9.360397338867188,9.360397338867188,ok
LA_D_3452933,11.30302906036377,11.30302906036377,ok
LA_D_3453232,12.052409172058105,12.052409172058105,ok
LA_D_3457024,12.194628715515137,12.194628715515137,ok
LA_D_3457581,16.81404685974121,16.81404685974121,ok
LA_D_3457616,14.795727729797363,14.795727729797363,ok
LA_D_3459378,14.08821964263916,14.08821964263916,ok
LA_D_3460862,15.267367362976074,15.267367362976074,ok
LA_D_3461793,14.966731071472168,14.966731071472168,ok
LA_D_3461825,24.718175888061523,24.718175888061523,ok
LA_D_3461953,10.297005653381348,10.297005653381348,ok
LA_D_3464373,12.76854419708252,12.76854419708252,ok
LA_D_3465485,15.541841506958008,15.541841506958008,ok
LA_D_3465878,14.325396537780762,14.325396537780762,ok
LA_D_3466785,9.398648262023926,9.398648262023926,ok
LA_D_3467346,-14.233668327331543,-14.233668327331543,ok
LA_D_3467485,-12.83290958404541,-12.83290958404541,ok
LA_D_3468243,17.656545639038086,17.656545639038086,ok
LA_D_3468801,13.584458351135254,13.584458351135254,ok
LA_D_3469008,17.814556121826172,17.814556121826172,ok
LA_D_3470313,16.316869735717773,16.316869735717773,ok
LA_D_3470341,14.147786140441895,14.147786140441895,ok
LA_D_3472117,11.577071189880371,11.577071189880371,ok
LA_D_3472699,11.63375473022461,11.63375473022461,ok
LA_D_3472855,17.486942291259766,17.486942291259766,ok
LA_D_3473674,17.293933868408203,17.293933868408203,ok
LA_D_3474604,18.5007266998291,18.5007266998291,ok
LA_D_3475865,-14.113598823547363,-14.113598823547363,ok
LA_D_3476544,-9.958139419555664,-9.958139419555664,ok
LA_D_3476552,11.986454963684082,11.986454963684082,ok
LA_D_3476775,15.008709907531738,15.008709907531738,ok
LA_D_3476956,-13.460610389709473,-13.460610389709473,ok
LA_D_3477279,15.238344192504883,15.238344192504883,ok
LA_D_3478144,16.614782333374023,16.614782333374023,ok
LA_D_3479801,-15.228608131408691,-15.228608131408691,ok
LA_D_3481053,11.7283935546875,11.7283935546875,ok
LA_D_3481326,14.72536849975586,14.72536849975586,ok
LA_D_3481855,7.915861129760742,7.915861129760742,ok
LA_D_3481947,12.41439151763916,12.41439151763916,ok
LA_D_3482541,10.644246101379395,10.644246101379395,ok
LA_D_3482661,-11.909520149230957,-11.909520149230957,ok
LA_D_3483451,-14.557576179504395,-14.557576179504395,ok
LA_D_3484658,14.551172256469727,14.551172256469727,ok
LA_D_3485246,12.23786449432373,12.23786449432373,ok
LA_D_3486393,14.126612663269043,14.126612663269043,ok
LA_D_3487340,14.364789009094238,14.364789009094238,ok
LA_D_3490249,12.129237174987793,12.129237174987793,ok
LA_D_3490654,18.148778915405273,18.148778915405273,ok
LA_D_3492096,14.556355476379395,14.556355476379395,ok
LA_D_3492327,24.118314743041992,24.118314743041992,ok
LA_D_3494648,1.756597876548767,1.756597876548767,ok
LA_D_3495106,14.331064224243164,14.331064224243164,ok
LA_D_3495418,11.075005531311035,11.075005531311035,ok
LA_D_3495463,11.29242992401123,11.29242992401123,ok
LA_D_3495466,19.073959350585938,19.073959350585938,ok
LA_D_3495492,15.14562702178955,15.14562702178955,ok
LA_D_3495507,12.229327201843262,12.229327201843262,ok
LA_D_3496116,13.769866943359375,13.769866943359375,ok
LA_D_3496241,7.227926254272461,7.227926254272461,ok
LA_D_3496584,19.137187957763672,19.137187957763672,ok
LA_D_3496658,16.253637313842773,16.253637313842773,ok
LA_D_3497818,9.98388671875,9.98388671875,ok
LA_D_3497883,12.620354652404785,12.620354652404785,ok
LA_D_3498197,17.429569244384766,17.429569244384766,ok
LA_D_3498834,11.676941871643066,11.676941871643066,ok
LA_D_3499835,9.73993968963623,9.73993968963623,ok
LA_D_3499981,12.198307991027832,12.198307991027832,ok
LA_D_3501342,9.753539085388184,9.753539085388184,ok
LA_D_3504200,8.828461647033691,8.828461647033691,ok
LA_D_3504984,14.429710388183594,14.429710388183594,ok
LA_D_3506531,15.941221237182617,15.941221237182617,ok
LA_D_3506569,16.837759017944336,16.837759017944336,ok
LA_D_3507662,13.049052238464355,13.049052238464355,ok
LA_D_3507835,9.136612892150879,9.136612892150879,ok
LA_D_3508441,14.04254150390625,14.04254150390625,ok
LA_D_3508879,7.765581130981445,7.765581130981445,ok
LA_D_3509644,15.706435203552246,15.706435203552246,ok
LA_D_3510395,14.19944953918457,14.19944953918457,ok
LA_D_3510615,16.470945358276367,16.470945358276367,ok
LA_D_3512251,9.617318153381348,9.617318153381348,ok
LA_D_3512316,16.10735511779785,16.10735511779785,ok
LA_D_3512336,16.234819412231445,16.234819412231445,ok
LA_D_3512887,13.578999519348145,13.578999519348145,ok
LA_D_3513335,-15.305070877075195,-15.305070877075195,ok
LA_D_3514242,-14.605268478393555,-14.605268478393555,ok
LA_D_3514513,12.18431568145752,12.18431568145752,ok
LA_D_3515006,16.159881591796875,16.159881591796875,ok
LA_D_3517587,15.622573852539062,15.622573852539062,ok
LA_D_3519840,-15.601582527160645,-15.601582527160645,ok
LA_D_3522779,14.536540031433105,14.536540031433105,ok
LA_D_3522934,17.394428253173828,17.394428253173828,ok
LA_D_3523121,12.1198148727417,12.1198148727417,ok
LA_D_3523213,14.867231369018555,14.867231369018555,ok
LA_D_3524386,12.176603317260742,12.176603317260742,ok
LA_D_3525708,13.209450721740723,13.209450721740723,ok
LA_D_3526413,-12.517403602600098,-12.517403602600098,ok
LA_D_3526562,17.942724227905273,17.942724227905273,ok
LA_D_3527270,14.906872749328613,14.906872749328613,ok
LA_D_3527786,13.491475105285645,13.491475105285645,ok
LA_D_3529126,13.98762035369873,13.98762035369873,ok
LA_D_3529673,14.327718734741211,14.327718734741211,ok
LA_D_3533142,7.532589912414551,7.532589912414551,ok
LA_D_3533489,14.30808162689209,14.30808162689209,ok
LA_D_3533916,10.143171310424805,10.143171310424805,ok
LA_D_3534463,20.297163009643555,20.297163009643555,ok
LA_D_3534602,10.022459030151367,10.022459030151367,ok
LA_D_3536394,3.6110920906066895,3.6110920906066895,ok
LA_D_3536487,12.78062915802002,12.78062915802002,ok
LA_D_3538356,10.764704704284668,10.764704704284668,ok
LA_D_3538677,17.027650833129883,17.027650833129883,ok
LA_D_3539484,12.212447166442871,12.212447166442871,ok
LA_D_3539811,15.057859420776367,15.057859420776367,ok
LA_D_3539892,15.203701972961426,15.203701972961426,ok
LA_D_3542619,-14.100024223327637,-14.100024223327637,ok
LA_D_3543093,15.48930835723877,15.48930835723877,ok
LA_D_3544844,15.287883758544922,15.287883758544922,ok
LA_D_3545477,10.068245887756348,10.068245887756348,ok
LA_D_3545859,14.65827465057373,14.65827465057373,ok
LA_D_3546305,9.474358558654785,9.474358558654785,ok
LA_D_3547035,-11.174631118774414,-11.174631118774414,ok
LA_D_3547584,19.750947952270508,19.750947952270508,ok
LA_D_3548300,14.68698787689209,14.68698787689209,ok
LA_D_3548515,-13.686641693115234,-13.686641693115234,ok
LA_D_3548689,14.262517929077148,14.262517929077148,ok
LA_D_3549897,13.175942420959473,13.175942420959473,ok
LA_D_3551244,12.309040069580078,12.309040069580078,ok
LA_D_3552234,15.70972728729248,15.70972728729248,ok
LA_D_3552805,5.503302574157715,5.503302574157715,ok
LA_D_3553006,14.003987312316895,14.003987312316895,ok
LA_D_3553429,14.120844841003418,14.120844841003418,ok
LA_D_3553483,14.78864574432373,14.78864574432373,ok
LA_D_3553967,18.21002769470215,18.21002769470215,ok
LA_D_3554651,12.324481964111328,12.324481964111328,ok
LA_D_3554660,20.792505264282227,20.792505264282227,ok
LA_D_3555076,16.70686912536621,16.70686912536621,ok
LA_D_3555349,11.801213264465332,11.801213264465332,ok
LA_D_3555723,15.883237838745117,15.883237838745117,ok
LA_D_3555810,9.34131145477295,9.34131145477295,ok
LA_D_3556001,14.793411254882812,14.793411254882812,ok
LA_D_3556561,15.60837459564209,15.60837459564209,ok
LA_D_3559270,-14.881351470947266,-14.881351470947266,ok
LA_D_3561784,13.833333969116211,13.833333969116211,ok
LA_D_3562009,14.232420921325684,14.232420921325684,ok
LA_D_3564164,-14.504953384399414,-14.504953384399414,ok
LA_D_3565165,28.883167266845703,28.883167266845703,ok
LA_D_3565303,18.610776901245117,18.610776901245117,ok
LA_D_3567404,15.405643463134766,15.405643463134766,ok
LA_D_3567520,16.664445877075195,16.664445877075195,ok
LA_D_3569726,16.86170196533203,16.86170196533203,ok
LA_D_3569824,-10.891914367675781,-10.891914367675781,ok
LA_D_3569855,17.613245010375977,17.613245010375977,ok
LA_D_3570749,-16.218778610229492,-16.218778610229492,ok
LA_D_3571070,16.45200538635254,16.45200538635254,ok
LA_D_3571216,15.658991813659668,15.658991813659668,ok
LA_D_3571681,15.9766845703125,15.9766845703125,ok
LA_D_3571831,13.424836158752441,13.424836158752441,ok
LA_D_3572777,15.313355445861816,15.313355445861816,ok
LA_D_3573085,13.301369667053223,13.301369667053223,ok
LA_D_3574020,15.427569389343262,15.427569389343262,ok
LA_D_3576459,-10.853289604187012,-10.853289604187012,ok
LA_D_3577801,-10.834196090698242,-10.834196090698242,ok
LA_D_3577998,18.10981559753418,18.10981559753418,ok
LA_D_3578253,10.874825477600098,10.874825477600098,ok
LA_D_3579076,18.19767189025879,18.19767189025879,ok
LA_D_3579245,15.732686042785645,15.732686042785645,ok
LA_D_3579781,-11.651514053344727,-11.651514053344727,ok
LA_D_3579823,11.647994041442871,11.647994041442871,ok
LA_D_3580620,11.81143569946289,11.81143569946289,ok
LA_D_3581277,5.41208028793335,5.41208028793335,ok
LA_D_3581963,16.013790130615234,16.013790130615234,ok
LA_D_3582263,10.719783782958984,10.719783782958984,ok
LA_D_3582380,9.614882469177246,9.614882469177246,ok
LA_D_3586862,10.341018676757812,10.341018676757812,ok
LA_D_3587612,19.77567481994629,19.77567481994629,ok
LA_D_3588547,16.110204696655273,16.110204696655273,ok
LA_D_3588628,15.401670455932617,15.401670455932617,ok
LA_D_3589247,14.416837692260742,14.416837692260742,ok
LA_D_3589383,13.97370433807373,13.97370433807373,ok
LA_D_3589733,18.737777709960938,18.737777709960938,ok
LA_D_3590829,16.986169815063477,16.986169815063477,ok
LA_D_3591261,19.075632095336914,19.075632095336914,ok
LA_D_3591679,13.640450477600098,13.640450477600098,ok
LA_D_3593160,9.670500755310059,9.670500755310059,ok
LA_D_3593928,16.497594833374023,16.497594833374023,ok
LA_D_3595174,11.316962242126465,11.316962242126465,ok
LA_D_3596015,-15.570090293884277,-15.570090293884277,ok
LA_D_3597531,12.262085914611816,12.262085914611816,ok
LA_D_3597601,14.95404052734375,14.95404052734375,ok
LA_D_3597738,17.617677688598633,17.617677688598633,ok
LA_D_3597947,9.295483589172363,9.295483589172363,ok
LA_D_3598081,9.737162590026855,9.737162590026855,ok
LA_D_3599443,-13.0830659866333,-13.0830659866333,ok
LA_D_3601430,-11.617758750915527,-11.617758750915527,ok
LA_D_3602669,13.333695411682129,13.333695411682129,ok
LA_D_3603256,11.341354370117188,11.341354370117188,ok
LA_D_3604214,14.111503601074219,14.111503601074219,ok
LA_D_3604610,-11.095746994018555,-11.095746994018555,ok
LA_D_3605046,11.104683876037598,11.104683876037598,ok
LA_D_3605088,15.64739990234375,15.64739990234375,ok
LA_D_3605726,10.198296546936035,10.198296546936035,ok
LA_D_3607289,-11.151862144470215,-11.151862144470215,ok
LA_D_3608535,9.838826179504395,9.838826179504395,ok
LA_D_3608783,12.272345542907715,12.272345542907715,ok
LA_D_3608947,11.289481163024902,11.289481163024902,ok
LA_D_3609505,16.29159164428711,16.29159164428711,ok
LA_D_3609977,-13.049580574035645,-13.049580574035645,ok
LA_D_3610743,13.609492301940918,13.609492301940918,ok
LA_D_3611170,15.077406883239746,15.077406883239746,ok
LA_D_3611237,16.529809951782227,16.529809951782227,ok
LA_D_3611560,11.53915023803711,11.53915023803711,ok
LA_D_3613644,12.174459457397461,12.174459457397461,ok
LA_D_3614881,16.297426223754883,16.297426223754883,ok
LA_D_3614949,16.192323684692383,16.192323684692383,ok
LA_D_3615500,13.151593208312988,13.151593208312988,ok
LA_D_3615708,11.593385696411133,11.593385696411133,ok
LA_D_3617105,16.773618698120117,16.773618698120117,ok
LA_D_3617321,13.33547306060791,13.33547306060791,ok
LA_D_3617757,18.616552352905273,18.616552352905273,ok
LA_D_3617770,14.134921073913574,14.134921073913574,ok
LA_D_3618771,14.545852661132812,14.545852661132812,ok
LA_D_3619292,16.971837997436523,16.971837997436523,ok
LA_D_3620817,12.1808443069458,12.1808443069458,ok
LA_D_3621506,11.311565399169922,11.311565399169922,ok
LA_D_3621540,11.732362747192383,11.732362747192383,ok
LA_D_3621915,11.601906776428223,11.601906776428223,ok
LA_D_3622353,15.980998039245605,15.980998039245605,ok
LA_D_3622835,-2.1957030296325684,-2.1957030296325684,ok
LA_D_3623206,-13.966251373291016,-13.966251373291016,ok
LA_D_3623933,9.343926429748535,9.343926429748535,ok
LA_D_3626485,9.859383583068848,9.859383583068848,ok
LA_D_3626798,17.002140045166016,17.002140045166016,ok
LA_D_3627257,10.490351676940918,10.490351676940918,ok
LA_D_3629732,12.387957572937012,12.387957572937012,ok
LA_D_3630229,9.46558666229248,9.46558666229248,ok
LA_D_3630490,11.40058422088623,11.40058422088623,ok
LA_D_3631999,-10.846375465393066,-10.846375465393066,ok
LA_D_3634368,17.23351287841797,17.23351287841797,ok
LA_D_3634420,9.264459609985352,9.264459609985352,ok
LA_D_3634650,17.30095863342285,17.30095863342285,ok
LA_D_3635351,15.7288179397583,15.7288179397583,ok
LA_D_3635835,10.816266059875488,10.816266059875488,ok
LA_D_3636142,9.833916664123535,9.833916664123535,ok
LA_D_3637154,11.685625076293945,11.685625076293945,ok
LA_D_3639272,12.528275489807129,12.528275489807129,ok
LA_D_3639376,12.639180183410645,12.639180183410645,ok
LA_D_3639895,12.807374000549316,12.807374000549316,ok
LA_D_3641330,12.253779411315918,12.253779411315918,ok
LA_D_3642434,23.20234489440918,23.20234489440918,ok
LA_D_3643887,14.861549377441406,14.861549377441406,ok
LA_D_3645082,8.565282821655273,8.565282821655273,ok
LA_D_3645170,14.913799285888672,14.913799285888672,ok
LA_D_3646040,13.886322975158691,13.886322975158691,ok
LA_D_3646143,13.729691505432129,13.729691505432129,ok
LA_D_3648769,12.992571830749512,12.992571830749512,ok
LA_D_3649862,14.874388694763184,14.874388694763184,ok
LA_D_3651367,13.619349479675293,13.619349479675293,ok
LA_D_3652898,13.167038917541504,13.167038917541504,ok
LA_D_3653770,18.722862243652344,18.722862243652344,ok
LA_D_3654875,15.10782527923584,15.10782527923584,ok
LA_D_3655047,13.7151517868042,13.7151517868042,ok
LA_D_3655500,-15.14371395111084,-15.14371395111084,ok
LA_D_3655812,12.234583854675293,12.234583854675293,ok
LA_D_3658031,15.420720100402832,15.420720100402832,ok
LA_D_3659236,17.334394454956055,17.334394454956055,ok
LA_D_3660282,13.256245613098145,13.256245613098145,ok
LA_D_3662303,12.441031455993652,12.441031455993652,ok
LA_D_3662875,13.333353996276855,13.333353996276855,ok
LA_D_3663843,13.185266494750977,13.185266494750977,ok
LA_D_3664298,13.189136505126953,13.189136505126953,ok
LA_D_3664914,10.47392463684082,10.47392463684082,ok
LA_D_3666430,9.651065826416016,9.651065826416016,ok
LA_D_3666804,12.878412246704102,12.878412246704102,ok
LA_D_3666824,12.895357131958008,12.895357131958008,ok
LA_D_3668484,-13.362577438354492,-13.362577438354492,ok
LA_D_3668631,12.915602684020996,12.915602684020996,ok
LA_D_3668954,7.3576579093933105,7.3576579093933105,ok
LA_D_3669578,-7.405378818511963,-7.405378818511963,ok
LA_D_3669836,17.21052360534668,17.21052360534668,ok
LA_D_3671059,11.127021789550781,11.127021789550781,ok
LA_D_3671184,13.766095161437988,13.766095161437988,ok
LA_D_3671224,17.781667709350586,17.781667709350586,ok
LA_D_3671795,13.21981143951416,13.21981143951416,ok
LA_D_3672445,16.3972225189209,16.3972225189209,ok
LA_D_3673082,13.447770118713379,13.447770118713379,ok
LA_D_3673596,15.610821723937988,15.610821723937988,ok
LA_D_3673803,10.190143585205078,10.190143585205078,ok
LA_D_3674440,11.29788875579834,11.29788875579834,ok
LA_D_3674534,13.499825477600098,13.499825477600098,ok
LA_D_3674928,12.174260139465332,12.174260139465332,ok
LA_D_3675542,16.96444320678711,16.96444320678711,ok
LA_D_3675685,14.686802864074707,14.686802864074707,ok
LA_D_3675957,15.749329566955566,15.749329566955566,ok
LA_D_3676772,10.33174991607666,10.33174991607666,ok
LA_D_3676923,11.105134010314941,11.105134010314941,ok
LA_D_3678117,9.983748435974121,9.983748435974121,ok
LA_D_3679086,14.347219467163086,14.347219467163086,ok
LA_D_3679618,19.159048080444336,19.159048080444336,ok
LA_D_3680733,12.288002967834473,12.288002967834473,ok
LA_D_3681485,14.838401794433594,14.838401794433594,ok
LA_D_3681599,15.410341262817383,15.410341262817383,ok
LA_D_3682065,11.970036506652832,11.970036506652832,ok
LA_D_3682613,12.592832565307617,12.592832565307617,ok
LA_D_3683215,15.378743171691895,15.378743171691895,ok
LA_D_3685390,16.521875381469727,16.521875381469727,ok
LA_D_3687327,11.303437232971191,11.303437232971191,ok
LA_D_3687811,19.018484115600586,19.018484115600586,ok
LA_D_3688613,16.122303009033203,16.122303009033203,ok
LA_D_3688837,18.29082489013672,18.29082489013672,ok
LA_D_3689048,12.808123588562012,12.808123588562012,ok
LA_D_3690604,7.9873785972595215,7.9873785972595215,ok
LA_D_3691360,-13.798975944519043,-13.798975944519043,ok
LA_D_3691538,16.416358947753906,16.416358947753906,ok
LA_D_3691736,15.859162330627441,15.859162330627441,ok
LA_D_3691914,13.658034324645996,13.658034324645996,ok
LA_D_3694012,16.105003356933594,16.105003356933594,ok
LA_D_3694037,9.15229606628418,9.15229606628418,ok
LA_D_3694349,8.375215530395508,8.375215530395508,ok
LA_D_3695422,16.142202377319336,16.142202377319336,ok
LA_D_3695649,14.285714149475098,14.285714149475098,ok
LA_D_3697262,13.944951057434082,13.944951057434082,ok
LA_D_3698358,-13.835820198059082,-13.835820198059082,ok
LA_D_3700696,11.659893989562988,11.659893989562988,ok
LA_D_3701247,16.700517654418945,16.700517654418945,ok
LA_D_3703420,11.546756744384766,11.546756744384766,ok
LA_D_3703706,14.782649040222168,14.782649040222168,ok
LA_D_3703829,5.3746418952941895,5.3746418952941895,ok
LA_D_3705070,17.445770263671875,17.445770263671875,ok
LA_D_3706083,-14.175461769104004,-14.175461769104004,ok
LA_D_3706159,11.788370132446289,11.788370132446289,ok
LA_D_3707430,14.620453834533691,14.620453834533691,ok
LA_D_3707499,14.460265159606934,14.460265159606934,ok
LA_D_3707801,15.279133796691895,15.279133796691895,ok
LA_D_3708116,14.391280174255371,14.391280174255371,ok
LA_D_3709016,13.26810073852539,13.26810073852539,ok
LA_D_3709912,15.357012748718262,15.357012748718262,ok
LA_D_3710720,15.223889350891113,15.223889350891113,ok
LA_D_3711375,13.44140625,13.44140625,ok
LA_D_3712672,15.302960395812988,15.302960395812988,ok
LA_D_3712860,16.890512466430664,16.890512466430664,ok
LA_D_3713460,14.95877456665039,14.95877456665039,ok
LA_D_3713639,14.556015968322754,14.556015968322754,ok
LA_D_3713729,12.449677467346191,12.449677467346191,ok
LA_D_3714587,15.042267799377441,15.042267799377441,ok
LA_D_3720476,10.8371000289917,10.8371000289917,ok
LA_D_3720743,10.921976089477539,10.921976089477539,ok
LA_D_3721304,11.42939281463623,11.42939281463623,ok
LA_D_3725212,16.077680587768555,16.077680587768555,ok
LA_D_3725938,8.047067642211914,8.047067642211914,ok
LA_D_3726596,18.659482955932617,18.659482955932617,ok
LA_D_3727464,8.431464195251465,8.431464195251465,ok
LA_D_3727622,17.95232391357422,17.95232391357422,ok
LA_D_3731175,-12.749842643737793,-12.749842643737793,ok
LA_D_3732490,14.857283592224121,14.857283592224121,ok
LA_D_3732635,14.091039657592773,14.091039657592773,ok
LA_D_3733302,13.040511131286621,13.040511131286621,ok
LA_D_3733779,-10.811911582946777,-10.811911582946777,ok
LA_D_3734390,9.604687690734863,9.604687690734863,ok
LA_D_3736436,16.570266723632812,16.570266723632812,ok
LA_D_3736974,13.571516990661621,13.571516990661621,ok
LA_D_3737744,17.072067260742188,17.072067260742188,ok
LA_D_3738196,12.461600303649902,12.461600303649902,ok
LA_D_3740186,11.83717155456543,11.83717155456543,ok
LA_D_3740798,13.099102973937988,13.099102973937988,ok
LA_D_3741233,4.608886241912842,4.608886241912842,ok
LA_D_3741474,16.188175201416016,16.188175201416016,ok
LA_D_3741607,16.136314392089844,16.136314392089844,ok
LA_D_3741865,15.76810073852539,15.76810073852539,ok
LA_D_3742795,17.222196578979492,17.222196578979492,ok
LA_D_3743022,15.985060691833496,15.985060691833496,ok
LA_D_3743658,16.638729095458984,16.638729095458984,ok
LA_D_3744491,11.98987865447998,11.98987865447998,ok
LA_D_3745321,16.47319221496582,16.47319221496582,ok
LA_D_3746211,-14.11757755279541,-14.11757755279541,ok
LA_D_3746495,9.758023262023926,9.758023262023926,ok
LA_D_3746592,13.58500862121582,13.58500862121582,ok
LA_D_3746754,16.33119773864746,16.33119773864746,ok
LA_D_3747854,7.977111339569092,7.977111339569092,ok
LA_D_3749584,21.290544509887695,21.290544509887695,ok
LA_D_3749655,15.274896621704102,15.274896621704102,ok
LA_D_3749921,15.0293550491333,15.0293550491333,ok
LA_D_3750214,11.325650215148926,11.325650215148926,ok
LA_D_3750321,11.053715705871582,11.053715705871582,ok
LA_D_3750938,5.272759914398193,5.272759914398193,ok
LA_D_3751177,13.54378604888916,13.54378604888916,ok
LA_D_3751233,12.002431869506836,12.002431869506836,ok
LA_D_3752691,10.610071182250977,10.610071182250977,ok
LA_D_3752882,15.60866641998291,15.60866641998291,ok
LA_D_3753443,15.56187629699707,15.56187629699707,ok
LA_D_3753747,19.339014053344727,19.339014053344727,ok
LA_D_3754318,15.734881401062012,15.734881401062012,ok
LA_D_3754369,11.363890647888184,11.363890647888184,ok
LA_D_3757923,12.931867599487305,12.931867599487305,ok
LA_D_3758904,15.155768394470215,15.155768394470215,ok
LA_D_3759608,15.087483406066895,15.087483406066895,ok
LA_D_3759918,16.4884090423584,16.4884090423584,ok
LA_D_3760422,10.981646537780762,10.981646537780762,ok
LA_D_3761372,13.61919116973877,13.61919116973877,ok
LA_D_3762414,10.183967590332031,10.183967590332031,ok
LA_D_3762985,16.243419647216797,16.243419647216797,ok
LA_D_3763099,9.346552848815918,9.346552848815918,ok
LA_D_3763362,11.004509925842285,11.004509925842285,ok
LA_D_3765509,1.4961448907852173,1.4961448907852173,ok
LA_D_3766019,8.86603832244873,8.86603832244873,ok
LA_D_3767360,14.2204008102417,14.2204008102417,ok
LA_D_3767648,15.853001594543457,15.853001594543457,ok
LA_D_3767704,15.82111644744873,15.82111644744873,ok
LA_D_3768058,6.326523780822754,6.326523780822754,ok
LA_D_3768185,14.874176979064941,14.874176979064941,ok
LA_D_3769543,9.601767539978027,9.601767539978027,ok
LA_D_3770674,-14.701764106750488,-14.701764106750488,ok
LA_D_3770745,16.639862060546875,16.639862060546875,ok
LA_D_3770754,16.655614852905273,16.655614852905273,ok
LA_D_3771019,16.157535552978516,16.157535552978516,ok
LA_D_3771563,10.839072227478027,10.839072227478027,ok
LA_D_3771602,13.924176216125488,13.924176216125488,ok
LA_D_3772496,16.325740814208984,16.325740814208984,ok
LA_D_3772573,13.700889587402344,13.700889587402344,ok
LA_D_3773329,15.775288581848145,15.775288581848145,ok
LA_D_3773558,11.234698295593262,11.234698295593262,ok
LA_D_3774026,18.688169479370117,18.688169479370117,ok
LA_D_3774137,-15.326558113098145,-15.326558113098145,ok
LA_D_3775288,11.589323997497559,11.589323997497559,ok
LA_D_3775667,12.92538833618164,12.92538833618164,ok
LA_D_3775817,10.504894256591797,10.504894256591797,ok
LA_D_3775896,8.327488899230957,8.327488899230957,ok
LA_D_3776249,12.442527770996094,12.442527770996094,ok
LA_D_3776327,15.047661781311035,15.047661781311035,ok
LA_D_3776414,-12.110428810119629,-12.110428810119629,ok
LA_D_3777012,15.774199485778809,15.774199485778809,ok
LA_D_3777358,11.83757495880127,11.83757495880127,ok
LA_D_3777433,18.232736587524414,18.232736587524414,ok
LA_D_3777702,12.561882972717285,12.561882972717285,ok
LA_D_3778535,14.988319396972656,14.988319396972656,ok
LA_D_3779051,13.34453296661377,13.34453296661377,ok
LA_D_3780178,12.418778419494629,12.418778419494629,ok
LA_D_3780481,13.601373672485352,13.601373672485352,ok
LA_D_3780562,16.728931427001953,16.728931427001953,ok
LA_D_3781670,-13.460253715515137,-13.460253715515137,ok
LA_D_3782076,19.05497932434082,19.05497932434082,ok
LA_D_3782739,18.319499969482422,18.319499969482422,ok
LA_D_3783520,16.146949768066406,16.146949768066406,ok
LA_D_3783864,15.278573036193848,15.278573036193848,ok
LA_D_3784534,10.768670082092285,10.768670082092285,ok
LA_D_3785236,15.263313293457031,15.263313293457031,ok
LA_D_3787070,-13.060914039611816,-13.060914039611816,ok
LA_D_3787257,17.888845443725586,17.888845443725586,ok
LA_D_3787464,-15.618324279785156,-15.618324279785156,ok
LA_D_3788427,16.348087310791016,16.348087310791016,ok
LA_D_3788624,15.810449600219727,15.810449600219727,ok
LA_D_3788675,16.722455978393555,16.722455978393555,ok
LA_D_3789724,14.151062965393066,14.151062965393066,ok
LA_D_3789801,15.507262229919434,15.507262229919434,ok
LA_D_3790568,14.823602676391602,14.823602676391602,ok
LA_D_3791494,16.97393226623535,16.97393226623535,ok
LA_D_3792366,15.674256324768066,15.674256324768066,ok
LA_D_3792397,-15.51403522491455,-15.51403522491455,ok
LA_D_3792583,13.057183265686035,13.057183265686035,ok
LA_D_3792705,7.553827285766602,7.553827285766602,ok
LA_D_3793172,19.13092613220215,19.13092613220215,ok
LA_D_3794623,14.497204780578613,14.497204780578613,ok
LA_D_3794629,13.169553756713867,13.169553756713867,ok
LA_D_3795179,17.724767684936523,17.724767684936523,ok
LA_D_3795570,10.567618370056152,10.567618370056152,ok
LA_D_3795890,10.57112979888916,10.57112979888916,ok
LA_D_3796498,-12.514233589172363,-12.514233589172363,ok
LA_D_3797749,-14.865785598754883,-14.865785598754883,ok
LA_D_3798024,8.427535057067871,8.427535057067871,ok
LA_D_3799314,19.514814376831055,19.514814376831055,ok
LA_D_3799415,7.975334644317627,7.975334644317627,ok
LA_D_3799822,15.72377872467041,15.72377872467041,ok
LA_D_3802210,11.53842830657959,11.53842830657959,ok
LA_D_3802962,15.148923873901367,15.148923873901367,ok
LA_D_3803714,16.344345092773438,16.344345092773438,ok
LA_D_3803791,14.547982215881348,14.547982215881348,ok
LA_D_3804397,11.408358573913574,11.408358573913574,ok
LA_D_3805827,15.04776668548584,15.04776668548584,ok
LA_D_3806582,15.623281478881836,15.623281478881836,ok
LA_D_3807326,15.030167579650879,15.030167579650879,ok
LA_D_3808030,18.001325607299805,18.001325607299805,ok
LA_D_3810542,-11.039566040039062,-11.039566040039062,ok
LA_D_3811484,12.987116813659668,12.987116813659668,ok
LA_D_3811662,15.098731994628906,15.098731994628906,ok
LA_D_3813018,13.832887649536133,13.832887649536133,ok
LA_D_3814257,12.171534538269043,12.171534538269043,ok
LA_D_3814355,14.356978416442871,14.356978416442871,ok
LA_D_3814791,14.351176261901855,14.351176261901855,ok
LA_D_3815316,13.775103569030762,13.775103569030762,ok
LA_D_3815884,16.441715240478516,16.441715240478516,ok
LA_D_3819582,17.205862045288086,17.205862045288086,ok
LA_D_3820104,13.036734580993652,13.036734580993652,ok
LA_D_3820911,14.460655212402344,14.460655212402344,ok
LA_D_3821359,11.204352378845215,11.204352378845215,ok
LA_D_3822372,11.006945610046387,11.006945610046387,ok
LA_D_3822874,13.97255802154541,13.97255802154541,ok
LA_D_3823574,13.855417251586914,13.855417251586914,ok
LA_D_3823928,9.997796058654785,9.997796058654785,ok
LA_D_3825048,16.072080612182617,16.072080612182617,ok
LA_D_3825329,13.445233345031738,13.445233345031738,ok
LA_D_3826920,14.499826431274414,14.499826431274414,ok
LA_D_3827873,12.065339088439941,12.065339088439941,ok
LA_D_3828014,16.705974578857422,16.705974578857422,ok
LA_D_3828841,4.29088830947876,4.29088830947876,ok
LA_D_3828893,9.186978340148926,9.186978340148926,ok
LA_D_3829330,15.950146675109863,15.950146675109863,ok
LA_D_3830921,10.793054580688477,10.793054580688477,ok
LA_D_3831261,14.528964042663574,14.528964042663574,ok
LA_D_3831306,11.118467330932617,11.118467330932617,ok
LA_D_3833623,9.422268867492676,9.422268867492676,ok
LA_D_3834961,13.712035179138184,13.712035179138184,ok
LA_D_3835319,11.855219841003418,11.855219841003418,ok
LA_D_3837714,13.524685859680176,13.524685859680176,ok
LA_D_3838632,22.015520095825195,22.015520095825195,ok
LA_D_3840866,11.268288612365723,11.268288612365723,ok
LA_D_3843488,16.85642433166504,16.85642433166504,ok
LA_D_3843705,14.783905982971191,14.783905982971191,ok
LA_D_3843887,14.284595489501953,14.284595489501953,ok
LA_D_3845484,11.750567436218262,11.750567436218262,ok
LA_D_3847966,17.50739860534668,17.50739860534668,ok
LA_D_3848465,11.595906257629395,11.595906257629395,ok
LA_D_3848625,12.332042694091797,12.332042694091797,ok
LA_D_3849533,18.347047805786133,18.347047805786133,ok
LA_D_3850425,12.643855094909668,12.643855094909668,ok
LA_D_3851125,12.494621276855469,12.494621276855469,ok
LA_D_3851144,16.917781829833984,16.917781829833984,ok
LA_D_3851855,-12.246993064880371,-12.246993064880371,ok
LA_D_3851996,-13.23194408416748,-13.23194408416748,ok
LA_D_3852341,16.383989334106445,16.383989334106445,ok
LA_D_3852849,17.953643798828125,17.953643798828125,ok
LA_D_3854807,13.70346736907959,13.70346736907959,ok
LA_D_3855845,4.885384559631348,4.885384559631348,ok
LA_D_3857058,-13.924601554870605,-13.924601554870605,ok
LA_D_3857446,-14.63968563079834,-14.63968563079834,ok
LA_D_3857630,16.505876541137695,16.505876541137695,ok
LA_D_3858607,11.881714820861816,11.881714820861816,ok
LA_D_3859466,15.578412055969238,15.578412055969238,ok
LA_D_3860312,-8.266341209411621,-8.266341209411621,ok
LA_D_3860524,16.224872589111328,16.224872589111328,ok
LA_D_3861037,11.283510208129883,11.283510208129883,ok
LA_D_3861045,16.505468368530273,16.505468368530273,ok
LA_D_3861154,-8.155157089233398,-8.155157089233398,ok
LA_D_3862599,17.574777603149414,17.574777603149414,ok
LA_D_3862793,18.128597259521484,18.128597259521484,ok
LA_D_3862795,14.985250473022461,14.985250473022461,ok
LA_D_3863318,13.491377830505371,13.491377830505371,ok
LA_D_3863951,12.763300895690918,12.763300895690918,ok
LA_D_3864419,15.337374687194824,15.337374687194824,ok
LA_D_3864495,14.214550971984863,14.214550971984863,ok
LA_D_3865981,10.304315567016602,10.304315567016602,ok
LA_D_3866941,9.973076820373535,9.973076820373535,ok
LA_D_3867494,12.338282585144043,12.338282585144043,ok
LA_D_3868002,16.073101043701172,16.073101043701172,ok
LA_D_3868258,16.379980087280273,16.379980087280273,ok
LA_D_3870318,17.865434646606445,17.865434646606445,ok
LA_D_3871798,15.098559379577637,15.098559379577637,ok
LA_D_3872770,11.491850852966309,11.491850852966309,ok
LA_D_3873126,14.572976112365723,14.572976112365723,ok
LA_D_3874085,11.983473777770996,11.983473777770996,ok
LA_D_3874710,13.18454647064209,13.18454647064209,ok
LA_D_3876769,9.033287048339844,9.033287048339844,ok
LA_D_3878527,13.920452117919922,13.920452117919922,ok
LA_D_3879195,13.628743171691895,13.628743171691895,ok
LA_D_3879227,12.072125434875488,12.072125434875488,ok
LA_D_3880845,14.361303329467773,14.361303329467773,ok
LA_D_3882685,17.10736656188965,17.10736656188965,ok
LA_D_3883337,13.922028541564941,13.922028541564941,ok
LA_D_3884249,12.711304664611816,12.711304664611816,ok
LA_D_3884845,14.872891426086426,14.872891426086426,ok
LA_D_3887131,16.787752151489258,16.787752151489258,ok
LA_D_3887452,-12.988572120666504,-12.988572120666504,ok
LA_D_3888719,14.3684663772583,14.3684663772583,ok
LA_D_3888968,17.00830078125,17.00830078125,ok
LA_D_3890187,20.058252334594727,20.058252334594727,ok
LA_D_3890727,14.247594833374023,14.247594833374023,ok
LA_D_3891696,-16.19352912902832,-16.19352912902832,ok
LA_D_3892057,-11.490023612976074,-11.490023612976074,ok
LA_D_3893271,16.642362594604492,16.642362594604492,ok
LA_D_3895547,20.46134376525879,20.46134376525879,ok
LA_D_3895551,-12.615949630737305,-12.615949630737305,ok
LA_D_3896851,19.216602325439453,19.216602325439453,ok
LA_D_3898085,-12.311753273010254,-12.311753273010254,ok
LA_D_3898333,16.682865142822266,16.682865142822266,ok
LA_D_3898925,9.974276542663574,9.974276542663574,ok
LA_D_3901273,16.278223037719727,16.278223037719727,ok
LA_D_3902856,15.257893562316895,15.257893562316895,ok
LA_D_3903402,16.299850463867188,16.299850463867188,ok
LA_D_3905848,11.169129371643066,11.169129371643066,ok
LA_D_3907778,-12.536921501159668,-12.536921501159668,ok
LA_D_3908047,14.415549278259277,14.415549278259277,ok
LA_D_3909128,16.003629684448242,16.003629684448242,ok
LA_D_3911013,17.85978889465332,17.85978889465332,ok
LA_D_3912485,14.01241397857666,14.01241397857666,ok
LA_D_3913064,11.981772422790527,11.981772422790527,ok
LA_D_3913569,16.442026138305664,16.442026138305664,ok
LA_D_3913882,15.8119535446167,15.8119535446167,ok
LA_D_3914448,12.94543170928955,12.94543170928955,ok
LA_D_3914511,19.55304527282715,19.55304527282715,ok
LA_D_3914541,15.208648681640625,15.208648681640625,ok
LA_D_3914577,7.752472400665283,7.752472400665283,ok
LA_D_3914594,15.937868118286133,15.937868118286133,ok
LA_D_3914684,18.71879768371582,18.71879768371582,ok
LA_D_3915707,12.8886079788208,12.8886079788208,ok
LA_D_3916686,12.829310417175293,12.829310417175293,ok
LA_D_3917851,14.791522979736328,14.791522979736328,ok
LA_D_3918474,17.720199584960938,17.720199584960938,ok
LA_D_3921032,12.601790428161621,12.601790428161621,ok
LA_D_3921050,8.829078674316406,8.829078674316406,ok
LA_D_3922266,-12.10461711883545,-12.10461711883545,ok
LA_D_3924068,13.404014587402344,13.404014587402344,ok
LA_D_3924244,12.87317943572998,12.87317943572998,ok
LA_D_3928290,17.517290115356445,17.517290115356445,ok
LA_D_3928764,14.686814308166504,14.686814308166504,ok
LA_D_3928922,15.73399829864502,15.73399829864502,ok
LA_D_3929323,13.61108112335205,13.61108112335205,ok
LA_D_3930165,16.370180130004883,16.370180130004883,ok
LA_D_3930677,13.65137767791748,13.65137767791748,ok
LA_D_3931288,10.865077018737793,10.865077018737793,ok
LA_D_3931322,14.208168983459473,14.208168983459473,ok
LA_D_3931549,16.62738609313965,16.62738609313965,ok
LA_D_3931582,14.384576797485352,14.384576797485352,ok
LA_D_3932504,14.019617080688477,14.019617080688477,ok
LA_D_3933506,-13.072107315063477,-13.072107315063477,ok
LA_D_3934729,11.096829414367676,11.096829414367676,ok
LA_D_3935443,14.169193267822266,14.169193267822266,ok
LA_D_3937097,13.635279655456543,13.635279655456543,ok
LA_D_3937744,14.411749839782715,14.411749839782715,ok
LA_D_3939937,18.46689796447754,18.46689796447754,ok
LA_D_3940913,-11.093942642211914,-11.093942642211914,ok
LA_D_3941447,-11.84778118133545,-11.84778118133545,ok
LA_D_3942424,12.787123680114746,12.787123680114746,ok
LA_D_3942605,9.668185234069824,9.668185234069824,ok
LA_D_3942708,13.35921573638916,13.35921573638916,ok
LA_D_3942877,9.407930374145508,9.407930374145508,ok
LA_D_3943414,16.72370719909668,16.72370719909668,ok
LA_D_3943938,17.358049392700195,17.358049392700195,ok
LA_D_3945155,12.606287956237793,12.606287956237793,ok
LA_D_3945227,13.635870933532715,13.635870933532715,ok
LA_D_3945922,14.24841022491455,14.24841022491455,ok
LA_D_3946264,14.910737037658691,14.910737037658691,ok
LA_D_3947384,-1.8242427110671997,-1.8242427110671997,ok
LA_D_3947953,14.428444862365723,14.428444862365723,ok
LA_D_3949631,15.079410552978516,15.079410552978516,ok
LA_D_3949661,14.974478721618652,14.974478721618652,ok
LA_D_3951142,17.415071487426758,17.415071487426758,ok
LA_D_3951175,10.664875030517578,10.664875030517578,ok
LA_D_3952183,18.697736740112305,18.697736740112305,ok
LA_D_3954136,15.7924165725708,15.7924165725708,ok
LA_D_3956242,-12.731633186340332,-12.731633186340332,ok
LA_D_3956535,13.8295259475708,13.8295259475708,ok
LA_D_3957229,21.411205291748047,21.411205291748047,ok
LA_D_3958057,12.694561958312988,12.694561958312988,ok
LA_D_3958645,11.108256340026855,11.108256340026855,ok
LA_D_3958701,13.780315399169922,13.780315399169922,ok
LA_D_3960353,11.958878517150879,11.958878517150879,ok
LA_D_3960616,12.66684341430664,12.66684341430664,ok
LA_D_3962973,18.43092918395996,18.43092918395996,ok
LA_D_3963572,19.073122024536133,19.073122024536133,ok
LA_D_3965345,19.229236602783203,19.229236602783203,ok
LA_D_3965995,16.327373504638672,16.327373504638672,ok
LA_D_3966698,11.659438133239746,11.659438133239746,ok
LA_D_3967203,-12.79989242553711,-12.79989242553711,ok
LA_D_3967616,15.91745662689209,15.91745662689209,ok
LA_D_3969544,12.413681983947754,12.413681983947754,ok
LA_D_3969914,13.537571907043457,13.537571907043457,ok
LA_D_3970121,9.938309669494629,9.938309669494629,ok
LA_D_3970673,16.395307540893555,16.395307540893555,ok
LA_D_3971945,-1.894114375114441,-1.894114375114441,ok
LA_D_3971956,17.590959548950195,17.590959548950195,ok
LA_D_3975146,11.480931282043457,11.480931282043457,ok
LA_D_3975408,13.118887901306152,13.118887901306152,ok
LA_D_3975996,11.636523246765137,11.636523246765137,ok
LA_D_3977034,-15.269204139709473,-15.269204139709473,ok
LA_D_3977471,16.119752883911133,16.119752883911133,ok
LA_D_3977983,18.0828857421875,18.0828857421875,ok
LA_D_3979729,14.432269096374512,14.432269096374512,ok
LA_D_3980944,17.49851417541504,17.49851417541504,ok
LA_D_3981366,17.935503005981445,17.935503005981445,ok
LA_D_3981584,-15.156811714172363,-15.156811714172363,ok
LA_D_3981689,11.7035493850708,11.7035493850708,ok
LA_D_3983088,14.121317863464355,14.121317863464355,ok
LA_D_3983406,-16.763662338256836,-16.763662338256836,ok
LA_D_3983835,20.839637756347656,20.839637756347656,ok
LA_D_3983910,13.747540473937988,13.747540473937988,ok
LA_D_3984579,14.41872501373291,14.41872501373291,ok
LA_D_3986002,-11.068196296691895,-11.068196296691895,ok
LA_D_3989236,13.442425727844238,13.442425727844238,ok
LA_D_3989246,18.400991439819336,18.400991439819336,ok
LA_D_3989469,8.521600723266602,8.521600723266602,ok
LA_D_3991844,12.732796669006348,12.732796669006348,ok
LA_D_3991910,12.577945709228516,12.577945709228516,ok
LA_D_3995155,15.373892784118652,15.373892784118652,ok
LA_D_3996355,-13.1143798828125,-13.1143798828125,ok
LA_D_3999380,-11.595696449279785,-11.595696449279785,ok
LA_D_4002788,17.52322006225586,17.52322006225586,ok
LA_D_4002921,9.006401062011719,9.006401062011719,ok
LA_D_4003135,13.899415016174316,13.899415016174316,ok
LA_D_4004968,-15.313102722167969,-15.313102722167969,ok
LA_D_4005134,12.814374923706055,12.814374923706055,ok
LA_D_4005743,8.839568138122559,8.839568138122559,ok
LA_D_4005820,6.396953105926514,6.396953105926514,ok
LA_D_4007335,17.651771545410156,17.651771545410156,ok
LA_D_4007368,10.82087516784668,10.82087516784668,ok
LA_D_4007785,14.078764915466309,14.078764915466309,ok
LA_D_4008273,16.1471004486084,16.1471004486084,ok
LA_D_4008967,14.470908164978027,14.470908164978027,ok
LA_D_4011113,15.270160675048828,15.270160675048828,ok
LA_D_4011462,14.75085735321045,14.75085735321045,ok
LA_D_4013164,-14.59392261505127,-14.59392261505127,ok
LA_D_4013189,12.664437294006348,12.664437294006348,ok
LA_D_4014487,-12.838799476623535,-12.838799476623535,ok
LA_D_4014725,8.395543098449707,8.395543098449707,ok
LA_D_4014814,17.404253005981445,17.404253005981445,ok
LA_D_4015488,15.172932624816895,15.172932624816895,ok
LA_D_4016003,-10.308509826660156,-10.308509826660156,ok
LA_D_4016591,-13.21757698059082,-13.21757698059082,ok
LA_D_4016743,-13.777426719665527,-13.777426719665527,ok
LA_D_4018947,11.576573371887207,11.576573371887207,ok
LA_D_4019274,14.163715362548828,14.163715362548828,ok
LA_D_4019473,14.8609037399292,14.8609037399292,ok
LA_D_4019987,13.374346733093262,13.374346733093262,ok
LA_D_4020788,9.991808891296387,9.991808891296387,ok
LA_D_4020807,9.258831977844238,9.258831977844238,ok
LA_D_4021153,-15.651188850402832,-15.651188850402832,ok
LA_D_4021573,-12.405123710632324,-12.405123710632324,ok
LA_D_4021676,11.766509056091309,11.766509056091309,ok
LA_D_4021977,13.808852195739746,13.808852195739746,ok
LA_D_4022532,13.011146545410156,13.011146545410156,ok
LA_D_4024245,15.060470581054688,15.060470581054688,ok
LA_D_4024567,17.176889419555664,17.176889419555664,ok
LA_D_4024701,10.640097618103027,10.640097618103027,ok
LA_D_4025786,16.501859664916992,16.501859664916992,ok
LA_D_4026006,14.087924003601074,14.087924003601074,ok
LA_D_4026230,13.856040954589844,13.856040954589844,ok
LA_D_4026264,-9.669988632202148,-9.669988632202148,ok
LA_D_4026338,10.904444694519043,10.904444694519043,ok
LA_D_4027041,13.478765487670898,13.478765487670898,ok
LA_D_4027137,13.613778114318848,13.613778114318848,ok
LA_D_4028437,13.912673950195312,13.912673950195312,ok
LA_D_4029187,18.472810745239258,18.472810745239258,ok
LA_D_4029515,15.929274559020996,15.929274559020996,ok
LA_D_4029888,11.81728458404541,11.81728458404541,ok
LA_D_4030356,15.968961715698242,15.968961715698242,ok
LA_D_4031294,8.554039001464844,8.554039001464844,ok
LA_D_4031375,12.181614875793457,12.181614875793457,ok
LA_D_4033093,-14.2222261428833,-14.2222261428833,ok
LA_D_4033240,12.795013427734375,12.795013427734375,ok
LA_D_4033330,13.0070219039917,13.0070219039917,ok
LA_D_4033961,12.97716999053955,12.97716999053955,ok
LA_D_4035138,14.120939254760742,14.120939254760742,ok
LA_D_4036070,14.041382789611816,14.041382789611816,ok
LA_D_4037283,-14.51467227935791,-14.51467227935791,ok
LA_D_4037520,11.570403099060059,11.570403099060059,ok
LA_D_4037538,13.940460205078125,13.940460205078125,ok
LA_D_4037663,14.189175605773926,14.189175605773926,ok
LA_D_4038636,16.724910736083984,16.724910736083984,ok
LA_D_4039179,10.062962532043457,10.062962532043457,ok
LA_D_4039301,16.09213638305664,16.09213638305664,ok
LA_D_4039557,13.882964134216309,13.882964134216309,ok
LA_D_4039836,17.101999282836914,17.101999282836914,ok
LA_D_4042844,15.85204792022705,15.85204792022705,ok
LA_D_4042958,12.195826530456543,12.195826530456543,ok
LA_D_4043027,-12.891819953918457,-12.891819953918457,ok
LA_D_4043035,15.002249717712402,15.002249717712402,ok
LA_D_4043306,-16.82132339477539,-16.82132339477539,ok
LA_D_4044356,15.782801628112793,15.782801628112793,ok
LA_D_4044969,14.027754783630371,14.027754783630371,ok
LA_D_4045695,12.89435863494873,12.89435863494873,ok
LA_D_4046048,14.599702835083008,14.599702835083008,ok
LA_D_4046580,11.681805610656738,11.681805610656738,ok
LA_D_4046673,15.706814765930176,15.706814765930176,ok
LA_D_4046741,12.525762557983398,12.525762557983398,ok
LA_D_4046895,13.600459098815918,13.600459098815918,ok
LA_D_4046963,15.344173431396484,15.344173431396484,ok
LA_D_4048306,16.396581649780273,16.396581649780273,ok
LA_D_4048880,10.894874572753906,10.894874572753906,ok
LA_D_4051775,12.69304084777832,12.69304084777832,ok
LA_D_4052162,12.698395729064941,12.698395729064941,ok
LA_D_4052216,-14.59284496307373,-14.59284496307373,ok
LA_D_4052276,8.71374797821045,8.71374797821045,ok
LA_D_4052746,-13.424735069274902,-13.424735069274902,ok
LA_D_4055045,7.4632391929626465,7.4632391929626465,ok
LA_D_4056923,12.999120712280273,12.999120712280273,ok
LA_D_4057142,-12.112469673156738,-12.112469673156738,ok
LA_D_4057176,18.60199546813965,18.60199546813965,ok
LA_D_4058412,17.110944747924805,17.110944747924805,ok
LA_D_4058547,12.311978340148926,12.311978340148926,ok
LA_D_4058844,17.79909324645996,17.79909324645996,ok
LA_D_4061704,12.175124168395996,12.175124168395996,ok
LA_D_4062551,9.0000638961792,9.0000638961792,ok
LA_D_4062752,13.631324768066406,13.631324768066406,ok
LA_D_4063282,13.099967956542969,13.099967956542969,ok
LA_D_4064599,12.537827491760254,12.537827491760254,ok
LA_D_4067176,11.594505310058594,11.594505310058594,ok
LA_D_4067593,10.294947624206543,10.294947624206543,ok
LA_D_4067852,15.086545944213867,15.086545944213867,ok
LA_D_4067937,16.35948371887207,16.35948371887207,ok
LA_D_4069031,21.173452377319336,21.173452377319336,ok
LA_D_4070411,8.603516578674316,8.603516578674316,ok
LA_D_4071164,15.033835411071777,15.033835411071777,ok
LA_D_4072040,3.836984872817993,3.836984872817993,ok
LA_D_4073647,11.24019718170166,11.24019718170166,ok
LA_D_4073939,19.41567039489746,19.41567039489746,ok
LA_D_4074087,19.371334075927734,19.371334075927734,ok
LA_D_4074277,13.608176231384277,13.608176231384277,ok
LA_D_4075366,10.188499450683594,10.188499450683594,ok
LA_D_4075891,13.711228370666504,13.711228370666504,ok
LA_D_4075975,18.230012893676758,18.230012893676758,ok
LA_D_4076013,15.371509552001953,15.371509552001953,ok
LA_D_4076814,-12.09805965423584,-12.09805965423584,ok
LA_D_4076908,19.524866104125977,19.524866104125977,ok
LA_D_4079102,17.247844696044922,17.247844696044922,ok
LA_D_4079359,14.405145645141602,14.405145645141602,ok
LA_D_4080966,15.046363830566406,15.046363830566406,ok
LA_D_4081483,8.225918769836426,8.225918769836426,ok
LA_D_4082852,22.84779167175293,22.84779167175293,ok
LA_D_4083446,7.71332311630249,7.71332311630249,ok
LA_D_4083478,-15.167581558227539,-15.167581558227539,ok
LA_D_4083902,12.369908332824707,12.369908332824707,ok
LA_D_4084629,13.571098327636719,13.571098327636719,ok
LA_D_4085373,10.04842472076416,10.04842472076416,ok
LA_D_4085392,20.712934494018555,20.712934494018555,ok
LA_D_4087816,14.431723594665527,14.431723594665527,ok
LA_D_4088889,10.13144588470459,10.13144588470459,ok
LA_D_4089906,13.024596214294434,13.024596214294434,ok
LA_D_4091821,13.830184936523438,13.830184936523438,ok
LA_D_4091974,15.833823204040527,15.833823204040527,ok
LA_D_4093216,16.77686882019043,16.77686882019043,ok
LA_D_4094129,15.193461418151855,15.193461418151855,ok
LA_D_4095002,15.079645156860352,15.079645156860352,ok
LA_D_4095293,-9.919787406921387,-9.919787406921387,ok
LA_D_4095496,14.582449913024902,14.582449913024902,ok
LA_D_4096026,15.040592193603516,15.040592193603516,ok
LA_D_4099396,14.386714935302734,14.386714935302734,ok
LA_D_4099499,15.500242233276367,15.500242233276367,ok
LA_D_4099596,11.6506986618042,11.6506986618042,ok
LA_D_4101216,-14.315326690673828,-14.315326690673828,ok
LA_D_4101246,16.320981979370117,16.320981979370117,ok
LA_D_4102879,14.031542778015137,14.031542778015137,ok
LA_D_4103125,15.822983741760254,15.822983741760254,ok
LA_D_4103449,3.4485909938812256,3.4485909938812256,ok
LA_D_4104036,18.139204025268555,18.139204025268555,ok
LA_D_4104349,12.387099266052246,12.387099266052246,ok
LA_D_4105672,8.636645317077637,8.636645317077637,ok
LA_D_4106360,-14.987763404846191,-14.987763404846191,ok
LA_D_4107017,16.92255401611328,16.92255401611328,ok
LA_D_4107126,15.904500007629395,15.904500007629395,ok
LA_D_4107279,10.144364356994629,10.144364356994629,ok
LA_D_4108210,11.986311912536621,11.986311912536621,ok
LA_D_4108558,15.460139274597168,15.460139274597168,ok
LA_D_4108953,12.701691627502441,12.701691627502441,ok
LA_D_4110412,15.137425422668457,15.137425422668457,ok
LA_D_4110914,15.995146751403809,15.995146751403809,ok
LA_D_4111379,12.576876640319824,12.576876640319824,ok
LA_D_4113219,14.615848541259766,14.615848541259766,ok
LA_D_4113356,12.589137077331543,12.589137077331543,ok
LA_D_4113491,15.528289794921875,15.528289794921875,ok
LA_D_4114596,16.68644905090332,16.68644905090332,ok
LA_D_4116325,10.080206871032715,10.080206871032715,ok
LA_D_4116714,13.959704399108887,13.959704399108887,ok
LA_D_4117970,10.82172679901123,10.82172679901123,ok
LA_D_4119404,14.542019844055176,14.542019844055176,ok
LA_D_4119592,12.762665748596191,12.762665748596191,ok
LA_D_4121148,12.604022979736328,12.604022979736328,ok
LA_D_4121278,12.682156562805176,12.682156562805176,ok
LA_D_4121809,8.147004127502441,8.147004127502441,ok
LA_D_4122895,15.963227272033691,15.963227272033691,ok
LA_D_4123062,17.8118839263916,17.8118839263916,ok
LA_D_4123108,12.803220748901367,12.803220748901367,ok
LA_D_4123677,-14.177566528320312,-14.177566528320312,ok
LA_D_4123679,12.983139038085938,12.983139038085938,ok
LA_D_4124707,-13.87621021270752,-13.87621021270752,ok
LA_D_4127237,12.780314445495605,12.780314445495605,ok
LA_D_4127746,11.107016563415527,11.107016563415527,ok
LA_D_4128580,11.70582389831543,11.70582389831543,ok
LA_D_4128802,12.356807708740234,12.356807708740234,ok
LA_D_4130527,15.491183280944824,15.491183280944824,ok
LA_D_4131648,18.74532127380371,18.74532127380371,ok
LA_D_4131978,12.764233589172363,12.764233589172363,ok
LA_D_4132005,17.138887405395508,17.138887405395508,ok
LA_D_4134915,11.319695472717285,11.319695472717285,ok
LA_D_4135542,13.998286247253418,13.998286247253418,ok
LA_D_4136401,10.303483009338379,10.303483009338379,ok
LA_D_4137927,-6.239429950714111,-6.239429950714111,ok
LA_D_4140612,12.94910717010498,12.94910717010498,ok
LA_D_4140711,15.349258422851562,15.349258422851562,ok
LA_D_4140724,13.808124542236328,13.808124542236328,ok
LA_D_4141520,17.092565536499023,17.092565536499023,ok
LA_D_4142294,15.453168869018555,15.453168869018555,ok
LA_D_4142832,17.593032836914062,17.593032836914062,ok
LA_D_4143632,15.894892692565918,15.894892692565918,ok
LA_D_4143635,13.096184730529785,13.096184730529785,ok
LA_D_4144411,13.33561897277832,13.33561897277832,ok
LA_D_4146741,-12.67576789855957,-12.67576789855957,ok
LA_D_4148714,16.7664794921875,16.7664794921875,ok
LA_D_4148744,12.833313941955566,12.833313941955566,ok
LA_D_4148951,12.7658109664917,12.7658109664917,ok
LA_D_4149777,15.59047794342041,15.59047794342041,ok
LA_D_4150517,17.82927894592285,17.82927894592285,ok
LA_D_4151774,-13.863757133483887,-13.863757133483887,ok
LA_D_4153076,14.344998359680176,14.344998359680176,ok
LA_D_4154332,15.325921058654785,15.325921058654785,ok
LA_D_4154887,-11.111716270446777,-11.111716270446777,ok
LA_D_4155987,17.451007843017578,17.451007843017578,ok
LA_D_4156717,16.090360641479492,16.090360641479492,ok
LA_D_4156807,-14.110945701599121,-14.110945701599121,ok
LA_D_4157572,11.130378723144531,11.130378723144531,ok
LA_D_4157946,10.490986824035645,10.490986824035645,ok
LA_D_4158625,11.90952205657959,11.90952205657959,ok
LA_D_4158867,13.419142723083496,13.419142723083496,ok
LA_D_4160780,16.761281967163086,16.761281967163086,ok
LA_D_4160962,-12.915881156921387,-12.915881156921387,ok
LA_D_4162885,12.859373092651367,12.859373092651367,ok
LA_D_4163700,19.6453914642334,19.6453914642334,ok
LA_D_4163754,14.500194549560547,14.500194549560547,ok
LA_D_4164238,13.385869979858398,13.385869979858398,ok
LA_D_4164409,15.983586311340332,15.983586311340332,ok
LA_D_4164660,13.189471244812012,13.189471244812012,ok
LA_D_4164777,11.557246208190918,11.557246208190918,ok
LA_D_4165061,5.435033321380615,5.435033321380615,ok
LA_D_4166028,15.871861457824707,15.871861457824707,ok
LA_D_4166644,-15.04333782196045,-15.04333782196045,ok
LA_D_4167033,14.125544548034668,14.125544548034668,ok
LA_D_4167431,15.259712219238281,15.259712219238281,ok
LA_D_4168527,-11.197712898254395,-11.197712898254395,ok
LA_D_4169547,12.27640438079834,12.27640438079834,ok
LA_D_4171064,14.136163711547852,14.136163711547852,ok
LA_D_4171217,17.40325164794922,17.40325164794922,ok
LA_D_4171570,14.864070892333984,14.864070892333984,ok
LA_D_4171941,11.564351081848145,11.564351081848145,ok
LA_D_4172288,13.662758827209473,13.662758827209473,ok
LA_D_4173079,19.283870697021484,19.283870697021484,ok
LA_D_4174255,18.14972496032715,18.14972496032715,ok
LA_D_4174389,-13.75537109375,-13.75537109375,ok
LA_D_4174420,-14.852386474609375,-14.852386474609375,ok
LA_D_4176167,12.39452838897705,12.39452838897705,ok
LA_D_4179863,11.847780227661133,11.847780227661133,ok
LA_D_4180382,12.067963600158691,12.067963600158691,ok
LA_D_4180571,6.597911357879639,6.597911357879639,ok
LA_D_4181398,14.80985164642334,14.80985164642334,ok
LA_D_4181484,13.668852806091309,13.668852806091309,ok
LA_D_4181824,8.795268058776855,8.795268058776855,ok
LA_D_4182338,18.991456985473633,18.991456985473633,ok
LA_D_4182510,13.523507118225098,13.523507118225098,ok
LA_D_4182578,14.981255531311035,14.981255531311035,ok
LA_D_4183063,14.26637077331543,14.26637077331543,ok
LA_D_4184441,12.57999038696289,12.57999038696289,ok
LA_D_4184582,9.925329208374023,9.925329208374023,ok
LA_D_4185000,13.791581153869629,13.791581153869629,ok
LA_D_4185259,12.840692520141602,12.840692520141602,ok
LA_D_4185261,11.439278602600098,11.439278602600098,ok
LA_D_4187195,20.246809005737305,20.246809005737305,ok
LA_D_4187375,13.254931449890137,13.254931449890137,ok
LA_D_4189838,14.630148887634277,14.630148887634277,ok
LA_D_4189888,15.530800819396973,15.530800819396973,ok
LA_D_4190213,12.241616249084473,12.241616249084473,ok
LA_D_4190797,15.353020668029785,15.353020668029785,ok
LA_D_4190801,16.139423370361328,16.139423370361328,ok
LA_D_4190863,17.976842880249023,17.976842880249023,ok
LA_D_4191166,16.61327362060547,16.61327362060547,ok
LA_D_4191537,16.266948699951172,16.266948699951172,ok
LA_D_4191582,13.163750648498535,13.163750648498535,ok
LA_D_4191752,14.02452278137207,14.02452278137207,ok
LA_D_4191826,10.728166580200195,10.728166580200195,ok
LA_D_4192008,15.58067512512207,15.58067512512207,ok
LA_D_4193632,14.59326457977295,14.59326457977295,ok
LA_D_4194240,16.660367965698242,16.660367965698242,ok
LA_D_4195024,11.419817924499512,11.419817924499512,ok
LA_D_4195342,-16.912174224853516,-16.912174224853516,ok
LA_D_4195600,15.241056442260742,15.241056442260742,ok
LA_D_4196303,14.36545467376709,14.36545467376709,ok
LA_D_4196632,14.875603675842285,14.875603675842285,ok
LA_D_4196661,14.371294975280762,14.371294975280762,ok
LA_D_4196989,16.69068717956543,16.69068717956543,ok
LA_D_4197046,12.36343765258789,12.36343765258789,ok
LA_D_4198004,-12.412192344665527,-12.412192344665527,ok
LA_D_4198326,8.963313102722168,8.963313102722168,ok
LA_D_4198486,14.430920600891113,14.430920600891113,ok
LA_D_4198686,11.862175941467285,11.862175941467285,ok
LA_D_4199273,14.368399620056152,14.368399620056152,ok
LA_D_4199363,16.25992774963379,16.25992774963379,ok
LA_D_4200118,13.209351539611816,13.209351539611816,ok
LA_D_4200741,11.083830833435059,11.083830833435059,ok
LA_D_4200824,9.599371910095215,9.599371910095215,ok
LA_D_4200974,15.382119178771973,15.382119178771973,ok
LA_D_4201607,12.07915210723877,12.07915210723877,ok
LA_D_4202629,15.149033546447754,15.149033546447754,ok
LA_D_4203364,16.245006561279297,16.245006561279297,ok
LA_D_4203374,-9.509174346923828,-9.509174346923828,ok
LA_D_4203887,14.697561264038086,14.697561264038086,ok
LA_D_4204191,14.981535911560059,14.981535911560059,ok
LA_D_4204784,13.667728424072266,13.667728424072266,ok
LA_D_4205148,6.9537672996521,6.9537672996521,ok
LA_D_4205821,15.320740699768066,15.320740699768066,ok
LA_D_4206038,16.112150192260742,16.112150192260742,ok
LA_D_4206300,14.539671897888184,14.539671897888184,ok
LA_D_4206329,12.21706485748291,12.21706485748291,ok
LA_D_4206836,9.603354454040527,9.603354454040527,ok
LA_D_4206952,13.7251558303833,13.7251558303833,ok
LA_D_4207134,15.169933319091797,15.169933319091797,ok
LA_D_4208169,10.651764869689941,10.651764869689941,ok
LA_D_4208598,17.532306671142578,17.532306671142578,ok
LA_D_4210738,14.003207206726074,14.003207206726074,ok
LA_D_4213958,13.621264457702637,13.621264457702637,ok
LA_D_4216273,17.357818603515625,17.357818603515625,ok
LA_D_4218588,12.3167085647583,12.3167085647583,ok
LA_D_4221800,-12.019092559814453,-12.019092559814453,ok
LA_D_4223757,9.989581108093262,9.989581108093262,ok
LA_D_4224687,16.753652572631836,16.753652572631836,ok
LA_D_4225333,19.323156356811523,19.323156356811523,ok
LA_D_4225742,17.497194290161133,17.497194290161133,ok
LA_D_4226126,11.987707138061523,11.987707138061523,ok
LA_D_4228094,15.307211875915527,15.307211875915527,ok
LA_D_4228550,5.848752498626709,5.848752498626709,ok
LA_D_4228555,13.61168098449707,13.61168098449707,ok
LA_D_4230212,8.709246635437012,8.709246635437012,ok
LA_D_4231134,17.936960220336914,17.936960220336914,ok
LA_D_4231438,17.574647903442383,17.574647903442383,ok
LA_D_4231672,20.07101058959961,20.07101058959961,ok
LA_D_4232791,6.388045310974121,6.388045310974121,ok
LA_D_4232929,17.424226760864258,17.424226760864258,ok
LA_D_4234032,13.959906578063965,13.959906578063965,ok
LA_D_4234629,15.596212387084961,15.596212387084961,ok
LA_D_4235390,-14.606673240661621,-14.606673240661621,ok
LA_D_4236528,13.077338218688965,13.077338218688965,ok
LA_D_4236787,13.96352767944336,13.96352767944336,ok
LA_D_4239074,-15.325427055358887,-15.325427055358887,ok
LA_D_4239546,20.829275131225586,20.829275131225586,ok
LA_D_4239778,11.260575294494629,11.260575294494629,ok
LA_D_4239904,16.21632957458496,16.21632957458496,ok
LA_D_4240232,14.830560684204102,14.830560684204102,ok
LA_D_4240572,17.73981475830078,17.73981475830078,ok
LA_D_4241032,12.013532638549805,12.013532638549805,ok
LA_D_4243835,14.583789825439453,14.583789825439453,ok
LA_D_4246171,-17.338876724243164,-17.338876724243164,ok
LA_D_4246414,18.186208724975586,18.186208724975586,ok
LA_D_4246754,15.912040710449219,15.912040710449219,ok
LA_D_4246774,16.77073860168457,16.77073860168457,ok
LA_D_4246993,-7.507964611053467,-7.507964611053467,ok
LA_D_4248918,-14.26290225982666,-14.26290225982666,ok
LA_D_4249169,13.614460945129395,13.614460945129395,ok
LA_D_4249206,13.9475679397583,13.9475679397583,ok
LA_D_4249243,14.333697319030762,14.333697319030762,ok
LA_D_4249444,11.290738105773926,11.290738105773926,ok
LA_D_4250284,11.674568176269531,11.674568176269531,ok
LA_D_4251305,13.619368553161621,13.619368553161621,ok
LA_D_4253070,14.397530555725098,14.397530555725098,ok
LA_D_4253580,18.70775032043457,18.70775032043457,ok
LA_D_4254213,12.511307716369629,12.511307716369629,ok
LA_D_4254629,13.984421730041504,13.984421730041504,ok
LA_D_4255574,16.257904052734375,16.257904052734375,ok
LA_D_4256004,9.046172142028809,9.046172142028809,ok
LA_D_4256065,7.6772589683532715,7.6772589683532715,ok
LA_D_4256903,12.947527885437012,12.947527885437012,ok
LA_D_4258777,14.564777374267578,14.564777374267578,ok
LA_D_4258858,16.086719512939453,16.086719512939453,ok
LA_D_4258977,16.314943313598633,16.314943313598633,ok
LA_D_4259040,14.846938133239746,14.846938133239746,ok
LA_D_4259794,16.70209312438965,16.70209312438965,ok
LA_D_4260004,15.126391410827637,15.126391410827637,ok
LA_D_4260320,15.969987869262695,15.969987869262695,ok
LA_D_4261339,14.608768463134766,14.608768463134766,ok
LA_D_4262014,13.30899715423584,13.30899715423584,ok
LA_D_4262940,13.31594181060791,13.31594181060791,ok
LA_D_4263760,15.19308090209961,15.19308090209961,ok
LA_D_4264656,14.214863777160645,14.214863777160645,ok
LA_D_4264923,11.752589225769043,11.752589225769043,ok
LA_D_4265472,13.045907020568848,13.045907020568848,ok
LA_D_4265541,10.04327392578125,10.04327392578125,ok
LA_D_4266524,16.021652221679688,16.021652221679688,ok
LA_D_4269476,13.613286972045898,13.613286972045898,ok
LA_D_4270306,10.030070304870605,10.030070304870605,ok
LA_D_4272619,13.19383716583252,13.19383716583252,ok
LA_D_4272960,14.705521583557129,14.705521583557129,ok
LA_D_4274327,14.51330852508545,14.51330852508545,ok
LA_D_4274975,-12.556136131286621,-12.556136131286621,ok
LA_D_4274981,9.071553230285645,9.071553230285645,ok
LA_D_4276883,13.329090118408203,13.329090118408203,ok
LA_D_4277166,19.91742515563965,19.91742515563965,ok
LA_D_4277377,13.231492042541504,13.231492042541504,ok
LA_D_4277712,14.847249031066895,14.847249031066895,ok
LA_D_4278889,15.416088104248047,15.416088104248047,ok
LA_D_4279179,11.983798027038574,11.983798027038574,ok
LA_D_4279522,-14.997145652770996,-14.997145652770996,ok
LA_D_4280433,14.341485023498535,14.341485023498535,ok
LA_D_4281656,11.868170738220215,11.868170738220215,ok
LA_D_4281667,16.51603889465332,16.51603889465332,ok
LA_D_4282533,12.304193496704102,12.304193496704102,ok
LA_D_4282724,-11.916609764099121,-11.916609764099121,ok
LA_D_4283190,21.416215896606445,21.416215896606445,ok
LA_D_4284194,8.420652389526367,8.420652389526367,ok
LA_D_4285827,18.689899444580078,18.689899444580078,ok
LA_D_4286664,11.235673904418945,11.235673904418945,ok
LA_D_4289169,13.55044937133789,13.55044937133789,ok
LA_D_4290017,16.10686683654785,16.10686683654785,ok
LA_D_4291104,10.813511848449707,10.813511848449707,ok
LA_D_4293112,-14.083261489868164,-14.083261489868164,ok
LA_D_4293326,13.36457633972168,13.36457633972168,ok
LA_D_4293774,15.433680534362793,15.433680534362793,ok
LA_D_4293805,14.911675453186035,14.911675453186035,ok
LA_D_4294751,15.47019100189209,15.47019100189209,ok
LA_D_4296133,13.750754356384277,13.750754356384277,ok
LA_D_4296893,17.095861434936523,17.095861434936523,ok
LA_D_4297095,16.667388916015625,16.667388916015625,ok
LA_D_4297354,15.045522689819336,15.045522689819336,ok
LA_D_4297667,15.145834922790527,15.145834922790527,ok
LA_D_4300523,17.504796981811523,17.504796981811523,ok
LA_D_4301521,9.902934074401855,9.902934074401855,ok
LA_D_4301954,9.932147026062012,9.932147026062012,ok
LA_D_4302088,10.93321704864502,10.93321704864502,ok
LA_D_4302254,17.193357467651367,17.193357467651367,ok
LA_D_4302814,16.372358322143555,16.372358322143555,ok
LA_D_4304225,12.61976146697998,12.61976146697998,ok
LA_D_4304868,-13.13249397277832,-13.13249397277832,ok
LA_D_4306636,10.026688575744629,10.026688575744629,ok
LA_D_4308561,15.022863388061523,15.022863388061523,ok
LA_D_4309122,14.073564529418945,14.073564529418945,ok
LA_D_4309636,16.84720802307129,16.84720802307129,ok
LA_D_4309711,-4.861242771148682,-4.861242771148682,ok
LA_D_4311841,16.57109260559082,16.57109260559082,ok
LA_D_4311857,19.478580474853516,19.478580474853516,ok
LA_D_4315355,14.209609031677246,14.209609031677246,ok
LA_D_4318753,-11.749024391174316,-11.749024391174316,ok
LA_D_4319137,11.127143859863281,11.127143859863281,ok
LA_D_4320036,-3.6203079223632812,-3.6203079223632812,ok
LA_D_4320182,15.169312477111816,15.169312477111816,ok
LA_D_4321061,14.691112518310547,14.691112518310547,ok
LA_D_4322439,21.057756423950195,21.057756423950195,ok
LA_D_4322842,10.61337947845459,10.61337947845459,ok
LA_D_4324080,11.950596809387207,11.950596809387207,ok
LA_D_4324943,12.595672607421875,12.595672607421875,ok
LA_D_4326060,11.684450149536133,11.684450149536133,ok
LA_D_4326894,17.4451961517334,17.4451961517334,ok
LA_D_4329029,16.367727279663086,16.367727279663086,ok
LA_D_4330465,18.935195922851562,18.935195922851562,ok
LA_D_4330927,13.943205833435059,13.943205833435059,ok
LA_D_4331052,16.111669540405273,16.111669540405273,ok
LA_D_4332689,17.037919998168945,17.037919998168945,ok
LA_D_4332784,16.234336853027344,16.234336853027344,ok
LA_D_4333191,16.119766235351562,16.119766235351562,ok
LA_D_4333326,10.811440467834473,10.811440467834473,ok
LA_D_4335525,19.147836685180664,19.147836685180664,ok
LA_D_4335932,12.866433143615723,12.866433143615723,ok
LA_D_4337797,17.493410110473633,17.493410110473633,ok
LA_D_4338785,-14.473860740661621,-14.473860740661621,ok
LA_D_4338918,12.676460266113281,12.676460266113281,ok
LA_D_4339384,15.261652946472168,15.261652946472168,ok
LA_D_4339387,17.729116439819336,17.729116439819336,ok
LA_D_4339462,18.93564796447754,18.93564796447754,ok
LA_D_4339595,12.876587867736816,12.876587867736816,ok
LA_D_4339686,14.255463600158691,14.255463600158691,ok
LA_D_4339929,16.95842170715332,16.95842170715332,ok
LA_D_4340193,17.88148307800293,17.88148307800293,ok
LA_D_4341247,8.223361015319824,8.223361015319824,ok
LA_D_4341889,-12.619413375854492,-12.619413375854492,ok
LA_D_4342639,13.399321556091309,13.399321556091309,ok
LA_D_4342949,16.347856521606445,16.347856521606445,ok
LA_D_4343772,16.3760929107666,16.3760929107666,ok
LA_D_4344112,15.484589576721191,15.484589576721191,ok
LA_D_4344125,13.151611328125,13.151611328125,ok
LA_D_4344547,13.508760452270508,13.508760452270508,ok
LA_D_4344561,13.922876358032227,13.922876358032227,ok
LA_D_4344587,13.929322242736816,13.929322242736816,ok
LA_D_4344989,12.345601081848145,12.345601081848145,ok
LA_D_4347397,12.979942321777344,12.979942321777344,ok
LA_D_4347644,11.688273429870605,11.688273429870605,ok
LA_D_4348250,17.063814163208008,17.063814163208008,ok
LA_D_4348413,4.890518665313721,4.890518665313721,ok
LA_D_4350243,9.666563034057617,9.666563034057617,ok
LA_D_4350271,-14.333441734313965,-14.333441734313965,ok
LA_D_4353332,11.13160228729248,11.13160228729248,ok
LA_D_4354056,-15.37110424041748,-15.37110424041748,ok
LA_D_4354832,14.985556602478027,14.985556602478027,ok
LA_D_4355155,14.882135391235352,14.882135391235352,ok
LA_D_4356104,14.209558486938477,14.209558486938477,ok
LA_D_4356541,-14.279438972473145,-14.279438972473145,ok
LA_D_4356737,16.54722023010254,16.54722023010254,ok
LA_D_4357087,14.27127742767334,14.27127742767334,ok
LA_D_4357332,13.30409049987793,13.30409049987793,ok
LA_D_4358018,14.92195987701416,14.92195987701416,ok
LA_D_4358026,17.44706916809082,17.44706916809082,ok
LA_D_4359265,6.271188735961914,6.271188735961914,ok
LA_D_4359700,9.881146430969238,9.881146430969238,ok
LA_D_4360961,7.943160533905029,7.943160533905029,ok
LA_D_4362724,18.940580368041992,18.940580368041992,ok
LA_D_4363125,13.72245979309082,13.72245979309082,ok
LA_D_4365682,12.062969207763672,12.062969207763672,ok
LA_D_4367665,-16.734590530395508,-16.734590530395508,ok
LA_D_4368080,16.998083114624023,16.998083114624023,ok
LA_D_4368585,11.33321475982666,11.33321475982666,ok
LA_D_4371142,-13.163087844848633,-13.163087844848633,ok
LA_D_4371820,14.67722225189209,14.67722225189209,ok
LA_D_4372021,6.617849826812744,6.617849826812744,ok
LA_D_4372323,13.720197677612305,13.720197677612305,ok
LA_D_4373476,8.90520191192627,8.90520191192627,ok
LA_D_4373860,14.18805980682373,14.18805980682373,ok
LA_D_4374868,16.843019485473633,16.843019485473633,ok
LA_D_4375717,6.236571788787842,6.236571788787842,ok
LA_D_4375763,8.999342918395996,8.999342918395996,ok
LA_D_4376066,13.85104751586914,13.85104751586914,ok
LA_D_4377114,9.587116241455078,9.587116241455078,ok
LA_D_4378003,12.502518653869629,12.502518653869629,ok
LA_D_4378419,13.505986213684082,13.505986213684082,ok
LA_D_4382110,13.230382919311523,13.230382919311523,ok
LA_D_4382584,15.841168403625488,15.841168403625488,ok
LA_D_4382768,15.407049179077148,15.407049179077148,ok
LA_D_4384335,13.323847770690918,13.323847770690918,ok
LA_D_4385188,13.410751342773438,13.410751342773438,ok
LA_D_4385637,11.397675514221191,11.397675514221191,ok
LA_D_4386137,11.652094841003418,11.652094841003418,ok
LA_D_4386823,-14.109135627746582,-14.109135627746582,ok
LA_D_4387141,2.7643015384674072,2.7643015384674072,ok
LA_D_4388836,13.369612693786621,13.369612693786621,ok
LA_D_4389304,11.383017539978027,11.383017539978027,ok
LA_D_4389927,13.461965560913086,13.461965560913086,ok
LA_D_4390516,7.841405868530273,7.841405868530273,ok
LA_D_4391860,8.239206314086914,8.239206314086914,ok
LA_D_4394367,17.135866165161133,17.135866165161133,ok
LA_D_4394399,15.508700370788574,15.508700370788574,ok
LA_D_4395658,12.48779582977295,12.48779582977295,ok
LA_D_4396214,12.08973217010498,12.08973217010498,ok
LA_D_4396892,14.3353853225708,14.3353853225708,ok
LA_D_4397003,16.58891487121582,16.58891487121582,ok
LA_D_4397064,13.444009780883789,13.444009780883789,ok
LA_D_4397256,13.778998374938965,13.778998374938965,ok
LA_D_4398059,13.363741874694824,13.363741874694824,ok
LA_D_4398399,14.494366645812988,14.494366645812988,ok
LA_D_4399191,17.501035690307617,17.501035690307617,ok
LA_D_4399431,15.438916206359863,15.438916206359863,ok
LA_D_4399466,11.586773872375488,11.586773872375488,ok
LA_D_4399522,-11.516651153564453,-11.516651153564453,ok
LA_D_4401526,10.087794303894043,10.087794303894043,ok
LA_D_4401633,-9.460835456848145,-9.460835456848145,ok
LA_D_4401901,12.415026664733887,12.415026664733887,ok
LA_D_4402259,14.290007591247559,14.290007591247559,ok
LA_D_4402495,13.490374565124512,13.490374565124512,ok
LA_D_4402714,-14.939091682434082,-14.939091682434082,ok
LA_D_4402866,16.62336540222168,16.62336540222168,ok
LA_D_4404330,13.706570625305176,13.706570625305176,ok
LA_D_4407003,13.964800834655762,13.964800834655762,ok
LA_D_4407357,14.166560173034668,14.166560173034668,ok
LA_D_4407498,15.197480201721191,15.197480201721191,ok
LA_D_4407872,12.013288497924805,12.013288497924805,ok
LA_D_4409009,17.43913459777832,17.43913459777832,ok
LA_D_4409637,11.919468879699707,11.919468879699707,ok
LA_D_4411229,20.452322006225586,20.452322006225586,ok
LA_D_4411557,9.25673770904541,9.25673770904541,ok
LA_D_4411643,13.581259727478027,13.581259727478027,ok
LA_D_4411754,-14.45462417602539,-14.45462417602539,ok
LA_D_4411966,10.376914978027344,10.376914978027344,ok
LA_D_4412539,12.193944931030273,12.193944931030273,ok
LA_D_4412972,16.23413848876953,16.23413848876953,ok
LA_D_4413908,15.46462345123291,15.46462345123291,ok
LA_D_4414981,16.916751861572266,16.916751861572266,ok
LA_D_4415743,12.907998085021973,12.907998085021973,ok
LA_D_4416329,12.025837898254395,12.025837898254395,ok
LA_D_4416737,14.349818229675293,14.349818229675293,ok
LA_D_4418265,10.983048439025879,10.983048439025879,ok
LA_D_4418754,17.027851104736328,17.027851104736328,ok
LA_D_4419471,20.26993751525879,20.26993751525879,ok
LA_D_4421402,12.598173141479492,12.598173141479492,ok
LA_D_4421531,13.347275733947754,13.347275733947754,ok
LA_D_4422512,-10.692839622497559,-10.692839622497559,ok
LA_D_4427641,7.250762939453125,7.250762939453125,ok
LA_D_4427871,15.229270935058594,15.229270935058594,ok
LA_D_4429476,17.194948196411133,17.194948196411133,ok
LA_D_4430284,14.404539108276367,14.404539108276367,ok
LA_D_4430789,16.152084350585938,16.152084350585938,ok
LA_D_4432534,11.162318229675293,11.162318229675293,ok
LA_D_4432873,13.523170471191406,13.523170471191406,ok
LA_D_4433509,-11.854817390441895,-11.854817390441895,ok
LA_D_4434620,13.656928062438965,13.656928062438965,ok
LA_D_4434827,19.2379207611084,19.2379207611084,ok
LA_D_4436213,11.7116060256958,11.7116060256958,ok
LA_D_4436601,13.500118255615234,13.500118255615234,ok
LA_D_4437561,12.830900192260742,12.830900192260742,ok
LA_D_4437954,8.62636947631836,8.62636947631836,ok
LA_D_4438261,12.920771598815918,12.920771598815918,ok
LA_D_4438405,12.956809043884277,12.956809043884277,ok
LA_D_4440657,17.111648559570312,17.111648559570312,ok
LA_D_4441414,12.012961387634277,12.012961387634277,ok
LA_D_4441987,-8.709208488464355,-8.709208488464355,ok
LA_D_4442289,14.079930305480957,14.079930305480957,ok
LA_D_4442511,11.947379112243652,11.947379112243652,ok
LA_D_4445174,14.244223594665527,14.244223594665527,ok
LA_D_4445250,-14.416194915771484,-14.416194915771484,ok
LA_D_4446874,14.868765830993652,14.868765830993652,ok
LA_D_4447831,12.369072914123535,12.369072914123535,ok
LA_D_4448951,14.886805534362793,14.886805534362793,ok
LA_D_4448977,15.131195068359375,15.131195068359375,ok
LA_D_4449596,14.32551383972168,14.32551383972168,ok
LA_D_4450404,13.916552543640137,13.916552543640137,ok
LA_D_4451989,14.04035472869873,14.04035472869873,ok
LA_D_4452476,12.474761009216309,12.474761009216309,ok
LA_D_4452994,19.78327178955078,19.78327178955078,ok
LA_D_4453721,14.935271263122559,14.935271263122559,ok
LA_D_4453838,16.8070011138916,16.8070011138916,ok
LA_D_4455937,10.314055442810059,10.314055442810059,ok
LA_D_4457189,-2.7571346759796143,-2.7571346759796143,ok
LA_D_4458062,17.086362838745117,17.086362838745117,ok
LA_D_4458668,9.494452476501465,9.494452476501465,ok
LA_D_4459406,13.730786323547363,13.730786323547363,ok
LA_D_4459748,8.623236656188965,8.623236656188965,ok
LA_D_4459933,12.45918083190918,12.45918083190918,ok
LA_D_4460089,15.305829048156738,15.305829048156738,ok
LA_D_4460163,7.759073734283447,7.759073734283447,ok
LA_D_4461485,13.086699485778809,13.086699485778809,ok
LA_D_4462615,-12.792184829711914,-12.792184829711914,ok
LA_D_4463511,14.926989555358887,14.926989555358887,ok
LA_D_4463930,10.293108940124512,10.293108940124512,ok
LA_D_4464967,14.028264045715332,14.028264045715332,ok
LA_D_4467077,13.963162422180176,13.963162422180176,ok
LA_D_4467119,12.225285530090332,12.225285530090332,ok
LA_D_4468016,-13.271876335144043,-13.271876335144043,ok
LA_D_4469053,-15.661187171936035,-15.661187171936035,ok
LA_D_4469400,12.558344841003418,12.558344841003418,ok
LA_D_4469413,9.033612251281738,9.033612251281738,ok
LA_D_4471810,12.311291694641113,12.311291694641113,ok
LA_D_4472082,22.507137298583984,22.507137298583984,ok
LA_D_4472623,13.059173583984375,13.059173583984375,ok
LA_D_4472967,14.803196907043457,14.803196907043457,ok
LA_D_4474720,17.432580947875977,17.432580947875977,ok
LA_D_4475454,14.678857803344727,14.678857803344727,ok
LA_D_4475626,-13.076162338256836,-13.076162338256836,ok
LA_D_4476116,15.15131664276123,15.15131664276123,ok
LA_D_4476408,16.26620101928711,16.26620101928711,ok
LA_D_4477471,15.730301856994629,15.730301856994629,ok
LA_D_4481672,13.925703048706055,13.925703048706055,ok
LA_D_4482667,13.921486854553223,13.921486854553223,ok
LA_D_4483013,14.730504035949707,14.730504035949707,ok
LA_D_4484594,17.846824645996094,17.846824645996094,ok
LA_D_4485182,-6.190023899078369,-6.190023899078369,ok
LA_D_4485320,18.525978088378906,18.525978088378906,ok
LA_D_4485361,15.045584678649902,15.045584678649902,ok
LA_D_4485889,11.69457721710205,11.69457721710205,ok
LA_D_4486700,14.734198570251465,14.734198570251465,ok
LA_D_4487386,17.608217239379883,17.608217239379883,ok
LA_D_4487653,20.25443458557129,20.25443458557129,ok
LA_D_4487745,15.534817695617676,15.534817695617676,ok
LA_D_4487776,10.715271949768066,10.715271949768066,ok
LA_D_4488152,14.243433952331543,14.243433952331543,ok
LA_D_4488391,12.262494087219238,12.262494087219238,ok
LA_D_4488718,19.76774787902832,19.76774787902832,ok
LA_D_4488788,15.367002487182617,15.367002487182617,ok
LA_D_4488838,14.655782699584961,14.655782699584961,ok
LA_D_4489969,-15.501504898071289,-15.501504898071289,ok
LA_D_4490548,12.95913314819336,12.95913314819336,ok
LA_D_4491910,20.995180130004883,20.995180130004883,ok
LA_D_4492452,15.029467582702637,15.029467582702637,ok
LA_D_4492847,-3.2020645141601562,-3.2020645141601562,ok
LA_D_4494703,15.55630874633789,15.55630874633789,ok
LA_D_4496115,11.700004577636719,11.700004577636719,ok
LA_D_4497485,24.000972747802734,24.000972747802734,ok
LA_D_4498003,13.688572883605957,13.688572883605957,ok
LA_D_4499351,18.354646682739258,18.354646682739258,ok
LA_D_4499477,13.116193771362305,13.116193771362305,ok
LA_D_4500243,-13.190658569335938,-13.190658569335938,ok
LA_D_4502872,15.343916893005371,15.343916893005371,ok
LA_D_4504946,11.510692596435547,11.510692596435547,ok
LA_D_4505123,10.944144248962402,10.944144248962402,ok
LA_D_4505290,10.509594917297363,10.509594917297363,ok
LA_D_4505937,8.385454177856445,8.385454177856445,ok
LA_D_4506133,14.543720245361328,14.543720245361328,ok
LA_D_4506633,11.379881858825684,11.379881858825684,ok
LA_D_4507888,13.163335800170898,13.163335800170898,ok
LA_D_4509357,14.780207633972168,14.780207633972168,ok
LA_D_4510369,10.537066459655762,10.537066459655762,ok
LA_D_4511424,13.445493698120117,13.445493698120117,ok
LA_D_4512980,16.706653594970703,16.706653594970703,ok
LA_D_4513531,-12.659533500671387,-12.659533500671387,ok
LA_D_4514090,15.81564998626709,15.81564998626709,ok
LA_D_4514194,19.788320541381836,19.788320541381836,ok
LA_D_4515281,14.887755393981934,14.887755393981934,ok
LA_D_4516804,-14.395586967468262,-14.395586967468262,ok
LA_D_4516952,10.050032615661621,10.050032615661621,ok
LA_D_4518823,12.53111457824707,12.53111457824707,ok
LA_D_4519635,18.101795196533203,18.101795196533203,ok
LA_D_4520104,-12.92798900604248,-12.92798900604248,ok
LA_D_4522480,14.122319221496582,14.122319221496582,ok
LA_D_4523165,9.578128814697266,9.578128814697266,ok
LA_D_4524225,18.095422744750977,18.095422744750977,ok
LA_D_4526494,17.639060974121094,17.639060974121094,ok
LA_D_4526867,12.349578857421875,12.349578857421875,ok
LA_D_4527422,13.268342018127441,13.268342018127441,ok
LA_D_4527658,15.191191673278809,15.191191673278809,ok
LA_D_4528435,10.983918190002441,10.983918190002441,ok
LA_D_4529395,16.934648513793945,16.934648513793945,ok
LA_D_4529749,8.580961227416992,8.580961227416992,ok
LA_D_4530249,11.504939079284668,11.504939079284668,ok
LA_D_4530450,-12.82143497467041,-12.82143497467041,ok
LA_D_4530557,11.34436321258545,11.34436321258545,ok
LA_D_4532710,12.153117179870605,12.153117179870605,ok
LA_D_4533373,12.031168937683105,12.031168937683105,ok
LA_D_4537572,11.75615406036377,11.75615406036377,ok
LA_D_4538385,12.704079627990723,12.704079627990723,ok
LA_D_4538751,14.681578636169434,14.681578636169434,ok
LA_D_4539356,11.957413673400879,11.957413673400879,ok
LA_D_4540134,14.189600944519043,14.189600944519043,ok
LA_D_4540166,-12.71630573272705,-12.71630573272705,ok
LA_D_4540622,16.864721298217773,16.864721298217773,ok
LA_D_4540896,15.79348373413086,15.79348373413086,ok
LA_D_4541749,14.074799537658691,14.074799537658691,ok
LA_D_4541793,10.600817680358887,10.600817680358887,ok
LA_D_4541895,17.570837020874023,17.570837020874023,ok
LA_D_4542234,12.664437294006348,12.664437294006348,ok
LA_D_4542657,13.762541770935059,13.762541770935059,ok
LA_D_4542806,14.913504600524902,14.913504600524902,ok
LA_D_4542962,15.865129470825195,15.865129470825195,ok
LA_D_4543139,13.210921287536621,13.210921287536621,ok
LA_D_4544395,12.962124824523926,12.962124824523926,ok
LA_D_4544796,13.765746116638184,13.765746116638184,ok
LA_D_4545053,16.480133056640625,16.480133056640625,ok
LA_D_4545082,12.679795265197754,12.679795265197754,ok
LA_D_4545884,13.203465461730957,13.203465461730957,ok
LA_D_4546481,-10.441484451293945,-10.441484451293945,ok
LA_D_4547626,14.136167526245117,14.136167526245117,ok
LA_D_4548556,13.9010648727417,13.9010648727417,ok
LA_D_4550388,14.758882522583008,14.758882522583008,ok
LA_D_4551336,-14.17077350616455,-14.17077350616455,ok
LA_D_4551409,11.36281681060791,11.36281681060791,ok
LA_D_4551639,14.699066162109375,14.699066162109375,ok
LA_D_4551946,12.801526069641113,12.801526069641113,ok
LA_D_4552327,-14.949687957763672,-14.949687957763672,ok
LA_D_4552584,14.919182777404785,14.919182777404785,ok
LA_D_4552742,18.753665924072266,18.753665924072266,ok
LA_D_4554165,12.626163482666016,12.626163482666016,ok
LA_D_4554509,14.1752347946167,14.1752347946167,ok
LA_D_4555408,14.35034465789795,14.35034465789795,ok
LA_D_4556349,13.449631690979004,13.449631690979004,ok
LA_D_4557906,17.431459426879883,17.431459426879883,ok
LA_D_4558500,8.362774848937988,8.362774848937988,ok
LA_D_4561179,16.67120361328125,16.67120361328125,ok
LA_D_4562728,10.182316780090332,10.182316780090332,ok
LA_D_4562819,14.572794914245605,14.572794914245605,ok
LA_D_4562820,17.950044631958008,17.950044631958008,ok
LA_D_4564375,14.325312614440918,14.325312614440918,ok
LA_D_4565223,15.141484260559082,15.141484260559082,ok
LA_D_4567317,13.678431510925293,13.678431510925293,ok
LA_D_4567649,16.442596435546875,16.442596435546875,ok
LA_D_4567671,15.40018367767334,15.40018367767334,ok
LA_D_4567965,12.634317398071289,12.634317398071289,ok
LA_D_4568975,10.496501922607422,10.496501922607422,ok
LA_D_4571818,-13.692912101745605,-13.692912101745605,ok
LA_D_4572219,12.613722801208496,12.613722801208496,ok
LA_D_4573144,15.79668140411377,15.79668140411377,ok
LA_D_4573581,14.197519302368164,14.197519302368164,ok
LA_D_4573944,11.616192817687988,11.616192817687988,ok
LA_D_4574274,-12.120331764221191,-12.120331764221191,ok
LA_D_4575411,15.54880142211914,15.54880142211914,ok
LA_D_4575624,18.141008377075195,18.141008377075195,ok
LA_D_4577893,14.2382173538208,14.2382173538208,ok
LA_D_4579960,18.434724807739258,18.434724807739258,ok
LA_D_4580301,-14.613184928894043,-14.613184928894043,ok
LA_D_4580639,18.985965728759766,18.985965728759766,ok
LA_D_4581451,7.78346061706543,7.78346061706543,ok
LA_D_4582769,17.91518211364746,17.91518211364746,ok
LA_D_4583096,12.24051570892334,12.24051570892334,ok
LA_D_4583777,11.138754844665527,11.138754844665527,ok
LA_D_4583809,11.735920906066895,11.735920906066895,ok
LA_D_4584142,10.195815086364746,10.195815086364746,ok
LA_D_4585046,10.582523345947266,10.582523345947266,ok
LA_D_4585137,14.91617488861084,14.91617488861084,ok
LA_D_4585435,12.689583778381348,12.689583778381348,ok
LA_D_4585593,16.53151512145996,16.53151512145996,ok
LA_D_4586638,15.308684349060059,15.308684349060059,ok
LA_D_4586853,-9.17017650604248,-9.17017650604248,ok
LA_D_4588355,14.58023452758789,14.58023452758789,ok
LA_D_4589187,13.182731628417969,13.182731628417969,ok
LA_D_4590771,15.29554271697998,15.29554271697998,ok
LA_D_4591057,12.432538032531738,12.432538032531738,ok
LA_D_4592786,23.406784057617188,23.406784057617188,ok
LA_D_4593106,12.47331714630127,12.47331714630127,ok
LA_D_4593298,14.451563835144043,14.451563835144043,ok
LA_D_4593541,9.76414966583252,9.76414966583252,ok
LA_D_4593675,15.536787986755371,15.536787986755371,ok
LA_D_4594870,13.80673599243164,13.80673599243164,ok
LA_D_4595256,13.74588394165039,13.74588394165039,ok
LA_D_4598556,13.820751190185547,13.820751190185547,ok
LA_D_4598678,10.540314674377441,10.540314674377441,ok
LA_D_4599014,10.75011157989502,10.75011157989502,ok
LA_D_4599790,20.08213233947754,20.08213233947754,ok
LA_D_4599849,18.237226486206055,18.237226486206055,ok
LA_D_4601171,11.09497356414795,11.09497356414795,ok
LA_D_4601520,12.36169147491455,12.36169147491455,ok
LA_D_4601616,10.90527057647705,10.90527057647705,ok
LA_D_4601843,12.783671379089355,12.783671379089355,ok
LA_D_4602617,12.216349601745605,12.216349601745605,ok
LA_D_4602795,12.519530296325684,12.519530296325684,ok
LA_D_4603625,-13.279426574707031,-13.279426574707031,ok
LA_D_4603798,14.027173042297363,14.027173042297363,ok
LA_D_4603886,16.4715576171875,16.4715576171875,ok
LA_D_4606355,15.014328956604004,15.014328956604004,ok
LA_D_4606442,-12.054884910583496,-12.054884910583496,ok
LA_D_4608336,16.839387893676758,16.839387893676758,ok
LA_D_4609401,12.416901588439941,12.416901588439941,ok
LA_D_4610013,15.648573875427246,15.648573875427246,ok
LA_D_4610210,13.906795501708984,13.906795501708984,ok
LA_D_4610422,13.943013191223145,13.943013191223145,ok
LA_D_4611322,15.533659934997559,15.533659934997559,ok
LA_D_4613712,9.18513011932373,9.18513011932373,ok
LA_D_4615442,15.247761726379395,15.247761726379395,ok
LA_D_4617063,13.149163246154785,13.149163246154785,ok
LA_D_4617565,13.866499900817871,13.866499900817871,ok
LA_D_4620892,-12.695097923278809,-12.695097923278809,ok
LA_D_4623751,16.851442337036133,16.851442337036133,ok
LA_D_4624019,2.3132567405700684,2.3132567405700684,ok
LA_D_4626331,-11.20159912109375,-11.20159912109375,ok
LA_D_4626453,16.581253051757812,16.581253051757812,ok
LA_D_4626552,13.536837577819824,13.536837577819824,ok
LA_D_4627319,12.218629837036133,12.218629837036133,ok
LA_D_4627714,15.37357234954834,15.37357234954834,ok
LA_D_4628640,15.185052871704102,15.185052871704102,ok
LA_D_4629056,5.1333136558532715,5.1333136558532715,ok
LA_D_4629979,14.487805366516113,14.487805366516113,ok
LA_D_4631033,14.59331226348877,14.59331226348877,ok
LA_D_4631627,12.667450904846191,12.667450904846191,ok
LA_D_4637561,11.137401580810547,11.137401580810547,ok
LA_D_4637943,15.981614112854004,15.981614112854004,ok
LA_D_4638718,15.454545021057129,15.454545021057129,ok
LA_D_4644831,-11.72716236114502,-11.72716236114502,ok
LA_D_4645660,-13.36835765838623,-13.36835765838623,ok
LA_D_4646934,-9.886813163757324,-9.886813163757324,ok
LA_D_4647613,16.414165496826172,16.414165496826172,ok
LA_D_4647964,14.699596405029297,14.699596405029297,ok
LA_D_4648402,5.216685771942139,5.216685771942139,ok
LA_D_4649265,20.218442916870117,20.218442916870117,ok
LA_D_4650704,14.258566856384277,14.258566856384277,ok
LA_D_4650788,13.16412353515625,13.16412353515625,ok
LA_D_4650858,16.068941116333008,16.068941116333008,ok
LA_D_4653523,10.593567848205566,10.593567848205566,ok
LA_D_4653609,14.026540756225586,14.026540756225586,ok
LA_D_4653724,14.109910011291504,14.109910011291504,ok
LA_D_4654776,13.472779273986816,13.472779273986816,ok
LA_D_4654807,16.16149139404297,16.16149139404297,ok
LA_D_4657076,12.125727653503418,12.125727653503418,ok
LA_D_4662010,13.683008193969727,13.683008193969727,ok
LA_D_4662308,12.833876609802246,12.833876609802246,ok
LA_D_4663919,-16.30889892578125,-16.30889892578125,ok
LA_D_4665317,9.555131912231445,9.555131912231445,ok
LA_D_4665366,17.746387481689453,17.746387481689453,ok
LA_D_4666647,-12.923855781555176,-12.923855781555176,ok
LA_D_4667621,-13.680460929870605,-13.680460929870605,ok
LA_D_4668049,14.395894050598145,14.395894050598145,ok
LA_D_4668862,19.104581832885742,19.104581832885742,ok
LA_D_4669726,9.048245429992676,9.048245429992676,ok
LA_D_4673693,16.0523738861084,16.0523738861084,ok
LA_D_4673712,15.042552947998047,15.042552947998047,ok
LA_D_4673891,14.340883255004883,14.340883255004883,ok
LA_D_4674363,13.920379638671875,13.920379638671875,ok
LA_D_4674650,-14.716317176818848,-14.716317176818848,ok
LA_D_4678507,14.941906929016113,14.941906929016113,ok
LA_D_4678519,10.228472709655762,10.228472709655762,ok
LA_D_4678659,20.319978713989258,20.319978713989258,ok
LA_D_4679930,14.537403106689453,14.537403106689453,ok
LA_D_4680031,11.17042064666748,11.17042064666748,ok
LA_D_4681179,10.5791654586792,10.5791654586792,ok
LA_D_4681486,14.277043342590332,14.277043342590332,ok
LA_D_4682422,13.143902778625488,13.143902778625488,ok
LA_D_4683194,10.687338829040527,10.687338829040527,ok
LA_D_4683975,8.62014102935791,8.62014102935791,ok
LA_D_4684075,12.783117294311523,12.783117294311523,ok
LA_D_4685405,12.462368965148926,12.462368965148926,ok
LA_D_4685861,16.544584274291992,16.544584274291992,ok
LA_D_4686116,9.156120300292969,9.156120300292969,ok
LA_D_4688262,9.28798770904541,9.28798770904541,ok
LA_D_4691600,19.736204147338867,19.736204147338867,ok
LA_D_4694664,13.117491722106934,13.117491722106934,ok
LA_D_4694886,12.364909172058105,12.364909172058105,ok
LA_D_4696311,16.341869354248047,16.341869354248047,ok
LA_D_4697088,16.397165298461914,16.397165298461914,ok
LA_D_4698298,13.557465553283691,13.557465553283691,ok
LA_D_4698419,-13.728100776672363,-13.728100776672363,ok
LA_D_4698607,14.694587707519531,14.694587707519531,ok
LA_D_4699301,15.250102043151855,15.250102043151855,ok
LA_D_4699456,15.53292465209961,15.53292465209961,ok
LA_D_4700200,14.20067310333252,14.20067310333252,ok
LA_D_4702053,13.85693073272705,13.85693073272705,ok
LA_D_4702125,11.951752662658691,11.951752662658691,ok
LA_D_4702864,16.06035614013672,16.06035614013672,ok
LA_D_4702964,8.162593841552734,8.162593841552734,ok
LA_D_4703340,-15.370253562927246,-15.370253562927246,ok
LA_D_4703894,13.857007026672363,13.857007026672363,ok
LA_D_4704078,14.000710487365723,14.000710487365723,ok
LA_D_4704993,10.538236618041992,10.538236618041992,ok
LA_D_4707076,16.429685592651367,16.429685592651367,ok
LA_D_4708179,13.156133651733398,13.156133651733398,ok
LA_D_4708202,9.721575736999512,9.721575736999512,ok
LA_D_4708436,15.315001487731934,15.315001487731934,ok
LA_D_4708516,13.50711727142334,13.50711727142334,ok
LA_D_4708806,9.66479206085205,9.66479206085205,ok
LA_D_4708858,10.172608375549316,10.172608375549316,ok
LA_D_4709234,11.082579612731934,11.082579612731934,ok
LA_D_4710439,15.25448989868164,15.25448989868164,ok
LA_D_4710772,14.11130142211914,14.11130142211914,ok
LA_D_4710912,12.95121955871582,12.95121955871582,ok
LA_D_4712578,15.978758811950684,15.978758811950684,ok
LA_D_4713595,12.511527061462402,12.511527061462402,ok
LA_D_4715249,13.957655906677246,13.957655906677246,ok
LA_D_4716316,17.563175201416016,17.563175201416016,ok
LA_D_4717087,-8.25976276397705,-8.25976276397705,ok
LA_D_4718173,11.45531940460205,11.45531940460205,ok
LA_D_4718710,12.641039848327637,12.641039848327637,ok
LA_D_4718837,11.64731502532959,11.64731502532959,ok
LA_D_4719420,10.434812545776367,10.434812545776367,ok
LA_D_4719892,13.685175895690918,13.685175895690918,ok
LA_D_4719986,12.60200023651123,12.60200023651123,ok
LA_D_4720755,15.435171127319336,15.435171127319336,ok
LA_D_4720854,13.78868293762207,13.78868293762207,ok
LA_D_4720930,14.513167381286621,14.513167381286621,ok
LA_D_4721136,9.9756498336792,9.9756498336792,ok
LA_D_4721344,14.092535018920898,14.092535018920898,ok
LA_D_4721356,19.793344497680664,19.793344497680664,ok
LA_D_4722011,15.539202690124512,15.539202690124512,ok
LA_D_4722555,12.78358268737793,12.78358268737793,ok
LA_D_4723086,-11.374435424804688,-11.374435424804688,ok
LA_D_4723558,-2.557328701019287,-2.557328701019287,ok
LA_D_4723647,-12.928069114685059,-12.928069114685059,ok
LA_D_4724411,15.657083511352539,15.657083511352539,ok
LA_D_4724496,17.300739288330078,17.300739288330078,ok
LA_D_4724979,14.704256057739258,14.704256057739258,ok
LA_D_4725187,10.507031440734863,10.507031440734863,ok
LA_D_4727143,15.463759422302246,15.463759422302246,ok
LA_D_4728446,13.421648025512695,13.421648025512695,ok
LA_D_4728531,3.112644910812378,3.112644910812378,ok
LA_D_4729804,14.826521873474121,14.826521873474121,ok
LA_D_4729932,12.186577796936035,12.186577796936035,ok
LA_D_4730109,15.86403751373291,15.86403751373291,ok
LA_D_4730111,19.762834548950195,19.762834548950195,ok
LA_D_4730310,13.428788185119629,13.428788185119629,ok
LA_D_4732324,15.675524711608887,15.675524711608887,ok
LA_D_4732747,17.066707611083984,17.066707611083984,ok
LA_D_4734716,12.45394229888916,12.45394229888916,ok
LA_D_4735638,14.958264350891113,14.958264350891113,ok
LA_D_4735766,7.916266441345215,7.916266441345215,ok
LA_D_4736001,11.469568252563477,11.469568252563477,ok
LA_D_4736119,14.801314353942871,14.801314353942871,ok
LA_D_4736521,18.6942138671875,18.6942138671875,ok
LA_D_4736721,13.592779159545898,13.592779159545898,ok
LA_D_4737267,16.375783920288086,16.375783920288086,ok
LA_D_4737764,10.5054292678833,10.5054292678833,ok
LA_D_4737822,13.469883918762207,13.469883918762207,ok
LA_D_4740253,11.522472381591797,11.522472381591797,ok
LA_D_4741663,10.240955352783203,10.240955352783203,ok
LA_D_4741755,14.863728523254395,14.863728523254395,ok
LA_D_4744246,16.935409545898438,16.935409545898438,ok
LA_D_4745476,13.022128105163574,13.022128105163574,ok
LA_D_4745806,5.289962291717529,5.289962291717529,ok
LA_D_4746243,11.600825309753418,11.600825309753418,ok
LA_D_4747124,6.397607326507568,6.397607326507568,ok
LA_D_4747651,13.089895248413086,13.089895248413086,ok
LA_D_4747773,10.479321479797363,10.479321479797363,ok
LA_D_4750966,10.56196117401123,10.56196117401123,ok
LA_D_4751390,5.833579063415527,5.833579063415527,ok
LA_D_4752694,15.451666831970215,15.451666831970215,ok
LA_D_4752880,7.559013843536377,7.559013843536377,ok
LA_D_4753739,12.08398151397705,12.08398151397705,ok
LA_D_4754875,15.056946754455566,15.056946754455566,ok
LA_D_4755066,11.089238166809082,11.089238166809082,ok
LA_D_4755303,17.54143714904785,17.54143714904785,ok
LA_D_4757475,-16.45977783203125,-16.45977783203125,ok
LA_D_4757865,14.328780174255371,14.328780174255371,ok
LA_D_4758316,20.891427993774414,20.891427993774414,ok
LA_D_4758741,9.036887168884277,9.036887168884277,ok
LA_D_4760053,17.30190086364746,17.30190086364746,ok
LA_D_4762105,6.8046393394470215,6.8046393394470215,ok
LA_D_4762537,10.38692569732666,10.38692569732666,ok
LA_D_4763142,16.83739471435547,16.83739471435547,ok
LA_D_4763361,12.887894630432129,12.887894630432129,ok
LA_D_4764117,13.457833290100098,13.457833290100098,ok
LA_D_4765138,12.559002876281738,12.559002876281738,ok
LA_D_4765748,21.50977897644043,21.50977897644043,ok
LA_D_4765823,18.44637680053711,18.44637680053711,ok
LA_D_4766369,13.334978103637695,13.334978103637695,ok
LA_D_4766442,13.60122013092041,13.60122013092041,ok
LA_D_4766470,13.937051773071289,13.937051773071289,ok
LA_D_4766616,14.497918128967285,14.497918128967285,ok
LA_D_4766671,11.854523658752441,11.854523658752441,ok
LA_D_4767028,-15.181973457336426,-15.181973457336426,ok
LA_D_4767464,17.222929000854492,17.222929000854492,ok
LA_D_4767743,16.21122932434082,16.21122932434082,ok
LA_D_4767892,12.420552253723145,12.420552253723145,ok
LA_D_4768212,15.58729362487793,15.58729362487793,ok
LA_D_4768782,12.390341758728027,12.390341758728027,ok
LA_D_4768822,12.397459030151367,12.397459030151367,ok
LA_D_4769016,13.741963386535645,13.741963386535645,ok
LA_D_4769081,15.113957405090332,15.113957405090332,ok
LA_D_4769401,9.308283805847168,9.308283805847168,ok
LA_D_4770612,18.237092971801758,18.237092971801758,ok
LA_D_4770781,16.728532791137695,16.728532791137695,ok
LA_D_4770965,12.829012870788574,12.829012870788574,ok
LA_D_4771283,12.90919017791748,12.90919017791748,ok
LA_D_4771311,10.709321975708008,10.709321975708008,ok
LA_D_4771389,17.313634872436523,17.313634872436523,ok
LA_D_4771667,-16.311107635498047,-16.311107635498047,ok
LA_D_4771745,14.64555835723877,14.64555835723877,ok
LA_D_4771783,-13.754770278930664,-13.754770278930664,ok
LA_D_4772711,12.63438892364502,12.63438892364502,ok
LA_D_4773088,12.0214204788208,12.0214204788208,ok
LA_D_4774155,22.374971389770508,22.374971389770508,ok
LA_D_4774710,12.144129753112793,12.144129753112793,ok
LA_D_4776677,15.354996681213379,15.354996681213379,ok
LA_D_4776681,-14.932125091552734,-14.932125091552734,ok
LA_D_4777273,12.39077091217041,12.39077091217041,ok
LA_D_4777626,-13.235687255859375,-13.235687255859375,ok
LA_D_4777881,-13.161778450012207,-13.161778450012207,ok
LA_D_4778221,13.924102783203125,13.924102783203125,ok
LA_D_4781086,-13.91616439819336,-13.91616439819336,ok
LA_D_4784347,18.64966583251953,18.64966583251953,ok
LA_D_4784805,12.236550331115723,12.236550331115723,ok
LA_D_4784827,-2.5838606357574463,-2.5838606357574463,ok
LA_D_4786059,15.480300903320312,15.480300903320312,ok
LA_D_4788201,12.80284309387207,12.80284309387207,ok
LA_D_4788415,14.15869426727295,14.15869426727295,ok
LA_D_4788531,14.398191452026367,14.398191452026367,ok
LA_D_4788913,11.468162536621094,11.468162536621094,ok
LA_D_4789511,13.364579200744629,13.364579200744629,ok
LA_D_4789758,14.3178071975708,14.3178071975708,ok
LA_D_4790022,14.673579216003418,14.673579216003418,ok
LA_D_4790311,17.6873836517334,17.6873836517334,ok
LA_D_4791058,16.109615325927734,16.109615325927734,ok
LA_D_4791127,15.197409629821777,15.197409629821777,ok
LA_D_4793229,11.21106243133545,11.21106243133545,ok
LA_D_4793285,19.204404830932617,19.204404830932617,ok
LA_D_4794184,9.617116928100586,9.617116928100586,ok
LA_D_4796345,11.78192138671875,11.78192138671875,ok
LA_D_4796348,16.993852615356445,16.993852615356445,ok
LA_D_4797304,12.520453453063965,12.520453453063965,ok
LA_D_4797830,16.72937774658203,16.72937774658203,ok
LA_D_4797934,11.831700325012207,11.831700325012207,ok
LA_D_4798662,13.8971586227417,13.8971586227417,ok
LA_D_4798963,17.44199562072754,17.44199562072754,ok
LA_D_4798984,13.491805076599121,13.491805076599121,ok
LA_D_4799307,15.178994178771973,15.178994178771973,ok
LA_D_4799572,15.25380802154541,15.25380802154541,ok
LA_D_4801414,17.687847137451172,17.687847137451172,ok
LA_D_4802475,18.033283233642578,18.033283233642578,ok
LA_D_4802794,16.8781795501709,16.8781795501709,ok
LA_D_4803902,-12.809823036193848,-12.809823036193848,ok
LA_D_4804270,10.55463695526123,10.55463695526123,ok
LA_D_4804886,9.951226234436035,9.951226234436035,ok
LA_D_4807296,-11.420182228088379,-11.420182228088379,ok
LA_D_4810605,13.372828483581543,13.372828483581543,ok
LA_D_4811625,-11.872637748718262,-11.872637748718262,ok
LA_D_4812481,7.954794406890869,7.954794406890869,ok
LA_D_4812719,14.638094902038574,14.638094902038574,ok
LA_D_4813001,15.396883964538574,15.396883964538574,ok
LA_D_4813446,11.318207740783691,11.318207740783691,ok
LA_D_4813520,-12.625543594360352,-12.625543594360352,ok
LA_D_4813945,12.057112693786621,12.057112693786621,ok
LA_D_4814402,6.898304462432861,6.898304462432861,ok
LA_D_4814981,12.00532341003418,12.00532341003418,ok
LA_D_4815856,15.23884105682373,15.23884105682373,ok
LA_D_4816070,17.47003173828125,17.47003173828125,ok
LA_D_4816127,-12.176690101623535,-12.176690101623535,ok
LA_D_4816769,11.013903617858887,11.013903617858887,ok
LA_D_4818528,-11.347143173217773,-11.347143173217773,ok
LA_D_4820874,9.817564010620117,9.817564010620117,ok
LA_D_4821411,-12.013946533203125,-12.013946533203125,ok
LA_D_4822832,14.106627464294434,14.106627464294434,ok
LA_D_4823498,15.405618667602539,15.405618667602539,ok
LA_D_4824323,13.456985473632812,13.456985473632812,ok
LA_D_4825371,11.868430137634277,11.868430137634277,ok
LA_D_4825555,11.002663612365723,11.002663612365723,ok
LA_D_4825650,9.238072395324707,9.238072395324707,ok
LA_D_4825873,10.616039276123047,10.616039276123047,ok
LA_D_4825879,19.629350662231445,19.629350662231445,ok
LA_D_4828615,13.743706703186035,13.743706703186035,ok
LA_D_4828901,-14.041232109069824,-14.041232109069824,ok
LA_D_4830541,8.479784965515137,8.479784965515137,ok
LA_D_4830591,11.62112045288086,11.62112045288086,ok
LA_D_4831370,11.426279067993164,11.426279067993164,ok
LA_D_4831551,16.414583206176758,16.414583206176758,ok
LA_D_4832159,14.714903831481934,14.714903831481934,ok
LA_D_4833484,13.373976707458496,13.373976707458496,ok
LA_D_4834228,-12.860441207885742,-12.860441207885742,ok
LA_D_4835735,11.523605346679688,11.523605346679688,ok
LA_D_4835906,14.603230476379395,14.603230476379395,ok
LA_D_4836452,13.7348051071167,13.7348051071167,ok
LA_D_4837193,14.624504089355469,14.624504089355469,ok
LA_D_4838177,15.31531810760498,15.31531810760498,ok
LA_D_4838987,14.631455421447754,14.631455421447754,ok
LA_D_4840993,17.086782455444336,17.086782455444336,ok
LA_D_4841921,17.958084106445312,17.958084106445312,ok
LA_D_4842833,10.780367851257324,10.780367851257324,ok
LA_D_4843399,13.035470008850098,13.035470008850098,ok
LA_D_4845159,14.806862831115723,14.806862831115723,ok
LA_D_4846038,15.63260555267334,15.63260555267334,ok
LA_D_4846158,11.324263572692871,11.324263572692871,ok
LA_D_4850290,16.98141098022461,16.98141098022461,ok
LA_D_4850598,17.675148010253906,17.675148010253906,ok
LA_D_4850913,14.988656044006348,14.988656044006348,ok
LA_D_4851492,14.948046684265137,14.948046684265137,ok
LA_D_4851657,16.185514450073242,16.185514450073242,ok
LA_D_4852037,13.362666130065918,13.362666130065918,ok
LA_D_4852255,6.243626117706299,6.243626117706299,ok
LA_D_4852798,17.417808532714844,17.417808532714844,ok
LA_D_4853863,8.376501083374023,8.376501083374023,ok
LA_D_4854280,14.027388572692871,14.027388572692871,ok
LA_D_4855092,13.534750938415527,13.534750938415527,ok
LA_D_4856350,17.31879234313965,17.31879234313965,ok
LA_D_4857699,13.67753791809082,13.67753791809082,ok
LA_D_4859174,11.404376029968262,11.404376029968262,ok
LA_D_4859889,10.199599266052246,10.199599266052246,ok
LA_D_4859938,12.655647277832031,12.655647277832031,ok
LA_D_4860045,16.72205924987793,16.72205924987793,ok
LA_D_4860228,12.005146980285645,12.005146980285645,ok
LA_D_4863244,12.117569923400879,12.117569923400879,ok
LA_D_4863395,12.00428295135498,12.00428295135498,ok
LA_D_4864665,17.76780128479004,17.76780128479004,ok
LA_D_4864976,16.61302375793457,16.61302375793457,ok
LA_D_4865380,24.541202545166016,24.541202545166016,ok
LA_D_4866981,-14.276840209960938,-14.276840209960938,ok
LA_D_4867067,-13.160340309143066,-13.160340309143066,ok
LA_D_4868270,17.30651092529297,17.30651092529297,ok
LA_D_4868553,18.803850173950195,18.803850173950195,ok
LA_D_4868564,16.233530044555664,16.233530044555664,ok
LA_D_4869707,15.585686683654785,15.585686683654785,ok
LA_D_4870195,15.630524635314941,15.630524635314941,ok
LA_D_4871022,12.357990264892578,12.357990264892578,ok
LA_D_4871506,14.637043952941895,14.637043952941895,ok
LA_D_4872589,15.246989250183105,15.246989250183105,ok
LA_D_4873396,13.217473030090332,13.217473030090332,ok
LA_D_4874226,17.32874870300293,17.32874870300293,ok
LA_D_4874503,6.6572747230529785,6.6572747230529785,ok
LA_D_4874621,12.759878158569336,12.759878158569336,ok
LA_D_4875350,13.85232925415039,13.85232925415039,ok
LA_D_4876121,-14.184626579284668,-14.184626579284668,ok
LA_D_4876159,11.806955337524414,11.806955337524414,ok
LA_D_4876374,10.303893089294434,10.303893089294434,ok
LA_D_4876945,10.554642677307129,10.554642677307129,ok
LA_D_4876965,14.490851402282715,14.490851402282715,ok
LA_D_4877447,10.59326457977295,10.59326457977295,ok
LA_D_4881980,13.887946128845215,13.887946128845215,ok
LA_D_4882385,12.783146858215332,12.783146858215332,ok
LA_D_4882560,9.275918960571289,9.275918960571289,ok
LA_D_4883594,16.044904708862305,16.044904708862305,ok
LA_D_4884481,13.955864906311035,13.955864906311035,ok
LA_D_4884741,12.614506721496582,12.614506721496582,ok
LA_D_4887466,18.215375900268555,18.215375900268555,ok
LA_D_4888486,10.49807071685791,10.49807071685791,ok
LA_D_4888907,14.464960098266602,14.464960098266602,ok
LA_D_4891515,11.925503730773926,11.925503730773926,ok
LA_D_4891582,17.692995071411133,17.692995071411133,ok
LA_D_4893333,17.586109161376953,17.586109161376953,ok
LA_D_4893461,17.521581649780273,17.521581649780273,ok
LA_D_4893544,13.610247611999512,13.610247611999512,ok
LA_D_4893596,14.454886436462402,14.454886436462402,ok
LA_D_4894198,-15.075957298278809,-15.075957298278809,ok
LA_D_4894754,14.20246696472168,14.20246696472168,ok
LA_D_4895062,12.79474925994873,12.79474925994873,ok
LA_D_4895511,18.09449005126953,18.09449005126953,ok
LA_D_4896823,12.677750587463379,12.677750587463379,ok
LA_D_4897076,-9.54273509979248,-9.54273509979248,ok
LA_D_4897222,13.9768705368042,13.9768705368042,ok
LA_D_4898740,13.13003921508789,13.13003921508789,ok
LA_D_4899370,12.001765251159668,12.001765251159668,ok
LA_D_4900313,14.698807716369629,14.698807716369629,ok
LA_D_4900323,14.178956985473633,14.178956985473633,ok
LA_D_4901474,17.083017349243164,17.083017349243164,ok
LA_D_4902826,21.769765853881836,21.769765853881836,ok
LA_D_4903304,-13.919946670532227,-13.919946670532227,ok
LA_D_4904641,15.384909629821777,15.384909629821777,ok
LA_D_4904642,13.465353965759277,13.465353965759277,ok
LA_D_4907345,13.543731689453125,13.543731689453125,ok
LA_D_4907389,14.683857917785645,14.683857917785645,ok
LA_D_4907676,6.135265350341797,6.135265350341797,ok
LA_D_4908581,13.5178804397583,13.5178804397583,ok
LA_D_4909030,15.2098970413208,15.2098970413208,ok
LA_D_4909565,14.481181144714355,14.481181144714355,ok
LA_D_4910268,15.892899513244629,15.892899513244629,ok
LA_D_4911106,13.87647533416748,13.87647533416748,ok
LA_D_4911711,14.66104793548584,14.66104793548584,ok
LA_D_4912137,15.014001846313477,15.014001846313477,ok
LA_D_4914250,17.730398178100586,17.730398178100586,ok
LA_D_4915280,17.134340286254883,17.134340286254883,ok
LA_D_4915395,15.887663841247559,15.887663841247559,ok
LA_D_4915695,13.42750072479248,13.42750072479248,ok
LA_D_4917895,-11.925204277038574,-11.925204277038574,ok
LA_D_4919668,11.666121482849121,11.666121482849121,ok
LA_D_4919685,13.664233207702637,13.664233207702637,ok
LA_D_4919707,14.848362922668457,14.848362922668457,ok
LA_D_4919746,10.711514472961426,10.711514472961426,ok
LA_D_4920424,8.297450065612793,8.297450065612793,ok
LA_D_4920544,15.073853492736816,15.073853492736816,ok
LA_D_4921306,10.345946311950684,10.345946311950684,ok
LA_D_4921369,14.170029640197754,14.170029640197754,ok
LA_D_4922394,6.141024112701416,6.141024112701416,ok
LA_D_4923977,16.5379638671875,16.5379638671875,ok
LA_D_4924355,16.742464065551758,16.742464065551758,ok
LA_D_4925465,18.319543838500977,18.319543838500977,ok
LA_D_4925887,20.031476974487305,20.031476974487305,ok
LA_D_4927828,15.335290908813477,15.335290908813477,ok
LA_D_4928075,14.422557830810547,14.422557830810547,ok
LA_D_4928308,15.824223518371582,15.824223518371582,ok
LA_D_4929114,15.439959526062012,15.439959526062012,ok
LA_D_4929440,15.439162254333496,15.439162254333496,ok
LA_D_4929561,15.89257526397705,15.89257526397705,ok
LA_D_4929765,19.912925720214844,19.912925720214844,ok
LA_D_4929781,10.21937084197998,10.21937084197998,ok
LA_D_4931293,17.21468734741211,17.21468734741211,ok
LA_D_4931376,15.444011688232422,15.444011688232422,ok
LA_D_4931710,11.792253494262695,11.792253494262695,ok
LA_D_4932083,14.420092582702637,14.420092582702637,ok
LA_D_4933001,11.65566349029541,11.65566349029541,ok
LA_D_4933527,10.792983055114746,10.792983055114746,ok
LA_D_4934401,11.843485832214355,11.843485832214355,ok
LA_D_4935046,15.299607276916504,15.299607276916504,ok
LA_D_4935731,16.322107315063477,16.322107315063477,ok
LA_D_4935985,18.469690322875977,18.469690322875977,ok
LA_D_4936226,13.91110897064209,13.91110897064209,ok
LA_D_4938185,23.30318260192871,23.30318260192871,ok
LA_D_4938958,13.908629417419434,13.908629417419434,ok
LA_D_4938987,18.09238624572754,18.09238624572754,ok
LA_D_4939706,7.846895217895508,7.846895217895508,ok
LA_D_4940984,14.490221977233887,14.490221977233887,ok
LA_D_4941783,11.677384376525879,11.677384376525879,ok
LA_D_4942826,12.117730140686035,12.117730140686035,ok
LA_D_4943612,15.963835716247559,15.963835716247559,ok
LA_D_4944706,14.295354843139648,14.295354843139648,ok
LA_D_4945608,-11.519291877746582,-11.519291877746582,ok
LA_D_4946274,14.80566120147705,14.80566120147705,ok
LA_D_4946335,17.887609481811523,17.887609481811523,ok
LA_D_4946717,14.480599403381348,14.480599403381348,ok
LA_D_4947147,-9.64535140991211,-9.64535140991211,ok
LA_D_4947156,12.939201354980469,12.939201354980469,ok
LA_D_4947786,12.969427108764648,12.969427108764648,ok
LA_D_4947818,16.04925537109375,16.04925537109375,ok
LA_D_4947939,12.596078872680664,12.596078872680664,ok
LA_D_4949629,13.696967124938965,13.696967124938965,ok
LA_D_4950221,15.188023567199707,15.188023567199707,ok
LA_D_4950294,13.737603187561035,13.737603187561035,ok
LA_D_4952066,13.751782417297363,13.751782417297363,ok
LA_D_4952493,-14.257172584533691,-14.257172584533691,ok
LA_D_4952907,13.754598617553711,13.754598617553711,ok
LA_D_4953037,12.436372756958008,12.436372756958008,ok
LA_D_4954651,12.49567699432373,12.49567699432373,ok
LA_D_4954842,16.752058029174805,16.752058029174805,ok
LA_D_4956039,12.026241302490234,12.026241302490234,ok
LA_D_4958833,15.67844009399414,15.67844009399414,ok
LA_D_4959035,9.006482124328613,9.006482124328613,ok
LA_D_4960294,12.115439414978027,12.115439414978027,ok
LA_D_4960326,10.801785469055176,10.801785469055176,ok
LA_D_4961315,-14.279064178466797,-14.279064178466797,ok
LA_D_4961502,15.64655590057373,15.64655590057373,ok
LA_D_4961527,11.096428871154785,11.096428871154785,ok
LA_D_4961829,8.099385261535645,8.099385261535645,ok
LA_D_4962492,-13.2603178024292,-13.2603178024292,ok
LA_D_4962965,14.756489753723145,14.756489753723145,ok
LA_D_4963074,16.820051193237305,16.820051193237305,ok
LA_D_4964036,13.617415428161621,13.617415428161621,ok
LA_D_4964260,-13.82076358795166,-13.82076358795166,ok
LA_D_4964309,16.251001358032227,16.251001358032227,ok
LA_D_4965816,9.318535804748535,9.318535804748535,ok
LA_D_4965981,10.720524787902832,10.720524787902832,ok
LA_D_4966032,15.541287422180176,15.541287422180176,ok
LA_D_4966083,-13.66784381866455,-13.66784381866455,ok
LA_D_4966175,13.889337539672852,13.889337539672852,ok
LA_D_4966242,16.991756439208984,16.991756439208984,ok
LA_D_4967942,20.123857498168945,20.123857498168945,ok
LA_D_4968305,-15.540539741516113,-15.540539741516113,ok
LA_D_4969607,-13.713095664978027,-13.713095664978027,ok
LA_D_4969859,-15.433832168579102,-15.433832168579102,ok
LA_D_4969991,12.49746036529541,12.49746036529541,ok
LA_D_4970282,14.51880168914795,14.51880168914795,ok
LA_D_4971078,-9.098016738891602,-9.098016738891602,ok
LA_D_4972385,14.068772315979004,14.068772315979004,ok
LA_D_4972782,9.043728828430176,9.043728828430176,ok
LA_D_4973412,-12.665647506713867,-12.665647506713867,ok
LA_D_4974078,10.802845001220703,10.802845001220703,ok
LA_D_4974659,14.204218864440918,14.204218864440918,ok
LA_D_4977098,11.068289756774902,11.068289756774902,ok
LA_D_4977329,-15.243380546569824,-15.243380546569824,ok
LA_D_4978565,16.199440002441406,16.199440002441406,ok
LA_D_4979134,13.953177452087402,13.953177452087402,ok
LA_D_4979175,12.210917472839355,12.210917472839355,ok
LA_D_4979666,8.650579452514648,8.650579452514648,ok
LA_D_4981603,18.68560028076172,18.68560028076172,ok
LA_D_4982133,13.11806583404541,13.11806583404541,ok
LA_D_4983313,14.328198432922363,14.328198432922363,ok
LA_D_4984003,13.950761795043945,13.950761795043945,ok
LA_D_4984074,13.217391014099121,13.217391014099121,ok
LA_D_4984317,12.289688110351562,12.289688110351562,ok
LA_D_4984754,12.419843673706055,12.419843673706055,ok
LA_D_4985773,13.889339447021484,13.889339447021484,ok
LA_D_4986715,14.20511531829834,14.20511531829834,ok
LA_D_4986753,16.351240158081055,16.351240158081055,ok
LA_D_4987822,10.942245483398438,10.942245483398438,ok
LA_D_4990292,14.368441581726074,14.368441581726074,ok
LA_D_4990575,13.205683708190918,13.205683708190918,ok
LA_D_4991294,16.561952590942383,16.561952590942383,ok
LA_D_4992364,-14.61647891998291,-14.61647891998291,ok
LA_D_4992474,19.650644302368164,19.650644302368164,ok
LA_D_4992708,16.855867385864258,16.855867385864258,ok
LA_D_4993211,10.293408393859863,10.293408393859863,ok
LA_D_4994552,12.332728385925293,12.332728385925293,ok
LA_D_4995063,13.305437088012695,13.305437088012695,ok
LA_D_4995679,13.895707130432129,13.895707130432129,ok
LA_D_4996496,14.999913215637207,14.999913215637207,ok
LA_D_4999216,16.783279418945312,16.783279418945312,ok
LA_D_4999305,14.753559112548828,14.753559112548828,ok
LA_D_5001469,14.792695045471191,14.792695045471191,ok
LA_D_5002979,10.049413681030273,10.049413681030273,ok
LA_D_5004092,15.260687828063965,15.260687828063965,ok
LA_D_5005167,14.578076362609863,14.578076362609863,ok
LA_D_5005646,13.617955207824707,13.617955207824707,ok
LA_D_5005973,13.216227531433105,13.216227531433105,ok
LA_D_5008093,16.82693099975586,16.82693099975586,ok
LA_D_5008157,10.307827949523926,10.307827949523926,ok
LA_D_5009375,12.875286102294922,12.875286102294922,ok
LA_D_5010817,9.377685546875,9.377685546875,ok
LA_D_5011300,16.022991180419922,16.022991180419922,ok
LA_D_5011714,-15.38393497467041,-15.38393497467041,ok
LA_D_5012127,14.915451049804688,14.915451049804688,ok
LA_D_5012472,16.192468643188477,16.192468643188477,ok
LA_D_5013159,9.148962020874023,9.148962020874023,ok
LA_D_5013243,10.484984397888184,10.484984397888184,ok
LA_D_5013283,14.924492835998535,14.924492835998535,ok
LA_D_5014370,14.210051536560059,14.210051536560059,ok
LA_D_5016623,17.723310470581055,17.723310470581055,ok
LA_D_5017002,12.484265327453613,12.484265327453613,ok
LA_D_5017814,15.0040922164917,15.0040922164917,ok
LA_D_5018111,9.09812068939209,9.09812068939209,ok
LA_D_5018258,-11.694831848144531,-11.694831848144531,ok
LA_D_5018490,11.519965171813965,11.519965171813965,ok
LA_D_5018816,11.984253883361816,11.984253883361816,ok
LA_D_5018866,16.87775230407715,16.87775230407715,ok
LA_D_5021244,-12.398665428161621,-12.398665428161621,ok
LA_D_5023844,13.742827415466309,13.742827415466309,ok
LA_D_5026079,13.352742195129395,13.352742195129395,ok
LA_D_5026225,16.183752059936523,16.183752059936523,ok
LA_D_5026406,10.500763893127441,10.500763893127441,ok
LA_D_5026441,10.957115173339844,10.957115173339844,ok
LA_D_5026692,-13.343338966369629,-13.343338966369629,ok
LA_D_5026948,13.353558540344238,13.353558540344238,ok
LA_D_5028072,19.981273651123047,19.981273651123047,ok
LA_D_5028641,17.429349899291992,17.429349899291992,ok
LA_D_5028697,11.936549186706543,11.936549186706543,ok
LA_D_5029303,15.266161918640137,15.266161918640137,ok
LA_D_5029338,-7.465359210968018,-7.465359210968018,ok
LA_D_5030185,17.56282615661621,17.56282615661621,ok
LA_D_5031248,13.686907768249512,13.686907768249512,ok
LA_D_5032508,16.386106491088867,16.386106491088867,ok
LA_D_5034046,17.854848861694336,17.854848861694336,ok
LA_D_5034203,11.19864559173584,11.19864559173584,ok
LA_D_5035533,8.928799629211426,8.928799629211426,ok
LA_D_5039819,13.123074531555176,13.123074531555176,ok
LA_D_5040114,12.001218795776367,12.001218795776367,ok
LA_D_5041256,11.67967700958252,11.67967700958252,ok
LA_D_5042622,14.425774574279785,14.425774574279785,ok
LA_D_5044120,16.573022842407227,16.573022842407227,ok
LA_D_5046909,13.382294654846191,13.382294654846191,ok
LA_D_5047683,5.889394283294678,5.889394283294678,ok
LA_D_5048362,17.05386734008789,17.05386734008789,ok
LA_D_5049280,15.160845756530762,15.160845756530762,ok
LA_D_5050513,10.81578254699707,10.81578254699707,ok
LA_D_5051331,17.95990753173828,17.95990753173828,ok
LA_D_5051597,16.38153839111328,16.38153839111328,ok
LA_D_5051791,12.240036964416504,12.240036964416504,ok
LA_D_5051913,14.716361999511719,14.716361999511719,ok
LA_D_5052184,12.869475364685059,12.869475364685059,ok
LA_D_5053631,19.8150577545166,19.8150577545166,ok
LA_D_5054258,17.27924156188965,17.27924156188965,ok
LA_D_5054541,10.834863662719727,10.834863662719727,ok
LA_D_5054607,13.027678489685059,13.027678489685059,ok
LA_D_5054904,-12.2452974319458,-12.2452974319458,ok
LA_D_5055165,22.55156707763672,22.55156707763672,ok
LA_D_5056218,-14.345147132873535,-14.345147132873535,ok
LA_D_5057705,10.097212791442871,10.097212791442871,ok
LA_D_5058489,13.889634132385254,13.889634132385254,ok
LA_D_5060788,13.8534574508667,13.8534574508667,ok
LA_D_5062241,13.135687828063965,13.135687828063965,ok
LA_D_5063604,11.730982780456543,11.730982780456543,ok
LA_D_5064398,13.356583595275879,13.356583595275879,ok
LA_D_5065135,13.961804389953613,13.961804389953613,ok
LA_D_5066173,14.5897216796875,14.5897216796875,ok
LA_D_5066427,12.694965362548828,12.694965362548828,ok
LA_D_5067087,17.694841384887695,17.694841384887695,ok
LA_D_5067184,12.076581001281738,12.076581001281738,ok
LA_D_5067930,13.496803283691406,13.496803283691406,ok
LA_D_5068271,10.663270950317383,10.663270950317383,ok
LA_D_5068352,18.33613395690918,18.33613395690918,ok
LA_D_5070212,10.928208351135254,10.928208351135254,ok
LA_D_5070679,13.644394874572754,13.644394874572754,ok
LA_D_5071457,11.84864330291748,11.84864330291748,ok
LA_D_5073015,6.359023571014404,6.359023571014404,ok
LA_D_5073126,15.858392715454102,15.858392715454102,ok
LA_D_5074328,15.3165922164917,15.3165922164917,ok
LA_D_5074906,12.096116065979004,12.096116065979004,ok
LA_D_5074932,13.105328559875488,13.105328559875488,ok
LA_D_5075029,-14.354327201843262,-14.354327201843262,ok
LA_D_5076123,14.944451332092285,14.944451332092285,ok
LA_D_5076610,17.36756706237793,17.36756706237793,ok
LA_D_5076674,9.558187484741211,9.558187484741211,ok
LA_D_5076694,18.362760543823242,18.362760543823242,ok
LA_D_5077584,8.912274360656738,8.912274360656738,ok
LA_D_5077681,14.0260591506958,14.0260591506958,ok
LA_D_5079558,10.235747337341309,10.235747337341309,ok
LA_D_5081966,13.514386177062988,13.514386177062988,ok
LA_D_5082258,14.03579044342041,14.03579044342041,ok
LA_D_5084830,14.184311866760254,14.184311866760254,ok
LA_D_5085425,11.272522926330566,11.272522926330566,ok
LA_D_5086729,12.274985313415527,12.274985313415527,ok
LA_D_5088369,13.767023086547852,13.767023086547852,ok
LA_D_5089751,12.746922492980957,12.746922492980957,ok
LA_D_5090421,-12.3443021774292,-12.3443021774292,ok
LA_D_5090531,14.629717826843262,14.629717826843262,ok
LA_D_5090551,14.765706062316895,14.765706062316895,ok
LA_D_5090608,19.36797523498535,19.36797523498535,ok
LA_D_5090803,-11.5111665725708,-11.5111665725708,ok
LA_D_5091510,7.7513747215271,7.7513747215271,ok
LA_D_5091691,16.239938735961914,16.239938735961914,ok
LA_D_5091760,14.701162338256836,14.701162338256836,ok
LA_D_5092098,14.973162651062012,14.973162651062012,ok
LA_D_5092272,15.05562973022461,15.05562973022461,ok
LA_D_5092434,18.19864273071289,18.19864273071289,ok
LA_D_5092533,13.895026206970215,13.895026206970215,ok
LA_D_5092940,15.951476097106934,15.951476097106934,ok
LA_D_5094867,15.473742485046387,15.473742485046387,ok
LA_D_5095193,16.364484786987305,16.364484786987305,ok
LA_D_5095523,12.820034980773926,12.820034980773926,ok
LA_D_5096284,12.412714004516602,12.412714004516602,ok
LA_D_5097555,15.021947860717773,15.021947860717773,ok
LA_D_5098281,12.433592796325684,12.433592796325684,ok
LA_D_5098442,17.496564865112305,17.496564865112305,ok
LA_D_5100182,17.373172760009766,17.373172760009766,ok
LA_D_5100382,9.097203254699707,9.097203254699707,ok
LA_D_5100813,17.170269012451172,17.170269012451172,ok
LA_D_5101551,13.39747142791748,13.39747142791748,ok
LA_D_5101720,8.170015335083008,8.170015335083008,ok
LA_D_5103356,19.365276336669922,19.365276336669922,ok
LA_D_5103566,12.21557331085205,12.21557331085205,ok
LA_D_5104907,10.756935119628906,10.756935119628906,ok
LA_D_5106469,8.796900749206543,8.796900749206543,ok
LA_D_5107192,15.318449974060059,15.318449974060059,ok
LA_D_5107868,12.69878101348877,12.69878101348877,ok
LA_D_5109502,15.321219444274902,15.321219444274902,ok
LA_D_5109561,16.344633102416992,16.344633102416992,ok
LA_D_5110293,15.228320121765137,15.228320121765137,ok
LA_D_5110992,-14.033064842224121,-14.033064842224121,ok
LA_D_5111401,23.47568130493164,23.47568130493164,ok
LA_D_5115596,11.383378028869629,11.383378028869629,ok
LA_D_5116527,11.600865364074707,11.600865364074707,ok
LA_D_5117145,10.18940544128418,10.18940544128418,ok
LA_D_5117623,16.670961380004883,16.670961380004883,ok
LA_D_5118097,16.36903953552246,16.36903953552246,ok
LA_D_5118215,17.009077072143555,17.009077072143555,ok
LA_D_5119493,11.20873737335205,11.20873737335205,ok
LA_D_5120421,13.241595268249512,13.241595268249512,ok
LA_D_5120726,14.137944221496582,14.137944221496582,ok
LA_D_5123725,12.741580963134766,12.741580963134766,ok
LA_D_5123844,15.686788558959961,15.686788558959961,ok
LA_D_5124586,13.293831825256348,13.293831825256348,ok
LA_D_5126554,15.341269493103027,15.341269493103027,ok
LA_D_5126998,6.308545112609863,6.308545112609863,ok
LA_D_5127521,10.746783256530762,10.746783256530762,ok
LA_D_5127607,17.69329833984375,17.69329833984375,ok
LA_D_5128111,16.380144119262695,16.380144119262695,ok
LA_D_5131261,12.565348625183105,12.565348625183105,ok
LA_D_5131724,8.778922080993652,8.778922080993652,ok
LA_D_5133121,14.042166709899902,14.042166709899902,ok
LA_D_5133384,10.901610374450684,10.901610374450684,ok
LA_D_5135042,-15.44931697845459,-15.44931697845459,ok
LA_D_5135623,10.30556583404541,10.30556583404541,ok
LA_D_5136094,14.731986999511719,14.731986999511719,ok
LA_D_5138201,16.21549415588379,16.21549415588379,ok
LA_D_5138851,15.574294090270996,15.574294090270996,ok
LA_D_5139344,13.052159309387207,13.052159309387207,ok
LA_D_5139863,21.167470932006836,21.167470932006836,ok
LA_D_5140041,17.286149978637695,17.286149978637695,ok
LA_D_5140118,14.336441040039062,14.336441040039062,ok
LA_D_5140508,15.782522201538086,15.782522201538086,ok
LA_D_5140773,13.391545295715332,13.391545295715332,ok
LA_D_5142081,14.996593475341797,14.996593475341797,ok
LA_D_5145079,12.916455268859863,12.916455268859863,ok
LA_D_5145753,16.02508544921875,16.02508544921875,ok
LA_D_5146064,-12.672276496887207,-12.672276496887207,ok
LA_D_5147678,12.862805366516113,12.862805366516113,ok
LA_D_5147912,14.61237907409668,14.61237907409668,ok
LA_D_5148813,17.670461654663086,17.670461654663086,ok
LA_D_5149214,7.671478748321533,7.671478748321533,ok
LA_D_5149734,17.58880043029785,17.58880043029785,ok
LA_D_5151081,20.372047424316406,20.372047424316406,ok
LA_D_5151616,13.926393508911133,13.926393508911133,ok
LA_D_5152377,16.571447372436523,16.571447372436523,ok
LA_D_5153538,11.398869514465332,11.398869514465332,ok
LA_D_5155418,10.758366584777832,10.758366584777832,ok
LA_D_5156009,9.981889724731445,9.981889724731445,ok
LA_D_5157129,16.21978759765625,16.21978759765625,ok
LA_D_5157517,17.443880081176758,17.443880081176758,ok
LA_D_5157632,11.324316024780273,11.324316024780273,ok
LA_D_5158638,-14.145649909973145,-14.145649909973145,ok
LA_D_5159936,14.57362174987793,14.57362174987793,ok
LA_D_5163083,10.988367080688477,10.988367080688477,ok
LA_D_5163761,19.717065811157227,19.717065811157227,ok
LA_D_5163985,14.85770320892334,14.85770320892334,ok
LA_D_5164039,11.993780136108398,11.993780136108398,ok
LA_D_5165049,14.800665855407715,14.800665855407715,ok
LA_D_5165259,19.544652938842773,19.544652938842773,ok
LA_D_5167234,8.367379188537598,8.367379188537598,ok
LA_D_5167361,13.07793140411377,13.07793140411377,ok
LA_D_5167363,14.791975975036621,14.791975975036621,ok
LA_D_5168716,14.096476554870605,14.096476554870605,ok
LA_D_5168787,9.968573570251465,9.968573570251465,ok
LA_D_5169731,20.189321517944336,20.189321517944336,ok
LA_D_5169953,15.043107032775879,15.043107032775879,ok
LA_D_5170331,15.20276927947998,15.20276927947998,ok
LA_D_5170428,16.494539260864258,16.494539260864258,ok
LA_D_5171645,14.793723106384277,14.793723106384277,ok
LA_D_5172398,18.15138816833496,18.15138816833496,ok
LA_D_5173528,13.850874900817871,13.850874900817871,ok
LA_D_5174000,16.225358963012695,16.225358963012695,ok
LA_D_5174186,14.290274620056152,14.290274620056152,ok
LA_D_5174430,-1.0437281131744385,-1.0437281131744385,ok
LA_D_5174566,10.402731895446777,10.402731895446777,ok
LA_D_5175082,12.24749755859375,12.24749755859375,ok
LA_D_5176156,12.057233810424805,12.057233810424805,ok
LA_D_5176173,15.092829704284668,15.092829704284668,ok
LA_D_5177326,19.34475326538086,19.34475326538086,ok
LA_D_5177748,12.992387771606445,12.992387771606445,ok
LA_D_5178524,15.85108757019043,15.85108757019043,ok
LA_D_5179475,8.725064277648926,8.725064277648926,ok
LA_D_5181153,13.498429298400879,13.498429298400879,ok
LA_D_5181684,21.500890731811523,21.500890731811523,ok
LA_D_5181769,14.189953804016113,14.189953804016113,ok
LA_D_5182268,9.561680793762207,9.561680793762207,ok
LA_D_5182772,14.088175773620605,14.088175773620605,ok
LA_D_5184277,11.873114585876465,11.873114585876465,ok
LA_D_5184417,13.98931884765625,13.98931884765625,ok
LA_D_5185723,10.760676383972168,10.760676383972168,ok
LA_D_5186676,12.574475288391113,12.574475288391113,ok
LA_D_5187334,8.027970314025879,8.027970314025879,ok
LA_D_5188638,15.301989555358887,15.301989555358887,ok
LA_D_5188766,14.424346923828125,14.424346923828125,ok
LA_D_5189187,12.417941093444824,12.417941093444824,ok
LA_D_5189335,13.89553165435791,13.89553165435791,ok
LA_D_5189947,15.754030227661133,15.754030227661133,ok
LA_D_5191461,17.637266159057617,17.637266159057617,ok
LA_D_5192013,15.38112735748291,15.38112735748291,ok
LA_D_5192033,12.137995719909668,12.137995719909668,ok
LA_D_5193343,17.277530670166016,17.277530670166016,ok
LA_D_5193473,9.428927421569824,9.428927421569824,ok
LA_D_5193544,15.210984230041504,15.210984230041504,ok
LA_D_5193789,14.706273078918457,14.706273078918457,ok
LA_D_5194683,16.540725708007812,16.540725708007812,ok
LA_D_5194904,12.367873191833496,12.367873191833496,ok
LA_D_5196563,16.13242530822754,16.13242530822754,ok
LA_D_5196907,16.675710678100586,16.675710678100586,ok
LA_D_5197000,-12.089778900146484,-12.089778900146484,ok
LA_D_5198588,14.405488014221191,14.405488014221191,ok
LA_D_5199048,13.373337745666504,13.373337745666504,ok
LA_D_5202763,18.739398956298828,18.739398956298828,ok
LA_D_5203690,19.271947860717773,19.271947860717773,ok
LA_D_5203733,-14.404361724853516,-14.404361724853516,ok
LA_D_5205569,12.881792068481445,12.881792068481445,ok
LA_D_5207545,17.147247314453125,17.147247314453125,ok
LA_D_5208898,17.166471481323242,17.166471481323242,ok
LA_D_5209189,17.50178337097168,17.50178337097168,ok
LA_D_5210678,14.251947402954102,14.251947402954102,ok
LA_D_5210752,13.86828899383545,13.86828899383545,ok
LA_D_5212385,18.925540924072266,18.925540924072266,ok
LA_D_5212614,-11.093981742858887,-11.093981742858887,ok
LA_D_5213207,16.468351364135742,16.468351364135742,ok
LA_D_5216313,17.137454986572266,17.137454986572266,ok
LA_D_5216508,12.796603202819824,12.796603202819824,ok
LA_D_5216823,14.030043601989746,14.030043601989746,ok
LA_D_5219734,15.315393447875977,15.315393447875977,ok
LA_D_5220475,11.779276847839355,11.779276847839355,ok
LA_D_5220521,14.363412857055664,14.363412857055664,ok
LA_D_5223490,13.63014030456543,13.63014030456543,ok
LA_D_5224129,-13.452187538146973,-13.452187538146973,ok
LA_D_5225846,11.13823413848877,11.13823413848877,ok
LA_D_5226379,-11.463391304016113,-11.463391304016113,ok
LA_D_5228503,16.11895179748535,16.11895179748535,ok
LA_D_5229682,14.701775550842285,14.701775550842285,ok
LA_D_5232139,13.294886589050293,13.294886589050293,ok
LA_D_5232800,16.452470779418945,16.452470779418945,ok
LA_D_5233239,13.352042198181152,13.352042198181152,ok
LA_D_5233431,16.31370735168457,16.31370735168457,ok
LA_D_5234713,13.069987297058105,13.069987297058105,ok
LA_D_5234827,14.213770866394043,14.213770866394043,ok
LA_D_5236165,15.121068000793457,15.121068000793457,ok
LA_D_5236557,12.274786949157715,12.274786949157715,ok
LA_D_5237899,7.953722953796387,7.953722953796387,ok
LA_D_5238266,12.447600364685059,12.447600364685059,ok
LA_D_5238810,17.876066207885742,17.876066207885742,ok
LA_D_5239066,16.65830421447754,16.65830421447754,ok
LA_D_5239525,16.386371612548828,16.386371612548828,ok
LA_D_5241214,13.643889427185059,13.643889427185059,ok
LA_D_5241744,13.875428199768066,13.875428199768066,ok
LA_D_5242419,18.206079483032227,18.206079483032227,ok
LA_D_5242519,14.927617073059082,14.927617073059082,ok
LA_D_5242820,-0.41170066595077515,-0.41170066595077515,ok
LA_D_5243479,14.906973838806152,14.906973838806152,ok
LA_D_5245223,10.82606029510498,10.82606029510498,ok
LA_D_5245987,-11.542950630187988,-11.542950630187988,ok
LA_D_5246094,15.25286865234375,15.25286865234375,ok
LA_D_5246193,10.967370986938477,10.967370986938477,ok
LA_D_5246247,13.77063274383545,13.77063274383545,ok
LA_D_5246528,10.502547264099121,10.502547264099121,ok
LA_D_5248127,-14.735637664794922,-14.735637664794922,ok
LA_D_5248372,-12.046133041381836,-12.046133041381836,ok
LA_D_5249364,11.987025260925293,11.987025260925293,ok
LA_D_5250042,-13.734150886535645,-13.734150886535645,ok
LA_D_5253806,15.586730003356934,15.586730003356934,ok
LA_D_5253814,15.165637969970703,15.165637969970703,ok
LA_D_5254267,20.16127586364746,20.16127586364746,ok
LA_D_5256245,13.801736831665039,13.801736831665039,ok
LA_D_5257176,14.439742088317871,14.439742088317871,ok
LA_D_5257381,9.516802787780762,9.516802787780762,ok
LA_D_5258807,13.655116081237793,13.655116081237793,ok
LA_D_5259851,14.778729438781738,14.778729438781738,ok
LA_D_5260084,-15.32508659362793,-15.32508659362793,ok
LA_D_5260994,12.218210220336914,12.218210220336914,ok
LA_D_5261718,13.801057815551758,13.801057815551758,ok
LA_D_5262166,9.357460975646973,9.357460975646973,ok
LA_D_5262821,-13.33029842376709,-13.33029842376709,ok
LA_D_5263011,9.72824764251709,9.72824764251709,ok
LA_D_5264948,12.361045837402344,12.361045837402344,ok
LA_D_5264996,20.76561164855957,20.76561164855957,ok
LA_D_5265768,12.11500072479248,12.11500072479248,ok
LA_D_5266068,16.65347671508789,16.65347671508789,ok
LA_D_5266850,-14.858610153198242,-14.858610153198242,ok
LA_D_5267572,10.426909446716309,10.426909446716309,ok
LA_D_5267968,12.10482120513916,12.10482120513916,ok
LA_D_5269027,12.829434394836426,12.829434394836426,ok
LA_D_5269386,19.13117027282715,19.13117027282715,ok
LA_D_5269652,9.779247283935547,9.779247283935547,ok
LA_D_5269881,14.876477241516113,14.876477241516113,ok
LA_D_5269911,16.91786003112793,16.91786003112793,ok
LA_D_5270228,16.209415435791016,16.209415435791016,ok
LA_D_5271094,9.624016761779785,9.624016761779785,ok
LA_D_5271956,11.172279357910156,11.172279357910156,ok
LA_D_5272211,12.098089218139648,12.098089218139648,ok
LA_D_5274055,8.88659381866455,8.88659381866455,ok
LA_D_5274812,12.830985069274902,12.830985069274902,ok
LA_D_5275494,14.965882301330566,14.965882301330566,ok
LA_D_5275946,12.076546669006348,12.076546669006348,ok
LA_D_5276027,15.143529891967773,15.143529891967773,ok
LA_D_5276746,14.738860130310059,14.738860130310059,ok
LA_D_5277162,10.771244049072266,10.771244049072266,ok
LA_D_5279500,14.52362060546875,14.52362060546875,ok
LA_D_5280085,16.30459213256836,16.30459213256836,ok
LA_D_5281076,15.422730445861816,15.422730445861816,ok
LA_D_5282749,9.468034744262695,9.468034744262695,ok
LA_D_5282843,12.465924263000488,12.465924263000488,ok
LA_D_5283786,13.006231307983398,13.006231307983398,ok
LA_D_5285009,8.911890983581543,8.911890983581543,ok
LA_D_5285039,10.935673713684082,10.935673713684082,ok
LA_D_5285268,13.210318565368652,13.210318565368652,ok
LA_D_5285970,11.580605506896973,11.580605506896973,ok
LA_D_5286510,14.407211303710938,14.407211303710938,ok
LA_D_5287056,17.033477783203125,17.033477783203125,ok
LA_D_5287350,8.699299812316895,8.699299812316895,ok
LA_D_5287819,15.236300468444824,15.236300468444824,ok
LA_D_5288785,11.24706745147705,11.24706745147705,ok
LA_D_5289575,20.650907516479492,20.650907516479492,ok
LA_D_5291143,15.907713890075684,15.907713890075684,ok
LA_D_5292647,10.31834888458252,10.31834888458252,ok
LA_D_5293338,10.10987377166748,10.10987377166748,ok
LA_D_5294224,1.5634573698043823,1.5634573698043823,ok
LA_D_5294929,13.602431297302246,13.602431297302246,ok
LA_D_5295482,1.6670852899551392,1.6670852899551392,ok
LA_D_5295577,10.49902057647705,10.49902057647705,ok
LA_D_5296414,9.368329048156738,9.368329048156738,ok
LA_D_5296519,21.559123992919922,21.559123992919922,ok
LA_D_5297304,14.885621070861816,14.885621070861816,ok
LA_D_5297443,15.417607307434082,15.417607307434082,ok
LA_D_5297638,12.702337265014648,12.702337265014648,ok
LA_D_5298731,13.082602500915527,13.082602500915527,ok
LA_D_5299238,9.185874938964844,9.185874938964844,ok
LA_D_5299709,9.790019035339355,9.790019035339355,ok
LA_D_5300130,12.405745506286621,12.405745506286621,ok
LA_D_5300881,13.823721885681152,13.823721885681152,ok
LA_D_5301172,15.030502319335938,15.030502319335938,ok
LA_D_5301983,19.45567512512207,19.45567512512207,ok
LA_D_5303302,14.350969314575195,14.350969314575195,ok
LA_D_5304792,11.217582702636719,11.217582702636719,ok
LA_D_5305086,15.607420921325684,15.607420921325684,ok
LA_D_5305473,13.812033653259277,13.812033653259277,ok
LA_D_5305767,9.198760986328125,9.198760986328125,ok
LA_D_5306498,13.02192211151123,13.02192211151123,ok
LA_D_5306960,12.70017147064209,12.70017147064209,ok
LA_D_5307600,14.962712287902832,14.962712287902832,ok
LA_D_5308008,8.465246200561523,8.465246200561523,ok
LA_D_5308188,10.751741409301758,10.751741409301758,ok
LA_D_5308230,17.54374122619629,17.54374122619629,ok
LA_D_5308766,15.029784202575684,15.029784202575684,ok
LA_D_5308866,20.534589767456055,20.534589767456055,ok
LA_D_5310517,14.467564582824707,14.467564582824707,ok
LA_D_5312245,13.698623657226562,13.698623657226562,ok
LA_D_5312350,-14.333062171936035,-14.333062171936035,ok
LA_D_5312607,-9.200447082519531,-9.200447082519531,ok
LA_D_5313766,15.761128425598145,15.761128425598145,ok
LA_D_5314825,15.660335540771484,15.660335540771484,ok
LA_D_5315354,15.619633674621582,15.619633674621582,ok
LA_D_5315391,10.144564628601074,10.144564628601074,ok
LA_D_5318221,15.438859939575195,15.438859939575195,ok
LA_D_5322570,17.313434600830078,17.313434600830078,ok
LA_D_5323011,14.894242286682129,14.894242286682129,ok
LA_D_5323426,15.870207786560059,15.870207786560059,ok
LA_D_5325527,10.315995216369629,10.315995216369629,ok
LA_D_5325697,14.967482566833496,14.967482566833496,ok
LA_D_5326644,10.71726131439209,10.71726131439209,ok
LA_D_5327408,10.931984901428223,10.931984901428223,ok
LA_D_5327544,16.2557373046875,16.2557373046875,ok
LA_D_5328469,12.016636848449707,12.016636848449707,ok
LA_D_5328894,13.907535552978516,13.907535552978516,ok
LA_D_5329061,12.492732048034668,12.492732048034668,ok
LA_D_5330155,13.563783645629883,13.563783645629883,ok
LA_D_5330416,8.42148208618164,8.42148208618164,ok
LA_D_5330909,15.465042114257812,15.465042114257812,ok
LA_D_5331264,-15.716917037963867,-15.716917037963867,ok
LA_D_5331428,11.778135299682617,11.778135299682617,ok
LA_D_5331450,12.89026927947998,12.89026927947998,ok
LA_D_5332246,8.302556037902832,8.302556037902832,ok
LA_D_5332359,-14.599953651428223,-14.599953651428223,ok
LA_D_5332565,9.48924446105957,9.48924446105957,ok
LA_D_5336165,13.04164981842041,13.04164981842041,ok
LA_D_5337300,12.160737037658691,12.160737037658691,ok
LA_D_5337439,17.425233840942383,17.425233840942383,ok
LA_D_5337615,3.3504998683929443,3.3504998683929443,ok
LA_D_5338385,21.976993560791016,21.976993560791016,ok
LA_D_5339390,12.376975059509277,12.376975059509277,ok
LA_D_5341323,11.97661304473877,11.97661304473877,ok
LA_D_5341375,-12.345114707946777,-12.345114707946777,ok
LA_D_5341623,10.699772834777832,10.699772834777832,ok
LA_D_5341780,13.672977447509766,13.672977447509766,ok
LA_D_5343352,14.45045280456543,14.45045280456543,ok
LA_D_5345215,15.392444610595703,15.392444610595703,ok
LA_D_5345225,-14.425045013427734,-14.425045013427734,ok
LA_D_5345453,11.559179306030273,11.559179306030273,ok
LA_D_5346070,16.427812576293945,16.427812576293945,ok
LA_D_5348157,12.420737266540527,12.420737266540527,ok
LA_D_5349132,-14.402796745300293,-14.402796745300293,ok
LA_D_5349360,11.229229927062988,11.229229927062988,ok
LA_D_5349891,12.825658798217773,12.825658798217773,ok
LA_D_5350529,15.200809478759766,15.200809478759766,ok
LA_D_5350670,16.280454635620117,16.280454635620117,ok
LA_D_5355457,-15.53516960144043,-15.53516960144043,ok
LA_D_5356350,13.281250953674316,13.281250953674316,ok
LA_D_5357142,11.571260452270508,11.571260452270508,ok
LA_D_5357932,13.45862865447998,13.45862865447998,ok
LA_D_5358070,8.821420669555664,8.821420669555664,ok
LA_D_5358232,16.214263916015625,16.214263916015625,ok
LA_D_5359798,15.095152854919434,15.095152854919434,ok
LA_D_5359950,12.52949047088623,12.52949047088623,ok
LA_D_5360138,11.371726036071777,11.371726036071777,ok
LA_D_5362013,14.328214645385742,14.328214645385742,ok
LA_D_5362934,16.262374877929688,16.262374877929688,ok
LA_D_5363458,15.143797874450684,15.143797874450684,ok
LA_D_5364410,-5.121333599090576,-5.121333599090576,ok
LA_D_5366058,16.382488250732422,16.382488250732422,ok
LA_D_5368042,15.298697471618652,15.298697471618652,ok
LA_D_5369394,7.654726505279541,7.654726505279541,ok
LA_D_5370145,15.685050010681152,15.685050010681152,ok
LA_D_5371276,8.51537799835205,8.51537799835205,ok
LA_D_5372592,14.529448509216309,14.529448509216309,ok
LA_D_5374725,13.87040901184082,13.87040901184082,ok
LA_D_5377943,20.79588508605957,20.79588508605957,ok
LA_D_5378463,16.994802474975586,16.994802474975586,ok
LA_D_5379068,18.50394630432129,18.50394630432129,ok
LA_D_5379360,11.95338249206543,11.95338249206543,ok
LA_D_5380020,11.694478034973145,11.694478034973145,ok
LA_D_5380614,9.276326179504395,9.276326179504395,ok
LA_D_5381315,12.56264877319336,12.56264877319336,ok
LA_D_5381358,20.305387496948242,20.305387496948242,ok
LA_D_5382385,15.558125495910645,15.558125495910645,ok
LA_D_5383174,-13.442133903503418,-13.442133903503418,ok
LA_D_5383636,15.170038223266602,15.170038223266602,ok
LA_D_5383844,12.883444786071777,12.883444786071777,ok
LA_D_5384145,16.108320236206055,16.108320236206055,ok
LA_D_5384475,15.582762718200684,15.582762718200684,ok
LA_D_5384711,12.056351661682129,12.056351661682129,ok
LA_D_5385507,14.138154029846191,14.138154029846191,ok
LA_D_5386489,10.70015811920166,10.70015811920166,ok
LA_D_5389869,12.708453178405762,12.708453178405762,ok
LA_D_5390706,17.594308853149414,17.594308853149414,ok
LA_D_5391312,15.19775390625,15.19775390625,ok
LA_D_5392108,13.844225883483887,13.844225883483887,ok
LA_D_5392234,14.242741584777832,14.242741584777832,ok
LA_D_5392292,17.011629104614258,17.011629104614258,ok
LA_D_5392790,14.690206527709961,14.690206527709961,ok
LA_D_5393942,17.301626205444336,17.301626205444336,ok
LA_D_5393982,12.487452507019043,12.487452507019043,ok
LA_D_5394100,16.802688598632812,16.802688598632812,ok
LA_D_5394501,17.622953414916992,17.622953414916992,ok
LA_D_5395822,15.2343168258667,15.2343168258667,ok
LA_D_5396149,20.123849868774414,20.123849868774414,ok
LA_D_5396174,12.707697868347168,12.707697868347168,ok
LA_D_5396335,11.614830017089844,11.614830017089844,ok
LA_D_5396397,11.884456634521484,11.884456634521484,ok
LA_D_5397319,-12.874442100524902,-12.874442100524902,ok
LA_D_5397434,18.114973068237305,18.114973068237305,ok
LA_D_5398194,13.066939353942871,13.066939353942871,ok
LA_D_5398887,18.632909774780273,18.632909774780273,ok
LA_D_5399074,14.201619148254395,14.201619148254395,ok
LA_D_5399266,15.24559497833252,15.24559497833252,ok
LA_D_5399865,12.969538688659668,12.969538688659668,ok
LA_D_5400157,13.956134796142578,13.956134796142578,ok
LA_D_5400630,18.63907814025879,18.63907814025879,ok
LA_D_5400787,12.211393356323242,12.211393356323242,ok
LA_D_5401230,10.320395469665527,10.320395469665527,ok
LA_D_5402017,14.276683807373047,14.276683807373047,ok
LA_D_5402192,18.089006423950195,18.089006423950195,ok
LA_D_5402252,14.207435607910156,14.207435607910156,ok
LA_D_5402646,7.579577445983887,7.579577445983887,ok
LA_D_5404416,9.459117889404297,9.459117889404297,ok
LA_D_5404458,16.57171058654785,16.57171058654785,ok
LA_D_5405376,18.58790397644043,18.58790397644043,ok
LA_D_5406274,16.18937110900879,16.18937110900879,ok
LA_D_5407356,15.393397331237793,15.393397331237793,ok
LA_D_5407463,11.928412437438965,11.928412437438965,ok
LA_D_5409509,15.897854804992676,15.897854804992676,ok
LA_D_5409547,9.781726837158203,9.781726837158203,ok
LA_D_5410675,18.06138801574707,18.06138801574707,ok
LA_D_5411425,7.566216468811035,7.566216468811035,ok
LA_D_5411434,-14.871796607971191,-14.871796607971191,ok
LA_D_5411748,-12.59435749053955,-12.59435749053955,ok
LA_D_5412347,15.094563484191895,15.094563484191895,ok
LA_D_5412628,21.53147315979004,21.53147315979004,ok
LA_D_5413087,15.250823974609375,15.250823974609375,ok
LA_D_5414308,11.864709854125977,11.864709854125977,ok
LA_D_5416414,6.147698402404785,6.147698402404785,ok
LA_D_5416674,-15.297174453735352,-15.297174453735352,ok
LA_D_5416891,12.448493957519531,12.448493957519531,ok
LA_D_5419620,8.519220352172852,8.519220352172852,ok
LA_D_5420932,16.026052474975586,16.026052474975586,ok
LA_D_5421212,24.357213973999023,24.357213973999023,ok
LA_D_5422337,18.300668716430664,18.300668716430664,ok
LA_D_5422570,12.579623222351074,12.579623222351074,ok
LA_D_5424592,15.48256778717041,15.48256778717041,ok
LA_D_5425829,-14.58372974395752,-14.58372974395752,ok
LA_D_5426906,20.20265007019043,20.20265007019043,ok
LA_D_5427352,16.91253089904785,16.91253089904785,ok
LA_D_5427426,15.616515159606934,15.616515159606934,ok
LA_D_5427830,13.047788619995117,13.047788619995117,ok
LA_D_5427856,12.505457878112793,12.505457878112793,ok
LA_D_5428077,14.809460639953613,14.809460639953613,ok
LA_D_5428590,11.43388557434082,11.43388557434082,ok
LA_D_5429622,12.400206565856934,12.400206565856934,ok
LA_D_5430038,13.037007331848145,13.037007331848145,ok
LA_D_5430421,11.545567512512207,11.545567512512207,ok
LA_D_5431156,-14.561111450195312,-14.561111450195312,ok
LA_D_5431286,14.005853652954102,14.005853652954102,ok
LA_D_5432198,15.264701843261719,15.264701843261719,ok
LA_D_5432736,14.427327156066895,14.427327156066895,ok
LA_D_5433558,9.239142417907715,9.239142417907715,ok
LA_D_5433599,12.794161796569824,12.794161796569824,ok
LA_D_5434948,14.996270179748535,14.996270179748535,ok
LA_D_5435340,15.831802368164062,15.831802368164062,ok
LA_D_5435996,16.598501205444336,16.598501205444336,ok
LA_D_5437115,11.995237350463867,11.995237350463867,ok
LA_D_5437717,12.873047828674316,12.873047828674316,ok
LA_D_5438251,-12.194226264953613,-12.194226264953613,ok
LA_D_5439819,16.113508224487305,16.113508224487305,ok
LA_D_5441022,12.439465522766113,12.439465522766113,ok
LA_D_5441203,12.658568382263184,12.658568382263184,ok
LA_D_5441778,-13.694600105285645,-13.694600105285645,ok
LA_D_5442160,17.117956161499023,17.117956161499023,ok
LA_D_5442437,13.790515899658203,13.790515899658203,ok
LA_D_5443022,14.30868148803711,14.30868148803711,ok
LA_D_5444967,15.006625175476074,15.006625175476074,ok
LA_D_5445370,10.43724536895752,10.43724536895752,ok
LA_D_5445641,-13.016640663146973,-13.016640663146973,ok
LA_D_5448101,9.768045425415039,9.768045425415039,ok
LA_D_5448251,15.985014915466309,15.985014915466309,ok
LA_D_5448474,9.836173057556152,9.836173057556152,ok
LA_D_5449899,15.305537223815918,15.305537223815918,ok
LA_D_5450646,15.98009967803955,15.98009967803955,ok
LA_D_5450980,16.4499568939209,16.4499568939209,ok
LA_D_5451234,16.89879035949707,16.89879035949707,ok
LA_D_5451855,14.247278213500977,14.247278213500977,ok
LA_D_5452047,10.68961238861084,10.68961238861084,ok
LA_D_5452596,19.37322425842285,19.37322425842285,ok
LA_D_5452800,14.061766624450684,14.061766624450684,ok
LA_D_5453267,15.406706809997559,15.406706809997559,ok
LA_D_5453346,14.685669898986816,14.685669898986816,ok
LA_D_5453395,13.955431938171387,13.955431938171387,ok
LA_D_5453401,9.541523933410645,9.541523933410645,ok
LA_D_5453991,13.183928489685059,13.183928489685059,ok
LA_D_5454156,14.111726760864258,14.111726760864258,ok
LA_D_5454408,15.66055965423584,15.66055965423584,ok
LA_D_5455243,14.012347221374512,14.012347221374512,ok
LA_D_5455456,13.418654441833496,13.418654441833496,ok
LA_D_5455958,12.88049602508545,12.88049602508545,ok
LA_D_5456457,12.964879989624023,12.964879989624023,ok
LA_D_5456485,11.336688995361328,11.336688995361328,ok
LA_D_5456536,10.7085599899292,10.7085599899292,ok
LA_D_5457188,10.08910083770752,10.08910083770752,ok
LA_D_5458074,15.941006660461426,15.941006660461426,ok
LA_D_5458288,13.034693717956543,13.034693717956543,ok
LA_D_5458900,13.450297355651855,13.450297355651855,ok
LA_D_5459095,13.944904327392578,13.944904327392578,ok
LA_D_5462805,13.21211051940918,13.21211051940918,ok
LA_D_5462959,13.94922161102295,13.94922161102295,ok
LA_D_5463025,10.68171215057373,10.68171215057373,ok
LA_D_5463411,-14.092948913574219,-14.092948913574219,ok
LA_D_5463444,-12.529805183410645,-12.529805183410645,ok
LA_D_5463700,14.604092597961426,14.604092597961426,ok
LA_D_5464038,14.47170352935791,14.47170352935791,ok
LA_D_5464792,12.308747291564941,12.308747291564941,ok
LA_D_5465575,14.880654335021973,14.880654335021973,ok
LA_D_5465758,19.197900772094727,19.197900772094727,ok
LA_D_5466886,14.882353782653809,14.882353782653809,ok
LA_D_5467345,-13.706578254699707,-13.706578254699707,ok
LA_D_5467548,17.279573440551758,17.279573440551758,ok
LA_D_5467780,13.962417602539062,13.962417602539062,ok
LA_D_5470214,13.495284080505371,13.495284080505371,ok
LA_D_5470881,14.75674819946289,14.75674819946289,ok
LA_D_5471746,12.139623641967773,12.139623641967773,ok
LA_D_5472216,6.314983367919922,6.314983367919922,ok
LA_D_5472358,16.53388023376465,16.53388023376465,ok
LA_D_5472628,12.292693138122559,12.292693138122559,ok
LA_D_5473083,9.339217185974121,9.339217185974121,ok
LA_D_5473316,12.567090034484863,12.567090034484863,ok
LA_D_5474605,14.782532691955566,14.782532691955566,ok
LA_D_5474661,15.120553016662598,15.120553016662598,ok
LA_D_5475290,7.251900672912598,7.251900672912598,ok
LA_D_5475950,-13.448993682861328,-13.448993682861328,ok
LA_D_5476324,15.183587074279785,15.183587074279785,ok
LA_D_5476791,9.18093204498291,9.18093204498291,ok
LA_D_5476884,16.77369499206543,16.77369499206543,ok
LA_D_5478028,13.27381420135498,13.27381420135498,ok
LA_D_5479621,10.242325782775879,10.242325782775879,ok
LA_D_5480395,17.167190551757812,17.167190551757812,ok
LA_D_5481003,16.332809448242188,16.332809448242188,ok
LA_D_5481956,17.373586654663086,17.373586654663086,ok
LA_D_5482180,13.413469314575195,13.413469314575195,ok
LA_D_5483705,12.740379333496094,12.740379333496094,ok
LA_D_5483730,12.529736518859863,12.529736518859863,ok
LA_D_5484649,14.716670989990234,14.716670989990234,ok
LA_D_5485139,14.005172729492188,14.005172729492188,ok
LA_D_5485515,6.12099027633667,6.12099027633667,ok
LA_D_5486513,19.380762100219727,19.380762100219727,ok
LA_D_5486734,14.908574104309082,14.908574104309082,ok
LA_D_5486800,21.950801849365234,21.950801849365234,ok
LA_D_5487218,13.53331470489502,13.53331470489502,ok
LA_D_5487740,2.2894210815429688,2.2894210815429688,ok
LA_D_5488860,11.434391021728516,11.434391021728516,ok
LA_D_5488938,12.605538368225098,12.605538368225098,ok
LA_D_5490153,15.968999862670898,15.968999862670898,ok
LA_D_5490168,16.967008590698242,16.967008590698242,ok
LA_D_5490332,13.236736297607422,13.236736297607422,ok
LA_D_5490757,-12.581438064575195,-12.581438064575195,ok
LA_D_5490947,12.283446311950684,12.283446311950684,ok
LA_D_5491412,18.469249725341797,18.469249725341797,ok
LA_D_5492356,14.648015975952148,14.648015975952148,ok
LA_D_5493977,12.238776206970215,12.238776206970215,ok
LA_D_5495040,-14.171160697937012,-14.171160697937012,ok
LA_D_5495669,19.292360305786133,19.292360305786133,ok
LA_D_5496756,13.615588188171387,13.615588188171387,ok
LA_D_5497034,-14.302367210388184,-14.302367210388184,ok
LA_D_5498432,11.46526050567627,11.46526050567627,ok
LA_D_5502210,12.68783187866211,12.68783187866211,ok
LA_D_5502506,-12.330626487731934,-12.330626487731934,ok
LA_D_5502789,13.528483390808105,13.528483390808105,ok
LA_D_5503012,-14.375494956970215,-14.375494956970215,ok
LA_D_5503083,12.172636985778809,12.172636985778809,ok
LA_D_5503291,7.347779750823975,7.347779750823975,ok
LA_D_5504182,14.795063018798828,14.795063018798828,ok
LA_D_5505351,13.507311820983887,13.507311820983887,ok
LA_D_5505879,21.737913131713867,21.737913131713867,ok
LA_D_5506307,12.850594520568848,12.850594520568848,ok
LA_D_5506813,17.775392532348633,17.775392532348633,ok
LA_D_5507210,-14.678014755249023,-14.678014755249023,ok
LA_D_5507848,14.739161491394043,14.739161491394043,ok
LA_D_5507926,12.107904434204102,12.107904434204102,ok
LA_D_5508990,13.932833671569824,13.932833671569824,ok
LA_D_5509643,14.923039436340332,14.923039436340332,ok
LA_D_5510010,9.930106163024902,9.930106163024902,ok
LA_D_5510532,13.648146629333496,13.648146629333496,ok
LA_D_5511445,9.055763244628906,9.055763244628906,ok
LA_D_5512289,-12.773214340209961,-12.773214340209961,ok
LA_D_5512449,10.939242362976074,10.939242362976074,ok
LA_D_5513082,-14.335461616516113,-14.335461616516113,ok
LA_D_5514319,12.60977840423584,12.60977840423584,ok
LA_D_5514689,21.086063385009766,21.086063385009766,ok
LA_D_5515164,10.926318168640137,10.926318168640137,ok
LA_D_5517898,11.33922290802002,11.33922290802002,ok
LA_D_5518780,16.01215171813965,16.01215171813965,ok
LA_D_5519117,15.123215675354004,15.123215675354004,ok
LA_D_5519425,14.456854820251465,14.456854820251465,ok
LA_D_5519522,19.27638816833496,19.27638816833496,ok
LA_D_5521568,-13.557005882263184,-13.557005882263184,ok
LA_D_5522142,8.842970848083496,8.842970848083496,ok
LA_D_5523423,18.61094856262207,18.61094856262207,ok
LA_D_5524814,22.79007339477539,22.79007339477539,ok
LA_D_5525120,15.89699649810791,15.89699649810791,ok
LA_D_5525422,18.777664184570312,18.777664184570312,ok
LA_D_5529065,12.198569297790527,12.198569297790527,ok
LA_D_5529080,11.84762191772461,11.84762191772461,ok
LA_D_5531013,13.457791328430176,13.457791328430176,ok
LA_D_5531293,13.584050178527832,13.584050178527832,ok
LA_D_5531330,8.837516784667969,8.837516784667969,ok
LA_D_5532057,16.364307403564453,16.364307403564453,ok
LA_D_5532100,12.101860046386719,12.101860046386719,ok
LA_D_5534887,16.484384536743164,16.484384536743164,ok
LA_D_5535805,12.149136543273926,12.149136543273926,ok
LA_D_5536552,14.643064498901367,14.643064498901367,ok
LA_D_5538242,23.452579498291016,23.452579498291016,ok
LA_D_5539101,15.642983436584473,15.642983436584473,ok
LA_D_5539912,16.612401962280273,16.612401962280273,ok
LA_D_5541379,-13.71118450164795,-13.71118450164795,ok
LA_D_5542976,19.85764503479004,19.85764503479004,ok
LA_D_5543089,10.837129592895508,10.837129592895508,ok
LA_D_5545146,-15.739882469177246,-15.739882469177246,ok
LA_D_5545619,14.894176483154297,14.894176483154297,ok
LA_D_5546624,13.752389907836914,13.752389907836914,ok
LA_D_5548039,11.7335786819458,11.7335786819458,ok
LA_D_5548468,11.46004867553711,11.46004867553711,ok
LA_D_5549134,17.290565490722656,17.290565490722656,ok
LA_D_5549592,14.679938316345215,14.679938316345215,ok
LA_D_5549868,16.69189453125,16.69189453125,ok
LA_D_5550880,17.664440155029297,17.664440155029297,ok
LA_D_5551594,17.191377639770508,17.191377639770508,ok
LA_D_5551945,17.695791244506836,17.695791244506836,ok
LA_D_5552740,14.249283790588379,14.249283790588379,ok
LA_D_5553386,13.697044372558594,13.697044372558594,ok
LA_D_5553767,10.48302173614502,10.48302173614502,ok
LA_D_5554206,9.213186264038086,9.213186264038086,ok
LA_D_5554788,20.816972732543945,20.816972732543945,ok
LA_D_5556633,5.929781913757324,5.929781913757324,ok
LA_D_5558097,11.280379295349121,11.280379295349121,ok
LA_D_5558598,18.8257999420166,18.8257999420166,ok
LA_D_5560002,9.445775032043457,9.445775032043457,ok
LA_D_5561180,17.127166748046875,17.127166748046875,ok
LA_D_5561293,-14.0961275100708,-14.0961275100708,ok
LA_D_5563808,15.015281677246094,15.015281677246094,ok
LA_D_5565540,14.099488258361816,14.099488258361816,ok
LA_D_5565973,15.632607460021973,15.632607460021973,ok
LA_D_5567251,-10.954558372497559,-10.954558372497559,ok
LA_D_5567412,11.95262622833252,11.95262622833252,ok
LA_D_5567932,7.771701335906982,7.771701335906982,ok
LA_D_5568300,13.850050926208496,13.850050926208496,ok
LA_D_5569369,10.270362854003906,10.270362854003906,ok
LA_D_5570032,15.28093433380127,15.28093433380127,ok
LA_D_5570541,10.38249683380127,10.38249683380127,ok
LA_D_5571629,14.083712577819824,14.083712577819824,ok
LA_D_5571676,16.835853576660156,16.835853576660156,ok
LA_D_5572271,16.315954208374023,16.315954208374023,ok
LA_D_5572324,15.978842735290527,15.978842735290527,ok
LA_D_5572661,12.161347389221191,12.161347389221191,ok
LA_D_5574112,7.904565811157227,7.904565811157227,ok
LA_D_5574945,11.643686294555664,11.643686294555664,ok
LA_D_5576148,14.882780075073242,14.882780075073242,ok
LA_D_5576532,17.32340431213379,17.32340431213379,ok
LA_D_5579170,17.66263198852539,17.66263198852539,ok
LA_D_5579476,9.48598861694336,9.48598861694336,ok
LA_D_5580217,12.290812492370605,12.290812492370605,ok
LA_D_5580783,7.1939263343811035,7.1939263343811035,ok
LA_D_5583563,12.767251968383789,12.767251968383789,ok
LA_D_5583898,12.862580299377441,12.862580299377441,ok
LA_D_5584723,13.461174964904785,13.461174964904785,ok
LA_D_5584734,15.766973495483398,15.766973495483398,ok
LA_D_5586056,11.624768257141113,11.624768257141113,ok
LA_D_5586705,16.393136978149414,16.393136978149414,ok
LA_D_5586813,9.508234977722168,9.508234977722168,ok
LA_D_5588765,-9.96313762664795,-9.96313762664795,ok
LA_D_5592106,15.935195922851562,15.935195922851562,ok
LA_D_5592383,14.345597267150879,14.345597267150879,ok
LA_D_5592740,17.43244171142578,17.43244171142578,ok
LA_D_5593819,18.253206253051758,18.253206253051758,ok
LA_D_5594622,14.654295921325684,14.654295921325684,ok
LA_D_5594965,13.5372953414917,13.5372953414917,ok
LA_D_5596835,12.634745597839355,12.634745597839355,ok
LA_D_5596855,16.18788719177246,16.18788719177246,ok
LA_D_5596917,13.528342247009277,13.528342247009277,ok
LA_D_5597058,14.904258728027344,14.904258728027344,ok
LA_D_5597072,12.359199523925781,12.359199523925781,ok
LA_D_5597126,10.464391708374023,10.464391708374023,ok
LA_D_5598437,9.743090629577637,9.743090629577637,ok
LA_D_5599035,11.637237548828125,11.637237548828125,ok
LA_D_5599281,15.905928611755371,15.905928611755371,ok
LA_D_5600729,18.482046127319336,18.482046127319336,ok
LA_D_5601935,15.717432022094727,15.717432022094727,ok
LA_D_5602174,7.278873920440674,7.278873920440674,ok
LA_D_5602437,11.635995864868164,11.635995864868164,ok
LA_D_5605656,14.448298454284668,14.448298454284668,ok
LA_D_5606948,16.18114471435547,16.18114471435547,ok
LA_D_5607232,14.731358528137207,14.731358528137207,ok
LA_D_5609165,17.686033248901367,17.686033248901367,ok
LA_D_5609423,16.686376571655273,16.686376571655273,ok
LA_D_5610125,13.768712043762207,13.768712043762207,ok
LA_D_5610893,6.477237224578857,6.477237224578857,ok
LA_D_5611461,14.928162574768066,14.928162574768066,ok
LA_D_5611885,14.386297225952148,14.386297225952148,ok
LA_D_5612664,13.469285011291504,13.469285011291504,ok
LA_D_5612758,13.952813148498535,13.952813148498535,ok
LA_D_5613224,14.10469913482666,14.10469913482666,ok
LA_D_5613500,11.698552131652832,11.698552131652832,ok
LA_D_5613820,19.315263748168945,19.315263748168945,ok
LA_D_5614245,11.5619478225708,11.5619478225708,ok
LA_D_5614406,15.259391784667969,15.259391784667969,ok
LA_D_5615493,9.920232772827148,9.920232772827148,ok
LA_D_5616692,15.530081748962402,15.530081748962402,ok
LA_D_5617123,15.187429428100586,15.187429428100586,ok
LA_D_5617907,14.279438972473145,14.279438972473145,ok
LA_D_5621016,-0.9102758765220642,-0.9102758765220642,ok
LA_D_5621269,12.638452529907227,12.638452529907227,ok
LA_D_5621483,13.323486328125,13.323486328125,ok
LA_D_5621900,14.761719703674316,14.761719703674316,ok
LA_D_5622630,13.256844520568848,13.256844520568848,ok
LA_D_5623014,15.34167194366455,15.34167194366455,ok
LA_D_5623022,8.17517375946045,8.17517375946045,ok
LA_D_5623559,-10.683232307434082,-10.683232307434082,ok
LA_D_5624531,14.703490257263184,14.703490257263184,ok
LA_D_5624856,14.452122688293457,14.452122688293457,ok
LA_D_5626492,21.121023178100586,21.121023178100586,ok
LA_D_5626564,15.571626663208008,15.571626663208008,ok
LA_D_5627177,11.190407752990723,11.190407752990723,ok
LA_D_5627497,19.72344207763672,19.72344207763672,ok
LA_D_5629187,7.14312219619751,7.14312219619751,ok
LA_D_5629796,11.454541206359863,11.454541206359863,ok
LA_D_5630768,15.617274284362793,15.617274284362793,ok
LA_D_5631323,14.552948951721191,14.552948951721191,ok
LA_D_5631357,15.520757675170898,15.520757675170898,ok
LA_D_5631850,-12.834463119506836,-12.834463119506836,ok
LA_D_5633647,9.025954246520996,9.025954246520996,ok
LA_D_5634985,19.774539947509766,19.774539947509766,ok
LA_D_5635914,14.50629711151123,14.50629711151123,ok
LA_D_5636069,-14.376191139221191,-14.376191139221191,ok
LA_D_5637114,14.162487983703613,14.162487983703613,ok
LA_D_5637928,14.774048805236816,14.774048805236816,ok
LA_D_5637979,13.80067253112793,13.80067253112793,ok
LA_D_5639347,12.965993881225586,12.965993881225586,ok
LA_D_5639584,15.265356063842773,15.265356063842773,ok
LA_D_5642763,14.246167182922363,14.246167182922363,ok
LA_D_5643163,12.816338539123535,12.816338539123535,ok
LA_D_5644446,7.607875823974609,7.607875823974609,ok
LA_D_5646610,9.078587532043457,9.078587532043457,ok
LA_D_5647135,15.169074058532715,15.169074058532715,ok
LA_D_5647328,18.775968551635742,18.775968551635742,ok
LA_D_5647508,6.038471698760986,6.038471698760986,ok
LA_D_5648484,2.5336976051330566,2.5336976051330566,ok
LA_D_5651240,-13.489480972290039,-13.489480972290039,ok
LA_D_5651896,15.151482582092285,15.151482582092285,ok
LA_D_5652503,15.251835823059082,15.251835823059082,ok
LA_D_5653979,16.906484603881836,16.906484603881836,ok
LA_D_5654315,-6.76552152633667,-6.76552152633667,ok
LA_D_5654371,10.701668739318848,10.701668739318848,ok
LA_D_5654375,12.663124084472656,12.663124084472656,ok
LA_D_5655417,13.055766105651855,13.055766105651855,ok
LA_D_5656124,14.96052074432373,14.96052074432373,ok
LA_D_5657749,17.79262351989746,17.79262351989746,ok
LA_D_5657789,19.190767288208008,19.190767288208008,ok
LA_D_5658047,10.486322402954102,10.486322402954102,ok
LA_D_5659751,13.47124195098877,13.47124195098877,ok
LA_D_5660127,15.578299522399902,15.578299522399902,ok
LA_D_5661104,14.237397193908691,14.237397193908691,ok
LA_D_5661640,17.100557327270508,17.100557327270508,ok
LA_D_5661698,14.152669906616211,14.152669906616211,ok
LA_D_5662897,18.0330867767334,18.0330867767334,ok
LA_D_5663851,11.757006645202637,11.757006645202637,ok
LA_D_5664870,-14.637733459472656,-14.637733459472656,ok
LA_D_5665100,21.553686141967773,21.553686141967773,ok
LA_D_5665194,-14.954215049743652,-14.954215049743652,ok
LA_D_5668161,16.240259170532227,16.240259170532227,ok
LA_D_5669124,18.257640838623047,18.257640838623047,ok
LA_D_5671767,10.264532089233398,10.264532089233398,ok
LA_D_5673312,19.21094512939453,19.21094512939453,ok
LA_D_5673334,11.66894245147705,11.66894245147705,ok
LA_D_5673436,-12.57444953918457,-12.57444953918457,ok
LA_D_5673630,3.9259674549102783,3.9259674549102783,ok
LA_D_5674798,11.005249977111816,11.005249977111816,ok
LA_D_5676897,-14.47797966003418,-14.47797966003418,ok
LA_D_5677611,6.089701175689697,6.089701175689697,ok
LA_D_5679192,11.950568199157715,11.950568199157715,ok
LA_D_5679699,15.844976425170898,15.844976425170898,ok
LA_D_5680161,14.546971321105957,14.546971321105957,ok
LA_D_5680395,12.707610130310059,12.707610130310059,ok
LA_D_5681705,13.496237754821777,13.496237754821777,ok
LA_D_5682188,15.955910682678223,15.955910682678223,ok
LA_D_5682398,17.62025260925293,17.62025260925293,ok
LA_D_5682639,13.911894798278809,13.911894798278809,ok
LA_D_5683175,14.34507942199707,14.34507942199707,ok
LA_D_5684092,14.967906951904297,14.967906951904297,ok
LA_D_5684697,4.23863410949707,4.23863410949707,ok
LA_D_5685369,16.27705192565918,16.27705192565918,ok
LA_D_5685998,12.023625373840332,12.023625373840332,ok
LA_D_5687626,9.37740421295166,9.37740421295166,ok
LA_D_5689198,14.465665817260742,14.465665817260742,ok
LA_D_5689576,13.605511665344238,13.605511665344238,ok
LA_D_5690287,14.821242332458496,14.821242332458496,ok
LA_D_5690727,17.221328735351562,17.221328735351562,ok
LA_D_5691072,-13.196525573730469,-13.196525573730469,ok
LA_D_5691372,13.485957145690918,13.485957145690918,ok
LA_D_5691756,7.5157341957092285,7.5157341957092285,ok
LA_D_5693207,13.222811698913574,13.222811698913574,ok
LA_D_5693331,17.85086441040039,17.85086441040039,ok
LA_D_5695559,13.852184295654297,13.852184295654297,ok
LA_D_5695682,14.960844993591309,14.960844993591309,ok
LA_D_5695691,-13.23131275177002,-13.23131275177002,ok
LA_D_5697626,14.055602073669434,14.055602073669434,ok
LA_D_5697939,12.855517387390137,12.855517387390137,ok
LA_D_5697969,16.1726016998291,16.1726016998291,ok
LA_D_5698259,23.308198928833008,23.308198928833008,ok
LA_D_5698379,-12.732880592346191,-12.732880592346191,ok
LA_D_5699257,14.696976661682129,14.696976661682129,ok
LA_D_5699731,0.47657477855682373,0.47657477855682373,ok
LA_D_5700704,12.076881408691406,12.076881408691406,ok
LA_D_5702239,15.451430320739746,15.451430320739746,ok
LA_D_5702258,13.96274471282959,13.96274471282959,ok
LA_D_5702698,18.297657012939453,18.297657012939453,ok
LA_D_5704173,11.656623840332031,11.656623840332031,ok
LA_D_5706448,13.179433822631836,13.179433822631836,ok
LA_D_5706472,17.90226936340332,17.90226936340332,ok
LA_D_5710236,21.082334518432617,21.082334518432617,ok
LA_D_5710259,11.837292671203613,11.837292671203613,ok
LA_D_5710714,12.255293846130371,12.255293846130371,ok
LA_D_5711305,16.036399841308594,16.036399841308594,ok
LA_D_5711351,8.013875961303711,8.013875961303711,ok
LA_D_5712427,13.722230911254883,13.722230911254883,ok
LA_D_5712604,14.209352493286133,14.209352493286133,ok
LA_D_5712684,-16.45609474182129,-16.45609474182129,ok
LA_D_5712950,16.208202362060547,16.208202362060547,ok
LA_D_5713062,12.837041854858398,12.837041854858398,ok
LA_D_5713417,14.295045852661133,14.295045852661133,ok
LA_D_5713865,17.39177703857422,17.39177703857422,ok
LA_D_5714169,13.96942138671875,13.96942138671875,ok
LA_D_5715212,8.922696113586426,8.922696113586426,ok
LA_D_5715402,17.6602725982666,17.6602725982666,ok
LA_D_5716651,18.38215446472168,18.38215446472168,ok
LA_D_5716855,13.287177085876465,13.287177085876465,ok
LA_D_5717327,16.029027938842773,16.029027938842773,ok
LA_D_5718984,17.251888275146484,17.251888275146484,ok
LA_D_5719323,-8.764816284179688,-8.764816284179688,ok
LA_D_5719332,12.313509941101074,12.313509941101074,ok
LA_D_5721193,12.993905067443848,12.993905067443848,ok
LA_D_5723098,12.8674955368042,12.8674955368042,ok
LA_D_5723608,10.507901191711426,10.507901191711426,ok
LA_D_5723701,5.82483434677124,5.82483434677124,ok
LA_D_5724728,-14.208491325378418,-14.208491325378418,ok
LA_D_5724957,15.806714057922363,15.806714057922363,ok
LA_D_5725878,-8.482882499694824,-8.482882499694824,ok
LA_D_5726307,15.897065162658691,15.897065162658691,ok
LA_D_5726814,12.972723960876465,12.972723960876465,ok
LA_D_5727251,17.762866973876953,17.762866973876953,ok
LA_D_5728642,18.236825942993164,18.236825942993164,ok
LA_D_5729926,14.004690170288086,14.004690170288086,ok
LA_D_5730320,23.341835021972656,23.341835021972656,ok
LA_D_5731221,11.539597511291504,11.539597511291504,ok
LA_D_5731514,9.691149711608887,9.691149711608887,ok
LA_D_5732035,17.60358238220215,17.60358238220215,ok
LA_D_5732655,18.27286720275879,18.27286720275879,ok
LA_D_5733338,16.38191795349121,16.38191795349121,ok
LA_D_5734083,14.399020195007324,14.399020195007324,ok
LA_D_5734480,-15.001263618469238,-15.001263618469238,ok
LA_D_5734535,14.190518379211426,14.190518379211426,ok
LA_D_5735487,16.40878677368164,16.40878677368164,ok
LA_D_5735559,17.667295455932617,17.667295455932617,ok
LA_D_5735922,21.521081924438477,21.521081924438477,ok
LA_D_5736677,19.753236770629883,19.753236770629883,ok
LA_D_5736694,16.388099670410156,16.388099670410156,ok
LA_D_5737035,16.921321868896484,16.921321868896484,ok
LA_D_5737273,20.7587890625,20.7587890625,ok
LA_D_5737796,13.199429512023926,13.199429512023926,ok
LA_D_5737966,12.640128135681152,12.640128135681152,ok
LA_D_5738684,14.527861595153809,14.527861595153809,ok
LA_D_5738833,13.069973945617676,13.069973945617676,ok
LA_D_5741681,18.21175193786621,18.21175193786621,ok
LA_D_5742424,12.844182014465332,12.844182014465332,ok
LA_D_5742561,16.95278549194336,16.95278549194336,ok
LA_D_5742661,11.569930076599121,11.569930076599121,ok
LA_D_5743533,10.465288162231445,10.465288162231445,ok
LA_D_5743745,15.844482421875,15.844482421875,ok
LA_D_5744723,20.607755661010742,20.607755661010742,ok
LA_D_5746789,16.028738021850586,16.028738021850586,ok
LA_D_5747580,-13.142050743103027,-13.142050743103027,ok
LA_D_5747601,15.9678955078125,15.9678955078125,ok
LA_D_5748042,12.9681978225708,12.9681978225708,ok
LA_D_5751531,12.162476539611816,12.162476539611816,ok
LA_D_5751891,17.738801956176758,17.738801956176758,ok
LA_D_5752206,16.482812881469727,16.482812881469727,ok
LA_D_5752437,14.911913871765137,14.911913871765137,ok
LA_D_5752916,13.260064125061035,13.260064125061035,ok
LA_D_5754462,14.916041374206543,14.916041374206543,ok
LA_D_5755154,13.135586738586426,13.135586738586426,ok
LA_D_5755194,12.873000144958496,12.873000144958496,ok
LA_D_5755628,18.449007034301758,18.449007034301758,ok
LA_D_5756079,14.277409553527832,14.277409553527832,ok
LA_D_5758976,-13.608968734741211,-13.608968734741211,ok
LA_D_5759383,-11.689330101013184,-11.689330101013184,ok
LA_D_5760810,12.864521980285645,12.864521980285645,ok
LA_D_5761294,1.7369592189788818,1.7369592189788818,ok
LA_D_5761885,18.365148544311523,18.365148544311523,ok
LA_D_5763453,-3.736574649810791,-3.736574649810791,ok
LA_D_5763793,11.119889259338379,11.119889259338379,ok
LA_D_5765155,15.031203269958496,15.031203269958496,ok
LA_D_5765277,9.11142635345459,9.11142635345459,ok
LA_D_5765948,12.087929725646973,12.087929725646973,ok
LA_D_5767805,18.62805938720703,18.62805938720703,ok
LA_D_5769133,-12.871872901916504,-12.871872901916504,ok
LA_D_5769169,12.852316856384277,12.852316856384277,ok
LA_D_5769309,19.10883903503418,19.10883903503418,ok
LA_D_5770185,-13.976054191589355,-13.976054191589355,ok
LA_D_5770424,8.104952812194824,8.104952812194824,ok
LA_D_5771160,12.79105281829834,12.79105281829834,ok
LA_D_5772488,18.26676368713379,18.26676368713379,ok
LA_D_5774345,9.319055557250977,9.319055557250977,ok
LA_D_5774989,-14.603654861450195,-14.603654861450195,ok
LA_D_5776830,17.8238525390625,17.8238525390625,ok
LA_D_5779022,10.686575889587402,10.686575889587402,ok
LA_D_5779977,-8.55190658569336,-8.55190658569336,ok
LA_D_5781241,11.737192153930664,11.737192153930664,ok
LA_D_5781617,9.919404029846191,9.919404029846191,ok
LA_D_5782359,12.508454322814941,12.508454322814941,ok
LA_D_5786164,12.507678031921387,12.507678031921387,ok
LA_D_5786237,-12.232243537902832,-12.232243537902832,ok
LA_D_5788523,12.515707015991211,12.515707015991211,ok
LA_D_5788830,12.759005546569824,12.759005546569824,ok
LA_D_5789585,18.794553756713867,18.794553756713867,ok
LA_D_5789727,13.048781394958496,13.048781394958496,ok
LA_D_5790394,-3.717738628387451,-3.717738628387451,ok
LA_D_5790567,-10.376206398010254,-10.376206398010254,ok
LA_D_5791316,14.968810081481934,14.968810081481934,ok
LA_D_5791423,10.56379222869873,10.56379222869873,ok
LA_D_5792148,11.443018913269043,11.443018913269043,ok
LA_D_5793111,11.316451072692871,11.316451072692871,ok
LA_D_5794620,-14.97815227508545,-14.97815227508545,ok
LA_D_5795353,9.77193546295166,9.77193546295166,ok
LA_D_5796246,-14.274920463562012,-14.274920463562012,ok
LA_D_5796502,16.358781814575195,16.358781814575195,ok
LA_D_5798590,16.561857223510742,16.561857223510742,ok
LA_D_5799657,15.453170776367188,15.453170776367188,ok
LA_D_5800550,15.896391868591309,15.896391868591309,ok
LA_D_5800838,9.203890800476074,9.203890800476074,ok
LA_D_5800896,16.331968307495117,16.331968307495117,ok
LA_D_5801020,17.95393180847168,17.95393180847168,ok
LA_D_5802664,15.023646354675293,15.023646354675293,ok
LA_D_5803007,15.456144332885742,15.456144332885742,ok
LA_D_5803857,13.295634269714355,13.295634269714355,ok
LA_D_5804847,12.778433799743652,12.778433799743652,ok
LA_D_5805227,15.863730430603027,15.863730430603027,ok
LA_D_5805258,15.332026481628418,15.332026481628418,ok
LA_D_5805679,9.898863792419434,9.898863792419434,ok
LA_D_5806432,15.925835609436035,15.925835609436035,ok
LA_D_5806611,-9.862449645996094,-9.862449645996094,ok
LA_D_5808200,0.6050028204917908,0.6050028204917908,ok
LA_D_5809176,15.082852363586426,15.082852363586426,ok
LA_D_5809254,-12.649374961853027,-12.649374961853027,ok
LA_D_5810774,12.012595176696777,12.012595176696777,ok
LA_D_5811636,13.905732154846191,13.905732154846191,ok
LA_D_5812356,10.80366039276123,10.80366039276123,ok
LA_D_5813568,15.537787437438965,15.537787437438965,ok
LA_D_5814298,14.885281562805176,14.885281562805176,ok
LA_D_5815871,10.904881477355957,10.904881477355957,ok
LA_D_5815879,11.930323600769043,11.930323600769043,ok
LA_D_5817478,17.570951461791992,17.570951461791992,ok
LA_D_5817787,5.414975166320801,5.414975166320801,ok
LA_D_5818741,18.345518112182617,18.345518112182617,ok
LA_D_5819339,15.304438591003418,15.304438591003418,ok
LA_D_5819741,12.45827865600586,12.45827865600586,ok
LA_D_5820637,9.54271411895752,9.54271411895752,ok
LA_D_5821269,14.233023643493652,14.233023643493652,ok
LA_D_5822388,3.8029279708862305,3.8029279708862305,ok
LA_D_5822586,12.27442455291748,12.27442455291748,ok
LA_D_5824362,14.58847713470459,14.58847713470459,ok
LA_D_5824879,23.912771224975586,23.912771224975586,ok
LA_D_5824998,-10.035942077636719,-10.035942077636719,ok
LA_D_5825167,17.171937942504883,17.171937942504883,ok
LA_D_5825711,-12.83741283416748,-12.83741283416748,ok
LA_D_5826732,11.685324668884277,11.685324668884277,ok
LA_D_5826748,11.876226425170898,11.876226425170898,ok
LA_D_5827420,9.643460273742676,9.643460273742676,ok
LA_D_5828981,13.493258476257324,13.493258476257324,ok
LA_D_5830215,16.847347259521484,16.847347259521484,ok
LA_D_5830923,20.032024383544922,20.032024383544922,ok
LA_D_5831724,16.886444091796875,16.886444091796875,ok
LA_D_5832271,16.076221466064453,16.076221466064453,ok
LA_D_5832702,14.982952117919922,14.982952117919922,ok
LA_D_5833231,-15.666549682617188,-15.666549682617188,ok
LA_D_5834045,15.918456077575684,15.918456077575684,ok
LA_D_5834157,-14.333346366882324,-14.333346366882324,ok
LA_D_5834232,19.53150749206543,19.53150749206543,ok
LA_D_5834246,11.551777839660645,11.551777839660645,ok
LA_D_5834907,11.76573657989502,11.76573657989502,ok
LA_D_5835778,12.558074951171875,12.558074951171875,ok
LA_D_5835948,13.132058143615723,13.132058143615723,ok
LA_D_5836628,13.808876991271973,13.808876991271973,ok
LA_D_5837845,13.729289054870605,13.729289054870605,ok
LA_D_5838098,16.588706970214844,16.588706970214844,ok
LA_D_5838500,17.97852897644043,17.97852897644043,ok
LA_D_5838540,-13.177374839782715,-13.177374839782715,ok
LA_D_5839530,15.213187217712402,15.213187217712402,ok
LA_D_5839621,6.922220230102539,6.922220230102539,ok
LA_D_5840187,12.08935260772705,12.08935260772705,ok
LA_D_5841055,10.076881408691406,10.076881408691406,ok
LA_D_5841267,-15.17746639251709,-15.17746639251709,ok
LA_D_5841342,15.87193489074707,15.87193489074707,ok
LA_D_5841697,11.80932331085205,11.80932331085205,ok
LA_D_5842927,10.886009216308594,10.886009216308594,ok
LA_D_5844214,6.886940956115723,6.886940956115723,ok
LA_D_5844846,10.804930686950684,10.804930686950684,ok
LA_D_5845529,16.886409759521484,16.886409759521484,ok
LA_D_5846104,-12.54197883605957,-12.54197883605957,ok
LA_D_5847069,15.475089073181152,15.475089073181152,ok
LA_D_5847801,13.437362670898438,13.437362670898438,ok
LA_D_5848108,13.970555305480957,13.970555305480957,ok
LA_D_5849098,12.934075355529785,12.934075355529785,ok
LA_D_5849476,15.153412818908691,15.153412818908691,ok
LA_D_5849620,12.439933776855469,12.439933776855469,ok
LA_D_5850460,10.973910331726074,10.973910331726074,ok
LA_D_5851479,18.638349533081055,18.638349533081055,ok
LA_D_5853595,12.076920509338379,12.076920509338379,ok
LA_D_5854092,12.419602394104004,12.419602394104004,ok
LA_D_5854347,13.070331573486328,13.070331573486328,ok
LA_D_5854712,12.0526704788208,12.0526704788208,ok
LA_D_5855173,11.223639488220215,11.223639488220215,ok
LA_D_5855679,17.79695701599121,17.79695701599121,ok
LA_D_5856383,8.343159675598145,8.343159675598145,ok
LA_D_5856426,14.962555885314941,14.962555885314941,ok
LA_D_5856691,12.972859382629395,12.972859382629395,ok
LA_D_5857128,14.495246887207031,14.495246887207031,ok
LA_D_5858013,9.852593421936035,9.852593421936035,ok
LA_D_5858787,9.389994621276855,9.389994621276855,ok
LA_D_5858893,11.288553237915039,11.288553237915039,ok
LA_D_5859057,14.124940872192383,14.124940872192383,ok
LA_D_5861399,12.822041511535645,12.822041511535645,ok
LA_D_5861749,12.637551307678223,12.637551307678223,ok
LA_D_5863016,12.618420600891113,12.618420600891113,ok
LA_D_5863611,-11.840458869934082,-11.840458869934082,ok
LA_D_5863762,13.502906799316406,13.502906799316406,ok
LA_D_5865733,13.553658485412598,13.553658485412598,ok
LA_D_5866255,17.991212844848633,17.991212844848633,ok
LA_D_5866849,11.220831871032715,11.220831871032715,ok
LA_D_5866992,16.126962661743164,16.126962661743164,ok
LA_D_5867269,7.907264709472656,7.907264709472656,ok
LA_D_5867393,13.876032829284668,13.876032829284668,ok
LA_D_5868407,-13.131087303161621,-13.131087303161621,ok
LA_D_5869640,17.66991424560547,17.66991424560547,ok
LA_D_5870140,14.242538452148438,14.242538452148438,ok
LA_D_5871349,13.754668235778809,13.754668235778809,ok
LA_D_5871402,16.796356201171875,16.796356201171875,ok
LA_D_5871485,18.365327835083008,18.365327835083008,ok
LA_D_5872598,17.33668327331543,17.33668327331543,ok
LA_D_5873514,9.315311431884766,9.315311431884766,ok
LA_D_5873604,15.75145149230957,15.75145149230957,ok
LA_D_5873758,11.522448539733887,11.522448539733887,ok
LA_D_5873832,16.06633186340332,16.06633186340332,ok
LA_D_5874054,10.765742301940918,10.765742301940918,ok
LA_D_5874196,14.510405540466309,14.510405540466309,ok
LA_D_5874425,12.305472373962402,12.305472373962402,ok
LA_D_5875439,16.406497955322266,16.406497955322266,ok
LA_D_5875499,15.52596664428711,15.52596664428711,ok
LA_D_5875987,13.944381713867188,13.944381713867188,ok
LA_D_5876621,16.178266525268555,16.178266525268555,ok
LA_D_5878266,16.890884399414062,16.890884399414062,ok
LA_D_5878616,13.679965019226074,13.679965019226074,ok
LA_D_5879570,-14.163750648498535,-14.163750648498535,ok
LA_D_5880856,14.417275428771973,14.417275428771973,ok
LA_D_5881167,12.940086364746094,12.940086364746094,ok
LA_D_5881442,10.947016716003418,10.947016716003418,ok
LA_D_5882342,14.575782775878906,14.575782775878906,ok
LA_D_5882834,11.067842483520508,11.067842483520508,ok
LA_D_5884456,11.748295783996582,11.748295783996582,ok
LA_D_5885239,13.159377098083496,13.159377098083496,ok
LA_D_5886832,12.852961540222168,12.852961540222168,ok
LA_D_5887076,13.740482330322266,13.740482330322266,ok
LA_D_5888899,9.366612434387207,9.366612434387207,ok
LA_D_5889135,15.68885326385498,15.68885326385498,ok
LA_D_5889358,20.923734664916992,20.923734664916992,ok
LA_D_5889397,11.404326438903809,11.404326438903809,ok
LA_D_5890209,10.990376472473145,10.990376472473145,ok
LA_D_5890290,12.147547721862793,12.147547721862793,ok
LA_D_5891155,15.000611305236816,15.000611305236816,ok
LA_D_5891453,-12.167162895202637,-12.167162895202637,ok
LA_D_5891869,15.946904182434082,15.946904182434082,ok
LA_D_5893651,13.420671463012695,13.420671463012695,ok
LA_D_5893732,16.127294540405273,16.127294540405273,ok
LA_D_5894140,8.239209175109863,8.239209175109863,ok
LA_D_5895018,15.32542896270752,15.32542896270752,ok
LA_D_5895216,15.607292175292969,15.607292175292969,ok
LA_D_5897281,17.084745407104492,17.084745407104492,ok
LA_D_5897721,15.661815643310547,15.661815643310547,ok
LA_D_5897761,12.98117446899414,12.98117446899414,ok
LA_D_5898202,8.76686954498291,8.76686954498291,ok
LA_D_5898234,-12.94725513458252,-12.94725513458252,ok
LA_D_5899377,8.007120132446289,8.007120132446289,ok
LA_D_5899837,12.149560928344727,12.149560928344727,ok
LA_D_5900756,12.452666282653809,12.452666282653809,ok
LA_D_5901105,12.706761360168457,12.706761360168457,ok
LA_D_5901190,16.784151077270508,16.784151077270508,ok
LA_D_5901525,13.934532165527344,13.934532165527344,ok
LA_D_5902939,16.202688217163086,16.202688217163086,ok
LA_D_5903262,14.409219741821289,14.409219741821289,ok
LA_D_5903873,-10.755359649658203,-10.755359649658203,ok
LA_D_5905554,14.375617027282715,14.375617027282715,ok
LA_D_5905737,10.871659278869629,10.871659278869629,ok
LA_D_5907805,14.23862361907959,14.23862361907959,ok
LA_D_5908876,15.626177787780762,15.626177787780762,ok
LA_D_5909772,13.703999519348145,13.703999519348145,ok
LA_D_5909916,14.97636890411377,14.97636890411377,ok
LA_D_5909998,18.817934036254883,18.817934036254883,ok
LA_D_5910081,14.648920059204102,14.648920059204102,ok
LA_D_5911892,9.360940933227539,9.360940933227539,ok
LA_D_5912421,14.851438522338867,14.851438522338867,ok
LA_D_5913608,15.190808296203613,15.190808296203613,ok
LA_D_5914226,12.355424880981445,12.355424880981445,ok
LA_D_5914572,15.461323738098145,15.461323738098145,ok
LA_D_5915443,16.9597225189209,16.9597225189209,ok
LA_D_5915454,14.096453666687012,14.096453666687012,ok
LA_D_5917934,15.820039749145508,15.820039749145508,ok
LA_D_5918137,9.26359748840332,9.26359748840332,ok
LA_D_5918268,13.689587593078613,13.689587593078613,ok
LA_D_5918480,13.914664268493652,13.914664268493652,ok
LA_D_5918498,14.943655967712402,14.943655967712402,ok
LA_D_5919154,13.53954792022705,13.53954792022705,ok
LA_D_5921230,13.460402488708496,13.460402488708496,ok
LA_D_5921937,15.226813316345215,15.226813316345215,ok
LA_D_5922375,14.41334342956543,14.41334342956543,ok
LA_D_5924199,9.06118106842041,9.06118106842041,ok
LA_D_5925557,-11.54149055480957,-11.54149055480957,ok
LA_D_5925659,-11.682995796203613,-11.682995796203613,ok
LA_D_5926059,9.918652534484863,9.918652534484863,ok
LA_D_5926484,17.87940788269043,17.87940788269043,ok
LA_D_5927325,12.801003456115723,12.801003456115723,ok
LA_D_5927388,-14.867770195007324,-14.867770195007324,ok
LA_D_5927782,22.6401309967041,22.6401309967041,ok
LA_D_5929796,3.9424545764923096,3.9424545764923096,ok
LA_D_5930167,14.298717498779297,14.298717498779297,ok
LA_D_5931137,16.40683937072754,16.40683937072754,ok
LA_D_5931445,18.025041580200195,18.025041580200195,ok
LA_D_5931696,12.04589557647705,12.04589557647705,ok
LA_D_5932598,10.991026878356934,10.991026878356934,ok
LA_D_5932613,-11.86330509185791,-11.86330509185791,ok
LA_D_5932720,8.446398735046387,8.446398735046387,ok
LA_D_5934154,15.339103698730469,15.339103698730469,ok
LA_D_5934239,13.234808921813965,13.234808921813965,ok
LA_D_5934426,-15.367571830749512,-15.367571830749512,ok
LA_D_5934440,7.647580623626709,7.647580623626709,ok
LA_D_5935284,16.215391159057617,16.215391159057617,ok
LA_D_5936355,8.93607234954834,8.93607234954834,ok
LA_D_5937021,9.174055099487305,9.174055099487305,ok
LA_D_5937369,9.453070640563965,9.453070640563965,ok
LA_D_5938241,15.888077735900879,15.888077735900879,ok
LA_D_5939156,15.35970687866211,15.35970687866211,ok
LA_D_5940165,15.358736991882324,15.358736991882324,ok
LA_D_5940340,7.895413875579834,7.895413875579834,ok
LA_D_5940767,15.833686828613281,15.833686828613281,ok
LA_D_5940824,22.45140266418457,22.45140266418457,ok
LA_D_5944292,10.344473838806152,10.344473838806152,ok
LA_D_5945248,23.352828979492188,23.352828979492188,ok
LA_D_5945817,6.969940662384033,6.969940662384033,ok
LA_D_5947257,-14.37398910522461,-14.37398910522461,ok
LA_D_5948278,18.14177131652832,18.14177131652832,ok
LA_D_5948925,10.741074562072754,10.741074562072754,ok
LA_D_5950523,16.583621978759766,16.583621978759766,ok
LA_D_5952548,-7.729123115539551,-7.729123115539551,ok
LA_D_5952895,12.37415885925293,12.37415885925293,ok
LA_D_5953510,16.694684982299805,16.694684982299805,ok
LA_D_5953565,14.244902610778809,14.244902610778809,ok
LA_D_5954148,11.591948509216309,11.591948509216309,ok
LA_D_5954862,15.610730171203613,15.610730171203613,ok
LA_D_5955756,15.77699089050293,15.77699089050293,ok
LA_D_5957373,14.083048820495605,14.083048820495605,ok
LA_D_5958463,18.552900314331055,18.552900314331055,ok
LA_D_5958767,15.471697807312012,15.471697807312012,ok
LA_D_5959072,12.481297492980957,12.481297492980957,ok
LA_D_5959728,12.738425254821777,12.738425254821777,ok
LA_D_5960315,8.785310745239258,8.785310745239258,ok
LA_D_5960511,11.29549503326416,11.29549503326416,ok
LA_D_5961259,16.945587158203125,16.945587158203125,ok
LA_D_5961603,13.486771583557129,13.486771583557129,ok
LA_D_5961859,17.86656379699707,17.86656379699707,ok
LA_D_5962580,-14.442460060119629,-14.442460060119629,ok
LA_D_5962786,10.561101913452148,10.561101913452148,ok
LA_D_5965400,9.999104499816895,9.999104499816895,ok
LA_D_5965871,15.400514602661133,15.400514602661133,ok
LA_D_5966088,12.322213172912598,12.322213172912598,ok
LA_D_5966111,12.860833168029785,12.860833168029785,ok
LA_D_5966896,14.046721458435059,14.046721458435059,ok
LA_D_5967483,5.643685817718506,5.643685817718506,ok
LA_D_5968191,14.14184856414795,14.14184856414795,ok
LA_D_5970267,12.586338996887207,12.586338996887207,ok
LA_D_5972086,-5.755879878997803,-5.755879878997803,ok
LA_D_5972627,-14.478772163391113,-14.478772163391113,ok
LA_D_5972830,15.48408031463623,15.48408031463623,ok
LA_D_5973374,11.225486755371094,11.225486755371094,ok
LA_D_5974398,15.849547386169434,15.849547386169434,ok
LA_D_5974456,21.401948928833008,21.401948928833008,ok
LA_D_5974545,13.07254695892334,13.07254695892334,ok
LA_D_5975736,17.808748245239258,17.808748245239258,ok
LA_D_5975960,17.248411178588867,17.248411178588867,ok
LA_D_5977520,17.811769485473633,17.811769485473633,ok
LA_D_5981243,18.655479431152344,18.655479431152344,ok
LA_D_5981705,13.128767967224121,13.128767967224121,ok
LA_D_5982804,14.080798149108887,14.080798149108887,ok
LA_D_5985415,13.53740406036377,13.53740406036377,ok
LA_D_5985635,17.140871047973633,17.140871047973633,ok
LA_D_5986166,13.792468070983887,13.792468070983887,ok
LA_D_5986701,14.263598442077637,14.263598442077637,ok
LA_D_5989901,15.908745765686035,15.908745765686035,ok
LA_D_5991498,15.669995307922363,15.669995307922363,ok
LA_D_5991520,15.125800132751465,15.125800132751465,ok
LA_D_5991891,13.612513542175293,13.612513542175293,ok
LA_D_5992495,9.106101036071777,9.106101036071777,ok
LA_D_5996371,12.72373104095459,12.72373104095459,ok
LA_D_5997151,15.183298110961914,15.183298110961914,ok
LA_D_5998708,18.686796188354492,18.686796188354492,ok
LA_D_6000442,12.03542709350586,12.03542709350586,ok
LA_D_6000471,17.299814224243164,17.299814224243164,ok
LA_D_6001078,15.99642276763916,15.99642276763916,ok
LA_D_6001607,14.008885383605957,14.008885383605957,ok
LA_D_6001731,15.852537155151367,15.852537155151367,ok
LA_D_6002746,19.227216720581055,19.227216720581055,ok
LA_D_6003803,12.686235427856445,12.686235427856445,ok
LA_D_6004306,13.365939140319824,13.365939140319824,ok
LA_D_6004323,12.609716415405273,12.609716415405273,ok
LA_D_6004959,15.918601036071777,15.918601036071777,ok
LA_D_6005916,-14.148283958435059,-14.148283958435059,ok
LA_D_6008941,-11.232792854309082,-11.232792854309082,ok
LA_D_6009636,15.430032730102539,15.430032730102539,ok
LA_D_6011658,14.1669282913208,14.1669282913208,ok
LA_D_6013126,-11.662423133850098,-11.662423133850098,ok
LA_D_6013665,17.363176345825195,17.363176345825195,ok
LA_D_6013990,15.422711372375488,15.422711372375488,ok
LA_D_6015629,19.690752029418945,19.690752029418945,ok
LA_D_6016215,-3.1659631729125977,-3.1659631729125977,ok
LA_D_6016576,22.177547454833984,22.177547454833984,ok
LA_D_6017131,17.454565048217773,17.454565048217773,ok
LA_D_6018250,10.349730491638184,10.349730491638184,ok
LA_D_6018972,12.180113792419434,12.180113792419434,ok
LA_D_6019558,14.450063705444336,14.450063705444336,ok
LA_D_6020080,16.940778732299805,16.940778732299805,ok
LA_D_6020277,8.057361602783203,8.057361602783203,ok
LA_D_6020756,8.135926246643066,8.135926246643066,ok
LA_D_6021297,15.01771068572998,15.01771068572998,ok
LA_D_6021341,11.142102241516113,11.142102241516113,ok
LA_D_6022629,-1.9439376592636108,-1.9439376592636108,ok
LA_D_6022964,13.688142776489258,13.688142776489258,ok
LA_D_6023359,16.246047973632812,16.246047973632812,ok
LA_D_6024993,11.383488655090332,11.383488655090332,ok
LA_D_6025730,10.370718955993652,10.370718955993652,ok
LA_D_6026070,16.00807762145996,16.00807762145996,ok
LA_D_6026073,17.109981536865234,17.109981536865234,ok
LA_D_6027499,14.31116771697998,14.31116771697998,ok
LA_D_6027798,-14.892374992370605,-14.892374992370605,ok
LA_D_6028528,14.213053703308105,14.213053703308105,ok
LA_D_6028756,11.850852012634277,11.850852012634277,ok
LA_D_6029420,15.452472686767578,15.452472686767578,ok
LA_D_6032630,-15.617024421691895,-15.617024421691895,ok
LA_D_6032690,17.7402286529541,17.7402286529541,ok
LA_D_6033416,14.45949649810791,14.45949649810791,ok
LA_D_6035078,6.501608371734619,6.501608371734619,ok
LA_D_6035108,14.278890609741211,14.278890609741211,ok
LA_D_6036733,14.148207664489746,14.148207664489746,ok
LA_D_6037279,15.100595474243164,15.100595474243164,ok
LA_D_6038131,16.321142196655273,16.321142196655273,ok
LA_D_6038912,13.996163368225098,13.996163368225098,ok
LA_D_6039051,13.057449340820312,13.057449340820312,ok
LA_D_6040176,7.419169902801514,7.419169902801514,ok
LA_D_6043277,-6.825594425201416,-6.825594425201416,ok
LA_D_6043519,-14.836596488952637,-14.836596488952637,ok
LA_D_6045245,18.19808578491211,18.19808578491211,ok
LA_D_6046406,-16.036733627319336,-16.036733627319336,ok
LA_D_6046443,11.833168983459473,11.833168983459473,ok
LA_D_6047115,10.970866203308105,10.970866203308105,ok
LA_D_6048851,11.76069164276123,11.76069164276123,ok
LA_D_6049791,14.075911521911621,14.075911521911621,ok
LA_D_6051475,14.425068855285645,14.425068855285645,ok
LA_D_6052126,14.278996467590332,14.278996467590332,ok
LA_D_6052360,14.729860305786133,14.729860305786133,ok
LA_D_6052530,20.3461971282959,20.3461971282959,ok
LA_D_6053770,15.25987434387207,15.25987434387207,ok
LA_D_6054337,12.374539375305176,12.374539375305176,ok
LA_D_6055459,9.160405158996582,9.160405158996582,ok
LA_D_6056258,10.457266807556152,10.457266807556152,ok
LA_D_6059094,18.732633590698242,18.732633590698242,ok
LA_D_6060308,4.959670543670654,4.959670543670654,ok
LA_D_6060748,13.932488441467285,13.932488441467285,ok
LA_D_6060780,15.161595344543457,15.161595344543457,ok
LA_D_6062114,18.58464241027832,18.58464241027832,ok
LA_D_6062316,9.051581382751465,9.051581382751465,ok
LA_D_6063219,13.866134643554688,13.866134643554688,ok
LA_D_6064218,-14.604859352111816,-14.604859352111816,ok
LA_D_6064341,8.583456993103027,8.583456993103027,ok
LA_D_6065429,8.465680122375488,8.465680122375488,ok
LA_D_6068075,-13.577165603637695,-13.577165603637695,ok
LA_D_6070172,13.770792961120605,13.770792961120605,ok
LA_D_6071593,14.678349494934082,14.678349494934082,ok
LA_D_6073207,17.16196632385254,17.16196632385254,ok
LA_D_6073354,-15.931445121765137,-15.931445121765137,ok
LA_D_6073856,19.34861183166504,19.34861183166504,ok
LA_D_6078000,10.048829078674316,10.048829078674316,ok
LA_D_6078362,14.40792179107666,14.40792179107666,ok
LA_D_6078371,13.962702751159668,13.962702751159668,ok
LA_D_6079595,14.769804000854492,14.769804000854492,ok
LA_D_6079609,11.410311698913574,11.410311698913574,ok
LA_D_6080461,19.02606201171875,19.02606201171875,ok
LA_D_6081377,16.01054573059082,16.01054573059082,ok
LA_D_6081678,-4.933460712432861,-4.933460712432861,ok
LA_D_6083224,12.989059448242188,12.989059448242188,ok
LA_D_6084356,15.239768028259277,15.239768028259277,ok
LA_D_6084402,10.860570907592773,10.860570907592773,ok
LA_D_6084753,13.216161727905273,13.216161727905273,ok
LA_D_6085002,-7.151925086975098,-7.151925086975098,ok
LA_D_6085681,9.737133979797363,9.737133979797363,ok
LA_D_6086453,14.732314109802246,14.732314109802246,ok
LA_D_6087767,14.291213035583496,14.291213035583496,ok
LA_D_6087781,12.70468521118164,12.70468521118164,ok
LA_D_6088761,15.659417152404785,15.659417152404785,ok
LA_D_6090760,16.406938552856445,16.406938552856445,ok
LA_D_6091182,9.791285514831543,9.791285514831543,ok
LA_D_6092752,-12.31726360321045,-12.31726360321045,ok
LA_D_6093121,11.423952102661133,11.423952102661133,ok
LA_D_6093454,15.829297065734863,15.829297065734863,ok
LA_D_6093649,15.215500831604004,15.215500831604004,ok
LA_D_6095686,16.06913185119629,16.06913185119629,ok
LA_D_6096386,16.113588333129883,16.113588333129883,ok
LA_D_6096734,17.53752326965332,17.53752326965332,ok
LA_D_6097312,15.534095764160156,15.534095764160156,ok
LA_D_6097465,16.626068115234375,16.626068115234375,ok
LA_D_6097564,16.879396438598633,16.879396438598633,ok
LA_D_6098242,11.736603736877441,11.736603736877441,ok
LA_D_6099244,18.020795822143555,18.020795822143555,ok
LA_D_6100016,7.919121742248535,7.919121742248535,ok
LA_D_6103118,14.964163780212402,14.964163780212402,ok
LA_D_6103320,17.811582565307617,17.811582565307617,ok
LA_D_6105321,11.599732398986816,11.599732398986816,ok
LA_D_6105514,11.633481979370117,11.633481979370117,ok
LA_D_6105901,13.142241477966309,13.142241477966309,ok
LA_D_6107290,13.310738563537598,13.310738563537598,ok
LA_D_6108925,16.784120559692383,16.784120559692383,ok
LA_D_6111501,13.054570198059082,13.054570198059082,ok
LA_D_6112086,10.177205085754395,10.177205085754395,ok
LA_D_6112353,12.989083290100098,12.989083290100098,ok
LA_D_6113422,17.190052032470703,17.190052032470703,ok
LA_D_6113648,17.390148162841797,17.390148162841797,ok
LA_D_6113830,8.716297149658203,8.716297149658203,ok
LA_D_6113951,16.55925941467285,16.55925941467285,ok
LA_D_6114748,15.953126907348633,15.953126907348633,ok
LA_D_6115335,13.55642032623291,13.55642032623291,ok
LA_D_6115657,14.431707382202148,14.431707382202148,ok
LA_D_6115922,14.972176551818848,14.972176551818848,ok
LA_D_6116293,9.551800727844238,9.551800727844238,ok
LA_D_6116905,11.357953071594238,11.357953071594238,ok
LA_D_6117748,-14.367103576660156,-14.367103576660156,ok
LA_D_6120066,16.77761459350586,16.77761459350586,ok
LA_D_6120152,-14.106823921203613,-14.106823921203613,ok
LA_D_6121156,13.679171562194824,13.679171562194824,ok
LA_D_6123683,13.263919830322266,13.263919830322266,ok
LA_D_6124016,17.313953399658203,17.313953399658203,ok
LA_D_6124472,15.360686302185059,15.360686302185059,ok
LA_D_6124905,-14.349764823913574,-14.349764823913574,ok
LA_D_6125461,18.525888442993164,18.525888442993164,ok
LA_D_6126827,8.68294620513916,8.68294620513916,ok
LA_D_6127252,13.060752868652344,13.060752868652344,ok
LA_D_6127270,14.593352317810059,14.593352317810059,ok
LA_D_6127324,10.728997230529785,10.728997230529785,ok
LA_D_6127867,12.099196434020996,12.099196434020996,ok
LA_D_6128648,8.37072467803955,8.37072467803955,ok
LA_D_6129031,14.425056457519531,14.425056457519531,ok
LA_D_6129214,11.899090766906738,11.899090766906738,ok
LA_D_6131631,14.632097244262695,14.632097244262695,ok
LA_D_6131696,10.878703117370605,10.878703117370605,ok
LA_D_6132532,17.82472801208496,17.82472801208496,ok
LA_D_6135335,10.2023344039917,10.2023344039917,ok
LA_D_6135553,18.178442001342773,18.178442001342773,ok
LA_D_6136274,12.247119903564453,12.247119903564453,ok
LA_D_6137322,14.959612846374512,14.959612846374512,ok
LA_D_6138007,17.384708404541016,17.384708404541016,ok
LA_D_6138839,-12.58891773223877,-12.58891773223877,ok
LA_D_6141449,17.713972091674805,17.713972091674805,ok
LA_D_6143159,14.065048217773438,14.065048217773438,ok
LA_D_6143239,13.549628257751465,13.549628257751465,ok
LA_D_6143596,15.270779609680176,15.270779609680176,ok
LA_D_6145108,20.919458389282227,20.919458389282227,ok
LA_D_6145523,9.731489181518555,9.731489181518555,ok
LA_D_6146856,14.079218864440918,14.079218864440918,ok
LA_D_6147694,15.818260192871094,15.818260192871094,ok
LA_D_6151616,15.040264129638672,15.040264129638672,ok
LA_D_6153129,13.5045804977417,13.5045804977417,ok
LA_D_6153465,16.594995498657227,16.594995498657227,ok
LA_D_6153562,12.578807830810547,12.578807830810547,ok
LA_D_6153919,12.123604774475098,12.123604774475098,ok
LA_D_6153942,-6.921948432922363,-6.921948432922363,ok
LA_D_6154657,19.267534255981445,19.267534255981445,ok
LA_D_6154971,12.904022216796875,12.904022216796875,ok
LA_D_6155558,3.7253804206848145,3.7253804206848145,ok
LA_D_6156090,-7.770391941070557,-7.770391941070557,ok
LA_D_6157715,11.95573902130127,11.95573902130127,ok
LA_D_6159317,11.906096458435059,11.906096458435059,ok
LA_D_6160000,-2.0313515663146973,-2.0313515663146973,ok
LA_D_6160245,15.841534614562988,15.841534614562988,ok
LA_D_6161090,17.91766929626465,17.91766929626465,ok
LA_D_6161483,15.69540786743164,15.69540786743164,ok
LA_D_6162323,14.809709548950195,14.809709548950195,ok
LA_D_6162330,13.662056922912598,13.662056922912598,ok
LA_D_6164377,11.309903144836426,11.309903144836426,ok
LA_D_6164680,8.747052192687988,8.747052192687988,ok
LA_D_6165178,13.178021430969238,13.178021430969238,ok
LA_D_6165551,16.518924713134766,16.518924713134766,ok
LA_D_6165815,11.969564437866211,11.969564437866211,ok
LA_D_6165860,7.809387683868408,7.809387683868408,ok
LA_D_6166462,11.148405075073242,11.148405075073242,ok
LA_D_6166673,14.538872718811035,14.538872718811035,ok
LA_D_6167979,13.758360862731934,13.758360862731934,ok
LA_D_6168336,14.51828384399414,14.51828384399414,ok
LA_D_6168688,12.808573722839355,12.808573722839355,ok
LA_D_6168902,9.109359741210938,9.109359741210938,ok
LA_D_6171374,13.07227611541748,13.07227611541748,ok
LA_D_6171581,14.769233703613281,14.769233703613281,ok
LA_D_6172873,21.765968322753906,21.765968322753906,ok
LA_D_6174114,11.175406455993652,11.175406455993652,ok
LA_D_6174345,15.639296531677246,15.639296531677246,ok
LA_D_6175023,8.432364463806152,8.432364463806152,ok
LA_D_6176750,13.539186477661133,13.539186477661133,ok
LA_D_6177242,12.97878360748291,12.97878360748291,ok
LA_D_6177458,15.14534854888916,15.14534854888916,ok
LA_D_6178175,17.308317184448242,17.308317184448242,ok
LA_D_6178691,6.035836696624756,6.035836696624756,ok
LA_D_6178956,-13.834053993225098,-13.834053993225098,ok
LA_D_6179226,17.566598892211914,17.566598892211914,ok
LA_D_6179252,13.392882347106934,13.392882347106934,ok
LA_D_6180201,12.655003547668457,12.655003547668457,ok
LA_D_6181747,14.044018745422363,14.044018745422363,ok
LA_D_6181877,17.43414878845215,17.43414878845215,ok
LA_D_6183125,14.977667808532715,14.977667808532715,ok
LA_D_6183356,-16.18885612487793,-16.18885612487793,ok
LA_D_6184039,3.0824050903320312,3.0824050903320312,ok
LA_D_6184612,17.240381240844727,17.240381240844727,ok
LA_D_6185674,15.214802742004395,15.214802742004395,ok
LA_D_6185691,11.764870643615723,11.764870643615723,ok
LA_D_6186728,16.518980026245117,16.518980026245117,ok
LA_D_6187174,17.23661231994629,17.23661231994629,ok
LA_D_6187512,15.448749542236328,15.448749542236328,ok
LA_D_6188881,14.268322944641113,14.268322944641113,ok
LA_D_6188980,14.795364379882812,14.795364379882812,ok
LA_D_6190533,13.442206382751465,13.442206382751465,ok
LA_D_6192145,20.7804012298584,20.7804012298584,ok
LA_D_6192792,15.344505310058594,15.344505310058594,ok
LA_D_6193524,15.533405303955078,15.533405303955078,ok
LA_D_6194235,15.527389526367188,15.527389526367188,ok
LA_D_6194442,20.24197769165039,20.24197769165039,ok
LA_D_6196078,13.918684959411621,13.918684959411621,ok
LA_D_6197060,16.503084182739258,16.503084182739258,ok
LA_D_6197341,14.736002922058105,14.736002922058105,ok
LA_D_6197535,16.60065269470215,16.60065269470215,ok
LA_D_6197862,11.463591575622559,11.463591575622559,ok
LA_D_6197886,12.901768684387207,12.901768684387207,ok
LA_D_6198361,14.674373626708984,14.674373626708984,ok
LA_D_6198746,-17.330768585205078,-17.330768585205078,ok
LA_D_6201103,11.552431106567383,11.552431106567383,ok
LA_D_6201251,16.97798728942871,16.97798728942871,ok
LA_D_6201607,13.944119453430176,13.944119453430176,ok
LA_D_6202447,16.770124435424805,16.770124435424805,ok
LA_D_6203299,15.28100872039795,15.28100872039795,ok
LA_D_6203431,13.49158000946045,13.49158000946045,ok
LA_D_6203837,17.227294921875,17.227294921875,ok
LA_D_6206158,12.613943099975586,12.613943099975586,ok
LA_D_6207345,-14.50125789642334,-14.50125789642334,ok
LA_D_6208335,12.400097846984863,12.400097846984863,ok
LA_D_6208485,13.7556734085083,13.7556734085083,ok
LA_D_6208799,12.127982139587402,12.127982139587402,ok
LA_D_6209989,17.506059646606445,17.506059646606445,ok
LA_D_6209992,8.678252220153809,8.678252220153809,ok
LA_D_6210440,14.912711143493652,14.912711143493652,ok
LA_D_6210490,15.719523429870605,15.719523429870605,ok
LA_D_6211090,16.19849967956543,16.19849967956543,ok
LA_D_6211330,-12.049895286560059,-12.049895286560059,ok
LA_D_6211901,20.8420467376709,20.8420467376709,ok
LA_D_6211991,9.753825187683105,9.753825187683105,ok
LA_D_6212648,14.679466247558594,14.679466247558594,ok
LA_D_6212794,15.23834228515625,15.23834228515625,ok
LA_D_6214703,14.502039909362793,14.502039909362793,ok
LA_D_6214749,7.843883991241455,7.843883991241455,ok
LA_D_6215452,14.621566772460938,14.621566772460938,ok
LA_D_6216331,8.168905258178711,8.168905258178711,ok
LA_D_6218509,12.56957721710205,12.56957721710205,ok
LA_D_6218929,11.090568542480469,11.090568542480469,ok
LA_D_6220807,15.919054985046387,15.919054985046387,ok
LA_D_6222247,17.7464542388916,17.7464542388916,ok
LA_D_6222475,12.517269134521484,12.517269134521484,ok
LA_D_6223286,-12.831330299377441,-12.831330299377441,ok
LA_D_6223774,18.05725860595703,18.05725860595703,ok
LA_D_6224605,14.352824211120605,14.352824211120605,ok
LA_D_6226652,21.917020797729492,21.917020797729492,ok
LA_D_6226707,18.946250915527344,18.946250915527344,ok
LA_D_6227080,17.6113224029541,17.6113224029541,ok
LA_D_6228522,13.649279594421387,13.649279594421387,ok
LA_D_6230272,10.880143165588379,10.880143165588379,ok
LA_D_6230736,9.977931022644043,9.977931022644043,ok
LA_D_6231603,12.885491371154785,12.885491371154785,ok
LA_D_6231724,14.903107643127441,14.903107643127441,ok
LA_D_6233911,9.884427070617676,9.884427070617676,ok
LA_D_6234671,9.225654602050781,9.225654602050781,ok
LA_D_6235468,14.227402687072754,14.227402687072754,ok
LA_D_6236753,-10.47810173034668,-10.47810173034668,ok
LA_D_6237040,14.106917381286621,14.106917381286621,ok
LA_D_6238446,16.53738784790039,16.53738784790039,ok
LA_D_6239873,16.159696578979492,16.159696578979492,ok
LA_D_6241133,10.49703311920166,10.49703311920166,ok
LA_D_6241209,16.486326217651367,16.486326217651367,ok
LA_D_6241521,16.34560203552246,16.34560203552246,ok
LA_D_6241916,14.30358600616455,14.30358600616455,ok
LA_D_6242242,10.7374906539917,10.7374906539917,ok
LA_D_6243690,14.31484603881836,14.31484603881836,ok
LA_D_6244463,12.745140075683594,12.745140075683594,ok
LA_D_6244693,14.595475196838379,14.595475196838379,ok
LA_D_6245298,13.70555591583252,13.70555591583252,ok
LA_D_6246305,11.549090385437012,11.549090385437012,ok
LA_D_6246382,19.67579460144043,19.67579460144043,ok
LA_D_6247219,7.6250128746032715,7.6250128746032715,ok
LA_D_6250024,12.086897850036621,12.086897850036621,ok
LA_D_6251984,12.604607582092285,12.604607582092285,ok
LA_D_6252124,-8.348864555358887,-8.348864555358887,ok
LA_D_6252209,15.5107421875,15.5107421875,ok
LA_D_6252325,8.565779685974121,8.565779685974121,ok
LA_D_6252373,20.461368560791016,20.461368560791016,ok
LA_D_6253995,13.13265323638916,13.13265323638916,ok
LA_D_6254318,-15.019196510314941,-15.019196510314941,ok
LA_D_6255539,15.880784034729004,15.880784034729004,ok
LA_D_6256464,11.01060962677002,11.01060962677002,ok
LA_D_6256706,12.337895393371582,12.337895393371582,ok
LA_D_6256750,11.7197265625,11.7197265625,ok
LA_D_6259884,16.43406867980957,16.43406867980957,ok
LA_D_6262512,2.950110673904419,2.950110673904419,ok
LA_D_6262648,10.93977165222168,10.93977165222168,ok
LA_D_6263129,-13.714900016784668,-13.714900016784668,ok
LA_D_6264639,16.33521270751953,16.33521270751953,ok
LA_D_6264742,15.435694694519043,15.435694694519043,ok
LA_D_6264799,15.662943840026855,15.662943840026855,ok
LA_D_6264877,14.809334754943848,14.809334754943848,ok
LA_D_6264911,16.689451217651367,16.689451217651367,ok
LA_D_6265877,14.866997718811035,14.866997718811035,ok
LA_D_6266806,-10.63498592376709,-10.63498592376709,ok
LA_D_6267621,13.365755081176758,13.365755081176758,ok
LA_D_6268154,13.542309761047363,13.542309761047363,ok
LA_D_6268296,14.978639602661133,14.978639602661133,ok
LA_D_6270673,7.0369343757629395,7.0369343757629395,ok
LA_D_6270876,10.603850364685059,10.603850364685059,ok
LA_D_6270919,14.99339485168457,14.99339485168457,ok
LA_D_6271904,16.743696212768555,16.743696212768555,ok
LA_D_6271997,16.53614616394043,16.53614616394043,ok
LA_D_6272018,10.741374015808105,10.741374015808105,ok
LA_D_6273410,8.947272300720215,8.947272300720215,ok
LA_D_6273504,13.7091703414917,13.7091703414917,ok
LA_D_6275031,18.532594680786133,18.532594680786133,ok
LA_D_6276774,12.512124061584473,12.512124061584473,ok
LA_D_6276971,15.247973442077637,15.247973442077637,ok
LA_D_6278890,18.44487953186035,18.44487953186035,ok
LA_D_6279022,18.947025299072266,18.947025299072266,ok
LA_D_6280073,11.323619842529297,11.323619842529297,ok
LA_D_6280436,12.558016777038574,12.558016777038574,ok
LA_D_6280709,-13.027602195739746,-13.027602195739746,ok
LA_D_6280736,19.077604293823242,19.077604293823242,ok
LA_D_6281576,16.061552047729492,16.061552047729492,ok
LA_D_6282556,13.606193542480469,13.606193542480469,ok
LA_D_6283174,12.587078094482422,12.587078094482422,ok
LA_D_6284910,12.820381164550781,12.820381164550781,ok
LA_D_6285068,9.36593246459961,9.36593246459961,ok
LA_D_6287077,14.9278564453125,14.9278564453125,ok
LA_D_6287239,-9.607215881347656,-9.607215881347656,ok
LA_D_6288186,20.045358657836914,20.045358657836914,ok
LA_D_6288557,-15.952754974365234,-15.952754974365234,ok
LA_D_6288787,-14.780610084533691,-14.780610084533691,ok
LA_D_6289317,-14.941224098205566,-14.941224098205566,ok
LA_D_6289788,-14.44591999053955,-14.44591999053955,ok
LA_D_6290153,12.661578178405762,12.661578178405762,ok
LA_D_6290294,11.86652660369873,11.86652660369873,ok
LA_D_6290952,14.17337417602539,14.17337417602539,ok
LA_D_6291610,11.78805160522461,11.78805160522461,ok
LA_D_6291738,-14.058320045471191,-14.058320045471191,ok
LA_D_6292198,-12.38912296295166,-12.38912296295166,ok
LA_D_6292340,14.479409217834473,14.479409217834473,ok
LA_D_6292396,13.091578483581543,13.091578483581543,ok
LA_D_6293152,9.525174140930176,9.525174140930176,ok
LA_D_6293245,13.00730037689209,13.00730037689209,ok
LA_D_6293545,16.104450225830078,16.104450225830078,ok
LA_D_6293563,11.59723949432373,11.59723949432373,ok
LA_D_6295513,11.956432342529297,11.956432342529297,ok
LA_D_6295904,13.307497024536133,13.307497024536133,ok
LA_D_6298403,12.983939170837402,12.983939170837402,ok
LA_D_6298541,16.116304397583008,16.116304397583008,ok
LA_D_6300071,11.971549034118652,11.971549034118652,ok
LA_D_6301347,3.8180904388427734,3.8180904388427734,ok
LA_D_6301940,13.123858451843262,13.123858451843262,ok
LA_D_6302480,-14.23963451385498,-14.23963451385498,ok
LA_D_6302669,13.291668891906738,13.291668891906738,ok
LA_D_6303671,11.280047416687012,11.280047416687012,ok
LA_D_6304222,-13.152815818786621,-13.152815818786621,ok
LA_D_6304781,11.244685173034668,11.244685173034668,ok
LA_D_6305298,14.99366569519043,14.99366569519043,ok
LA_D_6305743,12.233485221862793,12.233485221862793,ok
LA_D_6306641,10.198089599609375,10.198089599609375,ok
LA_D_6307445,14.010157585144043,14.010157585144043,ok
LA_D_6308295,-13.072953224182129,-13.072953224182129,ok
LA_D_6308947,13.514815330505371,13.514815330505371,ok
LA_D_6309997,9.11541748046875,9.11541748046875,ok
LA_D_6310267,-13.408915519714355,-13.408915519714355,ok
LA_D_6310412,9.319270133972168,9.319270133972168,ok
LA_D_6311046,-14.631749153137207,-14.631749153137207,ok
LA_D_6314728,12.924927711486816,12.924927711486816,ok
LA_D_6315394,12.496140480041504,12.496140480041504,ok
LA_D_6315906,13.85607624053955,13.85607624053955,ok
LA_D_6316102,14.895112037658691,14.895112037658691,ok
LA_D_6316118,12.657586097717285,12.657586097717285,ok
LA_D_6316498,24.46387481689453,24.46387481689453,ok
LA_D_6316737,12.810263633728027,12.810263633728027,ok
LA_D_6317931,17.430959701538086,17.430959701538086,ok
LA_D_6319262,16.833646774291992,16.833646774291992,ok
LA_D_6320458,5.9182257652282715,5.9182257652282715,ok
LA_D_6320996,13.562870979309082,13.562870979309082,ok
LA_D_6321029,14.6957368850708,14.6957368850708,ok
LA_D_6321182,13.766572952270508,13.766572952270508,ok
LA_D_6321273,14.9346923828125,14.9346923828125,ok
LA_D_6322158,13.986405372619629,13.986405372619629,ok
LA_D_6322470,17.88849449157715,17.88849449157715,ok
LA_D_6323705,8.549727439880371,8.549727439880371,ok
LA_D_6324927,-15.150134086608887,-15.150134086608887,ok
LA_D_6325680,-13.352639198303223,-13.352639198303223,ok
LA_D_6325916,12.649415969848633,12.649415969848633,ok
LA_D_6326082,7.8098554611206055,7.8098554611206055,ok
LA_D_6327399,18.665788650512695,18.665788650512695,ok
LA_D_6328554,9.455138206481934,9.455138206481934,ok
LA_D_6331537,11.460064888000488,11.460064888000488,ok
LA_D_6332738,17.28372573852539,17.28372573852539,ok
LA_D_6333127,19.46495246887207,19.46495246887207,ok
LA_D_6333663,10.187833786010742,10.187833786010742,ok
LA_D_6335322,13.881619453430176,13.881619453430176,ok
LA_D_6335987,14.668992042541504,14.668992042541504,ok
LA_D_6337308,13.17590045928955,13.17590045928955,ok
LA_D_6338190,10.617901802062988,10.617901802062988,ok
LA_D_6338424,10.898691177368164,10.898691177368164,ok
LA_D_6338534,15.119348526000977,15.119348526000977,ok
LA_D_6338898,-12.960171699523926,-12.960171699523926,ok
LA_D_6339525,8.659879684448242,8.659879684448242,ok
LA_D_6341314,11.207880973815918,11.207880973815918,ok
LA_D_6341396,17.739545822143555,17.739545822143555,ok
LA_D_6343112,16.08271598815918,16.08271598815918,ok
LA_D_6343657,7.172810077667236,7.172810077667236,ok
LA_D_6343761,-3.90718412399292,-3.90718412399292,ok
LA_D_6344509,14.282123565673828,14.282123565673828,ok
LA_D_6345029,13.215943336486816,13.215943336486816,ok
LA_D_6345131,21.028684616088867,21.028684616088867,ok
LA_D_6345168,15.181073188781738,15.181073188781738,ok
LA_D_6345960,17.042415618896484,17.042415618896484,ok
LA_D_6346160,10.798173904418945,10.798173904418945,ok
LA_D_6346227,11.534897804260254,11.534897804260254,ok
LA_D_6346837,12.924363136291504,12.924363136291504,ok
LA_D_6347250,16.61761474609375,16.61761474609375,ok
LA_D_6349894,13.850415229797363,13.850415229797363,ok
LA_D_6350034,16.1690731048584,16.1690731048584,ok
LA_D_6350241,16.59657859802246,16.59657859802246,ok
LA_D_6351813,14.86740493774414,14.86740493774414,ok
LA_D_6351880,12.06801700592041,12.06801700592041,ok
LA_D_6352712,16.294981002807617,16.294981002807617,ok
LA_D_6353064,10.23588752746582,10.23588752746582,ok
LA_D_6353632,13.719122886657715,13.719122886657715,ok
LA_D_6353813,14.334935188293457,14.334935188293457,ok
LA_D_6354373,10.631205558776855,10.631205558776855,ok
LA_D_6355954,11.877507209777832,11.877507209777832,ok
LA_D_6356896,12.229134559631348,12.229134559631348,ok
LA_D_6359460,11.74465274810791,11.74465274810791,ok
LA_D_6359496,14.10018253326416,14.10018253326416,ok
LA_D_6361022,18.900094985961914,18.900094985961914,ok
LA_D_6361258,12.216009140014648,12.216009140014648,ok
LA_D_6362359,16.935697555541992,16.935697555541992,ok
LA_D_6363189,12.860692977905273,12.860692977905273,ok
LA_D_6363274,8.914237022399902,8.914237022399902,ok
LA_D_6364752,10.951659202575684,10.951659202575684,ok
LA_D_6365603,12.972919464111328,12.972919464111328,ok
LA_D_6366232,13.116920471191406,13.116920471191406,ok
LA_D_6366738,10.657898902893066,10.657898902893066,ok
LA_D_6367142,15.343063354492188,15.343063354492188,ok
LA_D_6367157,-13.065217018127441,-13.065217018127441,ok
LA_D_6367384,15.077563285827637,15.077563285827637,ok
LA_D_6367650,14.643224716186523,14.643224716186523,ok
LA_D_6368049,-4.379786014556885,-4.379786014556885,ok
LA_D_6368816,14.193744659423828,14.193744659423828,ok
LA_D_6368871,14.897449493408203,14.897449493408203,ok
LA_D_6368988,12.747374534606934,12.747374534606934,ok
LA_D_6369142,14.483059883117676,14.483059883117676,ok
LA_D_6369227,13.585219383239746,13.585219383239746,ok
LA_D_6369583,-15.774199485778809,-15.774199485778809,ok
LA_D_6371255,16.539453506469727,16.539453506469727,ok
LA_D_6371287,15.117027282714844,15.117027282714844,ok
LA_D_6371872,12.313801765441895,12.313801765441895,ok
LA_D_6372376,10.953315734863281,10.953315734863281,ok
LA_D_6373060,5.219235420227051,5.219235420227051,ok
LA_D_6373288,8.395598411560059,8.395598411560059,ok
LA_D_6374273,13.919283866882324,13.919283866882324,ok
LA_D_6374661,17.033105850219727,17.033105850219727,ok
LA_D_6375943,12.02377986907959,12.02377986907959,ok
LA_D_6376974,11.88166332244873,11.88166332244873,ok
LA_D_6378566,14.153660774230957,14.153660774230957,ok
LA_D_6378781,10.812560081481934,10.812560081481934,ok
LA_D_6379069,17.117595672607422,17.117595672607422,ok
LA_D_6379116,14.505284309387207,14.505284309387207,ok
LA_D_6379274,10.976483345031738,10.976483345031738,ok
LA_D_6379749,11.779068946838379,11.779068946838379,ok
LA_D_6380070,14.66183090209961,14.66183090209961,ok
LA_D_6380295,-11.46484375,-11.46484375,ok
LA_D_6382055,-6.513699054718018,-6.513699054718018,ok
LA_D_6383543,9.850194931030273,9.850194931030273,ok
LA_D_6383686,18.113788604736328,18.113788604736328,ok
LA_D_6383761,15.07077407836914,15.07077407836914,ok
LA_D_6387199,12.225666999816895,12.225666999816895,ok
LA_D_6388120,17.79523277282715,17.79523277282715,ok
LA_D_6388231,12.307286262512207,12.307286262512207,ok
LA_D_6390103,12.077486991882324,12.077486991882324,ok
LA_D_6390760,10.641247749328613,10.641247749328613,ok
LA_D_6391228,15.325663566589355,15.325663566589355,ok
LA_D_6391278,13.12304401397705,13.12304401397705,ok
LA_D_6392613,14.649611473083496,14.649611473083496,ok
LA_D_6393543,15.451111793518066,15.451111793518066,ok
LA_D_6396489,18.905900955200195,18.905900955200195,ok
LA_D_6397450,16.577234268188477,16.577234268188477,ok
LA_D_6400478,14.675660133361816,14.675660133361816,ok
LA_D_6401176,19.04630470275879,19.04630470275879,ok
LA_D_6401440,10.24498462677002,10.24498462677002,ok
LA_D_6401566,19.09185218811035,19.09185218811035,ok
LA_D_6401633,12.820540428161621,12.820540428161621,ok
LA_D_6404209,15.55115032196045,15.55115032196045,ok
LA_D_6404620,12.832842826843262,12.832842826843262,ok
LA_D_6405087,10.860209465026855,10.860209465026855,ok
LA_D_6405665,7.599625110626221,7.599625110626221,ok
LA_D_6407177,16.749038696289062,16.749038696289062,ok
LA_D_6407830,18.404159545898438,18.404159545898438,ok
LA_D_6408762,17.500043869018555,17.500043869018555,ok
LA_D_6409431,13.05960750579834,13.05960750579834,ok
LA_D_6409786,4.709875583648682,4.709875583648682,ok
LA_D_6409900,21.271013259887695,21.271013259887695,ok
LA_D_6410108,13.270783424377441,13.270783424377441,ok
LA_D_6411224,12.087546348571777,12.087546348571777,ok
LA_D_6411228,13.431963920593262,13.431963920593262,ok
LA_D_6413013,16.97104835510254,16.97104835510254,ok
LA_D_6413397,6.689057350158691,6.689057350158691,ok
LA_D_6413462,14.581400871276855,14.581400871276855,ok
LA_D_6414092,14.377131462097168,14.377131462097168,ok
LA_D_6415614,18.379276275634766,18.379276275634766,ok
LA_D_6415971,9.669596672058105,9.669596672058105,ok
LA_D_6417597,13.462528228759766,13.462528228759766,ok
LA_D_6418577,-11.393315315246582,-11.393315315246582,ok
LA_D_6419157,5.7601518630981445,5.7601518630981445,ok
LA_D_6419449,20.86966896057129,20.86966896057129,ok
LA_D_6421601,8.95069408416748,8.95069408416748,ok
LA_D_6422582,16.071775436401367,16.071775436401367,ok
LA_D_6423308,13.974812507629395,13.974812507629395,ok
LA_D_6423611,12.970202445983887,12.970202445983887,ok
LA_D_6424034,17.12544059753418,17.12544059753418,ok
LA_D_6424276,14.552291870117188,14.552291870117188,ok
LA_D_6424715,17.76896095275879,17.76896095275879,ok
LA_D_6425717,20.519784927368164,20.519784927368164,ok
LA_D_6425908,13.214472770690918,13.214472770690918,ok
LA_D_6426866,15.292376518249512,15.292376518249512,ok
LA_D_6427369,7.500723361968994,7.500723361968994,ok
LA_D_6428297,14.609349250793457,14.609349250793457,ok
LA_D_6428957,17.030349731445312,17.030349731445312,ok
LA_D_6430063,19.972475051879883,19.972475051879883,ok
LA_D_6431120,13.132637977600098,13.132637977600098,ok
LA_D_6431288,14.440812110900879,14.440812110900879,ok
LA_D_6431658,15.464446067810059,15.464446067810059,ok
LA_D_6431886,11.579737663269043,11.579737663269043,ok
LA_D_6432124,14.574175834655762,14.574175834655762,ok
LA_D_6434161,14.364699363708496,14.364699363708496,ok
LA_D_6434711,15.911230087280273,15.911230087280273,ok
LA_D_6434721,13.635170936584473,13.635170936584473,ok
LA_D_6435266,14.330449104309082,14.330449104309082,ok
LA_D_6435582,-13.886383056640625,-13.886383056640625,ok
LA_D_6439502,15.184440612792969,15.184440612792969,ok
LA_D_6439730,-2.7286651134490967,-2.7286651134490967,ok
LA_D_6440445,16.821462631225586,16.821462631225586,ok
LA_D_6440826,10.215347290039062,10.215347290039062,ok
LA_D_6441885,8.268447875976562,8.268447875976562,ok
LA_D_6442014,-6.584897518157959,-6.584897518157959,ok
LA_D_6442890,13.236769676208496,13.236769676208496,ok
LA_D_6443383,11.525744438171387,11.525744438171387,ok
LA_D_6443649,-11.808782577514648,-11.808782577514648,ok
LA_D_6444033,14.728083610534668,14.728083610534668,ok
LA_D_6444125,12.072676658630371,12.072676658630371,ok
LA_D_6445561,10.616013526916504,10.616013526916504,ok
LA_D_6445749,14.594863891601562,14.594863891601562,ok
LA_D_6445884,15.613738059997559,15.613738059997559,ok
LA_D_6446002,14.491080284118652,14.491080284118652,ok
LA_D_6446521,7.4297003746032715,7.4297003746032715,ok
LA_D_6446759,-1.0927399396896362,-1.0927399396896362,ok
LA_D_6447251,9.196812629699707,9.196812629699707,ok
LA_D_6449816,14.194558143615723,14.194558143615723,ok
LA_D_6450264,10.624438285827637,10.624438285827637,ok
LA_D_6450379,14.643101692199707,14.643101692199707,ok
LA_D_6451106,9.081502914428711,9.081502914428711,ok
LA_D_6452637,13.55964183807373,13.55964183807373,ok
LA_D_6454321,15.566489219665527,15.566489219665527,ok
LA_D_6454374,9.141879081726074,9.141879081726074,ok
LA_D_6455155,19.78785514831543,19.78785514831543,ok
LA_D_6457597,15.945630073547363,15.945630073547363,ok
LA_D_6458120,21.826345443725586,21.826345443725586,ok
LA_D_6458272,-12.022228240966797,-12.022228240966797,ok
LA_D_6458836,9.92062759399414,9.92062759399414,ok
LA_D_6460049,-13.208273887634277,-13.208273887634277,ok
LA_D_6461042,17.8007869720459,17.8007869720459,ok
LA_D_6462722,15.936854362487793,15.936854362487793,ok
LA_D_6462902,16.41623878479004,16.41623878479004,ok
LA_D_6462905,16.13509750366211,16.13509750366211,ok
LA_D_6462998,9.683304786682129,9.683304786682129,ok
LA_D_6463589,14.397039413452148,14.397039413452148,ok
LA_D_6464994,16.498125076293945,16.498125076293945,ok
LA_D_6465758,11.768083572387695,11.768083572387695,ok
LA_D_6468405,18.15488624572754,18.15488624572754,ok
LA_D_6468412,14.616186141967773,14.616186141967773,ok
LA_D_6468524,14.326390266418457,14.326390266418457,ok
LA_D_6469029,14.905289649963379,14.905289649963379,ok
LA_D_6469406,12.671183586120605,12.671183586120605,ok
LA_D_6469647,14.925089836120605,14.925089836120605,ok
LA_D_6470899,15.643742561340332,15.643742561340332,ok
LA_D_6471870,-0.7397090196609497,-0.7397090196609497,ok
LA_D_6472939,17.40848159790039,17.40848159790039,ok
LA_D_6474102,16.80385398864746,16.80385398864746,ok
LA_D_6474531,11.846173286437988,11.846173286437988,ok
LA_D_6474870,11.52253246307373,11.52253246307373,ok
LA_D_6475261,-11.274344444274902,-11.274344444274902,ok
LA_D_6475497,14.040131568908691,14.040131568908691,ok
LA_D_6475624,14.727974891662598,14.727974891662598,ok
LA_D_6477172,22.50712776184082,22.50712776184082,ok
LA_D_6477185,11.333380699157715,11.333380699157715,ok
LA_D_6478753,-8.807872772216797,-8.807872772216797,ok
LA_D_6479435,17.347745895385742,17.347745895385742,ok
LA_D_6479457,-14.032151222229004,-14.032151222229004,ok
LA_D_6479825,15.808440208435059,15.808440208435059,ok
LA_D_6480348,-12.186923027038574,-12.186923027038574,ok
LA_D_6480457,11.79226016998291,11.79226016998291,ok
LA_D_6480551,-14.243269920349121,-14.243269920349121,ok
LA_D_6482383,11.699548721313477,11.699548721313477,ok
LA_D_6484471,14.00731372833252,14.00731372833252,ok
LA_D_6484577,15.625711441040039,15.625711441040039,ok
LA_D_6485701,13.859753608703613,13.859753608703613,ok
LA_D_6486723,16.604936599731445,16.604936599731445,ok
LA_D_6486980,9.734557151794434,9.734557151794434,ok
LA_D_6487009,15.55959415435791,15.55959415435791,ok
LA_D_6487170,9.668303489685059,9.668303489685059,ok
LA_D_6487933,-14.983646392822266,-14.983646392822266,ok
LA_D_6489536,12.390629768371582,12.390629768371582,ok
LA_D_6490097,16.598087310791016,16.598087310791016,ok
LA_D_6492056,-12.329812049865723,-12.329812049865723,ok
LA_D_6493011,14.478255271911621,14.478255271911621,ok
LA_D_6495207,13.063899993896484,13.063899993896484,ok
LA_D_6495668,11.075186729431152,11.075186729431152,ok
LA_D_6495848,-4.682011127471924,-4.682011127471924,ok
LA_D_6497525,16.670066833496094,16.670066833496094,ok
LA_D_6497583,12.8556547164917,12.8556547164917,ok
LA_D_6497625,-8.520197868347168,-8.520197868347168,ok
LA_D_6497646,13.801426887512207,13.801426887512207,ok
LA_D_6498637,12.370473861694336,12.370473861694336,ok
LA_D_6499586,14.452186584472656,14.452186584472656,ok
LA_D_6499603,-12.479754447937012,-12.479754447937012,ok
LA_D_6499728,16.1887264251709,16.1887264251709,ok
LA_D_6499924,18.69956398010254,18.69956398010254,ok
LA_D_6502358,11.499146461486816,11.499146461486816,ok
LA_D_6502735,15.242424964904785,15.242424964904785,ok
LA_D_6502976,-8.116181373596191,-8.116181373596191,ok
LA_D_6503475,-12.24451732635498,-12.24451732635498,ok
LA_D_6506104,11.884322166442871,11.884322166442871,ok
LA_D_6506607,14.733675003051758,14.733675003051758,ok
LA_D_6506972,15.140640258789062,15.140640258789062,ok
LA_D_6506973,13.617415428161621,13.617415428161621,ok
LA_D_6506991,10.485320091247559,10.485320091247559,ok
LA_D_6509120,14.004232406616211,14.004232406616211,ok
LA_D_6509189,-13.70905590057373,-13.70905590057373,ok
LA_D_6511162,10.868782043457031,10.868782043457031,ok
LA_D_6511574,14.210186004638672,14.210186004638672,ok
LA_D_6511989,-13.633343696594238,-13.633343696594238,ok
LA_D_6513609,12.185907363891602,12.185907363891602,ok
LA_D_6514590,16.425235748291016,16.425235748291016,ok
LA_D_6514670,15.460070610046387,15.460070610046387,ok
LA_D_6515358,13.574965476989746,13.574965476989746,ok
LA_D_6515867,-12.66672134399414,-12.66672134399414,ok
LA_D_6516261,13.39582633972168,13.39582633972168,ok
LA_D_6516523,10.897533416748047,10.897533416748047,ok
LA_D_6516575,16.3363094329834,16.3363094329834,ok
LA_D_6516814,17.19258689880371,17.19258689880371,ok
LA_D_6517273,17.54196548461914,17.54196548461914,ok
LA_D_6517455,8.036803245544434,8.036803245544434,ok
LA_D_6517704,9.500406265258789,9.500406265258789,ok
LA_D_6518159,-9.537871360778809,-9.537871360778809,ok
LA_D_6518794,14.255290031433105,14.255290031433105,ok
LA_D_6520063,16.97889518737793,16.97889518737793,ok
LA_D_6520436,10.236130714416504,10.236130714416504,ok
LA_D_6520929,8.592668533325195,8.592668533325195,ok
LA_D_6520984,-14.126494407653809,-14.126494407653809,ok
LA_D_6521320,15.27785587310791,15.27785587310791,ok
LA_D_6522313,11.42481517791748,11.42481517791748,ok
LA_D_6522419,11.664921760559082,11.664921760559082,ok
LA_D_6525071,15.930208206176758,15.930208206176758,ok
LA_D_6525234,15.060017585754395,15.060017585754395,ok
LA_D_6525320,13.303102493286133,13.303102493286133,ok
LA_D_6525457,20.52730369567871,20.52730369567871,ok
LA_D_6526168,9.61242389678955,9.61242389678955,ok
LA_D_6526664,13.247578620910645,13.247578620910645,ok
LA_D_6529379,-8.990208625793457,-8.990208625793457,ok
LA_D_6530169,19.414907455444336,19.414907455444336,ok
LA_D_6531960,18.661834716796875,18.661834716796875,ok
LA_D_6532301,13.041340827941895,13.041340827941895,ok
LA_D_6532619,17.96940803527832,17.96940803527832,ok
LA_D_6532972,10.8299560546875,10.8299560546875,ok
LA_D_6536882,10.80772876739502,10.80772876739502,ok
LA_D_6537903,10.7485990524292,10.7485990524292,ok
LA_D_6539878,-12.824601173400879,-12.824601173400879,ok
LA_D_6540535,13.322226524353027,13.322226524353027,ok
LA_D_6542740,12.61889934539795,12.61889934539795,ok
LA_D_6542878,12.89574146270752,12.89574146270752,ok
LA_D_6544888,18.68925666809082,18.68925666809082,ok
LA_D_6545121,11.908495903015137,11.908495903015137,ok
LA_D_6546081,14.790719985961914,14.790719985961914,ok
LA_D_6547198,16.7465877532959,16.7465877532959,ok
LA_D_6547607,12.902792930603027,12.902792930603027,ok
LA_D_6547828,9.506842613220215,9.506842613220215,ok
LA_D_6547919,13.893315315246582,13.893315315246582,ok
LA_D_6548234,15.69959545135498,15.69959545135498,ok
LA_D_6549159,-15.655879974365234,-15.655879974365234,ok
LA_D_6549373,-13.972046852111816,-13.972046852111816,ok
LA_D_6550208,14.915499687194824,14.915499687194824,ok
LA_D_6550883,13.892437934875488,13.892437934875488,ok
LA_D_6551202,14.237211227416992,14.237211227416992,ok
LA_D_6551642,11.790112495422363,11.790112495422363,ok
LA_D_6551713,14.444443702697754,14.444443702697754,ok
LA_D_6553554,9.805766105651855,9.805766105651855,ok
LA_D_6553908,14.282320976257324,14.282320976257324,ok
LA_D_6554548,15.3207426071167,15.3207426071167,ok
LA_D_6556225,8.77099895477295,8.77099895477295,ok
LA_D_6556306,10.454060554504395,10.454060554504395,ok
LA_D_6556577,9.745813369750977,9.745813369750977,ok
LA_D_6557355,12.80945110321045,12.80945110321045,ok
LA_D_6558890,-13.129884719848633,-13.129884719848633,ok
LA_D_6561538,-12.939428329467773,-12.939428329467773,ok
LA_D_6563482,16.137062072753906,16.137062072753906,ok
LA_D_6564975,10.819161415100098,10.819161415100098,ok
LA_D_6565562,11.770857810974121,11.770857810974121,ok
LA_D_6566671,19.922155380249023,19.922155380249023,ok
LA_D_6567387,18.80036735534668,18.80036735534668,ok
LA_D_6567611,11.306791305541992,11.306791305541992,ok
LA_D_6568047,17.705299377441406,17.705299377441406,ok
LA_D_6568052,15.627022743225098,15.627022743225098,ok
LA_D_6568071,-15.814878463745117,-15.814878463745117,ok
LA_D_6568228,16.321044921875,16.321044921875,ok
LA_D_6569285,9.05831241607666,9.05831241607666,ok
LA_D_6570628,-15.492077827453613,-15.492077827453613,ok
LA_D_6572116,17.055456161499023,17.055456161499023,ok
LA_D_6573061,14.71461009979248,14.71461009979248,ok
LA_D_6574060,9.541089057922363,9.541089057922363,ok
LA_D_6575341,14.787060737609863,14.787060737609863,ok
LA_D_6575380,13.650389671325684,13.650389671325684,ok
LA_D_6575610,16.01204490661621,16.01204490661621,ok
LA_D_6575860,11.218329429626465,11.218329429626465,ok
LA_D_6576940,13.272492408752441,13.272492408752441,ok
LA_D_6577158,14.66512393951416,14.66512393951416,ok
LA_D_6577591,11.94061279296875,11.94061279296875,ok
LA_D_6578659,-14.756686210632324,-14.756686210632324,ok
LA_D_6579134,14.22455883026123,14.22455883026123,ok
LA_D_6579479,13.979188919067383,13.979188919067383,ok
LA_D_6579719,20.4239559173584,20.4239559173584,ok
LA_D_6582126,14.378693580627441,14.378693580627441,ok
LA_D_6582780,12.870341300964355,12.870341300964355,ok
LA_D_6585381,13.710749626159668,13.710749626159668,ok
LA_D_6585774,16.906097412109375,16.906097412109375,ok
LA_D_6586128,16.9979305267334,16.9979305267334,ok
LA_D_6587165,12.395979881286621,12.395979881286621,ok
LA_D_6588379,16.542003631591797,16.542003631591797,ok
LA_D_6588865,16.16060447692871,16.16060447692871,ok
LA_D_6589534,16.949113845825195,16.949113845825195,ok
LA_D_6589944,12.004227638244629,12.004227638244629,ok
LA_D_6590996,15.40042781829834,15.40042781829834,ok
LA_D_6591249,13.521098136901855,13.521098136901855,ok
LA_D_6593008,14.06184196472168,14.06184196472168,ok
LA_D_6593011,11.804722785949707,11.804722785949707,ok
LA_D_6593270,-15.802811622619629,-15.802811622619629,ok
LA_D_6593636,22.291460037231445,22.291460037231445,ok
LA_D_6594747,15.223679542541504,15.223679542541504,ok
LA_D_6594807,7.211895942687988,7.211895942687988,ok
LA_D_6595610,16.321535110473633,16.321535110473633,ok
LA_D_6596114,17.174488067626953,17.174488067626953,ok
LA_D_6596613,16.996641159057617,16.996641159057617,ok
LA_D_6596958,16.550065994262695,16.550065994262695,ok
LA_D_6597050,13.319825172424316,13.319825172424316,ok
LA_D_6597204,16.281370162963867,16.281370162963867,ok
LA_D_6597330,14.119267463684082,14.119267463684082,ok
LA_D_6597750,12.907727241516113,12.907727241516113,ok
LA_D_6598354,-15.478296279907227,-15.478296279907227,ok
LA_D_6598826,10.670488357543945,10.670488357543945,ok
LA_D_6598988,11.655434608459473,11.655434608459473,ok
LA_D_6599019,14.733000755310059,14.733000755310059,ok
LA_D_6599233,11.02397346496582,11.02397346496582,ok
LA_D_6599356,10.184828758239746,10.184828758239746,ok
LA_D_6600446,14.684266090393066,14.684266090393066,ok
LA_D_6600800,13.705313682556152,13.705313682556152,ok
LA_D_6600823,13.50854778289795,13.50854778289795,ok
LA_D_6601160,13.16310977935791,13.16310977935791,ok
LA_D_6602571,13.78848648071289,13.78848648071289,ok
LA_D_6603047,11.391715049743652,11.391715049743652,ok
LA_D_6603638,9.94462776184082,9.94462776184082,ok
LA_D_6603822,11.801667213439941,11.801667213439941,ok
LA_D_6604093,10.35922622680664,10.35922622680664,ok
LA_D_6604594,13.984564781188965,13.984564781188965,ok
LA_D_6606092,16.88091468811035,16.88091468811035,ok
LA_D_6606839,15.567815780639648,15.567815780639648,ok
LA_D_6607748,7.3890299797058105,7.3890299797058105,ok
LA_D_6609032,5.698770999908447,5.698770999908447,ok
LA_D_6609619,11.902298927307129,11.902298927307129,ok
LA_D_6609902,15.402375221252441,15.402375221252441,ok
LA_D_6609968,-3.8074982166290283,-3.8074982166290283,ok
LA_D_6610656,12.454377174377441,12.454377174377441,ok
LA_D_6612387,13.09643268585205,13.09643268585205,ok
LA_D_6612646,16.370243072509766,16.370243072509766,ok
LA_D_6613069,10.907118797302246,10.907118797302246,ok
LA_D_6613848,14.566314697265625,14.566314697265625,ok
LA_D_6614217,10.595871925354004,10.595871925354004,ok
LA_D_6614329,-13.403660774230957,-13.403660774230957,ok
LA_D_6616471,14.606340408325195,14.606340408325195,ok
LA_D_6617994,-11.696819305419922,-11.696819305419922,ok
LA_D_6619464,11.738911628723145,11.738911628723145,ok
LA_D_6620261,12.3524169921875,12.3524169921875,ok
LA_D_6620544,14.161497116088867,14.161497116088867,ok
LA_D_6621246,10.30501651763916,10.30501651763916,ok
LA_D_6621753,20.082788467407227,20.082788467407227,ok
LA_D_6622164,16.391332626342773,16.391332626342773,ok
LA_D_6622348,-14.514622688293457,-14.514622688293457,ok
LA_D_6623102,-13.892550468444824,-13.892550468444824,ok
LA_D_6623501,13.850478172302246,13.850478172302246,ok
LA_D_6623727,13.318005561828613,13.318005561828613,ok
LA_D_6623812,13.948234558105469,13.948234558105469,ok
LA_D_6624176,13.465632438659668,13.465632438659668,ok
LA_D_6624488,14.108455657958984,14.108455657958984,ok
LA_D_6624621,-10.210585594177246,-10.210585594177246,ok
LA_D_6625374,17.823408126831055,17.823408126831055,ok
LA_D_6625840,11.633105278015137,11.633105278015137,ok
LA_D_6626817,-14.189563751220703,-14.189563751220703,ok
LA_D_6626918,15.983394622802734,15.983394622802734,ok
LA_D_6627213,9.454400062561035,9.454400062561035,ok
LA_D_6629886,16.337804794311523,16.337804794311523,ok
LA_D_6631414,18.215734481811523,18.215734481811523,ok
LA_D_6633566,12.667506217956543,12.667506217956543,ok
LA_D_6634201,15.772583961486816,15.772583961486816,ok
LA_D_6634413,12.508320808410645,12.508320808410645,ok
LA_D_6634897,13.445464134216309,13.445464134216309,ok
LA_D_6635685,13.258855819702148,13.258855819702148,ok
LA_D_6636415,14.385210037231445,14.385210037231445,ok
LA_D_6636661,-11.19229793548584,-11.19229793548584,ok
LA_D_6637850,17.485538482666016,17.485538482666016,ok
LA_D_6638128,18.982954025268555,18.982954025268555,ok
LA_D_6639964,8.129812240600586,8.129812240600586,ok
LA_D_6640384,9.209641456604004,9.209641456604004,ok
LA_D_6640572,24.598615646362305,24.598615646362305,ok
LA_D_6642454,-11.900629997253418,-11.900629997253418,ok
LA_D_6642673,10.732898712158203,10.732898712158203,ok
LA_D_6642678,14.879737854003906,14.879737854003906,ok
LA_D_6644343,10.186464309692383,10.186464309692383,ok
LA_D_6646870,17.60529899597168,17.60529899597168,ok
LA_D_6648074,12.897303581237793,12.897303581237793,ok
LA_D_6648419,20.331663131713867,20.331663131713867,ok
LA_D_6649816,10.531038284301758,10.531038284301758,ok
LA_D_6649982,16.369495391845703,16.369495391845703,ok
LA_D_6650126,-13.210015296936035,-13.210015296936035,ok
LA_D_6650483,10.479752540588379,10.479752540588379,ok
LA_D_6650700,6.143373012542725,6.143373012542725,ok
LA_D_6651726,11.709240913391113,11.709240913391113,ok
LA_D_6653512,19.5932674407959,19.5932674407959,ok
LA_D_6653711,15.319427490234375,15.319427490234375,ok
LA_D_6654217,9.332515716552734,9.332515716552734,ok
LA_D_6654690,10.224263191223145,10.224263191223145,ok
LA_D_6655563,12.459269523620605,12.459269523620605,ok
LA_D_6656541,17.825775146484375,17.825775146484375,ok
LA_D_6659622,-13.551522254943848,-13.551522254943848,ok
LA_D_6660188,16.673112869262695,16.673112869262695,ok
LA_D_6660220,22.211183547973633,22.211183547973633,ok
LA_D_6661592,14.788220405578613,14.788220405578613,ok
LA_D_6662010,10.684014320373535,10.684014320373535,ok
LA_D_6662518,13.379096031188965,13.379096031188965,ok
LA_D_6663132,16.979501724243164,16.979501724243164,ok
LA_D_6663729,7.584768772125244,7.584768772125244,ok
LA_D_6665426,16.371171951293945,16.371171951293945,ok
LA_D_6666039,14.66231632232666,14.66231632232666,ok
LA_D_6666182,14.979273796081543,14.979273796081543,ok
LA_D_6666840,17.459688186645508,17.459688186645508,ok
LA_D_6668024,-13.308493614196777,-13.308493614196777,ok
LA_D_6669051,17.737258911132812,17.737258911132812,ok
LA_D_6669736,-15.5674467086792,-15.5674467086792,ok
LA_D_6670902,13.067239761352539,13.067239761352539,ok
LA_D_6670965,20.11335563659668,20.11335563659668,ok
LA_D_6671443,17.973535537719727,17.973535537719727,ok
LA_D_6672152,12.60237979888916,12.60237979888916,ok
LA_D_6672477,-12.256625175476074,-12.256625175476074,ok
LA_D_6675849,15.238672256469727,15.238672256469727,ok
LA_D_6676522,14.281855583190918,14.281855583190918,ok
LA_D_6677490,11.127089500427246,11.127089500427246,ok
LA_D_6677818,13.621600151062012,13.621600151062012,ok
LA_D_6678773,12.890236854553223,12.890236854553223,ok
LA_D_6678932,13.013398170471191,13.013398170471191,ok
LA_D_6680138,-8.611757278442383,-8.611757278442383,ok
LA_D_6681675,11.72750186920166,11.72750186920166,ok
LA_D_6681710,-12.685310363769531,-12.685310363769531,ok
LA_D_6682281,11.64709758758545,11.64709758758545,ok
LA_D_6682326,10.407470703125,10.407470703125,ok
LA_D_6685036,8.979930877685547,8.979930877685547,ok
LA_D_6688232,15.850035667419434,15.850035667419434,ok
LA_D_6688724,10.589102745056152,10.589102745056152,ok
LA_D_6689023,12.689444541931152,12.689444541931152,ok
LA_D_6689857,18.0433292388916,18.0433292388916,ok
LA_D_6690982,17.067970275878906,17.067970275878906,ok
LA_D_6690990,14.021924018859863,14.021924018859863,ok
LA_D_6691154,16.57745361328125,16.57745361328125,ok
LA_D_6691337,13.203309059143066,13.203309059143066,ok
LA_D_6692133,19.555238723754883,19.555238723754883,ok
LA_D_6692719,16.494035720825195,16.494035720825195,ok
LA_D_6692967,17.1340274810791,17.1340274810791,ok
LA_D_6693898,13.157038688659668,13.157038688659668,ok
LA_D_6694820,13.649134635925293,13.649134635925293,ok
LA_D_6695161,11.925082206726074,11.925082206726074,ok
LA_D_6695214,6.489654064178467,6.489654064178467,ok
LA_D_6695450,14.823689460754395,14.823689460754395,ok
LA_D_6695615,17.3935489654541,17.3935489654541,ok
LA_D_6696204,15.623018264770508,15.623018264770508,ok
LA_D_6696589,14.960238456726074,14.960238456726074,ok
LA_D_6697232,11.685101509094238,11.685101509094238,ok
LA_D_6697944,15.060432434082031,15.060432434082031,ok
LA_D_6698865,12.270464897155762,12.270464897155762,ok
LA_D_6699665,13.81879711151123,13.81879711151123,ok
LA_D_6701963,-15.325252532958984,-15.325252532958984,ok
LA_D_6704472,-15.655203819274902,-15.655203819274902,ok
LA_D_6704901,11.72322940826416,11.72322940826416,ok
LA_D_6706248,11.796120643615723,11.796120643615723,ok
LA_D_6707722,13.671406745910645,13.671406745910645,ok
LA_D_6708714,15.3141450881958,15.3141450881958,ok
LA_D_6709571,13.162693977355957,13.162693977355957,ok
LA_D_6710142,14.25096607208252,14.25096607208252,ok
LA_D_6710195,11.645659446716309,11.645659446716309,ok
LA_D_6710328,-16.090587615966797,-16.090587615966797,ok
LA_D_6710971,14.5942964553833,14.5942964553833,ok
LA_D_6711029,9.91048526763916,9.91048526763916,ok
LA_D_6711434,-14.682212829589844,-14.682212829589844,ok
LA_D_6712579,11.331108093261719,11.331108093261719,ok
LA_D_6713264,19.783550262451172,19.783550262451172,ok
LA_D_6716159,-15.504168510437012,-15.504168510437012,ok
LA_D_6716178,16.348024368286133,16.348024368286133,ok
LA_D_6716544,11.141377449035645,11.141377449035645,ok
LA_D_6716819,17.18109893798828,17.18109893798828,ok
LA_D_6717375,-13.927214622497559,-13.927214622497559,ok
LA_D_6717508,17.601627349853516,17.601627349853516,ok
LA_D_6717975,15.327912330627441,15.327912330627441,ok
LA_D_6718237,-13.843850135803223,-13.843850135803223,ok
LA_D_6719368,14.150994300842285,14.150994300842285,ok
LA_D_6721591,14.31801700592041,14.31801700592041,ok
LA_D_6721785,15.161344528198242,15.161344528198242,ok
LA_D_6722285,12.737533569335938,12.737533569335938,ok
LA_D_6723637,9.733292579650879,9.733292579650879,ok
LA_D_6725130,15.91170883178711,15.91170883178711,ok
LA_D_6726447,11.377833366394043,11.377833366394043,ok
LA_D_6727952,12.548285484313965,12.548285484313965,ok
LA_D_6728041,12.600258827209473,12.600258827209473,ok
LA_D_6728141,-13.372854232788086,-13.372854232788086,ok
LA_D_6729690,15.788249015808105,15.788249015808105,ok
LA_D_6733057,11.155499458312988,11.155499458312988,ok
LA_D_6733844,7.489414691925049,7.489414691925049,ok
LA_D_6734401,8.871930122375488,8.871930122375488,ok
LA_D_6734573,14.482523918151855,14.482523918151855,ok
LA_D_6736028,-14.351052284240723,-14.351052284240723,ok
LA_D_6736452,13.44293212890625,13.44293212890625,ok
LA_D_6736813,7.980081081390381,7.980081081390381,ok
LA_D_6738457,9.411253929138184,9.411253929138184,ok
LA_D_6738889,18.027727127075195,18.027727127075195,ok
LA_D_6740610,14.294407844543457,14.294407844543457,ok
LA_D_6741986,-12.510794639587402,-12.510794639587402,ok
LA_D_6742117,15.135697364807129,15.135697364807129,ok
LA_D_6742661,13.357258796691895,13.357258796691895,ok
LA_D_6742796,16.908212661743164,16.908212661743164,ok
LA_D_6743141,17.127851486206055,17.127851486206055,ok
LA_D_6743274,11.664790153503418,11.664790153503418,ok
LA_D_6744596,12.782099723815918,12.782099723815918,ok
LA_D_6747363,19.17443084716797,19.17443084716797,ok
LA_D_6747561,10.663751602172852,10.663751602172852,ok
LA_D_6748543,15.84046745300293,15.84046745300293,ok
LA_D_6748977,20.84975242614746,20.84975242614746,ok
LA_D_6749090,12.795430183410645,12.795430183410645,ok
LA_D_6749101,-10.845138549804688,-10.845138549804688,ok
LA_D_6751659,16.2544002532959,16.2544002532959,ok
LA_D_6751883,16.919771194458008,16.919771194458008,ok
LA_D_6752187,8.288866996765137,8.288866996765137,ok
LA_D_6752719,16.336650848388672,16.336650848388672,ok
LA_D_6754663,12.35326862335205,12.35326862335205,ok
LA_D_6754774,16.92469596862793,16.92469596862793,ok
LA_D_6756999,14.670205116271973,14.670205116271973,ok
LA_D_6757692,-12.217108726501465,-12.217108726501465,ok
LA_D_6757990,18.44184112548828,18.44184112548828,ok
LA_D_6759383,14.072632789611816,14.072632789611816,ok
LA_D_6759403,15.411686897277832,15.411686897277832,ok
LA_D_6760408,11.50863265991211,11.50863265991211,ok
LA_D_6762250,8.857928276062012,8.857928276062012,ok
LA_D_6762877,10.2796630859375,10.2796630859375,ok
LA_D_6763784,9.348282814025879,9.348282814025879,ok
LA_D_6765632,17.682382583618164,17.682382583618164,ok
LA_D_6766548,18.38897705078125,18.38897705078125,ok
LA_D_6767586,17.235485076904297,17.235485076904297,ok
LA_D_6767763,17.549854278564453,17.549854278564453,ok
LA_D_6767768,7.239102840423584,7.239102840423584,ok
LA_D_6768042,12.607465744018555,12.607465744018555,ok
LA_D_6768434,16.0419979095459,16.0419979095459,ok
LA_D_6770649,17.48815155029297,17.48815155029297,ok
LA_D_6771345,14.869826316833496,14.869826316833496,ok
LA_D_6773067,12.847672462463379,12.847672462463379,ok
LA_D_6773995,13.053523063659668,13.053523063659668,ok
LA_D_6776598,11.899836540222168,11.899836540222168,ok
LA_D_6776653,13.540586471557617,13.540586471557617,ok
LA_D_6777944,9.01755428314209,9.01755428314209,ok
LA_D_6779692,12.862393379211426,12.862393379211426,ok
LA_D_6780816,15.266805648803711,15.266805648803711,ok
LA_D_6781568,10.514408111572266,10.514408111572266,ok
LA_D_6784610,15.112961769104004,15.112961769104004,ok
LA_D_6785127,15.842145919799805,15.842145919799805,ok
LA_D_6786099,15.048967361450195,15.048967361450195,ok
LA_D_6787599,10.895228385925293,10.895228385925293,ok
LA_D_6788465,17.14012336730957,17.14012336730957,ok
LA_D_6788782,10.62478256225586,10.62478256225586,ok
LA_D_6789571,14.720080375671387,14.720080375671387,ok
LA_D_6791229,15.028397560119629,15.028397560119629,ok
LA_D_6793108,15.570137023925781,15.570137023925781,ok
LA_D_6793210,14.583724975585938,14.583724975585938,ok
LA_D_6794210,8.229683876037598,8.229683876037598,ok
LA_D_6795264,-14.58642864227295,-14.58642864227295,ok
LA_D_6795503,16.73345947265625,16.73345947265625,ok
LA_D_6795908,15.417136192321777,15.417136192321777,ok
LA_D_6797923,16.21010398864746,16.21010398864746,ok
LA_D_6798093,10.271662712097168,10.271662712097168,ok
LA_D_6798242,14.177693367004395,14.177693367004395,ok
LA_D_6798609,13.94161319732666,13.94161319732666,ok
LA_D_6799496,-14.557738304138184,-14.557738304138184,ok
LA_D_6801331,14.99996566772461,14.99996566772461,ok
LA_D_6802049,12.589954376220703,12.589954376220703,ok
LA_D_6802153,11.608342170715332,11.608342170715332,ok
LA_D_6802172,17.31013298034668,17.31013298034668,ok
LA_D_6804587,6.4657440185546875,6.4657440185546875,ok
LA_D_6805723,14.021416664123535,14.021416664123535,ok
LA_D_6806656,15.912842750549316,15.912842750549316,ok
LA_D_6806823,14.314824104309082,14.314824104309082,ok
LA_D_6806988,14.15855884552002,14.15855884552002,ok
LA_D_6807774,14.060975074768066,14.060975074768066,ok
LA_D_6807841,5.033266544342041,5.033266544342041,ok
LA_D_6809474,14.479046821594238,14.479046821594238,ok
LA_D_6810036,12.705981254577637,12.705981254577637,ok
LA_D_6810679,16.676958084106445,16.676958084106445,ok
LA_D_6810732,-13.064362525939941,-13.064362525939941,ok
LA_D_6810969,12.783992767333984,12.783992767333984,ok
LA_D_6811737,10.46773624420166,10.46773624420166,ok
LA_D_6812624,15.938719749450684,15.938719749450684,ok
LA_D_6813136,13.849798202514648,13.849798202514648,ok
LA_D_6813740,13.323840141296387,13.323840141296387,ok
LA_D_6813990,8.31591510772705,8.31591510772705,ok
LA_D_6814264,10.473694801330566,10.473694801330566,ok
LA_D_6814636,16.993154525756836,16.993154525756836,ok
LA_D_6816441,15.232933044433594,15.232933044433594,ok
LA_D_6818615,10.79419994354248,10.79419994354248,ok
LA_D_6820465,9.167084693908691,9.167084693908691,ok
LA_D_6821250,10.257389068603516,10.257389068603516,ok
LA_D_6821909,-11.812738418579102,-11.812738418579102,ok
LA_D_6822464,3.1256308555603027,3.1256308555603027,ok
LA_D_6822833,12.870610237121582,12.870610237121582,ok
LA_D_6824022,-11.417263984680176,-11.417263984680176,ok
LA_D_6825223,7.385046482086182,7.385046482086182,ok
LA_D_6826053,14.242444038391113,14.242444038391113,ok
LA_D_6826884,17.681379318237305,17.681379318237305,ok
LA_D_6826887,13.745469093322754,13.745469093322754,ok
LA_D_6827798,10.493358612060547,10.493358612060547,ok
LA_D_6828209,14.047700881958008,14.047700881958008,ok
LA_D_6828979,14.913610458374023,14.913610458374023,ok
LA_D_6830532,7.137094497680664,7.137094497680664,ok
LA_D_6830608,16.13294219970703,16.13294219970703,ok
LA_D_6832377,13.176361083984375,13.176361083984375,ok
LA_D_6832697,9.336380958557129,9.336380958557129,ok
LA_D_6832953,12.569493293762207,12.569493293762207,ok
LA_D_6834540,16.917795181274414,16.917795181274414,ok
LA_D_6834652,18.26475715637207,18.26475715637207,ok
LA_D_6835954,11.402297019958496,11.402297019958496,ok
LA_D_6836003,-15.302934646606445,-15.302934646606445,ok
LA_D_6837161,12.901217460632324,12.901217460632324,ok
LA_D_6837499,13.852060317993164,13.852060317993164,ok
LA_D_6838627,13.406432151794434,13.406432151794434,ok
LA_D_6840108,13.302559852600098,13.302559852600098,ok
LA_D_6840556,14.900328636169434,14.900328636169434,ok
LA_D_6840690,12.592730522155762,12.592730522155762,ok
LA_D_6840971,17.296268463134766,17.296268463134766,ok
LA_D_6841789,-10.861159324645996,-10.861159324645996,ok
LA_D_6842136,-15.605663299560547,-15.605663299560547,ok
LA_D_6842546,10.561274528503418,10.561274528503418,ok
LA_D_6843205,-11.077073097229004,-11.077073097229004,ok
LA_D_6843468,-14.50874137878418,-14.50874137878418,ok
LA_D_6844056,11.778327941894531,11.778327941894531,ok
LA_D_6844450,15.68530559539795,15.68530559539795,ok
LA_D_6845080,12.5247163772583,12.5247163772583,ok
LA_D_6846040,18.57843017578125,18.57843017578125,ok
LA_D_6846115,14.841630935668945,14.841630935668945,ok
LA_D_6846914,11.261521339416504,11.261521339416504,ok
LA_D_6847229,12.995104789733887,12.995104789733887,ok
LA_D_6849663,17.063867568969727,17.063867568969727,ok
LA_D_6851421,14.676953315734863,14.676953315734863,ok
LA_D_6851877,15.312578201293945,15.312578201293945,ok
LA_D_6852175,10.660822868347168,10.660822868347168,ok
LA_D_6852390,12.381808280944824,12.381808280944824,ok
LA_D_6852869,5.537251949310303,5.537251949310303,ok
LA_D_6853671,17.5526065826416,17.5526065826416,ok
LA_D_6854275,17.566286087036133,17.566286087036133,ok
LA_D_6855752,17.533151626586914,17.533151626586914,ok
LA_D_6858597,17.007421493530273,17.007421493530273,ok
LA_D_6858810,16.639644622802734,16.639644622802734,ok
LA_D_6859973,13.800154685974121,13.800154685974121,ok
LA_D_6860124,11.979107856750488,11.979107856750488,ok
LA_D_6861811,14.413043022155762,14.413043022155762,ok
LA_D_6862159,16.377714157104492,16.377714157104492,ok
LA_D_6862553,16.03268814086914,16.03268814086914,ok
LA_D_6863055,4.989527225494385,4.989527225494385,ok
LA_D_6863380,12.352372169494629,12.352372169494629,ok
LA_D_6863957,9.31794261932373,9.31794261932373,ok
LA_D_6864087,23.38524055480957,23.38524055480957,ok
LA_D_6864236,-7.6412129402160645,-7.6412129402160645,ok
LA_D_6865799,9.822747230529785,9.822747230529785,ok
LA_D_6865911,13.141186714172363,13.141186714172363,ok
LA_D_6866603,19.604551315307617,19.604551315307617,ok
LA_D_6868021,16.42778205871582,16.42778205871582,ok
LA_D_6868445,12.462820053100586,12.462820053100586,ok
LA_D_6868998,-12.625168800354004,-12.625168800354004,ok
LA_D_6869232,15.359662055969238,15.359662055969238,ok
LA_D_6870040,14.595330238342285,14.595330238342285,ok
LA_D_6870125,12.782374382019043,12.782374382019043,ok
LA_D_6871726,10.917640686035156,10.917640686035156,ok
LA_D_6872655,10.663640022277832,10.663640022277832,ok
LA_D_6874210,8.4371919631958,8.4371919631958,ok
LA_D_6874297,-13.112338066101074,-13.112338066101074,ok
LA_D_6875907,14.626961708068848,14.626961708068848,ok
LA_D_6876630,-14.928583145141602,-14.928583145141602,ok
LA_D_6876959,18.421463012695312,18.421463012695312,ok
LA_D_6877026,7.697226047515869,7.697226047515869,ok
LA_D_6878638,12.796425819396973,12.796425819396973,ok
LA_D_6878756,9.932916641235352,9.932916641235352,ok
LA_D_6879359,9.569991111755371,9.569991111755371,ok
LA_D_6880419,14.820716857910156,14.820716857910156,ok
LA_D_6882166,16.519092559814453,16.519092559814453,ok
LA_D_6884110,15.09530258178711,15.09530258178711,ok
LA_D_6884626,6.884770393371582,6.884770393371582,ok
LA_D_6886878,15.07866382598877,15.07866382598877,ok
LA_D_6887218,13.353400230407715,13.353400230407715,ok
LA_D_6890596,19.26535415649414,19.26535415649414,ok
LA_D_6890842,15.855774879455566,15.855774879455566,ok
LA_D_6890939,16.496694564819336,16.496694564819336,ok
LA_D_6892152,18.951101303100586,18.951101303100586,ok
LA_D_6892674,15.953242301940918,15.953242301940918,ok
LA_D_6893250,12.606162071228027,12.606162071228027,ok
LA_D_6893706,15.567572593688965,15.567572593688965,ok
LA_D_6895177,8.528931617736816,8.528931617736816,ok
LA_D_6897891,14.050056457519531,14.050056457519531,ok
LA_D_6898133,10.733874320983887,10.733874320983887,ok
LA_D_6898383,13.604132652282715,13.604132652282715,ok
LA_D_6899810,17.354936599731445,17.354936599731445,ok
LA_D_6900371,7.697500228881836,7.697500228881836,ok
LA_D_6901051,17.463075637817383,17.463075637817383,ok
LA_D_6902611,15.295750617980957,15.295750617980957,ok
LA_D_6902833,14.281033515930176,14.281033515930176,ok
LA_D_6903594,11.813122749328613,11.813122749328613,ok
LA_D_6903687,13.935928344726562,13.935928344726562,ok
LA_D_6903783,12.317341804504395,12.317341804504395,ok
LA_D_6904064,12.585081100463867,12.585081100463867,ok
LA_D_6904176,9.800599098205566,9.800599098205566,ok
LA_D_6905344,8.389081001281738,8.389081001281738,ok
LA_D_6906792,15.73878002166748,15.73878002166748,ok
LA_D_6908091,-14.435060501098633,-14.435060501098633,ok
LA_D_6908205,10.845969200134277,10.845969200134277,ok
LA_D_6908815,12.816546440124512,12.816546440124512,ok
LA_D_6909580,19.50493812561035,19.50493812561035,ok
LA_D_6910092,12.576872825622559,12.576872825622559,ok
LA_D_6911238,18.437541961669922,18.437541961669922,ok
LA_D_6913174,12.990617752075195,12.990617752075195,ok
LA_D_6913240,-13.729961395263672,-13.729961395263672,ok
LA_D_6913633,15.593074798583984,15.593074798583984,ok
LA_D_6913699,16.80381965637207,16.80381965637207,ok
LA_D_6914532,8.256767272949219,8.256767272949219,ok
LA_D_6914760,7.733989715576172,7.733989715576172,ok
LA_D_6919214,8.307330131530762,8.307330131530762,ok
LA_D_6920274,10.904309272766113,10.904309272766113,ok
LA_D_6920360,13.21414566040039,13.21414566040039,ok
LA_D_6920856,9.780783653259277,9.780783653259277,ok
LA_D_6920891,12.785871505737305,12.785871505737305,ok
LA_D_6921099,18.259614944458008,18.259614944458008,ok
LA_D_6921684,-13.288762092590332,-13.288762092590332,ok
LA_D_6921859,11.291617393493652,11.291617393493652,ok
LA_D_6923831,14.30538272857666,14.30538272857666,ok
LA_D_6923993,15.90307331085205,15.90307331085205,ok
LA_D_6924353,11.76094913482666,11.76094913482666,ok
LA_D_6925004,11.455151557922363,11.455151557922363,ok
LA_D_6925745,14.739381790161133,14.739381790161133,ok
LA_D_6925836,9.811553001403809,9.811553001403809,ok
LA_D_6927348,16.039161682128906,16.039161682128906,ok
LA_D_6927495,16.93107795715332,16.93107795715332,ok
LA_D_6928296,12.4209623336792,12.4209623336792,ok
LA_D_6928395,14.221392631530762,14.221392631530762,ok
LA_D_6928429,15.186856269836426,15.186856269836426,ok
LA_D_6930111,12.147193908691406,12.147193908691406,ok
LA_D_6930733,13.520962715148926,13.520962715148926,ok
LA_D_6931090,13.724505424499512,13.724505424499512,ok
LA_D_6931606,11.857550621032715,11.857550621032715,ok
LA_D_6931611,-12.629959106445312,-12.629959106445312,ok
LA_D_6931896,9.343008995056152,9.343008995056152,ok
LA_D_6932984,10.592927932739258,10.592927932739258,ok
LA_D_6933658,13.229790687561035,13.229790687561035,ok
LA_D_6934200,14.27997875213623,14.27997875213623,ok
LA_D_6935031,-14.506340026855469,-14.506340026855469,ok
LA_D_6935294,18.73470115661621,18.73470115661621,ok
LA_D_6935657,14.62170124053955,14.62170124053955,ok
LA_D_6936162,-15.331677436828613,-15.331677436828613,ok
LA_D_6936838,16.701860427856445,16.701860427856445,ok
LA_D_6936936,11.661327362060547,11.661327362060547,ok
LA_D_6937056,13.3778715133667,13.3778715133667,ok
LA_D_6937150,12.765795707702637,12.765795707702637,ok
LA_D_6937285,14.934377670288086,14.934377670288086,ok
LA_D_6937667,8.279181480407715,8.279181480407715,ok
LA_D_6938301,-12.236037254333496,-12.236037254333496,ok
LA_D_6938657,15.319750785827637,15.319750785827637,ok
LA_D_6939541,-11.974791526794434,-11.974791526794434,ok
LA_D_6940521,14.886940956115723,14.886940956115723,ok
LA_D_6942448,11.638400077819824,11.638400077819824,ok
LA_D_6943274,14.99820613861084,14.99820613861084,ok
LA_D_6945296,8.605305671691895,8.605305671691895,ok
LA_D_6945696,14.027917861938477,14.027917861938477,ok
LA_D_6946419,13.407317161560059,13.407317161560059,ok
LA_D_6946644,16.156545639038086,16.156545639038086,ok
LA_D_6946995,12.920723915100098,12.920723915100098,ok
LA_D_6947289,12.242851257324219,12.242851257324219,ok
LA_D_6947953,13.476174354553223,13.476174354553223,ok
LA_D_6947992,12.379652976989746,12.379652976989746,ok
LA_D_6948051,17.398727416992188,17.398727416992188,ok
LA_D_6948552,14.18371868133545,14.18371868133545,ok
LA_D_6949687,9.649248123168945,9.649248123168945,ok
LA_D_6950600,6.009714126586914,6.009714126586914,ok
LA_D_6951006,15.49865436553955,15.49865436553955,ok
LA_D_6952781,16.85056495666504,16.85056495666504,ok
LA_D_6953406,15.657425880432129,15.657425880432129,ok
LA_D_6953783,12.993468284606934,12.993468284606934,ok
LA_D_6954064,14.442564010620117,14.442564010620117,ok
LA_D_6954164,12.615766525268555,12.615766525268555,ok
LA_D_6954213,13.382184028625488,13.382184028625488,ok
LA_D_6956269,13.164840698242188,13.164840698242188,ok
LA_D_6957117,17.043794631958008,17.043794631958008,ok
LA_D_6957283,14.385210037231445,14.385210037231445,ok
LA_D_6960999,16.96363639831543,16.96363639831543,ok
LA_D_6961697,12.557175636291504,12.557175636291504,ok
LA_D_6962147,16.19004249572754,16.19004249572754,ok
LA_D_6962233,15.745097160339355,15.745097160339355,ok
LA_D_6963143,4.970878601074219,4.970878601074219,ok
LA_D_6963297,14.436001777648926,14.436001777648926,ok
LA_D_6963411,-14.378323554992676,-14.378323554992676,ok
LA_D_6963530,-11.681305885314941,-11.681305885314941,ok
LA_D_6965307,9.133193969726562,9.133193969726562,ok
LA_D_6965493,16.4793643951416,16.4793643951416,ok
LA_D_6965771,18.887054443359375,18.887054443359375,ok
LA_D_6966164,12.715518951416016,12.715518951416016,ok
LA_D_6966577,20.55757713317871,20.55757713317871,ok
LA_D_6966943,7.020193576812744,7.020193576812744,ok
LA_D_6967013,19.624385833740234,19.624385833740234,ok
LA_D_6968726,19.9926700592041,19.9926700592041,ok
LA_D_6970550,16.784198760986328,16.784198760986328,ok
LA_D_6970983,15.806830406188965,15.806830406188965,ok
LA_D_6971538,15.526237487792969,15.526237487792969,ok
LA_D_6971712,11.68940258026123,11.68940258026123,ok
LA_D_6973097,10.732521057128906,10.732521057128906,ok
LA_D_6973797,11.300737380981445,11.300737380981445,ok
LA_D_6975418,17.281892776489258,17.281892776489258,ok
LA_D_6975465,13.327049255371094,13.327049255371094,ok
LA_D_6976547,7.495639324188232,7.495639324188232,ok
LA_D_6978333,15.603224754333496,15.603224754333496,ok
LA_D_6978904,13.667182922363281,13.667182922363281,ok
LA_D_6979806,14.876222610473633,14.876222610473633,ok
LA_D_6980166,-16.25571632385254,-16.25571632385254,ok
LA_D_6982355,11.309410095214844,11.309410095214844,ok
LA_D_6983240,7.2624831199646,7.2624831199646,ok
LA_D_6984588,11.408805847167969,11.408805847167969,ok
LA_D_6984595,-14.86069393157959,-14.86069393157959,ok
LA_D_6985192,12.1539945602417,12.1539945602417,ok
LA_D_6985201,15.586735725402832,15.586735725402832,ok
LA_D_6987202,10.49348258972168,10.49348258972168,ok
LA_D_6988249,13.041190147399902,13.041190147399902,ok
LA_D_6989506,-13.958416938781738,-13.958416938781738,ok
LA_D_6990164,9.799600601196289,9.799600601196289,ok
LA_D_6990804,18.247941970825195,18.247941970825195,ok
LA_D_6991662,7.060153484344482,7.060153484344482,ok
LA_D_6993157,9.042571067810059,9.042571067810059,ok
LA_D_6994349,-14.918131828308105,-14.918131828308105,ok
LA_D_6998107,15.321325302124023,15.321325302124023,ok
LA_D_6998182,18.278100967407227,18.278100967407227,ok
LA_D_7005622,14.700762748718262,14.700762748718262,ok
LA_D_7008532,14.691363334655762,14.691363334655762,ok
LA_D_7008788,12.787755966186523,12.787755966186523,ok
LA_D_7009736,11.227320671081543,11.227320671081543,ok
LA_D_7009859,9.483436584472656,9.483436584472656,ok
LA_D_7010911,11.141777992248535,11.141777992248535,ok
LA_D_7012203,12.979979515075684,12.979979515075684,ok
LA_D_7015167,19.285470962524414,19.285470962524414,ok
LA_D_7015174,-16.023557662963867,-16.023557662963867,ok
LA_D_7015244,14.528399467468262,14.528399467468262,ok
LA_D_7015832,15.817204475402832,15.817204475402832,ok
LA_D_7016609,14.909893035888672,14.909893035888672,ok
LA_D_7016944,15.692063331604004,15.692063331604004,ok
LA_D_7016945,15.405869483947754,15.405869483947754,ok
LA_D_7017711,16.181875228881836,16.181875228881836,ok
LA_D_7018313,15.457385063171387,15.457385063171387,ok
LA_D_7018339,14.19702434539795,14.19702434539795,ok
LA_D_7021156,17.724763870239258,17.724763870239258,ok
LA_D_7021627,14.28791618347168,14.28791618347168,ok
LA_D_7021859,17.500825881958008,17.500825881958008,ok
LA_D_7023105,8.787185668945312,8.787185668945312,ok
LA_D_7023167,12.723479270935059,12.723479270935059,ok
LA_D_7024538,15.43734073638916,15.43734073638916,ok
LA_D_7026375,14.489577293395996,14.489577293395996,ok
LA_D_7026875,11.363167762756348,11.363167762756348,ok
LA_D_7028251,22.421966552734375,22.421966552734375,ok
LA_D_7029392,-2.016019105911255,-2.016019105911255,ok
LA_D_7030186,18.104997634887695,18.104997634887695,ok
LA_D_7030273,14.40420913696289,14.40420913696289,ok
LA_D_7030281,-15.442351341247559,-15.442351341247559,ok
LA_D_7030824,15.56303596496582,15.56303596496582,ok
LA_D_7030836,18.786651611328125,18.786651611328125,ok
LA_D_7031080,5.388441562652588,5.388441562652588,ok
LA_D_7031306,11.260443687438965,11.260443687438965,ok
LA_D_7031958,18.982240676879883,18.982240676879883,ok
LA_D_7033344,16.467409133911133,16.467409133911133,ok
LA_D_7034096,16.503087997436523,16.503087997436523,ok
LA_D_7034755,11.271450996398926,11.271450996398926,ok
LA_D_7035349,-13.568161964416504,-13.568161964416504,ok
LA_D_7035543,11.380064964294434,11.380064964294434,ok
LA_D_7036071,11.51073169708252,11.51073169708252,ok
LA_D_7037337,13.074912071228027,13.074912071228027,ok
LA_D_7038318,6.764400005340576,6.764400005340576,ok
LA_D_7038523,12.43697452545166,12.43697452545166,ok
LA_D_7038606,19.370588302612305,19.370588302612305,ok
LA_D_7039023,12.692212104797363,12.692212104797363,ok
LA_D_7039466,-15.124493598937988,-15.124493598937988,ok
LA_D_7039777,10.835760116577148,10.835760116577148,ok
LA_D_7039816,14.500889778137207,14.500889778137207,ok
LA_D_7040526,13.238783836364746,13.238783836364746,ok
LA_D_7040833,17.431562423706055,17.431562423706055,ok
LA_D_7040973,16.5850887298584,16.5850887298584,ok
LA_D_7041179,17.15349006652832,17.15349006652832,ok
LA_D_7041352,10.095559120178223,10.095559120178223,ok
LA_D_7041661,13.502652168273926,13.502652168273926,ok
LA_D_7043000,15.816978454589844,15.816978454589844,ok
LA_D_7043976,15.732452392578125,15.732452392578125,ok
LA_D_7044931,8.450640678405762,8.450640678405762,ok
LA_D_7045141,3.3176422119140625,3.3176422119140625,ok
LA_D_7045415,10.881260871887207,10.881260871887207,ok
LA_D_7045724,12.232739448547363,12.232739448547363,ok
LA_D_7045833,13.834345817565918,13.834345817565918,ok
LA_D_7049162,17.866064071655273,17.866064071655273,ok
LA_D_7051341,10.649221420288086,10.649221420288086,ok
LA_D_7051804,13.418838500976562,13.418838500976562,ok
LA_D_7052154,15.412323951721191,15.412323951721191,ok
LA_D_7052613,9.023337364196777,9.023337364196777,ok
LA_D_7053102,9.027764320373535,9.027764320373535,ok
LA_D_7053354,11.778108596801758,11.778108596801758,ok
LA_D_7054436,15.823925971984863,15.823925971984863,ok
LA_D_7057190,-13.703940391540527,-13.703940391540527,ok
LA_D_7057633,14.2897310256958,14.2897310256958,ok
LA_D_7058822,17.580707550048828,17.580707550048828,ok
LA_D_7059463,9.675204277038574,9.675204277038574,ok
LA_D_7061416,13.850391387939453,13.850391387939453,ok
LA_D_7063095,13.674363136291504,13.674363136291504,ok
LA_D_7063172,7.964482307434082,7.964482307434082,ok
LA_D_7063977,15.607500076293945,15.607500076293945,ok
LA_D_7064077,13.431361198425293,13.431361198425293,ok
LA_D_7064323,13.137114524841309,13.137114524841309,ok
LA_D_7065014,16.32781410217285,16.32781410217285,ok
LA_D_7065500,6.009326934814453,6.009326934814453,ok
LA_D_7066186,11.017254829406738,11.017254829406738,ok
LA_D_7066954,15.332396507263184,15.332396507263184,ok
LA_D_7066960,-16.510818481445312,-16.510818481445312,ok
LA_D_7067028,9.472114562988281,9.472114562988281,ok
LA_D_7067333,-11.567152976989746,-11.567152976989746,ok
LA_D_7068182,16.314027786254883,16.314027786254883,ok
LA_D_7070716,15.303542137145996,15.303542137145996,ok
LA_D_7072258,11.30893611907959,11.30893611907959,ok
LA_D_7073678,-4.425787448883057,-4.425787448883057,ok
LA_D_7076522,14.44990062713623,14.44990062713623,ok
LA_D_7080605,15.262773513793945,15.262773513793945,ok
LA_D_7080978,16.219860076904297,16.219860076904297,ok
LA_D_7081771,-15.227299690246582,-15.227299690246582,ok
LA_D_7081849,16.639986038208008,16.639986038208008,ok
LA_D_7082816,21.567806243896484,21.567806243896484,ok
LA_D_7083288,12.811125755310059,12.811125755310059,ok
LA_D_7083969,7.388466835021973,7.388466835021973,ok
LA_D_7084497,16.757661819458008,16.757661819458008,ok
LA_D_7086357,19.22295379638672,19.22295379638672,ok
LA_D_7086639,13.93514347076416,13.93514347076416,ok
LA_D_7086814,14.30722713470459,14.30722713470459,ok
LA_D_7087327,14.520081520080566,14.520081520080566,ok
LA_D_7088669,12.716142654418945,12.716142654418945,ok
LA_D_7089929,-10.269577026367188,-10.269577026367188,ok
LA_D_7090148,12.81505298614502,12.81505298614502,ok
LA_D_7090657,-12.537402153015137,-12.537402153015137,ok
LA_D_7091196,15.924504280090332,15.924504280090332,ok
LA_D_7091662,12.98897647857666,12.98897647857666,ok
LA_D_7092291,14.22636604309082,14.22636604309082,ok
LA_D_7092752,14.908246040344238,14.908246040344238,ok
LA_D_7094041,10.864818572998047,10.864818572998047,ok
LA_D_7094796,12.198674201965332,12.198674201965332,ok
LA_D_7096240,12.75429916381836,12.75429916381836,ok
LA_D_7096314,13.64205265045166,13.64205265045166,ok
LA_D_7097009,12.245023727416992,12.245023727416992,ok
LA_D_7097361,14.71186637878418,14.71186637878418,ok
LA_D_7098546,14.615165710449219,14.615165710449219,ok
LA_D_7100095,13.15124797821045,13.15124797821045,ok
LA_D_7100242,13.130834579467773,13.130834579467773,ok
LA_D_7100478,10.337080955505371,10.337080955505371,ok
LA_D_7100790,16.695959091186523,16.695959091186523,ok
LA_D_7101123,13.501588821411133,13.501588821411133,ok
LA_D_7103223,14.443140983581543,14.443140983581543,ok
LA_D_7104527,15.735098838806152,15.735098838806152,ok
LA_D_7107466,7.401649475097656,7.401649475097656,ok
LA_D_7109251,12.594511985778809,12.594511985778809,ok
LA_D_7109771,15.85302448272705,15.85302448272705,ok
LA_D_7109981,-16.891157150268555,-16.891157150268555,ok
LA_D_7110669,-15.145598411560059,-15.145598411560059,ok
LA_D_7111174,13.152840614318848,13.152840614318848,ok
LA_D_7112224,16.9161434173584,16.9161434173584,ok
LA_D_7112267,14.174312591552734,14.174312591552734,ok
LA_D_7112692,12.59119701385498,12.59119701385498,ok
LA_D_7112975,10.09760570526123,10.09760570526123,ok
LA_D_7112988,11.569108009338379,11.569108009338379,ok
LA_D_7113087,12.963578224182129,12.963578224182129,ok
LA_D_7114007,12.438355445861816,12.438355445861816,ok
LA_D_7114213,17.506322860717773,17.506322860717773,ok
LA_D_7114977,-14.441876411437988,-14.441876411437988,ok
LA_D_7115178,15.467631340026855,15.467631340026855,ok
LA_D_7115973,15.163506507873535,15.163506507873535,ok
LA_D_7116605,17.48366928100586,17.48366928100586,ok
LA_D_7117158,17.292966842651367,17.292966842651367,ok
LA_D_7119255,15.710529327392578,15.710529327392578,ok
LA_D_7119606,12.511143684387207,12.511143684387207,ok
LA_D_7120164,8.745393753051758,8.745393753051758,ok
LA_D_7120318,11.412898063659668,11.412898063659668,ok
LA_D_7120364,13.960101127624512,13.960101127624512,ok
LA_D_7120378,12.833823204040527,12.833823204040527,ok
LA_D_7121049,12.371535301208496,12.371535301208496,ok
LA_D_7122184,-12.408891677856445,-12.408891677856445,ok
LA_D_7122312,12.54934024810791,12.54934024810791,ok
LA_D_7123142,11.180207252502441,11.180207252502441,ok
LA_D_7123406,-11.29674243927002,-11.29674243927002,ok
LA_D_7124167,17.94544792175293,17.94544792175293,ok
LA_D_7124239,16.053239822387695,16.053239822387695,ok
LA_D_7125605,17.48773193359375,17.48773193359375,ok
LA_D_7125815,15.932999610900879,15.932999610900879,ok
LA_D_7126476,19.105609893798828,19.105609893798828,ok
LA_D_7126534,15.871237754821777,15.871237754821777,ok
LA_D_7127082,16.423463821411133,16.423463821411133,ok
LA_D_7127633,14.745824813842773,14.745824813842773,ok
LA_D_7129621,12.39920425415039,12.39920425415039,ok
LA_D_7129774,11.811161994934082,11.811161994934082,ok
LA_D_7130070,-13.911656379699707,-13.911656379699707,ok
LA_D_7130454,11.007355690002441,11.007355690002441,ok
LA_D_7130895,19.982797622680664,19.982797622680664,ok
LA_D_7133142,18.52523422241211,18.52523422241211,ok
LA_D_7135015,14.80561351776123,14.80561351776123,ok
LA_D_7135654,14.218144416809082,14.218144416809082,ok
LA_D_7137953,11.627191543579102,11.627191543579102,ok
LA_D_7137971,14.455541610717773,14.455541610717773,ok
LA_D_7138607,14.725322723388672,14.725322723388672,ok
LA_D_7138620,16.871450424194336,16.871450424194336,ok
LA_D_7139438,15.307557106018066,15.307557106018066,ok
LA_D_7139553,-12.136239051818848,-12.136239051818848,ok
LA_D_7139694,21.640911102294922,21.640911102294922,ok
LA_D_7139855,16.040607452392578,16.040607452392578,ok
LA_D_7139969,11.836091041564941,11.836091041564941,ok
LA_D_7140664,14.14555549621582,14.14555549621582,ok
LA_D_7141763,12.833088874816895,12.833088874816895,ok
LA_D_7141905,20.611265182495117,20.611265182495117,ok
LA_D_7142124,17.796266555786133,17.796266555786133,ok
LA_D_7143938,17.837446212768555,17.837446212768555,ok
LA_D_7145015,12.320551872253418,12.320551872253418,ok
LA_D_7145643,10.258084297180176,10.258084297180176,ok
LA_D_7147745,15.861729621887207,15.861729621887207,ok
LA_D_7148219,13.152474403381348,13.152474403381348,ok
LA_D_7149026,9.819336891174316,9.819336891174316,ok
LA_D_7149435,17.855207443237305,17.855207443237305,ok
LA_D_7149695,11.386469841003418,11.386469841003418,ok
LA_D_7151621,14.183717727661133,14.183717727661133,ok
LA_D_7152817,-15.917502403259277,-15.917502403259277,ok
LA_D_7153247,16.04498291015625,16.04498291015625,ok
LA_D_7153518,17.392824172973633,17.392824172973633,ok
LA_D_7154160,13.89008617401123,13.89008617401123,ok
LA_D_7154479,-13.053610801696777,-13.053610801696777,ok
LA_D_7154683,12.181456565856934,12.181456565856934,ok
LA_D_7157816,6.529259204864502,6.529259204864502,ok
LA_D_7160142,13.325114250183105,13.325114250183105,ok
LA_D_7160537,12.252345085144043,12.252345085144043,ok
LA_D_7160972,-1.463039755821228,-1.463039755821228,ok
LA_D_7162317,-15.581355094909668,-15.581355094909668,ok
LA_D_7164376,-14.47126293182373,-14.47126293182373,ok
LA_D_7164827,16.247446060180664,16.247446060180664,ok
LA_D_7165623,11.737455368041992,11.737455368041992,ok
LA_D_7165792,11.46492862701416,11.46492862701416,ok
LA_D_7166280,14.339548110961914,14.339548110961914,ok
LA_D_7166669,11.500643730163574,11.500643730163574,ok
LA_D_7166738,7.138691425323486,7.138691425323486,ok
LA_D_7166843,21.554121017456055,21.554121017456055,ok
LA_D_7167124,17.582639694213867,17.582639694213867,ok
LA_D_7167134,12.471702575683594,12.471702575683594,ok
LA_D_7168411,12.695374488830566,12.695374488830566,ok
LA_D_7169168,9.37939739227295,9.37939739227295,ok
LA_D_7169217,16.37826156616211,16.37826156616211,ok
LA_D_7170139,11.5018949508667,11.5018949508667,ok
LA_D_7170458,9.26250171661377,9.26250171661377,ok
LA_D_7170607,11.898701667785645,11.898701667785645,ok
LA_D_7170608,15.969748497009277,15.969748497009277,ok
LA_D_7170620,14.447397232055664,14.447397232055664,ok
LA_D_7171461,4.951414585113525,4.951414585113525,ok
LA_D_7172075,14.146400451660156,14.146400451660156,ok
LA_D_7173210,6.03603982925415,6.03603982925415,ok
LA_D_7173433,16.268918991088867,16.268918991088867,ok
LA_D_7173940,14.921518325805664,14.921518325805664,ok
LA_D_7174232,17.66172218322754,17.66172218322754,ok
LA_D_7175689,15.156529426574707,15.156529426574707,ok
LA_D_7175704,12.635372161865234,12.635372161865234,ok
LA_D_7176031,16.502065658569336,16.502065658569336,ok
LA_D_7176078,15.751164436340332,15.751164436340332,ok
LA_D_7178248,7.681451320648193,7.681451320648193,ok
LA_D_7179358,15.074556350708008,15.074556350708008,ok
LA_D_7179593,-13.70776081085205,-13.70776081085205,ok
LA_D_7180447,15.349635124206543,15.349635124206543,ok
LA_D_7181044,1.9968358278274536,1.9968358278274536,ok
LA_D_7182532,16.532794952392578,16.532794952392578,ok
LA_D_7183546,11.974806785583496,11.974806785583496,ok
LA_D_7183894,20.331369400024414,20.331369400024414,ok
LA_D_7186069,19.306339263916016,19.306339263916016,ok
LA_D_7186648,12.7921781539917,12.7921781539917,ok
LA_D_7187188,14.25886058807373,14.25886058807373,ok
LA_D_7187563,11.712281227111816,11.712281227111816,ok
LA_D_7187597,14.019163131713867,14.019163131713867,ok
LA_D_7187720,17.663719177246094,17.663719177246094,ok
LA_D_7188227,13.013640403747559,13.013640403747559,ok
LA_D_7189280,-15.693567276000977,-15.693567276000977,ok
LA_D_7189435,12.502972602844238,12.502972602844238,ok
LA_D_7189804,10.781234741210938,10.781234741210938,ok
LA_D_7190406,13.445748329162598,13.445748329162598,ok
LA_D_7190581,16.585535049438477,16.585535049438477,ok
LA_D_7191599,10.171280860900879,10.171280860900879,ok
LA_D_7191759,11.12794017791748,11.12794017791748,ok
LA_D_7191859,17.094486236572266,17.094486236572266,ok
LA_D_7192041,14.846413612365723,14.846413612365723,ok
LA_D_7192415,12.597402572631836,12.597402572631836,ok
LA_D_7193344,13.283130645751953,13.283130645751953,ok
LA_D_7194141,16.53384017944336,16.53384017944336,ok
LA_D_7194672,14.33182144165039,14.33182144165039,ok
LA_D_7194718,13.80489444732666,13.80489444732666,ok
LA_D_7194931,12.433744430541992,12.433744430541992,ok
LA_D_7196231,16.069028854370117,16.069028854370117,ok
LA_D_7196635,13.517584800720215,13.517584800720215,ok
LA_D_7197317,7.606712818145752,7.606712818145752,ok
LA_D_7199102,15.086349487304688,15.086349487304688,ok
LA_D_7200372,13.713047981262207,13.713047981262207,ok
LA_D_7200480,-5.714759349822998,-5.714759349822998,ok
LA_D_7200791,-13.78154182434082,-13.78154182434082,ok
LA_D_7201438,13.758941650390625,13.758941650390625,ok
LA_D_7201951,11.838379859924316,11.838379859924316,ok
LA_D_7203605,-9.633857727050781,-9.633857727050781,ok
LA_D_7204569,-13.84972858428955,-13.84972858428955,ok
LA_D_7205018,16.35268783569336,16.35268783569336,ok
LA_D_7205609,11.336241722106934,11.336241722106934,ok
LA_D_7206552,11.661723136901855,11.661723136901855,ok
LA_D_7207516,7.601961612701416,7.601961612701416,ok
LA_D_7207798,-6.377308368682861,-6.377308368682861,ok
LA_D_7209731,12.265135765075684,12.265135765075684,ok
LA_D_7209780,12.568242073059082,12.568242073059082,ok
LA_D_7210071,16.310216903686523,16.310216903686523,ok
LA_D_7211753,13.691390991210938,13.691390991210938,ok
LA_D_7212540,8.128544807434082,8.128544807434082,ok
LA_D_7212590,14.7393217086792,14.7393217086792,ok
LA_D_7213885,-12.757551193237305,-12.757551193237305,ok
LA_D_7215553,3.8006889820098877,3.8006889820098877,ok
LA_D_7215783,13.980056762695312,13.980056762695312,ok
LA_D_7218456,10.257126808166504,10.257126808166504,ok
LA_D_7218513,15.557503700256348,15.557503700256348,ok
LA_D_7219075,18.47234344482422,18.47234344482422,ok
LA_D_7219088,13.419662475585938,13.419662475585938,ok
LA_D_7219426,-5.032130718231201,-5.032130718231201,ok
LA_D_7219660,10.875029563903809,10.875029563903809,ok
LA_D_7219959,16.582212448120117,16.582212448120117,ok
LA_D_7220382,15.823637962341309,15.823637962341309,ok
LA_D_7222508,14.851451873779297,14.851451873779297,ok
LA_D_7223284,12.716561317443848,12.716561317443848,ok
LA_D_7224171,12.815685272216797,12.815685272216797,ok
LA_D_7224568,4.728105068206787,4.728105068206787,ok
LA_D_7225053,14.35122013092041,14.35122013092041,ok
LA_D_7225338,9.752982139587402,9.752982139587402,ok
LA_D_7225984,15.072331428527832,15.072331428527832,ok
LA_D_7226739,15.585577011108398,15.585577011108398,ok
LA_D_7227396,10.337813377380371,10.337813377380371,ok
LA_D_7228303,12.199847221374512,12.199847221374512,ok
LA_D_7229041,14.029922485351562,14.029922485351562,ok
LA_D_7229340,13.773306846618652,13.773306846618652,ok
LA_D_7230566,-15.41785717010498,-15.41785717010498,ok
LA_D_7230852,15.951440811157227,15.951440811157227,ok
LA_D_7233780,16.626352310180664,16.626352310180664,ok
LA_D_7234016,14.740058898925781,14.740058898925781,ok
LA_D_7234278,15.321525573730469,15.321525573730469,ok
LA_D_7235373,-14.854555130004883,-14.854555130004883,ok
LA_D_7235672,17.04186248779297,17.04186248779297,ok
LA_D_7237488,20.545488357543945,20.545488357543945,ok
LA_D_7237811,25.04241943359375,25.04241943359375,ok
LA_D_7238018,-14.816123962402344,-14.816123962402344,ok
LA_D_7241809,19.5018253326416,19.5018253326416,ok
LA_D_7244876,13.175436973571777,13.175436973571777,ok
LA_D_7245573,9.256150245666504,9.256150245666504,ok
LA_D_7246488,14.830269813537598,14.830269813537598,ok
LA_D_7248069,11.34620189666748,11.34620189666748,ok
LA_D_7248953,15.476839065551758,15.476839065551758,ok
LA_D_7249074,16.74323081970215,16.74323081970215,ok
LA_D_7249552,10.182282447814941,10.182282447814941,ok
LA_D_7250780,15.648985862731934,15.648985862731934,ok
LA_D_7253146,-13.136322975158691,-13.136322975158691,ok
LA_D_7253310,10.128010749816895,10.128010749816895,ok
LA_D_7253817,11.619744300842285,11.619744300842285,ok
LA_D_7254011,12.955283164978027,12.955283164978027,ok
LA_D_7254050,15.585214614868164,15.585214614868164,ok
LA_D_7254378,25.090665817260742,25.090665817260742,ok
LA_D_7255005,-14.324742317199707,-14.324742317199707,ok
LA_D_7255755,15.87475872039795,15.87475872039795,ok
LA_D_7256748,12.650468826293945,12.650468826293945,ok
LA_D_7257796,13.44360065460205,13.44360065460205,ok
LA_D_7260355,16.202396392822266,16.202396392822266,ok
LA_D_7261120,-8.929308891296387,-8.929308891296387,ok
LA_D_7261537,12.085999488830566,12.085999488830566,ok
LA_D_7261761,12.162751197814941,12.162751197814941,ok
LA_D_7262716,15.16529369354248,15.16529369354248,ok
LA_D_7262720,12.410551071166992,12.410551071166992,ok
LA_D_7263188,16.493505477905273,16.493505477905273,ok
LA_D_7263401,16.946359634399414,16.946359634399414,ok
LA_D_7264686,12.57139778137207,12.57139778137207,ok
LA_D_7265371,13.212305068969727,13.212305068969727,ok
LA_D_7267402,-9.426900863647461,-9.426900863647461,ok
LA_D_7269077,14.759603500366211,14.759603500366211,ok
LA_D_7269587,9.273077964782715,9.273077964782715,ok
LA_D_7270074,-17.01713752746582,-17.01713752746582,ok
LA_D_7271587,-14.303338050842285,-14.303338050842285,ok
LA_D_7272412,15.074960708618164,15.074960708618164,ok
LA_D_7273712,15.259112358093262,15.259112358093262,ok
LA_D_7273954,9.419029235839844,9.419029235839844,ok
LA_D_7274330,9.774757385253906,9.774757385253906,ok
LA_D_7277373,-13.676883697509766,-13.676883697509766,ok
LA_D_7277920,14.492400169372559,14.492400169372559,ok
LA_D_7277959,12.870165824890137,12.870165824890137,ok
LA_D_7278311,17.727373123168945,17.727373123168945,ok
LA_D_7278858,9.966585159301758,9.966585159301758,ok
LA_D_7279265,15.079781532287598,15.079781532287598,ok
LA_D_7279410,7.7586798667907715,7.7586798667907715,ok
LA_D_7281015,10.742138862609863,10.742138862609863,ok
LA_D_7281159,15.039045333862305,15.039045333862305,ok
LA_D_7282044,8.197989463806152,8.197989463806152,ok
LA_D_7283308,11.715168952941895,11.715168952941895,ok
LA_D_7283586,14.446202278137207,14.446202278137207,ok
LA_D_7284760,18.017202377319336,18.017202377319336,ok
LA_D_7284920,9.63488483428955,9.63488483428955,ok
LA_D_7285246,15.310080528259277,15.310080528259277,ok
LA_D_7286535,11.980517387390137,11.980517387390137,ok
LA_D_7288605,20.922746658325195,20.922746658325195,ok
LA_D_7288713,12.2028169631958,12.2028169631958,ok
LA_D_7289124,17.670244216918945,17.670244216918945,ok
LA_D_7289423,12.002470016479492,12.002470016479492,ok
LA_D_7289655,8.635970115661621,8.635970115661621,ok
LA_D_7290012,19.745141983032227,19.745141983032227,ok
LA_D_7290138,20.570280075073242,20.570280075073242,ok
LA_D_7290285,14.869568824768066,14.869568824768066,ok
LA_D_7293816,9.937355995178223,9.937355995178223,ok
LA_D_7294059,10.45714282989502,10.45714282989502,ok
LA_D_7295722,18.28118324279785,18.28118324279785,ok
LA_D_7296201,11.1365966796875,11.1365966796875,ok
LA_D_7297087,12.275642395019531,12.275642395019531,ok
LA_D_7297385,15.014615058898926,15.014615058898926,ok
LA_D_7297643,16.866716384887695,16.866716384887695,ok
LA_D_7298083,11.370920181274414,11.370920181274414,ok
LA_D_7298541,10.57103157043457,10.57103157043457,ok
LA_D_7298589,12.823334693908691,12.823334693908691,ok
LA_D_7299439,16.205148696899414,16.205148696899414,ok
LA_D_7299514,-11.87728500366211,-11.87728500366211,ok
LA_D_7299706,7.019848823547363,7.019848823547363,ok
LA_D_7299749,14.593542098999023,14.593542098999023,ok
LA_D_7300406,10.679317474365234,10.679317474365234,ok
LA_D_7300764,11.707444190979004,11.707444190979004,ok
LA_D_7302282,10.835346221923828,10.835346221923828,ok
LA_D_7302367,14.459824562072754,14.459824562072754,ok
LA_D_7302757,15.867595672607422,15.867595672607422,ok
LA_D_7302765,10.437220573425293,10.437220573425293,ok
LA_D_7304634,-10.599745750427246,-10.599745750427246,ok
LA_D_7306507,12.3875093460083,12.3875093460083,ok
LA_D_7307287,18.103281021118164,18.103281021118164,ok
LA_D_7307702,16.2742862701416,16.2742862701416,ok
LA_D_7308100,18.3033390045166,18.3033390045166,ok
LA_D_7308358,8.102055549621582,8.102055549621582,ok
LA_D_7310490,7.753986358642578,7.753986358642578,ok
LA_D_7312402,10.014998435974121,10.014998435974121,ok
LA_D_7312535,10.667786598205566,10.667786598205566,ok
LA_D_7312592,20.0366268157959,20.0366268157959,ok
LA_D_7312870,18.565950393676758,18.565950393676758,ok
LA_D_7313112,11.784321784973145,11.784321784973145,ok
LA_D_7313906,12.210516929626465,12.210516929626465,ok
LA_D_7314322,-11.054769515991211,-11.054769515991211,ok
LA_D_7314849,13.500149726867676,13.500149726867676,ok
LA_D_7317360,17.708343505859375,17.708343505859375,ok
LA_D_7317597,11.24426555633545,11.24426555633545,ok
LA_D_7318854,10.170654296875,10.170654296875,ok
LA_D_7319497,-13.874350547790527,-13.874350547790527,ok
LA_D_7320269,12.565815925598145,12.565815925598145,ok
LA_D_7321136,17.843242645263672,17.843242645263672,ok
LA_D_7322306,10.51922607421875,10.51922607421875,ok
LA_D_7322960,11.557936668395996,11.557936668395996,ok
LA_D_7324285,-11.801074028015137,-11.801074028015137,ok
LA_D_7325586,11.945611953735352,11.945611953735352,ok
LA_D_7325649,11.357892036437988,11.357892036437988,ok
LA_D_7326976,14.496355056762695,14.496355056762695,ok
LA_D_7328344,9.8366060256958,9.8366060256958,ok
LA_D_7328872,14.172404289245605,14.172404289245605,ok
LA_D_7330298,12.903985023498535,12.903985023498535,ok
LA_D_7331566,15.08980655670166,15.08980655670166,ok
LA_D_7331654,13.166600227355957,13.166600227355957,ok
LA_D_7332066,14.119805335998535,14.119805335998535,ok
LA_D_7333250,12.642719268798828,12.642719268798828,ok
LA_D_7333352,-10.664971351623535,-10.664971351623535,ok
LA_D_7334119,8.200823783874512,8.200823783874512,ok
LA_D_7334607,11.912035942077637,11.912035942077637,ok
LA_D_7336188,13.389557838439941,13.389557838439941,ok
LA_D_7336955,13.417487144470215,13.417487144470215,ok
LA_D_7337126,15.726290702819824,15.726290702819824,ok
LA_D_7337279,23.48993492126465,23.48993492126465,ok
LA_D_7337689,11.373696327209473,11.373696327209473,ok
LA_D_7338327,9.297234535217285,9.297234535217285,ok
LA_D_7339440,15.841058731079102,15.841058731079102,ok
LA_D_7339762,-10.949156761169434,-10.949156761169434,ok
LA_D_7339843,14.430407524108887,14.430407524108887,ok
LA_D_7342043,10.626568794250488,10.626568794250488,ok
LA_D_7342694,8.439248085021973,8.439248085021973,ok
LA_D_7342764,11.829136848449707,11.829136848449707,ok
LA_D_7343331,13.585721015930176,13.585721015930176,ok
LA_D_7343735,16.227169036865234,16.227169036865234,ok
LA_D_7346067,9.959052085876465,9.959052085876465,ok
LA_D_7346604,7.079883098602295,7.079883098602295,ok
LA_D_7346965,8.794650077819824,8.794650077819824,ok
LA_D_7347549,13.932153701782227,13.932153701782227,ok
LA_D_7350895,13.31118106842041,13.31118106842041,ok
LA_D_7352908,13.072522163391113,13.072522163391113,ok
LA_D_7354898,16.04819679260254,16.04819679260254,ok
LA_D_7355156,12.54633617401123,12.54633617401123,ok
LA_D_7355507,16.50779914855957,16.50779914855957,ok
LA_D_7355604,13.095011711120605,13.095011711120605,ok
LA_D_7355945,10.580660820007324,10.580660820007324,ok
LA_D_7357609,12.703049659729004,12.703049659729004,ok
LA_D_7359047,19.71080207824707,19.71080207824707,ok
LA_D_7359378,14.610417366027832,14.610417366027832,ok
LA_D_7360950,13.100800514221191,13.100800514221191,ok
LA_D_7361566,-13.214173316955566,-13.214173316955566,ok
LA_D_7362645,10.128355026245117,10.128355026245117,ok
LA_D_7363059,13.91409683227539,13.91409683227539,ok
LA_D_7363405,12.80331039428711,12.80331039428711,ok
LA_D_7363496,14.174107551574707,14.174107551574707,ok
LA_D_7363764,-14.805521965026855,-14.805521965026855,ok
LA_D_7365945,14.05713176727295,14.05713176727295,ok
LA_D_7366011,11.122147560119629,11.122147560119629,ok
LA_D_7367187,16.198057174682617,16.198057174682617,ok
LA_D_7367873,14.934200286865234,14.934200286865234,ok
LA_D_7368554,11.70494556427002,11.70494556427002,ok
LA_D_7368744,12.374951362609863,12.374951362609863,ok
LA_D_7368863,17.612699508666992,17.612699508666992,ok
LA_D_7369444,13.308598518371582,13.308598518371582,ok
LA_D_7370306,-9.160712242126465,-9.160712242126465,ok
LA_D_7370520,-6.323875904083252,-6.323875904083252,ok
LA_D_7372276,10.084749221801758,10.084749221801758,ok
LA_D_7373220,15.344902992248535,15.344902992248535,ok
LA_D_7373443,14.36208438873291,14.36208438873291,ok
LA_D_7373652,16.7480411529541,16.7480411529541,ok
LA_D_7373710,11.739516258239746,11.739516258239746,ok
LA_D_7374784,12.141209602355957,12.141209602355957,ok
LA_D_7375499,11.902445793151855,11.902445793151855,ok
LA_D_7375840,17.148523330688477,17.148523330688477,ok
LA_D_7377187,7.414758682250977,7.414758682250977,ok
LA_D_7380127,13.641398429870605,13.641398429870605,ok
LA_D_7380433,11.09343147277832,11.09343147277832,ok
LA_D_7380582,-15.129948616027832,-15.129948616027832,ok
LA_D_7380667,10.092623710632324,10.092623710632324,ok
LA_D_7380699,17.716367721557617,17.716367721557617,ok
LA_D_7382039,19.360328674316406,19.360328674316406,ok
LA_D_7382673,18.754358291625977,18.754358291625977,ok
LA_D_7382692,12.724029541015625,12.724029541015625,ok
LA_D_7383133,15.162641525268555,15.162641525268555,ok
LA_D_7383463,9.630290031433105,9.630290031433105,ok
LA_D_7383599,-11.238184928894043,-11.238184928894043,ok
LA_D_7385274,-15.288098335266113,-15.288098335266113,ok
LA_D_7385727,11.295331001281738,11.295331001281738,ok
LA_D_7386222,11.278159141540527,11.278159141540527,ok
LA_D_7388625,10.324210166931152,10.324210166931152,ok
LA_D_7388723,12.568333625793457,12.568333625793457,ok
LA_D_7389015,13.312369346618652,13.312369346618652,ok
LA_D_7390522,14.661758422851562,14.661758422851562,ok
LA_D_7391591,-14.405702590942383,-14.405702590942383,ok
LA_D_7392383,16.61617088317871,16.61617088317871,ok
LA_D_7393779,15.859792709350586,15.859792709350586,ok
LA_D_7394528,14.885581016540527,14.885581016540527,ok
LA_D_7394757,-8.486760139465332,-8.486760139465332,ok
LA_D_7394778,15.074077606201172,15.074077606201172,ok
LA_D_7395153,21.33791160583496,21.33791160583496,ok
LA_D_7395983,13.183130264282227,13.183130264282227,ok
LA_D_7398116,11.884787559509277,11.884787559509277,ok
LA_D_7398349,13.352276802062988,13.352276802062988,ok
LA_D_7398714,12.94011402130127,12.94011402130127,ok
LA_D_7399269,11.377860069274902,11.377860069274902,ok
LA_D_7399969,15.44092845916748,15.44092845916748,ok
LA_D_7400680,-14.483585357666016,-14.483585357666016,ok
LA_D_7401877,12.058552742004395,12.058552742004395,ok
LA_D_7401894,15.613337516784668,15.613337516784668,ok
LA_D_7401919,11.683491706848145,11.683491706848145,ok
LA_D_7402503,7.95454740524292,7.95454740524292,ok
LA_D_7403376,14.91711711883545,14.91711711883545,ok
LA_D_7404557,14.465543746948242,14.465543746948242,ok
LA_D_7404738,15.482317924499512,15.482317924499512,ok
LA_D_7406865,11.1981782913208,11.1981782913208,ok
LA_D_7407432,-2.9802398681640625,-2.9802398681640625,ok
LA_D_7408100,-10.157113075256348,-10.157113075256348,ok
LA_D_7408392,10.123443603515625,10.123443603515625,ok
LA_D_7409252,17.519914627075195,17.519914627075195,ok
LA_D_7410620,12.461466789245605,12.461466789245605,ok
LA_D_7410931,13.843657493591309,13.843657493591309,ok
LA_D_7411008,11.062499046325684,11.062499046325684,ok
LA_D_7411256,14.945391654968262,14.945391654968262,ok
LA_D_7412100,12.054558753967285,12.054558753967285,ok
LA_D_7414510,15.887764930725098,15.887764930725098,ok
LA_D_7415426,18.750675201416016,18.750675201416016,ok
LA_D_7415755,16.561756134033203,16.561756134033203,ok
LA_D_7415932,13.240620613098145,13.240620613098145,ok
LA_D_7418362,16.37023162841797,16.37023162841797,ok
LA_D_7418963,13.539770126342773,13.539770126342773,ok
LA_D_7419811,7.686455726623535,7.686455726623535,ok
LA_D_7420352,12.56912612915039,12.56912612915039,ok
LA_D_7420382,9.402104377746582,9.402104377746582,ok
LA_D_7421260,17.96954917907715,17.96954917907715,ok
LA_D_7421536,16.057769775390625,16.057769775390625,ok
LA_D_7421940,13.351408958435059,13.351408958435059,ok
LA_D_7421972,15.511897087097168,15.511897087097168,ok
LA_D_7422802,14.758330345153809,14.758330345153809,ok
LA_D_7423342,-14.109236717224121,-14.109236717224121,ok
LA_D_7424751,14.778657913208008,14.778657913208008,ok
LA_D_7425009,12.755439758300781,12.755439758300781,ok
LA_D_7425122,17.44234275817871,17.44234275817871,ok
LA_D_7427303,16.30079460144043,16.30079460144043,ok
LA_D_7428513,-13.888425827026367,-13.888425827026367,ok
LA_D_7428865,16.553789138793945,16.553789138793945,ok
LA_D_7429028,20.8991641998291,20.8991641998291,ok
LA_D_7430270,13.472643852233887,13.472643852233887,ok
LA_D_7430660,11.296784400939941,11.296784400939941,ok
LA_D_7430939,14.383292198181152,14.383292198181152,ok
LA_D_7431648,15.500466346740723,15.500466346740723,ok
LA_D_7431998,15.204071044921875,15.204071044921875,ok
LA_D_7433900,15.394030570983887,15.394030570983887,ok
LA_D_7434265,12.757802963256836,12.757802963256836,ok
LA_D_7435327,14.494690895080566,14.494690895080566,ok
LA_D_7436720,14.055436134338379,14.055436134338379,ok
LA_D_7438016,9.158185958862305,9.158185958862305,ok
LA_D_7439452,13.349593162536621,13.349593162536621,ok
LA_D_7440074,15.045353889465332,15.045353889465332,ok
LA_D_7440389,14.06469440460205,14.06469440460205,ok
LA_D_7442253,15.99518871307373,15.99518871307373,ok
LA_D_7442269,9.525519371032715,9.525519371032715,ok
LA_D_7444518,14.546156883239746,14.546156883239746,ok
LA_D_7445146,15.383804321289062,15.383804321289062,ok
LA_D_7445946,23.92849349975586,23.92849349975586,ok
LA_D_7446128,15.332101821899414,15.332101821899414,ok
LA_D_7447795,13.759429931640625,13.759429931640625,ok
LA_D_7448493,9.821200370788574,9.821200370788574,ok
LA_D_7448540,10.077363014221191,10.077363014221191,ok
LA_D_7449021,16.539613723754883,16.539613723754883,ok
LA_D_7449236,-13.944844245910645,-13.944844245910645,ok
LA_D_7450739,-14.49203872680664,-14.49203872680664,ok
LA_D_7451179,10.5054292678833,10.5054292678833,ok
LA_D_7451276,-12.443913459777832,-12.443913459777832,ok
LA_D_7451358,12.781508445739746,12.781508445739746,ok
LA_D_7451364,-9.38722038269043,-9.38722038269043,ok
LA_D_7452217,17.69675064086914,17.69675064086914,ok
LA_D_7453123,16.59929084777832,16.59929084777832,ok
LA_D_7453706,7.508686065673828,7.508686065673828,ok
LA_D_7454687,10.184708595275879,10.184708595275879,ok
LA_D_7455119,-10.147873878479004,-10.147873878479004,ok
LA_D_7456275,15.170169830322266,15.170169830322266,ok
LA_D_7457091,12.71609878540039,12.71609878540039,ok
LA_D_7459319,13.11085033416748,13.11085033416748,ok
LA_D_7460094,14.048800468444824,14.048800468444824,ok
LA_D_7460902,-12.79118537902832,-12.79118537902832,ok
LA_D_7461756,14.906733512878418,14.906733512878418,ok
LA_D_7464280,14.800925254821777,14.800925254821777,ok
LA_D_7464417,14.666522026062012,14.666522026062012,ok
LA_D_7464682,-15.458513259887695,-15.458513259887695,ok
LA_D_7464906,11.284451484680176,11.284451484680176,ok
LA_D_7466640,9.56533145904541,9.56533145904541,ok
LA_D_7466992,18.608646392822266,18.608646392822266,ok
LA_D_7467158,-11.5215482711792,-11.5215482711792,ok
LA_D_7467696,-13.998580932617188,-13.998580932617188,ok
LA_D_7467996,16.68419075012207,16.68419075012207,ok
LA_D_7468306,17.06795310974121,17.06795310974121,ok
LA_D_7468708,15.057333946228027,15.057333946228027,ok
LA_D_7468954,12.661206245422363,12.661206245422363,ok
LA_D_7469397,13.452254295349121,13.452254295349121,ok
LA_D_7470679,12.91074275970459,12.91074275970459,ok
LA_D_7471232,15.402909278869629,15.402909278869629,ok
LA_D_7471560,-14.48728084564209,-14.48728084564209,ok
LA_D_7472227,13.840088844299316,13.840088844299316,ok
LA_D_7473056,20.065664291381836,20.065664291381836,ok
LA_D_7473191,-14.391790390014648,-14.391790390014648,ok
LA_D_7473280,12.58518123626709,12.58518123626709,ok
LA_D_7473607,15.161438941955566,15.161438941955566,ok
LA_D_7473728,12.870058059692383,12.870058059692383,ok
LA_D_7476328,12.70169734954834,12.70169734954834,ok
LA_D_7477006,19.946712493896484,19.946712493896484,ok
LA_D_7478232,8.557509422302246,8.557509422302246,ok
LA_D_7479337,11.392001152038574,11.392001152038574,ok
LA_D_7479581,14.338767051696777,14.338767051696777,ok
LA_D_7479660,16.06086540222168,16.06086540222168,ok
LA_D_7480369,5.649556636810303,5.649556636810303,ok
LA_D_7480903,-6.481895923614502,-6.481895923614502,ok
LA_D_7481545,14.059406280517578,14.059406280517578,ok
LA_D_7481774,17.01933479309082,17.01933479309082,ok
LA_D_7481984,12.861865043640137,12.861865043640137,ok
LA_D_7482285,6.947684288024902,6.947684288024902,ok
LA_D_7482753,11.44239330291748,11.44239330291748,ok
LA_D_7484463,22.393091201782227,22.393091201782227,ok
LA_D_7484552,15.460943222045898,15.460943222045898,ok
LA_D_7484636,12.860905647277832,12.860905647277832,ok
LA_D_7484913,15.75578498840332,15.75578498840332,ok
LA_D_7485630,-13.792572975158691,-13.792572975158691,ok
LA_D_7486320,13.476601600646973,13.476601600646973,ok
LA_D_7487831,14.700505256652832,14.700505256652832,ok
LA_D_7489647,14.420671463012695,14.420671463012695,ok
LA_D_7489677,10.812027931213379,10.812027931213379,ok
LA_D_7490527,11.259292602539062,11.259292602539062,ok
LA_D_7491481,16.955354690551758,16.955354690551758,ok
LA_D_7491886,16.024900436401367,16.024900436401367,ok
LA_D_7493620,11.95090103149414,11.95090103149414,ok
LA_D_7493894,6.0548834800720215,6.0548834800720215,ok
LA_D_7496196,-11.185559272766113,-11.185559272766113,ok
LA_D_7496841,8.18200397491455,8.18200397491455,ok
LA_D_7499183,14.106650352478027,14.106650352478027,ok
LA_D_7500473,15.146903038024902,15.146903038024902,ok
LA_D_7501132,14.597514152526855,14.597514152526855,ok
LA_D_7501222,13.967534065246582,13.967534065246582,ok
LA_D_7502624,14.581674575805664,14.581674575805664,ok
LA_D_7503562,14.577052116394043,14.577052116394043,ok
LA_D_7503637,14.27940845489502,14.27940845489502,ok
LA_D_7504069,12.310656547546387,12.310656547546387,ok
LA_D_7504343,10.60278034210205,10.60278034210205,ok
LA_D_7504762,10.984968185424805,10.984968185424805,ok
LA_D_7506025,14.052590370178223,14.052590370178223,ok
LA_D_7506195,19.34816551208496,19.34816551208496,ok
LA_D_7506627,16.631006240844727,16.631006240844727,ok
LA_D_7508544,25.810733795166016,25.810733795166016,ok
LA_D_7509263,14.928622245788574,14.928622245788574,ok
LA_D_7509663,-12.911835670471191,-12.911835670471191,ok
LA_D_7510202,-13.110337257385254,-13.110337257385254,ok
LA_D_7510219,9.130963325500488,9.130963325500488,ok
LA_D_7510776,17.41228675842285,17.41228675842285,ok
LA_D_7510866,18.593915939331055,18.593915939331055,ok
LA_D_7511640,10.608840942382812,10.608840942382812,ok
LA_D_7512294,-10.270905494689941,-10.270905494689941,ok
LA_D_7512399,15.452932357788086,15.452932357788086,ok
LA_D_7516190,14.396973609924316,14.396973609924316,ok
LA_D_7519102,12.850359916687012,12.850359916687012,ok
LA_D_7519937,15.860589027404785,15.860589027404785,ok
LA_D_7519959,13.847660064697266,13.847660064697266,ok
LA_D_7520064,10.364624977111816,10.364624977111816,ok
LA_D_7520400,16.884033203125,16.884033203125,ok
LA_D_7520496,11.94225025177002,11.94225025177002,ok
LA_D_7521790,14.53780746459961,14.53780746459961,ok
LA_D_7522278,12.78571605682373,12.78571605682373,ok
LA_D_7523717,14.332262992858887,14.332262992858887,ok
LA_D_7524440,14.039166450500488,14.039166450500488,ok
LA_D_7524908,14.571585655212402,14.571585655212402,ok
LA_D_7525010,15.326817512512207,15.326817512512207,ok
LA_D_7525091,16.095441818237305,16.095441818237305,ok
LA_D_7525244,18.380815505981445,18.380815505981445,ok
LA_D_7525926,-12.05739688873291,-12.05739688873291,ok
LA_D_7526293,10.44423770904541,10.44423770904541,ok
LA_D_7526777,9.550673484802246,9.550673484802246,ok
LA_D_7528137,13.948492050170898,13.948492050170898,ok
LA_D_7529258,14.253247261047363,14.253247261047363,ok
LA_D_7529532,16.41901206970215,16.41901206970215,ok
LA_D_7530789,-14.937851905822754,-14.937851905822754,ok
LA_D_7532592,18.108606338500977,18.108606338500977,ok
LA_D_7533258,7.58323860168457,7.58323860168457,ok
LA_D_7533494,17.777292251586914,17.777292251586914,ok
LA_D_7535260,10.090481758117676,10.090481758117676,ok
LA_D_7535853,12.864912033081055,12.864912033081055,ok
LA_D_7536394,8.464495658874512,8.464495658874512,ok
LA_D_7536401,16.018619537353516,16.018619537353516,ok
LA_D_7536830,18.777490615844727,18.777490615844727,ok
LA_D_7537666,15.126015663146973,15.126015663146973,ok
LA_D_7537886,14.623692512512207,14.623692512512207,ok
LA_D_7538760,15.466324806213379,15.466324806213379,ok
LA_D_7540473,13.61491584777832,13.61491584777832,ok
LA_D_7541122,10.892521858215332,10.892521858215332,ok
LA_D_7542569,-13.14509105682373,-13.14509105682373,ok
LA_D_7543704,15.743340492248535,15.743340492248535,ok
LA_D_7543928,13.005316734313965,13.005316734313965,ok
LA_D_7544809,13.301946640014648,13.301946640014648,ok
LA_D_7546312,17.785673141479492,17.785673141479492,ok
LA_D_7546610,12.494441032409668,12.494441032409668,ok
LA_D_7547533,16.623056411743164,16.623056411743164,ok
LA_D_7549839,13.43934154510498,13.43934154510498,ok
LA_D_7550546,-14.31550121307373,-14.31550121307373,ok
LA_D_7550549,9.709980964660645,9.709980964660645,ok
LA_D_7550680,13.124436378479004,13.124436378479004,ok
LA_D_7551227,11.9884672164917,11.9884672164917,ok
LA_D_7551589,10.54652214050293,10.54652214050293,ok
LA_D_7551987,19.297903060913086,19.297903060913086,ok
LA_D_7552298,14.569499969482422,14.569499969482422,ok
LA_D_7552379,12.96838092803955,12.96838092803955,ok
LA_D_7554584,16.01422119140625,16.01422119140625,ok
LA_D_7554684,16.761178970336914,16.761178970336914,ok
LA_D_7555845,14.133170127868652,14.133170127868652,ok
LA_D_7555962,12.874463081359863,12.874463081359863,ok
LA_D_7556397,-12.400187492370605,-12.400187492370605,ok
LA_D_7557700,14.382146835327148,14.382146835327148,ok
LA_D_7558312,16.387203216552734,16.387203216552734,ok
LA_D_7558612,11.110507011413574,11.110507011413574,ok
LA_D_7559932,15.233858108520508,15.233858108520508,ok
LA_D_7560065,5.7890944480896,5.7890944480896,ok
LA_D_7560590,-13.633057594299316,-13.633057594299316,ok
LA_D_7560677,17.146631240844727,17.146631240844727,ok
LA_D_7560734,11.0628080368042,11.0628080368042,ok
LA_D_7562190,-13.14244556427002,-13.14244556427002,ok
LA_D_7562908,13.656990051269531,13.656990051269531,ok
LA_D_7562913,15.426008224487305,15.426008224487305,ok
LA_D_7563022,14.728803634643555,14.728803634643555,ok
LA_D_7563550,16.575666427612305,16.575666427612305,ok
LA_D_7563714,17.334232330322266,17.334232330322266,ok
LA_D_7564052,12.296732902526855,12.296732902526855,ok
LA_D_7564617,16.292606353759766,16.292606353759766,ok
LA_D_7564800,14.012142181396484,14.012142181396484,ok
LA_D_7565415,13.36900806427002,13.36900806427002,ok
LA_D_7566925,-14.667685508728027,-14.667685508728027,ok
LA_D_7567281,11.076460838317871,11.076460838317871,ok
LA_D_7567334,11.388994216918945,11.388994216918945,ok
LA_D_7567821,9.768162727355957,9.768162727355957,ok
LA_D_7568059,8.080328941345215,8.080328941345215,ok
LA_D_7568962,13.135998725891113,13.135998725891113,ok
LA_D_7569481,14.464025497436523,14.464025497436523,ok
LA_D_7570554,-12.996525764465332,-12.996525764465332,ok
LA_D_7570899,-16.1672306060791,-16.1672306060791,ok
LA_D_7571658,11.12486743927002,11.12486743927002,ok
LA_D_7572295,12.401905059814453,12.401905059814453,ok
LA_D_7573124,14.96446418762207,14.96446418762207,ok
LA_D_7573833,14.851552963256836,14.851552963256836,ok
LA_D_7574071,11.484801292419434,11.484801292419434,ok
LA_D_7574255,16.540159225463867,16.540159225463867,ok
LA_D_7575592,12.541635513305664,12.541635513305664,ok
LA_D_7575803,13.803945541381836,13.803945541381836,ok
LA_D_7575877,13.931206703186035,13.931206703186035,ok
LA_D_7576905,14.37818431854248,14.37818431854248,ok
LA_D_7577366,16.815370559692383,16.815370559692383,ok
LA_D_7577850,17.968172073364258,17.968172073364258,ok
LA_D_7579833,12.36899471282959,12.36899471282959,ok
LA_D_7579942,11.05019474029541,11.05019474029541,ok
LA_D_7581183,10.706891059875488,10.706891059875488,ok
LA_D_7584788,15.92740535736084,15.92740535736084,ok
LA_D_7585893,15.429858207702637,15.429858207702637,ok
LA_D_7587942,18.104646682739258,18.104646682739258,ok
LA_D_7588199,15.636284828186035,15.636284828186035,ok
LA_D_7588214,5.234852313995361,5.234852313995361,ok
LA_D_7588829,15.09179401397705,15.09179401397705,ok
LA_D_7588911,16.644460678100586,16.644460678100586,ok
LA_D_7590299,5.874755382537842,5.874755382537842,ok
LA_D_7591062,12.219433784484863,12.219433784484863,ok
LA_D_7591549,18.572145462036133,18.572145462036133,ok
LA_D_7592898,7.647196292877197,7.647196292877197,ok
LA_D_7594892,-14.127087593078613,-14.127087593078613,ok
LA_D_7595396,20.1224308013916,20.1224308013916,ok
LA_D_7595937,13.205537796020508,13.205537796020508,ok
LA_D_7596547,18.89191246032715,18.89191246032715,ok
LA_D_7596579,-12.330757141113281,-12.330757141113281,ok
LA_D_7596619,-15.035085678100586,-15.035085678100586,ok
LA_D_7597147,13.992898941040039,13.992898941040039,ok
LA_D_7598446,18.098350524902344,18.098350524902344,ok
LA_D_7599548,12.657240867614746,12.657240867614746,ok
LA_D_7599571,17.322832107543945,17.322832107543945,ok
LA_D_7599610,11.21336555480957,11.21336555480957,ok
LA_D_7600381,-9.234208106994629,-9.234208106994629,ok
LA_D_7601827,14.218339920043945,14.218339920043945,ok
LA_D_7603558,15.52628231048584,15.52628231048584,ok
LA_D_7603562,13.2471342086792,13.2471342086792,ok
LA_D_7604548,12.760258674621582,12.760258674621582,ok
LA_D_7604669,12.90368366241455,12.90368366241455,ok
LA_D_7605047,-12.227887153625488,-12.227887153625488,ok
LA_D_7605675,15.15463638305664,15.15463638305664,ok
LA_D_7605953,-12.306214332580566,-12.306214332580566,ok
LA_D_7606081,12.470280647277832,12.470280647277832,ok
LA_D_7606254,14.146918296813965,14.146918296813965,ok
LA_D_7607538,11.842925071716309,11.842925071716309,ok
LA_D_7607582,9.32990550994873,9.32990550994873,ok
LA_D_7608424,14.899432182312012,14.899432182312012,ok
LA_D_7608750,14.47516918182373,14.47516918182373,ok
LA_D_7608776,13.040748596191406,13.040748596191406,ok
LA_D_7611234,16.6051082611084,16.6051082611084,ok
LA_D_7611530,10.113143920898438,10.113143920898438,ok
LA_D_7611990,-14.10478687286377,-14.10478687286377,ok
LA_D_7612992,14.94305419921875,14.94305419921875,ok
LA_D_7613584,14.772600173950195,14.772600173950195,ok
LA_D_7614264,9.841826438903809,9.841826438903809,ok
LA_D_7614468,10.144478797912598,10.144478797912598,ok
LA_D_7614935,12.17502212524414,12.17502212524414,ok
LA_D_7615134,10.272604942321777,10.272604942321777,ok
LA_D_7616056,14.184269905090332,14.184269905090332,ok
LA_D_7616531,12.636279106140137,12.636279106140137,ok
LA_D_7616866,13.60405445098877,13.60405445098877,ok
LA_D_7618520,5.767582416534424,5.767582416534424,ok
LA_D_7618637,-13.56252670288086,-13.56252670288086,ok
LA_D_7618965,11.517939567565918,11.517939567565918,ok
LA_D_7620039,11.523026466369629,11.523026466369629,ok
LA_D_7620311,9.927553176879883,9.927553176879883,ok
LA_D_7621816,11.502394676208496,11.502394676208496,ok
LA_D_7622887,14.036303520202637,14.036303520202637,ok
LA_D_7623214,9.769275665283203,9.769275665283203,ok
LA_D_7623757,16.78394889831543,16.78394889831543,ok
LA_D_7625011,18.274839401245117,18.274839401245117,ok
LA_D_7625238,17.137741088867188,17.137741088867188,ok
LA_D_7626133,19.10417366027832,19.10417366027832,ok
LA_D_7626873,10.437980651855469,10.437980651855469,ok
LA_D_7627638,16.03902244567871,16.03902244567871,ok
LA_D_7627669,12.562514305114746,12.562514305114746,ok
LA_D_7628095,18.41292381286621,18.41292381286621,ok
LA_D_7628615,9.446944236755371,9.446944236755371,ok
LA_D_7628970,15.869210243225098,15.869210243225098,ok
LA_D_7629070,13.159621238708496,13.159621238708496,ok
LA_D_7629200,16.067546844482422,16.067546844482422,ok
LA_D_7630499,13.93138599395752,13.93138599395752,ok
LA_D_7631811,13.067195892333984,13.067195892333984,ok
LA_D_7632057,8.162232398986816,8.162232398986816,ok
LA_D_7632221,15.458962440490723,15.458962440490723,ok
LA_D_7634407,11.631470680236816,11.631470680236816,ok
LA_D_7635520,16.77155876159668,16.77155876159668,ok
LA_D_7635942,11.77895450592041,11.77895450592041,ok
LA_D_7640331,16.512468338012695,16.512468338012695,ok
LA_D_7640908,10.20101547241211,10.20101547241211,ok
LA_D_7640990,-14.310853004455566,-14.310853004455566,ok
LA_D_7641113,14.370647430419922,14.370647430419922,ok
LA_D_7641447,13.822915077209473,13.822915077209473,ok
LA_D_7643557,17.082138061523438,17.082138061523438,ok
LA_D_7643772,14.215192794799805,14.215192794799805,ok
LA_D_7643858,6.263679504394531,6.263679504394531,ok
LA_D_7643950,14.810724258422852,14.810724258422852,ok
LA_D_7644072,14.067313194274902,14.067313194274902,ok
LA_D_7644378,14.911587715148926,14.911587715148926,ok
LA_D_7645542,14.240119934082031,14.240119934082031,ok
LA_D_7647218,16.442663192749023,16.442663192749023,ok
LA_D_7647812,-15.571586608886719,-15.571586608886719,ok
LA_D_7647841,16.34673500061035,16.34673500061035,ok
LA_D_7647923,16.937898635864258,16.937898635864258,ok
LA_D_7650371,14.701491355895996,14.701491355895996,ok
LA_D_7651024,16.353771209716797,16.353771209716797,ok
LA_D_7651671,-10.697501182556152,-10.697501182556152,ok
LA_D_7652023,13.126997947692871,13.126997947692871,ok
LA_D_7655235,17.858640670776367,17.858640670776367,ok
LA_D_7655266,10.140862464904785,10.140862464904785,ok
LA_D_7655279,13.007157325744629,13.007157325744629,ok
LA_D_7655377,13.7930269241333,13.7930269241333,ok
LA_D_7655527,14.920641899108887,14.920641899108887,ok
LA_D_7656709,9.819158554077148,9.819158554077148,ok
LA_D_7656827,16.34316062927246,16.34316062927246,ok
LA_D_7657304,16.667951583862305,16.667951583862305,ok
LA_D_7659039,18.462087631225586,18.462087631225586,ok
LA_D_7659121,18.019006729125977,18.019006729125977,ok
LA_D_7660152,18.918426513671875,18.918426513671875,ok
LA_D_7660511,18.018613815307617,18.018613815307617,ok
LA_D_7660720,9.75844669342041,9.75844669342041,ok
LA_D_7661091,12.946473121643066,12.946473121643066,ok
LA_D_7661298,13.923274993896484,13.923274993896484,ok
LA_D_7661318,10.656412124633789,10.656412124633789,ok
LA_D_7661904,14.613448143005371,14.613448143005371,ok
LA_D_7662648,15.662094116210938,15.662094116210938,ok
LA_D_7663034,18.005687713623047,18.005687713623047,ok
LA_D_7663086,10.882840156555176,10.882840156555176,ok
LA_D_7663996,9.328100204467773,9.328100204467773,ok
LA_D_7664409,15.769083023071289,15.769083023071289,ok
LA_D_7664602,13.545982360839844,13.545982360839844,ok
LA_D_7664721,11.848333358764648,11.848333358764648,ok
LA_D_7664865,16.44148826599121,16.44148826599121,ok
LA_D_7665160,15.761597633361816,15.761597633361816,ok
LA_D_7666735,17.922149658203125,17.922149658203125,ok
LA_D_7667125,16.94230079650879,16.94230079650879,ok
LA_D_7667637,13.700860023498535,13.700860023498535,ok
LA_D_7668402,11.808480262756348,11.808480262756348,ok
LA_D_7669397,15.030327796936035,15.030327796936035,ok
LA_D_7670870,12.851134300231934,12.851134300231934,ok
LA_D_7672778,9.956232070922852,9.956232070922852,ok
LA_D_7673323,7.245119571685791,7.245119571685791,ok
LA_D_7674419,13.818734169006348,13.818734169006348,ok
LA_D_7674620,19.44224739074707,19.44224739074707,ok
LA_D_7675126,13.47056770324707,13.47056770324707,ok
LA_D_7677736,14.109519004821777,14.109519004821777,ok
LA_D_7678069,16.385663986206055,16.385663986206055,ok
LA_D_7678162,18.28118896484375,18.28118896484375,ok
LA_D_7679169,-13.398457527160645,-13.398457527160645,ok
LA_D_7679219,19.49532699584961,19.49532699584961,ok
LA_D_7679395,15.781363487243652,15.781363487243652,ok
LA_D_7679781,14.777424812316895,14.777424812316895,ok
LA_D_7680436,10.333998680114746,10.333998680114746,ok
LA_D_7680881,18.381601333618164,18.381601333618164,ok
LA_D_7681644,15.098322868347168,15.098322868347168,ok
LA_D_7681851,15.38417911529541,15.38417911529541,ok
LA_D_7682953,-13.546772956848145,-13.546772956848145,ok
LA_D_7683536,17.977680206298828,17.977680206298828,ok
LA_D_7684667,15.192334175109863,15.192334175109863,ok
LA_D_7684971,16.65929412841797,16.65929412841797,ok
LA_D_7685864,14.869518280029297,14.869518280029297,ok
LA_D_7687575,17.64154624938965,17.64154624938965,ok
LA_D_7688135,16.056785583496094,16.056785583496094,ok
LA_D_7689936,17.145784378051758,17.145784378051758,ok
LA_D_7690544,11.334117889404297,11.334117889404297,ok
LA_D_7690918,12.485121726989746,12.485121726989746,ok
LA_D_7691716,12.507412910461426,12.507412910461426,ok
LA_D_7692183,10.944724082946777,10.944724082946777,ok
LA_D_7693345,16.996248245239258,16.996248245239258,ok
LA_D_7693912,7.909179210662842,7.909179210662842,ok
LA_D_7694154,16.78993797302246,16.78993797302246,ok
LA_D_7694213,18.667192459106445,18.667192459106445,ok
LA_D_7697515,13.28459358215332,13.28459358215332,ok
LA_D_7698637,16.360475540161133,16.360475540161133,ok
LA_D_7702151,14.113694190979004,14.113694190979004,ok
LA_D_7702883,14.346795082092285,14.346795082092285,ok
LA_D_7703631,16.554288864135742,16.554288864135742,ok
LA_D_7704331,12.059698104858398,12.059698104858398,ok
LA_D_7704814,15.578782081604004,15.578782081604004,ok
LA_D_7704954,-14.999390602111816,-14.999390602111816,ok
LA_D_7705939,14.585282325744629,14.585282325744629,ok
LA_D_7705946,13.034550666809082,13.034550666809082,ok
LA_D_7707569,14.514719009399414,14.514719009399414,ok
LA_D_7707754,-12.61281681060791,-12.61281681060791,ok
LA_D_7708338,16.182836532592773,16.182836532592773,ok
LA_D_7711223,16.901214599609375,16.901214599609375,ok
LA_D_7711351,9.051538467407227,9.051538467407227,ok
LA_D_7711976,7.778136253356934,7.778136253356934,ok
LA_D_7712763,14.44530963897705,14.44530963897705,ok
LA_D_7712887,17.093767166137695,17.093767166137695,ok
LA_D_7712944,11.674936294555664,11.674936294555664,ok
LA_D_7714440,16.197132110595703,16.197132110595703,ok
LA_D_7717790,13.103628158569336,13.103628158569336,ok
LA_D_7718050,-13.243725776672363,-13.243725776672363,ok
LA_D_7718079,-12.439742088317871,-12.439742088317871,ok
LA_D_7718364,-11.467270851135254,-11.467270851135254,ok
LA_D_7719213,13.569785118103027,13.569785118103027,ok
LA_D_7720126,-14.426712036132812,-14.426712036132812,ok
LA_D_7720647,15.068253517150879,15.068253517150879,ok
LA_D_7721121,13.637794494628906,13.637794494628906,ok
LA_D_7721167,13.701373100280762,13.701373100280762,ok
LA_D_7723211,16.023080825805664,16.023080825805664,ok
LA_D_7723352,15.533719062805176,15.533719062805176,ok
LA_D_7724545,12.900641441345215,12.900641441345215,ok
LA_D_7724772,-12.877144813537598,-12.877144813537598,ok
LA_D_7725114,13.305248260498047,13.305248260498047,ok
LA_D_7726114,-10.866406440734863,-10.866406440734863,ok
LA_D_7728140,12.80420207977295,12.80420207977295,ok
LA_D_7731461,21.314037322998047,21.314037322998047,ok
LA_D_7731909,-15.15539264678955,-15.15539264678955,ok
LA_D_7733072,17.082679748535156,17.082679748535156,ok
LA_D_7733474,12.68631649017334,12.68631649017334,ok
LA_D_7734402,11.133437156677246,11.133437156677246,ok
LA_D_7734687,16.396879196166992,16.396879196166992,ok
LA_D_7735219,13.57254695892334,13.57254695892334,ok
LA_D_7735847,13.793061256408691,13.793061256408691,ok
LA_D_7736037,15.375298500061035,15.375298500061035,ok
LA_D_7736331,14.661513328552246,14.661513328552246,ok
LA_D_7736435,15.917255401611328,15.917255401611328,ok
LA_D_7736497,13.515474319458008,13.515474319458008,ok
LA_D_7736692,17.140989303588867,17.140989303588867,ok
LA_D_7738175,10.116695404052734,10.116695404052734,ok
LA_D_7738182,10.154789924621582,10.154789924621582,ok
LA_D_7738912,14.739439010620117,14.739439010620117,ok
LA_D_7739036,10.796125411987305,10.796125411987305,ok
LA_D_7740163,13.811273574829102,13.811273574829102,ok
LA_D_7740262,18.977436065673828,18.977436065673828,ok
LA_D_7741491,16.178247451782227,16.178247451782227,ok
LA_D_7742306,14.837010383605957,14.837010383605957,ok
LA_D_7742793,12.374136924743652,12.374136924743652,ok
LA_D_7743189,8.766556739807129,8.766556739807129,ok
LA_D_7743470,13.225936889648438,13.225936889648438,ok
LA_D_7744376,12.890213966369629,12.890213966369629,ok
LA_D_7745862,13.551016807556152,13.551016807556152,ok
LA_D_7747702,9.987424850463867,9.987424850463867,ok
LA_D_7748160,22.366483688354492,22.366483688354492,ok
LA_D_7748254,13.975558280944824,13.975558280944824,ok
LA_D_7748381,26.425203323364258,26.425203323364258,ok
LA_D_7748502,10.257916450500488,10.257916450500488,ok
LA_D_7748664,14.968256950378418,14.968256950378418,ok
LA_D_7750101,12.143880844116211,12.143880844116211,ok
LA_D_7750113,14.374307632446289,14.374307632446289,ok
LA_D_7750829,15.687503814697266,15.687503814697266,ok
LA_D_7752556,9.658001899719238,9.658001899719238,ok
LA_D_7753521,-14.211491584777832,-14.211491584777832,ok
LA_D_7753669,10.808045387268066,10.808045387268066,ok
LA_D_7754957,10.945788383483887,10.945788383483887,ok
LA_D_7755104,17.811494827270508,17.811494827270508,ok
LA_D_7756238,14.552790641784668,14.552790641784668,ok
LA_D_7757055,10.230021476745605,10.230021476745605,ok
LA_D_7757173,13.572782516479492,13.572782516479492,ok
LA_D_7759688,13.521965026855469,13.521965026855469,ok
LA_D_7760363,11.755101203918457,11.755101203918457,ok
LA_D_7760476,14.412371635437012,14.412371635437012,ok
LA_D_7760578,-14.63283920288086,-14.63283920288086,ok
LA_D_7760924,9.54727554321289,9.54727554321289,ok
LA_D_7761946,16.23818016052246,16.23818016052246,ok
LA_D_7763323,13.219231605529785,13.219231605529785,ok
LA_D_7763354,12.111786842346191,12.111786842346191,ok
LA_D_7763874,9.563508033752441,9.563508033752441,ok
LA_D_7764203,9.915974617004395,9.915974617004395,ok
LA_D_7764747,12.499045372009277,12.499045372009277,ok
LA_D_7765088,-15.835871696472168,-15.835871696472168,ok
LA_D_7765457,14.616270065307617,14.616270065307617,ok
LA_D_7766550,12.790860176086426,12.790860176086426,ok
LA_D_7766576,15.210055351257324,15.210055351257324,ok
LA_D_7768185,3.8509786128997803,3.8509786128997803,ok
LA_D_7768286,13.998710632324219,13.998710632324219,ok
LA_D_7769275,11.167552947998047,11.167552947998047,ok
LA_D_7769896,14.480692863464355,14.480692863464355,ok
LA_D_7770558,13.28134822845459,13.28134822845459,ok
LA_D_7771073,17.318761825561523,17.318761825561523,ok
LA_D_7771621,15.044751167297363,15.044751167297363,ok
LA_D_7772478,9.9612398147583,9.9612398147583,ok
LA_D_7772523,17.178525924682617,17.178525924682617,ok
LA_D_7772989,18.57612419128418,18.57612419128418,ok
LA_D_7773434,8.509642601013184,8.509642601013184,ok
LA_D_7773540,16.456798553466797,16.456798553466797,ok
LA_D_7773583,19.85230827331543,19.85230827331543,ok
LA_D_7773769,14.667852401733398,14.667852401733398,ok
LA_D_7774259,15.158581733703613,15.158581733703613,ok
LA_D_7774318,14.07115364074707,14.07115364074707,ok
LA_D_7774346,12.836058616638184,12.836058616638184,ok
LA_D_7775067,14.45616340637207,14.45616340637207,ok
LA_D_7775116,13.085556030273438,13.085556030273438,ok
LA_D_7775830,15.718202590942383,15.718202590942383,ok
LA_D_7775873,15.004755973815918,15.004755973815918,ok
LA_D_7780225,12.768450736999512,12.768450736999512,ok
LA_D_7783081,11.22484302520752,11.22484302520752,ok
LA_D_7783250,-14.42307186126709,-14.42307186126709,ok
LA_D_7783288,-11.737946510314941,-11.737946510314941,ok
LA_D_7783712,-15.127878189086914,-15.127878189086914,ok
LA_D_7784081,15.729206085205078,15.729206085205078,ok
LA_D_7784356,14.891509056091309,14.891509056091309,ok
LA_D_7784995,19.465970993041992,19.465970993041992,ok
LA_D_7785816,19.050031661987305,19.050031661987305,ok
LA_D_7786100,15.710246086120605,15.710246086120605,ok
LA_D_7789202,13.03077220916748,13.03077220916748,ok
LA_D_7789272,5.4496636390686035,5.4496636390686035,ok
LA_D_7789532,14.654160499572754,14.654160499572754,ok
LA_D_7790850,-16.276052474975586,-16.276052474975586,ok
LA_D_7792362,10.874608039855957,10.874608039855957,ok
LA_D_7792652,14.012993812561035,14.012993812561035,ok
LA_D_7792788,12.155316352844238,12.155316352844238,ok
LA_D_7793474,17.4157772064209,17.4157772064209,ok
LA_D_7793940,15.008086204528809,15.008086204528809,ok
LA_D_7794367,12.35346508026123,12.35346508026123,ok
LA_D_7794776,13.969630241394043,13.969630241394043,ok
LA_D_7795388,13.413549423217773,13.413549423217773,ok
LA_D_7795831,12.663022994995117,12.663022994995117,ok
LA_D_7796753,-15.350762367248535,-15.350762367248535,ok
LA_D_7796964,13.88562297821045,13.88562297821045,ok
LA_D_7798691,14.724017143249512,14.724017143249512,ok
LA_D_7799234,14.86746883392334,14.86746883392334,ok
LA_D_7800026,8.887149810791016,8.887149810791016,ok
LA_D_7800270,16.24065589904785,16.24065589904785,ok
LA_D_7801572,4.0973687171936035,4.0973687171936035,ok
LA_D_7803058,19.09004783630371,19.09004783630371,ok
LA_D_7803358,14.73918342590332,14.73918342590332,ok
LA_D_7803428,14.067212104797363,14.067212104797363,ok
LA_D_7803538,13.830784797668457,13.830784797668457,ok
LA_D_7804582,15.971091270446777,15.971091270446777,ok
LA_D_7804785,14.873610496520996,14.873610496520996,ok
LA_D_7805571,7.552186965942383,7.552186965942383,ok
LA_D_7806158,12.731104850769043,12.731104850769043,ok
LA_D_7806943,14.000887870788574,14.000887870788574,ok
LA_D_7808217,16.921998977661133,16.921998977661133,ok
LA_D_7809381,13.277925491333008,13.277925491333008,ok
LA_D_7810138,11.32313060760498,11.32313060760498,ok
LA_D_7810535,11.616495132446289,11.616495132446289,ok
LA_D_7812846,15.687755584716797,15.687755584716797,ok
LA_D_7813172,12.158156394958496,12.158156394958496,ok
LA_D_7813228,-10.52993106842041,-10.52993106842041,ok
LA_D_7813614,23.28251838684082,23.28251838684082,ok
LA_D_7815618,15.008340835571289,15.008340835571289,ok
LA_D_7821144,17.898536682128906,17.898536682128906,ok
LA_D_7821302,14.16242790222168,14.16242790222168,ok
LA_D_7822260,-14.973870277404785,-14.973870277404785,ok
LA_D_7822867,11.917439460754395,11.917439460754395,ok
LA_D_7823248,11.745902061462402,11.745902061462402,ok
LA_D_7823985,18.463668823242188,18.463668823242188,ok
LA_D_7824275,11.3803129196167,11.3803129196167,ok
LA_D_7824549,14.148622512817383,14.148622512817383,ok
LA_D_7824709,10.367562294006348,10.367562294006348,ok
LA_D_7825070,16.930660247802734,16.930660247802734,ok
LA_D_7826604,16.17679786682129,16.17679786682129,ok
LA_D_7827911,11.964186668395996,11.964186668395996,ok
LA_D_7828554,16.16901206970215,16.16901206970215,ok
LA_D_7828929,15.619002342224121,15.619002342224121,ok
LA_D_7829453,15.096278190612793,15.096278190612793,ok
LA_D_7831531,13.380037307739258,13.380037307739258,ok
LA_D_7832705,17.65428924560547,17.65428924560547,ok
LA_D_7833173,10.916903495788574,10.916903495788574,ok
LA_D_7833826,21.26620864868164,21.26620864868164,ok
LA_D_7834333,11.266865730285645,11.266865730285645,ok
LA_D_7834454,15.493420600891113,15.493420600891113,ok
LA_D_7836235,14.024778366088867,14.024778366088867,ok
LA_D_7836755,11.144381523132324,11.144381523132324,ok
LA_D_7836916,-4.4738450050354,-4.4738450050354,ok
LA_D_7836942,17.126209259033203,17.126209259033203,ok
LA_D_7837262,18.325471878051758,18.325471878051758,ok
LA_D_7839744,18.335378646850586,18.335378646850586,ok
LA_D_7840753,13.86989688873291,13.86989688873291,ok
LA_D_7841911,-16.438838958740234,-16.438838958740234,ok
LA_D_7843372,16.754131317138672,16.754131317138672,ok
LA_D_7843877,10.61544418334961,10.61544418334961,ok
LA_D_7845355,14.161069869995117,14.161069869995117,ok
LA_D_7845923,15.324262619018555,15.324262619018555,ok
LA_D_7847128,17.51776695251465,17.51776695251465,ok
LA_D_7852940,13.88448429107666,13.88448429107666,ok
LA_D_7853660,18.959962844848633,18.959962844848633,ok
LA_D_7853908,12.128729820251465,12.128729820251465,ok
LA_D_7855371,11.848467826843262,11.848467826843262,ok
LA_D_7856417,13.976840019226074,13.976840019226074,ok
LA_D_7858202,10.663286209106445,10.663286209106445,ok
LA_D_7858791,12.979565620422363,12.979565620422363,ok
LA_D_7860380,2.9925434589385986,2.9925434589385986,ok
LA_D_7861602,17.173952102661133,17.173952102661133,ok
LA_D_7862876,17.58485221862793,17.58485221862793,ok
LA_D_7863446,11.117596626281738,11.117596626281738,ok
LA_D_7863940,11.110767364501953,11.110767364501953,ok
LA_D_7864167,17.13201904296875,17.13201904296875,ok
LA_D_7865378,12.175995826721191,12.175995826721191,ok
LA_D_7866293,16.12358856201172,16.12358856201172,ok
LA_D_7866849,-6.1887383460998535,-6.1887383460998535,ok
LA_D_7870160,-15.434017181396484,-15.434017181396484,ok
LA_D_7870262,18.307308197021484,18.307308197021484,ok
LA_D_7870469,17.846948623657227,17.846948623657227,ok
LA_D_7871009,-15.704010963439941,-15.704010963439941,ok
LA_D_7871600,9.482067108154297,9.482067108154297,ok
LA_D_7872579,14.58834171295166,14.58834171295166,ok
LA_D_7874275,-13.122905731201172,-13.122905731201172,ok
LA_D_7874436,14.436259269714355,14.436259269714355,ok
LA_D_7877117,14.93903636932373,14.93903636932373,ok
LA_D_7878130,14.938316345214844,14.938316345214844,ok
LA_D_7878150,8.755356788635254,8.755356788635254,ok
LA_D_7879955,-11.756088256835938,-11.756088256835938,ok
LA_D_7880514,15.128787994384766,15.128787994384766,ok
LA_D_7880553,10.826319694519043,10.826319694519043,ok
LA_D_7882779,12.519038200378418,12.519038200378418,ok
LA_D_7882957,14.27673625946045,14.27673625946045,ok
LA_D_7883377,-11.037928581237793,-11.037928581237793,ok
LA_D_7883460,14.577988624572754,14.577988624572754,ok
LA_D_7884675,15.510218620300293,15.510218620300293,ok
LA_D_7887063,17.964521408081055,17.964521408081055,ok
LA_D_7887508,16.644166946411133,16.644166946411133,ok
LA_D_7888661,9.019574165344238,9.019574165344238,ok
LA_D_7890490,8.468528747558594,8.468528747558594,ok
LA_D_7891516,20.386428833007812,20.386428833007812,ok
LA_D_7891639,15.591660499572754,15.591660499572754,ok
LA_D_7891889,16.72279167175293,16.72279167175293,ok
LA_D_7892017,12.504094123840332,12.504094123840332,ok
LA_D_7893531,12.247541427612305,12.247541427612305,ok
LA_D_7893603,9.897833824157715,9.897833824157715,ok
LA_D_7894097,13.68836498260498,13.68836498260498,ok
LA_D_7895930,20.444530487060547,20.444530487060547,ok
LA_D_7895951,11.83631420135498,11.83631420135498,ok
LA_D_7896930,15.019474983215332,15.019474983215332,ok
LA_D_7898281,17.173311233520508,17.173311233520508,ok
LA_D_7900629,14.924077987670898,14.924077987670898,ok
LA_D_7901021,-16.410985946655273,-16.410985946655273,ok
LA_D_7901168,13.72236442565918,13.72236442565918,ok
LA_D_7901390,12.622184753417969,12.622184753417969,ok
LA_D_7901552,13.840760231018066,13.840760231018066,ok
LA_D_7901691,14.066073417663574,14.066073417663574,ok
LA_D_7903297,14.682233810424805,14.682233810424805,ok
LA_D_7903763,17.72062110900879,17.72062110900879,ok
LA_D_7904161,15.139801979064941,15.139801979064941,ok
LA_D_7904343,14.701431274414062,14.701431274414062,ok
LA_D_7905314,12.789813995361328,12.789813995361328,ok
LA_D_7905993,12.822243690490723,12.822243690490723,ok
LA_D_7906477,12.724696159362793,12.724696159362793,ok
LA_D_7906665,12.94899845123291,12.94899845123291,ok
LA_D_7906750,15.698196411132812,15.698196411132812,ok
LA_D_7907328,14.66669750213623,14.66669750213623,ok
LA_D_7907493,11.992186546325684,11.992186546325684,ok
LA_D_7907871,14.997611045837402,14.997611045837402,ok
LA_D_7909240,15.079729080200195,15.079729080200195,ok
LA_D_7910632,17.718963623046875,17.718963623046875,ok
LA_D_7912035,15.708053588867188,15.708053588867188,ok
LA_D_7912198,14.216228485107422,14.216228485107422,ok
LA_D_7912208,12.500597953796387,12.500597953796387,ok
LA_D_7915757,16.4443302154541,16.4443302154541,ok
LA_D_7916323,9.887063980102539,9.887063980102539,ok
LA_D_7918457,16.20983123779297,16.20983123779297,ok
LA_D_7918811,15.235219955444336,15.235219955444336,ok
LA_D_7919147,13.213852882385254,13.213852882385254,ok
LA_D_7919190,-13.502272605895996,-13.502272605895996,ok
LA_D_7920014,10.995392799377441,10.995392799377441,ok
LA_D_7920083,17.15130043029785,17.15130043029785,ok
LA_D_7920196,5.271941184997559,5.271941184997559,ok
LA_D_7922506,11.667107582092285,11.667107582092285,ok
LA_D_7922604,17.40217399597168,17.40217399597168,ok
LA_D_7922711,12.497403144836426,12.497403144836426,ok
LA_D_7925481,16.174692153930664,16.174692153930664,ok
LA_D_7927430,15.520371437072754,15.520371437072754,ok
LA_D_7928225,7.209540843963623,7.209540843963623,ok
LA_D_7930498,13.984001159667969,13.984001159667969,ok
LA_D_7931400,17.535669326782227,17.535669326782227,ok
LA_D_7931644,12.078240394592285,12.078240394592285,ok
LA_D_7932133,12.195969581604004,12.195969581604004,ok
LA_D_7932134,17.364717483520508,17.364717483520508,ok
LA_D_7932767,14.576106071472168,14.576106071472168,ok
LA_D_7933136,14.581559181213379,14.581559181213379,ok
LA_D_7933208,-13.95949935913086,-13.95949935913086,ok
LA_D_7934417,13.904175758361816,13.904175758361816,ok
LA_D_7936437,11.779669761657715,11.779669761657715,ok
LA_D_7937424,14.942778587341309,14.942778587341309,ok
LA_D_7937903,18.723024368286133,18.723024368286133,ok
LA_D_7938162,10.896331787109375,10.896331787109375,ok
LA_D_7939810,16.224882125854492,16.224882125854492,ok
LA_D_7940727,8.408355712890625,8.408355712890625,ok
LA_D_7941843,18.07050132751465,18.07050132751465,ok
LA_D_7942115,13.411396980285645,13.411396980285645,ok
LA_D_7944594,16.662599563598633,16.662599563598633,ok
LA_D_7944625,-8.562819480895996,-8.562819480895996,ok
LA_D_7945750,15.920329093933105,15.920329093933105,ok
LA_D_7946330,16.854215621948242,16.854215621948242,ok
LA_D_7947630,12.686086654663086,12.686086654663086,ok
LA_D_7948287,17.789819717407227,17.789819717407227,ok
LA_D_7949260,11.519792556762695,11.519792556762695,ok
LA_D_7950517,12.3071870803833,12.3071870803833,ok
LA_D_7952081,17.705472946166992,17.705472946166992,ok
LA_D_7953159,13.353468894958496,13.353468894958496,ok
LA_D_7953344,15.990340232849121,15.990340232849121,ok
LA_D_7953471,12.529446601867676,12.529446601867676,ok
LA_D_7954147,9.123015403747559,9.123015403747559,ok
LA_D_7954380,18.31495475769043,18.31495475769043,ok
LA_D_7955580,13.896750450134277,13.896750450134277,ok
LA_D_7957109,11.395761489868164,11.395761489868164,ok
LA_D_7957211,-12.183287620544434,-12.183287620544434,ok
LA_D_7957664,9.778254508972168,9.778254508972168,ok
LA_D_7958457,12.074167251586914,12.074167251586914,ok
LA_D_7958461,7.268183708190918,7.268183708190918,ok
LA_D_7959836,12.41418743133545,12.41418743133545,ok
LA_D_7960499,7.897453308105469,7.897453308105469,ok
LA_D_7961471,11.974814414978027,11.974814414978027,ok
LA_D_7962163,16.015283584594727,16.015283584594727,ok
LA_D_7963921,18.945262908935547,18.945262908935547,ok
LA_D_7964973,14.696321487426758,14.696321487426758,ok
LA_D_7965379,7.4214887619018555,7.4214887619018555,ok
LA_D_7965716,14.58864974975586,14.58864974975586,ok
LA_D_7967827,9.709447860717773,9.709447860717773,ok
LA_D_7969154,17.975858688354492,17.975858688354492,ok
LA_D_7969869,18.02524757385254,18.02524757385254,ok
LA_D_7970013,14.357878684997559,14.357878684997559,ok
LA_D_7970494,9.322054862976074,9.322054862976074,ok
LA_D_7970984,19.319185256958008,19.319185256958008,ok
LA_D_7971494,15.040128707885742,15.040128707885742,ok
LA_D_7972028,18.094980239868164,18.094980239868164,ok
LA_D_7972252,14.28557300567627,14.28557300567627,ok
LA_D_7972724,-14.278251647949219,-14.278251647949219,ok
LA_D_7973047,12.251749992370605,12.251749992370605,ok
LA_D_7973088,10.90363597869873,10.90363597869873,ok
LA_D_7973788,14.100682258605957,14.100682258605957,ok
LA_D_7974481,11.69432544708252,11.69432544708252,ok
LA_D_7974536,-14.731114387512207,-14.731114387512207,ok
LA_D_7974697,11.606793403625488,11.606793403625488,ok
LA_D_7975085,14.747342109680176,14.747342109680176,ok
LA_D_7977077,14.970050811767578,14.970050811767578,ok
LA_D_7977320,14.874772071838379,14.874772071838379,ok
LA_D_7978065,7.019929885864258,7.019929885864258,ok
LA_D_7979163,12.22783374786377,12.22783374786377,ok
LA_D_7979281,19.600431442260742,19.600431442260742,ok
LA_D_7979297,15.347525596618652,15.347525596618652,ok
LA_D_7979905,13.438812255859375,13.438812255859375,ok
LA_D_7980033,15.069436073303223,15.069436073303223,ok
LA_D_7981282,14.951533317565918,14.951533317565918,ok
LA_D_7982514,-14.36180591583252,-14.36180591583252,ok
LA_D_7984251,16.010456085205078,16.010456085205078,ok
LA_D_7984768,15.385287284851074,15.385287284851074,ok
LA_D_7984933,14.881267547607422,14.881267547607422,ok
LA_D_7985250,13.5943021774292,13.5943021774292,ok
LA_D_7985410,8.911232948303223,8.911232948303223,ok
LA_D_7986044,16.19028663635254,16.19028663635254,ok
LA_D_7986305,16.703948974609375,16.703948974609375,ok
LA_D_7988938,16.602998733520508,16.602998733520508,ok
LA_D_7989171,11.001448631286621,11.001448631286621,ok
LA_D_7989607,-12.236332893371582,-12.236332893371582,ok
LA_D_7989855,23.290586471557617,23.290586471557617,ok
LA_D_7990145,13.343811988830566,13.343811988830566,ok
LA_D_7990767,7.465904712677002,7.465904712677002,ok
LA_D_7991093,14.109721183776855,14.109721183776855,ok
LA_D_7992518,23.607439041137695,23.607439041137695,ok
LA_D_7993138,22.17877769470215,22.17877769470215,ok
LA_D_7993478,15.610716819763184,15.610716819763184,ok
LA_D_7994905,11.345233917236328,11.345233917236328,ok
LA_D_7994992,10.966145515441895,10.966145515441895,ok
LA_D_7995508,16.005634307861328,16.005634307861328,ok
LA_D_7995545,7.933538436889648,7.933538436889648,ok
LA_D_7995659,17.99753761291504,17.99753761291504,ok
LA_D_7996201,12.441128730773926,12.441128730773926,ok
LA_D_7996866,11.89687442779541,11.89687442779541,ok
LA_D_7996904,9.435576438903809,9.435576438903809,ok
LA_D_7997330,19.165685653686523,19.165685653686523,ok
LA_D_7998693,9.300619125366211,9.300619125366211,ok
LA_D_7999736,17.018468856811523,17.018468856811523,ok
LA_D_8000547,17.82895851135254,17.82895851135254,ok
LA_D_8001922,12.59106159210205,12.59106159210205,ok
LA_D_8002093,7.8321003913879395,7.8321003913879395,ok
LA_D_8002427,16.355344772338867,16.355344772338867,ok
LA_D_8002591,13.673069953918457,13.673069953918457,ok
LA_D_8003757,14.827733039855957,14.827733039855957,ok
LA_D_8003982,8.280060768127441,8.280060768127441,ok
LA_D_8006078,20.94037437438965,20.94037437438965,ok
LA_D_8006339,-14.364245414733887,-14.364245414733887,ok
LA_D_8006888,14.675471305847168,14.675471305847168,ok
LA_D_8008375,12.835395812988281,12.835395812988281,ok
LA_D_8008446,11.982682228088379,11.982682228088379,ok
LA_D_8010160,16.543067932128906,16.543067932128906,ok
LA_D_8011201,11.496140480041504,11.496140480041504,ok
LA_D_8012683,12.44909954071045,12.44909954071045,ok
LA_D_8014808,11.009432792663574,11.009432792663574,ok
LA_D_8015998,18.261240005493164,18.261240005493164,ok
LA_D_8018834,13.82083797454834,13.82083797454834,ok
LA_D_8019379,13.184897422790527,13.184897422790527,ok
LA_D_8020367,11.09813404083252,11.09813404083252,ok
LA_D_8022264,13.61104965209961,13.61104965209961,ok
LA_D_8022584,18.18596076965332,18.18596076965332,ok
LA_D_8022699,11.882651329040527,11.882651329040527,ok
LA_D_8023557,9.636762619018555,9.636762619018555,ok
LA_D_8024787,20.050004959106445,20.050004959106445,ok
LA_D_8025687,15.441454887390137,15.441454887390137,ok
LA_D_8026429,16.347909927368164,16.347909927368164,ok
LA_D_8027836,14.168493270874023,14.168493270874023,ok
LA_D_8028295,9.757730484008789,9.757730484008789,ok
LA_D_8028589,15.485745429992676,15.485745429992676,ok
LA_D_8029129,6.70832633972168,6.70832633972168,ok
LA_D_8029227,-11.460399627685547,-11.460399627685547,ok
LA_D_8029513,13.204888343811035,13.204888343811035,ok
LA_D_8030349,15.41140079498291,15.41140079498291,ok
LA_D_8030557,14.26717472076416,14.26717472076416,ok
LA_D_8031870,-15.554986000061035,-15.554986000061035,ok
LA_D_8033621,-15.001740455627441,-15.001740455627441,ok
LA_D_8035203,13.676373481750488,13.676373481750488,ok
LA_D_8035288,10.640568733215332,10.640568733215332,ok
LA_D_8035773,8.473443031311035,8.473443031311035,ok
LA_D_8037199,-14.433527946472168,-14.433527946472168,ok
LA_D_8037358,-12.102680206298828,-12.102680206298828,ok
LA_D_8037458,6.596956729888916,6.596956729888916,ok
LA_D_8037537,12.836926460266113,12.836926460266113,ok
LA_D_8038151,13.731406211853027,13.731406211853027,ok
LA_D_8039108,2.5793659687042236,2.5793659687042236,ok
LA_D_8039247,14.4592866897583,14.4592866897583,ok
LA_D_8042295,13.324957847595215,13.324957847595215,ok
LA_D_8042846,-12.200173377990723,-12.200173377990723,ok
LA_D_8043080,-15.506341934204102,-15.506341934204102,ok
LA_D_8043094,8.277359962463379,8.277359962463379,ok
LA_D_8044665,18.20237922668457,18.20237922668457,ok
LA_D_8045100,11.724970817565918,11.724970817565918,ok
LA_D_8045695,11.526822090148926,11.526822090148926,ok
LA_D_8046608,5.797426223754883,5.797426223754883,ok
LA_D_8047166,12.974400520324707,12.974400520324707,ok
LA_D_8047998,17.448293685913086,17.448293685913086,ok
LA_D_8048204,9.295648574829102,9.295648574829102,ok
LA_D_8048240,9.58829402923584,9.58829402923584,ok
LA_D_8048655,8.03671932220459,8.03671932220459,ok
LA_D_8050534,10.120682716369629,10.120682716369629,ok
LA_D_8051414,14.500741958618164,14.500741958618164,ok
LA_D_8051595,9.206028938293457,9.206028938293457,ok
LA_D_8052049,10.477046012878418,10.477046012878418,ok
LA_D_8052749,15.465631484985352,15.465631484985352,ok
LA_D_8055872,-17.288747787475586,-17.288747787475586,ok
LA_D_8055923,15.528409004211426,15.528409004211426,ok
LA_D_8056679,14.619418144226074,14.619418144226074,ok
LA_D_8056722,11.500383377075195,11.500383377075195,ok
LA_D_8056974,14.68032169342041,14.68032169342041,ok
LA_D_8057316,7.452238082885742,7.452238082885742,ok
LA_D_8058106,14.6939058303833,14.6939058303833,ok
LA_D_8059988,10.378644943237305,10.378644943237305,ok
LA_D_8060077,10.892361640930176,10.892361640930176,ok
LA_D_8061400,-15.011981964111328,-15.011981964111328,ok
LA_D_8062342,15.952681541442871,15.952681541442871,ok
LA_D_8063128,16.246362686157227,16.246362686157227,ok
LA_D_8063205,15.417193412780762,15.417193412780762,ok
LA_D_8063814,17.495283126831055,17.495283126831055,ok
LA_D_8063853,12.236224174499512,12.236224174499512,ok
LA_D_8066346,13.15601634979248,13.15601634979248,ok
LA_D_8068169,14.56743335723877,14.56743335723877,ok
LA_D_8069387,16.037126541137695,16.037126541137695,ok
LA_D_8069736,11.012272834777832,11.012272834777832,ok
LA_D_8070544,14.505549430847168,14.505549430847168,ok
LA_D_8071214,17.134441375732422,17.134441375732422,ok
LA_D_8072455,18.269399642944336,18.269399642944336,ok
LA_D_8073022,15.713879585266113,15.713879585266113,ok
LA_D_8073420,16.59281349182129,16.59281349182129,ok
LA_D_8073490,-12.420199394226074,-12.420199394226074,ok
LA_D_8075316,11.33460807800293,11.33460807800293,ok
LA_D_8075381,10.309054374694824,10.309054374694824,ok
LA_D_8075963,11.495158195495605,11.495158195495605,ok
LA_D_8076309,-13.513081550598145,-13.513081550598145,ok
LA_D_8076373,14.948994636535645,14.948994636535645,ok
LA_D_8076419,7.948585033416748,7.948585033416748,ok
LA_D_8076714,11.082072257995605,11.082072257995605,ok
LA_D_8076909,14.924015998840332,14.924015998840332,ok
LA_D_8076952,13.910292625427246,13.910292625427246,ok
LA_D_8077226,12.400391578674316,12.400391578674316,ok
LA_D_8077642,17.589405059814453,17.589405059814453,ok
LA_D_8078382,-11.175674438476562,-11.175674438476562,ok
LA_D_8080127,9.327187538146973,9.327187538146973,ok
LA_D_8086346,13.704665184020996,13.704665184020996,ok
LA_D_8087903,13.079718589782715,13.079718589782715,ok
LA_D_8088423,14.425963401794434,14.425963401794434,ok
LA_D_8088848,14.870218276977539,14.870218276977539,ok
LA_D_8089053,11.735513687133789,11.735513687133789,ok
LA_D_8089175,-5.051364421844482,-5.051364421844482,ok
LA_D_8090102,16.81686782836914,16.81686782836914,ok
LA_D_8090443,20.196170806884766,20.196170806884766,ok
LA_D_8091175,14.38228702545166,14.38228702545166,ok
LA_D_8091393,14.79857349395752,14.79857349395752,ok
LA_D_8091742,15.9719820022583,15.9719820022583,ok
LA_D_8091794,15.794774055480957,15.794774055480957,ok
LA_D_8092331,13.543244361877441,13.543244361877441,ok
LA_D_8093378,17.863269805908203,17.863269805908203,ok
LA_D_8094005,10.562146186828613,10.562146186828613,ok
LA_D_8094196,17.86647605895996,17.86647605895996,ok
LA_D_8094886,10.303229331970215,10.303229331970215,ok
LA_D_8095844,15.912217140197754,15.912217140197754,ok
LA_D_8096872,14.545186996459961,14.545186996459961,ok
LA_D_8097725,12.405585289001465,12.405585289001465,ok
LA_D_8099371,11.111108779907227,11.111108779907227,ok
LA_D_8099511,10.678643226623535,10.678643226623535,ok
LA_D_8099861,12.645241737365723,12.645241737365723,ok
LA_D_8100525,16.66829490661621,16.66829490661621,ok
LA_D_8100591,-12.772658348083496,-12.772658348083496,ok
LA_D_8102825,13.032281875610352,13.032281875610352,ok
LA_D_8103199,7.846757411956787,7.846757411956787,ok
LA_D_8103595,15.94771671295166,15.94771671295166,ok
LA_D_8103599,-14.1445894241333,-14.1445894241333,ok
LA_D_8106710,9.276846885681152,9.276846885681152,ok
LA_D_8106755,15.335719108581543,15.335719108581543,ok
LA_D_8107336,10.587541580200195,10.587541580200195,ok
LA_D_8108711,12.06618881225586,12.06618881225586,ok
LA_D_8108942,16.091054916381836,16.091054916381836,ok
LA_D_8110188,14.762886047363281,14.762886047363281,ok
LA_D_8111494,18.96527671813965,18.96527671813965,ok
LA_D_8111703,16.075054168701172,16.075054168701172,ok
LA_D_8112113,12.766547203063965,12.766547203063965,ok
LA_D_8113228,11.903891563415527,11.903891563415527,ok
LA_D_8113627,12.449421882629395,12.449421882629395,ok
LA_D_8113820,15.091121673583984,15.091121673583984,ok
LA_D_8113827,11.959596633911133,11.959596633911133,ok
LA_D_8114334,12.540837287902832,12.540837287902832,ok
LA_D_8115137,13.4271821975708,13.4271821975708,ok
LA_D_8115280,16.308639526367188,16.308639526367188,ok
LA_D_8116083,2.8879809379577637,2.8879809379577637,ok
LA_D_8116371,8.509809494018555,8.509809494018555,ok
LA_D_8116593,14.776239395141602,14.776239395141602,ok
LA_D_8116629,14.314927101135254,14.314927101135254,ok
LA_D_8117597,14.685925483703613,14.685925483703613,ok
LA_D_8117787,-13.742814064025879,-13.742814064025879,ok
LA_D_8117889,14.603116035461426,14.603116035461426,ok
LA_D_8118074,-15.456870079040527,-15.456870079040527,ok
LA_D_8118167,3.7969913482666016,3.7969913482666016,ok
LA_D_8118910,15.601012229919434,15.601012229919434,ok
LA_D_8120238,9.694944381713867,9.694944381713867,ok
LA_D_8121898,14.692337036132812,14.692337036132812,ok
LA_D_8122140,16.625356674194336,16.625356674194336,ok
LA_D_8123213,16.6075382232666,16.6075382232666,ok
LA_D_8125219,15.365311622619629,15.365311622619629,ok
LA_D_8125961,17.1546573638916,17.1546573638916,ok
LA_D_8126031,13.41341495513916,13.41341495513916,ok
LA_D_8126226,15.751411437988281,15.751411437988281,ok
LA_D_8126437,-14.222387313842773,-14.222387313842773,ok
LA_D_8126699,12.132216453552246,12.132216453552246,ok
LA_D_8127049,11.751055717468262,11.751055717468262,ok
LA_D_8128338,8.116131782531738,8.116131782531738,ok
LA_D_8128439,15.329354286193848,15.329354286193848,ok
LA_D_8128480,11.962738990783691,11.962738990783691,ok
LA_D_8128482,16.091907501220703,16.091907501220703,ok
LA_D_8128760,10.221907615661621,10.221907615661621,ok
LA_D_8130173,-8.701970100402832,-8.701970100402832,ok
LA_D_8130384,15.706637382507324,15.706637382507324,ok
LA_D_8131208,11.354758262634277,11.354758262634277,ok
LA_D_8133720,14.373608589172363,14.373608589172363,ok
LA_D_8135380,15.669222831726074,15.669222831726074,ok
LA_D_8136728,17.245616912841797,17.245616912841797,ok
LA_D_8137767,14.456067085266113,14.456067085266113,ok
LA_D_8137810,16.667272567749023,16.667272567749023,ok
LA_D_8138035,19.669736862182617,19.669736862182617,ok
LA_D_8138165,15.79947280883789,15.79947280883789,ok
LA_D_8138478,16.53424835205078,16.53424835205078,ok
LA_D_8138691,13.230813026428223,13.230813026428223,ok
LA_D_8140249,15.641929626464844,15.641929626464844,ok
LA_D_8141415,15.990077018737793,15.990077018737793,ok
LA_D_8141901,9.835570335388184,9.835570335388184,ok
LA_D_8142373,-15.444275856018066,-15.444275856018066,ok
LA_D_8142949,12.773329734802246,12.773329734802246,ok
LA_D_8143487,14.038619041442871,14.038619041442871,ok
LA_D_8145413,14.0778226852417,14.0778226852417,ok
LA_D_8145529,12.20482349395752,12.20482349395752,ok
LA_D_8145979,12.993691444396973,12.993691444396973,ok
LA_D_8146012,1.7164193391799927,1.7164193391799927,ok
LA_D_8146146,17.28483009338379,17.28483009338379,ok
LA_D_8147163,-3.2134666442871094,-3.2134666442871094,ok
LA_D_8147839,15.168065071105957,15.168065071105957,ok
LA_D_8149667,6.508422374725342,6.508422374725342,ok
LA_D_8152318,25.035371780395508,25.035371780395508,ok
LA_D_8155157,12.123595237731934,12.123595237731934,ok
LA_D_8155318,-14.478472709655762,-14.478472709655762,ok
LA_D_8156106,15.821122169494629,15.821122169494629,ok
LA_D_8156558,14.588334083557129,14.588334083557129,ok
LA_D_8159037,18.221010208129883,18.221010208129883,ok
LA_D_8160527,12.820775985717773,12.820775985717773,ok
LA_D_8161159,-15.368925094604492,-15.368925094604492,ok
LA_D_8161190,11.314838409423828,11.314838409423828,ok
LA_D_8161346,9.623600006103516,9.623600006103516,ok
LA_D_8161836,-15.452360153198242,-15.452360153198242,ok
LA_D_8161949,12.504456520080566,12.504456520080566,ok
LA_D_8162284,16.844282150268555,16.844282150268555,ok
LA_D_8162971,17.07293128967285,17.07293128967285,ok
LA_D_8164002,14.710416793823242,14.710416793823242,ok
LA_D_8165556,9.453141212463379,9.453141212463379,ok
LA_D_8167480,19.384801864624023,19.384801864624023,ok
LA_D_8167492,12.108777046203613,12.108777046203613,ok
LA_D_8168206,-10.30996036529541,-10.30996036529541,ok
LA_D_8169185,19.47499656677246,19.47499656677246,ok
LA_D_8169310,21.69269371032715,21.69269371032715,ok
LA_D_8169401,15.90375804901123,15.90375804901123,ok
LA_D_8169593,16.553922653198242,16.553922653198242,ok
LA_D_8169706,12.498050689697266,12.498050689697266,ok
LA_D_8170828,13.360207557678223,13.360207557678223,ok
LA_D_8170962,12.178589820861816,12.178589820861816,ok
LA_D_8171758,17.422163009643555,17.422163009643555,ok
LA_D_8172272,16.28672218322754,16.28672218322754,ok
LA_D_8172352,0.5856293439865112,0.5856293439865112,ok
LA_D_8172970,10.989644050598145,10.989644050598145,ok
LA_D_8173305,12.51426887512207,12.51426887512207,ok
LA_D_8173717,7.513050079345703,7.513050079345703,ok
LA_D_8173750,14.79703426361084,14.79703426361084,ok
LA_D_8174334,16.370708465576172,16.370708465576172,ok
LA_D_8174656,16.074047088623047,16.074047088623047,ok
LA_D_8174725,-14.18801212310791,-14.18801212310791,ok
LA_D_8175426,14.520140647888184,14.520140647888184,ok
LA_D_8176963,17.106586456298828,17.106586456298828,ok
LA_D_8177576,19.33348846435547,19.33348846435547,ok
LA_D_8179191,-13.66097640991211,-13.66097640991211,ok
LA_D_8181591,19.121484756469727,19.121484756469727,ok
LA_D_8181617,17.117399215698242,17.117399215698242,ok
LA_D_8181944,13.336538314819336,13.336538314819336,ok
LA_D_8182095,13.292302131652832,13.292302131652832,ok
LA_D_8182963,10.479809761047363,10.479809761047363,ok
LA_D_8183218,15.084880828857422,15.084880828857422,ok
LA_D_8183682,11.69877815246582,11.69877815246582,ok
LA_D_8183756,16.698060989379883,16.698060989379883,ok
LA_D_8184153,15.264693260192871,15.264693260192871,ok
LA_D_8185311,14.855080604553223,14.855080604553223,ok
LA_D_8187108,12.883966445922852,12.883966445922852,ok
LA_D_8187236,14.83577823638916,14.83577823638916,ok
LA_D_8187801,-13.602072715759277,-13.602072715759277,ok
LA_D_8189332,12.783682823181152,12.783682823181152,ok
LA_D_8191193,5.726083278656006,5.726083278656006,ok
LA_D_8191353,14.201590538024902,14.201590538024902,ok
LA_D_8191875,16.610122680664062,16.610122680664062,ok
LA_D_8192015,18.677446365356445,18.677446365356445,ok
LA_D_8192047,-13.505727767944336,-13.505727767944336,ok
LA_D_8193062,19.42863655090332,19.42863655090332,ok
LA_D_8195070,17.898218154907227,17.898218154907227,ok
LA_D_8197154,-15.523259162902832,-15.523259162902832,ok
LA_D_8197390,14.606894493103027,14.606894493103027,ok
LA_D_8197963,13.588851928710938,13.588851928710938,ok
LA_D_8198807,13.400025367736816,13.400025367736816,ok
LA_D_8198887,18.278324127197266,18.278324127197266,ok
LA_D_8199055,17.080081939697266,17.080081939697266,ok
LA_D_8200105,19.265504837036133,19.265504837036133,ok
LA_D_8200506,16.747289657592773,16.747289657592773,ok
LA_D_8201742,13.43761157989502,13.43761157989502,ok
LA_D_8202140,18.256649017333984,18.256649017333984,ok
LA_D_8203772,8.723776817321777,8.723776817321777,ok
LA_D_8203916,9.994921684265137,9.994921684265137,ok
LA_D_8204811,15.567216873168945,15.567216873168945,ok
LA_D_8205041,12.563443183898926,12.563443183898926,ok
LA_D_8205467,7.468817710876465,7.468817710876465,ok
LA_D_8205767,13.555936813354492,13.555936813354492,ok
LA_D_8206665,13.017308235168457,13.017308235168457,ok
LA_D_8208840,8.723299980163574,8.723299980163574,ok
LA_D_8208934,11.919167518615723,11.919167518615723,ok
LA_D_8210004,8.42302131652832,8.42302131652832,ok
LA_D_8210054,-12.648482322692871,-12.648482322692871,ok
LA_D_8210164,-16.188871383666992,-16.188871383666992,ok
LA_D_8213309,12.070182800292969,12.070182800292969,ok
LA_D_8214303,-14.383598327636719,-14.383598327636719,ok
LA_D_8214679,-12.424576759338379,-12.424576759338379,ok
LA_D_8214776,11.822710990905762,11.822710990905762,ok
LA_D_8216112,17.482189178466797,17.482189178466797,ok
LA_D_8217131,13.184883117675781,13.184883117675781,ok
LA_D_8217709,14.440309524536133,14.440309524536133,ok
LA_D_8218322,11.538578033447266,11.538578033447266,ok
LA_D_8220161,19.043928146362305,19.043928146362305,ok
LA_D_8220439,13.329362869262695,13.329362869262695,ok
LA_D_8220866,-13.318918228149414,-13.318918228149414,ok
LA_D_8221506,14.001581192016602,14.001581192016602,ok
LA_D_8221856,13.654451370239258,13.654451370239258,ok
LA_D_8222020,-16.324609756469727,-16.324609756469727,ok
LA_D_8222053,6.760176181793213,6.760176181793213,ok
LA_D_8222620,-15.397773742675781,-15.397773742675781,ok
LA_D_8222801,11.086784362792969,11.086784362792969,ok
LA_D_8223331,14.059737205505371,14.059737205505371,ok
LA_D_8223817,11.598732948303223,11.598732948303223,ok
LA_D_8224117,15.840535163879395,15.840535163879395,ok
LA_D_8224626,13.648385047912598,13.648385047912598,ok
LA_D_8226027,13.821761131286621,13.821761131286621,ok
LA_D_8226217,10.055964469909668,10.055964469909668,ok
LA_D_8228250,14.610297203063965,14.610297203063965,ok
LA_D_8228939,15.014018058776855,15.014018058776855,ok
LA_D_8228955,15.712874412536621,15.712874412536621,ok
LA_D_8229090,15.445317268371582,15.445317268371582,ok
LA_D_8229496,16.35100555419922,16.35100555419922,ok
LA_D_8231246,15.087651252746582,15.087651252746582,ok
LA_D_8233417,17.364940643310547,17.364940643310547,ok
LA_D_8233626,13.943243980407715,13.943243980407715,ok
LA_D_8234296,8.972655296325684,8.972655296325684,ok
LA_D_8235144,-11.847662925720215,-11.847662925720215,ok
LA_D_8237075,-14.382304191589355,-14.382304191589355,ok
LA_D_8238983,13.272927284240723,13.272927284240723,ok
LA_D_8239123,-13.322591781616211,-13.322591781616211,ok
LA_D_8239585,13.755915641784668,13.755915641784668,ok
LA_D_8240404,12.4674654006958,12.4674654006958,ok
LA_D_8241189,13.82319450378418,13.82319450378418,ok
LA_D_8242715,14.68386173248291,14.68386173248291,ok
LA_D_8243334,15.806405067443848,15.806405067443848,ok
LA_D_8243405,12.022350311279297,12.022350311279297,ok
LA_D_8243419,15.093525886535645,15.093525886535645,ok
LA_D_8243640,14.676785469055176,14.676785469055176,ok
LA_D_8243797,16.291309356689453,16.291309356689453,ok
LA_D_8244804,20.550533294677734,20.550533294677734,ok
LA_D_8244933,8.987689018249512,8.987689018249512,ok
LA_D_8245412,17.17576026916504,17.17576026916504,ok
LA_D_8246386,18.40082359313965,18.40082359313965,ok
LA_D_8247746,14.022236824035645,14.022236824035645,ok
LA_D_8248087,13.50442886352539,13.50442886352539,ok
LA_D_8248529,16.988950729370117,16.988950729370117,ok
LA_D_8249434,15.681754112243652,15.681754112243652,ok
LA_D_8249675,15.318940162658691,15.318940162658691,ok
LA_D_8250257,13.955408096313477,13.955408096313477,ok
LA_D_8250392,13.102349281311035,13.102349281311035,ok
LA_D_8250953,14.094861030578613,14.094861030578613,ok
LA_D_8252368,4.602052211761475,4.602052211761475,ok
LA_D_8256584,11.140528678894043,11.140528678894043,ok
LA_D_8257354,17.435483932495117,17.435483932495117,ok
LA_D_8257425,15.468154907226562,15.468154907226562,ok
LA_D_8257669,14.20232105255127,14.20232105255127,ok
LA_D_8258080,13.530423164367676,13.530423164367676,ok
LA_D_8258450,7.010021686553955,7.010021686553955,ok
LA_D_8258459,11.043177604675293,11.043177604675293,ok
LA_D_8259778,9.59883975982666,9.59883975982666,ok
LA_D_8259798,14.353273391723633,14.353273391723633,ok
LA_D_8260717,15.209174156188965,15.209174156188965,ok
LA_D_8260762,-14.653746604919434,-14.653746604919434,ok
LA_D_8261063,14.905213356018066,14.905213356018066,ok
LA_D_8261443,16.72547149658203,16.72547149658203,ok
LA_D_8261853,15.639294624328613,15.639294624328613,ok
LA_D_8261899,16.054224014282227,16.054224014282227,ok
LA_D_8261981,6.013733386993408,6.013733386993408,ok
LA_D_8262471,14.366093635559082,14.366093635559082,ok
LA_D_8262652,14.1832914352417,14.1832914352417,ok
LA_D_8263001,12.723397254943848,12.723397254943848,ok
LA_D_8263452,-10.590925216674805,-10.590925216674805,ok
LA_D_8264187,13.755768775939941,13.755768775939941,ok
LA_D_8264531,15.613715171813965,15.613715171813965,ok
LA_D_8264863,14.400009155273438,14.400009155273438,ok
LA_D_8265007,12.5164794921875,12.5164794921875,ok
LA_D_8265432,16.67475700378418,16.67475700378418,ok
LA_D_8266174,19.839365005493164,19.839365005493164,ok
LA_D_8267794,13.912689208984375,13.912689208984375,ok
LA_D_8268288,12.971782684326172,12.971782684326172,ok
LA_D_8269720,13.324101448059082,13.324101448059082,ok
LA_D_8270285,9.319069862365723,9.319069862365723,ok
LA_D_8270568,7.451572418212891,7.451572418212891,ok
LA_D_8270674,12.96749496459961,12.96749496459961,ok
LA_D_8270902,-13.814169883728027,-13.814169883728027,ok
LA_D_8271340,15.170783996582031,15.170783996582031,ok
LA_D_8271714,14.006916999816895,14.006916999816895,ok
LA_D_8272979,13.101784706115723,13.101784706115723,ok
LA_D_8274833,-12.696789741516113,-12.696789741516113,ok
LA_D_8276399,11.322715759277344,11.322715759277344,ok
LA_D_8277450,10.75163459777832,10.75163459777832,ok
LA_D_8279014,13.985125541687012,13.985125541687012,ok
LA_D_8281201,16.972314834594727,16.972314834594727,ok
LA_D_8281902,16.477266311645508,16.477266311645508,ok
LA_D_8282334,13.446806907653809,13.446806907653809,ok
LA_D_8283203,14.127727508544922,14.127727508544922,ok
LA_D_8283567,10.84546184539795,10.84546184539795,ok
LA_D_8283819,11.940627098083496,11.940627098083496,ok
LA_D_8284400,12.147631645202637,12.147631645202637,ok
LA_D_8284460,9.863885879516602,9.863885879516602,ok
LA_D_8284994,-13.086897850036621,-13.086897850036621,ok
LA_D_8285076,14.911521911621094,14.911521911621094,ok
LA_D_8285541,17.108718872070312,17.108718872070312,ok
LA_D_8285739,10.02584171295166,10.02584171295166,ok
LA_D_8286094,11.56788158416748,11.56788158416748,ok
LA_D_8286400,14.221854209899902,14.221854209899902,ok
LA_D_8287063,9.246914863586426,9.246914863586426,ok
LA_D_8288732,-14.483606338500977,-14.483606338500977,ok
LA_D_8289522,-10.444321632385254,-10.444321632385254,ok
LA_D_8289729,-14.22744083404541,-14.22744083404541,ok
LA_D_8291086,16.97911262512207,16.97911262512207,ok
LA_D_8291737,15.066667556762695,15.066667556762695,ok
LA_D_8292706,14.901673316955566,14.901673316955566,ok
LA_D_8297100,-6.225584983825684,-6.225584983825684,ok
LA_D_8297660,10.82805347442627,10.82805347442627,ok
LA_D_8299676,15.721306800842285,15.721306800842285,ok
LA_D_8299781,8.155563354492188,8.155563354492188,ok
LA_D_8300528,12.367027282714844,12.367027282714844,ok
LA_D_8301954,21.09591293334961,21.09591293334961,ok
LA_D_8302640,-15.167553901672363,-15.167553901672363,ok
LA_D_8302698,14.751827239990234,14.751827239990234,ok
LA_D_8304989,8.766576766967773,8.766576766967773,ok
LA_D_8305381,19.8665714263916,19.8665714263916,ok
LA_D_8308097,18.012521743774414,18.012521743774414,ok
LA_D_8308855,16.80405616760254,16.80405616760254,ok
LA_D_8309750,16.820634841918945,16.820634841918945,ok
LA_D_8309783,17.021196365356445,17.021196365356445,ok
LA_D_8310080,10.827569961547852,10.827569961547852,ok
LA_D_8310930,14.623812675476074,14.623812675476074,ok
LA_D_8311323,16.69048500061035,16.69048500061035,ok
LA_D_8312564,13.184502601623535,13.184502601623535,ok
LA_D_8313277,16.174833297729492,16.174833297729492,ok
LA_D_8313425,12.063265800476074,12.063265800476074,ok
LA_D_8313645,-7.225002765655518,-7.225002765655518,ok
LA_D_8314448,-13.041407585144043,-13.041407585144043,ok
LA_D_8314649,10.920882225036621,10.920882225036621,ok
LA_D_8315307,10.230006217956543,10.230006217956543,ok
LA_D_8315403,13.09990406036377,13.09990406036377,ok
LA_D_8316071,15.76156234741211,15.76156234741211,ok
LA_D_8316696,19.201053619384766,19.201053619384766,ok
LA_D_8317011,16.313989639282227,16.313989639282227,ok
LA_D_8317813,17.29985237121582,17.29985237121582,ok
LA_D_8318381,12.691141128540039,12.691141128540039,ok
LA_D_8318742,10.286739349365234,10.286739349365234,ok
LA_D_8318899,-13.863101959228516,-13.863101959228516,ok
LA_D_8320443,17.69318962097168,17.69318962097168,ok
LA_D_8321387,14.339791297912598,14.339791297912598,ok
LA_D_8321453,19.495588302612305,19.495588302612305,ok
LA_D_8321562,16.467172622680664,16.467172622680664,ok
LA_D_8322084,13.303890228271484,13.303890228271484,ok
LA_D_8322404,7.932226181030273,7.932226181030273,ok
LA_D_8322431,13.852554321289062,13.852554321289062,ok
LA_D_8322502,15.850451469421387,15.850451469421387,ok
LA_D_8322509,16.2827205657959,16.2827205657959,ok
LA_D_8322984,7.785495758056641,7.785495758056641,ok
LA_D_8323372,22.78948402404785,22.78948402404785,ok
LA_D_8325357,13.268900871276855,13.268900871276855,ok
LA_D_8328324,12.74689769744873,12.74689769744873,ok
LA_D_8328358,15.665505409240723,15.665505409240723,ok
LA_D_8328368,15.090219497680664,15.090219497680664,ok
LA_D_8329201,0.7280569076538086,0.7280569076538086,ok
LA_D_8332272,16.4221134185791,16.4221134185791,ok
LA_D_8332415,14.979246139526367,14.979246139526367,ok
LA_D_8333263,7.598710536956787,7.598710536956787,ok
LA_D_8333710,13.075516700744629,13.075516700744629,ok
LA_D_8335083,9.914618492126465,9.914618492126465,ok
LA_D_8335202,10.958797454833984,10.958797454833984,ok
LA_D_8335993,9.42579174041748,9.42579174041748,ok
LA_D_8336903,12.403714179992676,12.403714179992676,ok
LA_D_8337861,13.506065368652344,13.506065368652344,ok
LA_D_8338088,14.845452308654785,14.845452308654785,ok
LA_D_8338331,16.915586471557617,16.915586471557617,ok
LA_D_8338896,18.426984786987305,18.426984786987305,ok
LA_D_8339674,17.953405380249023,17.953405380249023,ok
LA_D_8340325,15.200970649719238,15.200970649719238,ok
LA_D_8340433,-13.001923561096191,-13.001923561096191,ok
LA_D_8340873,14.372787475585938,14.372787475585938,ok
LA_D_8341574,16.053306579589844,16.053306579589844,ok
LA_D_8341752,10.968796730041504,10.968796730041504,ok
LA_D_8342451,17.01356315612793,17.01356315612793,ok
LA_D_8343646,6.977594375610352,6.977594375610352,ok
LA_D_8344568,15.962270736694336,15.962270736694336,ok
LA_D_8344962,9.068614959716797,9.068614959716797,ok
LA_D_8345800,12.631248474121094,12.631248474121094,ok
LA_D_8346348,13.089336395263672,13.089336395263672,ok
LA_D_8347056,6.733917713165283,6.733917713165283,ok
LA_D_8348255,12.185973167419434,12.185973167419434,ok
LA_D_8348470,14.472098350524902,14.472098350524902,ok
LA_D_8348783,9.862395286560059,9.862395286560059,ok
LA_D_8348784,10.829819679260254,10.829819679260254,ok
LA_D_8350907,13.277776718139648,13.277776718139648,ok
LA_D_8350950,14.933072090148926,14.933072090148926,ok
LA_D_8351401,13.907754898071289,13.907754898071289,ok
LA_D_8352186,19.04573631286621,19.04573631286621,ok
LA_D_8353342,15.492112159729004,15.492112159729004,ok
LA_D_8353917,10.601794242858887,10.601794242858887,ok
LA_D_8355334,2.935690402984619,2.935690402984619,ok
LA_D_8355933,11.790316581726074,11.790316581726074,ok
LA_D_8355987,14.589924812316895,14.589924812316895,ok
LA_D_8357910,11.340351104736328,11.340351104736328,ok
LA_D_8358692,16.640743255615234,16.640743255615234,ok
LA_D_8358881,14.519957542419434,14.519957542419434,ok
LA_D_8359118,9.267105102539062,9.267105102539062,ok
LA_D_8359755,7.536518573760986,7.536518573760986,ok
LA_D_8361609,11.752800941467285,11.752800941467285,ok
LA_D_8362045,8.19756031036377,8.19756031036377,ok
LA_D_8362355,15.2822847366333,15.2822847366333,ok
LA_D_8362390,16.983060836791992,16.983060836791992,ok
LA_D_8362861,11.637508392333984,11.637508392333984,ok
LA_D_8362912,19.991472244262695,19.991472244262695,ok
LA_D_8363627,12.357433319091797,12.357433319091797,ok
LA_D_8364571,14.255291938781738,14.255291938781738,ok
LA_D_8364730,8.658234596252441,8.658234596252441,ok
LA_D_8364986,13.320799827575684,13.320799827575684,ok
LA_D_8365194,-14.797381401062012,-14.797381401062012,ok
LA_D_8365489,10.584914207458496,10.584914207458496,ok
LA_D_8366444,15.431108474731445,15.431108474731445,ok
LA_D_8366884,14.915671348571777,14.915671348571777,ok
LA_D_8367470,11.99585247039795,11.99585247039795,ok
LA_D_8367768,15.931406021118164,15.931406021118164,ok
LA_D_8367777,10.769713401794434,10.769713401794434,ok
LA_D_8367897,14.051653861999512,14.051653861999512,ok
LA_D_8367907,17.027753829956055,17.027753829956055,ok
LA_D_8368027,12.7579984664917,12.7579984664917,ok
LA_D_8371178,-13.809895515441895,-13.809895515441895,ok
LA_D_8371769,14.462885856628418,14.462885856628418,ok
LA_D_8372141,20.054723739624023,20.054723739624023,ok
LA_D_8372696,15.289200782775879,15.289200782775879,ok
LA_D_8373517,17.050283432006836,17.050283432006836,ok
LA_D_8373522,16.17402458190918,16.17402458190918,ok
LA_D_8374831,14.033768653869629,14.033768653869629,ok
LA_D_8374952,18.31096076965332,18.31096076965332,ok
LA_D_8375726,10.415133476257324,10.415133476257324,ok
LA_D_8376156,17.466535568237305,17.466535568237305,ok
LA_D_8376351,14.388596534729004,14.388596534729004,ok
LA_D_8377469,12.286709785461426,12.286709785461426,ok
LA_D_8377834,11.841137886047363,11.841137886047363,ok
LA_D_8377841,9.026023864746094,9.026023864746094,ok
LA_D_8378530,13.896718978881836,13.896718978881836,ok
LA_D_8379770,7.990961074829102,7.990961074829102,ok
LA_D_8380344,14.767838478088379,14.767838478088379,ok
LA_D_8380959,12.939555168151855,12.939555168151855,ok
LA_D_8381871,12.484408378601074,12.484408378601074,ok
LA_D_8382417,14.387362480163574,14.387362480163574,ok
LA_D_8383254,11.095001220703125,11.095001220703125,ok
LA_D_8384015,9.251748085021973,9.251748085021973,ok
LA_D_8386102,12.14551067352295,12.14551067352295,ok
LA_D_8388061,12.53342056274414,12.53342056274414,ok
LA_D_8389167,15.489483833312988,15.489483833312988,ok
LA_D_8391101,15.74790096282959,15.74790096282959,ok
LA_D_8392731,13.686604499816895,13.686604499816895,ok
LA_D_8394417,-13.97967529296875,-13.97967529296875,ok
LA_D_8395121,15.073890686035156,15.073890686035156,ok
LA_D_8397551,-15.146146774291992,-15.146146774291992,ok
LA_D_8398091,13.016249656677246,13.016249656677246,ok
LA_D_8400810,14.794240951538086,14.794240951538086,ok
LA_D_8400994,12.678204536437988,12.678204536437988,ok
LA_D_8404295,10.680630683898926,10.680630683898926,ok
LA_D_8406853,18.619003295898438,18.619003295898438,ok
LA_D_8407147,14.79114818572998,14.79114818572998,ok
LA_D_8407252,14.191994667053223,14.191994667053223,ok
LA_D_8407555,17.446741104125977,17.446741104125977,ok
LA_D_8408532,13.839489936828613,13.839489936828613,ok
LA_D_8408912,15.096266746520996,15.096266746520996,ok
LA_D_8411616,11.944781303405762,11.944781303405762,ok
LA_D_8412208,10.617935180664062,10.617935180664062,ok
LA_D_8412543,14.503066062927246,14.503066062927246,ok
LA_D_8413012,13.56104564666748,13.56104564666748,ok
LA_D_8413105,-16.38636589050293,-16.38636589050293,ok
LA_D_8417277,14.014677047729492,14.014677047729492,ok
LA_D_8417993,18.33225440979004,18.33225440979004,ok
LA_D_8418152,15.208847045898438,15.208847045898438,ok
LA_D_8418326,18.14969825744629,18.14969825744629,ok
LA_D_8418660,17.258581161499023,17.258581161499023,ok
LA_D_8420931,18.45867347717285,18.45867347717285,ok
LA_D_8423289,8.197253227233887,8.197253227233887,ok
LA_D_8424157,12.549145698547363,12.549145698547363,ok
LA_D_8425884,19.10804557800293,19.10804557800293,ok
LA_D_8426461,-14.581703186035156,-14.581703186035156,ok
LA_D_8426999,22.884105682373047,22.884105682373047,ok
LA_D_8427353,19.049665451049805,19.049665451049805,ok
LA_D_8428519,15.828653335571289,15.828653335571289,ok
LA_D_8429218,12.946510314941406,12.946510314941406,ok
LA_D_8429648,15.470855712890625,15.470855712890625,ok
LA_D_8429827,-13.61305046081543,-13.61305046081543,ok
LA_D_8431362,11.405837059020996,11.405837059020996,ok
LA_D_8432686,12.634629249572754,12.634629249572754,ok
LA_D_8433898,-15.708821296691895,-15.708821296691895,ok
LA_D_8434044,17.385690689086914,17.385690689086914,ok
LA_D_8434051,9.257036209106445,9.257036209106445,ok
LA_D_8435642,13.438750267028809,13.438750267028809,ok
LA_D_8436519,9.507967948913574,9.507967948913574,ok
LA_D_8437828,13.655670166015625,13.655670166015625,ok
LA_D_8438420,13.862576484680176,13.862576484680176,ok
LA_D_8438549,13.74743938446045,13.74743938446045,ok
LA_D_8439511,12.54189395904541,12.54189395904541,ok
LA_D_8440240,16.80996322631836,16.80996322631836,ok
LA_D_8440843,-8.795671463012695,-8.795671463012695,ok
LA_D_8441069,10.546748161315918,10.546748161315918,ok
LA_D_8441935,14.80817985534668,14.80817985534668,ok
LA_D_8442443,15.242409706115723,15.242409706115723,ok
LA_D_8445701,11.355156898498535,11.355156898498535,ok
LA_D_8445966,13.96926212310791,13.96926212310791,ok
LA_D_8446758,17.204328536987305,17.204328536987305,ok
LA_D_8447480,11.935011863708496,11.935011863708496,ok
LA_D_8447703,11.669793128967285,11.669793128967285,ok
LA_D_8450248,17.851118087768555,17.851118087768555,ok
LA_D_8450378,19.3090763092041,19.3090763092041,ok
LA_D_8450426,14.758118629455566,14.758118629455566,ok
LA_D_8450502,14.379429817199707,14.379429817199707,ok
LA_D_8450719,18.48439598083496,18.48439598083496,ok
LA_D_8452415,14.468464851379395,14.468464851379395,ok
LA_D_8453487,15.983759880065918,15.983759880065918,ok
LA_D_8453540,9.7850980758667,9.7850980758667,ok
LA_D_8454223,14.729127883911133,14.729127883911133,ok
LA_D_8454906,10.908220291137695,10.908220291137695,ok
LA_D_8455214,16.05787467956543,16.05787467956543,ok
LA_D_8456039,11.467310905456543,11.467310905456543,ok
LA_D_8456544,10.071537971496582,10.071537971496582,ok
LA_D_8457237,11.876424789428711,11.876424789428711,ok
LA_D_8457325,-12.448643684387207,-12.448643684387207,ok
LA_D_8458426,12.388055801391602,12.388055801391602,ok
LA_D_8459341,15.196450233459473,15.196450233459473,ok
LA_D_8461185,13.489296913146973,13.489296913146973,ok
LA_D_8461526,8.31779956817627,8.31779956817627,ok
LA_D_8461949,-5.01912260055542,-5.01912260055542,ok
LA_D_8463046,14.030171394348145,14.030171394348145,ok
LA_D_8463562,13.443194389343262,13.443194389343262,ok
LA_D_8464147,21.18279266357422,21.18279266357422,ok
LA_D_8464223,12.73470401763916,12.73470401763916,ok
LA_D_8465207,18.473127365112305,18.473127365112305,ok
LA_D_8465272,13.995606422424316,13.995606422424316,ok
LA_D_8465947,12.652549743652344,12.652549743652344,ok
LA_D_8467187,10.50925064086914,10.50925064086914,ok
LA_D_8467523,14.126450538635254,14.126450538635254,ok
LA_D_8467738,11.63247013092041,11.63247013092041,ok
LA_D_8467991,11.431647300720215,11.431647300720215,ok
LA_D_8468180,15.262923240661621,15.262923240661621,ok
LA_D_8468186,17.58110237121582,17.58110237121582,ok
LA_D_8468652,13.443737983703613,13.443737983703613,ok
LA_D_8470242,13.964346885681152,13.964346885681152,ok
LA_D_8470269,13.777935981750488,13.777935981750488,ok
LA_D_8471747,14.367989540100098,14.367989540100098,ok
LA_D_8472714,16.3594970703125,16.3594970703125,ok
LA_D_8473267,-12.202869415283203,-12.202869415283203,ok
LA_D_8473774,13.527915000915527,13.527915000915527,ok
LA_D_8473995,15.45253849029541,15.45253849029541,ok
LA_D_8474115,16.77547836303711,16.77547836303711,ok
LA_D_8476350,12.66992473602295,12.66992473602295,ok
LA_D_8478346,16.357873916625977,16.357873916625977,ok
LA_D_8479165,18.00702476501465,18.00702476501465,ok
LA_D_8479815,18.00421714782715,18.00421714782715,ok
LA_D_8480078,10.168862342834473,10.168862342834473,ok
LA_D_8480524,13.092202186584473,13.092202186584473,ok
LA_D_8481340,11.195114135742188,11.195114135742188,ok
LA_D_8481565,15.795443534851074,15.795443534851074,ok
LA_D_8481884,15.556289672851562,15.556289672851562,ok
LA_D_8482059,9.562195777893066,9.562195777893066,ok
LA_D_8482703,5.037807941436768,5.037807941436768,ok
LA_D_8482937,16.25892448425293,16.25892448425293,ok
LA_D_8483290,13.018302917480469,13.018302917480469,ok
LA_D_8483715,16.536880493164062,16.536880493164062,ok
LA_D_8484861,14.939474105834961,14.939474105834961,ok
LA_D_8485138,12.654393196105957,12.654393196105957,ok
LA_D_8486261,12.160067558288574,12.160067558288574,ok
LA_D_8486455,11.092105865478516,11.092105865478516,ok
LA_D_8487209,9.904213905334473,9.904213905334473,ok
LA_D_8488988,15.396662712097168,15.396662712097168,ok
LA_D_8489512,-9.906876564025879,-9.906876564025879,ok
LA_D_8491201,14.18822956085205,14.18822956085205,ok
LA_D_8491532,15.957281112670898,15.957281112670898,ok
LA_D_8492975,8.441771507263184,8.441771507263184,ok
LA_D_8493833,14.088767051696777,14.088767051696777,ok
LA_D_8494207,14.623875617980957,14.623875617980957,ok
LA_D_8494760,-10.286602973937988,-10.286602973937988,ok
LA_D_8495231,13.647002220153809,13.647002220153809,ok
LA_D_8496632,15.830911636352539,15.830911636352539,ok
LA_D_8497674,13.021294593811035,13.021294593811035,ok
LA_D_8498981,-13.2893705368042,-13.2893705368042,ok
LA_D_8499403,16.910184860229492,16.910184860229492,ok
LA_D_8499637,11.330219268798828,11.330219268798828,ok
LA_D_8500724,12.309136390686035,12.309136390686035,ok
LA_D_8501026,14.604355812072754,14.604355812072754,ok
LA_D_8501151,16.01182746887207,16.01182746887207,ok
LA_D_8503023,13.913692474365234,13.913692474365234,ok
LA_D_8503024,-11.185578346252441,-11.185578346252441,ok
LA_D_8504769,13.676680564880371,13.676680564880371,ok
LA_D_8504805,13.42624568939209,13.42624568939209,ok
LA_D_8505001,20.607608795166016,20.607608795166016,ok
LA_D_8505020,11.091769218444824,11.091769218444824,ok
LA_D_8507903,15.634886741638184,15.634886741638184,ok
LA_D_8508542,11.969149589538574,11.969149589538574,ok
LA_D_8509642,19.8546085357666,19.8546085357666,ok
LA_D_8509720,16.5538387298584,16.5538387298584,ok
LA_D_8510601,11.404854774475098,11.404854774475098,ok
LA_D_8511318,10.017474174499512,10.017474174499512,ok
LA_D_8511483,11.026083946228027,11.026083946228027,ok
LA_D_8511990,15.031190872192383,15.031190872192383,ok
LA_D_8512598,14.973332405090332,14.973332405090332,ok
LA_D_8514719,17.394851684570312,17.394851684570312,ok
LA_D_8514801,17.766305923461914,17.766305923461914,ok
LA_D_8515733,9.342799186706543,9.342799186706543,ok
LA_D_8516589,-9.132396697998047,-9.132396697998047,ok
LA_D_8516649,12.250737190246582,12.250737190246582,ok
LA_D_8519084,12.935379981994629,12.935379981994629,ok
LA_D_8519166,18.9129695892334,18.9129695892334,ok
LA_D_8519635,12.143407821655273,12.143407821655273,ok
LA_D_8520152,23.713401794433594,23.713401794433594,ok
LA_D_8520696,13.826355934143066,13.826355934143066,ok
LA_D_8521403,15.719705581665039,15.719705581665039,ok
LA_D_8522617,14.6807222366333,14.6807222366333,ok
LA_D_8522922,9.942809104919434,9.942809104919434,ok
LA_D_8523307,19.23756980895996,19.23756980895996,ok
LA_D_8524503,6.058098316192627,6.058098316192627,ok
LA_D_8524530,9.309839248657227,9.309839248657227,ok
LA_D_8524573,16.770830154418945,16.770830154418945,ok
LA_D_8524883,11.60810375213623,11.60810375213623,ok
LA_D_8524946,9.280867576599121,9.280867576599121,ok
LA_D_8524990,13.662127494812012,13.662127494812012,ok
LA_D_8525388,10.91696834564209,10.91696834564209,ok
LA_D_8527611,10.072219848632812,10.072219848632812,ok
LA_D_8528202,15.672481536865234,15.672481536865234,ok
LA_D_8529268,16.163549423217773,16.163549423217773,ok
LA_D_8529541,14.418062210083008,14.418062210083008,ok
LA_D_8530159,17.189878463745117,17.189878463745117,ok
LA_D_8530524,12.716094017028809,12.716094017028809,ok
LA_D_8530635,15.74201488494873,15.74201488494873,ok
LA_D_8531203,17.417381286621094,17.417381286621094,ok
LA_D_8533998,18.455129623413086,18.455129623413086,ok
LA_D_8534191,10.112847328186035,10.112847328186035,ok
LA_D_8534416,13.747211456298828,13.747211456298828,ok
LA_D_8534526,12.933965682983398,12.933965682983398,ok
LA_D_8535380,15.970649719238281,15.970649719238281,ok
LA_D_8536051,11.559488296508789,11.559488296508789,ok
LA_D_8537544,11.413233757019043,11.413233757019043,ok
LA_D_8537694,13.227639198303223,13.227639198303223,ok
LA_D_8538675,16.61115264892578,16.61115264892578,ok
LA_D_8539612,17.577726364135742,17.577726364135742,ok
LA_D_8539634,16.126981735229492,16.126981735229492,ok
LA_D_8539674,13.2276029586792,13.2276029586792,ok
LA_D_8540229,13.033818244934082,13.033818244934082,ok
LA_D_8540397,12.34444522857666,12.34444522857666,ok
LA_D_8540770,12.577606201171875,12.577606201171875,ok
LA_D_8541205,13.81160831451416,13.81160831451416,ok
LA_D_8542121,8.784184455871582,8.784184455871582,ok
LA_D_8543293,11.753364562988281,11.753364562988281,ok
LA_D_8543737,13.379849433898926,13.379849433898926,ok
LA_D_8543878,23.99861717224121,23.99861717224121,ok
LA_D_8544546,-4.617935657501221,-4.617935657501221,ok
LA_D_8544570,16.046836853027344,16.046836853027344,ok
LA_D_8544644,18.301023483276367,18.301023483276367,ok
LA_D_8545409,14.880478858947754,14.880478858947754,ok
LA_D_8545660,14.802321434020996,14.802321434020996,ok
LA_D_8546068,15.047602653503418,15.047602653503418,ok
LA_D_8546378,12.987797737121582,12.987797737121582,ok
LA_D_8546481,14.999856948852539,14.999856948852539,ok
LA_D_8546655,13.846701622009277,13.846701622009277,ok
LA_D_8548417,16.894041061401367,16.894041061401367,ok
LA_D_8549144,-12.985291481018066,-12.985291481018066,ok
LA_D_8549576,17.395530700683594,17.395530700683594,ok
LA_D_8549945,12.769073486328125,12.769073486328125,ok
LA_D_8550381,9.78754711151123,9.78754711151123,ok
LA_D_8552142,16.92352294921875,16.92352294921875,ok
LA_D_8552859,11.637480735778809,11.637480735778809,ok
LA_D_8553650,-13.711812019348145,-13.711812019348145,ok
LA_D_8555156,16.36721420288086,16.36721420288086,ok
LA_D_8555387,5.638772010803223,5.638772010803223,ok
LA_D_8555530,15.11417293548584,15.11417293548584,ok
LA_D_8556216,15.696016311645508,15.696016311645508,ok
LA_D_8557721,13.154632568359375,13.154632568359375,ok
LA_D_8558362,14.12253475189209,14.12253475189209,ok
LA_D_8558988,12.301168441772461,12.301168441772461,ok
LA_D_8559605,14.662569999694824,14.662569999694824,ok
LA_D_8560239,13.358296394348145,13.358296394348145,ok
LA_D_8560313,8.081506729125977,8.081506729125977,ok
LA_D_8561006,15.45163631439209,15.45163631439209,ok
LA_D_8561401,17.115095138549805,17.115095138549805,ok
LA_D_8561841,17.64967155456543,17.64967155456543,ok
LA_D_8562559,14.21275806427002,14.21275806427002,ok
LA_D_8563620,7.974337100982666,7.974337100982666,ok
LA_D_8565229,12.497231483459473,12.497231483459473,ok
LA_D_8565833,14.094799995422363,14.094799995422363,ok
LA_D_8567575,15.086686134338379,15.086686134338379,ok
LA_D_8568451,-13.846726417541504,-13.846726417541504,ok
LA_D_8568773,10.308642387390137,10.308642387390137,ok
LA_D_8569086,16.5493221282959,16.5493221282959,ok
LA_D_8569313,10.656855583190918,10.656855583190918,ok
LA_D_8572188,15.948403358459473,15.948403358459473,ok
LA_D_8572375,-15.548283576965332,-15.548283576965332,ok
LA_D_8573686,18.75368309020996,18.75368309020996,ok
LA_D_8573818,14.039052963256836,14.039052963256836,ok
LA_D_8575854,11.464402198791504,11.464402198791504,ok
LA_D_8576496,13.2423677444458,13.2423677444458,ok
LA_D_8576711,13.692670822143555,13.692670822143555,ok
LA_D_8576937,14.09050464630127,14.09050464630127,ok
LA_D_8577756,-15.151193618774414,-15.151193618774414,ok
LA_D_8578970,14.962713241577148,14.962713241577148,ok
LA_D_8582039,-3.02911376953125,-3.02911376953125,ok
LA_D_8582209,15.109084129333496,15.109084129333496,ok
LA_D_8582702,18.232807159423828,18.232807159423828,ok
LA_D_8582931,16.793838500976562,16.793838500976562,ok
LA_D_8583087,12.367447853088379,12.367447853088379,ok
LA_D_8584336,13.278183937072754,13.278183937072754,ok
LA_D_8584532,13.617146492004395,13.617146492004395,ok
LA_D_8586128,12.144062995910645,12.144062995910645,ok
LA_D_8586602,15.433902740478516,15.433902740478516,ok
LA_D_8587705,11.996466636657715,11.996466636657715,ok
LA_D_8588899,15.913969993591309,15.913969993591309,ok
LA_D_8590984,21.26934242248535,21.26934242248535,ok
LA_D_8591429,-11.428435325622559,-11.428435325622559,ok
LA_D_8591446,12.414685249328613,12.414685249328613,ok
LA_D_8591522,16.06585693359375,16.06585693359375,ok
LA_D_8592787,11.80942440032959,11.80942440032959,ok
LA_D_8593631,20.100496292114258,20.100496292114258,ok
LA_D_8593660,14.596674919128418,14.596674919128418,ok
LA_D_8593699,14.649617195129395,14.649617195129395,ok
LA_D_8594051,-15.699262619018555,-15.699262619018555,ok
LA_D_8594091,12.317544937133789,12.317544937133789,ok
LA_D_8594594,7.270028591156006,7.270028591156006,ok
LA_D_8594927,13.867830276489258,13.867830276489258,ok
LA_D_8595379,10.87429141998291,10.87429141998291,ok
LA_D_8595477,14.843453407287598,14.843453407287598,ok
LA_D_8595493,17.97023582458496,17.97023582458496,ok
LA_D_8595981,11.466647148132324,11.466647148132324,ok
LA_D_8596240,-14.053380966186523,-14.053380966186523,ok
LA_D_8596396,15.439416885375977,15.439416885375977,ok
LA_D_8599184,12.86428165435791,12.86428165435791,ok
LA_D_8600039,-14.97529125213623,-14.97529125213623,ok
LA_D_8601811,19.63673210144043,19.63673210144043,ok
LA_D_8604395,13.62110424041748,13.62110424041748,ok
LA_D_8604643,14.105435371398926,14.105435371398926,ok
LA_D_8605221,12.08859920501709,12.08859920501709,ok
LA_D_8605887,12.133559226989746,12.133559226989746,ok
LA_D_8605975,17.024518966674805,17.024518966674805,ok
LA_D_8606381,13.218149185180664,13.218149185180664,ok
LA_D_8607094,15.781428337097168,15.781428337097168,ok
LA_D_8608217,15.19463062286377,15.19463062286377,ok
LA_D_8609217,16.7528018951416,16.7528018951416,ok
LA_D_8609765,12.021315574645996,12.021315574645996,ok
LA_D_8610307,12.58885669708252,12.58885669708252,ok
LA_D_8610426,1.8887485265731812,1.8887485265731812,ok
LA_D_8611140,8.363654136657715,8.363654136657715,ok
LA_D_8611156,15.23913860321045,15.23913860321045,ok
LA_D_8612035,16.19876480102539,16.19876480102539,ok
LA_D_8612905,16.437288284301758,16.437288284301758,ok
LA_D_8613483,10.747967720031738,10.747967720031738,ok
LA_D_8614682,17.148141860961914,17.148141860961914,ok
LA_D_8614773,4.96851110458374,4.96851110458374,ok
LA_D_8617115,17.05425453186035,17.05425453186035,ok
LA_D_8617247,15.332928657531738,15.332928657531738,ok
LA_D_8618689,11.742395401000977,11.742395401000977,ok
LA_D_8619253,13.854047775268555,13.854047775268555,ok
LA_D_8619260,15.615200996398926,15.615200996398926,ok
LA_D_8620622,-9.79116439819336,-9.79116439819336,ok
LA_D_8621322,-12.030303001403809,-12.030303001403809,ok
LA_D_8622815,14.890043258666992,14.890043258666992,ok
LA_D_8623253,13.192131996154785,13.192131996154785,ok
LA_D_8623607,-14.29518985748291,-14.29518985748291,ok
LA_D_8624407,14.624417304992676,14.624417304992676,ok
LA_D_8624575,9.957613945007324,9.957613945007324,ok
LA_D_8628343,19.782400131225586,19.782400131225586,ok
LA_D_8628678,16.76300621032715,16.76300621032715,ok
LA_D_8629864,5.427018642425537,5.427018642425537,ok
LA_D_8629908,8.89537525177002,8.89537525177002,ok
LA_D_8630262,15.375658988952637,15.375658988952637,ok
LA_D_8630312,3.7760419845581055,3.7760419845581055,ok
LA_D_8630528,14.12302303314209,14.12302303314209,ok
LA_D_8630942,18.99689292907715,18.99689292907715,ok
LA_D_8631402,17.030759811401367,17.030759811401367,ok
LA_D_8632099,14.745431900024414,14.745431900024414,ok
LA_D_8632409,18.26899528503418,18.26899528503418,ok
LA_D_8634956,5.46703577041626,5.46703577041626,ok
LA_D_8635185,12.43019962310791,12.43019962310791,ok
LA_D_8636461,7.5290303230285645,7.5290303230285645,ok
LA_D_8637140,14.034651756286621,14.034651756286621,ok
LA_D_8637288,-14.482918739318848,-14.482918739318848,ok
LA_D_8638488,12.933440208435059,12.933440208435059,ok
LA_D_8638660,13.698419570922852,13.698419570922852,ok
LA_D_8640715,14.655343055725098,14.655343055725098,ok
LA_D_8641456,10.889280319213867,10.889280319213867,ok
LA_D_8641916,8.799851417541504,8.799851417541504,ok
LA_D_8644251,15.528809547424316,15.528809547424316,ok
LA_D_8646520,8.811591148376465,8.811591148376465,ok
LA_D_8646930,18.269380569458008,18.269380569458008,ok
LA_D_8647491,14.096292495727539,14.096292495727539,ok
LA_D_8648680,18.127201080322266,18.127201080322266,ok
LA_D_8648848,10.246914863586426,10.246914863586426,ok
LA_D_8649631,15.334819793701172,15.334819793701172,ok
LA_D_8651248,13.793182373046875,13.793182373046875,ok
LA_D_8652135,17.102163314819336,17.102163314819336,ok
LA_D_8653066,15.733170509338379,15.733170509338379,ok
LA_D_8653096,15.410584449768066,15.410584449768066,ok
LA_D_8653522,13.230062484741211,13.230062484741211,ok
LA_D_8653634,14.657177925109863,14.657177925109863,ok
LA_D_8653799,15.092024803161621,15.092024803161621,ok
LA_D_8655169,12.985543251037598,12.985543251037598,ok
LA_D_8655268,12.015259742736816,12.015259742736816,ok
LA_D_8655539,22.092241287231445,22.092241287231445,ok
LA_D_8655642,16.369647979736328,16.369647979736328,ok
LA_D_8656237,18.863706588745117,18.863706588745117,ok
LA_D_8656739,16.397144317626953,16.397144317626953,ok
LA_D_8657095,14.21817684173584,14.21817684173584,ok
LA_D_8657393,16.24381446838379,16.24381446838379,ok
LA_D_8658531,14.097691535949707,14.097691535949707,ok
LA_D_8659185,15.197108268737793,15.197108268737793,ok
LA_D_8659693,9.89442253112793,9.89442253112793,ok
LA_D_8660630,13.396662712097168,13.396662712097168,ok
LA_D_8661283,14.542206764221191,14.542206764221191,ok
LA_D_8663431,15.055134773254395,15.055134773254395,ok
LA_D_8663831,17.71291732788086,17.71291732788086,ok
LA_D_8664408,13.688374519348145,13.688374519348145,ok
LA_D_8665250,17.053232192993164,17.053232192993164,ok
LA_D_8666902,15.24882984161377,15.24882984161377,ok
LA_D_8667202,14.190853118896484,14.190853118896484,ok
LA_D_8667287,15.62396240234375,15.62396240234375,ok
LA_D_8667308,12.995732307434082,12.995732307434082,ok
LA_D_8668147,13.374741554260254,13.374741554260254,ok
LA_D_8669407,17.65799331665039,17.65799331665039,ok
LA_D_8670754,18.4986572265625,18.4986572265625,ok
LA_D_8671896,-10.257548332214355,-10.257548332214355,ok
LA_D_8672392,14.139580726623535,14.139580726623535,ok
LA_D_8672684,-7.225488185882568,-7.225488185882568,ok
LA_D_8672699,4.7352142333984375,4.7352142333984375,ok
LA_D_8674026,7.452332973480225,7.452332973480225,ok
LA_D_8674039,15.255452156066895,15.255452156066895,ok
LA_D_8674678,18.2797908782959,18.2797908782959,ok
LA_D_8675337,13.074167251586914,13.074167251586914,ok
LA_D_8675351,14.385071754455566,14.385071754455566,ok
LA_D_8675909,18.69795036315918,18.69795036315918,ok
LA_D_8676372,20.453166961669922,20.453166961669922,ok
LA_D_8676464,11.751504898071289,11.751504898071289,ok
LA_D_8677181,13.613109588623047,13.613109588623047,ok
LA_D_8678171,11.703871726989746,11.703871726989746,ok
LA_D_8678189,15.123428344726562,15.123428344726562,ok
LA_D_8678410,18.002071380615234,18.002071380615234,ok
LA_D_8678708,7.843110084533691,7.843110084533691,ok
LA_D_8679609,17.485780715942383,17.485780715942383,ok
LA_D_8679905,-8.892547607421875,-8.892547607421875,ok
LA_D_8680505,10.505749702453613,10.505749702453613,ok
LA_D_8682135,9.681010246276855,9.681010246276855,ok
LA_D_8682238,13.127655029296875,13.127655029296875,ok
LA_D_8682472,16.16029930114746,16.16029930114746,ok
LA_D_8683301,17.12256622314453,17.12256622314453,ok
LA_D_8683829,17.274518966674805,17.274518966674805,ok
LA_D_8684186,16.356229782104492,16.356229782104492,ok
LA_D_8686775,9.14710521697998,9.14710521697998,ok
LA_D_8686912,9.63158893585205,9.63158893585205,ok
LA_D_8689278,13.947579383850098,13.947579383850098,ok
LA_D_8689583,14.650606155395508,14.650606155395508,ok
LA_D_8690110,16.043455123901367,16.043455123901367,ok
LA_D_8691113,15.154532432556152,15.154532432556152,ok
LA_D_8692089,15.911903381347656,15.911903381347656,ok
LA_D_8692948,-14.690070152282715,-14.690070152282715,ok
LA_D_8693010,14.911809921264648,14.911809921264648,ok
LA_D_8693204,18.59917640686035,18.59917640686035,ok
LA_D_8693858,15.986737251281738,15.986737251281738,ok
LA_D_8696046,-13.428704261779785,-13.428704261779785,ok
LA_D_8696545,13.441333770751953,13.441333770751953,ok
LA_D_8697162,13.96717357635498,13.96717357635498,ok
LA_D_8697996,-14.129528999328613,-14.129528999328613,ok
LA_D_8698219,12.462946891784668,12.462946891784668,ok
LA_D_8699272,14.502310752868652,14.502310752868652,ok
LA_D_8700986,7.587106704711914,7.587106704711914,ok
LA_D_8701190,16.0771541595459,16.0771541595459,ok
LA_D_8702097,14.89970874786377,14.89970874786377,ok
LA_D_8702563,9.316701889038086,9.316701889038086,ok
LA_D_8704593,14.968095779418945,14.968095779418945,ok
LA_D_8704675,16.626880645751953,16.626880645751953,ok
LA_D_8704829,17.394245147705078,17.394245147705078,ok
LA_D_8705688,15.839555740356445,15.839555740356445,ok
LA_D_8705922,-15.035822868347168,-15.035822868347168,ok
LA_D_8708656,14.249588966369629,14.249588966369629,ok
LA_D_8708922,22.194839477539062,22.194839477539062,ok
LA_D_8710691,14.349469184875488,14.349469184875488,ok
LA_D_8711337,15.797966003417969,15.797966003417969,ok
LA_D_8712202,13.799426078796387,13.799426078796387,ok
LA_D_8712827,12.222487449645996,12.222487449645996,ok
LA_D_8713797,16.41261100769043,16.41261100769043,ok
LA_D_8713999,14.637330055236816,14.637330055236816,ok
LA_D_8715195,12.477057456970215,12.477057456970215,ok
LA_D_8715386,15.474342346191406,15.474342346191406,ok
LA_D_8715868,-11.901169776916504,-11.901169776916504,ok
LA_D_8716948,13.816128730773926,13.816128730773926,ok
LA_D_8718165,17.97598648071289,17.97598648071289,ok
LA_D_8718179,17.513525009155273,17.513525009155273,ok
LA_D_8718669,15.82088565826416,15.82088565826416,ok
LA_D_8719230,13.7628173828125,13.7628173828125,ok
LA_D_8719759,13.019852638244629,13.019852638244629,ok
LA_D_8720226,19.06610870361328,19.06610870361328,ok
LA_D_8720385,13.187241554260254,13.187241554260254,ok
LA_D_8721312,10.862915992736816,10.862915992736816,ok
LA_D_8723456,16.25873374938965,16.25873374938965,ok
LA_D_8723788,12.132064819335938,12.132064819335938,ok
LA_D_8724279,14.472448348999023,14.472448348999023,ok
LA_D_8724573,15.24569320678711,15.24569320678711,ok
LA_D_8724597,14.48715591430664,14.48715591430664,ok
LA_D_8724645,15.760371208190918,15.760371208190918,ok
LA_D_8726013,10.961308479309082,10.961308479309082,ok
LA_D_8726741,11.112574577331543,11.112574577331543,ok
LA_D_8726806,16.51772117614746,16.51772117614746,ok
LA_D_8728321,14.670159339904785,14.670159339904785,ok
LA_D_8728415,15.684694290161133,15.684694290161133,ok
LA_D_8728622,12.09885311126709,12.09885311126709,ok
LA_D_8729192,13.695429801940918,13.695429801940918,ok
LA_D_8729734,14.497773170471191,14.497773170471191,ok
LA_D_8729758,-13.309388160705566,-13.309388160705566,ok
LA_D_8732000,15.797492980957031,15.797492980957031,ok
LA_D_8732956,14.991424560546875,14.991424560546875,ok
LA_D_8733004,14.256803512573242,14.256803512573242,ok
LA_D_8733315,10.478325843811035,10.478325843811035,ok
LA_D_8735190,18.86376190185547,18.86376190185547,ok
LA_D_8735979,15.187714576721191,15.187714576721191,ok
LA_D_8736080,14.836161613464355,14.836161613464355,ok
LA_D_8736114,11.049647331237793,11.049647331237793,ok
LA_D_8736560,15.280816078186035,15.280816078186035,ok
LA_D_8736662,17.185575485229492,17.185575485229492,ok
LA_D_8737458,13.74488353729248,13.74488353729248,ok
LA_D_8737709,11.152894020080566,11.152894020080566,ok
LA_D_8738176,16.156021118164062,16.156021118164062,ok
LA_D_8739986,13.088288307189941,13.088288307189941,ok
LA_D_8742351,13.506609916687012,13.506609916687012,ok
LA_D_8743472,14.14834976196289,14.14834976196289,ok
LA_D_8744543,16.336103439331055,16.336103439331055,ok
LA_D_8745130,-13.809344291687012,-13.809344291687012,ok
LA_D_8745732,13.2157621383667,13.2157621383667,ok
LA_D_8747095,12.12588882446289,12.12588882446289,ok
LA_D_8749378,-11.942927360534668,-11.942927360534668,ok
LA_D_8749920,13.102262496948242,13.102262496948242,ok
LA_D_8750902,10.670978546142578,10.670978546142578,ok
LA_D_8752359,10.68121337890625,10.68121337890625,ok
LA_D_8752569,13.567387580871582,13.567387580871582,ok
LA_D_8753292,19.2413387298584,19.2413387298584,ok
LA_D_8753814,11.878103256225586,11.878103256225586,ok
LA_D_8754324,10.5606689453125,10.5606689453125,ok
LA_D_8754795,15.405985832214355,15.405985832214355,ok
LA_D_8755311,2.055870532989502,2.055870532989502,ok
LA_D_8756797,17.67561149597168,17.67561149597168,ok
LA_D_8756941,9.637848854064941,9.637848854064941,ok
LA_D_8758676,16.4661808013916,16.4661808013916,ok
LA_D_8758724,12.143762588500977,12.143762588500977,ok
LA_D_8759407,-14.358160972595215,-14.358160972595215,ok
LA_D_8759603,7.295673370361328,7.295673370361328,ok
LA_D_8759658,11.187596321105957,11.187596321105957,ok
LA_D_8762609,15.770445823669434,15.770445823669434,ok
LA_D_8763399,12.2940092086792,12.2940092086792,ok
LA_D_8763624,15.742842674255371,15.742842674255371,ok
LA_D_8763928,11.157065391540527,11.157065391540527,ok
LA_D_8763956,12.220895767211914,12.220895767211914,ok
LA_D_8764151,9.795878410339355,9.795878410339355,ok
LA_D_8764534,16.422908782958984,16.422908782958984,ok
LA_D_8764848,13.87042236328125,13.87042236328125,ok
LA_D_8765013,15.350334167480469,15.350334167480469,ok
LA_D_8765813,10.447070121765137,10.447070121765137,ok
LA_D_8765991,-15.179207801818848,-15.179207801818848,ok
LA_D_8766017,10.075193405151367,10.075193405151367,ok
LA_D_8766024,13.340624809265137,13.340624809265137,ok
LA_D_8767583,-12.685269355773926,-12.685269355773926,ok
LA_D_8767671,-13.793991088867188,-13.793991088867188,ok
LA_D_8769232,11.555464744567871,11.555464744567871,ok
LA_D_8770785,16.756488800048828,16.756488800048828,ok
LA_D_8770826,18.729881286621094,18.729881286621094,ok
LA_D_8771564,15.404376029968262,15.404376029968262,ok
LA_D_8772966,14.637560844421387,14.637560844421387,ok
LA_D_8773029,-11.191847801208496,-11.191847801208496,ok
LA_D_8773329,-14.045267105102539,-14.045267105102539,ok
LA_D_8773895,12.808079719543457,12.808079719543457,ok
LA_D_8775447,11.409781455993652,11.409781455993652,ok
LA_D_8779034,13.322660446166992,13.322660446166992,ok
LA_D_8780503,11.678400993347168,11.678400993347168,ok
LA_D_8780884,13.198686599731445,13.198686599731445,ok
LA_D_8781931,15.170434951782227,15.170434951782227,ok
LA_D_8783109,14.035133361816406,14.035133361816406,ok
LA_D_8783507,11.901043891906738,11.901043891906738,ok
LA_D_8787336,13.748604774475098,13.748604774475098,ok
LA_D_8788079,16.1157169342041,16.1157169342041,ok
LA_D_8788142,8.15149211883545,8.15149211883545,ok
LA_D_8788165,14.34288215637207,14.34288215637207,ok
LA_D_8788522,15.3256254196167,15.3256254196167,ok
LA_D_8789190,15.400467872619629,15.400467872619629,ok
LA_D_8790703,13.455025672912598,13.455025672912598,ok
LA_D_8791163,4.247067451477051,4.247067451477051,ok
LA_D_8791416,11.560076713562012,11.560076713562012,ok
LA_D_8791449,12.255773544311523,12.255773544311523,ok
LA_D_8792267,12.505982398986816,12.505982398986816,ok
LA_D_8792663,15.305562973022461,15.305562973022461,ok
LA_D_8794217,7.1051788330078125,7.1051788330078125,ok
LA_D_8795367,13.639836311340332,13.639836311340332,ok
LA_D_8795592,13.633914947509766,13.633914947509766,ok
LA_D_8796891,12.4331636428833,12.4331636428833,ok
LA_D_8798580,16.22418785095215,16.22418785095215,ok
LA_D_8798927,15.166977882385254,15.166977882385254,ok
LA_D_8800120,16.731203079223633,16.731203079223633,ok
LA_D_8800518,12.944662094116211,12.944662094116211,ok
LA_D_8801530,9.60897159576416,9.60897159576416,ok
LA_D_8801720,13.127335548400879,13.127335548400879,ok
LA_D_8804146,15.404936790466309,15.404936790466309,ok
LA_D_8805955,13.76305866241455,13.76305866241455,ok
LA_D_8806017,-13.133599281311035,-13.133599281311035,ok
LA_D_8808510,14.522007942199707,14.522007942199707,ok
LA_D_8808516,13.10229778289795,13.10229778289795,ok
LA_D_8808929,15.493996620178223,15.493996620178223,ok
LA_D_8808969,16.923980712890625,16.923980712890625,ok
LA_D_8809106,15.178986549377441,15.178986549377441,ok
LA_D_8811306,16.273799896240234,16.273799896240234,ok
LA_D_8811548,12.02248477935791,12.02248477935791,ok
LA_D_8811694,13.215795516967773,13.215795516967773,ok
LA_D_8812811,10.964224815368652,10.964224815368652,ok
LA_D_8813745,11.73219108581543,11.73219108581543,ok
LA_D_8814451,13.455218315124512,13.455218315124512,ok
LA_D_8814488,-13.81985855102539,-13.81985855102539,ok
LA_D_8815079,15.045661926269531,15.045661926269531,ok
LA_D_8815720,13.56269645690918,13.56269645690918,ok
LA_D_8816193,16.039138793945312,16.039138793945312,ok
LA_D_8816902,13.598580360412598,13.598580360412598,ok
LA_D_8817691,11.286369323730469,11.286369323730469,ok
LA_D_8818969,18.40559959411621,18.40559959411621,ok
LA_D_8820030,15.767396926879883,15.767396926879883,ok
LA_D_8820413,15.083300590515137,15.083300590515137,ok
LA_D_8821044,11.908036231994629,11.908036231994629,ok
LA_D_8821382,11.41256046295166,11.41256046295166,ok
LA_D_8824981,13.914653778076172,13.914653778076172,ok
LA_D_8825208,10.7598237991333,10.7598237991333,ok
LA_D_8826150,15.178875923156738,15.178875923156738,ok
LA_D_8826258,9.439895629882812,9.439895629882812,ok
LA_D_8827374,14.404563903808594,14.404563903808594,ok
LA_D_8829199,13.3881254196167,13.3881254196167,ok
LA_D_8829502,16.698301315307617,16.698301315307617,ok
LA_D_8829832,14.50866985321045,14.50866985321045,ok
LA_D_8830433,12.456733703613281,12.456733703613281,ok
LA_D_8830828,-9.114362716674805,-9.114362716674805,ok
LA_D_8831382,14.099093437194824,14.099093437194824,ok
LA_D_8832311,14.915507316589355,14.915507316589355,ok
LA_D_8832584,13.590989112854004,13.590989112854004,ok
LA_D_8832719,16.012908935546875,16.012908935546875,ok
LA_D_8833531,16.142187118530273,16.142187118530273,ok
LA_D_8833581,18.09148597717285,18.09148597717285,ok
LA_D_8833920,11.808133125305176,11.808133125305176,ok
LA_D_8833933,6.497036933898926,6.497036933898926,ok
LA_D_8836257,-12.69472599029541,-12.69472599029541,ok
LA_D_8838589,15.826774597167969,15.826774597167969,ok
LA_D_8840072,20.384933471679688,20.384933471679688,ok
LA_D_8840275,13.105122566223145,13.105122566223145,ok
LA_D_8841412,17.161773681640625,17.161773681640625,ok
LA_D_8842630,16.479578018188477,16.479578018188477,ok
LA_D_8842633,13.595136642456055,13.595136642456055,ok
LA_D_8844357,-15.293519020080566,-15.293519020080566,ok
LA_D_8844443,14.588598251342773,14.588598251342773,ok
LA_D_8845360,13.154955863952637,13.154955863952637,ok
LA_D_8846056,9.257519721984863,9.257519721984863,ok
LA_D_8846893,19.2921199798584,19.2921199798584,ok
LA_D_8847601,14.905535697937012,14.905535697937012,ok
LA_D_8848529,13.715478897094727,13.715478897094727,ok
LA_D_8849846,17.474897384643555,17.474897384643555,ok
LA_D_8850840,14.164291381835938,14.164291381835938,ok
LA_D_8850937,14.000260353088379,14.000260353088379,ok
LA_D_8851647,13.679608345031738,13.679608345031738,ok
LA_D_8852103,16.03806495666504,16.03806495666504,ok
LA_D_8852535,18.05401611328125,18.05401611328125,ok
LA_D_8852748,17.46157455444336,17.46157455444336,ok
LA_D_8853078,14.990703582763672,14.990703582763672,ok
LA_D_8858217,9.445390701293945,9.445390701293945,ok
LA_D_8861570,11.520349502563477,11.520349502563477,ok
LA_D_8861762,15.480467796325684,15.480467796325684,ok
LA_D_8862440,20.886178970336914,20.886178970336914,ok
LA_D_8862614,16.168970108032227,16.168970108032227,ok
LA_D_8863380,-12.112698554992676,-12.112698554992676,ok
LA_D_8863596,11.393927574157715,11.393927574157715,ok
LA_D_8864927,11.667624473571777,11.667624473571777,ok
LA_D_8865823,13.319252014160156,13.319252014160156,ok
LA_D_8866287,7.429142475128174,7.429142475128174,ok
LA_D_8866986,14.03207778930664,14.03207778930664,ok
LA_D_8867068,13.367548942565918,13.367548942565918,ok
LA_D_8868121,12.404301643371582,12.404301643371582,ok
LA_D_8868214,12.83229923248291,12.83229923248291,ok
LA_D_8868497,11.143453598022461,11.143453598022461,ok
LA_D_8869402,15.528596878051758,15.528596878051758,ok
LA_D_8870358,20.301198959350586,20.301198959350586,ok
LA_D_8870403,17.138208389282227,17.138208389282227,ok
LA_D_8870926,9.811553001403809,9.811553001403809,ok
LA_D_8871382,12.682311058044434,12.682311058044434,ok
LA_D_8871469,14.43719482421875,14.43719482421875,ok
LA_D_8871612,10.010753631591797,10.010753631591797,ok
LA_D_8871719,15.894354820251465,15.894354820251465,ok
LA_D_8873375,16.497583389282227,16.497583389282227,ok
LA_D_8874300,12.117475509643555,12.117475509643555,ok
LA_D_8875562,13.006003379821777,13.006003379821777,ok
LA_D_8875680,7.527108192443848,7.527108192443848,ok
LA_D_8875770,13.059208869934082,13.059208869934082,ok
LA_D_8875774,11.680028915405273,11.680028915405273,ok
LA_D_8875939,18.220659255981445,18.220659255981445,ok
LA_D_8876728,3.5155181884765625,3.5155181884765625,ok
LA_D_8877909,15.674415588378906,15.674415588378906,ok
LA_D_8878315,10.025704383850098,10.025704383850098,ok
LA_D_8878321,12.172185897827148,12.172185897827148,ok
LA_D_8878567,6.907179832458496,6.907179832458496,ok
LA_D_8878573,14.80983829498291,14.80983829498291,ok
LA_D_8878659,10.359603881835938,10.359603881835938,ok
LA_D_8879292,-14.628451347351074,-14.628451347351074,ok
LA_D_8879769,18.488855361938477,18.488855361938477,ok
LA_D_8879962,20.67011070251465,20.67011070251465,ok
LA_D_8880043,15.666277885437012,15.666277885437012,ok
LA_D_8880302,-14.936676025390625,-14.936676025390625,ok
LA_D_8880932,15.161816596984863,15.161816596984863,ok
LA_D_8881042,7.57769775390625,7.57769775390625,ok
LA_D_8881354,12.653410911560059,12.653410911560059,ok
LA_D_8882807,15.713997840881348,15.713997840881348,ok
LA_D_8884919,11.746562004089355,11.746562004089355,ok
LA_D_8886611,14.171667098999023,14.171667098999023,ok
LA_D_8888903,13.450922966003418,13.450922966003418,ok
LA_D_8889202,16.12056541442871,16.12056541442871,ok
LA_D_8889390,14.046320915222168,14.046320915222168,ok
LA_D_8890877,10.286893844604492,10.286893844604492,ok
LA_D_8890967,13.892451286315918,13.892451286315918,ok
LA_D_8891088,16.087995529174805,16.087995529174805,ok
LA_D_8891307,12.990811347961426,12.990811347961426,ok
LA_D_8891814,18.062397003173828,18.062397003173828,ok
LA_D_8892690,12.802448272705078,12.802448272705078,ok
LA_D_8892958,17.96360206604004,17.96360206604004,ok
LA_D_8893730,19.39665985107422,19.39665985107422,ok
LA_D_8894641,8.491877555847168,8.491877555847168,ok
LA_D_8894648,14.757840156555176,14.757840156555176,ok
LA_D_8895696,11.684181213378906,11.684181213378906,ok
LA_D_8896610,11.653998374938965,11.653998374938965,ok
LA_D_8899399,-10.294424057006836,-10.294424057006836,ok
LA_D_8900733,10.15743637084961,10.15743637084961,ok
LA_D_8903895,13.66591739654541,13.66591739654541,ok
LA_D_8904858,13.297195434570312,13.297195434570312,ok
LA_D_8905681,15.632100105285645,15.632100105285645,ok
LA_D_8905956,20.95771598815918,20.95771598815918,ok
LA_D_8906850,12.653427124023438,12.653427124023438,ok
LA_D_8907825,14.800060272216797,14.800060272216797,ok
LA_D_8908261,12.713277816772461,12.713277816772461,ok
LA_D_8909496,22.039030075073242,22.039030075073242,ok
LA_D_8909861,-12.470147132873535,-12.470147132873535,ok
LA_D_8910316,12.285721778869629,12.285721778869629,ok
LA_D_8910822,13.607736587524414,13.607736587524414,ok
LA_D_8911190,14.230888366699219,14.230888366699219,ok
LA_D_8911365,11.40898609161377,11.40898609161377,ok
LA_D_8911591,14.762105941772461,14.762105941772461,ok
LA_D_8912596,15.332097053527832,15.332097053527832,ok
LA_D_8912899,17.1441593170166,17.1441593170166,ok
LA_D_8912964,2.4867496490478516,2.4867496490478516,ok
LA_D_8914938,9.027897834777832,9.027897834777832,ok
LA_D_8915463,13.649147033691406,13.649147033691406,ok
LA_D_8916939,12.146382331848145,12.146382331848145,ok
LA_D_8918981,13.831011772155762,13.831011772155762,ok
LA_D_8920232,18.170591354370117,18.170591354370117,ok
LA_D_8922428,13.485318183898926,13.485318183898926,ok
LA_D_8923139,12.761320114135742,12.761320114135742,ok
LA_D_8923373,11.765286445617676,11.765286445617676,ok
LA_D_8923577,14.823100090026855,14.823100090026855,ok
LA_D_8923789,14.56411361694336,14.56411361694336,ok
LA_D_8924553,-7.560108661651611,-7.560108661651611,ok
LA_D_8925094,16.599523544311523,16.599523544311523,ok
LA_D_8925211,12.253959655761719,12.253959655761719,ok
LA_D_8925628,18.42582893371582,18.42582893371582,ok
LA_D_8926504,13.937378883361816,13.937378883361816,ok
LA_D_8928209,6.968660831451416,6.968660831451416,ok
LA_D_8929588,11.357571601867676,11.357571601867676,ok
LA_D_8930242,15.50558853149414,15.50558853149414,ok
LA_D_8930518,16.980867385864258,16.980867385864258,ok
LA_D_8931062,15.610682487487793,15.610682487487793,ok
LA_D_8931596,-15.340415000915527,-15.340415000915527,ok
LA_D_8932667,13.571553230285645,13.571553230285645,ok
LA_D_8932992,11.78700065612793,11.78700065612793,ok
LA_D_8933531,19.61887550354004,19.61887550354004,ok
LA_D_8933570,-14.597479820251465,-14.597479820251465,ok
LA_D_8934450,14.2166748046875,14.2166748046875,ok
LA_D_8934774,14.267794609069824,14.267794609069824,ok
LA_D_8934893,12.968536376953125,12.968536376953125,ok
LA_D_8936540,-13.720349311828613,-13.720349311828613,ok
LA_D_8937390,14.068604469299316,14.068604469299316,ok
LA_D_8937760,11.562009811401367,11.562009811401367,ok
LA_D_8939040,14.772010803222656,14.772010803222656,ok
LA_D_8939153,9.540996551513672,9.540996551513672,ok
LA_D_8940296,11.857396125793457,11.857396125793457,ok
LA_D_8940643,17.046293258666992,17.046293258666992,ok
LA_D_8940981,3.3277587890625,3.3277587890625,ok
LA_D_8941037,10.576714515686035,10.576714515686035,ok
LA_D_8941942,17.4478702545166,17.4478702545166,ok
LA_D_8942125,-11.379050254821777,-11.379050254821777,ok
LA_D_8942973,13.832831382751465,13.832831382751465,ok
LA_D_8943651,14.970850944519043,14.970850944519043,ok
LA_D_8944425,15.38375186920166,15.38375186920166,ok
LA_D_8944675,13.883143424987793,13.883143424987793,ok
LA_D_8947789,18.553884506225586,18.553884506225586,ok
LA_D_8947861,-14.308222770690918,-14.308222770690918,ok
LA_D_8948710,15.618352890014648,15.618352890014648,ok
LA_D_8950385,14.494272232055664,14.494272232055664,ok
LA_D_8950647,15.897149085998535,15.897149085998535,ok
LA_D_8950993,15.30643367767334,15.30643367767334,ok
LA_D_8951313,17.875871658325195,17.875871658325195,ok
LA_D_8952306,-10.735054969787598,-10.735054969787598,ok
LA_D_8954865,17.05999183654785,17.05999183654785,ok
LA_D_8954954,11.659273147583008,11.659273147583008,ok
LA_D_8955970,13.4513578414917,13.4513578414917,ok
LA_D_8956992,11.058032989501953,11.058032989501953,ok
LA_D_8957132,13.217174530029297,13.217174530029297,ok
LA_D_8957701,13.181700706481934,13.181700706481934,ok
LA_D_8957959,13.85163688659668,13.85163688659668,ok
LA_D_8958398,12.25125789642334,12.25125789642334,ok
LA_D_8958444,17.24825096130371,17.24825096130371,ok
LA_D_8959959,8.086772918701172,8.086772918701172,ok
LA_D_8960097,12.935284614562988,12.935284614562988,ok
LA_D_8960736,13.137924194335938,13.137924194335938,ok
LA_D_8961138,13.26701545715332,13.26701545715332,ok
LA_D_8961195,16.34086799621582,16.34086799621582,ok
LA_D_8961621,10.016683578491211,10.016683578491211,ok
LA_D_8961930,18.38410758972168,18.38410758972168,ok
LA_D_8962012,6.60404634475708,6.60404634475708,ok
LA_D_8964132,9.669951438903809,9.669951438903809,ok
LA_D_8964874,13.210978507995605,13.210978507995605,ok
LA_D_8965622,11.705389976501465,11.705389976501465,ok
LA_D_8967078,15.811460494995117,15.811460494995117,ok
LA_D_8967930,12.590543746948242,12.590543746948242,ok
LA_D_8969618,17.07404899597168,17.07404899597168,ok
LA_D_8971601,16.81223487854004,16.81223487854004,ok
LA_D_8971968,6.429497241973877,6.429497241973877,ok
LA_D_8974858,14.530631065368652,14.530631065368652,ok
LA_D_8975234,21.2109432220459,21.2109432220459,ok
LA_D_8975798,13.652082443237305,13.652082443237305,ok
LA_D_8976318,15.685023307800293,15.685023307800293,ok
LA_D_8976620,-12.606040000915527,-12.606040000915527,ok
LA_D_8978448,-12.452738761901855,-12.452738761901855,ok
LA_D_8978560,-13.790934562683105,-13.790934562683105,ok
LA_D_8979245,16.472137451171875,16.472137451171875,ok
LA_D_8980393,-14.87974739074707,-14.87974739074707,ok
LA_D_8980613,15.537546157836914,15.537546157836914,ok
LA_D_8983296,16.135046005249023,16.135046005249023,ok
LA_D_8983751,12.289748191833496,12.289748191833496,ok
LA_D_8983810,9.861003875732422,9.861003875732422,ok
LA_D_8986360,-13.737391471862793,-13.737391471862793,ok
LA_D_8986682,18.953264236450195,18.953264236450195,ok
LA_D_8986725,9.320148468017578,9.320148468017578,ok
LA_D_8987632,15.500420570373535,15.500420570373535,ok
LA_D_8987674,10.460737228393555,10.460737228393555,ok
LA_D_8987827,19.421110153198242,19.421110153198242,ok
LA_D_8988479,11.128029823303223,11.128029823303223,ok
LA_D_8988605,20.148805618286133,20.148805618286133,ok
LA_D_8989585,-9.963589668273926,-9.963589668273926,ok
LA_D_8991753,14.52270221710205,14.52270221710205,ok
LA_D_8991799,8.858353614807129,8.858353614807129,ok
LA_D_8992743,15.613686561584473,15.613686561584473,ok
LA_D_8992776,11.186468124389648,11.186468124389648,ok
LA_D_8992901,10.801694869995117,10.801694869995117,ok
LA_D_8993681,-16.400667190551758,-16.400667190551758,ok
LA_D_8994328,15.07568359375,15.07568359375,ok
LA_D_8995264,-0.22408419847488403,-0.22408419847488403,ok
LA_D_8995647,-12.732661247253418,-12.732661247253418,ok
LA_D_8997256,9.70760440826416,9.70760440826416,ok
LA_D_8998352,14.306319236755371,14.306319236755371,ok
LA_D_8998915,15.970279693603516,15.970279693603516,ok
LA_D_8998984,15.235692024230957,15.235692024230957,ok
LA_D_9000151,11.590067863464355,11.590067863464355,ok
LA_D_9001681,14.51933479309082,14.51933479309082,ok
LA_D_9002788,10.759113311767578,10.759113311767578,ok
LA_D_9005051,8.355469703674316,8.355469703674316,ok
LA_D_9005941,13.117258071899414,13.117258071899414,ok
LA_D_9006149,14.14144229888916,14.14144229888916,ok
LA_D_9007860,17.583690643310547,17.583690643310547,ok
LA_D_9008937,13.39149284362793,13.39149284362793,ok
LA_D_9011396,14.41074275970459,14.41074275970459,ok
LA_D_9011511,14.060465812683105,14.060465812683105,ok
LA_D_9012249,15.605463027954102,15.605463027954102,ok
LA_D_9012367,13.824584007263184,13.824584007263184,ok
LA_D_9013901,12.614999771118164,12.614999771118164,ok
LA_D_9014300,15.358460426330566,15.358460426330566,ok
LA_D_9014425,12.693798065185547,12.693798065185547,ok
LA_D_9017623,19.246278762817383,19.246278762817383,ok
LA_D_9018221,9.953842163085938,9.953842163085938,ok
LA_D_9020589,15.394124031066895,15.394124031066895,ok
LA_D_9021893,14.929244995117188,14.929244995117188,ok
LA_D_9022054,14.529281616210938,14.529281616210938,ok
LA_D_9023318,17.02248764038086,17.02248764038086,ok
LA_D_9025240,16.252836227416992,16.252836227416992,ok
LA_D_9026344,17.05447769165039,17.05447769165039,ok
LA_D_9026390,10.803439140319824,10.803439140319824,ok
LA_D_9027095,-12.677170753479004,-12.677170753479004,ok
LA_D_9030143,9.074254035949707,9.074254035949707,ok
LA_D_9032192,16.169099807739258,16.169099807739258,ok
LA_D_9033630,17.48193359375,17.48193359375,ok
LA_D_9035942,-6.208710193634033,-6.208710193634033,ok
LA_D_9036300,9.831999778747559,9.831999778747559,ok
LA_D_9036585,11.467334747314453,11.467334747314453,ok
LA_D_9036703,8.094647407531738,8.094647407531738,ok
LA_D_9037892,18.3487606048584,18.3487606048584,ok
LA_D_9038073,16.59971046447754,16.59971046447754,ok
LA_D_9039108,9.653909683227539,9.653909683227539,ok
LA_D_9039340,14.552932739257812,14.552932739257812,ok
LA_D_9039771,-13.967538833618164,-13.967538833618164,ok
LA_D_9040314,9.640853881835938,9.640853881835938,ok
LA_D_9040602,-15.291139602661133,-15.291139602661133,ok
LA_D_9042048,16.01401138305664,16.01401138305664,ok
LA_D_9042253,-14.005430221557617,-14.005430221557617,ok
LA_D_9043636,19.830995559692383,19.830995559692383,ok
LA_D_9044209,13.07653522491455,13.07653522491455,ok
LA_D_9045200,10.92056655883789,10.92056655883789,ok
LA_D_9045570,14.81400203704834,14.81400203704834,ok
LA_D_9048413,11.266936302185059,11.266936302185059,ok
LA_D_9048737,13.626618385314941,13.626618385314941,ok
LA_D_9049736,16.9106388092041,16.9106388092041,ok
LA_D_9050106,12.532166481018066,12.532166481018066,ok
LA_D_9051356,15.834073066711426,15.834073066711426,ok
LA_D_9053095,14.857823371887207,14.857823371887207,ok
LA_D_9053096,10.008157730102539,10.008157730102539,ok
LA_D_9053193,12.355466842651367,12.355466842651367,ok
LA_D_9053763,16.648906707763672,16.648906707763672,ok
LA_D_9055271,12.588753700256348,12.588753700256348,ok
LA_D_9058027,14.726367950439453,14.726367950439453,ok
LA_D_9058492,20.13309097290039,20.13309097290039,ok
LA_D_9058869,16.420507431030273,16.420507431030273,ok
LA_D_9059259,11.045945167541504,11.045945167541504,ok
LA_D_9059452,19.87876319885254,19.87876319885254,ok
LA_D_9062081,-13.911015510559082,-13.911015510559082,ok
LA_D_9063622,12.09543514251709,12.09543514251709,ok
LA_D_9064394,11.333329200744629,11.333329200744629,ok
LA_D_9065595,3.5541815757751465,3.5541815757751465,ok
LA_D_9065762,-12.131197929382324,-12.131197929382324,ok
LA_D_9066461,18.36604881286621,18.36604881286621,ok
LA_D_9066739,16.0200138092041,16.0200138092041,ok
LA_D_9067610,16.87617301940918,16.87617301940918,ok
LA_D_9068099,17.118410110473633,17.118410110473633,ok
LA_D_9071072,15.350249290466309,15.350249290466309,ok
LA_D_9072602,14.652294158935547,14.652294158935547,ok
LA_D_9073444,14.587837219238281,14.587837219238281,ok
LA_D_9073905,15.654489517211914,15.654489517211914,ok
LA_D_9074375,15.685894012451172,15.685894012451172,ok
LA_D_9075341,14.1144380569458,14.1144380569458,ok
LA_D_9076677,-13.488876342773438,-13.488876342773438,ok
LA_D_9076744,13.110186576843262,13.110186576843262,ok
LA_D_9077132,14.817890167236328,14.817890167236328,ok
LA_D_9077999,18.254322052001953,18.254322052001953,ok
LA_D_9080371,-13.554458618164062,-13.554458618164062,ok
LA_D_9080415,10.900161743164062,10.900161743164062,ok
LA_D_9081617,15.508049964904785,15.508049964904785,ok
LA_D_9082501,19.092527389526367,19.092527389526367,ok
LA_D_9085002,21.543163299560547,21.543163299560547,ok
LA_D_9086230,11.457868576049805,11.457868576049805,ok
LA_D_9086287,13.066568374633789,13.066568374633789,ok
LA_D_9091046,9.819049835205078,9.819049835205078,ok
LA_D_9091774,-14.608257293701172,-14.608257293701172,ok
LA_D_9092108,13.902016639709473,13.902016639709473,ok
LA_D_9092221,20.13657569885254,20.13657569885254,ok
LA_D_9092413,19.931848526000977,19.931848526000977,ok
LA_D_9092875,13.312652587890625,13.312652587890625,ok
LA_D_9093007,11.761641502380371,11.761641502380371,ok
LA_D_9094488,18.95766258239746,18.95766258239746,ok
LA_D_9094713,17.168188095092773,17.168188095092773,ok
LA_D_9095089,16.752195358276367,16.752195358276367,ok
LA_D_9095164,-11.160508155822754,-11.160508155822754,ok
LA_D_9095485,14.226277351379395,14.226277351379395,ok
LA_D_9095874,7.242026329040527,7.242026329040527,ok
LA_D_9096004,11.702714920043945,11.702714920043945,ok
LA_D_9096116,15.16141414642334,15.16141414642334,ok
LA_D_9096187,11.452364921569824,11.452364921569824,ok
LA_D_9097473,10.813946723937988,10.813946723937988,ok
LA_D_9098375,12.6144380569458,12.6144380569458,ok
LA_D_9098847,13.238369941711426,13.238369941711426,ok
LA_D_9101305,13.97253131866455,13.97253131866455,ok
LA_D_9101643,14.439981460571289,14.439981460571289,ok
LA_D_9103728,15.529233932495117,15.529233932495117,ok
LA_D_9105267,12.850346565246582,12.850346565246582,ok
LA_D_9105293,20.36566734313965,20.36566734313965,ok
LA_D_9106136,16.733051300048828,16.733051300048828,ok
LA_D_9106315,13.378186225891113,13.378186225891113,ok
LA_D_9107569,13.07337474822998,13.07337474822998,ok
LA_D_9109666,14.575539588928223,14.575539588928223,ok
LA_D_9109915,17.625883102416992,17.625883102416992,ok
LA_D_9111429,14.874845504760742,14.874845504760742,ok
LA_D_9112845,13.583069801330566,13.583069801330566,ok
LA_D_9113299,-13.019393920898438,-13.019393920898438,ok
LA_D_9113588,-8.782660484313965,-8.782660484313965,ok
LA_D_9115231,17.103492736816406,17.103492736816406,ok
LA_D_9115338,13.8986234664917,13.8986234664917,ok
LA_D_9115565,1.3377577066421509,1.3377577066421509,ok
LA_D_9117374,-15.0921049118042,-15.0921049118042,ok
LA_D_9117562,12.662732124328613,12.662732124328613,ok
LA_D_9118224,14.787239074707031,14.787239074707031,ok
LA_D_9118659,-13.553386688232422,-13.553386688232422,ok
LA_D_9119095,13.396774291992188,13.396774291992188,ok
LA_D_9119177,11.445956230163574,11.445956230163574,ok
LA_D_9120091,12.164462089538574,12.164462089538574,ok
LA_D_9120425,16.853479385375977,16.853479385375977,ok
LA_D_9121380,13.461718559265137,13.461718559265137,ok
LA_D_9121718,15.427712440490723,15.427712440490723,ok
LA_D_9122016,12.29746150970459,12.29746150970459,ok
LA_D_9122088,9.417183876037598,9.417183876037598,ok
LA_D_9122497,11.685507774353027,11.685507774353027,ok
LA_D_9123838,12.302979469299316,12.302979469299316,ok
LA_D_9125336,10.46094799041748,10.46094799041748,ok
LA_D_9125966,-15.237658500671387,-15.237658500671387,ok
LA_D_9126409,-14.58569049835205,-14.58569049835205,ok
LA_D_9127001,11.554118156433105,11.554118156433105,ok
LA_D_9127411,19.12210464477539,19.12210464477539,ok
LA_D_9129067,17.592546463012695,17.592546463012695,ok
LA_D_9129216,14.373662948608398,14.373662948608398,ok
LA_D_9131105,17.956804275512695,17.956804275512695,ok
LA_D_9131527,13.661112785339355,13.661112785339355,ok
LA_D_9132728,12.946006774902344,12.946006774902344,ok
LA_D_9133128,14.961968421936035,14.961968421936035,ok
LA_D_9133444,-14.91795825958252,-14.91795825958252,ok
LA_D_9134485,13.699397087097168,13.699397087097168,ok
LA_D_9135294,-12.501280784606934,-12.501280784606934,ok
LA_D_9135528,14.122929573059082,14.122929573059082,ok
LA_D_9136883,17.967687606811523,17.967687606811523,ok
LA_D_9137331,-14.807364463806152,-14.807364463806152,ok
LA_D_9138868,12.295992851257324,12.295992851257324,ok
LA_D_9138892,9.428915977478027,9.428915977478027,ok
LA_D_9140494,14.545931816101074,14.545931816101074,ok
LA_D_9140619,16.461393356323242,16.461393356323242,ok
LA_D_9144289,8.718132972717285,8.718132972717285,ok
LA_D_9144406,18.620943069458008,18.620943069458008,ok
LA_D_9146484,-13.866508483886719,-13.866508483886719,ok
LA_D_9146864,15.122779846191406,15.122779846191406,ok
LA_D_9147299,15.214542388916016,15.214542388916016,ok
LA_D_9147825,15.660714149475098,15.660714149475098,ok
LA_D_9148057,21.135154724121094,21.135154724121094,ok
LA_D_9148724,13.925508499145508,13.925508499145508,ok
LA_D_9149364,13.867846488952637,13.867846488952637,ok
LA_D_9149883,11.995305061340332,11.995305061340332,ok
LA_D_9150782,14.40330696105957,14.40330696105957,ok
LA_D_9151278,11.278797149658203,11.278797149658203,ok
LA_D_9151418,18.864788055419922,18.864788055419922,ok
LA_D_9152403,6.7280168533325195,6.7280168533325195,ok
LA_D_9153269,13.846115112304688,13.846115112304688,ok
LA_D_9154948,15.541817665100098,15.541817665100098,ok
LA_D_9155834,17.05161476135254,17.05161476135254,ok
LA_D_9156038,6.5940260887146,6.5940260887146,ok
LA_D_9156390,15.245503425598145,15.245503425598145,ok
LA_D_9158496,20.727956771850586,20.727956771850586,ok
LA_D_9159389,18.597795486450195,18.597795486450195,ok
LA_D_9159860,13.152607917785645,13.152607917785645,ok
LA_D_9159907,-15.262430191040039,-15.262430191040039,ok
LA_D_9160139,12.843058586120605,12.843058586120605,ok
LA_D_9160310,-14.057454109191895,-14.057454109191895,ok
LA_D_9160362,13.632670402526855,13.632670402526855,ok
LA_D_9160621,12.380906105041504,12.380906105041504,ok
LA_D_9160943,13.027100563049316,13.027100563049316,ok
LA_D_9161942,10.596230506896973,10.596230506896973,ok
LA_D_9162612,11.317277908325195,11.317277908325195,ok
LA_D_9163803,14.542658805847168,14.542658805847168,ok
LA_D_9165189,15.388612747192383,15.388612747192383,ok
LA_D_9165269,12.151320457458496,12.151320457458496,ok
LA_D_9165454,14.515384674072266,14.515384674072266,ok
LA_D_9167206,-13.287816047668457,-13.287816047668457,ok
LA_D_9167498,14.686060905456543,14.686060905456543,ok
LA_D_9167860,11.386319160461426,11.386319160461426,ok
LA_D_9170505,16.390161514282227,16.390161514282227,ok
LA_D_9170533,15.864533424377441,15.864533424377441,ok
LA_D_9170546,18.197057723999023,18.197057723999023,ok
LA_D_9170640,13.702733993530273,13.702733993530273,ok
LA_D_9170829,12.860264778137207,12.860264778137207,ok
LA_D_9171276,13.40117359161377,13.40117359161377,ok
LA_D_9172298,-13.032105445861816,-13.032105445861816,ok
LA_D_9172994,17.513410568237305,17.513410568237305,ok
LA_D_9173096,14.969297409057617,14.969297409057617,ok
LA_D_9173264,14.429911613464355,14.429911613464355,ok
LA_D_9173342,14.11021614074707,14.11021614074707,ok
LA_D_9173640,12.699488639831543,12.699488639831543,ok
LA_D_9173760,14.314949035644531,14.314949035644531,ok
LA_D_9174169,13.750836372375488,13.750836372375488,ok
LA_D_9174943,11.514363288879395,11.514363288879395,ok
LA_D_9175079,13.12231731414795,13.12231731414795,ok
LA_D_9175542,8.787619590759277,8.787619590759277,ok
LA_D_9175790,20.25404930114746,20.25404930114746,ok
LA_D_9176089,9.693097114562988,9.693097114562988,ok
LA_D_9178334,11.331681251525879,11.331681251525879,ok
LA_D_9178466,14.929770469665527,14.929770469665527,ok
LA_D_9178575,13.539302825927734,13.539302825927734,ok
LA_D_9178673,14.152995109558105,14.152995109558105,ok
LA_D_9180251,4.538924694061279,4.538924694061279,ok
LA_D_9180824,17.520862579345703,17.520862579345703,ok
LA_D_9182085,12.514688491821289,12.514688491821289,ok
LA_D_9183395,-14.902222633361816,-14.902222633361816,ok
LA_D_9183719,11.420121192932129,11.420121192932129,ok
LA_D_9184655,-11.4025297164917,-11.4025297164917,ok
LA_D_9189588,15.16326904296875,15.16326904296875,ok
LA_D_9189777,11.961237907409668,11.961237907409668,ok
LA_D_9191160,14.211135864257812,14.211135864257812,ok
LA_D_9192418,13.399649620056152,13.399649620056152,ok
LA_D_9192772,14.107069969177246,14.107069969177246,ok
LA_D_9193020,15.359295845031738,15.359295845031738,ok
LA_D_9194593,14.519265174865723,14.519265174865723,ok
LA_D_9195548,14.599996566772461,14.599996566772461,ok
LA_D_9196227,13.853354454040527,13.853354454040527,ok
LA_D_9196257,4.2455878257751465,4.2455878257751465,ok
LA_D_9196271,18.636655807495117,18.636655807495117,ok
LA_D_9197432,9.401050567626953,9.401050567626953,ok
LA_D_9197542,17.696924209594727,17.696924209594727,ok
LA_D_9198030,13.525921821594238,13.525921821594238,ok
LA_D_9199194,12.310995101928711,12.310995101928711,ok
LA_D_9200045,-13.27259349822998,-13.27259349822998,ok
LA_D_9201990,16.08037757873535,16.08037757873535,ok
LA_D_9202951,13.910886764526367,13.910886764526367,ok
LA_D_9203142,17.33257484436035,17.33257484436035,ok
LA_D_9204208,20.778759002685547,20.778759002685547,ok
LA_D_9206015,14.1192626953125,14.1192626953125,ok
LA_D_9206035,9.643229484558105,9.643229484558105,ok
LA_D_9207502,11.247010231018066,11.247010231018066,ok
LA_D_9208964,13.449732780456543,13.449732780456543,ok
LA_D_9209018,16.362281799316406,16.362281799316406,ok
LA_D_9209406,10.993496894836426,10.993496894836426,ok
LA_D_9209591,-13.281684875488281,-13.281684875488281,ok
LA_D_9210275,11.305583000183105,11.305583000183105,ok
LA_D_9212778,14.051093101501465,14.051093101501465,ok
LA_D_9216190,13.816069602966309,13.816069602966309,ok
LA_D_9217255,15.051366806030273,15.051366806030273,ok
LA_D_9217605,15.829571723937988,15.829571723937988,ok
LA_D_9218689,16.79383659362793,16.79383659362793,ok
LA_D_9219265,14.016165733337402,14.016165733337402,ok
LA_D_9220018,15.468794822692871,15.468794822692871,ok
LA_D_9222077,15.783163070678711,15.783163070678711,ok
LA_D_9222686,13.682257652282715,13.682257652282715,ok
LA_D_9223694,17.0716552734375,17.0716552734375,ok
LA_D_9224096,-13.54131031036377,-13.54131031036377,ok
LA_D_9224359,9.172507286071777,9.172507286071777,ok
LA_D_9225299,15.916243553161621,15.916243553161621,ok
LA_D_9226269,17.643945693969727,17.643945693969727,ok
LA_D_9230787,15.855843544006348,15.855843544006348,ok
LA_D_9231954,12.834310531616211,12.834310531616211,ok
LA_D_9232895,17.506576538085938,17.506576538085938,ok
LA_D_9233372,18.118301391601562,18.118301391601562,ok
LA_D_9233697,16.813188552856445,16.813188552856445,ok
LA_D_9235322,10.614776611328125,10.614776611328125,ok
LA_D_9236613,18.47588348388672,18.47588348388672,ok
LA_D_9237935,15.352669715881348,15.352669715881348,ok
LA_D_9238403,11.618020057678223,11.618020057678223,ok
LA_D_9238588,9.638407707214355,9.638407707214355,ok
LA_D_9238626,11.618204116821289,11.618204116821289,ok
LA_D_9240035,-14.23641300201416,-14.23641300201416,ok
LA_D_9240337,14.888326644897461,14.888326644897461,ok
LA_D_9241229,-13.607220649719238,-13.607220649719238,ok
LA_D_9241230,13.513263702392578,13.513263702392578,ok
LA_D_9241530,-14.327752113342285,-14.327752113342285,ok
LA_D_9241694,15.882781982421875,15.882781982421875,ok
LA_D_9242112,16.42768669128418,16.42768669128418,ok
LA_D_9242631,13.523587226867676,13.523587226867676,ok
LA_D_9242976,19.992082595825195,19.992082595825195,ok
LA_D_9244255,13.03122615814209,13.03122615814209,ok
LA_D_9244478,17.348222732543945,17.348222732543945,ok
LA_D_9246417,12.890667915344238,12.890667915344238,ok
LA_D_9247963,10.495601654052734,10.495601654052734,ok
LA_D_9248076,14.701011657714844,14.701011657714844,ok
LA_D_9248232,17.147390365600586,17.147390365600586,ok
LA_D_9249528,16.66506004333496,16.66506004333496,ok
LA_D_9249738,13.979244232177734,13.979244232177734,ok
LA_D_9250654,10.694247245788574,10.694247245788574,ok
LA_D_9251632,13.193031311035156,13.193031311035156,ok
LA_D_9251833,15.400153160095215,15.400153160095215,ok
LA_D_9254137,14.863404273986816,14.863404273986816,ok
LA_D_9254481,16.79883575439453,16.79883575439453,ok
LA_D_9255229,15.999247550964355,15.999247550964355,ok
LA_D_9257320,14.21562385559082,14.21562385559082,ok
LA_D_9257491,7.221141815185547,7.221141815185547,ok
LA_D_9258278,11.14525318145752,11.14525318145752,ok
LA_D_9259569,11.871103286743164,11.871103286743164,ok
LA_D_9260902,-13.928400993347168,-13.928400993347168,ok
LA_D_9261139,14.540457725524902,14.540457725524902,ok
LA_D_9262171,12.952462196350098,12.952462196350098,ok
LA_D_9262825,13.013813972473145,13.013813972473145,ok
LA_D_9264205,14.310861587524414,14.310861587524414,ok
LA_D_9264408,16.272613525390625,16.272613525390625,ok
LA_D_9265361,13.89554500579834,13.89554500579834,ok
LA_D_9266618,9.279339790344238,9.279339790344238,ok
LA_D_9266761,18.08625602722168,18.08625602722168,ok
LA_D_9269691,17.290428161621094,17.290428161621094,ok
LA_D_9270152,14.5300931930542,14.5300931930542,ok
LA_D_9271439,15.844803810119629,15.844803810119629,ok
LA_D_9272509,-11.330307960510254,-11.330307960510254,ok
LA_D_9272636,-15.03023624420166,-15.03023624420166,ok
LA_D_9273017,14.540385246276855,14.540385246276855,ok
LA_D_9274099,11.021207809448242,11.021207809448242,ok
LA_D_9274326,12.686348915100098,12.686348915100098,ok
LA_D_9274477,12.848372459411621,12.848372459411621,ok
LA_D_9275415,10.69013500213623,10.69013500213623,ok
LA_D_9275744,18.764591217041016,18.764591217041016,ok
LA_D_9275774,16.567258834838867,16.567258834838867,ok
LA_D_9277522,16.95380210876465,16.95380210876465,ok
LA_D_9278101,14.135820388793945,14.135820388793945,ok
LA_D_9278326,18.74372673034668,18.74372673034668,ok
LA_D_9278460,14.27542495727539,14.27542495727539,ok
LA_D_9278655,12.49765396118164,12.49765396118164,ok
LA_D_9279366,11.983528137207031,11.983528137207031,ok
LA_D_9281005,10.680137634277344,10.680137634277344,ok
LA_D_9281870,11.945746421813965,11.945746421813965,ok
LA_D_9284758,13.44039535522461,13.44039535522461,ok
LA_D_9287127,14.396956443786621,14.396956443786621,ok
LA_D_9287624,10.201167106628418,10.201167106628418,ok
LA_D_9288877,16.193729400634766,16.193729400634766,ok
LA_D_9289055,16.7442626953125,16.7442626953125,ok
LA_D_9289260,13.535238265991211,13.535238265991211,ok
LA_D_9289288,16.688955307006836,16.688955307006836,ok
LA_D_9289511,14.405682563781738,14.405682563781738,ok
LA_D_9289629,12.048286437988281,12.048286437988281,ok
LA_D_9290170,10.84354305267334,10.84354305267334,ok
LA_D_9291135,10.754929542541504,10.754929542541504,ok
LA_D_9291930,13.810505867004395,13.810505867004395,ok
LA_D_9292862,17.52358055114746,17.52358055114746,ok
LA_D_9294766,16.191062927246094,16.191062927246094,ok
LA_D_9295080,-11.190849304199219,-11.190849304199219,ok
LA_D_9295289,14.306048393249512,14.306048393249512,ok
LA_D_9295689,13.543620109558105,13.543620109558105,ok
LA_D_9297011,13.429808616638184,13.429808616638184,ok
LA_D_9297479,14.440494537353516,14.440494537353516,ok
LA_D_9298211,21.708467483520508,21.708467483520508,ok
LA_D_9298303,14.502007484436035,14.502007484436035,ok
LA_D_9299077,13.555756568908691,13.555756568908691,ok
LA_D_9299686,-7.862001419067383,-7.862001419067383,ok
LA_D_9300277,-14.984728813171387,-14.984728813171387,ok
LA_D_9301345,17.4118595123291,17.4118595123291,ok
LA_D_9301839,16.78333282470703,16.78333282470703,ok
LA_D_9302376,9.674583435058594,9.674583435058594,ok
LA_D_9303374,13.396273612976074,13.396273612976074,ok
LA_D_9304099,-14.142304420471191,-14.142304420471191,ok
LA_D_9304694,11.94839096069336,11.94839096069336,ok
LA_D_9304826,14.675211906433105,14.675211906433105,ok
LA_D_9305104,12.881186485290527,12.881186485290527,ok
LA_D_9305138,11.190972328186035,11.190972328186035,ok
LA_D_9305482,17.855426788330078,17.855426788330078,ok
LA_D_9305654,12.916027069091797,12.916027069091797,ok
LA_D_9306659,12.056870460510254,12.056870460510254,ok
LA_D_9308388,14.980311393737793,14.980311393737793,ok
LA_D_9308715,19.513334274291992,19.513334274291992,ok
LA_D_9310262,16.4339656829834,16.4339656829834,ok
LA_D_9311350,-15.837162971496582,-15.837162971496582,ok
LA_D_9314069,12.689797401428223,12.689797401428223,ok
LA_D_9314868,12.560879707336426,12.560879707336426,ok
LA_D_9314884,14.182548522949219,14.182548522949219,ok
LA_D_9315635,15.820748329162598,15.820748329162598,ok
LA_D_9316058,16.42743492126465,16.42743492126465,ok
LA_D_9318857,14.928938865661621,14.928938865661621,ok
LA_D_9319228,11.612332344055176,11.612332344055176,ok
LA_D_9319381,-7.499034881591797,-7.499034881591797,ok
LA_D_9320180,14.42938232421875,14.42938232421875,ok
LA_D_9321322,9.168585777282715,9.168585777282715,ok
LA_D_9321479,11.391785621643066,11.391785621643066,ok
LA_D_9322246,14.841524124145508,14.841524124145508,ok
LA_D_9323100,14.676127433776855,14.676127433776855,ok
LA_D_9323815,-14.386005401611328,-14.386005401611328,ok
LA_D_9323962,16.619861602783203,16.619861602783203,ok
LA_D_9325156,9.607049942016602,9.607049942016602,ok
LA_D_9325392,19.114328384399414,19.114328384399414,ok
LA_D_9326060,15.532069206237793,15.532069206237793,ok
LA_D_9327413,12.416021347045898,12.416021347045898,ok
LA_D_9327657,16.743379592895508,16.743379592895508,ok
LA_D_9330492,-12.19235897064209,-12.19235897064209,ok
LA_D_9331853,16.571226119995117,16.571226119995117,ok
LA_D_9332950,15.191654205322266,15.191654205322266,ok
LA_D_9333859,13.393301963806152,13.393301963806152,ok
LA_D_9334540,14.700395584106445,14.700395584106445,ok
LA_D_9334822,18.968700408935547,18.968700408935547,ok
LA_D_9335121,16.216920852661133,16.216920852661133,ok
LA_D_9335130,13.074166297912598,13.074166297912598,ok
LA_D_9335232,15.339597702026367,15.339597702026367,ok
LA_D_9335272,14.628169059753418,14.628169059753418,ok
LA_D_9335831,11.5756254196167,11.5756254196167,ok
LA_D_9336302,12.192017555236816,12.192017555236816,ok
LA_D_9337299,18.867334365844727,18.867334365844727,ok
LA_D_9338745,14.052153587341309,14.052153587341309,ok
LA_D_9341282,16.369365692138672,16.369365692138672,ok
LA_D_9342188,10.792283058166504,10.792283058166504,ok
LA_D_9344368,18.760679244995117,18.760679244995117,ok
LA_D_9345488,17.728818893432617,17.728818893432617,ok
LA_D_9346841,14.403117179870605,14.403117179870605,ok
LA_D_9346947,16.993024826049805,16.993024826049805,ok
LA_D_9347002,12.667572021484375,12.667572021484375,ok
LA_D_9347638,21.22641372680664,21.22641372680664,ok
LA_D_9347930,8.063857078552246,8.063857078552246,ok
LA_D_9348134,12.24010944366455,12.24010944366455,ok
LA_D_9348889,-13.794093132019043,-13.794093132019043,ok
LA_D_9349907,16.562870025634766,16.562870025634766,ok
LA_D_9350649,18.80135154724121,18.80135154724121,ok
LA_D_9351259,15.994498252868652,15.994498252868652,ok
LA_D_9351516,18.07606315612793,18.07606315612793,ok
LA_D_9351540,13.460906028747559,13.460906028747559,ok
LA_D_9351714,13.34323787689209,13.34323787689209,ok
LA_D_9351920,11.598076820373535,11.598076820373535,ok
LA_D_9352288,9.843705177307129,9.843705177307129,ok
LA_D_9352302,11.870545387268066,11.870545387268066,ok
LA_D_9352339,14.561469078063965,14.561469078063965,ok
LA_D_9353876,24.217622756958008,24.217622756958008,ok
LA_D_9354813,15.163623809814453,15.163623809814453,ok
LA_D_9354882,14.008814811706543,14.008814811706543,ok
LA_D_9355453,9.874199867248535,9.874199867248535,ok
LA_D_9356917,11.69143009185791,11.69143009185791,ok
LA_D_9359637,-14.785656929016113,-14.785656929016113,ok
LA_D_9360287,11.549918174743652,11.549918174743652,ok
LA_D_9361389,17.744829177856445,17.744829177856445,ok
LA_D_9361903,6.045845985412598,6.045845985412598,ok
LA_D_9362624,15.040665626525879,15.040665626525879,ok
LA_D_9363151,7.3299360275268555,7.3299360275268555,ok
LA_D_9363652,14.324427604675293,14.324427604675293,ok
LA_D_9363698,15.779772758483887,15.779772758483887,ok
LA_D_9363937,15.798508644104004,15.798508644104004,ok
LA_D_9365960,14.640982627868652,14.640982627868652,ok
LA_D_9366152,16.793672561645508,16.793672561645508,ok
LA_D_9366582,-15.529521942138672,-15.529521942138672,ok
LA_D_9366624,13.374162673950195,13.374162673950195,ok
LA_D_9366756,15.500731468200684,15.500731468200684,ok
LA_D_9366858,11.563926696777344,11.563926696777344,ok
LA_D_9367260,17.349449157714844,17.349449157714844,ok
LA_D_9367691,17.549592971801758,17.549592971801758,ok
LA_D_9369162,14.614100456237793,14.614100456237793,ok
LA_D_9370304,9.083125114440918,9.083125114440918,ok
LA_D_9372553,13.65156078338623,13.65156078338623,ok
LA_D_9374494,17.25360679626465,17.25360679626465,ok
LA_D_9374684,-14.142342567443848,-14.142342567443848,ok
LA_D_9374690,17.8953914642334,17.8953914642334,ok
LA_D_9374784,8.81679630279541,8.81679630279541,ok
LA_D_9375118,10.060542106628418,10.060542106628418,ok
LA_D_9376184,15.004778861999512,15.004778861999512,ok
LA_D_9376797,18.04543113708496,18.04543113708496,ok
LA_D_9378704,14.163602828979492,14.163602828979492,ok
LA_D_9379842,14.14736557006836,14.14736557006836,ok
LA_D_9382127,14.194947242736816,14.194947242736816,ok
LA_D_9382297,14.243446350097656,14.243446350097656,ok
LA_D_9382979,-12.594695091247559,-12.594695091247559,ok
LA_D_9383850,19.99393653869629,19.99393653869629,ok
LA_D_9384056,10.318686485290527,10.318686485290527,ok
LA_D_9384507,16.574926376342773,16.574926376342773,ok
LA_D_9386142,14.086264610290527,14.086264610290527,ok
LA_D_9386777,12.768887519836426,12.768887519836426,ok
LA_D_9387976,15.50721263885498,15.50721263885498,ok
LA_D_9388333,19.642789840698242,19.642789840698242,ok
LA_D_9389017,10.234223365783691,10.234223365783691,ok
LA_D_9390591,15.275809288024902,15.275809288024902,ok
LA_D_9391009,12.327330589294434,12.327330589294434,ok
LA_D_9391403,9.900750160217285,9.900750160217285,ok
LA_D_9392796,14.80335521697998,14.80335521697998,ok
LA_D_9392816,14.458550453186035,14.458550453186035,ok
LA_D_9393077,10.436348915100098,10.436348915100098,ok
LA_D_9394624,15.719755172729492,15.719755172729492,ok
LA_D_9395081,14.092926979064941,14.092926979064941,ok
LA_D_9395082,8.451865196228027,8.451865196228027,ok
LA_D_9395844,10.561103820800781,10.561103820800781,ok
LA_D_9397829,15.776803016662598,15.776803016662598,ok
LA_D_9399713,8.734362602233887,8.734362602233887,ok
LA_D_9399909,12.460138320922852,12.460138320922852,ok
LA_D_9400890,18.0386905670166,18.0386905670166,ok
LA_D_9401339,16.00857162475586,16.00857162475586,ok
LA_D_9402940,10.864169120788574,10.864169120788574,ok
LA_D_9403264,16.08263397216797,16.08263397216797,ok
LA_D_9406043,12.595842361450195,12.595842361450195,ok
LA_D_9406266,-15.228860855102539,-15.228860855102539,ok
LA_D_9406480,12.689282417297363,12.689282417297363,ok
LA_D_9407131,15.458151817321777,15.458151817321777,ok
LA_D_9407742,10.989508628845215,10.989508628845215,ok
LA_D_9408059,-11.338839530944824,-11.338839530944824,ok
LA_D_9410296,15.552742004394531,15.552742004394531,ok
LA_D_9410329,10.849385261535645,10.849385261535645,ok
LA_D_9410996,11.179886817932129,11.179886817932129,ok
LA_D_9411191,12.705328941345215,12.705328941345215,ok
LA_D_9414131,13.00312614440918,13.00312614440918,ok
LA_D_9416941,13.461870193481445,13.461870193481445,ok
LA_D_9417900,-12.68046760559082,-12.68046760559082,ok
LA_D_9419011,13.971356391906738,13.971356391906738,ok
LA_D_9419297,12.720063209533691,12.720063209533691,ok
LA_D_9421383,10.670772552490234,10.670772552490234,ok
LA_D_9421514,11.516678810119629,11.516678810119629,ok
LA_D_9422436,-1.0246309041976929,-1.0246309041976929,ok
LA_D_9423080,-12.786028861999512,-12.786028861999512,ok
LA_D_9424343,17.728487014770508,17.728487014770508,ok
LA_D_9424568,19.546497344970703,19.546497344970703,ok
LA_D_9424845,16.65555763244629,16.65555763244629,ok
LA_D_9425296,15.235831260681152,15.235831260681152,ok
LA_D_9425366,14.024426460266113,14.024426460266113,ok
LA_D_9425889,1.8234697580337524,1.8234697580337524,ok
LA_D_9428145,13.052433967590332,13.052433967590332,ok
LA_D_9428728,16.45428466796875,16.45428466796875,ok
LA_D_9429220,3.3460521697998047,3.3460521697998047,ok
LA_D_9429683,13.425349235534668,13.425349235534668,ok
LA_D_9429831,13.66912841796875,13.66912841796875,ok
LA_D_9429971,13.001812934875488,13.001812934875488,ok
LA_D_9430144,14.57630443572998,14.57630443572998,ok
LA_D_9430378,14.116127967834473,14.116127967834473,ok
LA_D_9430536,16.155860900878906,16.155860900878906,ok
LA_D_9430632,13.846549034118652,13.846549034118652,ok
LA_D_9430687,5.289034366607666,5.289034366607666,ok
LA_D_9431218,9.893223762512207,9.893223762512207,ok
LA_D_9433165,-12.296507835388184,-12.296507835388184,ok
LA_D_9435140,7.938597202301025,7.938597202301025,ok
LA_D_9435141,8.522680282592773,8.522680282592773,ok
LA_D_9436350,7.6480712890625,7.6480712890625,ok
LA_D_9436692,8.161356925964355,8.161356925964355,ok
LA_D_9436918,17.356590270996094,17.356590270996094,ok
LA_D_9437172,11.864852905273438,11.864852905273438,ok
LA_D_9437346,15.87598705291748,15.87598705291748,ok
LA_D_9437643,14.900728225708008,14.900728225708008,ok
LA_D_9438113,21.114959716796875,21.114959716796875,ok
LA_D_9438939,16.486724853515625,16.486724853515625,ok
LA_D_9439087,15.543787956237793,15.543787956237793,ok
LA_D_9439129,12.59620189666748,12.59620189666748,ok
LA_D_9439860,13.873549461364746,13.873549461364746,ok
LA_D_9440328,12.79276180267334,12.79276180267334,ok
LA_D_9441585,-15.57852840423584,-15.57852840423584,ok
LA_D_9442040,15.825786590576172,15.825786590576172,ok
LA_D_9444024,16.993083953857422,16.993083953857422,ok
LA_D_9445699,14.162970542907715,14.162970542907715,ok
LA_D_9446553,8.791558265686035,8.791558265686035,ok
LA_D_9448997,16.261014938354492,16.261014938354492,ok
LA_D_9449347,12.157258033752441,12.157258033752441,ok
LA_D_9449718,5.7861223220825195,5.7861223220825195,ok
LA_D_9450925,14.753788948059082,14.753788948059082,ok
LA_D_9451365,-6.89210844039917,-6.89210844039917,ok
LA_D_9451389,10.938931465148926,10.938931465148926,ok
LA_D_9451445,14.580731391906738,14.580731391906738,ok
LA_D_9452798,16.60723876953125,16.60723876953125,ok
LA_D_9454983,18.82758140563965,18.82758140563965,ok
LA_D_9455279,5.91354513168335,5.91354513168335,ok
LA_D_9455460,10.955662727355957,10.955662727355957,ok
LA_D_9456431,15.923020362854004,15.923020362854004,ok
LA_D_9456525,12.47961711883545,12.47961711883545,ok
LA_D_9456791,13.407513618469238,13.407513618469238,ok
LA_D_9457616,16.286314010620117,16.286314010620117,ok
LA_D_9457668,17.896364212036133,17.896364212036133,ok
LA_D_9457760,12.401214599609375,12.401214599609375,ok
LA_D_9458312,15.839173316955566,15.839173316955566,ok
LA_D_9458567,-5.393983364105225,-5.393983364105225,ok
LA_D_9458801,6.971597671508789,6.971597671508789,ok
LA_D_9459944,16.545883178710938,16.545883178710938,ok
LA_D_9460035,15.877147674560547,15.877147674560547,ok
LA_D_9460191,11.59416675567627,11.59416675567627,ok
LA_D_9460592,-12.3745698928833,-12.3745698928833,ok
LA_D_9461387,13.512141227722168,13.512141227722168,ok
LA_D_9462148,14.529118537902832,14.529118537902832,ok
LA_D_9462251,13.04227352142334,13.04227352142334,ok
LA_D_9462541,14.413769721984863,14.413769721984863,ok
LA_D_9465062,9.853266716003418,9.853266716003418,ok
LA_D_9465126,20.241931915283203,20.241931915283203,ok
LA_D_9465829,5.057806491851807,5.057806491851807,ok
LA_D_9467702,7.279586315155029,7.279586315155029,ok
LA_D_9467977,12.115019798278809,12.115019798278809,ok
LA_D_9468171,15.723319053649902,15.723319053649902,ok
LA_D_9468782,16.162052154541016,16.162052154541016,ok
LA_D_9469645,15.840839385986328,15.840839385986328,ok
LA_D_9469817,11.233053207397461,11.233053207397461,ok
LA_D_9469910,14.92085075378418,14.92085075378418,ok
LA_D_9470738,11.731720924377441,11.731720924377441,ok
LA_D_9471952,-15.656778335571289,-15.656778335571289,ok
LA_D_9472346,11.085386276245117,11.085386276245117,ok
LA_D_9473113,13.760138511657715,13.760138511657715,ok
LA_D_9474750,15.771395683288574,15.771395683288574,ok
LA_D_9475102,-14.117023468017578,-14.117023468017578,ok
LA_D_9477146,11.377013206481934,11.377013206481934,ok
LA_D_9477633,18.6442813873291,18.6442813873291,ok
LA_D_9478484,9.748233795166016,9.748233795166016,ok
LA_D_9478492,15.666081428527832,15.666081428527832,ok
LA_D_9478591,10.550481796264648,10.550481796264648,ok
LA_D_9480023,-13.82700252532959,-13.82700252532959,ok
LA_D_9481030,11.655491828918457,11.655491828918457,ok
LA_D_9481908,18.544178009033203,18.544178009033203,ok
LA_D_9482946,15.464425086975098,15.464425086975098,ok
LA_D_9486157,10.808316230773926,10.808316230773926,ok
LA_D_9486751,15.578346252441406,15.578346252441406,ok
LA_D_9486895,11.213523864746094,11.213523864746094,ok
LA_D_9487961,-15.299052238464355,-15.299052238464355,ok
LA_D_9488774,11.849806785583496,11.849806785583496,ok
LA_D_9489571,9.792536735534668,9.792536735534668,ok
LA_D_9489838,4.656862258911133,4.656862258911133,ok
LA_D_9490122,15.099299430847168,15.099299430847168,ok
LA_D_9491192,17.64469337463379,17.64469337463379,ok
LA_D_9491341,20.714967727661133,20.714967727661133,ok
LA_D_9492240,12.469573020935059,12.469573020935059,ok
LA_D_9492715,11.501458168029785,11.501458168029785,ok
LA_D_9493111,12.764609336853027,12.764609336853027,ok
LA_D_9493572,12.848331451416016,12.848331451416016,ok
LA_D_9495235,13.913081169128418,13.913081169128418,ok
LA_D_9496441,-11.303948402404785,-11.303948402404785,ok
LA_D_9497637,14.359732627868652,14.359732627868652,ok
LA_D_9498483,12.538557052612305,12.538557052612305,ok
LA_D_9499149,17.863492965698242,17.863492965698242,ok
LA_D_9499849,15.800485610961914,15.800485610961914,ok
LA_D_9500158,11.02558422088623,11.02558422088623,ok
LA_D_9500692,16.331626892089844,16.331626892089844,ok
LA_D_9502258,-13.342086791992188,-13.342086791992188,ok
LA_D_9502397,13.152970314025879,13.152970314025879,ok
LA_D_9502607,11.043536186218262,11.043536186218262,ok
LA_D_9502718,14.997371673583984,14.997371673583984,ok
LA_D_9504862,15.206056594848633,15.206056594848633,ok
LA_D_9505564,8.501118659973145,8.501118659973145,ok
LA_D_9505772,14.282790184020996,14.282790184020996,ok
LA_D_9506213,15.7640962600708,15.7640962600708,ok
LA_D_9506978,9.547896385192871,9.547896385192871,ok
LA_D_9507060,12.500214576721191,12.500214576721191,ok
LA_D_9508570,-13.260323524475098,-13.260323524475098,ok
LA_D_9509498,13.66301441192627,13.66301441192627,ok
LA_D_9512174,-14.249214172363281,-14.249214172363281,ok
LA_D_9513156,-12.421692848205566,-12.421692848205566,ok
LA_D_9514185,15.286847114562988,15.286847114562988,ok
LA_D_9515513,6.794191360473633,6.794191360473633,ok
LA_D_9516537,13.895469665527344,13.895469665527344,ok
LA_D_9517355,11.384878158569336,11.384878158569336,ok
LA_D_9517810,18.053434371948242,18.053434371948242,ok
LA_D_9520076,18.566495895385742,18.566495895385742,ok
LA_D_9520422,20.3044376373291,20.3044376373291,ok
LA_D_9520709,20.130659103393555,20.130659103393555,ok
LA_D_9521538,13.196478843688965,13.196478843688965,ok
LA_D_9523504,-14.502062797546387,-14.502062797546387,ok
LA_D_9523755,17.212621688842773,17.212621688842773,ok
LA_D_9523778,12.017195701599121,12.017195701599121,ok
LA_D_9525782,14.105286598205566,14.105286598205566,ok
LA_D_9525819,19.48871421813965,19.48871421813965,ok
LA_D_9526073,11.51572322845459,11.51572322845459,ok
LA_D_9526782,15.764222145080566,15.764222145080566,ok
LA_D_9526919,14.15584945678711,14.15584945678711,ok
LA_D_9528207,13.506085395812988,13.506085395812988,ok
LA_D_9528402,7.908141613006592,7.908141613006592,ok
LA_D_9529199,14.507061004638672,14.507061004638672,ok
LA_D_9530100,13.281268119812012,13.281268119812012,ok
LA_D_9530210,11.457283973693848,11.457283973693848,ok
LA_D_9531450,-12.368195533752441,-12.368195533752441,ok
LA_D_9533572,12.202441215515137,12.202441215515137,ok
LA_D_9535689,13.478943824768066,13.478943824768066,ok
LA_D_9535722,3.1730198860168457,3.1730198860168457,ok
LA_D_9537226,13.219161033630371,13.219161033630371,ok
LA_D_9537289,14.430962562561035,14.430962562561035,ok
LA_D_9538442,9.436700820922852,9.436700820922852,ok
LA_D_9540047,14.397662162780762,14.397662162780762,ok
LA_D_9546041,13.388520240783691,13.388520240783691,ok
LA_D_9548811,15.11740779876709,15.11740779876709,ok
LA_D_9548980,12.605237007141113,12.605237007141113,ok
LA_D_9549420,12.680583953857422,12.680583953857422,ok
LA_D_9549607,-15.799702644348145,-15.799702644348145,ok
LA_D_9549616,17.26113510131836,17.26113510131836,ok
LA_D_9550638,11.101587295532227,11.101587295532227,ok
LA_D_9551181,14.127580642700195,14.127580642700195,ok
LA_D_9551821,16.243738174438477,16.243738174438477,ok
LA_D_9551852,11.829941749572754,11.829941749572754,ok
LA_D_9552029,10.184854507446289,10.184854507446289,ok
LA_D_9552252,12.142241477966309,12.142241477966309,ok
LA_D_9553311,18.363401412963867,18.363401412963867,ok
LA_D_9553419,10.754260063171387,10.754260063171387,ok
LA_D_9554132,-13.679665565490723,-13.679665565490723,ok
LA_D_9556143,20.47446060180664,20.47446060180664,ok
LA_D_9556871,15.50951099395752,15.50951099395752,ok
LA_D_9557117,-13.884278297424316,-13.884278297424316,ok
LA_D_9557863,10.364349365234375,10.364349365234375,ok
LA_D_9559894,18.3259334564209,18.3259334564209,ok
LA_D_9560177,13.902085304260254,13.902085304260254,ok
LA_D_9560631,13.883269309997559,13.883269309997559,ok
LA_D_9561057,-11.011622428894043,-11.011622428894043,ok
LA_D_9562015,11.555449485778809,11.555449485778809,ok
LA_D_9562412,16.71397590637207,16.71397590637207,ok
LA_D_9562489,16.054609298706055,16.054609298706055,ok
LA_D_9563138,15.293450355529785,15.293450355529785,ok
LA_D_9566347,16.35353660583496,16.35353660583496,ok
LA_D_9566824,13.469526290893555,13.469526290893555,ok
LA_D_9567593,-16.018699645996094,-16.018699645996094,ok
LA_D_9567658,12.806082725524902,12.806082725524902,ok
LA_D_9568708,16.095069885253906,16.095069885253906,ok
LA_D_9568749,-12.282596588134766,-12.282596588134766,ok
LA_D_9571982,14.019274711608887,14.019274711608887,ok
LA_D_9572182,10.246488571166992,10.246488571166992,ok
LA_D_9573200,14.723532676696777,14.723532676696777,ok
LA_D_9577103,11.680224418640137,11.680224418640137,ok
LA_D_9578667,13.219328880310059,13.219328880310059,ok
LA_D_9579813,21.2879581451416,21.2879581451416,ok
LA_D_9579816,11.939996719360352,11.939996719360352,ok
LA_D_9580426,-12.288437843322754,-12.288437843322754,ok
LA_D_9581294,15.951154708862305,15.951154708862305,ok
LA_D_9581321,15.806602478027344,15.806602478027344,ok
LA_D_9581870,14.919148445129395,14.919148445129395,ok
LA_D_9582133,10.716301918029785,10.716301918029785,ok
LA_D_9582158,14.7780179977417,14.7780179977417,ok
LA_D_9582658,12.221726417541504,12.221726417541504,ok
LA_D_9582754,10.438517570495605,10.438517570495605,ok
LA_D_9583786,18.039440155029297,18.039440155029297,ok
LA_D_9584747,13.405756950378418,13.405756950378418,ok
LA_D_9584769,16.627233505249023,16.627233505249023,ok
LA_D_9585648,13.097607612609863,13.097607612609863,ok
LA_D_9585808,14.378622055053711,14.378622055053711,ok
LA_D_9585951,11.579740524291992,11.579740524291992,ok
LA_D_9587443,13.811878204345703,13.811878204345703,ok
LA_D_9588548,14.242955207824707,14.242955207824707,ok
LA_D_9588984,20.473905563354492,20.473905563354492,ok
LA_D_9589501,17.22690773010254,17.22690773010254,ok
LA_D_9594281,12.64632511138916,12.64632511138916,ok
LA_D_9594600,15.004673957824707,15.004673957824707,ok
LA_D_9594921,16.590511322021484,16.590511322021484,ok
LA_D_9596234,3.05875825881958,3.05875825881958,ok
LA_D_9596640,17.194189071655273,17.194189071655273,ok
LA_D_9596658,9.562138557434082,9.562138557434082,ok
LA_D_9597218,13.642056465148926,13.642056465148926,ok
LA_D_9600050,9.40794849395752,9.40794849395752,ok
LA_D_9600169,15.14844799041748,15.14844799041748,ok
LA_D_9600380,6.092650890350342,6.092650890350342,ok
LA_D_9602909,11.27292537689209,11.27292537689209,ok
LA_D_9603070,15.87232494354248,15.87232494354248,ok
LA_D_9603314,17.862821578979492,17.862821578979492,ok
LA_D_9603327,18.70966339111328,18.70966339111328,ok
LA_D_9603838,6.304948329925537,6.304948329925537,ok
LA_D_9604838,15.29695987701416,15.29695987701416,ok
LA_D_9604966,14.269695281982422,14.269695281982422,ok
LA_D_9605437,8.29818344116211,8.29818344116211,ok
LA_D_9605797,13.66862964630127,13.66862964630127,ok
LA_D_9606397,10.58056640625,10.58056640625,ok
LA_D_9608815,16.14677619934082,16.14677619934082,ok
LA_D_9609174,16.698978424072266,16.698978424072266,ok
LA_D_9611936,10.417587280273438,10.417587280273438,ok
LA_D_9614451,19.48157501220703,19.48157501220703,ok
LA_D_9615736,11.161978721618652,11.161978721618652,ok
LA_D_9616032,15.865134239196777,15.865134239196777,ok
LA_D_9616817,20.277841567993164,20.277841567993164,ok
LA_D_9618467,14.822098731994629,14.822098731994629,ok
LA_D_9619214,19.596967697143555,19.596967697143555,ok
LA_D_9620140,10.7722749710083,10.7722749710083,ok
LA_D_9621176,11.294072151184082,11.294072151184082,ok
LA_D_9623720,-13.9428129196167,-13.9428129196167,ok
LA_D_9623958,15.566146850585938,15.566146850585938,ok
LA_D_9625091,12.747519493103027,12.747519493103027,ok
LA_D_9626068,14.053053855895996,14.053053855895996,ok
LA_D_9626571,12.777212142944336,12.777212142944336,ok
LA_D_9626758,15.770003318786621,15.770003318786621,ok
LA_D_9627075,10.338496208190918,10.338496208190918,ok
LA_D_9627529,15.507880210876465,15.507880210876465,ok
LA_D_9628041,16.351869583129883,16.351869583129883,ok
LA_D_9633618,12.810456275939941,12.810456275939941,ok
LA_D_9633851,17.07648277282715,17.07648277282715,ok
LA_D_9634003,8.781259536743164,8.781259536743164,ok
LA_D_9634838,12.01701545715332,12.01701545715332,ok
LA_D_9635044,8.359234809875488,8.359234809875488,ok
LA_D_9635349,8.843987464904785,8.843987464904785,ok
LA_D_9635881,13.741009712219238,13.741009712219238,ok
LA_D_9636629,13.922911643981934,13.922911643981934,ok
LA_D_9636836,16.1136474609375,16.1136474609375,ok
LA_D_9637098,10.063623428344727,10.063623428344727,ok
LA_D_9638872,15.461387634277344,15.461387634277344,ok
LA_D_9641365,12.65548324584961,12.65548324584961,ok
LA_D_9641985,15.261926651000977,15.261926651000977,ok
LA_D_9642534,16.205020904541016,16.205020904541016,ok
LA_D_9642537,18.92407989501953,18.92407989501953,ok
LA_D_9642966,12.795989036560059,12.795989036560059,ok
LA_D_9643063,13.853093147277832,13.853093147277832,ok
LA_D_9643639,15.251051902770996,15.251051902770996,ok
LA_D_9643751,16.95864486694336,16.95864486694336,ok
LA_D_9643872,15.343388557434082,15.343388557434082,ok
LA_D_9643882,24.47777557373047,24.47777557373047,ok
LA_D_9644491,19.093250274658203,19.093250274658203,ok
LA_D_9645223,14.651389122009277,14.651389122009277,ok
LA_D_9645639,17.80946922302246,17.80946922302246,ok
LA_D_9646150,11.273791313171387,11.273791313171387,ok
LA_D_9646445,13.311286926269531,13.311286926269531,ok
LA_D_9646573,15.107695579528809,15.107695579528809,ok
LA_D_9646701,12.201911926269531,12.201911926269531,ok
LA_D_9646783,14.168457984924316,14.168457984924316,ok
LA_D_9648082,13.011187553405762,13.011187553405762,ok
LA_D_9648319,12.876603126525879,12.876603126525879,ok
LA_D_9649054,9.645506858825684,9.645506858825684,ok
LA_D_9649342,15.063721656799316,15.063721656799316,ok
LA_D_9650472,12.403579711914062,12.403579711914062,ok
LA_D_9652293,14.79166316986084,14.79166316986084,ok
LA_D_9652883,14.91006851196289,14.91006851196289,ok
LA_D_9654133,14.589472770690918,14.589472770690918,ok
LA_D_9654253,14.325102806091309,14.325102806091309,ok
LA_D_9654635,7.554318428039551,7.554318428039551,ok
LA_D_9655429,11.378125190734863,11.378125190734863,ok
LA_D_9657295,14.707074165344238,14.707074165344238,ok
LA_D_9657561,11.086176872253418,11.086176872253418,ok
LA_D_9658574,15.305142402648926,15.305142402648926,ok
LA_D_9659279,12.905996322631836,12.905996322631836,ok
LA_D_9660901,13.295681953430176,13.295681953430176,ok
LA_D_9661949,14.30311393737793,14.30311393737793,ok
LA_D_9662465,17.85930061340332,17.85930061340332,ok
LA_D_9662606,13.757739067077637,13.757739067077637,ok
LA_D_9662796,16.990060806274414,16.990060806274414,ok
LA_D_9663298,13.710306167602539,13.710306167602539,ok
LA_D_9663682,16.123445510864258,16.123445510864258,ok
LA_D_9663907,14.466513633728027,14.466513633728027,ok
LA_D_9663993,13.575804710388184,13.575804710388184,ok
LA_D_9664656,-16.3763427734375,-16.3763427734375,ok
LA_D_9664872,17.066463470458984,17.066463470458984,ok
LA_D_9665377,15.593605995178223,15.593605995178223,ok
LA_D_9666900,15.554880142211914,15.554880142211914,ok
LA_D_9667586,16.23765754699707,16.23765754699707,ok
LA_D_9668611,-12.426172256469727,-12.426172256469727,ok
LA_D_9670204,11.885872840881348,11.885872840881348,ok
LA_D_9670462,15.70287799835205,15.70287799835205,ok
LA_D_9672147,13.138863563537598,13.138863563537598,ok
LA_D_9672169,16.979904174804688,16.979904174804688,ok
LA_D_9672244,13.49590015411377,13.49590015411377,ok
LA_D_9672991,10.565764427185059,10.565764427185059,ok
LA_D_9674319,15.869311332702637,15.869311332702637,ok
LA_D_9676279,11.90888786315918,11.90888786315918,ok
LA_D_9676445,-12.739838600158691,-12.739838600158691,ok
LA_D_9676810,12.247204780578613,12.247204780578613,ok
LA_D_9678259,10.55726432800293,10.55726432800293,ok
LA_D_9678415,12.809351921081543,12.809351921081543,ok
LA_D_9678633,15.551447868347168,15.551447868347168,ok
LA_D_9685224,11.117341995239258,11.117341995239258,ok
LA_D_9685348,-15.728687286376953,-15.728687286376953,ok
LA_D_9685772,16.785921096801758,16.785921096801758,ok
LA_D_9685992,17.271997451782227,17.271997451782227,ok
LA_D_9686807,13.864624977111816,13.864624977111816,ok
LA_D_9686838,4.172781467437744,4.172781467437744,ok
LA_D_9686921,15.08830738067627,15.08830738067627,ok
LA_D_9687836,13.276068687438965,13.276068687438965,ok
LA_D_9688839,15.669025421142578,15.669025421142578,ok
LA_D_9689602,15.968093872070312,15.968093872070312,ok
LA_D_9693082,17.810056686401367,17.810056686401367,ok
LA_D_9694196,10.145148277282715,10.145148277282715,ok
LA_D_9694827,13.598785400390625,13.598785400390625,ok
LA_D_9695420,12.930569648742676,12.930569648742676,ok
LA_D_9695805,13.941113471984863,13.941113471984863,ok
LA_D_9696008,12.147944450378418,12.147944450378418,ok
LA_D_9696470,12.699273109436035,12.699273109436035,ok
LA_D_9697274,9.707971572875977,9.707971572875977,ok
LA_D_9697323,16.350624084472656,16.350624084472656,ok
LA_D_9698818,11.97870922088623,11.97870922088623,ok
LA_D_9699074,19.11372184753418,19.11372184753418,ok
LA_D_9699768,12.412116050720215,12.412116050720215,ok
LA_D_9700666,-14.695571899414062,-14.695571899414062,ok
LA_D_9701184,11.003642082214355,11.003642082214355,ok
LA_D_9701451,19.483434677124023,19.483434677124023,ok
LA_D_9701877,14.592759132385254,14.592759132385254,ok
LA_D_9704240,15.03563117980957,15.03563117980957,ok
LA_D_9706008,14.845773696899414,14.845773696899414,ok
LA_D_9708825,16.3936824798584,16.3936824798584,ok
LA_D_9708860,21.586593627929688,21.586593627929688,ok
LA_D_9708909,15.078804969787598,15.078804969787598,ok
LA_D_9709000,17.679147720336914,17.679147720336914,ok
LA_D_9710466,9.164080619812012,9.164080619812012,ok
LA_D_9710580,14.145852088928223,14.145852088928223,ok
LA_D_9711707,11.848998069763184,11.848998069763184,ok
LA_D_9711980,6.940584659576416,6.940584659576416,ok
LA_D_9712952,13.945320129394531,13.945320129394531,ok
LA_D_9714161,15.50197982788086,15.50197982788086,ok
LA_D_9715092,13.900161743164062,13.900161743164062,ok
LA_D_9716462,15.2788724899292,15.2788724899292,ok
LA_D_9716895,-14.278414726257324,-14.278414726257324,ok
LA_D_9717176,13.711380958557129,13.711380958557129,ok
LA_D_9718892,11.580248832702637,11.580248832702637,ok
LA_D_9719597,15.35695743560791,15.35695743560791,ok
LA_D_9721837,11.490267753601074,11.490267753601074,ok
LA_D_9721880,12.758440971374512,12.758440971374512,ok
LA_D_9722220,15.130448341369629,15.130448341369629,ok
LA_D_9723269,26.11844253540039,26.11844253540039,ok
LA_D_9723493,-13.11075496673584,-13.11075496673584,ok
LA_D_9723855,18.047103881835938,18.047103881835938,ok
LA_D_9724620,15.476176261901855,15.476176261901855,ok
LA_D_9724900,10.3937406539917,10.3937406539917,ok
LA_D_9726070,13.703859329223633,13.703859329223633,ok
LA_D_9728117,19.045915603637695,19.045915603637695,ok
LA_D_9728878,15.319504737854004,15.319504737854004,ok
LA_D_9728978,15.502859115600586,15.502859115600586,ok
LA_D_9729287,14.114298820495605,14.114298820495605,ok
LA_D_9729483,17.853763580322266,17.853763580322266,ok
LA_D_9729864,14.516209602355957,14.516209602355957,ok
LA_D_9730987,12.61058521270752,12.61058521270752,ok
LA_D_9731339,14.89777660369873,14.89777660369873,ok
LA_D_9731600,12.1159029006958,12.1159029006958,ok
LA_D_9731820,12.902149200439453,12.902149200439453,ok
LA_D_9731844,21.783552169799805,21.783552169799805,ok
LA_D_9732180,18.880250930786133,18.880250930786133,ok
LA_D_9732198,13.811182975769043,13.811182975769043,ok
LA_D_9732268,12.231163024902344,12.231163024902344,ok
LA_D_9732908,11.385415077209473,11.385415077209473,ok
LA_D_9733347,16.463945388793945,16.463945388793945,ok
LA_D_9733678,12.921558380126953,12.921558380126953,ok
LA_D_9734224,13.800766944885254,13.800766944885254,ok
LA_D_9734297,18.056867599487305,18.056867599487305,ok
LA_D_9735127,14.869616508483887,14.869616508483887,ok
LA_D_9735207,18.2924747467041,18.2924747467041,ok
LA_D_9735621,11.846471786499023,11.846471786499023,ok
LA_D_9735662,12.902813911437988,12.902813911437988,ok
LA_D_9736602,11.1027193069458,11.1027193069458,ok
LA_D_9737680,12.247048377990723,12.247048377990723,ok
LA_D_9737719,-13.638559341430664,-13.638559341430664,ok
LA_D_9738587,13.5990629196167,13.5990629196167,ok
LA_D_9739074,16.87249183654785,16.87249183654785,ok
LA_D_9739801,13.945267677307129,13.945267677307129,ok
LA_D_9740097,17.565216064453125,17.565216064453125,ok
LA_D_9741299,14.767682075500488,14.767682075500488,ok
LA_D_9743828,14.981388092041016,14.981388092041016,ok
LA_D_9744441,14.422560691833496,14.422560691833496,ok
LA_D_9745303,10.679217338562012,10.679217338562012,ok
LA_D_9747113,12.486666679382324,12.486666679382324,ok
LA_D_9747140,9.477291107177734,9.477291107177734,ok
LA_D_9747652,14.531805038452148,14.531805038452148,ok
LA_D_9748213,16.836734771728516,16.836734771728516,ok
LA_D_9749510,12.138858795166016,12.138858795166016,ok
LA_D_9750223,-11.90350341796875,-11.90350341796875,ok
LA_D_9751462,15.031983375549316,15.031983375549316,ok
LA_D_9751873,13.79422378540039,13.79422378540039,ok
LA_D_9752133,14.580758094787598,14.580758094787598,ok
LA_D_9752146,-15.281569480895996,-15.281569480895996,ok
LA_D_9753113,16.772319793701172,16.772319793701172,ok
LA_D_9754579,14.679220199584961,14.679220199584961,ok
LA_D_9754615,12.229048728942871,12.229048728942871,ok
LA_D_9755028,11.773831367492676,11.773831367492676,ok
LA_D_9755271,14.735750198364258,14.735750198364258,ok
LA_D_9756685,11.364477157592773,11.364477157592773,ok
LA_D_9758147,-14.311009407043457,-14.311009407043457,ok
LA_D_9758752,9.707711219787598,9.707711219787598,ok
LA_D_9759074,13.516918182373047,13.516918182373047,ok
LA_D_9759473,14.300469398498535,14.300469398498535,ok
LA_D_9761317,14.100729942321777,14.100729942321777,ok
LA_D_9763964,11.532602310180664,11.532602310180664,ok
LA_D_9764249,12.751568794250488,12.751568794250488,ok
LA_D_9764287,8.875114440917969,8.875114440917969,ok
LA_D_9765329,17.79874610900879,17.79874610900879,ok
LA_D_9765860,12.285348892211914,12.285348892211914,ok
LA_D_9767258,16.590993881225586,16.590993881225586,ok
LA_D_9767344,14.894576072692871,14.894576072692871,ok
LA_D_9768291,14.15116024017334,14.15116024017334,ok
LA_D_9769587,9.396465301513672,9.396465301513672,ok
LA_D_9769935,10.561284065246582,10.561284065246582,ok
LA_D_9770193,12.170515060424805,12.170515060424805,ok
LA_D_9770836,13.0703125,13.0703125,ok
LA_D_9773809,8.93397045135498,8.93397045135498,ok
LA_D_9774174,14.898327827453613,14.898327827453613,ok
LA_D_9774358,11.515457153320312,11.515457153320312,ok
LA_D_9774744,14.44193172454834,14.44193172454834,ok
LA_D_9774871,18.853506088256836,18.853506088256836,ok
LA_D_9774959,14.631697654724121,14.631697654724121,ok
LA_D_9775592,12.921202659606934,12.921202659606934,ok
LA_D_9777627,12.30945110321045,12.30945110321045,ok
LA_D_9777735,12.029899597167969,12.029899597167969,ok
LA_D_9779319,14.476285934448242,14.476285934448242,ok
LA_D_9779377,12.860934257507324,12.860934257507324,ok
LA_D_9779978,12.863459587097168,12.863459587097168,ok
LA_D_9780696,-12.558621406555176,-12.558621406555176,ok
LA_D_9781045,13.363411903381348,13.363411903381348,ok
LA_D_9782269,-11.565491676330566,-11.565491676330566,ok
LA_D_9783307,17.597030639648438,17.597030639648438,ok
LA_D_9783743,18.095441818237305,18.095441818237305,ok
LA_D_9784167,13.824223518371582,13.824223518371582,ok
LA_D_9784942,15.076397895812988,15.076397895812988,ok
LA_D_9785421,14.228829383850098,14.228829383850098,ok
LA_D_9786409,16.352375030517578,16.352375030517578,ok
LA_D_9786796,7.997398853302002,7.997398853302002,ok
LA_D_9787469,13.7313871383667,13.7313871383667,ok
LA_D_9788709,12.053911209106445,12.053911209106445,ok
LA_D_9789005,12.092157363891602,12.092157363891602,ok
LA_D_9790131,13.178244590759277,13.178244590759277,ok
LA_D_9791741,14.379717826843262,14.379717826843262,ok
LA_D_9793079,13.883136749267578,13.883136749267578,ok
LA_D_9793796,17.14929962158203,17.14929962158203,ok
LA_D_9794955,13.00401782989502,13.00401782989502,ok
LA_D_9795514,14.314688682556152,14.314688682556152,ok
LA_D_9795685,12.73621940612793,12.73621940612793,ok
LA_D_9798074,9.73851490020752,9.73851490020752,ok
LA_D_9798672,13.879363059997559,13.879363059997559,ok
LA_D_9800072,11.63571548461914,11.63571548461914,ok
LA_D_9801638,7.2070512771606445,7.2070512771606445,ok
LA_D_9801886,17.6302433013916,17.6302433013916,ok
LA_D_9802861,13.865850448608398,13.865850448608398,ok
LA_D_9803207,13.792662620544434,13.792662620544434,ok
LA_D_9804348,13.974677085876465,13.974677085876465,ok
LA_D_9805942,8.751974105834961,8.751974105834961,ok
LA_D_9806222,15.138579368591309,15.138579368591309,ok
LA_D_9806272,12.625923156738281,12.625923156738281,ok
LA_D_9806570,17.648653030395508,17.648653030395508,ok
LA_D_9808110,13.28369426727295,13.28369426727295,ok
LA_D_9808634,19.326404571533203,19.326404571533203,ok
LA_D_9809223,14.84990406036377,14.84990406036377,ok
LA_D_9809504,8.007259368896484,8.007259368896484,ok
LA_D_9810869,18.239748001098633,18.239748001098633,ok
LA_D_9810987,15.480799674987793,15.480799674987793,ok
LA_D_9812523,3.327479362487793,3.327479362487793,ok
LA_D_9812702,-2.907005548477173,-2.907005548477173,ok
LA_D_9812727,13.777650833129883,13.777650833129883,ok
LA_D_9813759,12.692768096923828,12.692768096923828,ok
LA_D_9813801,16.066213607788086,16.066213607788086,ok
LA_D_9814205,13.654483795166016,13.654483795166016,ok
LA_D_9815062,14.111200332641602,14.111200332641602,ok
LA_D_9815112,14.485030174255371,14.485030174255371,ok
LA_D_9815485,15.026734352111816,15.026734352111816,ok
LA_D_9816404,10.980448722839355,10.980448722839355,ok
LA_D_9818011,13.429579734802246,13.429579734802246,ok
LA_D_9818781,2.28143310546875,2.28143310546875,ok
LA_D_9819662,10.929518699645996,10.929518699645996,ok
LA_D_9819790,11.766125679016113,11.766125679016113,ok
LA_D_9819813,6.439929485321045,6.439929485321045,ok
LA_D_9820486,1.1479188203811646,1.1479188203811646,ok
LA_D_9820995,19.222341537475586,19.222341537475586,ok
LA_D_9821371,8.968217849731445,8.968217849731445,ok
LA_D_9821680,12.390167236328125,12.390167236328125,ok
LA_D_9821908,-12.736268997192383,-12.736268997192383,ok
LA_D_9824861,17.148900985717773,17.148900985717773,ok
LA_D_9825451,13.101649284362793,13.101649284362793,ok
LA_D_9826388,12.273995399475098,12.273995399475098,ok
LA_D_9826800,8.387025833129883,8.387025833129883,ok
LA_D_9827463,11.888348579406738,11.888348579406738,ok
LA_D_9828928,16.49733543395996,16.49733543395996,ok
LA_D_9829234,10.914863586425781,10.914863586425781,ok
LA_D_9829627,14.946864128112793,14.946864128112793,ok
LA_D_9830830,15.150727272033691,15.150727272033691,ok
LA_D_9831077,18.260025024414062,18.260025024414062,ok
LA_D_9831804,9.388567924499512,9.388567924499512,ok
LA_D_9834151,17.22121810913086,17.22121810913086,ok
LA_D_9834938,-14.427657127380371,-14.427657127380371,ok
LA_D_9835448,14.93587589263916,14.93587589263916,ok
LA_D_9836225,15.580376625061035,15.580376625061035,ok
LA_D_9836992,10.15100383758545,10.15100383758545,ok
LA_D_9837343,12.809605598449707,12.809605598449707,ok
LA_D_9838599,8.879995346069336,8.879995346069336,ok
LA_D_9840935,16.474210739135742,16.474210739135742,ok
LA_D_9841321,-13.739086151123047,-13.739086151123047,ok
LA_D_9841488,14.560441017150879,14.560441017150879,ok
LA_D_9841709,16.895475387573242,16.895475387573242,ok
LA_D_9841868,-14.841897010803223,-14.841897010803223,ok
LA_D_9842180,15.989640235900879,15.989640235900879,ok
LA_D_9843427,-4.619103908538818,-4.619103908538818,ok
LA_D_9843659,14.935638427734375,14.935638427734375,ok
LA_D_9845352,20.016141891479492,20.016141891479492,ok
LA_D_9847737,17.364608764648438,17.364608764648438,ok
LA_D_9848935,15.5992431640625,15.5992431640625,ok
LA_D_9849984,12.13896369934082,12.13896369934082,ok
LA_D_9850214,9.282271385192871,9.282271385192871,ok
LA_D_9851124,12.3705415725708,12.3705415725708,ok
LA_D_9851827,-0.6736290454864502,-0.6736290454864502,ok
LA_D_9853601,10.92737865447998,10.92737865447998,ok
LA_D_9856117,15.466490745544434,15.466490745544434,ok
LA_D_9856127,-14.800028800964355,-14.800028800964355,ok
LA_D_9858647,12.82022476196289,12.82022476196289,ok
LA_D_9859179,14.086353302001953,14.086353302001953,ok
LA_D_9860564,16.542455673217773,16.542455673217773,ok
LA_D_9861473,13.79569149017334,13.79569149017334,ok
LA_D_9862938,14.78851318359375,14.78851318359375,ok
LA_D_9863362,14.064133644104004,14.064133644104004,ok
LA_D_9863423,14.770877838134766,14.770877838134766,ok
LA_D_9864113,-12.256731986999512,-12.256731986999512,ok
LA_D_9864384,15.962923049926758,15.962923049926758,ok
LA_D_9864516,12.139233589172363,12.139233589172363,ok
LA_D_9864602,5.056648254394531,5.056648254394531,ok
LA_D_9864604,13.234267234802246,13.234267234802246,ok
LA_D_9865644,18.070966720581055,18.070966720581055,ok
LA_D_9871071,14.890129089355469,14.890129089355469,ok
LA_D_9871744,15.181654930114746,15.181654930114746,ok
LA_D_9871974,13.622891426086426,13.622891426086426,ok
LA_D_9872046,12.632487297058105,12.632487297058105,ok
LA_D_9872925,16.96891975402832,16.96891975402832,ok
LA_D_9873135,16.798641204833984,16.798641204833984,ok
LA_D_9874897,-14.735064506530762,-14.735064506530762,ok
LA_D_9875362,-6.83964204788208,-6.83964204788208,ok
LA_D_9876012,16.409778594970703,16.409778594970703,ok
LA_D_9877194,-12.51380443572998,-12.51380443572998,ok
LA_D_9877979,16.61812973022461,16.61812973022461,ok
LA_D_9878419,13.373835563659668,13.373835563659668,ok
LA_D_9878596,9.458313941955566,9.458313941955566,ok
LA_D_9879056,12.279728889465332,12.279728889465332,ok
LA_D_9880830,10.333815574645996,10.333815574645996,ok
LA_D_9881093,12.228407859802246,12.228407859802246,ok
LA_D_9881103,10.933027267456055,10.933027267456055,ok
LA_D_9883591,-14.777047157287598,-14.777047157287598,ok
LA_D_9883916,20.464542388916016,20.464542388916016,ok
LA_D_9885280,11.934269905090332,11.934269905090332,ok
LA_D_9885320,16.522804260253906,16.522804260253906,ok
LA_D_9885994,16.627201080322266,16.627201080322266,ok
LA_D_9887916,9.859272956848145,9.859272956848145,ok
LA_D_9887992,11.68639087677002,11.68639087677002,ok
LA_D_9888091,17.39679527282715,17.39679527282715,ok
LA_D_9888937,15.202242851257324,15.202242851257324,ok
LA_D_9890472,8.663372039794922,8.663372039794922,ok
LA_D_9891140,-13.847427368164062,-13.847427368164062,ok
LA_D_9891231,13.327231407165527,13.327231407165527,ok
LA_D_9891401,12.220179557800293,12.220179557800293,ok
LA_D_9892838,8.637208938598633,8.637208938598633,ok
LA_D_9893649,13.215670585632324,13.215670585632324,ok
LA_D_9895494,12.694684028625488,12.694684028625488,ok
LA_D_9895969,15.356661796569824,15.356661796569824,ok
LA_D_9896805,17.250139236450195,17.250139236450195,ok
LA_D_9896820,16.952953338623047,16.952953338623047,ok
LA_D_9897142,-12.942021369934082,-12.942021369934082,ok
LA_D_9897238,13.413552284240723,13.413552284240723,ok
LA_D_9897452,-13.062962532043457,-13.062962532043457,ok
LA_D_9899632,-15.14499568939209,-15.14499568939209,ok
LA_D_9899652,12.714011192321777,12.714011192321777,ok
LA_D_9900338,16.90911293029785,16.90911293029785,ok
LA_D_9900800,12.991276741027832,12.991276741027832,ok
LA_D_9902676,12.540831565856934,12.540831565856934,ok
LA_D_9902848,21.058252334594727,21.058252334594727,ok
LA_D_9902912,15.245765686035156,15.245765686035156,ok
LA_D_9903321,13.384480476379395,13.384480476379395,ok
LA_D_9904324,14.091226577758789,14.091226577758789,ok
LA_D_9904500,12.907979965209961,12.907979965209961,ok
LA_D_9904837,18.45478630065918,18.45478630065918,ok
LA_D_9906100,17.845125198364258,17.845125198364258,ok
LA_D_9906845,17.31452751159668,17.31452751159668,ok
LA_D_9907101,15.876670837402344,15.876670837402344,ok
LA_D_9907979,7.879287242889404,7.879287242889404,ok
LA_D_9910047,10.037518501281738,10.037518501281738,ok
LA_D_9911052,14.662046432495117,14.662046432495117,ok
LA_D_9911836,14.558915138244629,14.558915138244629,ok
LA_D_9912384,18.170639038085938,18.170639038085938,ok
LA_D_9912829,13.075987815856934,13.075987815856934,ok
LA_D_9913955,15.874876976013184,15.874876976013184,ok
LA_D_9913960,19.365978240966797,19.365978240966797,ok
LA_D_9914048,10.1477689743042,10.1477689743042,ok
LA_D_9914359,16.84744644165039,16.84744644165039,ok
LA_D_9914468,13.961338996887207,13.961338996887207,ok
LA_D_9915418,9.977700233459473,9.977700233459473,ok
LA_D_9915722,15.756779670715332,15.756779670715332,ok
LA_D_9916763,12.710917472839355,12.710917472839355,ok
LA_D_9917104,-12.772950172424316,-12.772950172424316,ok
LA_D_9918437,14.11804485321045,14.11804485321045,ok
LA_D_9918902,14.380709648132324,14.380709648132324,ok
LA_D_9920299,15.942534446716309,15.942534446716309,ok
LA_D_9920694,15.06707763671875,15.06707763671875,ok
LA_D_9922230,15.165974617004395,15.165974617004395,ok
LA_D_9924653,15.448872566223145,15.448872566223145,ok
LA_D_9924906,-14.55729866027832,-14.55729866027832,ok
LA_D_9925424,11.220844268798828,11.220844268798828,ok
LA_D_9925458,12.035135269165039,12.035135269165039,ok
LA_D_9926375,18.48700523376465,18.48700523376465,ok
LA_D_9926903,14.127254486083984,14.127254486083984,ok
LA_D_9927048,15.693268775939941,15.693268775939941,ok
LA_D_9928370,12.635472297668457,12.635472297668457,ok
LA_D_9928428,13.288285255432129,13.288285255432129,ok
LA_D_9928764,18.9539852142334,18.9539852142334,ok
LA_D_9929271,18.36949348449707,18.36949348449707,ok
LA_D_9930274,22.535940170288086,22.535940170288086,ok
LA_D_9930304,14.046881675720215,14.046881675720215,ok
LA_D_9930845,10.1958589553833,10.1958589553833,ok
LA_D_9931389,13.942641258239746,13.942641258239746,ok
LA_D_9931770,13.948708534240723,13.948708534240723,ok
LA_D_9934126,20.46416664123535,20.46416664123535,ok
LA_D_9934410,17.63092803955078,17.63092803955078,ok
LA_D_9934703,14.285049438476562,14.285049438476562,ok
LA_D_9935431,17.144601821899414,17.144601821899414,ok
LA_D_9935628,14.954840660095215,14.954840660095215,ok
LA_D_9936597,-8.41112232208252,-8.41112232208252,ok
LA_D_9936826,14.55397891998291,14.55397891998291,ok
LA_D_9936838,12.97482967376709,12.97482967376709,ok
LA_D_9936972,17.850767135620117,17.850767135620117,ok
LA_D_9937573,8.484522819519043,8.484522819519043,ok
LA_D_9942200,14.335784912109375,14.335784912109375,ok
LA_D_9942206,11.218535423278809,11.218535423278809,ok
LA_D_9942874,-14.861903190612793,-14.861903190612793,ok
LA_D_9943041,6.445028781890869,6.445028781890869,ok
LA_D_9945037,9.869756698608398,9.869756698608398,ok
LA_D_9945483,12.742426872253418,12.742426872253418,ok
LA_D_9945997,-14.896380424499512,-14.896380424499512,ok
LA_D_9946370,14.972881317138672,14.972881317138672,ok
LA_D_9947625,3.1241793632507324,3.1241793632507324,ok
LA_D_9947726,16.690670013427734,16.690670013427734,ok
LA_D_9948190,15.510869979858398,15.510869979858398,ok
LA_D_9948386,18.163585662841797,18.163585662841797,ok
LA_D_9949656,10.478657722473145,10.478657722473145,ok
LA_D_9950933,14.29454517364502,14.29454517364502,ok
LA_D_9951013,20.40693473815918,20.40693473815918,ok
LA_D_9951144,16.710664749145508,16.710664749145508,ok
LA_D_9951278,14.51250171661377,14.51250171661377,ok
LA_D_9951429,21.577756881713867,21.577756881713867,ok
LA_D_9952661,10.824167251586914,10.824167251586914,ok
LA_D_9953005,18.52591896057129,18.52591896057129,ok
LA_D_9953476,-14.329626083374023,-14.329626083374023,ok
LA_D_9953593,9.946911811828613,9.946911811828613,ok
LA_D_9953716,17.054189682006836,17.054189682006836,ok
LA_D_9953809,13.08665657043457,13.08665657043457,ok
LA_D_9954765,14.483478546142578,14.483478546142578,ok
LA_D_9955162,15.693342208862305,15.693342208862305,ok
LA_D_9955848,8.569985389709473,8.569985389709473,ok
LA_D_9955936,11.044267654418945,11.044267654418945,ok
LA_D_9957063,15.828492164611816,15.828492164611816,ok
LA_D_9958640,11.057649612426758,11.057649612426758,ok
LA_D_9960293,14.100786209106445,14.100786209106445,ok
LA_D_9960664,-15.258705139160156,-15.258705139160156,ok
LA_D_9961107,12.924725532531738,12.924725532531738,ok
LA_D_9962097,10.184882164001465,10.184882164001465,ok
LA_D_9962189,15.858857154846191,15.858857154846191,ok
LA_D_9963628,15.442147254943848,15.442147254943848,ok
LA_D_9963998,14.731616020202637,14.731616020202637,ok
LA_D_9965004,16.13895606994629,16.13895606994629,ok
LA_D_9965111,10.928498268127441,10.928498268127441,ok
LA_D_9965439,-15.012197494506836,-15.012197494506836,ok
LA_D_9965502,10.864947319030762,10.864947319030762,ok
LA_D_9966094,-15.341370582580566,-15.341370582580566,ok
LA_D_9967058,10.76209545135498,10.76209545135498,ok
LA_D_9967133,10.400171279907227,10.400171279907227,ok
LA_D_9967406,16.251134872436523,16.251134872436523,ok
LA_D_9967530,-1.2664316892623901,-1.2664316892623901,ok
LA_D_9968504,15.246149063110352,15.246149063110352,ok
LA_D_9971231,14.564881324768066,14.564881324768066,ok
LA_D_9972110,16.207077026367188,16.207077026367188,ok
LA_D_9972716,10.25339412689209,10.25339412689209,ok
LA_D_9973328,13.332539558410645,13.332539558410645,ok
LA_D_9975936,15.76227855682373,15.76227855682373,ok
LA_D_9977363,17.491992950439453,17.491992950439453,ok
LA_D_9977384,11.466368675231934,11.466368675231934,ok
LA_D_9977709,15.424631118774414,15.424631118774414,ok
LA_D_9978941,13.355729103088379,13.355729103088379,ok
LA_D_9979102,15.626764297485352,15.626764297485352,ok
LA_D_9979957,-13.119002342224121,-13.119002342224121,ok
LA_D_9980325,14.640713691711426,14.640713691711426,ok
LA_D_9980740,-14.72885799407959,-14.72885799407959,ok
LA_D_9980947,17.54689598083496,17.54689598083496,ok
LA_D_9982040,13.110138893127441,13.110138893127441,ok
LA_D_9982181,14.731633186340332,14.731633186340332,ok
LA_D_9982535,10.734173774719238,10.734173774719238,ok
LA_D_9982743,13.108853340148926,13.108853340148926,ok
LA_D_9983276,-7.94451904296875,-7.94451904296875,ok
LA_D_9985005,15.997546195983887,15.997546195983887,ok
LA_D_9985382,14.334364891052246,14.334364891052246,ok
LA_D_9985507,17.365514755249023,17.365514755249023,ok
LA_D_9985554,15.855734825134277,15.855734825134277,ok
LA_D_9986772,16.546058654785156,16.546058654785156,ok
LA_D_9987872,16.785173416137695,16.785173416137695,ok
LA_D_9987878,17.26344108581543,17.26344108581543,ok
LA_D_9988164,15.195298194885254,15.195298194885254,ok
LA_D_9988500,17.317459106445312,17.317459106445312,ok
LA_D_9989022,14.511478424072266,14.511478424072266,ok
LA_D_9989304,13.235668182373047,13.235668182373047,ok
LA_D_9991348,17.667753219604492,17.667753219604492,ok
LA_D_9991657,15.435713768005371,15.435713768005371,ok
LA_D_9991828,11.690839767456055,11.690839767456055,ok
LA_D_9992731,15.767181396484375,15.767181396484375,ok
LA_D_9992816,5.930574417114258,5.930574417114258,ok
LA_D_9993251,17.480539321899414,17.480539321899414,ok
LA_D_9993800,18.831899642944336,18.831899642944336,ok
LA_D_9994046,16.29861831665039,16.29861831665039,ok
LA_D_9995517,14.018041610717773,14.018041610717773,ok
LA_D_9995817,15.17715072631836,15.17715072631836,ok
LA_D_9996165,8.632894515991211,8.632894515991211,ok
LA_D_9996570,-13.505122184753418,-13.505122184753418,ok
LA_D_9997585,12.94560718536377,12.94560718536377,ok
LA_D_9997701,-13.21129322052002,-13.21129322052002,ok
LA_D_9998252,16.06694221496582,16.06694221496582,ok
LA_D_9999204,24.590314865112305,24.590314865112305,ok
LA_D_9999760,17.35930824279785,17.35930824279785,ok
